method,num_images,seed,conf_thres_value,num_points,sampling_mode,near_filtering_strength,near_filtering_quorum,reconstruct_pose_opt,optimisation_iterations,optimisation_neighbourhood,image_mode,num_cameras,gt_eval,use_gt_extrinsics,use_gt_intrinsics,use_gt_points,pose_opt,pose_opt_module,eval_opt,depth_loss_mode,error_opa,depth_lambda,depth_conf_mode,depth_conf_shifted,loss_multiplier,pose_loss_multiplier,choice,dataset,camera_type,copy_mode,val_step,num_steps,colmap_mode,splatting_strategy,camera_src,pcd_src,align_mode,align_glue,shared_camera,keep_backup_cams,random_init,use_ba,feature_extractor,max_ba_iterations,source,series_label_override,dataset_collection,psnr,lpips,ssim,num_GS,eval_rte,eval_rre,depth_l1,depth_abs_rel,quality,avge,real_num_points,file_path,gsplat_file_path,folder,rre,rte,num_aligned,alignment_scale,pred_depth_l1,pred_depth_absrel,pred_depth_rmse,sfm_file_path,input_folder,output_folder,initial_points,failed_sfm_file_path,plot_series,num_images_jitter
colmap,10,42,,135,,,,,0,10,farthestpose,10,GT Eval,,,,Pose Opt,,,,,0.0,,False,1.0,1.0,colmap,bonsai,,,15000,15000,default,MCMC,,,,,Shared Cam,,,,,,gsplat,,indoor,10.370388984680176,0.8212783932685852,0.30286675691604614,140477,0.08342143893241882,9.962593078613281,,,-0.23136991963439196,0.5826828273279314,135,/home/ojab2/work/git/gsplat/results/colmap_outputs/bonsai_2_n10_s42_default_farthestpose_sharedcam_i10_gteval_poseopt_steps15000/stats/val_step14999.json,/home/ojab2/work/git/gsplat/results/colmap_outputs/bonsai_2_n10_s42_default_farthestpose_sharedcam_i10_gteval_poseopt_steps15000/stats/val_step14999.json,bonsai_2_n10_s42_default_farthestpose_sharedcam_i10_gteval_poseopt_steps15000,10.9378,0.183862,4,0.824922,,,,/home/ojab2/work/git/vggt/colmap_outputs/bonsai_2_n10_s42_default_farthestpose_sharedcam/eval_results.json,bonsai_2_n10_s42_default_farthestpose_sharedcam,bonsai_2_n10_s42_default_farthestpose_sharedcam_i10_gteval_poseopt_steps15000_val_step14999.json,135,,colmap | farthestpose,10.0
colmap,10,42,,147,,,,,0,10,farthestpose,10,GT Eval,,,,Pose Opt,,,,,0.0,,False,1.0,1.0,colmap,kitchen,,,15000,15000,default,MCMC,,,,,Shared Cam,,,,,,gsplat,,indoor,13.383953094482422,0.7249969244003296,0.3768191337585449,154749,0.015426966361701488,2.2528326511383057,,,-0.07288316738458325,0.5200976674615805,147,/home/ojab2/work/git/gsplat/results/colmap_outputs/kitchen_2_n10_s42_default_farthestpose_sharedcam_i10_gteval_poseopt_steps15000/stats/val_step14999.json,/home/ojab2/work/git/gsplat/results/colmap_outputs/kitchen_2_n10_s42_default_farthestpose_sharedcam_i10_gteval_poseopt_steps15000/stats/val_step14999.json,kitchen_2_n10_s42_default_farthestpose_sharedcam_i10_gteval_poseopt_steps15000,2.0241,0.026475,5,0.764887,,,,/home/ojab2/work/git/vggt/colmap_outputs/kitchen_2_n10_s42_default_farthestpose_sharedcam/eval_results.json,kitchen_2_n10_s42_default_farthestpose_sharedcam,kitchen_2_n10_s42_default_farthestpose_sharedcam_i10_gteval_poseopt_steps15000_val_step14999.json,147,,colmap | farthestpose,10.0
colmap,10,42,,148,,,,,0,10,farthestpose,10,GT Eval,,,,Pose Opt,,,,,0.0,,False,1.0,1.0,colmap,counter,,,15000,15000,default,MCMC,,,,,Shared Cam,,,,,,gsplat,,indoor,8.503281593322754,0.7939874529838562,0.3814893364906311,154875,0.030917618423700333,2.324471950531006,,,-0.20312160629200565,0.5738630011628034,148,/home/ojab2/work/git/gsplat/results/colmap_outputs/counter_2_n10_s42_default_farthestpose_sharedcam_i10_gteval_poseopt_steps15000/stats/val_step14999.json,/home/ojab2/work/git/gsplat/results/colmap_outputs/counter_2_n10_s42_default_farthestpose_sharedcam_i10_gteval_poseopt_steps15000/stats/val_step14999.json,counter_2_n10_s42_default_farthestpose_sharedcam_i10_gteval_poseopt_steps15000,0.8205,0.012109,4,0.525947,,,,/home/ojab2/work/git/vggt/colmap_outputs/counter_2_n10_s42_default_farthestpose_sharedcam/eval_results.json,counter_2_n10_s42_default_farthestpose_sharedcam,counter_2_n10_s42_default_farthestpose_sharedcam_i10_gteval_poseopt_steps15000_val_step14999.json,148,,colmap | farthestpose,10.0
colmap,10,42,,168,,,,,0,10,farthestpose,10,GT Eval,,,,Pose Opt,,,,,0.0,,False,1.0,1.0,colmap,garden,,,15000,15000,default,MCMC,,,,,Shared Cam,,,,,,gsplat,,outdoor,12.355728149414062,0.7979275584220886,0.3093775510787964,179055,0.015599575825035572,1.496121883392334,,,-0.1763828019959497,0.5623660420201364,168,/home/ojab2/work/git/gsplat/results/colmap_outputs/garden_2_n10_s42_default_farthestpose_sharedcam_i10_gteval_poseopt_steps15000/stats/val_step14999.json,/home/ojab2/work/git/gsplat/results/colmap_outputs/garden_2_n10_s42_default_farthestpose_sharedcam_i10_gteval_poseopt_steps15000/stats/val_step14999.json,garden_2_n10_s42_default_farthestpose_sharedcam_i10_gteval_poseopt_steps15000,0.1553,0.00235,3,0.322542,,,,/home/ojab2/work/git/vggt/colmap_outputs/garden_2_n10_s42_default_farthestpose_sharedcam/eval_results.json,garden_2_n10_s42_default_farthestpose_sharedcam,garden_2_n10_s42_default_farthestpose_sharedcam_i10_gteval_poseopt_steps15000_val_step14999.json,168,,colmap | farthestpose,10.0
colmap,20,42,,44,,,,,0,10,farthestpose,20,GT Eval,,,,Pose Opt,,,,,0.0,,False,1.0,1.0,colmap,bicycle,,,15000,15000,default,MCMC,,,,,Shared Cam,,,,,,gsplat,,outdoor,9.540895462036133,0.9753441214561462,0.02645329013466835,38969,,,,,-0.5034785143561451,0.6910596934705199,44,/home/ojab2/work/git/gsplat/results/colmap_outputs/bicycle_4_n20_s42_default_farthestpose_sharedcam_i20_gteval_poseopt_steps15000/stats/val_step14999.json,/home/ojab2/work/git/gsplat/results/colmap_outputs/bicycle_4_n20_s42_default_farthestpose_sharedcam_i20_gteval_poseopt_steps15000/stats/val_step14999.json,bicycle_4_n20_s42_default_farthestpose_sharedcam_i20_gteval_poseopt_steps15000,19.4863,0.240427,2,0.128276,,,,/home/ojab2/work/git/vggt/colmap_outputs/bicycle_4_n20_s42_default_farthestpose_sharedcam/eval_results.json,bicycle_4_n20_s42_default_farthestpose_sharedcam,bicycle_4_n20_s42_default_farthestpose_sharedcam_i20_gteval_poseopt_steps15000_val_step14999.json,44,,colmap | farthestpose,20.0
colmap,20,42,,48,,,,,0,10,farthestpose,20,GT Eval,,,,Pose Opt,,,,,0.0,,False,1.0,1.0,colmap,counter,,,15000,15000,default,MCMC,,,,,Shared Cam,,,,,,gsplat,,indoor,9.180434226989746,0.8296937346458435,0.3853382170200348,42962,0.013678145594894886,3.1688013076782227,,,-0.21037184998460826,0.578155576871731,48,/home/ojab2/work/git/gsplat/results/colmap_outputs/counter_2_n20_s42_default_farthestpose_sharedcam_i20_gteval_poseopt_steps15000/stats/val_step14999.json,/home/ojab2/work/git/gsplat/results/colmap_outputs/counter_2_n20_s42_default_farthestpose_sharedcam_i20_gteval_poseopt_steps15000/stats/val_step14999.json,counter_2_n20_s42_default_farthestpose_sharedcam_i20_gteval_poseopt_steps15000,0.116,0.001023,3,0.208277,,,,/home/ojab2/work/git/vggt/colmap_outputs/counter_2_n20_s42_default_farthestpose_sharedcam/eval_results.json,counter_2_n20_s42_default_farthestpose_sharedcam,counter_2_n20_s42_default_farthestpose_sharedcam_i20_gteval_poseopt_steps15000_val_step14999.json,48,,colmap | farthestpose,20.0
colmap,20,42,,91,,,,,0,10,farthestpose,20,GT Eval,,,,Pose Opt,,,,,0.0,,False,1.0,1.0,colmap,lego,pinhole,,15000,15000,default,MCMC,,,,,Shared Cam,,,,,,gsplat,,synthetic,10.803693771362305,0.5115751624107361,0.676060140132904,90557,0.4246414601802826,120.3613052368164,4.195615768432617,1.115741491317749,0.1860708215160754,0.3879459916303697,91,/home/ojab2/work/git/gsplat/results/colmap_outputs/lego_1_n20_s42_default_mpinhole_farthestpose_sharedcam_i20_gteval_poseopt_steps15000/stats/val_step14999.json,/home/ojab2/work/git/gsplat/results/colmap_outputs/lego_1_n20_s42_default_mpinhole_farthestpose_sharedcam_i20_gteval_poseopt_steps15000/stats/val_step14999.json,lego_1_n20_s42_default_mpinhole_farthestpose_sharedcam_i20_gteval_poseopt_steps15000,62.9535,2.475707,10,0.802567,,,,/home/ojab2/work/git/vggt/colmap_outputs/lego_1_n20_s42_default_mpinhole_farthestpose_sharedcam/eval_results.json,lego_1_n20_s42_default_mpinhole_farthestpose_sharedcam,lego_1_n20_s42_default_mpinhole_farthestpose_sharedcam_i20_gteval_poseopt_steps15000_val_step14999.json,91,,colmap | farthestpose,20.0
colmap,20,42,,105,,,,,0,10,farthestpose,20,GT Eval,,,,Pose Opt,,,,,0.0,,False,1.0,1.0,colmap,drums,pinhole,,15000,15000,default,MCMC,,,,,Shared Cam,,,,,,gsplat,,synthetic,6.573758602142334,0.8610514402389526,0.0944964587688446,107549,0.04122573882341385,5.302027702331543,0.4831242561340332,0.2609376311302185,-0.4480831287680235,0.6775776716120308,105,/home/ojab2/work/git/gsplat/results/colmap_outputs/drums_1_n20_s42_default_mpinhole_farthestpose_sharedcam_i20_gteval_poseopt_steps15000/stats/val_step14999.json,/home/ojab2/work/git/gsplat/results/colmap_outputs/drums_1_n20_s42_default_mpinhole_farthestpose_sharedcam_i20_gteval_poseopt_steps15000/stats/val_step14999.json,drums_1_n20_s42_default_mpinhole_farthestpose_sharedcam_i20_gteval_poseopt_steps15000,5.1198,0.003811,3,0.082359,,,,/home/ojab2/work/git/vggt/colmap_outputs/drums_1_n20_s42_default_mpinhole_farthestpose_sharedcam/eval_results.json,drums_1_n20_s42_default_mpinhole_farthestpose_sharedcam,drums_1_n20_s42_default_mpinhole_farthestpose_sharedcam_i20_gteval_poseopt_steps15000_val_step14999.json,105,,colmap | farthestpose,20.0
colmap,20,42,,162,,,,,0,10,farthestpose,20,GT Eval,,,,Pose Opt,,,,,0.0,,False,1.0,1.0,colmap,ship,pinhole,,15000,15000,default,MCMC,,,,,Shared Cam,,,,,,gsplat,,synthetic,16.434940338134766,0.37807974219322205,0.592390239238739,170748,0.01790500618517399,1.0460034608840942,0.05379347503185272,0.06160662695765495,0.32382797912160166,0.3464160276495066,162,/home/ojab2/work/git/gsplat/results/colmap_outputs/ship_1_n20_s42_default_mpinhole_farthestpose_sharedcam_i20_gteval_poseopt_steps15000/stats/val_step14999.json,/home/ojab2/work/git/gsplat/results/colmap_outputs/ship_1_n20_s42_default_mpinhole_farthestpose_sharedcam_i20_gteval_poseopt_steps15000/stats/val_step14999.json,ship_1_n20_s42_default_mpinhole_farthestpose_sharedcam_i20_gteval_poseopt_steps15000,0.2791,0.010321,5,0.379611,,,,/home/ojab2/work/git/vggt/colmap_outputs/ship_1_n20_s42_default_mpinhole_farthestpose_sharedcam/eval_results.json,ship_1_n20_s42_default_mpinhole_farthestpose_sharedcam,ship_1_n20_s42_default_mpinhole_farthestpose_sharedcam_i20_gteval_poseopt_steps15000_val_step14999.json,162,,colmap | farthestpose,20.0
colmap,20,42,,316,,,,,0,10,farthestpose,20,GT Eval,,,,Pose Opt,,,,,0.0,,False,1.0,1.0,colmap,stump,,,15000,15000,default,MCMC,,,,,Shared Cam,,,,,,gsplat,,outdoor,12.789386749267578,0.9256043434143066,0.14929628372192383,345885,0.038304466754198074,2.5334455966949463,,,-0.34077969365804656,0.6335165029249274,316,/home/ojab2/work/git/gsplat/results/colmap_outputs/stump_2_n20_s42_default_farthestpose_sharedcam_i20_gteval_poseopt_steps15000/stats/val_step14999.json,/home/ojab2/work/git/gsplat/results/colmap_outputs/stump_2_n20_s42_default_farthestpose_sharedcam_i20_gteval_poseopt_steps15000/stats/val_step14999.json,stump_2_n20_s42_default_farthestpose_sharedcam_i20_gteval_poseopt_steps15000,0.868,0.030879,6,0.574264,,,,/home/ojab2/work/git/vggt/colmap_outputs/stump_2_n20_s42_default_farthestpose_sharedcam/eval_results.json,stump_2_n20_s42_default_farthestpose_sharedcam,stump_2_n20_s42_default_farthestpose_sharedcam_i20_gteval_poseopt_steps15000_val_step14999.json,316,,colmap | farthestpose,20.0
colmap,20,42,,2092,,,,,0,10,farthestpose,20,GT Eval,,,,Pose Opt,,,,,0.0,,False,1.0,1.0,colmap,kitchen,,,15000,15000,default,MCMC,,,,,Shared Cam,,,,,,gsplat,,indoor,17.50998878479004,0.406898558139801,0.5586329698562622,1000000,0.0016500689089298248,0.10513249784708023,,,0.30620579792354846,0.3629983651519475,2092,/home/ojab2/work/git/gsplat/results/colmap_outputs/kitchen_2_n20_s42_default_farthestpose_sharedcam_i20_gteval_poseopt_steps15000/stats/val_step14999.json,/home/ojab2/work/git/gsplat/results/colmap_outputs/kitchen_2_n20_s42_default_farthestpose_sharedcam_i20_gteval_poseopt_steps15000/stats/val_step14999.json,kitchen_2_n20_s42_default_farthestpose_sharedcam_i20_gteval_poseopt_steps15000,0.239,0.009345,12,0.859654,,,,/home/ojab2/work/git/vggt/colmap_outputs/kitchen_2_n20_s42_default_farthestpose_sharedcam/eval_results.json,kitchen_2_n20_s42_default_farthestpose_sharedcam,kitchen_2_n20_s42_default_farthestpose_sharedcam_i20_gteval_poseopt_steps15000_val_step14999.json,2092,,colmap | farthestpose,20.0
colmap,20,42,,2440,,,,,0,10,farthestpose,20,GT Eval,,,,Pose Opt,,,,,0.0,,False,1.0,1.0,colmap,bonsai,,,15000,15000,default,MCMC,,,,,Shared Cam,,,,,,gsplat,,indoor,12.160051345825195,0.5963965654373169,0.3498920500278473,1000000,0.010184313170611858,0.6712576150894165,,,-0.03191190954150117,0.4878340221213271,2440,/home/ojab2/work/git/gsplat/results/colmap_outputs/bonsai_2_n20_s42_default_farthestpose_sharedcam_i20_gteval_poseopt_steps15000/stats/val_step14999.json,/home/ojab2/work/git/gsplat/results/colmap_outputs/bonsai_2_n20_s42_default_farthestpose_sharedcam_i20_gteval_poseopt_steps15000/stats/val_step14999.json,bonsai_2_n20_s42_default_farthestpose_sharedcam_i20_gteval_poseopt_steps15000,0.3653,0.010147,9,0.88503,,,,/home/ojab2/work/git/vggt/colmap_outputs/bonsai_2_n20_s42_default_farthestpose_sharedcam/eval_results.json,bonsai_2_n20_s42_default_farthestpose_sharedcam,bonsai_2_n20_s42_default_farthestpose_sharedcam_i20_gteval_poseopt_steps15000_val_step14999.json,2440,,colmap | farthestpose,20.0
colmap,20,42,,4260,,,,,0,10,farthestpose,20,GT Eval,,,,Pose Opt,,,,,0.0,,False,1.0,1.0,colmap,garden,,,15000,15000,default,MCMC,,,,,Shared Cam,,,,,,gsplat,,outdoor,19.309799194335938,0.41384539008140564,0.3691636919975281,1000000,0.0009397167013958097,0.09067954868078232,,,0.2244467051715492,0.40660664295375143,4260,/home/ojab2/work/git/gsplat/results/colmap_outputs/garden_2_n20_s42_default_farthestpose_sharedcam_i20_gteval_poseopt_steps15000/stats/val_step14999.json,/home/ojab2/work/git/gsplat/results/colmap_outputs/garden_2_n20_s42_default_farthestpose_sharedcam_i20_gteval_poseopt_steps15000/stats/val_step14999.json,garden_2_n20_s42_default_farthestpose_sharedcam_i20_gteval_poseopt_steps15000,0.0713,0.004651,20,1.139238,,,,/home/ojab2/work/git/vggt/colmap_outputs/garden_2_n20_s42_default_farthestpose_sharedcam/eval_results.json,garden_2_n20_s42_default_farthestpose_sharedcam,garden_2_n20_s42_default_farthestpose_sharedcam_i20_gteval_poseopt_steps15000_val_step14999.json,4260,,colmap | farthestpose,20.0
colmap,30,42,,105,,,,,0,10,farthestpose,30,GT Eval,,,,Pose Opt,,,,,0.0,,False,1.0,1.0,colmap,drums,pinhole,,15000,15000,default,MCMC,,,,,Shared Cam,,,,,,gsplat,,synthetic,11.87600326538086,0.5139749050140381,0.40454837679862976,107549,0.010904939845204353,1.031067132949829,0.07396318763494492,0.07193657010793686,0.04566827317659853,0.45018439595077886,105,/home/ojab2/work/git/gsplat/results/colmap_outputs/drums_1_n30_s42_default_mpinhole_farthestpose_sharedcam_i30_gteval_poseopt_steps15000/stats/val_step14999.json,/home/ojab2/work/git/gsplat/results/colmap_outputs/drums_1_n30_s42_default_mpinhole_farthestpose_sharedcam_i30_gteval_poseopt_steps15000/stats/val_step14999.json,drums_1_n30_s42_default_mpinhole_farthestpose_sharedcam_i30_gteval_poseopt_steps15000,0.5778,0.011678,4,0.193321,,,,/home/ojab2/work/git/vggt/colmap_outputs/drums_1_n30_s42_default_mpinhole_farthestpose_sharedcam/eval_results.json,drums_1_n30_s42_default_mpinhole_farthestpose_sharedcam,drums_1_n30_s42_default_mpinhole_farthestpose_sharedcam_i30_gteval_poseopt_steps15000_val_step14999.json,105,,colmap | farthestpose,30.0
colmap,30,42,,449,,,,,0,10,farthestpose,30,GT Eval,,,,Pose Opt,,,,,0.0,,False,1.0,1.0,colmap,ship,pinhole,,15000,15000,default,MCMC,,,,,Shared Cam,,,,,,gsplat,,synthetic,16.762636184692383,0.3510177433490753,0.5933229923248291,493204,0.003212561132386327,1.2884396314620972,0.060691483318805695,0.05719128996133804,0.3471468279236241,0.3366011842929966,449,/home/ojab2/work/git/gsplat/results/colmap_outputs/ship_1_n30_s42_default_mpinhole_farthestpose_sharedcam_i30_gteval_poseopt_steps15000/stats/val_step14999.json,/home/ojab2/work/git/gsplat/results/colmap_outputs/ship_1_n30_s42_default_mpinhole_farthestpose_sharedcam_i30_gteval_poseopt_steps15000/stats/val_step14999.json,ship_1_n30_s42_default_mpinhole_farthestpose_sharedcam_i30_gteval_poseopt_steps15000,3.3966,0.044897,10,0.576448,,,,/home/ojab2/work/git/vggt/colmap_outputs/ship_1_n30_s42_default_mpinhole_farthestpose_sharedcam/eval_results.json,ship_1_n30_s42_default_mpinhole_farthestpose_sharedcam,ship_1_n30_s42_default_mpinhole_farthestpose_sharedcam_i30_gteval_poseopt_steps15000_val_step14999.json,449,,colmap | farthestpose,30.0
colmap,30,42,,726,,,,,0,10,farthestpose,30,GT Eval,,,,Pose Opt,,,,,0.0,,False,1.0,1.0,colmap,bicycle,,,15000,15000,default,MCMC,,,,,Shared Cam,,,,,,gsplat,,outdoor,10.8599853515625,0.8103333711624146,0.15510886907577515,808627,0.015486866235733032,1.604614496231079,,,-0.3019552553064098,0.6038494663196445,726,/home/ojab2/work/git/gsplat/results/colmap_outputs/bicycle_4_n30_s42_default_farthestpose_sharedcam_i30_gteval_poseopt_steps15000/stats/val_step14999.json,/home/ojab2/work/git/gsplat/results/colmap_outputs/bicycle_4_n30_s42_default_farthestpose_sharedcam_i30_gteval_poseopt_steps15000/stats/val_step14999.json,bicycle_4_n30_s42_default_farthestpose_sharedcam_i30_gteval_poseopt_steps15000,0.5111,0.00955,8,0.516151,,,,/home/ojab2/work/git/vggt/colmap_outputs/bicycle_4_n30_s42_default_farthestpose_sharedcam/eval_results.json,bicycle_4_n30_s42_default_farthestpose_sharedcam,bicycle_4_n30_s42_default_farthestpose_sharedcam_i30_gteval_poseopt_steps15000_val_step14999.json,726,,colmap | farthestpose,30.0
colmap,30,42,,1326,,,,,0,10,farthestpose,30,GT Eval,,,,Pose Opt,,,,,0.0,,False,1.0,1.0,colmap,lego,pinhole,,15000,15000,default,MCMC,,,,,Shared Cam,,,,,,gsplat,,synthetic,10.755062103271484,0.5123323202133179,0.6748767495155334,1000000,0.8647823333740234,119.89866638183594,0.6556528210639954,0.4923791289329529,0.18401081241362274,0.3888565397554265,1326,/home/ojab2/work/git/gsplat/results/colmap_outputs/lego_1_n30_s42_default_mpinhole_farthestpose_sharedcam_i30_gteval_poseopt_steps15000/stats/val_step14999.json,/home/ojab2/work/git/gsplat/results/colmap_outputs/lego_1_n30_s42_default_mpinhole_farthestpose_sharedcam_i30_gteval_poseopt_steps15000/stats/val_step14999.json,lego_1_n30_s42_default_mpinhole_farthestpose_sharedcam_i30_gteval_poseopt_steps15000,120.0686,3.745266,19,0.367209,,,,/home/ojab2/work/git/vggt/colmap_outputs/lego_1_n30_s42_default_mpinhole_farthestpose_sharedcam/eval_results.json,lego_1_n30_s42_default_mpinhole_farthestpose_sharedcam,lego_1_n30_s42_default_mpinhole_farthestpose_sharedcam_i30_gteval_poseopt_steps15000_val_step14999.json,1326,,colmap | farthestpose,30.0
colmap,30,42,,4626,,,,,0,10,farthestpose,30,GT Eval,,,,Pose Opt,,,,,0.0,,False,1.0,1.0,colmap,counter,,,15000,15000,default,MCMC,,,,,Shared Cam,,,,,,gsplat,,indoor,15.262022972106934,0.5092620849609375,0.4885578751564026,1000000,0.012265180237591267,0.7582684755325317,,,0.16040985161333293,0.4180617325994551,4626,/home/ojab2/work/git/gsplat/results/colmap_outputs/counter_2_n30_s42_default_farthestpose_sharedcam_i30_gteval_poseopt_steps15000/stats/val_step14999.json,/home/ojab2/work/git/gsplat/results/colmap_outputs/counter_2_n30_s42_default_farthestpose_sharedcam_i30_gteval_poseopt_steps15000/stats/val_step14999.json,counter_2_n30_s42_default_farthestpose_sharedcam_i30_gteval_poseopt_steps15000,0.6777,0.043512,16,0.758277,,,,/home/ojab2/work/git/vggt/colmap_outputs/counter_2_n30_s42_default_farthestpose_sharedcam/eval_results.json,counter_2_n30_s42_default_farthestpose_sharedcam,counter_2_n30_s42_default_farthestpose_sharedcam_i30_gteval_poseopt_steps15000_val_step14999.json,4626,,colmap | farthestpose,30.0
colmap,30,42,,6620,,,,,0,10,farthestpose,30,GT Eval,,,,Pose Opt,,,,,0.0,,False,1.0,1.0,colmap,bonsai,,,15000,15000,default,MCMC,,,,,Shared Cam,,,,,,gsplat,,indoor,12.844159126281738,0.6961448788642883,0.41023141145706177,1000000,0.16796274483203888,3.0201199054718018,,,-0.045530103645671595,0.505352875888298,6620,/home/ojab2/work/git/gsplat/results/colmap_outputs/bonsai_2_n30_s42_default_farthestpose_sharedcam_i30_gteval_poseopt_steps15000/stats/val_step14999.json,/home/ojab2/work/git/gsplat/results/colmap_outputs/bonsai_2_n30_s42_default_farthestpose_sharedcam_i30_gteval_poseopt_steps15000/stats/val_step14999.json,bonsai_2_n30_s42_default_farthestpose_sharedcam_i30_gteval_poseopt_steps15000,5.0799,0.503901,14,0.911934,,,,/home/ojab2/work/git/vggt/colmap_outputs/bonsai_2_n30_s42_default_farthestpose_sharedcam/eval_results.json,bonsai_2_n30_s42_default_farthestpose_sharedcam,bonsai_2_n30_s42_default_farthestpose_sharedcam_i30_gteval_poseopt_steps15000_val_step14999.json,6620,,colmap | farthestpose,30.0
colmap,30,42,,12069,,,,,0,10,farthestpose,30,GT Eval,,,,Pose Opt,,,,,0.0,,False,1.0,1.0,colmap,kitchen,,,15000,15000,default,MCMC,,,,,Shared Cam,,,,,,gsplat,,indoor,19.522228240966797,0.22792096436023712,0.48186859488487244,1000000,0.0012758359080180526,0.11295972764492035,,,0.40905804036498605,0.3196324398696503,12069,/home/ojab2/work/git/gsplat/results/colmap_outputs/kitchen_2_n30_s42_default_farthestpose_sharedcam_i30_gteval_poseopt_steps15000/stats/val_step14999.json,/home/ojab2/work/git/gsplat/results/colmap_outputs/kitchen_2_n30_s42_default_farthestpose_sharedcam_i30_gteval_poseopt_steps15000/stats/val_step14999.json,kitchen_2_n30_s42_default_farthestpose_sharedcam_i30_gteval_poseopt_steps15000,0.1586,0.007942,28,1.053071,,,,/home/ojab2/work/git/vggt/colmap_outputs/kitchen_2_n30_s42_default_farthestpose_sharedcam/eval_results.json,kitchen_2_n30_s42_default_farthestpose_sharedcam,kitchen_2_n30_s42_default_farthestpose_sharedcam_i30_gteval_poseopt_steps15000_val_step14999.json,12069,,colmap | farthestpose,30.0
colmap,30,42,,12379,,,,,0,10,farthestpose,30,GT Eval,,,,Pose Opt,,,,,0.0,,False,1.0,1.0,colmap,garden,,,15000,15000,default,MCMC,,,,,Shared Cam,,,,,,gsplat,,outdoor,20.769878387451172,0.34935519099235535,0.42895811796188354,1000000,0.0007610706379637122,0.06420423090457916,,,0.3262614741814919,0.3711346166958229,12379,/home/ojab2/work/git/gsplat/results/colmap_outputs/garden_2_n30_s42_default_farthestpose_sharedcam_i30_gteval_poseopt_steps15000/stats/val_step14999.json,/home/ojab2/work/git/gsplat/results/colmap_outputs/garden_2_n30_s42_default_farthestpose_sharedcam_i30_gteval_poseopt_steps15000/stats/val_step14999.json,garden_2_n30_s42_default_farthestpose_sharedcam_i30_gteval_poseopt_steps15000,0.06,0.003487,30,1.094624,,,,/home/ojab2/work/git/vggt/colmap_outputs/garden_2_n30_s42_default_farthestpose_sharedcam/eval_results.json,garden_2_n30_s42_default_farthestpose_sharedcam,garden_2_n30_s42_default_farthestpose_sharedcam_i30_gteval_poseopt_steps15000_val_step14999.json,12379,,colmap | farthestpose,30.0
colmap,40,42,,287,,,,,0,10,farthestpose,40,GT Eval,,,,Pose Opt,,,,,0.0,,False,1.0,1.0,colmap,drums,pinhole,,15000,15000,default,MCMC,,,,,Shared Cam,,,,,,gsplat,,synthetic,12.676614761352539,0.40889972448349,0.5027180910110474,313729,0.004789901897311211,0.7317674160003662,0.06522585451602936,0.056620411574840546,0.18276482413851494,0.3893583461070665,287,/home/ojab2/work/git/gsplat/results/colmap_outputs/drums_1_n40_s42_default_mpinhole_farthestpose_sharedcam_i40_gteval_poseopt_steps15000/stats/val_step14999.json,/home/ojab2/work/git/gsplat/results/colmap_outputs/drums_1_n40_s42_default_mpinhole_farthestpose_sharedcam_i40_gteval_poseopt_steps15000/stats/val_step14999.json,drums_1_n40_s42_default_mpinhole_farthestpose_sharedcam_i40_gteval_poseopt_steps15000,0.9174,0.005572,5,0.199581,,,,/home/ojab2/work/git/vggt/colmap_outputs/drums_1_n40_s42_default_mpinhole_farthestpose_sharedcam/eval_results.json,drums_1_n40_s42_default_mpinhole_farthestpose_sharedcam,drums_1_n40_s42_default_mpinhole_farthestpose_sharedcam_i40_gteval_poseopt_steps15000_val_step14999.json,287,,colmap | farthestpose,40.0
colmap,40,42,,870,,,,,0,10,farthestpose,40,GT Eval,,,,Pose Opt,,,,,0.0,,False,1.0,1.0,colmap,stump,,,15000,15000,default,MCMC,,,,,Shared Cam,,,,,,gsplat,,outdoor,14.787765502929688,0.6513059735298157,0.3428933024406433,968555,0.014289326034486294,0.6196070909500122,,,-0.02123806746150077,0.49837789336807126,870,/home/ojab2/work/git/gsplat/results/colmap_outputs/stump_2_n40_s42_default_farthestpose_sharedcam_i40_gteval_poseopt_steps15000/stats/val_step14999.json,/home/ojab2/work/git/gsplat/results/colmap_outputs/stump_2_n40_s42_default_farthestpose_sharedcam_i40_gteval_poseopt_steps15000/stats/val_step14999.json,stump_2_n40_s42_default_farthestpose_sharedcam_i40_gteval_poseopt_steps15000,0.1699,0.003551,11,0.462953,,,,/home/ojab2/work/git/vggt/colmap_outputs/stump_2_n40_s42_default_farthestpose_sharedcam/eval_results.json,stump_2_n40_s42_default_farthestpose_sharedcam,stump_2_n40_s42_default_farthestpose_sharedcam_i40_gteval_poseopt_steps15000_val_step14999.json,870,,colmap | farthestpose,40.0
colmap,40,42,,999,,,,,0,10,farthestpose,40,GT Eval,,,,Pose Opt,,,,,0.0,,False,1.0,1.0,colmap,ship,pinhole,,15000,15000,default,MCMC,,,,,Shared Cam,,,,,,gsplat,,synthetic,17.69652557373047,0.325956255197525,0.5934579968452454,1000000,0.2103944718837738,11.896838188171387,0.07570488750934601,0.06493118405342102,0.3799900802952504,0.3268529158518036,999,/home/ojab2/work/git/gsplat/results/colmap_outputs/ship_1_n40_s42_default_mpinhole_farthestpose_sharedcam_i40_gteval_poseopt_steps15000/stats/val_step14999.json,/home/ojab2/work/git/gsplat/results/colmap_outputs/ship_1_n40_s42_default_mpinhole_farthestpose_sharedcam_i40_gteval_poseopt_steps15000/stats/val_step14999.json,ship_1_n40_s42_default_mpinhole_farthestpose_sharedcam_i40_gteval_poseopt_steps15000,12.248,0.482789,17,0.632324,,,,/home/ojab2/work/git/vggt/colmap_outputs/ship_1_n40_s42_default_mpinhole_farthestpose_sharedcam/eval_results.json,ship_1_n40_s42_default_mpinhole_farthestpose_sharedcam,ship_1_n40_s42_default_mpinhole_farthestpose_sharedcam_i40_gteval_poseopt_steps15000_val_step14999.json,999,,colmap | farthestpose,40.0
colmap,40,42,,1993,,,,,0,10,farthestpose,40,GT Eval,,,,Pose Opt,,,,,0.0,,False,1.0,1.0,colmap,bicycle,,,15000,15000,default,MCMC,,,,,Shared Cam,,,,,,gsplat,,outdoor,13.763751983642578,0.684519350528717,0.243632972240448,1000000,0.0031330257188528776,0.5034468173980713,,,-0.11875034207411594,0.5320831071878953,1993,/home/ojab2/work/git/gsplat/results/colmap_outputs/bicycle_4_n40_s42_default_farthestpose_sharedcam_i40_gteval_poseopt_steps15000/stats/val_step14999.json,/home/ojab2/work/git/gsplat/results/colmap_outputs/bicycle_4_n40_s42_default_farthestpose_sharedcam_i40_gteval_poseopt_steps15000/stats/val_step14999.json,bicycle_4_n40_s42_default_farthestpose_sharedcam_i40_gteval_poseopt_steps15000,0.2627,0.018073,18,0.79389,,,,/home/ojab2/work/git/vggt/colmap_outputs/bicycle_4_n40_s42_default_farthestpose_sharedcam/eval_results.json,bicycle_4_n40_s42_default_farthestpose_sharedcam,bicycle_4_n40_s42_default_farthestpose_sharedcam_i40_gteval_poseopt_steps15000_val_step14999.json,1993,,colmap | farthestpose,40.0
colmap,40,42,,2721,,,,,0,10,farthestpose,40,GT Eval,,,,Pose Opt,,,,,0.0,,False,1.0,1.0,colmap,lego,pinhole,,15000,15000,default,MCMC,,,,,Shared Cam,,,,,,gsplat,,synthetic,10.943881034851074,0.5200427174568176,0.6450473070144653,1000000,0.9261929392814636,108.58917999267578,1.0158891677856445,0.6370576620101929,0.1653038364017529,0.3987625618951223,2721,/home/ojab2/work/git/gsplat/results/colmap_outputs/lego_1_n40_s42_default_mpinhole_farthestpose_sharedcam_i40_gteval_poseopt_steps15000/stats/val_step14999.json,/home/ojab2/work/git/gsplat/results/colmap_outputs/lego_1_n40_s42_default_mpinhole_farthestpose_sharedcam_i40_gteval_poseopt_steps15000/stats/val_step14999.json,lego_1_n40_s42_default_mpinhole_farthestpose_sharedcam_i40_gteval_poseopt_steps15000,103.4804,3.760529,39,0.221617,,,,/home/ojab2/work/git/vggt/colmap_outputs/lego_1_n40_s42_default_mpinhole_farthestpose_sharedcam/eval_results.json,lego_1_n40_s42_default_mpinhole_farthestpose_sharedcam,lego_1_n40_s42_default_mpinhole_farthestpose_sharedcam_i40_gteval_poseopt_steps15000_val_step14999.json,2721,,colmap | farthestpose,40.0
colmap,40,42,,9426,,,,,0,10,farthestpose,40,GT Eval,,,,Pose Opt,,,,,0.0,,False,1.0,1.0,colmap,counter,,,15000,15000,default,MCMC,,,,,Shared Cam,,,,,,gsplat,,indoor,16.691198348999023,0.4448277950286865,0.5393339395523071,1000000,0.001013078959658742,0.09282775968313217,,,0.2563439202510048,0.3816582119826045,9426,/home/ojab2/work/git/gsplat/results/colmap_outputs/counter_2_n40_s42_default_farthestpose_sharedcam_i40_gteval_poseopt_steps15000/stats/val_step14999.json,/home/ojab2/work/git/gsplat/results/colmap_outputs/counter_2_n40_s42_default_farthestpose_sharedcam_i40_gteval_poseopt_steps15000/stats/val_step14999.json,counter_2_n40_s42_default_farthestpose_sharedcam_i40_gteval_poseopt_steps15000,0.1776,0.003977,21,0.676456,,,,/home/ojab2/work/git/vggt/colmap_outputs/counter_2_n40_s42_default_farthestpose_sharedcam/eval_results.json,counter_2_n40_s42_default_farthestpose_sharedcam,counter_2_n40_s42_default_farthestpose_sharedcam_i40_gteval_poseopt_steps15000_val_step14999.json,9426,,colmap | farthestpose,40.0
colmap,40,42,,22059,,,,,0,10,farthestpose,40,GT Eval,,,,Pose Opt,,,,,0.0,,False,1.0,1.0,colmap,bonsai,,,15000,15000,default,MCMC,,,,,Shared Cam,,,,,,gsplat,,indoor,16.20013999938965,0.4658905267715454,0.5211585760116577,1000000,0.026201430708169937,0.9805366396903992,,,0.2236196932814352,0.3939539234485972,22059,/home/ojab2/work/git/gsplat/results/colmap_outputs/bonsai_2_n40_s42_default_farthestpose_sharedcam_i40_gteval_poseopt_steps15000/stats/val_step14999.json,/home/ojab2/work/git/gsplat/results/colmap_outputs/bonsai_2_n40_s42_default_farthestpose_sharedcam_i40_gteval_poseopt_steps15000/stats/val_step14999.json,bonsai_2_n40_s42_default_farthestpose_sharedcam_i40_gteval_poseopt_steps15000,1.264,0.122388,34,1.16002,,,,/home/ojab2/work/git/vggt/colmap_outputs/bonsai_2_n40_s42_default_farthestpose_sharedcam/eval_results.json,bonsai_2_n40_s42_default_farthestpose_sharedcam,bonsai_2_n40_s42_default_farthestpose_sharedcam_i40_gteval_poseopt_steps15000_val_step14999.json,22059,,colmap | farthestpose,40.0
colmap,40,42,,22609,,,,,0,10,farthestpose,40,GT Eval,,,,Pose Opt,,,,,0.0,,False,1.0,1.0,colmap,garden,,,15000,15000,default,MCMC,,,,,Shared Cam,,,,,,gsplat,,outdoor,21.58345603942871,0.3222866654396057,0.4910855293273926,1000000,0.0007186616421677172,0.05164923146367073,,,0.3943685128984705,0.3475379317944437,22609,/home/ojab2/work/git/gsplat/results/colmap_outputs/garden_2_n40_s42_default_farthestpose_sharedcam_i40_gteval_poseopt_steps15000/stats/val_step14999.json,/home/ojab2/work/git/gsplat/results/colmap_outputs/garden_2_n40_s42_default_farthestpose_sharedcam_i40_gteval_poseopt_steps15000/stats/val_step14999.json,garden_2_n40_s42_default_farthestpose_sharedcam_i40_gteval_poseopt_steps15000,0.0553,0.003176,40,1.088567,,,,/home/ojab2/work/git/vggt/colmap_outputs/garden_2_n40_s42_default_farthestpose_sharedcam/eval_results.json,garden_2_n40_s42_default_farthestpose_sharedcam,garden_2_n40_s42_default_farthestpose_sharedcam_i40_gteval_poseopt_steps15000_val_step14999.json,22609,,colmap | farthestpose,40.0
colmap,40,42,,25253,,,,,0,10,farthestpose,40,GT Eval,,,,Pose Opt,,,,,0.0,,False,1.0,1.0,colmap,kitchen,,,15000,15000,default,MCMC,,,,,Shared Cam,,,,,,gsplat,,indoor,21.044775009155273,0.1829119175672531,0.5391585230827332,1000000,0.0013362925965338945,0.09292979538440704,,,0.49853959509193935,0.28987559554800596,25253,/home/ojab2/work/git/gsplat/results/colmap_outputs/kitchen_2_n40_s42_default_farthestpose_sharedcam_i40_gteval_poseopt_steps15000/stats/val_step14999.json,/home/ojab2/work/git/gsplat/results/colmap_outputs/kitchen_2_n40_s42_default_farthestpose_sharedcam_i40_gteval_poseopt_steps15000/stats/val_step14999.json,kitchen_2_n40_s42_default_farthestpose_sharedcam_i40_gteval_poseopt_steps15000,0.1295,0.007284,40,1.110472,,,,/home/ojab2/work/git/vggt/colmap_outputs/kitchen_2_n40_s42_default_farthestpose_sharedcam/eval_results.json,kitchen_2_n40_s42_default_farthestpose_sharedcam,kitchen_2_n40_s42_default_farthestpose_sharedcam_i40_gteval_poseopt_steps15000_val_step14999.json,25253,,colmap | farthestpose,40.0
colmap,50,42,,3073,,,,,0,10,farthestpose,50,GT Eval,,,,Pose Opt,,,,,0.0,,False,1.0,1.0,colmap,bicycle,,,15000,15000,default,MCMC,,,,,Shared Cam,,,,,,gsplat,,outdoor,15.719438552856445,0.585709810256958,0.2518213987350464,1000000,0.003411441808566451,0.38692545890808105,,,-0.01675182724246882,0.4924927122699764,3073,/home/ojab2/work/git/gsplat/results/colmap_outputs/bicycle_4_n50_s42_default_farthestpose_sharedcam_i50_gteval_poseopt_steps15000/stats/val_step14999.json,/home/ojab2/work/git/gsplat/results/colmap_outputs/bicycle_4_n50_s42_default_farthestpose_sharedcam_i50_gteval_poseopt_steps15000/stats/val_step14999.json,bicycle_4_n50_s42_default_farthestpose_sharedcam_i50_gteval_poseopt_steps15000,0.2327,0.008995,29,0.943503,,,,/home/ojab2/work/git/vggt/colmap_outputs/bicycle_4_n50_s42_default_farthestpose_sharedcam/eval_results.json,bicycle_4_n50_s42_default_farthestpose_sharedcam,bicycle_4_n50_s42_default_farthestpose_sharedcam_i50_gteval_poseopt_steps15000_val_step14999.json,3073,,colmap | farthestpose,50.0
colmap,50,42,,3611,,,,,0,10,farthestpose,50,GT Eval,,,,Pose Opt,,,,,0.0,,False,1.0,1.0,colmap,lego,pinhole,,15000,15000,default,MCMC,,,,,Shared Cam,,,,,,gsplat,,synthetic,10.967422485351562,0.517281711101532,0.6424274444580078,1000000,0.9518187642097473,129.96786499023438,0.7770279049873352,0.4303654730319977,0.1659120307331197,0.3984287761660948,3611,/home/ojab2/work/git/gsplat/results/colmap_outputs/lego_1_n50_s42_default_mpinhole_farthestpose_sharedcam_i50_gteval_poseopt_steps15000/stats/val_step14999.json,/home/ojab2/work/git/gsplat/results/colmap_outputs/lego_1_n50_s42_default_mpinhole_farthestpose_sharedcam_i50_gteval_poseopt_steps15000/stats/val_step14999.json,lego_1_n50_s42_default_mpinhole_farthestpose_sharedcam_i50_gteval_poseopt_steps15000,116.2462,3.627222,45,0.35875,,,,/home/ojab2/work/git/vggt/colmap_outputs/lego_1_n50_s42_default_mpinhole_farthestpose_sharedcam/eval_results.json,lego_1_n50_s42_default_mpinhole_farthestpose_sharedcam,lego_1_n50_s42_default_mpinhole_farthestpose_sharedcam_i50_gteval_poseopt_steps15000_val_step14999.json,3611,,colmap | farthestpose,50.0
colmap,50,42,,36795,,,,,0,10,farthestpose,50,GT Eval,,,,Pose Opt,,,,,0.0,,False,1.0,1.0,colmap,bonsai,,,15000,15000,default,MCMC,,,,,Shared Cam,,,,,,gsplat,,indoor,20.38746452331543,0.2715824842453003,0.6417256593704224,1000000,0.006443613674491644,0.1934441328048706,,,0.4916130424397885,0.29309639266968546,36795,/home/ojab2/work/git/gsplat/results/colmap_outputs/bonsai_2_n50_s42_default_farthestpose_sharedcam_i50_gteval_poseopt_steps15000/stats/val_step14999.json,/home/ojab2/work/git/gsplat/results/colmap_outputs/bonsai_2_n50_s42_default_farthestpose_sharedcam_i50_gteval_poseopt_steps15000/stats/val_step14999.json,bonsai_2_n50_s42_default_farthestpose_sharedcam_i50_gteval_poseopt_steps15000,0.2274,0.036933,50,1.102948,,,,/home/ojab2/work/git/vggt/colmap_outputs/bonsai_2_n50_s42_default_farthestpose_sharedcam/eval_results.json,bonsai_2_n50_s42_default_farthestpose_sharedcam,bonsai_2_n50_s42_default_farthestpose_sharedcam_i50_gteval_poseopt_steps15000_val_step14999.json,36795,,colmap | farthestpose,50.0
colmap,60,42,,4099,,,,,0,10,farthestpose,60,GT Eval,,,,Pose Opt,,,,,0.0,,False,1.0,1.0,colmap,bicycle,,,15000,15000,default,MCMC,,,,,Shared Cam,,,,,,gsplat,,outdoor,15.947785377502441,0.547142505645752,0.2447337806224823,1000000,0.0035350508987903595,0.25514620542526245,,,0.007138989899668213,0.4805419105721773,4099,/home/ojab2/work/git/gsplat/results/colmap_outputs/bicycle_4_n60_s42_default_farthestpose_sharedcam_i60_gteval_poseopt_steps15000/stats/val_step14999.json,/home/ojab2/work/git/gsplat/results/colmap_outputs/bicycle_4_n60_s42_default_farthestpose_sharedcam_i60_gteval_poseopt_steps15000/stats/val_step14999.json,bicycle_4_n60_s42_default_farthestpose_sharedcam_i60_gteval_poseopt_steps15000,0.1219,0.009703,35,0.838502,,,,/home/ojab2/work/git/vggt/colmap_outputs/bicycle_4_n60_s42_default_farthestpose_sharedcam/eval_results.json,bicycle_4_n60_s42_default_farthestpose_sharedcam,bicycle_4_n60_s42_default_farthestpose_sharedcam_i60_gteval_poseopt_steps15000_val_step14999.json,4099,,colmap | farthestpose,60.0
colmap,60,42,,4942,,,,,0,10,farthestpose,60,GT Eval,,,,Pose Opt,,,,,0.0,,False,1.0,1.0,colmap,lego,pinhole,,15000,15000,default,MCMC,,,,,Shared Cam,,,,,,gsplat,,synthetic,10.87811279296875,0.5207507014274597,0.6635403633117676,1000000,1.0051743984222412,95.0254898071289,1.279158115386963,1.1148667335510254,0.17446353165959289,0.3941652797172233,4942,/home/ojab2/work/git/gsplat/results/colmap_outputs/lego_1_n60_s42_default_mpinhole_farthestpose_sharedcam_i60_gteval_poseopt_steps15000/stats/val_step14999.json,/home/ojab2/work/git/gsplat/results/colmap_outputs/lego_1_n60_s42_default_mpinhole_farthestpose_sharedcam_i60_gteval_poseopt_steps15000/stats/val_step14999.json,lego_1_n60_s42_default_mpinhole_farthestpose_sharedcam_i60_gteval_poseopt_steps15000,80.0117,3.149185,56,0.582111,,,,/home/ojab2/work/git/vggt/colmap_outputs/lego_1_n60_s42_default_mpinhole_farthestpose_sharedcam/eval_results.json,lego_1_n60_s42_default_mpinhole_farthestpose_sharedcam,lego_1_n60_s42_default_mpinhole_farthestpose_sharedcam_i60_gteval_poseopt_steps15000_val_step14999.json,4942,,colmap | farthestpose,60.0
colmap,60,42,,48024,,,,,0,10,farthestpose,60,GT Eval,,,,Pose Opt,,,,,0.0,,False,1.0,1.0,colmap,bonsai,,,15000,15000,default,MCMC,,,,,Shared Cam,,,,,,gsplat,,indoor,22.68277931213379,0.222024068236351,0.7402629256248474,1000000,0.001503425883129239,0.11787588149309158,,,0.622334618995219,0.24568659642387627,48024,/home/ojab2/work/git/gsplat/results/colmap_outputs/bonsai_2_n60_s42_default_farthestpose_sharedcam_i60_gteval_poseopt_steps15000/stats/val_step14999.json,/home/ojab2/work/git/gsplat/results/colmap_outputs/bonsai_2_n60_s42_default_farthestpose_sharedcam_i60_gteval_poseopt_steps15000/stats/val_step14999.json,bonsai_2_n60_s42_default_farthestpose_sharedcam_i60_gteval_poseopt_steps15000,0.2129,0.012431,60,1.098413,,,,/home/ojab2/work/git/vggt/colmap_outputs/bonsai_2_n60_s42_default_farthestpose_sharedcam/eval_results.json,bonsai_2_n60_s42_default_farthestpose_sharedcam,bonsai_2_n60_s42_default_farthestpose_sharedcam_i60_gteval_poseopt_steps15000_val_step14999.json,48024,,colmap | farthestpose,60.0
colmap,70,42,,5493,,,,,0,10,farthestpose,70,GT Eval,,,,Pose Opt,,,,,0.0,,False,1.0,1.0,colmap,bicycle,,,15000,15000,default,MCMC,,,,,Shared Cam,,,,,,gsplat,,outdoor,16.537628173828125,0.5214819312095642,0.26178714632987976,1000000,0.00346929207444191,0.23522379994392395,,,0.043874593893377146,0.4676230513657448,5493,/home/ojab2/work/git/gsplat/results/colmap_outputs/bicycle_4_n70_s42_default_farthestpose_sharedcam_i70_gteval_poseopt_steps15000/stats/val_step14999.json,/home/ojab2/work/git/gsplat/results/colmap_outputs/bicycle_4_n70_s42_default_farthestpose_sharedcam_i70_gteval_poseopt_steps15000/stats/val_step14999.json,bicycle_4_n70_s42_default_farthestpose_sharedcam_i70_gteval_poseopt_steps15000,0.1045,0.008959,40,0.870047,,,,/home/ojab2/work/git/vggt/colmap_outputs/bicycle_4_n70_s42_default_farthestpose_sharedcam/eval_results.json,bicycle_4_n70_s42_default_farthestpose_sharedcam,bicycle_4_n70_s42_default_farthestpose_sharedcam_i70_gteval_poseopt_steps15000_val_step14999.json,5493,,colmap | farthestpose,70.0
colmap,70,42,,7210,,,,,0,10,farthestpose,70,GT Eval,,,,Pose Opt,,,,,0.0,,False,1.0,1.0,colmap,lego,pinhole,,15000,15000,default,MCMC,,,,,Shared Cam,,,,,,gsplat,,synthetic,22.728504180908203,0.058363739401102066,0.8538640141487122,1000000,0.002075882162898779,0.15313544869422913,0.02147134765982628,0.021907957270741463,0.7906396552687964,0.14865876443525822,7210,/home/ojab2/work/git/gsplat/results/colmap_outputs/lego_1_n70_s42_default_mpinhole_farthestpose_sharedcam_i70_gteval_poseopt_steps15000/stats/val_step14999.json,/home/ojab2/work/git/gsplat/results/colmap_outputs/lego_1_n70_s42_default_mpinhole_farthestpose_sharedcam_i70_gteval_poseopt_steps15000/stats/val_step14999.json,lego_1_n70_s42_default_mpinhole_farthestpose_sharedcam_i70_gteval_poseopt_steps15000,72.7904,2.974166,70,0.417763,,,,/home/ojab2/work/git/vggt/colmap_outputs/lego_1_n70_s42_default_mpinhole_farthestpose_sharedcam/eval_results.json,lego_1_n70_s42_default_mpinhole_farthestpose_sharedcam,lego_1_n70_s42_default_mpinhole_farthestpose_sharedcam_i70_gteval_poseopt_steps15000_val_step14999.json,7210,,colmap | farthestpose,70.0
colmap,70,42,,57878,,,,,0,10,farthestpose,70,GT Eval,,,,Pose Opt,,,,,0.0,,False,1.0,1.0,colmap,bonsai,,,15000,15000,default,MCMC,,,,,Shared Cam,,,,,,gsplat,,indoor,22.954282760620117,0.2121027112007141,0.7451338768005371,1000000,0.0017005279660224915,0.11856911331415176,,,0.6363352645597649,0.24067009760970515,57878,/home/ojab2/work/git/gsplat/results/colmap_outputs/bonsai_2_n70_s42_default_farthestpose_sharedcam_i70_gteval_poseopt_steps15000/stats/val_step14999.json,/home/ojab2/work/git/gsplat/results/colmap_outputs/bonsai_2_n70_s42_default_farthestpose_sharedcam_i70_gteval_poseopt_steps15000/stats/val_step14999.json,bonsai_2_n70_s42_default_farthestpose_sharedcam_i70_gteval_poseopt_steps15000,0.2295,0.012152,70,1.122818,,,,/home/ojab2/work/git/vggt/colmap_outputs/bonsai_2_n70_s42_default_farthestpose_sharedcam/eval_results.json,bonsai_2_n70_s42_default_farthestpose_sharedcam,bonsai_2_n70_s42_default_farthestpose_sharedcam_i70_gteval_poseopt_steps15000_val_step14999.json,57878,,colmap | farthestpose,70.0
colmap,80,42,,7178,,,,,0,10,farthestpose,80,GT Eval,,,,Pose Opt,,,,,0.0,,False,1.0,1.0,colmap,bicycle,,,15000,15000,default,MCMC,,,,,Shared Cam,,,,,,gsplat,,outdoor,17.295671463012695,0.47364091873168945,0.2938806712627411,1000000,0.0025564010720700026,0.20063269138336182,,,0.106212065001445,0.44419647527864875,7178,/home/ojab2/work/git/gsplat/results/colmap_outputs/bicycle_4_n80_s42_default_farthestpose_sharedcam_i80_gteval_poseopt_steps15000/stats/val_step14999.json,/home/ojab2/work/git/gsplat/results/colmap_outputs/bicycle_4_n80_s42_default_farthestpose_sharedcam_i80_gteval_poseopt_steps15000/stats/val_step14999.json,bicycle_4_n80_s42_default_farthestpose_sharedcam_i80_gteval_poseopt_steps15000,0.1595,0.005965,48,0.872644,,,,/home/ojab2/work/git/vggt/colmap_outputs/bicycle_4_n80_s42_default_farthestpose_sharedcam/eval_results.json,bicycle_4_n80_s42_default_farthestpose_sharedcam,bicycle_4_n80_s42_default_farthestpose_sharedcam_i80_gteval_poseopt_steps15000_val_step14999.json,7178,,colmap | farthestpose,80.0
colmap,80,42,,9324,,,,,0,10,farthestpose,80,GT Eval,,,,Pose Opt,,,,,0.0,,False,1.0,1.0,colmap,lego,pinhole,,15000,15000,default,MCMC,,,,,Shared Cam,,,,,,gsplat,,synthetic,10.882725715637207,0.4760783016681671,0.5597950220108032,1000000,0.21328282356262207,12.851283073425293,0.34455063939094543,0.3643736243247986,0.1414547213259419,0.40705491755260265,9324,/home/ojab2/work/git/gsplat/results/colmap_outputs/lego_1_n80_s42_default_mpinhole_farthestpose_sharedcam_i80_gteval_poseopt_steps15000/stats/val_step14999.json,/home/ojab2/work/git/gsplat/results/colmap_outputs/lego_1_n80_s42_default_mpinhole_farthestpose_sharedcam_i80_gteval_poseopt_steps15000/stats/val_step14999.json,lego_1_n80_s42_default_mpinhole_farthestpose_sharedcam_i80_gteval_poseopt_steps15000,11.4943,0.669444,80,0.850149,,,,/home/ojab2/work/git/vggt/colmap_outputs/lego_1_n80_s42_default_mpinhole_farthestpose_sharedcam/eval_results.json,lego_1_n80_s42_default_mpinhole_farthestpose_sharedcam,lego_1_n80_s42_default_mpinhole_farthestpose_sharedcam_i80_gteval_poseopt_steps15000_val_step14999.json,9324,,colmap | farthestpose,80.0
colmap,80,42,,64998,,,,,0,10,farthestpose,80,GT Eval,,,,Pose Opt,,,,,0.0,,False,1.0,1.0,colmap,bonsai,,,15000,15000,default,MCMC,,,,,Shared Cam,,,,,,gsplat,,indoor,24.627426147460938,0.191421240568161,0.795950710773468,1000000,0.0019349874928593636,0.10009374469518661,,,0.709803188017547,0.21552831123212868,64998,/home/ojab2/work/git/gsplat/results/colmap_outputs/bonsai_2_n80_s42_default_farthestpose_sharedcam_i80_gteval_poseopt_steps15000/stats/val_step14999.json,/home/ojab2/work/git/gsplat/results/colmap_outputs/bonsai_2_n80_s42_default_farthestpose_sharedcam_i80_gteval_poseopt_steps15000/stats/val_step14999.json,bonsai_2_n80_s42_default_farthestpose_sharedcam_i80_gteval_poseopt_steps15000,0.2543,0.014815,80,1.132519,,,,/home/ojab2/work/git/vggt/colmap_outputs/bonsai_2_n80_s42_default_farthestpose_sharedcam/eval_results.json,bonsai_2_n80_s42_default_farthestpose_sharedcam,bonsai_2_n80_s42_default_farthestpose_sharedcam_i80_gteval_poseopt_steps15000_val_step14999.json,64998,,colmap | farthestpose,80.0
colmap,87,42,,3866,,,,,0,10,farthestpose,87,GT Eval,,,,Pose Opt,,,,,0.0,,False,1.0,1.0,colmap,drums,pinhole,,15000,15000,default,MCMC,,,,,Shared Cam,,,,,,gsplat,,synthetic,22.8007869720459,0.08921363204717636,0.906125545501709,1000000,0.0019269566982984543,0.09517744928598404,0.015581444837152958,0.016012171283364296,0.8034973809032024,0.13361671317880486,3866,/home/ojab2/work/git/gsplat/results/colmap_outputs/drums_1_n87_s42_default_mpinhole_farthestpose_sharedcam_i87_gteval_poseopt_steps15000/stats/val_step14999.json,/home/ojab2/work/git/gsplat/results/colmap_outputs/drums_1_n87_s42_default_mpinhole_farthestpose_sharedcam_i87_gteval_poseopt_steps15000/stats/val_step14999.json,drums_1_n87_s42_default_mpinhole_farthestpose_sharedcam_i87_gteval_poseopt_steps15000,0.1528,0.009899,79,0.837402,,,,/home/ojab2/work/git/vggt/colmap_outputs/drums_1_n87_s42_default_mpinhole_farthestpose_sharedcam/eval_results.json,drums_1_n87_s42_default_mpinhole_farthestpose_sharedcam,drums_1_n87_s42_default_mpinhole_farthestpose_sharedcam_i87_gteval_poseopt_steps15000_val_step14999.json,3866,,colmap | farthestpose,87.0
colmap,87,42,,5146,,,,,0,10,farthestpose,87,GT Eval,,,,Pose Opt,,,,,0.0,,False,1.0,1.0,colmap,ship,pinhole,,15000,15000,default,MCMC,,,,,Shared Cam,,,,,,gsplat,,synthetic,22.677448272705078,0.14222858846187592,0.7592695951461792,1000000,0.0022772701922804117,0.12901882827281952,0.03049098327755928,0.028810393065214157,0.6826073764554086,0.21275657137381176,5146,/home/ojab2/work/git/gsplat/results/colmap_outputs/ship_1_n87_s42_default_mpinhole_farthestpose_sharedcam_i87_gteval_poseopt_steps15000/stats/val_step14999.json,/home/ojab2/work/git/gsplat/results/colmap_outputs/ship_1_n87_s42_default_mpinhole_farthestpose_sharedcam_i87_gteval_poseopt_steps15000/stats/val_step14999.json,ship_1_n87_s42_default_mpinhole_farthestpose_sharedcam_i87_gteval_poseopt_steps15000,0.2458,0.011214,80,0.865091,,,,/home/ojab2/work/git/vggt/colmap_outputs/ship_1_n87_s42_default_mpinhole_farthestpose_sharedcam/eval_results.json,ship_1_n87_s42_default_mpinhole_farthestpose_sharedcam,ship_1_n87_s42_default_mpinhole_farthestpose_sharedcam_i87_gteval_poseopt_steps15000_val_step14999.json,5146,,colmap | farthestpose,87.0
colmap,87,42,,10313,,,,,0,10,farthestpose,87,GT Eval,,,,Pose Opt,,,,,0.0,,False,1.0,1.0,colmap,lego,pinhole,,15000,15000,default,MCMC,,,,,Shared Cam,,,,,,gsplat,,synthetic,23.415613174438477,0.06068120896816254,0.8655398488044739,1000000,0.11611875891685486,10.428851127624512,0.020421398803591728,0.021033968776464462,0.8087613326028387,0.14397459069395593,10313,/home/ojab2/work/git/gsplat/results/colmap_outputs/lego_1_n87_s42_default_mpinhole_farthestpose_sharedcam_i87_gteval_poseopt_steps15000/stats/val_step14999.json,/home/ojab2/work/git/gsplat/results/colmap_outputs/lego_1_n87_s42_default_mpinhole_farthestpose_sharedcam_i87_gteval_poseopt_steps15000/stats/val_step14999.json,lego_1_n87_s42_default_mpinhole_farthestpose_sharedcam_i87_gteval_poseopt_steps15000,10.4784,0.403756,87,0.885202,,,,/home/ojab2/work/git/vggt/colmap_outputs/lego_1_n87_s42_default_mpinhole_farthestpose_sharedcam/eval_results.json,lego_1_n87_s42_default_mpinhole_farthestpose_sharedcam,lego_1_n87_s42_default_mpinhole_farthestpose_sharedcam_i87_gteval_poseopt_steps15000_val_step14999.json,10313,,colmap | farthestpose,87.0
colmap,90,42,,13508,,,,,0,10,farthestpose,90,GT Eval,,,,Pose Opt,,,,,0.0,,False,1.0,1.0,colmap,bicycle,,,15000,15000,default,MCMC,,,,,Shared Cam,,,,,,gsplat,,outdoor,21.84345245361328,0.37501060962677,0.5299972295761108,1000000,0.0023152194917201996,0.12587085366249084,,,0.3893929970117263,0.3557064166456288,13508,/home/ojab2/work/git/gsplat/results/colmap_outputs/bicycle_4_n90_s42_default_farthestpose_sharedcam_i90_gteval_poseopt_steps15000/stats/val_step14999.json,/home/ojab2/work/git/gsplat/results/colmap_outputs/bicycle_4_n90_s42_default_farthestpose_sharedcam_i90_gteval_poseopt_steps15000/stats/val_step14999.json,bicycle_4_n90_s42_default_farthestpose_sharedcam_i90_gteval_poseopt_steps15000,0.1166,0.008212,90,1.09113,,,,/home/ojab2/work/git/vggt/colmap_outputs/bicycle_4_n90_s42_default_farthestpose_sharedcam/eval_results.json,bicycle_4_n90_s42_default_farthestpose_sharedcam,bicycle_4_n90_s42_default_farthestpose_sharedcam_i90_gteval_poseopt_steps15000_val_step14999.json,13508,,colmap | farthestpose,90.0
colmap,90,42,,73160,,,,,0,10,farthestpose,90,GT Eval,,,,Pose Opt,,,,,0.0,,False,1.0,1.0,colmap,bonsai,,,15000,15000,default,MCMC,,,,,Shared Cam,,,,,,gsplat,,indoor,23.155616760253906,0.19692406058311462,0.719988226890564,1000000,0.012293576262891293,0.12307452410459518,,,0.6347281509517771,0.24364030437027542,73160,/home/ojab2/work/git/gsplat/results/colmap_outputs/bonsai_2_n90_s42_default_farthestpose_sharedcam_i90_gteval_poseopt_steps15000/stats/val_step14999.json,/home/ojab2/work/git/gsplat/results/colmap_outputs/bonsai_2_n90_s42_default_farthestpose_sharedcam_i90_gteval_poseopt_steps15000/stats/val_step14999.json,bonsai_2_n90_s42_default_farthestpose_sharedcam_i90_gteval_poseopt_steps15000,0.187,0.059543,90,1.124589,,,,/home/ojab2/work/git/vggt/colmap_outputs/bonsai_2_n90_s42_default_farthestpose_sharedcam/eval_results.json,bonsai_2_n90_s42_default_farthestpose_sharedcam,bonsai_2_n90_s42_default_farthestpose_sharedcam_i90_gteval_poseopt_steps15000_val_step14999.json,73160,,colmap | farthestpose,90.0
colmap,100,42,,17352,,,,,0,10,farthestpose,100,GT Eval,,,,Pose Opt,,,,,0.0,,False,1.0,1.0,colmap,bicycle,,,15000,15000,default,MCMC,,,,,Shared Cam,,,,,,gsplat,,outdoor,22.163246154785156,0.3494715690612793,0.5586552619934082,1000000,0.002470657927915454,0.1106053814291954,,,0.42783902572919363,0.3399620648095866,17352,/home/ojab2/work/git/gsplat/results/colmap_outputs/bicycle_4_n100_s42_default_farthestpose_sharedcam_i100_gteval_poseopt_steps15000/stats/val_step14999.json,/home/ojab2/work/git/gsplat/results/colmap_outputs/bicycle_4_n100_s42_default_farthestpose_sharedcam_i100_gteval_poseopt_steps15000/stats/val_step14999.json,bicycle_4_n100_s42_default_farthestpose_sharedcam_i100_gteval_poseopt_steps15000,0.0986,0.006893,100,1.077433,,,,/home/ojab2/work/git/vggt/colmap_outputs/bicycle_4_n100_s42_default_farthestpose_sharedcam/eval_results.json,bicycle_4_n100_s42_default_farthestpose_sharedcam,bicycle_4_n100_s42_default_farthestpose_sharedcam_i100_gteval_poseopt_steps15000_val_step14999.json,17352,,colmap | farthestpose,100.0
colmap,100,42,,19683,,,,,0,10,farthestpose,100,GT Eval,,,,Pose Opt,,,,,0.0,,False,1.0,1.0,colmap,stump,,,15000,15000,default,MCMC,,,,,Shared Cam,,,,,,gsplat,,outdoor,24.832897186279297,0.3404231071472168,0.6964612603187561,1000000,0.001068504061549902,0.03414143621921539,,,0.563450781225461,0.2982176433162218,19683,/home/ojab2/work/git/gsplat/results/colmap_outputs/stump_2_n100_s42_default_farthestpose_sharedcam_i100_gteval_poseopt_steps15000/stats/val_step14999.json,/home/ojab2/work/git/gsplat/results/colmap_outputs/stump_2_n100_s42_default_farthestpose_sharedcam_i100_gteval_poseopt_steps15000/stats/val_step14999.json,stump_2_n100_s42_default_farthestpose_sharedcam_i100_gteval_poseopt_steps15000,0.0219,0.002013,100,0.977613,,,,/home/ojab2/work/git/vggt/colmap_outputs/stump_2_n100_s42_default_farthestpose_sharedcam/eval_results.json,stump_2_n100_s42_default_farthestpose_sharedcam,stump_2_n100_s42_default_farthestpose_sharedcam_i100_gteval_poseopt_steps15000_val_step14999.json,19683,,colmap | farthestpose,100.0
colmap,100,42,,60980,,,,,0,10,farthestpose,100,GT Eval,,,,Pose Opt,,,,,0.0,,False,1.0,1.0,colmap,counter,,,15000,15000,default,MCMC,,,,,Shared Cam,,,,,,gsplat,,indoor,25.227703094482422,0.18847616016864777,0.8500107526779175,1000000,0.0002561314613558352,0.025510873645544052,,,0.7543514382343466,0.19292045401160557,60980,/home/ojab2/work/git/gsplat/results/colmap_outputs/counter_2_n100_s42_default_farthestpose_sharedcam_i100_gteval_poseopt_steps15000/stats/val_step14999.json,/home/ojab2/work/git/gsplat/results/colmap_outputs/counter_2_n100_s42_default_farthestpose_sharedcam_i100_gteval_poseopt_steps15000/stats/val_step14999.json,counter_2_n100_s42_default_farthestpose_sharedcam_i100_gteval_poseopt_steps15000,0.029,0.002114,100,1.074256,,,,/home/ojab2/work/git/vggt/colmap_outputs/counter_2_n100_s42_default_farthestpose_sharedcam/eval_results.json,counter_2_n100_s42_default_farthestpose_sharedcam,counter_2_n100_s42_default_farthestpose_sharedcam_i100_gteval_poseopt_steps15000_val_step14999.json,60980,,colmap | farthestpose,100.0
colmap,100,42,,70656,,,,,0,10,farthestpose,100,GT Eval,,,,Pose Opt,,,,,0.0,,False,1.0,1.0,colmap,garden,,,15000,15000,default,MCMC,,,,,Shared Cam,,,,,,gsplat,,outdoor,22.12991714477539,0.2636813521385193,0.5120896697044373,1000000,0.0005747699178755283,0.04868227615952492,,,0.45294740534665295,0.3227702522973086,70656,/home/ojab2/work/git/gsplat/results/colmap_outputs/garden_2_n100_s42_default_farthestpose_sharedcam_i100_gteval_poseopt_steps15000/stats/val_step14999.json,/home/ojab2/work/git/gsplat/results/colmap_outputs/garden_2_n100_s42_default_farthestpose_sharedcam_i100_gteval_poseopt_steps15000/stats/val_step14999.json,garden_2_n100_s42_default_farthestpose_sharedcam_i100_gteval_poseopt_steps15000,0.0628,0.002621,100,1.057253,,,,/home/ojab2/work/git/vggt/colmap_outputs/garden_2_n100_s42_default_farthestpose_sharedcam/eval_results.json,garden_2_n100_s42_default_farthestpose_sharedcam,garden_2_n100_s42_default_farthestpose_sharedcam_i100_gteval_poseopt_steps15000_val_step14999.json,70656,,colmap | farthestpose,100.0
colmap,100,42,,80892,,,,,0,10,farthestpose,100,GT Eval,,,,Pose Opt,,,,,0.0,,False,1.0,1.0,colmap,bonsai,,,15000,15000,default,MCMC,,,,,Shared Cam,,,,,,gsplat,,indoor,24.653011322021484,0.17453931272029877,0.7761514782905579,1000000,0.0010529047576710582,0.09680686891078949,,,0.7091194321343928,0.2170303140499316,80892,/home/ojab2/work/git/gsplat/results/colmap_outputs/bonsai_2_n100_s42_default_farthestpose_sharedcam_i100_gteval_poseopt_steps15000/stats/val_step14999.json,/home/ojab2/work/git/gsplat/results/colmap_outputs/bonsai_2_n100_s42_default_farthestpose_sharedcam_i100_gteval_poseopt_steps15000/stats/val_step14999.json,bonsai_2_n100_s42_default_farthestpose_sharedcam_i100_gteval_poseopt_steps15000,0.1581,0.013152,100,1.113392,,,,/home/ojab2/work/git/vggt/colmap_outputs/bonsai_2_n100_s42_default_farthestpose_sharedcam/eval_results.json,bonsai_2_n100_s42_default_farthestpose_sharedcam,bonsai_2_n100_s42_default_farthestpose_sharedcam_i100_gteval_poseopt_steps15000_val_step14999.json,80892,,colmap | farthestpose,100.0
colmap,100,42,,92853,,,,,0,10,farthestpose,100,GT Eval,,,,Pose Opt,,,,,0.0,,False,1.0,1.0,colmap,kitchen,,,15000,15000,default,MCMC,,,,,Shared Cam,,,,,,gsplat,,indoor,21.59664535522461,0.14201965928077698,0.49743717908859253,1000000,0.0009081275202333927,0.09359873086214066,,,0.5096031042799847,0.28595332267000567,92853,/home/ojab2/work/git/gsplat/results/colmap_outputs/kitchen_2_n100_s42_default_farthestpose_sharedcam_i100_gteval_poseopt_steps15000/stats/val_step14999.json,/home/ojab2/work/git/gsplat/results/colmap_outputs/kitchen_2_n100_s42_default_farthestpose_sharedcam_i100_gteval_poseopt_steps15000/stats/val_step14999.json,kitchen_2_n100_s42_default_farthestpose_sharedcam_i100_gteval_poseopt_steps15000,0.1073,0.004456,100,1.070086,,,,/home/ojab2/work/git/vggt/colmap_outputs/kitchen_2_n100_s42_default_farthestpose_sharedcam/eval_results.json,kitchen_2_n100_s42_default_farthestpose_sharedcam,kitchen_2_n100_s42_default_farthestpose_sharedcam_i100_gteval_poseopt_steps15000_val_step14999.json,92853,,colmap | farthestpose,100.0
colmap,10,42,,,,,,,0,10,farthestpose,,,,,,,,,,,0.0,,False,1.0,1.0,vggt,bicycle,,,,,default,MCMC,,,,,Shared Cam,,,,,,failed_sfm,,outdoor,,,,,,,,,,,,/home/ojab2/work/git/vggt/colmap_outputs/bicycle_4_n10_s42_default_farthestpose_sharedcam/failed_eval.json,,bicycle_4_n10_s42_default_farthestpose_sharedcam,,,,,,,,,bicycle_4_n10_s42_default_farthestpose_sharedcam,,,/home/ojab2/work/git/vggt/colmap_outputs/bicycle_4_n10_s42_default_farthestpose_sharedcam/failed_eval.json,colmap | farthestpose,10.0
colmap,10,42,,,,,,,0,10,farthestpose,,,,,,,,,,,0.0,,False,1.0,1.0,vggt,stump,,,,,default,MCMC,,,,,Shared Cam,,,,,,failed_sfm,,outdoor,,,,,,,,,,,,/home/ojab2/work/git/vggt/colmap_outputs/stump_2_n10_s42_default_farthestpose_sharedcam/failed_eval.json,,stump_2_n10_s42_default_farthestpose_sharedcam,,,,,,,,,stump_2_n10_s42_default_farthestpose_sharedcam,,,/home/ojab2/work/git/vggt/colmap_outputs/stump_2_n10_s42_default_farthestpose_sharedcam/failed_eval.json,colmap | farthestpose,10.0
colmap,10,42,,,,,,,0,10,farthestpose,,,,,,,,,,,0.0,,False,1.0,1.0,vggt,lego,pinhole,,,,default,MCMC,,,,,Shared Cam,,,,,,failed_sfm,,synthetic,,,,,,,,,,,,/home/ojab2/work/git/vggt/colmap_outputs/lego_1_n10_s42_default_mpinhole_farthestpose_sharedcam/failed_eval.json,,lego_1_n10_s42_default_mpinhole_farthestpose_sharedcam,,,,,,,,,lego_1_n10_s42_default_mpinhole_farthestpose_sharedcam,,,/home/ojab2/work/git/vggt/colmap_outputs/lego_1_n10_s42_default_mpinhole_farthestpose_sharedcam/failed_eval.json,colmap | farthestpose,10.0
colmap,10,42,,,,,,,0,10,farthestpose,,,,,,,,,,,0.0,,False,1.0,1.0,vggt,ship,pinhole,,,,default,MCMC,,,,,Shared Cam,,,,,,failed_sfm,,synthetic,,,,,,,,,,,,/home/ojab2/work/git/vggt/colmap_outputs/ship_1_n10_s42_default_mpinhole_farthestpose_sharedcam/failed_eval.json,,ship_1_n10_s42_default_mpinhole_farthestpose_sharedcam,,,,,,,,,ship_1_n10_s42_default_mpinhole_farthestpose_sharedcam,,,/home/ojab2/work/git/vggt/colmap_outputs/ship_1_n10_s42_default_mpinhole_farthestpose_sharedcam/failed_eval.json,colmap | farthestpose,10.0
colmap,10,42,,,,,,,0,10,farthestpose,,,,,,,,,,,0.0,,False,1.0,1.0,vggt,drums,pinhole,,,,default,MCMC,,,,,Shared Cam,,,,,,failed_sfm,,synthetic,,,,,,,,,,,,/home/ojab2/work/git/vggt/colmap_outputs/drums_1_n10_s42_default_mpinhole_farthestpose_sharedcam/failed_eval.json,,drums_1_n10_s42_default_mpinhole_farthestpose_sharedcam,,,,,,,,,drums_1_n10_s42_default_mpinhole_farthestpose_sharedcam,,,/home/ojab2/work/git/vggt/colmap_outputs/drums_1_n10_s42_default_mpinhole_farthestpose_sharedcam/failed_eval.json,colmap | farthestpose,10.0
vggt,10,42,0.0,100000,random,,,,0,10,farthestpose,10,GT Eval,,,,Pose Opt,,,,,0.0,,False,1.0,1.0,vggt,bonsai,,,15000,15000,,MCMC,,,,,,,,,,,gsplat,,indoor,14.487955093383789,0.56114661693573,0.4374145269393921,1000000,0.02442226931452751,1.2102712392807007,,,0.08413938162309778,0.44892782592211633,100000,/home/ojab2/work/git/gsplat/results/vggt_outputs/bonsai_2_n10_s42_c0.0_p100000_random_farthestpose_i10_gteval_poseopt_steps15000/stats/val_step14999.json,/home/ojab2/work/git/gsplat/results/vggt_outputs/bonsai_2_n10_s42_c0.0_p100000_random_farthestpose_i10_gteval_poseopt_steps15000/stats/val_step14999.json,bonsai_2_n10_s42_c0.0_p100000_random_farthestpose_i10_gteval_poseopt_steps15000,1.2121,0.105759,10,7.840031,,,,/home/ojab2/work/git/vggt/vggt_outputs/bonsai_2_n10_s42_c0.0_p100000_random_farthestpose/eval_results.json,bonsai_2_n10_s42_c0.0_p100000_random_farthestpose,bonsai_2_n10_s42_c0.0_p100000_random_farthestpose_i10_gteval_poseopt_steps15000_val_step14999.json,100000,,vggt | farthestpose,10.0
vggt,10,42,0.0,100000,random,,,,0,10,farthestpose,10,GT Eval,,,,Pose Opt,,,,,0.0,,False,1.0,1.0,vggt,kitchen,,,15000,15000,,MCMC,,,,,,,,,,,gsplat,,indoor,16.831378936767578,0.35423943400382996,0.37673231959342957,1000000,0.0065124803222715855,0.31609341502189636,,,0.21976993179228335,0.38815167394071826,100000,/home/ojab2/work/git/gsplat/results/vggt_outputs/kitchen_2_n10_s42_c0.0_p100000_random_farthestpose_i10_gteval_poseopt_steps15000/stats/val_step14999.json,/home/ojab2/work/git/gsplat/results/vggt_outputs/kitchen_2_n10_s42_c0.0_p100000_random_farthestpose_i10_gteval_poseopt_steps15000/stats/val_step14999.json,kitchen_2_n10_s42_c0.0_p100000_random_farthestpose_i10_gteval_poseopt_steps15000,0.313,0.033085,10,4.824765,,,,/home/ojab2/work/git/vggt/vggt_outputs/kitchen_2_n10_s42_c0.0_p100000_random_farthestpose/eval_results.json,kitchen_2_n10_s42_c0.0_p100000_random_farthestpose,kitchen_2_n10_s42_c0.0_p100000_random_farthestpose_i10_gteval_poseopt_steps15000_val_step14999.json,100000,,vggt | farthestpose,10.0
vggt,10,42,0.0,100000,random,,,,0,10,farthestpose,10,GT Eval,,,,Pose Opt,,,,,0.0,,False,1.0,1.0,vggt,counter,,,15000,15000,,MCMC,,,,,,,,,,,gsplat,,indoor,14.630772590637207,0.529693603515625,0.4285721480846405,1000000,0.011409209109842777,1.032991886138916,,,0.10102860868713007,0.4400169804697292,100000,/home/ojab2/work/git/gsplat/results/vggt_outputs/counter_2_n10_s42_c0.0_p100000_random_farthestpose_i10_gteval_poseopt_steps15000/stats/val_step14999.json,/home/ojab2/work/git/gsplat/results/vggt_outputs/counter_2_n10_s42_c0.0_p100000_random_farthestpose_i10_gteval_poseopt_steps15000/stats/val_step14999.json,counter_2_n10_s42_c0.0_p100000_random_farthestpose_i10_gteval_poseopt_steps15000,1.0595,0.054762,10,4.672631,,,,/home/ojab2/work/git/vggt/vggt_outputs/counter_2_n10_s42_c0.0_p100000_random_farthestpose/eval_results.json,counter_2_n10_s42_c0.0_p100000_random_farthestpose,counter_2_n10_s42_c0.0_p100000_random_farthestpose_i10_gteval_poseopt_steps15000_val_step14999.json,100000,,vggt | farthestpose,10.0
vggt,10,42,0.0,100000,random,,,,0,10,farthestpose,10,GT Eval,,,,Pose Opt,,,,,0.0,,False,1.0,1.0,vggt,bicycle,,,15000,15000,,MCMC,,,,,,,,,,,gsplat,,outdoor,13.894234657287598,0.5660611391067505,0.15039774775505066,1000000,0.03303282707929611,1.7695362567901611,,,-0.09773516662714143,0.5095306649321875,100000,/home/ojab2/work/git/gsplat/results/vggt_outputs/bicycle_4_n10_s42_c0.0_p100000_random_farthestpose_i10_gteval_poseopt_steps15000/stats/val_step14999.json,/home/ojab2/work/git/gsplat/results/vggt_outputs/bicycle_4_n10_s42_c0.0_p100000_random_farthestpose_i10_gteval_poseopt_steps15000/stats/val_step14999.json,bicycle_4_n10_s42_c0.0_p100000_random_farthestpose_i10_gteval_poseopt_steps15000,1.7481,0.149304,10,6.38044,,,,/home/ojab2/work/git/vggt/vggt_outputs/bicycle_4_n10_s42_c0.0_p100000_random_farthestpose/eval_results.json,bicycle_4_n10_s42_c0.0_p100000_random_farthestpose,bicycle_4_n10_s42_c0.0_p100000_random_farthestpose_i10_gteval_poseopt_steps15000_val_step14999.json,100000,,vggt | farthestpose,10.0
vggt,10,42,0.0,100000,random,,,,0,10,farthestpose,10,GT Eval,,,,Pose Opt,,,,,0.0,,False,1.0,1.0,vggt,garden,,,15000,15000,,MCMC,,,,,,,,,,,gsplat,,outdoor,15.86151123046875,0.44289296865463257,0.24762408435344696,1000000,0.009286259301006794,0.4746391773223877,,,0.07158312265403557,0.4454072638162994,100000,/home/ojab2/work/git/gsplat/results/vggt_outputs/garden_2_n10_s42_c0.0_p100000_random_farthestpose_i10_gteval_poseopt_steps15000/stats/val_step14999.json,/home/ojab2/work/git/gsplat/results/vggt_outputs/garden_2_n10_s42_c0.0_p100000_random_farthestpose_i10_gteval_poseopt_steps15000/stats/val_step14999.json,garden_2_n10_s42_c0.0_p100000_random_farthestpose_i10_gteval_poseopt_steps15000,0.7164,0.041493,10,6.042358,,,,/home/ojab2/work/git/vggt/vggt_outputs/garden_2_n10_s42_c0.0_p100000_random_farthestpose/eval_results.json,garden_2_n10_s42_c0.0_p100000_random_farthestpose,garden_2_n10_s42_c0.0_p100000_random_farthestpose_i10_gteval_poseopt_steps15000_val_step14999.json,100000,,vggt | farthestpose,10.0
vggt,10,42,0.0,100000,random,,,,0,10,farthestpose,10,GT Eval,,,,Pose Opt,,,,,0.0,,False,1.0,1.0,vggt,stump,,,15000,15000,,MCMC,,,,,,,,,,,gsplat,,outdoor,14.979829788208008,0.5985628366470337,0.2731395959854126,1000000,0.11537380516529083,2.3631744384765625,,,-0.025915470736765662,0.4942979692303875,100000,/home/ojab2/work/git/gsplat/results/vggt_outputs/stump_2_n10_s42_c0.0_p100000_random_farthestpose_i10_gteval_poseopt_steps15000/stats/val_step14999.json,/home/ojab2/work/git/gsplat/results/vggt_outputs/stump_2_n10_s42_c0.0_p100000_random_farthestpose_i10_gteval_poseopt_steps15000/stats/val_step14999.json,stump_2_n10_s42_c0.0_p100000_random_farthestpose_i10_gteval_poseopt_steps15000,2.3893,0.483844,10,7.015653,,,,/home/ojab2/work/git/vggt/vggt_outputs/stump_2_n10_s42_c0.0_p100000_random_farthestpose/eval_results.json,stump_2_n10_s42_c0.0_p100000_random_farthestpose,stump_2_n10_s42_c0.0_p100000_random_farthestpose_i10_gteval_poseopt_steps15000_val_step14999.json,100000,,vggt | farthestpose,10.0
vggt,10,42,0.0,100000,random,,,,0,10,farthestpose,10,GT Eval,,,,Pose Opt,,,,,0.0,,False,1.0,1.0,vggt,lego,,,15000,15000,,MCMC,,,,,,,,,,,gsplat,,synthetic,13.160910606384277,0.3646426200866699,0.5981189608573914,1000000,0.03498070314526558,2.4989686012268066,0.18922840058803558,0.053148090839385986,0.27484244832441046,0.34895975089048586,100000,/home/ojab2/work/git/gsplat/results/vggt_outputs/lego_1_n10_s42_c0.0_p100000_random_farthestpose_i10_gteval_poseopt_steps15000/stats/val_step14999.json,/home/ojab2/work/git/gsplat/results/vggt_outputs/lego_1_n10_s42_c0.0_p100000_random_farthestpose_i10_gteval_poseopt_steps15000/stats/val_step14999.json,lego_1_n10_s42_c0.0_p100000_random_farthestpose_i10_gteval_poseopt_steps15000,2.5484,0.158437,10,4.111717,0.0943,0.0269,0.1191,/home/ojab2/work/git/vggt/vggt_outputs/lego_1_n10_s42_c0.0_p100000_random_farthestpose/eval_results.json,lego_1_n10_s42_c0.0_p100000_random_farthestpose,lego_1_n10_s42_c0.0_p100000_random_farthestpose_i10_gteval_poseopt_steps15000_val_step14999.json,100000,,vggt | farthestpose,10.0
vggt,10,42,0.0,100000,random,,,,0,10,farthestpose,10,GT Eval,,,,Pose Opt,,,,,0.0,,False,1.0,1.0,vggt,ship,,,15000,15000,,MCMC,,,,,,,,,,,gsplat,,synthetic,20.7423038482666,0.17377804219722748,0.6939605474472046,1000000,0.003777428064495325,0.24968695640563965,0.12417115271091461,0.03369256854057312,0.5891039715989059,0.24513841459102229,100000,/home/ojab2/work/git/gsplat/results/vggt_outputs/ship_1_n10_s42_c0.0_p100000_random_farthestpose_i10_gteval_poseopt_steps15000/stats/val_step14999.json,/home/ojab2/work/git/gsplat/results/vggt_outputs/ship_1_n10_s42_c0.0_p100000_random_farthestpose_i10_gteval_poseopt_steps15000/stats/val_step14999.json,ship_1_n10_s42_c0.0_p100000_random_farthestpose_i10_gteval_poseopt_steps15000,0.3226,0.021268,10,4.196754,0.0995,0.0276,0.2459,/home/ojab2/work/git/vggt/vggt_outputs/ship_1_n10_s42_c0.0_p100000_random_farthestpose/eval_results.json,ship_1_n10_s42_c0.0_p100000_random_farthestpose,ship_1_n10_s42_c0.0_p100000_random_farthestpose_i10_gteval_poseopt_steps15000_val_step14999.json,100000,,vggt | farthestpose,10.0
vggt,10,42,0.0,100000,random,,,,0,10,farthestpose,10,GT Eval,,,,Pose Opt,,,,,0.0,,False,1.0,1.0,vggt,drums,,,15000,15000,,MCMC,,,,,,,,,,,gsplat,,synthetic,12.552970886230469,0.41816696524620056,0.6033636331558228,1000000,0.020867060869932175,1.1331332921981812,0.2664596736431122,0.06933683156967163,0.23361164594796507,0.36783670290435333,100000,/home/ojab2/work/git/gsplat/results/vggt_outputs/drums_1_n10_s42_c0.0_p100000_random_farthestpose_i10_gteval_poseopt_steps15000/stats/val_step14999.json,/home/ojab2/work/git/gsplat/results/vggt_outputs/drums_1_n10_s42_c0.0_p100000_random_farthestpose_i10_gteval_poseopt_steps15000/stats/val_step14999.json,drums_1_n10_s42_c0.0_p100000_random_farthestpose_i10_gteval_poseopt_steps15000,1.1533,0.077913,10,3.951663,,,,/home/ojab2/work/git/vggt/vggt_outputs/drums_1_n10_s42_c0.0_p100000_random_farthestpose/eval_results.json,drums_1_n10_s42_c0.0_p100000_random_farthestpose,drums_1_n10_s42_c0.0_p100000_random_farthestpose_i10_gteval_poseopt_steps15000_val_step14999.json,100000,,vggt | farthestpose,10.0
vggt,20,42,0.0,100000,random,,,,0,10,farthestpose,20,GT Eval,,,,Pose Opt,,,,,0.0,,False,1.0,1.0,vggt,bonsai,,,15000,15000,,MCMC,,,,,,,,,,,gsplat,,indoor,16.24112892150879,0.46481478214263916,0.501432478427887,1000000,0.02400674857199192,0.9037681818008423,,,0.21350705770798672,0.39822338226961573,100000,/home/ojab2/work/git/gsplat/results/vggt_outputs/bonsai_2_n20_s42_c0.0_p100000_random_farthestpose_i20_gteval_poseopt_steps15000/stats/val_step14999.json,/home/ojab2/work/git/gsplat/results/vggt_outputs/bonsai_2_n20_s42_c0.0_p100000_random_farthestpose_i20_gteval_poseopt_steps15000/stats/val_step14999.json,bonsai_2_n20_s42_c0.0_p100000_random_farthestpose_i20_gteval_poseopt_steps15000,0.8715,0.105606,20,7.855938,,,,/home/ojab2/work/git/vggt/vggt_outputs/bonsai_2_n20_s42_c0.0_p100000_random_farthestpose/eval_results.json,bonsai_2_n20_s42_c0.0_p100000_random_farthestpose,bonsai_2_n20_s42_c0.0_p100000_random_farthestpose_i20_gteval_poseopt_steps15000_val_step14999.json,100000,,vggt | farthestpose,20.0
vggt,20,42,0.0,100000,random,,,,0,10,farthestpose,20,GT Eval,,,,Pose Opt,,,,,0.0,,False,1.0,1.0,vggt,kitchen,,,15000,15000,,MCMC,,,,,,,,,,,gsplat,,indoor,17.5094051361084,0.2899823486804962,0.4110972285270691,1000000,0.006482676602900028,0.24654598534107208,,,0.29208727797724504,0.35837556042741314,100000,/home/ojab2/work/git/gsplat/results/vggt_outputs/kitchen_2_n20_s42_c0.0_p100000_random_farthestpose_i20_gteval_poseopt_steps15000/stats/val_step14999.json,/home/ojab2/work/git/gsplat/results/vggt_outputs/kitchen_2_n20_s42_c0.0_p100000_random_farthestpose_i20_gteval_poseopt_steps15000/stats/val_step14999.json,kitchen_2_n20_s42_c0.0_p100000_random_farthestpose_i20_gteval_poseopt_steps15000,0.3053,0.029336,20,4.779324,,,,/home/ojab2/work/git/vggt/vggt_outputs/kitchen_2_n20_s42_c0.0_p100000_random_farthestpose/eval_results.json,kitchen_2_n20_s42_c0.0_p100000_random_farthestpose,kitchen_2_n20_s42_c0.0_p100000_random_farthestpose_i20_gteval_poseopt_steps15000_val_step14999.json,100000,,vggt | farthestpose,20.0
vggt,20,42,0.0,100000,random,,,,0,10,farthestpose,20,GT Eval,,,,Pose Opt,,,,,0.0,,False,1.0,1.0,vggt,counter,,,15000,15000,,MCMC,,,,,,,,,,,gsplat,,indoor,16.50326156616211,0.4099852442741394,0.4949265122413635,1000000,0.0066604032181203365,0.4224449694156647,,,0.24840210109968477,0.38101362440123054,100000,/home/ojab2/work/git/gsplat/results/vggt_outputs/counter_2_n20_s42_c0.0_p100000_random_farthestpose_i20_gteval_poseopt_steps15000/stats/val_step14999.json,/home/ojab2/work/git/gsplat/results/vggt_outputs/counter_2_n20_s42_c0.0_p100000_random_farthestpose_i20_gteval_poseopt_steps15000/stats/val_step14999.json,counter_2_n20_s42_c0.0_p100000_random_farthestpose_i20_gteval_poseopt_steps15000,0.4873,0.036401,20,4.739446,,,,/home/ojab2/work/git/vggt/vggt_outputs/counter_2_n20_s42_c0.0_p100000_random_farthestpose/eval_results.json,counter_2_n20_s42_c0.0_p100000_random_farthestpose,counter_2_n20_s42_c0.0_p100000_random_farthestpose_i20_gteval_poseopt_steps15000_val_step14999.json,100000,,vggt | farthestpose,20.0
vggt,20,42,0.0,100000,random,,,,0,10,farthestpose,20,GT Eval,,,,Pose Opt,,,,,0.0,,False,1.0,1.0,vggt,bicycle,,,15000,15000,,MCMC,,,,,,,,,,,gsplat,,outdoor,15.618000984191895,0.4717748165130615,0.19081109762191772,1000000,0.02674267813563347,1.1133158206939697,,,0.016021403652882737,0.46625081922939604,100000,/home/ojab2/work/git/gsplat/results/vggt_outputs/bicycle_4_n20_s42_c0.0_p100000_random_farthestpose_i20_gteval_poseopt_steps15000/stats/val_step14999.json,/home/ojab2/work/git/gsplat/results/vggt_outputs/bicycle_4_n20_s42_c0.0_p100000_random_farthestpose_i20_gteval_poseopt_steps15000/stats/val_step14999.json,bicycle_4_n20_s42_c0.0_p100000_random_farthestpose_i20_gteval_poseopt_steps15000,1.1489,0.123985,20,6.103919,,,,/home/ojab2/work/git/vggt/vggt_outputs/bicycle_4_n20_s42_c0.0_p100000_random_farthestpose/eval_results.json,bicycle_4_n20_s42_c0.0_p100000_random_farthestpose,bicycle_4_n20_s42_c0.0_p100000_random_farthestpose_i20_gteval_poseopt_steps15000_val_step14999.json,100000,,vggt | farthestpose,20.0
vggt,20,42,0.0,100000,random,,,,0,10,farthestpose,20,GT Eval,,,,Pose Opt,,,,,0.0,,False,1.0,1.0,vggt,garden,,,15000,15000,,MCMC,,,,,,,,,,,gsplat,,outdoor,18.334653854370117,0.33225375413894653,0.3257960081100464,1000000,0.003356344997882843,0.14591506123542786,,,0.23139244685938326,0.3893421809100466,100000,/home/ojab2/work/git/gsplat/results/vggt_outputs/garden_2_n20_s42_c0.0_p100000_random_farthestpose_i20_gteval_poseopt_steps15000/stats/val_step14999.json,/home/ojab2/work/git/gsplat/results/vggt_outputs/garden_2_n20_s42_c0.0_p100000_random_farthestpose_i20_gteval_poseopt_steps15000/stats/val_step14999.json,garden_2_n20_s42_c0.0_p100000_random_farthestpose_i20_gteval_poseopt_steps15000,0.304,0.021383,20,6.348589,,,,/home/ojab2/work/git/vggt/vggt_outputs/garden_2_n20_s42_c0.0_p100000_random_farthestpose/eval_results.json,garden_2_n20_s42_c0.0_p100000_random_farthestpose,garden_2_n20_s42_c0.0_p100000_random_farthestpose_i20_gteval_poseopt_steps15000_val_step14999.json,100000,,vggt | farthestpose,20.0
vggt,20,42,0.0,100000,random,,,,0,10,farthestpose,20,GT Eval,,,,Pose Opt,,,,,0.0,,False,1.0,1.0,vggt,stump,,,15000,15000,,MCMC,,,,,,,,,,,gsplat,,outdoor,15.881011962890625,0.5566140413284302,0.29004812240600586,1000000,0.06916745752096176,3.0859811305999756,,,0.026555433298102317,0.4750056827904823,100000,/home/ojab2/work/git/gsplat/results/vggt_outputs/stump_2_n20_s42_c0.0_p100000_random_farthestpose_i20_gteval_poseopt_steps15000/stats/val_step14999.json,/home/ojab2/work/git/gsplat/results/vggt_outputs/stump_2_n20_s42_c0.0_p100000_random_farthestpose_i20_gteval_poseopt_steps15000/stats/val_step14999.json,stump_2_n20_s42_c0.0_p100000_random_farthestpose_i20_gteval_poseopt_steps15000,1.5109,0.298849,20,6.02322,,,,/home/ojab2/work/git/vggt/vggt_outputs/stump_2_n20_s42_c0.0_p100000_random_farthestpose/eval_results.json,stump_2_n20_s42_c0.0_p100000_random_farthestpose,stump_2_n20_s42_c0.0_p100000_random_farthestpose_i20_gteval_poseopt_steps15000_val_step14999.json,100000,,vggt | farthestpose,20.0
vggt,20,42,0.0,100000,random,,,,0,10,farthestpose,20,GT Eval,,,,Pose Opt,,,,,0.0,,False,1.0,1.0,vggt,lego,,,15000,15000,,MCMC,,,,,,,,,,,gsplat,,synthetic,13.527885437011719,0.3289046585559845,0.6177788972854614,1000000,0.0314418189227581,2.17228627204895,0.15538057684898376,0.04138690233230591,0.3151957874487095,0.3305091516587718,100000,/home/ojab2/work/git/gsplat/results/vggt_outputs/lego_1_n20_s42_c0.0_p100000_random_farthestpose_i20_gteval_poseopt_steps15000/stats/val_step14999.json,/home/ojab2/work/git/gsplat/results/vggt_outputs/lego_1_n20_s42_c0.0_p100000_random_farthestpose_i20_gteval_poseopt_steps15000/stats/val_step14999.json,lego_1_n20_s42_c0.0_p100000_random_farthestpose_i20_gteval_poseopt_steps15000,2.282,0.136623,20,4.112991,0.0677,0.0193,0.1011,/home/ojab2/work/git/vggt/vggt_outputs/lego_1_n20_s42_c0.0_p100000_random_farthestpose/eval_results.json,lego_1_n20_s42_c0.0_p100000_random_farthestpose,lego_1_n20_s42_c0.0_p100000_random_farthestpose_i20_gteval_poseopt_steps15000_val_step14999.json,100000,,vggt | farthestpose,20.0
vggt,20,42,0.0,100000,random,,,,0,10,farthestpose,20,GT Eval,,,,Pose Opt,,,,,0.0,,False,1.0,1.0,vggt,ship,,,15000,15000,,MCMC,,,,,,,,,,,gsplat,,synthetic,22.29784393310547,0.1319945603609085,0.7309792637825012,1000000,0.0047117359936237335,0.27472779154777527,0.10314862430095673,0.025460978969931602,0.6653509143306653,0.21885267008982215,100000,/home/ojab2/work/git/gsplat/results/vggt_outputs/ship_1_n20_s42_c0.0_p100000_random_farthestpose_i20_gteval_poseopt_steps15000/stats/val_step14999.json,/home/ojab2/work/git/gsplat/results/vggt_outputs/ship_1_n20_s42_c0.0_p100000_random_farthestpose_i20_gteval_poseopt_steps15000/stats/val_step14999.json,ship_1_n20_s42_c0.0_p100000_random_farthestpose_i20_gteval_poseopt_steps15000,0.3689,0.022972,20,4.180749,0.0975,0.0269,0.2478,/home/ojab2/work/git/vggt/vggt_outputs/ship_1_n20_s42_c0.0_p100000_random_farthestpose/eval_results.json,ship_1_n20_s42_c0.0_p100000_random_farthestpose,ship_1_n20_s42_c0.0_p100000_random_farthestpose_i20_gteval_poseopt_steps15000_val_step14999.json,100000,,vggt | farthestpose,20.0
vggt,20,42,0.0,100000,random,,,,0,10,farthestpose,20,GT Eval,,,,Pose Opt,,,,,0.0,,False,1.0,1.0,vggt,drums,,,15000,15000,,MCMC,,,,,,,,,,,gsplat,,synthetic,13.024746894836426,0.35147058963775635,0.6518818736076355,1000000,0.013671020977199078,0.8252199292182922,0.22249725461006165,0.06533606350421906,0.3118920809576618,0.3304399668677377,100000,/home/ojab2/work/git/gsplat/results/vggt_outputs/drums_1_n20_s42_c0.0_p100000_random_farthestpose_i20_gteval_poseopt_steps15000/stats/val_step14999.json,/home/ojab2/work/git/gsplat/results/vggt_outputs/drums_1_n20_s42_c0.0_p100000_random_farthestpose_i20_gteval_poseopt_steps15000/stats/val_step14999.json,drums_1_n20_s42_c0.0_p100000_random_farthestpose_i20_gteval_poseopt_steps15000,0.8537,0.052643,20,3.984908,,,,/home/ojab2/work/git/vggt/vggt_outputs/drums_1_n20_s42_c0.0_p100000_random_farthestpose/eval_results.json,drums_1_n20_s42_c0.0_p100000_random_farthestpose,drums_1_n20_s42_c0.0_p100000_random_farthestpose_i20_gteval_poseopt_steps15000_val_step14999.json,100000,,vggt | farthestpose,20.0
colmap,30,42,,,,,,,0,10,farthestpose,,,,,,,,,,,0.0,,False,1.0,1.0,vggt,stump,,,,,default,MCMC,,,,,Shared Cam,,,,,,sfm,,outdoor,,,,,,,,,,,,/home/ojab2/work/git/vggt/colmap_outputs/stump_2_n30_s42_default_farthestpose_sharedcam/eval_results.json,,stump_2_n30_s42_default_farthestpose_sharedcam,9.5272,0.202476,2,0.259046,,,,/home/ojab2/work/git/vggt/colmap_outputs/stump_2_n30_s42_default_farthestpose_sharedcam/eval_results.json,stump_2_n30_s42_default_farthestpose_sharedcam,,,,colmap | farthestpose,30.0
vggt,30,42,0.0,100000,random,,,,0,10,farthestpose,30,GT Eval,,,,Pose Opt,,,,,0.0,,False,1.0,1.0,vggt,bonsai,,,15000,15000,,MCMC,,,,,,,,,,,gsplat,,indoor,16.324657440185547,0.4496622383594513,0.5129817128181458,1000000,0.023799002170562744,0.9206830263137817,,,0.2311612424562317,0.39027958775051524,100000,/home/ojab2/work/git/gsplat/results/vggt_outputs/bonsai_2_n30_s42_c0.0_p100000_random_farthestpose_i30_gteval_poseopt_steps15000/stats/val_step14999.json,/home/ojab2/work/git/gsplat/results/vggt_outputs/bonsai_2_n30_s42_c0.0_p100000_random_farthestpose_i30_gteval_poseopt_steps15000/stats/val_step14999.json,bonsai_2_n30_s42_c0.0_p100000_random_farthestpose_i30_gteval_poseopt_steps15000,1.0012,0.109652,30,7.831735,,,,/home/ojab2/work/git/vggt/vggt_outputs/bonsai_2_n30_s42_c0.0_p100000_random_farthestpose/eval_results.json,bonsai_2_n30_s42_c0.0_p100000_random_farthestpose,bonsai_2_n30_s42_c0.0_p100000_random_farthestpose_i30_gteval_poseopt_steps15000_val_step14999.json,100000,,vggt | farthestpose,30.0
vggt,30,42,0.0,100000,random,,,,0,10,farthestpose,30,GT Eval,,,,Pose Opt,,,,,0.0,,False,1.0,1.0,vggt,kitchen,,,15000,15000,,MCMC,,,,,,,,,,,gsplat,,indoor,19.270221710205078,0.22625146806240082,0.49594083428382874,1000000,0.004843368194997311,0.16266058385372162,,,0.4136511857940285,0.31601750752141605,100000,/home/ojab2/work/git/gsplat/results/vggt_outputs/kitchen_2_n30_s42_c0.0_p100000_random_farthestpose_i30_gteval_poseopt_steps15000/stats/val_step14999.json,/home/ojab2/work/git/gsplat/results/vggt_outputs/kitchen_2_n30_s42_c0.0_p100000_random_farthestpose_i30_gteval_poseopt_steps15000/stats/val_step14999.json,kitchen_2_n30_s42_c0.0_p100000_random_farthestpose_i30_gteval_poseopt_steps15000,0.2666,0.028095,30,4.29831,,,,/home/ojab2/work/git/vggt/vggt_outputs/kitchen_2_n30_s42_c0.0_p100000_random_farthestpose/eval_results.json,kitchen_2_n30_s42_c0.0_p100000_random_farthestpose,kitchen_2_n30_s42_c0.0_p100000_random_farthestpose_i30_gteval_poseopt_steps15000_val_step14999.json,100000,,vggt | farthestpose,30.0
vggt,30,42,0.0,100000,random,,,,0,10,farthestpose,30,GT Eval,,,,Pose Opt,,,,,0.0,,False,1.0,1.0,vggt,counter,,,15000,15000,,MCMC,,,,,,,,,,,gsplat,,indoor,17.623441696166992,0.35817795991897583,0.5414295196533203,1000000,0.007026628591120243,0.3405108153820038,,,0.32832072391534795,0.3508802476364138,100000,/home/ojab2/work/git/gsplat/results/vggt_outputs/counter_2_n30_s42_c0.0_p100000_random_farthestpose_i30_gteval_poseopt_steps15000/stats/val_step14999.json,/home/ojab2/work/git/gsplat/results/vggt_outputs/counter_2_n30_s42_c0.0_p100000_random_farthestpose_i30_gteval_poseopt_steps15000/stats/val_step14999.json,counter_2_n30_s42_c0.0_p100000_random_farthestpose_i30_gteval_poseopt_steps15000,0.3534,0.03552,30,4.867009,,,,/home/ojab2/work/git/vggt/vggt_outputs/counter_2_n30_s42_c0.0_p100000_random_farthestpose/eval_results.json,counter_2_n30_s42_c0.0_p100000_random_farthestpose,counter_2_n30_s42_c0.0_p100000_random_farthestpose_i30_gteval_poseopt_steps15000_val_step14999.json,100000,,vggt | farthestpose,30.0
vggt,30,42,0.0,100000,random,,,,0,10,farthestpose,30,GT Eval,,,,Pose Opt,,,,,0.0,,False,1.0,1.0,vggt,bicycle,,,15000,15000,,MCMC,,,,,,,,,,,gsplat,,outdoor,16.09134292602539,0.4458269476890564,0.20969036221504211,1000000,0.019486337900161743,0.8984349966049194,,,0.05184470375611305,0.4531388754947626,100000,/home/ojab2/work/git/gsplat/results/vggt_outputs/bicycle_4_n30_s42_c0.0_p100000_random_farthestpose_i30_gteval_poseopt_steps15000/stats/val_step14999.json,/home/ojab2/work/git/gsplat/results/vggt_outputs/bicycle_4_n30_s42_c0.0_p100000_random_farthestpose_i30_gteval_poseopt_steps15000/stats/val_step14999.json,bicycle_4_n30_s42_c0.0_p100000_random_farthestpose_i30_gteval_poseopt_steps15000,0.9302,0.091567,30,5.970149,,,,/home/ojab2/work/git/vggt/vggt_outputs/bicycle_4_n30_s42_c0.0_p100000_random_farthestpose/eval_results.json,bicycle_4_n30_s42_c0.0_p100000_random_farthestpose,bicycle_4_n30_s42_c0.0_p100000_random_farthestpose_i30_gteval_poseopt_steps15000_val_step14999.json,100000,,vggt | farthestpose,30.0
vggt,30,42,0.0,100000,random,,,,0,10,farthestpose,30,GT Eval,,,,Pose Opt,,,,,0.0,,False,1.0,1.0,vggt,garden,,,15000,15000,,MCMC,,,,,,,,,,,gsplat,,outdoor,19.41567611694336,0.29161977767944336,0.38543829321861267,1000000,0.0029620386194437742,0.09548536688089371,,,0.31137260846924364,0.3623332690088955,100000,/home/ojab2/work/git/gsplat/results/vggt_outputs/garden_2_n30_s42_c0.0_p100000_random_farthestpose_i30_gteval_poseopt_steps15000/stats/val_step14999.json,/home/ojab2/work/git/gsplat/results/vggt_outputs/garden_2_n30_s42_c0.0_p100000_random_farthestpose_i30_gteval_poseopt_steps15000/stats/val_step14999.json,garden_2_n30_s42_c0.0_p100000_random_farthestpose_i30_gteval_poseopt_steps15000,0.2764,0.019966,30,6.409383,,,,/home/ojab2/work/git/vggt/vggt_outputs/garden_2_n30_s42_c0.0_p100000_random_farthestpose/eval_results.json,garden_2_n30_s42_c0.0_p100000_random_farthestpose,garden_2_n30_s42_c0.0_p100000_random_farthestpose_i30_gteval_poseopt_steps15000_val_step14999.json,100000,,vggt | farthestpose,30.0
vggt,30,42,0.0,100000,random,,,,0,10,farthestpose,30,GT Eval,,,,Pose Opt,,,,,0.0,,False,1.0,1.0,vggt,stump,,,15000,15000,,MCMC,,,,,,,,,,,gsplat,,outdoor,17.133214950561523,0.5170958042144775,0.3305170238018036,1000000,0.033216629177331924,1.1974972486495972,,,0.0978043752494302,0.4515550293651412,100000,/home/ojab2/work/git/gsplat/results/vggt_outputs/stump_2_n30_s42_c0.0_p100000_random_farthestpose_i30_gteval_poseopt_steps15000/stats/val_step14999.json,/home/ojab2/work/git/gsplat/results/vggt_outputs/stump_2_n30_s42_c0.0_p100000_random_farthestpose_i30_gteval_poseopt_steps15000/stats/val_step14999.json,stump_2_n30_s42_c0.0_p100000_random_farthestpose_i30_gteval_poseopt_steps15000,1.2376,0.149617,30,5.436723,,,,/home/ojab2/work/git/vggt/vggt_outputs/stump_2_n30_s42_c0.0_p100000_random_farthestpose/eval_results.json,stump_2_n30_s42_c0.0_p100000_random_farthestpose,stump_2_n30_s42_c0.0_p100000_random_farthestpose_i30_gteval_poseopt_steps15000_val_step14999.json,100000,,vggt | farthestpose,30.0
vggt,30,42,0.0,100000,random,,,,0,10,farthestpose,30,GT Eval,,,,Pose Opt,,,,,0.0,,False,1.0,1.0,vggt,lego,,,15000,15000,,MCMC,,,,,,,,,,,gsplat,,synthetic,13.8456449508667,0.3083689212799072,0.6319642663002014,1000000,0.02933218516409397,2.1169753074645996,0.14765754342079163,0.039542511105537415,0.34205214136060447,0.3187598353213299,100000,/home/ojab2/work/git/gsplat/results/vggt_outputs/lego_1_n30_s42_c0.0_p100000_random_farthestpose_i30_gteval_poseopt_steps15000/stats/val_step14999.json,/home/ojab2/work/git/gsplat/results/vggt_outputs/lego_1_n30_s42_c0.0_p100000_random_farthestpose_i30_gteval_poseopt_steps15000/stats/val_step14999.json,lego_1_n30_s42_c0.0_p100000_random_farthestpose_i30_gteval_poseopt_steps15000,2.2232,0.131161,30,4.097326,0.0649,0.0185,0.0998,/home/ojab2/work/git/vggt/vggt_outputs/lego_1_n30_s42_c0.0_p100000_random_farthestpose/eval_results.json,lego_1_n30_s42_c0.0_p100000_random_farthestpose,lego_1_n30_s42_c0.0_p100000_random_farthestpose_i30_gteval_poseopt_steps15000_val_step14999.json,100000,,vggt | farthestpose,30.0
vggt,30,42,0.0,100000,random,,,,0,10,farthestpose,30,GT Eval,,,,Pose Opt,,,,,0.0,,False,1.0,1.0,vggt,ship,,,15000,15000,,MCMC,,,,,,,,,,,gsplat,,synthetic,21.941848754882812,0.1384487748146057,0.7162020802497864,1000000,0.0038687291089445353,0.21569392085075378,0.0963425412774086,0.024165701121091843,0.646132700237227,0.22585675735860744,100000,/home/ojab2/work/git/gsplat/results/vggt_outputs/ship_1_n30_s42_c0.0_p100000_random_farthestpose_i30_gteval_poseopt_steps15000/stats/val_step14999.json,/home/ojab2/work/git/gsplat/results/vggt_outputs/ship_1_n30_s42_c0.0_p100000_random_farthestpose_i30_gteval_poseopt_steps15000/stats/val_step14999.json,ship_1_n30_s42_c0.0_p100000_random_farthestpose_i30_gteval_poseopt_steps15000,0.274,0.019493,30,4.168125,0.1011,0.0278,0.258,/home/ojab2/work/git/vggt/vggt_outputs/ship_1_n30_s42_c0.0_p100000_random_farthestpose/eval_results.json,ship_1_n30_s42_c0.0_p100000_random_farthestpose,ship_1_n30_s42_c0.0_p100000_random_farthestpose_i30_gteval_poseopt_steps15000_val_step14999.json,100000,,vggt | farthestpose,30.0
vggt,30,42,0.0,100000,random,,,,0,10,farthestpose,30,GT Eval,,,,Pose Opt,,,,,0.0,,False,1.0,1.0,vggt,drums,,,15000,15000,,MCMC,,,,,,,,,,,gsplat,,synthetic,13.856667518615723,0.28722187876701355,0.6922610998153687,1000000,0.01179701741784811,0.6450808048248291,0.2050703465938568,0.06134996563196182,0.3905712990810377,0.2943702014557016,100000,/home/ojab2/work/git/gsplat/results/vggt_outputs/drums_1_n30_s42_c0.0_p100000_random_farthestpose_i30_gteval_poseopt_steps15000/stats/val_step14999.json,/home/ojab2/work/git/gsplat/results/vggt_outputs/drums_1_n30_s42_c0.0_p100000_random_farthestpose_i30_gteval_poseopt_steps15000/stats/val_step14999.json,drums_1_n30_s42_c0.0_p100000_random_farthestpose_i30_gteval_poseopt_steps15000,0.6952,0.041396,30,4.001407,,,,/home/ojab2/work/git/vggt/vggt_outputs/drums_1_n30_s42_c0.0_p100000_random_farthestpose/eval_results.json,drums_1_n30_s42_c0.0_p100000_random_farthestpose,drums_1_n30_s42_c0.0_p100000_random_farthestpose_i30_gteval_poseopt_steps15000_val_step14999.json,100000,,vggt | farthestpose,30.0
vggt,40,42,0.0,100000,random,,,,0,10,farthestpose,40,GT Eval,,,,Pose Opt,,,,,0.0,,False,1.0,1.0,vggt,bonsai,,,15000,15000,,MCMC,,,,,,,,,,,gsplat,,indoor,16.5290584564209,0.4392838478088379,0.5240887999534607,1000000,0.02240687608718872,0.7884508371353149,,,0.24784823297447317,0.38379498073737217,100000,/home/ojab2/work/git/gsplat/results/vggt_outputs/bonsai_2_n40_s42_c0.0_p100000_random_farthestpose_i40_gteval_poseopt_steps15000/stats/val_step14999.json,/home/ojab2/work/git/gsplat/results/vggt_outputs/bonsai_2_n40_s42_c0.0_p100000_random_farthestpose_i40_gteval_poseopt_steps15000/stats/val_step14999.json,bonsai_2_n40_s42_c0.0_p100000_random_farthestpose_i40_gteval_poseopt_steps15000,0.891,0.103772,40,7.924747,,,,/home/ojab2/work/git/vggt/vggt_outputs/bonsai_2_n40_s42_c0.0_p100000_random_farthestpose/eval_results.json,bonsai_2_n40_s42_c0.0_p100000_random_farthestpose,bonsai_2_n40_s42_c0.0_p100000_random_farthestpose_i40_gteval_poseopt_steps15000_val_step14999.json,100000,,vggt | farthestpose,40.0
vggt,40,42,0.0,100000,random,,,,0,10,farthestpose,40,GT Eval,,,,Pose Opt,,,,,0.0,,False,1.0,1.0,vggt,kitchen,,,15000,15000,,MCMC,,,,,,,,,,,gsplat,,indoor,18.96849822998047,0.21142953634262085,0.44828301668167114,1000000,0.005756455007940531,0.1871022880077362,,,0.389342985732591,0.32229565861220244,100000,/home/ojab2/work/git/gsplat/results/vggt_outputs/kitchen_2_n40_s42_c0.0_p100000_random_farthestpose_i40_gteval_poseopt_steps15000/stats/val_step14999.json,/home/ojab2/work/git/gsplat/results/vggt_outputs/kitchen_2_n40_s42_c0.0_p100000_random_farthestpose_i40_gteval_poseopt_steps15000/stats/val_step14999.json,kitchen_2_n40_s42_c0.0_p100000_random_farthestpose_i40_gteval_poseopt_steps15000,0.3356,0.033074,40,4.262117,,,,/home/ojab2/work/git/vggt/vggt_outputs/kitchen_2_n40_s42_c0.0_p100000_random_farthestpose/eval_results.json,kitchen_2_n40_s42_c0.0_p100000_random_farthestpose,kitchen_2_n40_s42_c0.0_p100000_random_farthestpose_i40_gteval_poseopt_steps15000_val_step14999.json,100000,,vggt | farthestpose,40.0
vggt,40,42,0.0,100000,random,,,,0,10,farthestpose,40,GT Eval,,,,Pose Opt,,,,,0.0,,False,1.0,1.0,vggt,counter,,,15000,15000,,MCMC,,,,,,,,,,,gsplat,,indoor,18.961111068725586,0.3114233613014221,0.5920451283454895,1000000,0.007545196916908026,0.2980943024158478,,,0.41155301347190953,0.3209464341894417,100000,/home/ojab2/work/git/gsplat/results/vggt_outputs/counter_2_n40_s42_c0.0_p100000_random_farthestpose_i40_gteval_poseopt_steps15000/stats/val_step14999.json,/home/ojab2/work/git/gsplat/results/vggt_outputs/counter_2_n40_s42_c0.0_p100000_random_farthestpose_i40_gteval_poseopt_steps15000/stats/val_step14999.json,counter_2_n40_s42_c0.0_p100000_random_farthestpose_i40_gteval_poseopt_steps15000,0.3566,0.04067,40,4.850582,,,,/home/ojab2/work/git/vggt/vggt_outputs/counter_2_n40_s42_c0.0_p100000_random_farthestpose/eval_results.json,counter_2_n40_s42_c0.0_p100000_random_farthestpose,counter_2_n40_s42_c0.0_p100000_random_farthestpose_i40_gteval_poseopt_steps15000_val_step14999.json,100000,,vggt | farthestpose,40.0
vggt,40,42,0.0,100000,random,,,,0,10,farthestpose,40,GT Eval,,,,Pose Opt,,,,,0.0,,False,1.0,1.0,vggt,bicycle,,,15000,15000,,MCMC,,,,,,,,,,,gsplat,,outdoor,16.245380401611328,0.43395113945007324,0.21795745193958282,1000000,0.018973028287291527,0.9950696229934692,,,0.06686255082129813,0.44734060333193393,100000,/home/ojab2/work/git/gsplat/results/vggt_outputs/bicycle_4_n40_s42_c0.0_p100000_random_farthestpose_i40_gteval_poseopt_steps15000/stats/val_step14999.json,/home/ojab2/work/git/gsplat/results/vggt_outputs/bicycle_4_n40_s42_c0.0_p100000_random_farthestpose_i40_gteval_poseopt_steps15000/stats/val_step14999.json,bicycle_4_n40_s42_c0.0_p100000_random_farthestpose_i40_gteval_poseopt_steps15000,0.9969,0.089406,40,5.93023,,,,/home/ojab2/work/git/vggt/vggt_outputs/bicycle_4_n40_s42_c0.0_p100000_random_farthestpose/eval_results.json,bicycle_4_n40_s42_c0.0_p100000_random_farthestpose,bicycle_4_n40_s42_c0.0_p100000_random_farthestpose_i40_gteval_poseopt_steps15000_val_step14999.json,100000,,vggt | farthestpose,40.0
vggt,40,42,0.0,100000,random,,,,0,10,farthestpose,40,GT Eval,,,,Pose Opt,,,,,0.0,,False,1.0,1.0,vggt,garden,,,15000,15000,,MCMC,,,,,,,,,,,gsplat,,outdoor,19.92060089111328,0.29127728939056396,0.40400418639183044,1000000,0.0033329613506793976,0.08842624723911285,,,0.3317917272438858,0.35782314843509716,100000,/home/ojab2/work/git/gsplat/results/vggt_outputs/garden_2_n40_s42_c0.0_p100000_random_farthestpose_i40_gteval_poseopt_steps15000/stats/val_step14999.json,/home/ojab2/work/git/gsplat/results/vggt_outputs/garden_2_n40_s42_c0.0_p100000_random_farthestpose_i40_gteval_poseopt_steps15000/stats/val_step14999.json,garden_2_n40_s42_c0.0_p100000_random_farthestpose_i40_gteval_poseopt_steps15000,0.2895,0.024777,40,6.316159,,,,/home/ojab2/work/git/vggt/vggt_outputs/garden_2_n40_s42_c0.0_p100000_random_farthestpose/eval_results.json,garden_2_n40_s42_c0.0_p100000_random_farthestpose,garden_2_n40_s42_c0.0_p100000_random_farthestpose_i40_gteval_poseopt_steps15000_val_step14999.json,100000,,vggt | farthestpose,40.0
vggt,40,42,0.0,100000,random,,,,0,10,farthestpose,40,GT Eval,,,,Pose Opt,,,,,0.0,,False,1.0,1.0,vggt,stump,,,15000,15000,,MCMC,,,,,,,,,,,gsplat,,outdoor,17.802413940429688,0.4980175495147705,0.359388530254364,1000000,0.027240118011832237,0.794925332069397,,,0.13885757146987768,0.43832875800552673,100000,/home/ojab2/work/git/gsplat/results/vggt_outputs/stump_2_n40_s42_c0.0_p100000_random_farthestpose_i40_gteval_poseopt_steps15000/stats/val_step14999.json,/home/ojab2/work/git/gsplat/results/vggt_outputs/stump_2_n40_s42_c0.0_p100000_random_farthestpose_i40_gteval_poseopt_steps15000/stats/val_step14999.json,stump_2_n40_s42_c0.0_p100000_random_farthestpose_i40_gteval_poseopt_steps15000,0.8703,0.125919,40,4.983738,,,,/home/ojab2/work/git/vggt/vggt_outputs/stump_2_n40_s42_c0.0_p100000_random_farthestpose/eval_results.json,stump_2_n40_s42_c0.0_p100000_random_farthestpose,stump_2_n40_s42_c0.0_p100000_random_farthestpose_i40_gteval_poseopt_steps15000_val_step14999.json,100000,,vggt | farthestpose,40.0
vggt,40,42,0.0,100000,random,,,,0,10,farthestpose,40,GT Eval,,,,Pose Opt,,,,,0.0,,False,1.0,1.0,vggt,lego,,,15000,15000,,MCMC,,,,,,,,,,,gsplat,,synthetic,14.320556640625,0.26488545536994934,0.6630575656890869,1000000,0.0141433235257864,1.1891047954559326,0.1388605237007141,0.038355469703674316,0.3958716639223774,0.2941103203170917,100000,/home/ojab2/work/git/gsplat/results/vggt_outputs/lego_1_n40_s42_c0.0_p100000_random_farthestpose_i40_gteval_poseopt_steps15000/stats/val_step14999.json,/home/ojab2/work/git/gsplat/results/vggt_outputs/lego_1_n40_s42_c0.0_p100000_random_farthestpose_i40_gteval_poseopt_steps15000/stats/val_step14999.json,lego_1_n40_s42_c0.0_p100000_random_farthestpose_i40_gteval_poseopt_steps15000,1.3375,0.068919,40,4.021561,0.0541,0.0152,0.0944,/home/ojab2/work/git/vggt/vggt_outputs/lego_1_n40_s42_c0.0_p100000_random_farthestpose/eval_results.json,lego_1_n40_s42_c0.0_p100000_random_farthestpose,lego_1_n40_s42_c0.0_p100000_random_farthestpose_i40_gteval_poseopt_steps15000_val_step14999.json,100000,,vggt | farthestpose,40.0
vggt,40,42,0.0,100000,random,,,,0,10,farthestpose,40,GT Eval,,,,Pose Opt,,,,,0.0,,False,1.0,1.0,vggt,ship,,,15000,15000,,MCMC,,,,,,,,,,,gsplat,,synthetic,21.67275619506836,0.1381874829530716,0.7131345868110657,1000000,0.0033367816358804703,0.23290853202342987,0.10956966876983643,0.0287588220089674,0.6395169401455421,0.2268630133598234,100000,/home/ojab2/work/git/gsplat/results/vggt_outputs/ship_1_n40_s42_c0.0_p100000_random_farthestpose_i40_gteval_poseopt_steps15000/stats/val_step14999.json,/home/ojab2/work/git/gsplat/results/vggt_outputs/ship_1_n40_s42_c0.0_p100000_random_farthestpose_i40_gteval_poseopt_steps15000/stats/val_step14999.json,ship_1_n40_s42_c0.0_p100000_random_farthestpose_i40_gteval_poseopt_steps15000,0.2698,0.018068,40,4.169342,0.1029,0.0282,0.2617,/home/ojab2/work/git/vggt/vggt_outputs/ship_1_n40_s42_c0.0_p100000_random_farthestpose/eval_results.json,ship_1_n40_s42_c0.0_p100000_random_farthestpose,ship_1_n40_s42_c0.0_p100000_random_farthestpose_i40_gteval_poseopt_steps15000_val_step14999.json,100000,,vggt | farthestpose,40.0
vggt,40,42,0.0,100000,random,,,,0,10,farthestpose,40,GT Eval,,,,Pose Opt,,,,,0.0,,False,1.0,1.0,vggt,drums,,,15000,15000,,MCMC,,,,,,,,,,,gsplat,,synthetic,17.644712448120117,0.11200924217700958,0.7947654128074646,1000000,0.006328662391752005,0.24928505718708038,0.08195652067661285,0.024434417486190796,0.6288202704548294,0.19407916514678508,100000,/home/ojab2/work/git/gsplat/results/vggt_outputs/drums_1_n40_s42_c0.0_p100000_random_farthestpose_i40_gteval_poseopt_steps15000/stats/val_step14999.json,/home/ojab2/work/git/gsplat/results/vggt_outputs/drums_1_n40_s42_c0.0_p100000_random_farthestpose_i40_gteval_poseopt_steps15000/stats/val_step14999.json,drums_1_n40_s42_c0.0_p100000_random_farthestpose_i40_gteval_poseopt_steps15000,0.3733,0.019382,40,4.013289,,,,/home/ojab2/work/git/vggt/vggt_outputs/drums_1_n40_s42_c0.0_p100000_random_farthestpose/eval_results.json,drums_1_n40_s42_c0.0_p100000_random_farthestpose,drums_1_n40_s42_c0.0_p100000_random_farthestpose_i40_gteval_poseopt_steps15000_val_step14999.json,100000,,vggt | farthestpose,40.0
colmap,50,42,,,,,,,0,10,farthestpose,,,,,,,,,,,0.0,,False,1.0,1.0,vggt,kitchen,,,,,default,MCMC,,,,,Shared Cam,,,,,,sfm,,indoor,,,,,,,,,,,,/home/ojab2/work/git/vggt/colmap_outputs/kitchen_2_n50_s42_default_farthestpose_sharedcam/eval_results.json,,kitchen_2_n50_s42_default_farthestpose_sharedcam,0.1128,0.005929,50,1.094558,,,,/home/ojab2/work/git/vggt/colmap_outputs/kitchen_2_n50_s42_default_farthestpose_sharedcam/eval_results.json,kitchen_2_n50_s42_default_farthestpose_sharedcam,,,,colmap | farthestpose,50.0
colmap,50,42,,,,,,,0,10,farthestpose,,,,,,,,,,,0.0,,False,1.0,1.0,vggt,counter,,,,,default,MCMC,,,,,Shared Cam,,,,,,sfm,,indoor,,,,,,,,,,,,/home/ojab2/work/git/vggt/colmap_outputs/counter_2_n50_s42_default_farthestpose_sharedcam/eval_results.json,,counter_2_n50_s42_default_farthestpose_sharedcam,0.0971,0.006284,50,1.12124,,,,/home/ojab2/work/git/vggt/colmap_outputs/counter_2_n50_s42_default_farthestpose_sharedcam/eval_results.json,counter_2_n50_s42_default_farthestpose_sharedcam,,,,colmap | farthestpose,50.0
colmap,50,42,,,,,,,0,10,farthestpose,,,,,,,,,,,0.0,,False,1.0,1.0,vggt,garden,,,,,default,MCMC,,,,,Shared Cam,,,,,,sfm,,outdoor,,,,,,,,,,,,/home/ojab2/work/git/vggt/colmap_outputs/garden_2_n50_s42_default_farthestpose_sharedcam/eval_results.json,,garden_2_n50_s42_default_farthestpose_sharedcam,0.0593,0.003296,50,1.098532,,,,/home/ojab2/work/git/vggt/colmap_outputs/garden_2_n50_s42_default_farthestpose_sharedcam/eval_results.json,garden_2_n50_s42_default_farthestpose_sharedcam,,,,colmap | farthestpose,50.0
colmap,50,42,,,,,,,0,10,farthestpose,,,,,,,,,,,0.0,,False,1.0,1.0,vggt,stump,,,,,default,MCMC,,,,,Shared Cam,,,,,,sfm,,outdoor,,,,,,,,,,,,/home/ojab2/work/git/vggt/colmap_outputs/stump_2_n50_s42_default_farthestpose_sharedcam/eval_results.json,,stump_2_n50_s42_default_farthestpose_sharedcam,0.1043,0.011327,31,0.96739,,,,/home/ojab2/work/git/vggt/colmap_outputs/stump_2_n50_s42_default_farthestpose_sharedcam/eval_results.json,stump_2_n50_s42_default_farthestpose_sharedcam,,,,colmap | farthestpose,50.0
colmap,50,42,,,,,,,0,10,farthestpose,,,,,,,,,,,0.0,,False,1.0,1.0,vggt,ship,pinhole,,,,default,MCMC,,,,,Shared Cam,,,,,,sfm,,synthetic,,,,,,,,,,,,/home/ojab2/work/git/vggt/colmap_outputs/ship_1_n50_s42_default_mpinhole_farthestpose_sharedcam/eval_results.json,,ship_1_n50_s42_default_mpinhole_farthestpose_sharedcam,8.8761,0.363171,22,0.624449,,,,/home/ojab2/work/git/vggt/colmap_outputs/ship_1_n50_s42_default_mpinhole_farthestpose_sharedcam/eval_results.json,ship_1_n50_s42_default_mpinhole_farthestpose_sharedcam,,,,colmap | farthestpose,50.0
colmap,50,42,,,,,,,0,10,farthestpose,,,,,,,,,,,0.0,,False,1.0,1.0,vggt,drums,pinhole,,,,default,MCMC,,,,,Shared Cam,,,,,,sfm,,synthetic,,,,,,,,,,,,/home/ojab2/work/git/vggt/colmap_outputs/drums_1_n50_s42_default_mpinhole_farthestpose_sharedcam/eval_results.json,,drums_1_n50_s42_default_mpinhole_farthestpose_sharedcam,0.3235,0.012924,18,0.525496,,,,/home/ojab2/work/git/vggt/colmap_outputs/drums_1_n50_s42_default_mpinhole_farthestpose_sharedcam/eval_results.json,drums_1_n50_s42_default_mpinhole_farthestpose_sharedcam,,,,colmap | farthestpose,50.0
vggt,50,42,0.0,100000,random,,,,0,10,farthestpose,,,,,,,,,,,0.0,,False,1.0,1.0,vggt,bonsai,,,,,,MCMC,,,,,,,,,,,sfm,,indoor,,,,,,,,,,,,/home/ojab2/work/git/vggt/vggt_outputs/bonsai_2_n50_s42_c0.0_p100000_random_farthestpose/eval_results.json,,bonsai_2_n50_s42_c0.0_p100000_random_farthestpose,0.8635,0.099994,50,7.860857,,,,/home/ojab2/work/git/vggt/vggt_outputs/bonsai_2_n50_s42_c0.0_p100000_random_farthestpose/eval_results.json,bonsai_2_n50_s42_c0.0_p100000_random_farthestpose,,,,vggt | farthestpose,50.0
vggt,50,42,0.0,100000,random,,,,0,10,farthestpose,,,,,,,,,,,0.0,,False,1.0,1.0,vggt,kitchen,,,,,,MCMC,,,,,,,,,,,sfm,,indoor,,,,,,,,,,,,/home/ojab2/work/git/vggt/vggt_outputs/kitchen_2_n50_s42_c0.0_p100000_random_farthestpose/eval_results.json,,kitchen_2_n50_s42_c0.0_p100000_random_farthestpose,0.2924,0.034923,50,4.224938,,,,/home/ojab2/work/git/vggt/vggt_outputs/kitchen_2_n50_s42_c0.0_p100000_random_farthestpose/eval_results.json,kitchen_2_n50_s42_c0.0_p100000_random_farthestpose,,,,vggt | farthestpose,50.0
vggt,50,42,0.0,100000,random,,,,0,10,farthestpose,,,,,,,,,,,0.0,,False,1.0,1.0,vggt,counter,,,,,,MCMC,,,,,,,,,,,sfm,,indoor,,,,,,,,,,,,/home/ojab2/work/git/vggt/vggt_outputs/counter_2_n50_s42_c0.0_p100000_random_farthestpose/eval_results.json,,counter_2_n50_s42_c0.0_p100000_random_farthestpose,0.3429,0.040022,50,4.870114,,,,/home/ojab2/work/git/vggt/vggt_outputs/counter_2_n50_s42_c0.0_p100000_random_farthestpose/eval_results.json,counter_2_n50_s42_c0.0_p100000_random_farthestpose,,,,vggt | farthestpose,50.0
vggt,50,42,0.0,100000,random,,,,0,10,farthestpose,,,,,,,,,,,0.0,,False,1.0,1.0,vggt,bicycle,,,,,,MCMC,,,,,,,,,,,sfm,,outdoor,,,,,,,,,,,,/home/ojab2/work/git/vggt/vggt_outputs/bicycle_4_n50_s42_c0.0_p100000_random_farthestpose/eval_results.json,,bicycle_4_n50_s42_c0.0_p100000_random_farthestpose,0.8722,0.087304,50,5.816621,,,,/home/ojab2/work/git/vggt/vggt_outputs/bicycle_4_n50_s42_c0.0_p100000_random_farthestpose/eval_results.json,bicycle_4_n50_s42_c0.0_p100000_random_farthestpose,,,,vggt | farthestpose,50.0
vggt,50,42,0.0,100000,random,,,,0,10,farthestpose,,,,,,,,,,,0.0,,False,1.0,1.0,vggt,garden,,,,,,MCMC,,,,,,,,,,,sfm,,outdoor,,,,,,,,,,,,/home/ojab2/work/git/vggt/vggt_outputs/garden_2_n50_s42_c0.0_p100000_random_farthestpose/eval_results.json,,garden_2_n50_s42_c0.0_p100000_random_farthestpose,0.3082,0.026561,50,6.188683,,,,/home/ojab2/work/git/vggt/vggt_outputs/garden_2_n50_s42_c0.0_p100000_random_farthestpose/eval_results.json,garden_2_n50_s42_c0.0_p100000_random_farthestpose,,,,vggt | farthestpose,50.0
vggt,50,42,0.0,100000,random,,,,0,10,farthestpose,,,,,,,,,,,0.0,,False,1.0,1.0,vggt,stump,,,,,,MCMC,,,,,,,,,,,sfm,,outdoor,,,,,,,,,,,,/home/ojab2/work/git/vggt/vggt_outputs/stump_2_n50_s42_c0.0_p100000_random_farthestpose/eval_results.json,,stump_2_n50_s42_c0.0_p100000_random_farthestpose,0.8488,0.142617,50,4.859178,,,,/home/ojab2/work/git/vggt/vggt_outputs/stump_2_n50_s42_c0.0_p100000_random_farthestpose/eval_results.json,stump_2_n50_s42_c0.0_p100000_random_farthestpose,,,,vggt | farthestpose,50.0
vggt,50,42,0.0,100000,random,,,,0,10,farthestpose,,,,,,,,,,,0.0,,False,1.0,1.0,vggt,lego,,,,,,MCMC,,,,,,,,,,,sfm,,synthetic,,,,,,,,,,,,/home/ojab2/work/git/vggt/vggt_outputs/lego_1_n50_s42_c0.0_p100000_random_farthestpose/eval_results.json,,lego_1_n50_s42_c0.0_p100000_random_farthestpose,0.901,0.041792,50,4.032374,0.0485,0.0135,0.0946,/home/ojab2/work/git/vggt/vggt_outputs/lego_1_n50_s42_c0.0_p100000_random_farthestpose/eval_results.json,lego_1_n50_s42_c0.0_p100000_random_farthestpose,,,,vggt | farthestpose,50.0
vggt,50,42,0.0,100000,random,,,,0,10,farthestpose,,,,,,,,,,,0.0,,False,1.0,1.0,vggt,ship,,,,,,MCMC,,,,,,,,,,,sfm,,synthetic,,,,,,,,,,,,/home/ojab2/work/git/vggt/vggt_outputs/ship_1_n50_s42_c0.0_p100000_random_farthestpose/eval_results.json,,ship_1_n50_s42_c0.0_p100000_random_farthestpose,0.3107,0.019548,50,4.181881,0.1037,0.0282,0.2613,/home/ojab2/work/git/vggt/vggt_outputs/ship_1_n50_s42_c0.0_p100000_random_farthestpose/eval_results.json,ship_1_n50_s42_c0.0_p100000_random_farthestpose,,,,vggt | farthestpose,50.0
vggt,50,42,0.0,100000,random,,,,0,10,farthestpose,,,,,,,,,,,0.0,,False,1.0,1.0,vggt,drums,,,,,,MCMC,,,,,,,,,,,sfm,,synthetic,,,,,,,,,,,,/home/ojab2/work/git/vggt/vggt_outputs/drums_1_n50_s42_c0.0_p100000_random_farthestpose/eval_results.json,,drums_1_n50_s42_c0.0_p100000_random_farthestpose,0.3263,0.018171,50,4.030391,,,,/home/ojab2/work/git/vggt/vggt_outputs/drums_1_n50_s42_c0.0_p100000_random_farthestpose/eval_results.json,drums_1_n50_s42_c0.0_p100000_random_farthestpose,,,,vggt | farthestpose,50.0
colmap,60,42,,,,,,,0,10,farthestpose,,,,,,,,,,,0.0,,False,1.0,1.0,vggt,kitchen,,,,,default,MCMC,,,,,Shared Cam,,,,,,sfm,,indoor,,,,,,,,,,,,/home/ojab2/work/git/vggt/colmap_outputs/kitchen_2_n60_s42_default_farthestpose_sharedcam/eval_results.json,,kitchen_2_n60_s42_default_farthestpose_sharedcam,0.1207,0.006034,60,1.087739,,,,/home/ojab2/work/git/vggt/colmap_outputs/kitchen_2_n60_s42_default_farthestpose_sharedcam/eval_results.json,kitchen_2_n60_s42_default_farthestpose_sharedcam,,,,colmap | farthestpose,60.0
colmap,60,42,,,,,,,0,10,farthestpose,,,,,,,,,,,0.0,,False,1.0,1.0,vggt,counter,,,,,default,MCMC,,,,,Shared Cam,,,,,,sfm,,indoor,,,,,,,,,,,,/home/ojab2/work/git/vggt/colmap_outputs/counter_2_n60_s42_default_farthestpose_sharedcam/eval_results.json,,counter_2_n60_s42_default_farthestpose_sharedcam,0.123,0.009216,60,1.118932,,,,/home/ojab2/work/git/vggt/colmap_outputs/counter_2_n60_s42_default_farthestpose_sharedcam/eval_results.json,counter_2_n60_s42_default_farthestpose_sharedcam,,,,colmap | farthestpose,60.0
colmap,60,42,,,,,,,0,10,farthestpose,,,,,,,,,,,0.0,,False,1.0,1.0,vggt,garden,,,,,default,MCMC,,,,,Shared Cam,,,,,,sfm,,outdoor,,,,,,,,,,,,/home/ojab2/work/git/vggt/colmap_outputs/garden_2_n60_s42_default_farthestpose_sharedcam/eval_results.json,,garden_2_n60_s42_default_farthestpose_sharedcam,0.061,0.003353,60,1.088692,,,,/home/ojab2/work/git/vggt/colmap_outputs/garden_2_n60_s42_default_farthestpose_sharedcam/eval_results.json,garden_2_n60_s42_default_farthestpose_sharedcam,,,,colmap | farthestpose,60.0
colmap,60,42,,,,,,,0,10,farthestpose,,,,,,,,,,,0.0,,False,1.0,1.0,vggt,stump,,,,,default,MCMC,,,,,Shared Cam,,,,,,sfm,,outdoor,,,,,,,,,,,,/home/ojab2/work/git/vggt/colmap_outputs/stump_2_n60_s42_default_farthestpose_sharedcam/eval_results.json,,stump_2_n60_s42_default_farthestpose_sharedcam,0.0459,0.006411,60,1.062092,,,,/home/ojab2/work/git/vggt/colmap_outputs/stump_2_n60_s42_default_farthestpose_sharedcam/eval_results.json,stump_2_n60_s42_default_farthestpose_sharedcam,,,,colmap | farthestpose,60.0
colmap,60,42,,,,,,,0,10,farthestpose,,,,,,,,,,,0.0,,False,1.0,1.0,vggt,ship,pinhole,,,,default,MCMC,,,,,Shared Cam,,,,,,sfm,,synthetic,,,,,,,,,,,,/home/ojab2/work/git/vggt/colmap_outputs/ship_1_n60_s42_default_mpinhole_farthestpose_sharedcam/eval_results.json,,ship_1_n60_s42_default_mpinhole_farthestpose_sharedcam,0.7058,0.025505,52,0.907459,,,,/home/ojab2/work/git/vggt/colmap_outputs/ship_1_n60_s42_default_mpinhole_farthestpose_sharedcam/eval_results.json,ship_1_n60_s42_default_mpinhole_farthestpose_sharedcam,,,,colmap | farthestpose,60.0
colmap,60,42,,,,,,,0,10,farthestpose,,,,,,,,,,,0.0,,False,1.0,1.0,vggt,drums,pinhole,,,,default,MCMC,,,,,Shared Cam,,,,,,sfm,,synthetic,,,,,,,,,,,,/home/ojab2/work/git/vggt/colmap_outputs/drums_1_n60_s42_default_mpinhole_farthestpose_sharedcam/eval_results.json,,drums_1_n60_s42_default_mpinhole_farthestpose_sharedcam,0.2955,0.012916,22,0.516215,,,,/home/ojab2/work/git/vggt/colmap_outputs/drums_1_n60_s42_default_mpinhole_farthestpose_sharedcam/eval_results.json,drums_1_n60_s42_default_mpinhole_farthestpose_sharedcam,,,,colmap | farthestpose,60.0
vggt,60,42,0.0,100000,random,,,,0,10,farthestpose,,,,,,,,,,,0.0,,False,1.0,1.0,vggt,bonsai,,,,,,MCMC,,,,,,,,,,,sfm,,indoor,,,,,,,,,,,,/home/ojab2/work/git/vggt/vggt_outputs/bonsai_2_n60_s42_c0.0_p100000_random_farthestpose/eval_results.json,,bonsai_2_n60_s42_c0.0_p100000_random_farthestpose,0.8639,0.103497,60,7.889382,,,,/home/ojab2/work/git/vggt/vggt_outputs/bonsai_2_n60_s42_c0.0_p100000_random_farthestpose/eval_results.json,bonsai_2_n60_s42_c0.0_p100000_random_farthestpose,,,,vggt | farthestpose,60.0
vggt,60,42,0.0,100000,random,,,,0,10,farthestpose,,,,,,,,,,,0.0,,False,1.0,1.0,vggt,kitchen,,,,,,MCMC,,,,,,,,,,,sfm,,indoor,,,,,,,,,,,,/home/ojab2/work/git/vggt/vggt_outputs/kitchen_2_n60_s42_c0.0_p100000_random_farthestpose/eval_results.json,,kitchen_2_n60_s42_c0.0_p100000_random_farthestpose,0.3372,0.035318,60,4.222136,,,,/home/ojab2/work/git/vggt/vggt_outputs/kitchen_2_n60_s42_c0.0_p100000_random_farthestpose/eval_results.json,kitchen_2_n60_s42_c0.0_p100000_random_farthestpose,,,,vggt | farthestpose,60.0
vggt,60,42,0.0,100000,random,,,,0,10,farthestpose,,,,,,,,,,,0.0,,False,1.0,1.0,vggt,counter,,,,,,MCMC,,,,,,,,,,,sfm,,indoor,,,,,,,,,,,,/home/ojab2/work/git/vggt/vggt_outputs/counter_2_n60_s42_c0.0_p100000_random_farthestpose/eval_results.json,,counter_2_n60_s42_c0.0_p100000_random_farthestpose,0.4085,0.037369,60,4.854594,,,,/home/ojab2/work/git/vggt/vggt_outputs/counter_2_n60_s42_c0.0_p100000_random_farthestpose/eval_results.json,counter_2_n60_s42_c0.0_p100000_random_farthestpose,,,,vggt | farthestpose,60.0
vggt,60,42,0.0,100000,random,,,,0,10,farthestpose,,,,,,,,,,,0.0,,False,1.0,1.0,vggt,bicycle,,,,,,MCMC,,,,,,,,,,,sfm,,outdoor,,,,,,,,,,,,/home/ojab2/work/git/vggt/vggt_outputs/bicycle_4_n60_s42_c0.0_p100000_random_farthestpose/eval_results.json,,bicycle_4_n60_s42_c0.0_p100000_random_farthestpose,0.6713,0.070966,60,5.819066,,,,/home/ojab2/work/git/vggt/vggt_outputs/bicycle_4_n60_s42_c0.0_p100000_random_farthestpose/eval_results.json,bicycle_4_n60_s42_c0.0_p100000_random_farthestpose,,,,vggt | farthestpose,60.0
vggt,60,42,0.0,100000,random,,,,0,10,farthestpose,,,,,,,,,,,0.0,,False,1.0,1.0,vggt,garden,,,,,,MCMC,,,,,,,,,,,sfm,,outdoor,,,,,,,,,,,,/home/ojab2/work/git/vggt/vggt_outputs/garden_2_n60_s42_c0.0_p100000_random_farthestpose/eval_results.json,,garden_2_n60_s42_c0.0_p100000_random_farthestpose,0.3446,0.026512,60,6.209766,,,,/home/ojab2/work/git/vggt/vggt_outputs/garden_2_n60_s42_c0.0_p100000_random_farthestpose/eval_results.json,garden_2_n60_s42_c0.0_p100000_random_farthestpose,,,,vggt | farthestpose,60.0
vggt,60,42,0.0,100000,random,,,,0,10,farthestpose,,,,,,,,,,,0.0,,False,1.0,1.0,vggt,stump,,,,,,MCMC,,,,,,,,,,,sfm,,outdoor,,,,,,,,,,,,/home/ojab2/work/git/vggt/vggt_outputs/stump_2_n60_s42_c0.0_p100000_random_farthestpose/eval_results.json,,stump_2_n60_s42_c0.0_p100000_random_farthestpose,0.9791,0.149199,60,4.811641,,,,/home/ojab2/work/git/vggt/vggt_outputs/stump_2_n60_s42_c0.0_p100000_random_farthestpose/eval_results.json,stump_2_n60_s42_c0.0_p100000_random_farthestpose,,,,vggt | farthestpose,60.0
vggt,60,42,0.0,100000,random,,,,0,10,farthestpose,,,,,,,,,,,0.0,,False,1.0,1.0,vggt,lego,,,,,,MCMC,,,,,,,,,,,sfm,,synthetic,,,,,,,,,,,,/home/ojab2/work/git/vggt/vggt_outputs/lego_1_n60_s42_c0.0_p100000_random_farthestpose/eval_results.json,,lego_1_n60_s42_c0.0_p100000_random_farthestpose,0.6029,0.028582,60,4.052842,0.045,0.0125,0.1,/home/ojab2/work/git/vggt/vggt_outputs/lego_1_n60_s42_c0.0_p100000_random_farthestpose/eval_results.json,lego_1_n60_s42_c0.0_p100000_random_farthestpose,,,,vggt | farthestpose,60.0
vggt,60,42,0.0,100000,random,,,,0,10,farthestpose,,,,,,,,,,,0.0,,False,1.0,1.0,vggt,ship,,,,,,MCMC,,,,,,,,,,,sfm,,synthetic,,,,,,,,,,,,/home/ojab2/work/git/vggt/vggt_outputs/ship_1_n60_s42_c0.0_p100000_random_farthestpose/eval_results.json,,ship_1_n60_s42_c0.0_p100000_random_farthestpose,0.3788,0.020531,60,4.2942,0.1062,0.0288,0.2577,/home/ojab2/work/git/vggt/vggt_outputs/ship_1_n60_s42_c0.0_p100000_random_farthestpose/eval_results.json,ship_1_n60_s42_c0.0_p100000_random_farthestpose,,,,vggt | farthestpose,60.0
vggt,60,42,0.0,100000,random,,,,0,10,farthestpose,,,,,,,,,,,0.0,,False,1.0,1.0,vggt,drums,,,,,,MCMC,,,,,,,,,,,sfm,,synthetic,,,,,,,,,,,,/home/ojab2/work/git/vggt/vggt_outputs/drums_1_n60_s42_c0.0_p100000_random_farthestpose/eval_results.json,,drums_1_n60_s42_c0.0_p100000_random_farthestpose,0.3668,0.018927,60,4.040182,,,,/home/ojab2/work/git/vggt/vggt_outputs/drums_1_n60_s42_c0.0_p100000_random_farthestpose/eval_results.json,drums_1_n60_s42_c0.0_p100000_random_farthestpose,,,,vggt | farthestpose,60.0
colmap,70,42,,,,,,,0,10,farthestpose,,,,,,,,,,,0.0,,False,1.0,1.0,vggt,kitchen,,,,,default,MCMC,,,,,Shared Cam,,,,,,sfm,,indoor,,,,,,,,,,,,/home/ojab2/work/git/vggt/colmap_outputs/kitchen_2_n70_s42_default_farthestpose_sharedcam/eval_results.json,,kitchen_2_n70_s42_default_farthestpose_sharedcam,0.1154,0.005311,70,1.116945,,,,/home/ojab2/work/git/vggt/colmap_outputs/kitchen_2_n70_s42_default_farthestpose_sharedcam/eval_results.json,kitchen_2_n70_s42_default_farthestpose_sharedcam,,,,colmap | farthestpose,70.0
colmap,70,42,,,,,,,0,10,farthestpose,,,,,,,,,,,0.0,,False,1.0,1.0,vggt,counter,,,,,default,MCMC,,,,,Shared Cam,,,,,,sfm,,indoor,,,,,,,,,,,,/home/ojab2/work/git/vggt/colmap_outputs/counter_2_n70_s42_default_farthestpose_sharedcam/eval_results.json,,counter_2_n70_s42_default_farthestpose_sharedcam,0.0521,0.003333,70,1.114694,,,,/home/ojab2/work/git/vggt/colmap_outputs/counter_2_n70_s42_default_farthestpose_sharedcam/eval_results.json,counter_2_n70_s42_default_farthestpose_sharedcam,,,,colmap | farthestpose,70.0
colmap,70,42,,,,,,,0,10,farthestpose,,,,,,,,,,,0.0,,False,1.0,1.0,vggt,garden,,,,,default,MCMC,,,,,Shared Cam,,,,,,sfm,,outdoor,,,,,,,,,,,,/home/ojab2/work/git/vggt/colmap_outputs/garden_2_n70_s42_default_farthestpose_sharedcam/eval_results.json,,garden_2_n70_s42_default_farthestpose_sharedcam,0.0575,0.003012,70,1.084439,,,,/home/ojab2/work/git/vggt/colmap_outputs/garden_2_n70_s42_default_farthestpose_sharedcam/eval_results.json,garden_2_n70_s42_default_farthestpose_sharedcam,,,,colmap | farthestpose,70.0
colmap,70,42,,,,,,,0,10,farthestpose,,,,,,,,,,,0.0,,False,1.0,1.0,vggt,stump,,,,,default,MCMC,,,,,Shared Cam,,,,,,sfm,,outdoor,,,,,,,,,,,,/home/ojab2/work/git/vggt/colmap_outputs/stump_2_n70_s42_default_farthestpose_sharedcam/eval_results.json,,stump_2_n70_s42_default_farthestpose_sharedcam,0.0445,0.004186,70,1.015412,,,,/home/ojab2/work/git/vggt/colmap_outputs/stump_2_n70_s42_default_farthestpose_sharedcam/eval_results.json,stump_2_n70_s42_default_farthestpose_sharedcam,,,,colmap | farthestpose,70.0
colmap,70,42,,,,,,,0,10,farthestpose,,,,,,,,,,,0.0,,False,1.0,1.0,vggt,ship,pinhole,,,,default,MCMC,,,,,Shared Cam,,,,,,sfm,,synthetic,,,,,,,,,,,,/home/ojab2/work/git/vggt/colmap_outputs/ship_1_n70_s42_default_mpinhole_farthestpose_sharedcam/eval_results.json,,ship_1_n70_s42_default_mpinhole_farthestpose_sharedcam,0.341,0.020319,59,0.941748,,,,/home/ojab2/work/git/vggt/colmap_outputs/ship_1_n70_s42_default_mpinhole_farthestpose_sharedcam/eval_results.json,ship_1_n70_s42_default_mpinhole_farthestpose_sharedcam,,,,colmap | farthestpose,70.0
colmap,70,42,,,,,,,0,10,farthestpose,,,,,,,,,,,0.0,,False,1.0,1.0,vggt,drums,pinhole,,,,default,MCMC,,,,,Shared Cam,,,,,,sfm,,synthetic,,,,,,,,,,,,/home/ojab2/work/git/vggt/colmap_outputs/drums_1_n70_s42_default_mpinhole_farthestpose_sharedcam/eval_results.json,,drums_1_n70_s42_default_mpinhole_farthestpose_sharedcam,0.2782,0.013316,25,0.54555,,,,/home/ojab2/work/git/vggt/colmap_outputs/drums_1_n70_s42_default_mpinhole_farthestpose_sharedcam/eval_results.json,drums_1_n70_s42_default_mpinhole_farthestpose_sharedcam,,,,colmap | farthestpose,70.0
vggt,70,42,0.0,100000,random,,,,0,10,farthestpose,,,,,,,,,,,0.0,,False,1.0,1.0,vggt,bonsai,,,,,,MCMC,,,,,,,,,,,sfm,,indoor,,,,,,,,,,,,/home/ojab2/work/git/vggt/vggt_outputs/bonsai_2_n70_s42_c0.0_p100000_random_farthestpose/eval_results.json,,bonsai_2_n70_s42_c0.0_p100000_random_farthestpose,0.9346,0.110179,70,7.826806,,,,/home/ojab2/work/git/vggt/vggt_outputs/bonsai_2_n70_s42_c0.0_p100000_random_farthestpose/eval_results.json,bonsai_2_n70_s42_c0.0_p100000_random_farthestpose,,,,vggt | farthestpose,70.0
vggt,70,42,0.0,100000,random,,,,0,10,farthestpose,,,,,,,,,,,0.0,,False,1.0,1.0,vggt,kitchen,,,,,,MCMC,,,,,,,,,,,sfm,,indoor,,,,,,,,,,,,/home/ojab2/work/git/vggt/vggt_outputs/kitchen_2_n70_s42_c0.0_p100000_random_farthestpose/eval_results.json,,kitchen_2_n70_s42_c0.0_p100000_random_farthestpose,0.3565,0.033111,70,4.231177,,,,/home/ojab2/work/git/vggt/vggt_outputs/kitchen_2_n70_s42_c0.0_p100000_random_farthestpose/eval_results.json,kitchen_2_n70_s42_c0.0_p100000_random_farthestpose,,,,vggt | farthestpose,70.0
vggt,70,42,0.0,100000,random,,,,0,10,farthestpose,,,,,,,,,,,0.0,,False,1.0,1.0,vggt,counter,,,,,,MCMC,,,,,,,,,,,sfm,,indoor,,,,,,,,,,,,/home/ojab2/work/git/vggt/vggt_outputs/counter_2_n70_s42_c0.0_p100000_random_farthestpose/eval_results.json,,counter_2_n70_s42_c0.0_p100000_random_farthestpose,0.3538,0.035574,70,4.843657,,,,/home/ojab2/work/git/vggt/vggt_outputs/counter_2_n70_s42_c0.0_p100000_random_farthestpose/eval_results.json,counter_2_n70_s42_c0.0_p100000_random_farthestpose,,,,vggt | farthestpose,70.0
vggt,70,42,0.0,100000,random,,,,0,10,farthestpose,,,,,,,,,,,0.0,,False,1.0,1.0,vggt,bicycle,,,,,,MCMC,,,,,,,,,,,sfm,,outdoor,,,,,,,,,,,,/home/ojab2/work/git/vggt/vggt_outputs/bicycle_4_n70_s42_c0.0_p100000_random_farthestpose/eval_results.json,,bicycle_4_n70_s42_c0.0_p100000_random_farthestpose,0.6322,0.07656,70,5.803687,,,,/home/ojab2/work/git/vggt/vggt_outputs/bicycle_4_n70_s42_c0.0_p100000_random_farthestpose/eval_results.json,bicycle_4_n70_s42_c0.0_p100000_random_farthestpose,,,,vggt | farthestpose,70.0
vggt,70,42,0.0,100000,random,,,,0,10,farthestpose,,,,,,,,,,,0.0,,False,1.0,1.0,vggt,garden,,,,,,MCMC,,,,,,,,,,,sfm,,outdoor,,,,,,,,,,,,/home/ojab2/work/git/vggt/vggt_outputs/garden_2_n70_s42_c0.0_p100000_random_farthestpose/eval_results.json,,garden_2_n70_s42_c0.0_p100000_random_farthestpose,0.3449,0.026617,70,6.194213,,,,/home/ojab2/work/git/vggt/vggt_outputs/garden_2_n70_s42_c0.0_p100000_random_farthestpose/eval_results.json,garden_2_n70_s42_c0.0_p100000_random_farthestpose,,,,vggt | farthestpose,70.0
vggt,70,42,0.0,100000,random,,,,0,10,farthestpose,,,,,,,,,,,0.0,,False,1.0,1.0,vggt,stump,,,,,,MCMC,,,,,,,,,,,sfm,,outdoor,,,,,,,,,,,,/home/ojab2/work/git/vggt/vggt_outputs/stump_2_n70_s42_c0.0_p100000_random_farthestpose/eval_results.json,,stump_2_n70_s42_c0.0_p100000_random_farthestpose,0.9124,0.146258,70,4.591687,,,,/home/ojab2/work/git/vggt/vggt_outputs/stump_2_n70_s42_c0.0_p100000_random_farthestpose/eval_results.json,stump_2_n70_s42_c0.0_p100000_random_farthestpose,,,,vggt | farthestpose,70.0
vggt,70,42,0.0,100000,random,,,,0,10,farthestpose,,,,,,,,,,,0.0,,False,1.0,1.0,vggt,lego,,,,,,MCMC,,,,,,,,,,,sfm,,synthetic,,,,,,,,,,,,/home/ojab2/work/git/vggt/vggt_outputs/lego_1_n70_s42_c0.0_p100000_random_farthestpose/eval_results.json,,lego_1_n70_s42_c0.0_p100000_random_farthestpose,0.4393,0.021293,70,4.048736,0.0432,0.012,0.1049,/home/ojab2/work/git/vggt/vggt_outputs/lego_1_n70_s42_c0.0_p100000_random_farthestpose/eval_results.json,lego_1_n70_s42_c0.0_p100000_random_farthestpose,,,,vggt | farthestpose,70.0
vggt,70,42,0.0,100000,random,,,,0,10,farthestpose,,,,,,,,,,,0.0,,False,1.0,1.0,vggt,ship,,,,,,MCMC,,,,,,,,,,,sfm,,synthetic,,,,,,,,,,,,/home/ojab2/work/git/vggt/vggt_outputs/ship_1_n70_s42_c0.0_p100000_random_farthestpose/eval_results.json,,ship_1_n70_s42_c0.0_p100000_random_farthestpose,0.4193,0.023856,70,4.293478,0.1036,0.028,0.2492,/home/ojab2/work/git/vggt/vggt_outputs/ship_1_n70_s42_c0.0_p100000_random_farthestpose/eval_results.json,ship_1_n70_s42_c0.0_p100000_random_farthestpose,,,,vggt | farthestpose,70.0
vggt,70,42,0.0,100000,random,,,,0,10,farthestpose,,,,,,,,,,,0.0,,False,1.0,1.0,vggt,drums,,,,,,MCMC,,,,,,,,,,,sfm,,synthetic,,,,,,,,,,,,/home/ojab2/work/git/vggt/vggt_outputs/drums_1_n70_s42_c0.0_p100000_random_farthestpose/eval_results.json,,drums_1_n70_s42_c0.0_p100000_random_farthestpose,0.1748,0.009322,70,3.908628,,,,/home/ojab2/work/git/vggt/vggt_outputs/drums_1_n70_s42_c0.0_p100000_random_farthestpose/eval_results.json,drums_1_n70_s42_c0.0_p100000_random_farthestpose,,,,vggt | farthestpose,70.0
colmap,80,42,,,,,,,0,10,farthestpose,,,,,,,,,,,0.0,,False,1.0,1.0,vggt,kitchen,,,,,default,MCMC,,,,,Shared Cam,,,,,,sfm,,indoor,,,,,,,,,,,,/home/ojab2/work/git/vggt/colmap_outputs/kitchen_2_n80_s42_default_farthestpose_sharedcam/eval_results.json,,kitchen_2_n80_s42_default_farthestpose_sharedcam,0.1112,0.004732,80,1.034406,,,,/home/ojab2/work/git/vggt/colmap_outputs/kitchen_2_n80_s42_default_farthestpose_sharedcam/eval_results.json,kitchen_2_n80_s42_default_farthestpose_sharedcam,,,,colmap | farthestpose,80.0
colmap,80,42,,,,,,,0,10,farthestpose,,,,,,,,,,,0.0,,False,1.0,1.0,vggt,counter,,,,,default,MCMC,,,,,Shared Cam,,,,,,sfm,,indoor,,,,,,,,,,,,/home/ojab2/work/git/vggt/colmap_outputs/counter_2_n80_s42_default_farthestpose_sharedcam/eval_results.json,,counter_2_n80_s42_default_farthestpose_sharedcam,0.0372,0.002456,80,1.094912,,,,/home/ojab2/work/git/vggt/colmap_outputs/counter_2_n80_s42_default_farthestpose_sharedcam/eval_results.json,counter_2_n80_s42_default_farthestpose_sharedcam,,,,colmap | farthestpose,80.0
colmap,80,42,,,,,,,0,10,farthestpose,,,,,,,,,,,0.0,,False,1.0,1.0,vggt,garden,,,,,default,MCMC,,,,,Shared Cam,,,,,,sfm,,outdoor,,,,,,,,,,,,/home/ojab2/work/git/vggt/colmap_outputs/garden_2_n80_s42_default_farthestpose_sharedcam/eval_results.json,,garden_2_n80_s42_default_farthestpose_sharedcam,0.0602,0.002796,80,1.0611,,,,/home/ojab2/work/git/vggt/colmap_outputs/garden_2_n80_s42_default_farthestpose_sharedcam/eval_results.json,garden_2_n80_s42_default_farthestpose_sharedcam,,,,colmap | farthestpose,80.0
colmap,80,42,,,,,,,0,10,farthestpose,,,,,,,,,,,0.0,,False,1.0,1.0,vggt,stump,,,,,default,MCMC,,,,,Shared Cam,,,,,,sfm,,outdoor,,,,,,,,,,,,/home/ojab2/work/git/vggt/colmap_outputs/stump_2_n80_s42_default_farthestpose_sharedcam/eval_results.json,,stump_2_n80_s42_default_farthestpose_sharedcam,0.0281,0.002677,80,1.035796,,,,/home/ojab2/work/git/vggt/colmap_outputs/stump_2_n80_s42_default_farthestpose_sharedcam/eval_results.json,stump_2_n80_s42_default_farthestpose_sharedcam,,,,colmap | farthestpose,80.0
colmap,80,42,,,,,,,0,10,farthestpose,,,,,,,,,,,0.0,,False,1.0,1.0,vggt,ship,pinhole,,,,default,MCMC,,,,,Shared Cam,,,,,,sfm,,synthetic,,,,,,,,,,,,/home/ojab2/work/git/vggt/colmap_outputs/ship_1_n80_s42_default_mpinhole_farthestpose_sharedcam/eval_results.json,,ship_1_n80_s42_default_mpinhole_farthestpose_sharedcam,0.214,0.012049,73,0.826711,,,,/home/ojab2/work/git/vggt/colmap_outputs/ship_1_n80_s42_default_mpinhole_farthestpose_sharedcam/eval_results.json,ship_1_n80_s42_default_mpinhole_farthestpose_sharedcam,,,,colmap | farthestpose,80.0
colmap,80,42,,,,,,,0,10,farthestpose,,,,,,,,,,,0.0,,False,1.0,1.0,vggt,drums,pinhole,,,,default,MCMC,,,,,Shared Cam,,,,,,sfm,,synthetic,,,,,,,,,,,,/home/ojab2/work/git/vggt/colmap_outputs/drums_1_n80_s42_default_mpinhole_farthestpose_sharedcam/eval_results.json,,drums_1_n80_s42_default_mpinhole_farthestpose_sharedcam,0.2266,0.012312,72,0.827262,,,,/home/ojab2/work/git/vggt/colmap_outputs/drums_1_n80_s42_default_mpinhole_farthestpose_sharedcam/eval_results.json,drums_1_n80_s42_default_mpinhole_farthestpose_sharedcam,,,,colmap | farthestpose,80.0
vggt,80,42,0.0,100000,random,,,,0,10,farthestpose,,,,,,,,,,,0.0,,False,1.0,1.0,vggt,bonsai,,,,,,MCMC,,,,,,,,,,,sfm,,indoor,,,,,,,,,,,,/home/ojab2/work/git/vggt/vggt_outputs/bonsai_2_n80_s42_c0.0_p100000_random_farthestpose/eval_results.json,,bonsai_2_n80_s42_c0.0_p100000_random_farthestpose,0.9018,0.111718,80,7.882713,,,,/home/ojab2/work/git/vggt/vggt_outputs/bonsai_2_n80_s42_c0.0_p100000_random_farthestpose/eval_results.json,bonsai_2_n80_s42_c0.0_p100000_random_farthestpose,,,,vggt | farthestpose,80.0
vggt,80,42,0.0,100000,random,,,,0,10,farthestpose,,,,,,,,,,,0.0,,False,1.0,1.0,vggt,kitchen,,,,,,MCMC,,,,,,,,,,,sfm,,indoor,,,,,,,,,,,,/home/ojab2/work/git/vggt/vggt_outputs/kitchen_2_n80_s42_c0.0_p100000_random_farthestpose/eval_results.json,,kitchen_2_n80_s42_c0.0_p100000_random_farthestpose,0.3315,0.030614,80,4.221177,,,,/home/ojab2/work/git/vggt/vggt_outputs/kitchen_2_n80_s42_c0.0_p100000_random_farthestpose/eval_results.json,kitchen_2_n80_s42_c0.0_p100000_random_farthestpose,,,,vggt | farthestpose,80.0
vggt,80,42,0.0,100000,random,,,,0,10,farthestpose,,,,,,,,,,,0.0,,False,1.0,1.0,vggt,counter,,,,,,MCMC,,,,,,,,,,,sfm,,indoor,,,,,,,,,,,,/home/ojab2/work/git/vggt/vggt_outputs/counter_2_n80_s42_c0.0_p100000_random_farthestpose/eval_results.json,,counter_2_n80_s42_c0.0_p100000_random_farthestpose,0.353,0.035227,80,4.841688,,,,/home/ojab2/work/git/vggt/vggt_outputs/counter_2_n80_s42_c0.0_p100000_random_farthestpose/eval_results.json,counter_2_n80_s42_c0.0_p100000_random_farthestpose,,,,vggt | farthestpose,80.0
vggt,80,42,0.0,100000,random,,,,0,10,farthestpose,,,,,,,,,,,0.0,,False,1.0,1.0,vggt,bicycle,,,,,,MCMC,,,,,,,,,,,sfm,,outdoor,,,,,,,,,,,,/home/ojab2/work/git/vggt/vggt_outputs/bicycle_4_n80_s42_c0.0_p100000_random_farthestpose/eval_results.json,,bicycle_4_n80_s42_c0.0_p100000_random_farthestpose,0.6603,0.070258,80,5.782705,,,,/home/ojab2/work/git/vggt/vggt_outputs/bicycle_4_n80_s42_c0.0_p100000_random_farthestpose/eval_results.json,bicycle_4_n80_s42_c0.0_p100000_random_farthestpose,,,,vggt | farthestpose,80.0
vggt,80,42,0.0,100000,random,,,,0,10,farthestpose,,,,,,,,,,,0.0,,False,1.0,1.0,vggt,garden,,,,,,MCMC,,,,,,,,,,,sfm,,outdoor,,,,,,,,,,,,/home/ojab2/work/git/vggt/vggt_outputs/garden_2_n80_s42_c0.0_p100000_random_farthestpose/eval_results.json,,garden_2_n80_s42_c0.0_p100000_random_farthestpose,0.3373,0.027213,80,6.138649,,,,/home/ojab2/work/git/vggt/vggt_outputs/garden_2_n80_s42_c0.0_p100000_random_farthestpose/eval_results.json,garden_2_n80_s42_c0.0_p100000_random_farthestpose,,,,vggt | farthestpose,80.0
vggt,80,42,0.0,100000,random,,,,0,10,farthestpose,,,,,,,,,,,0.0,,False,1.0,1.0,vggt,stump,,,,,,MCMC,,,,,,,,,,,sfm,,outdoor,,,,,,,,,,,,/home/ojab2/work/git/vggt/vggt_outputs/stump_2_n80_s42_c0.0_p100000_random_farthestpose/eval_results.json,,stump_2_n80_s42_c0.0_p100000_random_farthestpose,1.0592,0.162752,80,4.750868,,,,/home/ojab2/work/git/vggt/vggt_outputs/stump_2_n80_s42_c0.0_p100000_random_farthestpose/eval_results.json,stump_2_n80_s42_c0.0_p100000_random_farthestpose,,,,vggt | farthestpose,80.0
vggt,80,42,0.0,100000,random,,,,0,10,farthestpose,,,,,,,,,,,0.0,,False,1.0,1.0,vggt,lego,,,,,,MCMC,,,,,,,,,,,sfm,,synthetic,,,,,,,,,,,,/home/ojab2/work/git/vggt/vggt_outputs/lego_1_n80_s42_c0.0_p100000_random_farthestpose/eval_results.json,,lego_1_n80_s42_c0.0_p100000_random_farthestpose,0.347,0.019011,80,4.049701,0.0453,0.0127,0.1112,/home/ojab2/work/git/vggt/vggt_outputs/lego_1_n80_s42_c0.0_p100000_random_farthestpose/eval_results.json,lego_1_n80_s42_c0.0_p100000_random_farthestpose,,,,vggt | farthestpose,80.0
vggt,80,42,0.0,100000,random,,,,0,10,farthestpose,,,,,,,,,,,0.0,,False,1.0,1.0,vggt,ship,,,,,,MCMC,,,,,,,,,,,sfm,,synthetic,,,,,,,,,,,,/home/ojab2/work/git/vggt/vggt_outputs/ship_1_n80_s42_c0.0_p100000_random_farthestpose/eval_results.json,,ship_1_n80_s42_c0.0_p100000_random_farthestpose,0.4568,0.026057,80,4.29754,0.1053,0.0284,0.2435,/home/ojab2/work/git/vggt/vggt_outputs/ship_1_n80_s42_c0.0_p100000_random_farthestpose/eval_results.json,ship_1_n80_s42_c0.0_p100000_random_farthestpose,,,,vggt | farthestpose,80.0
vggt,80,42,0.0,100000,random,,,,0,10,farthestpose,,,,,,,,,,,0.0,,False,1.0,1.0,vggt,drums,,,,,,MCMC,,,,,,,,,,,sfm,,synthetic,,,,,,,,,,,,/home/ojab2/work/git/vggt/vggt_outputs/drums_1_n80_s42_c0.0_p100000_random_farthestpose/eval_results.json,,drums_1_n80_s42_c0.0_p100000_random_farthestpose,0.1823,0.009595,80,3.888211,,,,/home/ojab2/work/git/vggt/vggt_outputs/drums_1_n80_s42_c0.0_p100000_random_farthestpose/eval_results.json,drums_1_n80_s42_c0.0_p100000_random_farthestpose,,,,vggt | farthestpose,80.0
vggt,87,42,0.0,100000,random,,,,0,10,farthestpose,87,GT Eval,,,,Pose Opt,,,,,0.0,,False,1.0,1.0,vggt,lego,,,15000,15000,,MCMC,,,,,,,,,,,gsplat,,synthetic,20.352569580078125,0.07587305456399918,0.773491382598877,1000000,0.006157866213470697,0.2516995370388031,0.08927708864212036,0.02102166973054409,0.6888311082101471,0.1870075088630269,100000,/home/ojab2/work/git/gsplat/results/vggt_outputs/lego_1_n87_s42_c0.0_p100000_random_farthestpose_i87_gteval_poseopt_steps15000/stats/val_step14999.json,/home/ojab2/work/git/gsplat/results/vggt_outputs/lego_1_n87_s42_c0.0_p100000_random_farthestpose_i87_gteval_poseopt_steps15000/stats/val_step14999.json,lego_1_n87_s42_c0.0_p100000_random_farthestpose_i87_gteval_poseopt_steps15000,0.2976,0.018838,87,4.04904,0.0478,0.0135,0.118,/home/ojab2/work/git/vggt/vggt_outputs/lego_1_n87_s42_c0.0_p100000_random_farthestpose/eval_results.json,lego_1_n87_s42_c0.0_p100000_random_farthestpose,lego_1_n87_s42_c0.0_p100000_random_farthestpose_i87_gteval_poseopt_steps15000_val_step14999.json,100000,,vggt | farthestpose,87.0
vggt,87,42,0.0,100000,random,,,,0,10,farthestpose,87,GT Eval,,,,Pose Opt,,,,,0.0,,False,1.0,1.0,vggt,ship,,,15000,15000,,MCMC,,,,,,,,,,,gsplat,,synthetic,22.858901977539062,0.1296185404062271,0.748465359210968,1000000,0.008311179466545582,0.3772093653678894,0.14261142909526825,0.027311956509947777,0.6874333439011167,0.21210940347301177,100000,/home/ojab2/work/git/gsplat/results/vggt_outputs/ship_1_n87_s42_c0.0_p100000_random_farthestpose_i87_gteval_poseopt_steps15000/stats/val_step14999.json,/home/ojab2/work/git/gsplat/results/vggt_outputs/ship_1_n87_s42_c0.0_p100000_random_farthestpose_i87_gteval_poseopt_steps15000/stats/val_step14999.json,ship_1_n87_s42_c0.0_p100000_random_farthestpose_i87_gteval_poseopt_steps15000,0.4869,0.027807,87,4.301907,0.1056,0.0284,0.2389,/home/ojab2/work/git/vggt/vggt_outputs/ship_1_n87_s42_c0.0_p100000_random_farthestpose/eval_results.json,ship_1_n87_s42_c0.0_p100000_random_farthestpose,ship_1_n87_s42_c0.0_p100000_random_farthestpose_i87_gteval_poseopt_steps15000_val_step14999.json,100000,,vggt | farthestpose,87.0
vggt,87,42,0.0,100000,random,,,,0,10,farthestpose,87,GT Eval,,,,Pose Opt,,,,,0.0,,False,1.0,1.0,vggt,drums,,,15000,15000,,MCMC,,,,,,,,,,,gsplat,,synthetic,20.899389266967773,0.08484406024217606,0.8690087795257568,1000000,0.0031003891490399837,0.11593722552061081,0.07793186604976654,0.017566045746207237,0.749277867739893,0.15163353376661962,100000,/home/ojab2/work/git/gsplat/results/vggt_outputs/drums_1_n87_s42_c0.0_p100000_random_farthestpose_i87_gteval_poseopt_steps15000/stats/val_step14999.json,/home/ojab2/work/git/gsplat/results/vggt_outputs/drums_1_n87_s42_c0.0_p100000_random_farthestpose_i87_gteval_poseopt_steps15000/stats/val_step14999.json,drums_1_n87_s42_c0.0_p100000_random_farthestpose_i87_gteval_poseopt_steps15000,0.173,0.01002,87,3.881439,,,,/home/ojab2/work/git/vggt/vggt_outputs/drums_1_n87_s42_c0.0_p100000_random_farthestpose/eval_results.json,drums_1_n87_s42_c0.0_p100000_random_farthestpose,drums_1_n87_s42_c0.0_p100000_random_farthestpose_i87_gteval_poseopt_steps15000_val_step14999.json,100000,,vggt | farthestpose,87.0
colmap,90,42,,,,,,,0,10,farthestpose,,,,,,,,,,,0.0,,False,1.0,1.0,vggt,kitchen,,,,,default,MCMC,,,,,Shared Cam,,,,,,sfm,,indoor,,,,,,,,,,,,/home/ojab2/work/git/vggt/colmap_outputs/kitchen_2_n90_s42_default_farthestpose_sharedcam/eval_results.json,,kitchen_2_n90_s42_default_farthestpose_sharedcam,0.1098,0.004686,90,1.075931,,,,/home/ojab2/work/git/vggt/colmap_outputs/kitchen_2_n90_s42_default_farthestpose_sharedcam/eval_results.json,kitchen_2_n90_s42_default_farthestpose_sharedcam,,,,colmap | farthestpose,90.0
colmap,90,42,,,,,,,0,10,farthestpose,,,,,,,,,,,0.0,,False,1.0,1.0,vggt,counter,,,,,default,MCMC,,,,,Shared Cam,,,,,,sfm,,indoor,,,,,,,,,,,,/home/ojab2/work/git/vggt/colmap_outputs/counter_2_n90_s42_default_farthestpose_sharedcam/eval_results.json,,counter_2_n90_s42_default_farthestpose_sharedcam,0.0379,0.002267,90,1.078842,,,,/home/ojab2/work/git/vggt/colmap_outputs/counter_2_n90_s42_default_farthestpose_sharedcam/eval_results.json,counter_2_n90_s42_default_farthestpose_sharedcam,,,,colmap | farthestpose,90.0
colmap,90,42,,,,,,,0,10,farthestpose,,,,,,,,,,,0.0,,False,1.0,1.0,vggt,garden,,,,,default,MCMC,,,,,Shared Cam,,,,,,sfm,,outdoor,,,,,,,,,,,,/home/ojab2/work/git/vggt/colmap_outputs/garden_2_n90_s42_default_farthestpose_sharedcam/eval_results.json,,garden_2_n90_s42_default_farthestpose_sharedcam,0.061,0.002742,90,1.057226,,,,/home/ojab2/work/git/vggt/colmap_outputs/garden_2_n90_s42_default_farthestpose_sharedcam/eval_results.json,garden_2_n90_s42_default_farthestpose_sharedcam,,,,colmap | farthestpose,90.0
colmap,90,42,,,,,,,0,10,farthestpose,,,,,,,,,,,0.0,,False,1.0,1.0,vggt,stump,,,,,default,MCMC,,,,,Shared Cam,,,,,,sfm,,outdoor,,,,,,,,,,,,/home/ojab2/work/git/vggt/colmap_outputs/stump_2_n90_s42_default_farthestpose_sharedcam/eval_results.json,,stump_2_n90_s42_default_farthestpose_sharedcam,0.0232,0.002449,90,1.025126,,,,/home/ojab2/work/git/vggt/colmap_outputs/stump_2_n90_s42_default_farthestpose_sharedcam/eval_results.json,stump_2_n90_s42_default_farthestpose_sharedcam,,,,colmap | farthestpose,90.0
vggt,90,42,0.0,100000,random,,,,0,10,farthestpose,,,,,,,,,,,0.0,,False,1.0,1.0,vggt,bonsai,,,,,,MCMC,,,,,,,,,,,sfm,,indoor,,,,,,,,,,,,/home/ojab2/work/git/vggt/vggt_outputs/bonsai_2_n90_s42_c0.0_p100000_random_farthestpose/eval_results.json,,bonsai_2_n90_s42_c0.0_p100000_random_farthestpose,0.8837,0.108772,90,7.798511,,,,/home/ojab2/work/git/vggt/vggt_outputs/bonsai_2_n90_s42_c0.0_p100000_random_farthestpose/eval_results.json,bonsai_2_n90_s42_c0.0_p100000_random_farthestpose,,,,vggt | farthestpose,90.0
vggt,90,42,0.0,100000,random,,,,0,10,farthestpose,,,,,,,,,,,0.0,,False,1.0,1.0,vggt,kitchen,,,,,,MCMC,,,,,,,,,,,sfm,,indoor,,,,,,,,,,,,/home/ojab2/work/git/vggt/vggt_outputs/kitchen_2_n90_s42_c0.0_p100000_random_farthestpose/eval_results.json,,kitchen_2_n90_s42_c0.0_p100000_random_farthestpose,0.3587,0.031566,90,4.212161,,,,/home/ojab2/work/git/vggt/vggt_outputs/kitchen_2_n90_s42_c0.0_p100000_random_farthestpose/eval_results.json,kitchen_2_n90_s42_c0.0_p100000_random_farthestpose,,,,vggt | farthestpose,90.0
vggt,90,42,0.0,100000,random,,,,0,10,farthestpose,,,,,,,,,,,0.0,,False,1.0,1.0,vggt,counter,,,,,,MCMC,,,,,,,,,,,sfm,,indoor,,,,,,,,,,,,/home/ojab2/work/git/vggt/vggt_outputs/counter_2_n90_s42_c0.0_p100000_random_farthestpose/eval_results.json,,counter_2_n90_s42_c0.0_p100000_random_farthestpose,0.346,0.033203,90,4.813547,,,,/home/ojab2/work/git/vggt/vggt_outputs/counter_2_n90_s42_c0.0_p100000_random_farthestpose/eval_results.json,counter_2_n90_s42_c0.0_p100000_random_farthestpose,,,,vggt | farthestpose,90.0
vggt,90,42,0.0,100000,random,,,,0,10,farthestpose,,,,,,,,,,,0.0,,False,1.0,1.0,vggt,bicycle,,,,,,MCMC,,,,,,,,,,,sfm,,outdoor,,,,,,,,,,,,/home/ojab2/work/git/vggt/vggt_outputs/bicycle_4_n90_s42_c0.0_p100000_random_farthestpose/eval_results.json,,bicycle_4_n90_s42_c0.0_p100000_random_farthestpose,0.6674,0.07043,90,5.778978,,,,/home/ojab2/work/git/vggt/vggt_outputs/bicycle_4_n90_s42_c0.0_p100000_random_farthestpose/eval_results.json,bicycle_4_n90_s42_c0.0_p100000_random_farthestpose,,,,vggt | farthestpose,90.0
vggt,90,42,0.0,100000,random,,,,0,10,farthestpose,,,,,,,,,,,0.0,,False,1.0,1.0,vggt,garden,,,,,,MCMC,,,,,,,,,,,sfm,,outdoor,,,,,,,,,,,,/home/ojab2/work/git/vggt/vggt_outputs/garden_2_n90_s42_c0.0_p100000_random_farthestpose/eval_results.json,,garden_2_n90_s42_c0.0_p100000_random_farthestpose,0.3785,0.027125,90,6.121233,,,,/home/ojab2/work/git/vggt/vggt_outputs/garden_2_n90_s42_c0.0_p100000_random_farthestpose/eval_results.json,garden_2_n90_s42_c0.0_p100000_random_farthestpose,,,,vggt | farthestpose,90.0
vggt,90,42,0.0,100000,random,,,,0,10,farthestpose,,,,,,,,,,,0.0,,False,1.0,1.0,vggt,stump,,,,,,MCMC,,,,,,,,,,,sfm,,outdoor,,,,,,,,,,,,/home/ojab2/work/git/vggt/vggt_outputs/stump_2_n90_s42_c0.0_p100000_random_farthestpose/eval_results.json,,stump_2_n90_s42_c0.0_p100000_random_farthestpose,0.8922,0.169476,90,4.75452,,,,/home/ojab2/work/git/vggt/vggt_outputs/stump_2_n90_s42_c0.0_p100000_random_farthestpose/eval_results.json,stump_2_n90_s42_c0.0_p100000_random_farthestpose,,,,vggt | farthestpose,90.0
vggt,100,42,0.0,100000,random,,,,0,10,farthestpose,100,GT Eval,,,,Pose Opt,,,,,0.0,,False,1.0,1.0,vggt,bonsai,,,15000,15000,,MCMC,,,,,,,,,,,gsplat,,indoor,17.422657012939453,0.3988327085971832,0.5597713589668274,1000000,0.021631203591823578,0.7885617017745972,,,0.3102331869860916,0.3601441038292793,100000,/home/ojab2/work/git/gsplat/results/vggt_outputs/bonsai_2_n100_s42_c0.0_p100000_random_farthestpose_i100_gteval_poseopt_steps15000/stats/val_step14999.json,/home/ojab2/work/git/gsplat/results/vggt_outputs/bonsai_2_n100_s42_c0.0_p100000_random_farthestpose_i100_gteval_poseopt_steps15000/stats/val_step14999.json,bonsai_2_n100_s42_c0.0_p100000_random_farthestpose_i100_gteval_poseopt_steps15000,0.7215,0.105749,100,7.778965,,,,/home/ojab2/work/git/vggt/vggt_outputs/bonsai_2_n100_s42_c0.0_p100000_random_farthestpose/eval_results.json,bonsai_2_n100_s42_c0.0_p100000_random_farthestpose,bonsai_2_n100_s42_c0.0_p100000_random_farthestpose_i100_gteval_poseopt_steps15000_val_step14999.json,100000,,vggt | farthestpose,100.0
vggt,100,42,0.0,100000,random,,,,0,10,farthestpose,100,GT Eval,,,,Pose Opt,,,,,0.0,,False,1.0,1.0,vggt,kitchen,,,15000,15000,,MCMC,,,,,,,,,,,gsplat,,indoor,20.017711639404297,0.17643724381923676,0.4138493239879608,1000000,0.005308283492922783,0.235776886343956,,,0.41023638186089173,0.31733377408505686,100000,/home/ojab2/work/git/gsplat/results/vggt_outputs/kitchen_2_n100_s42_c0.0_p100000_random_farthestpose_i100_gteval_poseopt_steps15000/stats/val_step14999.json,/home/ojab2/work/git/gsplat/results/vggt_outputs/kitchen_2_n100_s42_c0.0_p100000_random_farthestpose_i100_gteval_poseopt_steps15000/stats/val_step14999.json,kitchen_2_n100_s42_c0.0_p100000_random_farthestpose_i100_gteval_poseopt_steps15000,0.3392,0.031011,100,4.199786,,,,/home/ojab2/work/git/vggt/vggt_outputs/kitchen_2_n100_s42_c0.0_p100000_random_farthestpose/eval_results.json,kitchen_2_n100_s42_c0.0_p100000_random_farthestpose,kitchen_2_n100_s42_c0.0_p100000_random_farthestpose_i100_gteval_poseopt_steps15000_val_step14999.json,100000,,vggt | farthestpose,100.0
vggt,100,42,0.0,100000,random,,,,0,10,farthestpose,100,GT Eval,,,,Pose Opt,,,,,0.0,,False,1.0,1.0,vggt,counter,,,15000,15000,,MCMC,,,,,,,,,,,gsplat,,indoor,20.807443618774414,0.23748624324798584,0.6405438780784607,1000000,0.006176562514156103,0.25385963916778564,,,0.5197463952697198,0.28177874468515063,100000,/home/ojab2/work/git/gsplat/results/vggt_outputs/counter_2_n100_s42_c0.0_p100000_random_farthestpose_i100_gteval_poseopt_steps15000/stats/val_step14999.json,/home/ojab2/work/git/gsplat/results/vggt_outputs/counter_2_n100_s42_c0.0_p100000_random_farthestpose_i100_gteval_poseopt_steps15000/stats/val_step14999.json,counter_2_n100_s42_c0.0_p100000_random_farthestpose_i100_gteval_poseopt_steps15000,0.3433,0.032901,100,4.853077,,,,/home/ojab2/work/git/vggt/vggt_outputs/counter_2_n100_s42_c0.0_p100000_random_farthestpose/eval_results.json,counter_2_n100_s42_c0.0_p100000_random_farthestpose,counter_2_n100_s42_c0.0_p100000_random_farthestpose_i100_gteval_poseopt_steps15000_val_step14999.json,100000,,vggt | farthestpose,100.0
vggt,100,42,0.0,100000,random,,,,0,10,farthestpose,100,GT Eval,,,,Pose Opt,,,,,0.0,,False,1.0,1.0,vggt,bicycle,,,15000,15000,,MCMC,,,,,,,,,,,gsplat,,outdoor,17.384122848510742,0.337806761264801,0.26788055896759033,1000000,0.013628819026052952,0.4889967441558838,,,0.17649355493945842,0.4039034005824482,100000,/home/ojab2/work/git/gsplat/results/vggt_outputs/bicycle_4_n100_s42_c0.0_p100000_random_farthestpose_i100_gteval_poseopt_steps15000/stats/val_step14999.json,/home/ojab2/work/git/gsplat/results/vggt_outputs/bicycle_4_n100_s42_c0.0_p100000_random_farthestpose_i100_gteval_poseopt_steps15000/stats/val_step14999.json,bicycle_4_n100_s42_c0.0_p100000_random_farthestpose_i100_gteval_poseopt_steps15000,0.7161,0.065623,100,5.788567,,,,/home/ojab2/work/git/vggt/vggt_outputs/bicycle_4_n100_s42_c0.0_p100000_random_farthestpose/eval_results.json,bicycle_4_n100_s42_c0.0_p100000_random_farthestpose,bicycle_4_n100_s42_c0.0_p100000_random_farthestpose_i100_gteval_poseopt_steps15000_val_step14999.json,100000,,vggt | farthestpose,100.0
vggt,100,42,0.0,100000,random,,,,0,10,farthestpose,100,GT Eval,,,,Pose Opt,,,,,0.0,,False,1.0,1.0,vggt,garden,,,15000,15000,,MCMC,,,,,,,,,,,gsplat,,outdoor,19.350812911987305,0.33780568838119507,0.3663502633571625,1000000,0.004315244033932686,0.13491961359977722,,,0.2704990260240085,0.3818130639337203,100000,/home/ojab2/work/git/gsplat/results/vggt_outputs/garden_2_n100_s42_c0.0_p100000_random_farthestpose_i100_gteval_poseopt_steps15000/stats/val_step14999.json,/home/ojab2/work/git/gsplat/results/vggt_outputs/garden_2_n100_s42_c0.0_p100000_random_farthestpose_i100_gteval_poseopt_steps15000/stats/val_step14999.json,garden_2_n100_s42_c0.0_p100000_random_farthestpose_i100_gteval_poseopt_steps15000,0.3733,0.026869,100,6.069829,,,,/home/ojab2/work/git/vggt/vggt_outputs/garden_2_n100_s42_c0.0_p100000_random_farthestpose/eval_results.json,garden_2_n100_s42_c0.0_p100000_random_farthestpose,garden_2_n100_s42_c0.0_p100000_random_farthestpose_i100_gteval_poseopt_steps15000_val_step14999.json,100000,,vggt | farthestpose,100.0
vggt,100,42,0.0,100000,random,,,,0,10,farthestpose,100,GT Eval,,,,Pose Opt,,,,,0.0,,False,1.0,1.0,vggt,stump,,,15000,15000,,MCMC,,,,,,,,,,,gsplat,,outdoor,18.294498443603516,0.4924980700016022,0.39796870946884155,1000000,0.03541010245680809,0.7774907946586609,,,0.17393884188637787,0.42773821885616137,100000,/home/ojab2/work/git/gsplat/results/vggt_outputs/stump_2_n100_s42_c0.0_p100000_random_farthestpose_i100_gteval_poseopt_steps15000/stats/val_step14999.json,/home/ojab2/work/git/gsplat/results/vggt_outputs/stump_2_n100_s42_c0.0_p100000_random_farthestpose_i100_gteval_poseopt_steps15000/stats/val_step14999.json,stump_2_n100_s42_c0.0_p100000_random_farthestpose_i100_gteval_poseopt_steps15000,0.8558,0.162829,100,4.685178,,,,/home/ojab2/work/git/vggt/vggt_outputs/stump_2_n100_s42_c0.0_p100000_random_farthestpose/eval_results.json,stump_2_n100_s42_c0.0_p100000_random_farthestpose,stump_2_n100_s42_c0.0_p100000_random_farthestpose_i100_gteval_poseopt_steps15000_val_step14999.json,100000,,vggt | farthestpose,100.0
colmap,10,42,,,,,,,0,10,minfarthestpose,,,,,,,,,,,0.0,,False,1.0,1.0,vggt,bonsai,,,,,default,MCMC,,,,,Shared Cam,,,,,,failed_sfm,,indoor,,,,,,,,,,,,/home/ojab2/work/git/vggt/colmap_outputs/bonsai_2_n10_s42_default_minfarthestpose_sharedcam/failed_eval.json,,bonsai_2_n10_s42_default_minfarthestpose_sharedcam,,,,,,,,,bonsai_2_n10_s42_default_minfarthestpose_sharedcam,,,/home/ojab2/work/git/vggt/colmap_outputs/bonsai_2_n10_s42_default_minfarthestpose_sharedcam/failed_eval.json,colmap | minfarthestpose,10.0
colmap,10,42,,,,,,,0,10,minfarthestpose,,,,,,,,,,,0.0,,False,1.0,1.0,vggt,kitchen,,,,,default,MCMC,,,,,Shared Cam,,,,,,failed_sfm,,indoor,,,,,,,,,,,,/home/ojab2/work/git/vggt/colmap_outputs/kitchen_2_n10_s42_default_minfarthestpose_sharedcam/failed_eval.json,,kitchen_2_n10_s42_default_minfarthestpose_sharedcam,,,,,,,,,kitchen_2_n10_s42_default_minfarthestpose_sharedcam,,,/home/ojab2/work/git/vggt/colmap_outputs/kitchen_2_n10_s42_default_minfarthestpose_sharedcam/failed_eval.json,colmap | minfarthestpose,10.0
colmap,10,42,,,,,,,0,10,minfarthestpose,,,,,,,,,,,0.0,,False,1.0,1.0,vggt,counter,,,,,default,MCMC,,,,,Shared Cam,,,,,,sfm,,indoor,,,,,,,,,,,,/home/ojab2/work/git/vggt/colmap_outputs/counter_2_n10_s42_default_minfarthestpose_sharedcam/eval_results.json,,counter_2_n10_s42_default_minfarthestpose_sharedcam,0.1484,0.006143,5,0.596288,,,,/home/ojab2/work/git/vggt/colmap_outputs/counter_2_n10_s42_default_minfarthestpose_sharedcam/eval_results.json,counter_2_n10_s42_default_minfarthestpose_sharedcam,,,,colmap | minfarthestpose,10.0
colmap,10,42,,,,,,,0,10,minfarthestpose,,,,,,,,,,,0.0,,False,1.0,1.0,vggt,bicycle,,,,,default,MCMC,,,,,Shared Cam,,,,,,failed_sfm,,outdoor,,,,,,,,,,,,/home/ojab2/work/git/vggt/colmap_outputs/bicycle_4_n10_s42_default_minfarthestpose_sharedcam/failed_eval.json,,bicycle_4_n10_s42_default_minfarthestpose_sharedcam,,,,,,,,,bicycle_4_n10_s42_default_minfarthestpose_sharedcam,,,/home/ojab2/work/git/vggt/colmap_outputs/bicycle_4_n10_s42_default_minfarthestpose_sharedcam/failed_eval.json,colmap | minfarthestpose,10.0
colmap,10,42,,,,,,,0,10,minfarthestpose,,,,,,,,,,,0.0,,False,1.0,1.0,vggt,garden,,,,,default,MCMC,,,,,Shared Cam,,,,,,sfm,,outdoor,,,,,,,,,,,,/home/ojab2/work/git/vggt/colmap_outputs/garden_2_n10_s42_default_minfarthestpose_sharedcam/eval_results.json,,garden_2_n10_s42_default_minfarthestpose_sharedcam,8.458,0.20661,2,0.25667,,,,/home/ojab2/work/git/vggt/colmap_outputs/garden_2_n10_s42_default_minfarthestpose_sharedcam/eval_results.json,garden_2_n10_s42_default_minfarthestpose_sharedcam,,,,colmap | minfarthestpose,10.0
colmap,10,42,,,,,,,0,10,minfarthestpose,,,,,,,,,,,0.0,,False,1.0,1.0,vggt,stump,,,,,default,MCMC,,,,,Shared Cam,,,,,,failed_sfm,,outdoor,,,,,,,,,,,,/home/ojab2/work/git/vggt/colmap_outputs/stump_2_n10_s42_default_minfarthestpose_sharedcam/failed_eval.json,,stump_2_n10_s42_default_minfarthestpose_sharedcam,,,,,,,,,stump_2_n10_s42_default_minfarthestpose_sharedcam,,,/home/ojab2/work/git/vggt/colmap_outputs/stump_2_n10_s42_default_minfarthestpose_sharedcam/failed_eval.json,colmap | minfarthestpose,10.0
colmap,10,42,,,,,,,0,10,minfarthestpose,,,,,,,,,,,0.0,,False,1.0,1.0,vggt,lego,pinhole,,,,default,MCMC,,,,,Shared Cam,,,,,,failed_sfm,,synthetic,,,,,,,,,,,,/home/ojab2/work/git/vggt/colmap_outputs/lego_1_n10_s42_default_mpinhole_minfarthestpose_sharedcam/failed_eval.json,,lego_1_n10_s42_default_mpinhole_minfarthestpose_sharedcam,,,,,,,,,lego_1_n10_s42_default_mpinhole_minfarthestpose_sharedcam,,,/home/ojab2/work/git/vggt/colmap_outputs/lego_1_n10_s42_default_mpinhole_minfarthestpose_sharedcam/failed_eval.json,colmap | minfarthestpose,10.0
colmap,10,42,,,,,,,0,10,minfarthestpose,,,,,,,,,,,0.0,,False,1.0,1.0,vggt,ship,pinhole,,,,default,MCMC,,,,,Shared Cam,,,,,,failed_sfm,,synthetic,,,,,,,,,,,,/home/ojab2/work/git/vggt/colmap_outputs/ship_1_n10_s42_default_mpinhole_minfarthestpose_sharedcam/failed_eval.json,,ship_1_n10_s42_default_mpinhole_minfarthestpose_sharedcam,,,,,,,,,ship_1_n10_s42_default_mpinhole_minfarthestpose_sharedcam,,,/home/ojab2/work/git/vggt/colmap_outputs/ship_1_n10_s42_default_mpinhole_minfarthestpose_sharedcam/failed_eval.json,colmap | minfarthestpose,10.0
colmap,10,42,,,,,,,0,10,minfarthestpose,,,,,,,,,,,0.0,,False,1.0,1.0,vggt,drums,pinhole,,,,default,MCMC,,,,,Shared Cam,,,,,,failed_sfm,,synthetic,,,,,,,,,,,,/home/ojab2/work/git/vggt/colmap_outputs/drums_1_n10_s42_default_mpinhole_minfarthestpose_sharedcam/failed_eval.json,,drums_1_n10_s42_default_mpinhole_minfarthestpose_sharedcam,,,,,,,,,drums_1_n10_s42_default_mpinhole_minfarthestpose_sharedcam,,,/home/ojab2/work/git/vggt/colmap_outputs/drums_1_n10_s42_default_mpinhole_minfarthestpose_sharedcam/failed_eval.json,colmap | minfarthestpose,10.0
vggt,10,42,0.0,100000,random,,,,0,10,minfarthestpose,,,,,,,,,,,0.0,,False,1.0,1.0,vggt,bonsai,,,,,,MCMC,,,,,,,,,,,sfm,,indoor,,,,,,,,,,,,/home/ojab2/work/git/vggt/vggt_outputs/bonsai_2_n10_s42_c0.0_p100000_random_minfarthestpose/eval_results.json,,bonsai_2_n10_s42_c0.0_p100000_random_minfarthestpose,1.2921,0.111946,10,8.425772,,,,/home/ojab2/work/git/vggt/vggt_outputs/bonsai_2_n10_s42_c0.0_p100000_random_minfarthestpose/eval_results.json,bonsai_2_n10_s42_c0.0_p100000_random_minfarthestpose,,,,vggt | minfarthestpose,10.0
vggt,10,42,0.0,100000,random,,,,0,10,minfarthestpose,,,,,,,,,,,0.0,,False,1.0,1.0,vggt,kitchen,,,,,,MCMC,,,,,,,,,,,sfm,,indoor,,,,,,,,,,,,/home/ojab2/work/git/vggt/vggt_outputs/kitchen_2_n10_s42_c0.0_p100000_random_minfarthestpose/eval_results.json,,kitchen_2_n10_s42_c0.0_p100000_random_minfarthestpose,0.2957,0.028769,10,4.164083,,,,/home/ojab2/work/git/vggt/vggt_outputs/kitchen_2_n10_s42_c0.0_p100000_random_minfarthestpose/eval_results.json,kitchen_2_n10_s42_c0.0_p100000_random_minfarthestpose,,,,vggt | minfarthestpose,10.0
vggt,10,42,0.0,100000,random,,,,0,10,minfarthestpose,,,,,,,,,,,0.0,,False,1.0,1.0,vggt,counter,,,,,,MCMC,,,,,,,,,,,sfm,,indoor,,,,,,,,,,,,/home/ojab2/work/git/vggt/vggt_outputs/counter_2_n10_s42_c0.0_p100000_random_minfarthestpose/eval_results.json,,counter_2_n10_s42_c0.0_p100000_random_minfarthestpose,0.6747,0.046283,10,4.883596,,,,/home/ojab2/work/git/vggt/vggt_outputs/counter_2_n10_s42_c0.0_p100000_random_minfarthestpose/eval_results.json,counter_2_n10_s42_c0.0_p100000_random_minfarthestpose,,,,vggt | minfarthestpose,10.0
vggt,10,42,0.0,100000,random,,,,0,10,minfarthestpose,,,,,,,,,,,0.0,,False,1.0,1.0,vggt,bicycle,,,,,,MCMC,,,,,,,,,,,sfm,,outdoor,,,,,,,,,,,,/home/ojab2/work/git/vggt/vggt_outputs/bicycle_4_n10_s42_c0.0_p100000_random_minfarthestpose/eval_results.json,,bicycle_4_n10_s42_c0.0_p100000_random_minfarthestpose,1.1783,0.108132,10,5.202234,,,,/home/ojab2/work/git/vggt/vggt_outputs/bicycle_4_n10_s42_c0.0_p100000_random_minfarthestpose/eval_results.json,bicycle_4_n10_s42_c0.0_p100000_random_minfarthestpose,,,,vggt | minfarthestpose,10.0
vggt,10,42,0.0,100000,random,,,,0,10,minfarthestpose,,,,,,,,,,,0.0,,False,1.0,1.0,vggt,garden,,,,,,MCMC,,,,,,,,,,,sfm,,outdoor,,,,,,,,,,,,/home/ojab2/work/git/vggt/vggt_outputs/garden_2_n10_s42_c0.0_p100000_random_minfarthestpose/eval_results.json,,garden_2_n10_s42_c0.0_p100000_random_minfarthestpose,0.2096,0.028157,10,6.431655,,,,/home/ojab2/work/git/vggt/vggt_outputs/garden_2_n10_s42_c0.0_p100000_random_minfarthestpose/eval_results.json,garden_2_n10_s42_c0.0_p100000_random_minfarthestpose,,,,vggt | minfarthestpose,10.0
vggt,10,42,0.0,100000,random,,,,0,10,minfarthestpose,,,,,,,,,,,0.0,,False,1.0,1.0,vggt,stump,,,,,,MCMC,,,,,,,,,,,sfm,,outdoor,,,,,,,,,,,,/home/ojab2/work/git/vggt/vggt_outputs/stump_2_n10_s42_c0.0_p100000_random_minfarthestpose/eval_results.json,,stump_2_n10_s42_c0.0_p100000_random_minfarthestpose,2.3628,0.517369,10,5.047308,,,,/home/ojab2/work/git/vggt/vggt_outputs/stump_2_n10_s42_c0.0_p100000_random_minfarthestpose/eval_results.json,stump_2_n10_s42_c0.0_p100000_random_minfarthestpose,,,,vggt | minfarthestpose,10.0
vggt,10,42,0.0,100000,random,,,,0,10,minfarthestpose,,,,,,,,,,,0.0,,False,1.0,1.0,vggt,lego,,,,,,MCMC,,,,,,,,,,,sfm,,synthetic,,,,,,,,,,,,/home/ojab2/work/git/vggt/vggt_outputs/lego_1_n10_s42_c0.0_p100000_random_minfarthestpose/eval_results.json,,lego_1_n10_s42_c0.0_p100000_random_minfarthestpose,0.822,0.036127,10,4.031849,0.0496,0.0138,0.1044,/home/ojab2/work/git/vggt/vggt_outputs/lego_1_n10_s42_c0.0_p100000_random_minfarthestpose/eval_results.json,lego_1_n10_s42_c0.0_p100000_random_minfarthestpose,,,,vggt | minfarthestpose,10.0
vggt,10,42,0.0,100000,random,,,,0,10,minfarthestpose,,,,,,,,,,,0.0,,False,1.0,1.0,vggt,ship,,,,,,MCMC,,,,,,,,,,,sfm,,synthetic,,,,,,,,,,,,/home/ojab2/work/git/vggt/vggt_outputs/ship_1_n10_s42_c0.0_p100000_random_minfarthestpose/eval_results.json,,ship_1_n10_s42_c0.0_p100000_random_minfarthestpose,0.7716,0.037021,10,4.467257,0.126,0.0336,0.2577,/home/ojab2/work/git/vggt/vggt_outputs/ship_1_n10_s42_c0.0_p100000_random_minfarthestpose/eval_results.json,ship_1_n10_s42_c0.0_p100000_random_minfarthestpose,,,,vggt | minfarthestpose,10.0
vggt,10,42,0.0,100000,random,,,,0,10,minfarthestpose,,,,,,,,,,,0.0,,False,1.0,1.0,vggt,drums,,,,,,MCMC,,,,,,,,,,,sfm,,synthetic,,,,,,,,,,,,/home/ojab2/work/git/vggt/vggt_outputs/drums_1_n10_s42_c0.0_p100000_random_minfarthestpose/eval_results.json,,drums_1_n10_s42_c0.0_p100000_random_minfarthestpose,0.3121,0.013776,10,3.920393,0.055,0.0154,0.1418,/home/ojab2/work/git/vggt/vggt_outputs/drums_1_n10_s42_c0.0_p100000_random_minfarthestpose/eval_results.json,drums_1_n10_s42_c0.0_p100000_random_minfarthestpose,,,,vggt | minfarthestpose,10.0
colmap,20,42,,,,,,,0,10,minfarthestpose,,,,,,,,,,,0.0,,False,1.0,1.0,vggt,bonsai,,,,,default,MCMC,,,,,Shared Cam,,,,,,sfm,,indoor,,,,,,,,,,,,/home/ojab2/work/git/vggt/colmap_outputs/bonsai_2_n20_s42_default_minfarthestpose_sharedcam/eval_results.json,,bonsai_2_n20_s42_default_minfarthestpose_sharedcam,9.1207,2.010802,13,1.010898,,,,/home/ojab2/work/git/vggt/colmap_outputs/bonsai_2_n20_s42_default_minfarthestpose_sharedcam/eval_results.json,bonsai_2_n20_s42_default_minfarthestpose_sharedcam,,,,colmap | minfarthestpose,20.0
colmap,20,42,,,,,,,0,10,minfarthestpose,,,,,,,,,,,0.0,,False,1.0,1.0,vggt,kitchen,,,,,default,MCMC,,,,,Shared Cam,,,,,,sfm,,indoor,,,,,,,,,,,,/home/ojab2/work/git/vggt/colmap_outputs/kitchen_2_n20_s42_default_minfarthestpose_sharedcam/eval_results.json,,kitchen_2_n20_s42_default_minfarthestpose_sharedcam,0.1673,0.007541,11,0.911316,,,,/home/ojab2/work/git/vggt/colmap_outputs/kitchen_2_n20_s42_default_minfarthestpose_sharedcam/eval_results.json,kitchen_2_n20_s42_default_minfarthestpose_sharedcam,,,,colmap | minfarthestpose,20.0
colmap,20,42,,,,,,,0,10,minfarthestpose,,,,,,,,,,,0.0,,False,1.0,1.0,vggt,counter,,,,,default,MCMC,,,,,Shared Cam,,,,,,sfm,,indoor,,,,,,,,,,,,/home/ojab2/work/git/vggt/colmap_outputs/counter_2_n20_s42_default_minfarthestpose_sharedcam/eval_results.json,,counter_2_n20_s42_default_minfarthestpose_sharedcam,0.1213,0.004206,13,0.894575,,,,/home/ojab2/work/git/vggt/colmap_outputs/counter_2_n20_s42_default_minfarthestpose_sharedcam/eval_results.json,counter_2_n20_s42_default_minfarthestpose_sharedcam,,,,colmap | minfarthestpose,20.0
colmap,20,42,,,,,,,0,10,minfarthestpose,,,,,,,,,,,0.0,,False,1.0,1.0,vggt,bicycle,,,,,default,MCMC,,,,,Shared Cam,,,,,,failed_sfm,,outdoor,,,,,,,,,,,,/home/ojab2/work/git/vggt/colmap_outputs/bicycle_4_n20_s42_default_minfarthestpose_sharedcam/failed_eval.json,,bicycle_4_n20_s42_default_minfarthestpose_sharedcam,,,,,,,,,bicycle_4_n20_s42_default_minfarthestpose_sharedcam,,,/home/ojab2/work/git/vggt/colmap_outputs/bicycle_4_n20_s42_default_minfarthestpose_sharedcam/failed_eval.json,colmap | minfarthestpose,20.0
colmap,20,42,,,,,,,0,10,minfarthestpose,,,,,,,,,,,0.0,,False,1.0,1.0,vggt,garden,,,,,default,MCMC,,,,,Shared Cam,,,,,,sfm,,outdoor,,,,,,,,,,,,/home/ojab2/work/git/vggt/colmap_outputs/garden_2_n20_s42_default_minfarthestpose_sharedcam/eval_results.json,,garden_2_n20_s42_default_minfarthestpose_sharedcam,0.093,0.00467,20,1.107978,,,,/home/ojab2/work/git/vggt/colmap_outputs/garden_2_n20_s42_default_minfarthestpose_sharedcam/eval_results.json,garden_2_n20_s42_default_minfarthestpose_sharedcam,,,,colmap | minfarthestpose,20.0
colmap,20,42,,,,,,,0,10,minfarthestpose,,,,,,,,,,,0.0,,False,1.0,1.0,vggt,stump,,,,,default,MCMC,,,,,Shared Cam,,,,,,sfm,,outdoor,,,,,,,,,,,,/home/ojab2/work/git/vggt/colmap_outputs/stump_2_n20_s42_default_minfarthestpose_sharedcam/eval_results.json,,stump_2_n20_s42_default_minfarthestpose_sharedcam,0.336,0.004538,3,0.422682,,,,/home/ojab2/work/git/vggt/colmap_outputs/stump_2_n20_s42_default_minfarthestpose_sharedcam/eval_results.json,stump_2_n20_s42_default_minfarthestpose_sharedcam,,,,colmap | minfarthestpose,20.0
colmap,20,42,,,,,,,0,10,minfarthestpose,,,,,,,,,,,0.0,,False,1.0,1.0,vggt,lego,pinhole,,,,default,MCMC,,,,,Shared Cam,,,,,,failed_sfm,,synthetic,,,,,,,,,,,,/home/ojab2/work/git/vggt/colmap_outputs/lego_1_n20_s42_default_mpinhole_minfarthestpose_sharedcam/failed_eval.json,,lego_1_n20_s42_default_mpinhole_minfarthestpose_sharedcam,,,,,,,,,lego_1_n20_s42_default_mpinhole_minfarthestpose_sharedcam,,,/home/ojab2/work/git/vggt/colmap_outputs/lego_1_n20_s42_default_mpinhole_minfarthestpose_sharedcam/failed_eval.json,colmap | minfarthestpose,20.0
colmap,20,42,,,,,,,0,10,minfarthestpose,,,,,,,,,,,0.0,,False,1.0,1.0,vggt,ship,pinhole,,,,default,MCMC,,,,,Shared Cam,,,,,,sfm,,synthetic,,,,,,,,,,,,/home/ojab2/work/git/vggt/colmap_outputs/ship_1_n20_s42_default_mpinhole_minfarthestpose_sharedcam/eval_results.json,,ship_1_n20_s42_default_mpinhole_minfarthestpose_sharedcam,0.5408,0.007211,3,0.234548,,,,/home/ojab2/work/git/vggt/colmap_outputs/ship_1_n20_s42_default_mpinhole_minfarthestpose_sharedcam/eval_results.json,ship_1_n20_s42_default_mpinhole_minfarthestpose_sharedcam,,,,colmap | minfarthestpose,20.0
colmap,20,42,,,,,,,0,10,minfarthestpose,,,,,,,,,,,0.0,,False,1.0,1.0,vggt,drums,pinhole,,,,default,MCMC,,,,,Shared Cam,,,,,,failed_sfm,,synthetic,,,,,,,,,,,,/home/ojab2/work/git/vggt/colmap_outputs/drums_1_n20_s42_default_mpinhole_minfarthestpose_sharedcam/failed_eval.json,,drums_1_n20_s42_default_mpinhole_minfarthestpose_sharedcam,,,,,,,,,drums_1_n20_s42_default_mpinhole_minfarthestpose_sharedcam,,,/home/ojab2/work/git/vggt/colmap_outputs/drums_1_n20_s42_default_mpinhole_minfarthestpose_sharedcam/failed_eval.json,colmap | minfarthestpose,20.0
vggt,20,42,0.0,100000,random,,,,0,10,minfarthestpose,,,,,,,,,,,0.0,,False,1.0,1.0,vggt,bonsai,,,,,,MCMC,,,,,,,,,,,sfm,,indoor,,,,,,,,,,,,/home/ojab2/work/git/vggt/vggt_outputs/bonsai_2_n20_s42_c0.0_p100000_random_minfarthestpose/eval_results.json,,bonsai_2_n20_s42_c0.0_p100000_random_minfarthestpose,0.9837,0.09479,20,7.611343,,,,/home/ojab2/work/git/vggt/vggt_outputs/bonsai_2_n20_s42_c0.0_p100000_random_minfarthestpose/eval_results.json,bonsai_2_n20_s42_c0.0_p100000_random_minfarthestpose,,,,vggt | minfarthestpose,20.0
vggt,20,42,0.0,100000,random,,,,0,10,minfarthestpose,,,,,,,,,,,0.0,,False,1.0,1.0,vggt,kitchen,,,,,,MCMC,,,,,,,,,,,sfm,,indoor,,,,,,,,,,,,/home/ojab2/work/git/vggt/vggt_outputs/kitchen_2_n20_s42_c0.0_p100000_random_minfarthestpose/eval_results.json,,kitchen_2_n20_s42_c0.0_p100000_random_minfarthestpose,0.2698,0.028021,20,4.159172,,,,/home/ojab2/work/git/vggt/vggt_outputs/kitchen_2_n20_s42_c0.0_p100000_random_minfarthestpose/eval_results.json,kitchen_2_n20_s42_c0.0_p100000_random_minfarthestpose,,,,vggt | minfarthestpose,20.0
vggt,20,42,0.0,100000,random,,,,0,10,minfarthestpose,,,,,,,,,,,0.0,,False,1.0,1.0,vggt,counter,,,,,,MCMC,,,,,,,,,,,sfm,,indoor,,,,,,,,,,,,/home/ojab2/work/git/vggt/vggt_outputs/counter_2_n20_s42_c0.0_p100000_random_minfarthestpose/eval_results.json,,counter_2_n20_s42_c0.0_p100000_random_minfarthestpose,0.3814,0.043451,20,4.908029,,,,/home/ojab2/work/git/vggt/vggt_outputs/counter_2_n20_s42_c0.0_p100000_random_minfarthestpose/eval_results.json,counter_2_n20_s42_c0.0_p100000_random_minfarthestpose,,,,vggt | minfarthestpose,20.0
vggt,20,42,0.0,100000,random,,,,0,10,minfarthestpose,,,,,,,,,,,0.0,,False,1.0,1.0,vggt,bicycle,,,,,,MCMC,,,,,,,,,,,sfm,,outdoor,,,,,,,,,,,,/home/ojab2/work/git/vggt/vggt_outputs/bicycle_4_n20_s42_c0.0_p100000_random_minfarthestpose/eval_results.json,,bicycle_4_n20_s42_c0.0_p100000_random_minfarthestpose,1.0605,0.087384,20,4.994108,,,,/home/ojab2/work/git/vggt/vggt_outputs/bicycle_4_n20_s42_c0.0_p100000_random_minfarthestpose/eval_results.json,bicycle_4_n20_s42_c0.0_p100000_random_minfarthestpose,,,,vggt | minfarthestpose,20.0
vggt,20,42,0.0,100000,random,,,,0,10,minfarthestpose,,,,,,,,,,,0.0,,False,1.0,1.0,vggt,garden,,,,,,MCMC,,,,,,,,,,,sfm,,outdoor,,,,,,,,,,,,/home/ojab2/work/git/vggt/vggt_outputs/garden_2_n20_s42_c0.0_p100000_random_minfarthestpose/eval_results.json,,garden_2_n20_s42_c0.0_p100000_random_minfarthestpose,0.362,0.024329,20,6.088637,,,,/home/ojab2/work/git/vggt/vggt_outputs/garden_2_n20_s42_c0.0_p100000_random_minfarthestpose/eval_results.json,garden_2_n20_s42_c0.0_p100000_random_minfarthestpose,,,,vggt | minfarthestpose,20.0
vggt,20,42,0.0,100000,random,,,,0,10,minfarthestpose,,,,,,,,,,,0.0,,False,1.0,1.0,vggt,stump,,,,,,MCMC,,,,,,,,,,,sfm,,outdoor,,,,,,,,,,,,/home/ojab2/work/git/vggt/vggt_outputs/stump_2_n20_s42_c0.0_p100000_random_minfarthestpose/eval_results.json,,stump_2_n20_s42_c0.0_p100000_random_minfarthestpose,1.7469,0.244402,20,4.538237,,,,/home/ojab2/work/git/vggt/vggt_outputs/stump_2_n20_s42_c0.0_p100000_random_minfarthestpose/eval_results.json,stump_2_n20_s42_c0.0_p100000_random_minfarthestpose,,,,vggt | minfarthestpose,20.0
vggt,20,42,0.0,100000,random,,,,0,10,minfarthestpose,,,,,,,,,,,0.0,,False,1.0,1.0,vggt,lego,,,,,,MCMC,,,,,,,,,,,sfm,,synthetic,,,,,,,,,,,,/home/ojab2/work/git/vggt/vggt_outputs/lego_1_n20_s42_c0.0_p100000_random_minfarthestpose/eval_results.json,,lego_1_n20_s42_c0.0_p100000_random_minfarthestpose,0.5014,0.015405,20,4.007658,0.0493,0.0136,0.1096,/home/ojab2/work/git/vggt/vggt_outputs/lego_1_n20_s42_c0.0_p100000_random_minfarthestpose/eval_results.json,lego_1_n20_s42_c0.0_p100000_random_minfarthestpose,,,,vggt | minfarthestpose,20.0
vggt,20,42,0.0,100000,random,,,,0,10,minfarthestpose,,,,,,,,,,,0.0,,False,1.0,1.0,vggt,ship,,,,,,MCMC,,,,,,,,,,,sfm,,synthetic,,,,,,,,,,,,/home/ojab2/work/git/vggt/vggt_outputs/ship_1_n20_s42_c0.0_p100000_random_minfarthestpose/eval_results.json,,ship_1_n20_s42_c0.0_p100000_random_minfarthestpose,0.5132,0.028919,20,4.444803,0.1236,0.0336,0.2593,/home/ojab2/work/git/vggt/vggt_outputs/ship_1_n20_s42_c0.0_p100000_random_minfarthestpose/eval_results.json,ship_1_n20_s42_c0.0_p100000_random_minfarthestpose,,,,vggt | minfarthestpose,20.0
vggt,20,42,0.0,100000,random,,,,0,10,minfarthestpose,,,,,,,,,,,0.0,,False,1.0,1.0,vggt,drums,,,,,,MCMC,,,,,,,,,,,sfm,,synthetic,,,,,,,,,,,,/home/ojab2/work/git/vggt/vggt_outputs/drums_1_n20_s42_c0.0_p100000_random_minfarthestpose/eval_results.json,,drums_1_n20_s42_c0.0_p100000_random_minfarthestpose,0.1865,0.009416,20,3.894368,0.0573,0.0159,0.1381,/home/ojab2/work/git/vggt/vggt_outputs/drums_1_n20_s42_c0.0_p100000_random_minfarthestpose/eval_results.json,drums_1_n20_s42_c0.0_p100000_random_minfarthestpose,,,,vggt | minfarthestpose,20.0
colmap,30,42,,,,,,,0,10,minfarthestpose,,,,,,,,,,,0.0,,False,1.0,1.0,vggt,bonsai,,,,,default,MCMC,,,,,Shared Cam,,,,,,sfm,,indoor,,,,,,,,,,,,/home/ojab2/work/git/vggt/colmap_outputs/bonsai_2_n30_s42_default_minfarthestpose_sharedcam/eval_results.json,,bonsai_2_n30_s42_default_minfarthestpose_sharedcam,0.8961,0.102826,29,1.045893,,,,/home/ojab2/work/git/vggt/colmap_outputs/bonsai_2_n30_s42_default_minfarthestpose_sharedcam/eval_results.json,bonsai_2_n30_s42_default_minfarthestpose_sharedcam,,,,colmap | minfarthestpose,30.0
colmap,30,42,,,,,,,0,10,minfarthestpose,,,,,,,,,,,0.0,,False,1.0,1.0,vggt,kitchen,,,,,default,MCMC,,,,,Shared Cam,,,,,,sfm,,indoor,,,,,,,,,,,,/home/ojab2/work/git/vggt/colmap_outputs/kitchen_2_n30_s42_default_minfarthestpose_sharedcam/eval_results.json,,kitchen_2_n30_s42_default_minfarthestpose_sharedcam,0.1297,0.005747,29,0.982852,,,,/home/ojab2/work/git/vggt/colmap_outputs/kitchen_2_n30_s42_default_minfarthestpose_sharedcam/eval_results.json,kitchen_2_n30_s42_default_minfarthestpose_sharedcam,,,,colmap | minfarthestpose,30.0
colmap,30,42,,,,,,,0,10,minfarthestpose,,,,,,,,,,,0.0,,False,1.0,1.0,vggt,counter,,,,,default,MCMC,,,,,Shared Cam,,,,,,sfm,,indoor,,,,,,,,,,,,/home/ojab2/work/git/vggt/colmap_outputs/counter_2_n30_s42_default_minfarthestpose_sharedcam/eval_results.json,,counter_2_n30_s42_default_minfarthestpose_sharedcam,0.0278,0.001854,30,1.015369,,,,/home/ojab2/work/git/vggt/colmap_outputs/counter_2_n30_s42_default_minfarthestpose_sharedcam/eval_results.json,counter_2_n30_s42_default_minfarthestpose_sharedcam,,,,colmap | minfarthestpose,30.0
colmap,30,42,,,,,,,0,10,minfarthestpose,,,,,,,,,,,0.0,,False,1.0,1.0,vggt,bicycle,,,,,default,MCMC,,,,,Shared Cam,,,,,,sfm,,outdoor,,,,,,,,,,,,/home/ojab2/work/git/vggt/colmap_outputs/bicycle_4_n30_s42_default_minfarthestpose_sharedcam/eval_results.json,,bicycle_4_n30_s42_default_minfarthestpose_sharedcam,0.3338,0.009274,6,0.52756,,,,/home/ojab2/work/git/vggt/colmap_outputs/bicycle_4_n30_s42_default_minfarthestpose_sharedcam/eval_results.json,bicycle_4_n30_s42_default_minfarthestpose_sharedcam,,,,colmap | minfarthestpose,30.0
colmap,30,42,,,,,,,0,10,minfarthestpose,,,,,,,,,,,0.0,,False,1.0,1.0,vggt,garden,,,,,default,MCMC,,,,,Shared Cam,,,,,,sfm,,outdoor,,,,,,,,,,,,/home/ojab2/work/git/vggt/colmap_outputs/garden_2_n30_s42_default_minfarthestpose_sharedcam/eval_results.json,,garden_2_n30_s42_default_minfarthestpose_sharedcam,0.0819,0.003754,30,1.031037,,,,/home/ojab2/work/git/vggt/colmap_outputs/garden_2_n30_s42_default_minfarthestpose_sharedcam/eval_results.json,garden_2_n30_s42_default_minfarthestpose_sharedcam,,,,colmap | minfarthestpose,30.0
colmap,30,42,,,,,,,0,10,minfarthestpose,,,,,,,,,,,0.0,,False,1.0,1.0,vggt,stump,,,,,default,MCMC,,,,,Shared Cam,,,,,,sfm,,outdoor,,,,,,,,,,,,/home/ojab2/work/git/vggt/colmap_outputs/stump_2_n30_s42_default_minfarthestpose_sharedcam/eval_results.json,,stump_2_n30_s42_default_minfarthestpose_sharedcam,15.315,0.215738,2,0.221367,,,,/home/ojab2/work/git/vggt/colmap_outputs/stump_2_n30_s42_default_minfarthestpose_sharedcam/eval_results.json,stump_2_n30_s42_default_minfarthestpose_sharedcam,,,,colmap | minfarthestpose,30.0
colmap,30,42,,,,,,,0,10,minfarthestpose,,,,,,,,,,,0.0,,False,1.0,1.0,vggt,lego,pinhole,,,,default,MCMC,,,,,Shared Cam,,,,,,sfm,,synthetic,,,,,,,,,,,,/home/ojab2/work/git/vggt/colmap_outputs/lego_1_n30_s42_default_mpinhole_minfarthestpose_sharedcam/eval_results.json,,lego_1_n30_s42_default_mpinhole_minfarthestpose_sharedcam,21.1938,0.973657,14,0.804279,,,,/home/ojab2/work/git/vggt/colmap_outputs/lego_1_n30_s42_default_mpinhole_minfarthestpose_sharedcam/eval_results.json,lego_1_n30_s42_default_mpinhole_minfarthestpose_sharedcam,,,,colmap | minfarthestpose,30.0
colmap,30,42,,,,,,,0,10,minfarthestpose,,,,,,,,,,,0.0,,False,1.0,1.0,vggt,ship,pinhole,,,,default,MCMC,,,,,Shared Cam,,,,,,sfm,,synthetic,,,,,,,,,,,,/home/ojab2/work/git/vggt/colmap_outputs/ship_1_n30_s42_default_mpinhole_minfarthestpose_sharedcam/eval_results.json,,ship_1_n30_s42_default_mpinhole_minfarthestpose_sharedcam,3.2385,0.035257,6,0.5679,,,,/home/ojab2/work/git/vggt/colmap_outputs/ship_1_n30_s42_default_mpinhole_minfarthestpose_sharedcam/eval_results.json,ship_1_n30_s42_default_mpinhole_minfarthestpose_sharedcam,,,,colmap | minfarthestpose,30.0
colmap,30,42,,,,,,,0,10,minfarthestpose,,,,,,,,,,,0.0,,False,1.0,1.0,vggt,drums,pinhole,,,,default,MCMC,,,,,Shared Cam,,,,,,failed_sfm,,synthetic,,,,,,,,,,,,/home/ojab2/work/git/vggt/colmap_outputs/drums_1_n30_s42_default_mpinhole_minfarthestpose_sharedcam/failed_eval.json,,drums_1_n30_s42_default_mpinhole_minfarthestpose_sharedcam,,,,,,,,,drums_1_n30_s42_default_mpinhole_minfarthestpose_sharedcam,,,/home/ojab2/work/git/vggt/colmap_outputs/drums_1_n30_s42_default_mpinhole_minfarthestpose_sharedcam/failed_eval.json,colmap | minfarthestpose,30.0
vggt,30,42,0.0,100000,random,,,,0,10,minfarthestpose,,,,,,,,,,,0.0,,False,1.0,1.0,vggt,bonsai,,,,,,MCMC,,,,,,,,,,,sfm,,indoor,,,,,,,,,,,,/home/ojab2/work/git/vggt/vggt_outputs/bonsai_2_n30_s42_c0.0_p100000_random_minfarthestpose/eval_results.json,,bonsai_2_n30_s42_c0.0_p100000_random_minfarthestpose,0.8884,0.089827,30,7.587343,,,,/home/ojab2/work/git/vggt/vggt_outputs/bonsai_2_n30_s42_c0.0_p100000_random_minfarthestpose/eval_results.json,bonsai_2_n30_s42_c0.0_p100000_random_minfarthestpose,,,,vggt | minfarthestpose,30.0
vggt,30,42,0.0,100000,random,,,,0,10,minfarthestpose,,,,,,,,,,,0.0,,False,1.0,1.0,vggt,kitchen,,,,,,MCMC,,,,,,,,,,,sfm,,indoor,,,,,,,,,,,,/home/ojab2/work/git/vggt/vggt_outputs/kitchen_2_n30_s42_c0.0_p100000_random_minfarthestpose/eval_results.json,,kitchen_2_n30_s42_c0.0_p100000_random_minfarthestpose,0.2781,0.026317,30,4.148829,,,,/home/ojab2/work/git/vggt/vggt_outputs/kitchen_2_n30_s42_c0.0_p100000_random_minfarthestpose/eval_results.json,kitchen_2_n30_s42_c0.0_p100000_random_minfarthestpose,,,,vggt | minfarthestpose,30.0
vggt,30,42,0.0,100000,random,,,,0,10,minfarthestpose,,,,,,,,,,,0.0,,False,1.0,1.0,vggt,counter,,,,,,MCMC,,,,,,,,,,,sfm,,indoor,,,,,,,,,,,,/home/ojab2/work/git/vggt/vggt_outputs/counter_2_n30_s42_c0.0_p100000_random_minfarthestpose/eval_results.json,,counter_2_n30_s42_c0.0_p100000_random_minfarthestpose,0.3487,0.036323,30,4.836201,,,,/home/ojab2/work/git/vggt/vggt_outputs/counter_2_n30_s42_c0.0_p100000_random_minfarthestpose/eval_results.json,counter_2_n30_s42_c0.0_p100000_random_minfarthestpose,,,,vggt | minfarthestpose,30.0
vggt,30,42,0.0,100000,random,,,,0,10,minfarthestpose,,,,,,,,,,,0.0,,False,1.0,1.0,vggt,bicycle,,,,,,MCMC,,,,,,,,,,,sfm,,outdoor,,,,,,,,,,,,/home/ojab2/work/git/vggt/vggt_outputs/bicycle_4_n30_s42_c0.0_p100000_random_minfarthestpose/eval_results.json,,bicycle_4_n30_s42_c0.0_p100000_random_minfarthestpose,0.7506,0.068725,30,4.831484,,,,/home/ojab2/work/git/vggt/vggt_outputs/bicycle_4_n30_s42_c0.0_p100000_random_minfarthestpose/eval_results.json,bicycle_4_n30_s42_c0.0_p100000_random_minfarthestpose,,,,vggt | minfarthestpose,30.0
vggt,30,42,0.0,100000,random,,,,0,10,minfarthestpose,,,,,,,,,,,0.0,,False,1.0,1.0,vggt,garden,,,,,,MCMC,,,,,,,,,,,sfm,,outdoor,,,,,,,,,,,,/home/ojab2/work/git/vggt/vggt_outputs/garden_2_n30_s42_c0.0_p100000_random_minfarthestpose/eval_results.json,,garden_2_n30_s42_c0.0_p100000_random_minfarthestpose,0.3261,0.027293,30,6.007808,,,,/home/ojab2/work/git/vggt/vggt_outputs/garden_2_n30_s42_c0.0_p100000_random_minfarthestpose/eval_results.json,garden_2_n30_s42_c0.0_p100000_random_minfarthestpose,,,,vggt | minfarthestpose,30.0
vggt,30,42,0.0,100000,random,,,,0,10,minfarthestpose,,,,,,,,,,,0.0,,False,1.0,1.0,vggt,stump,,,,,,MCMC,,,,,,,,,,,sfm,,outdoor,,,,,,,,,,,,/home/ojab2/work/git/vggt/vggt_outputs/stump_2_n30_s42_c0.0_p100000_random_minfarthestpose/eval_results.json,,stump_2_n30_s42_c0.0_p100000_random_minfarthestpose,1.0962,0.142517,30,4.4229,,,,/home/ojab2/work/git/vggt/vggt_outputs/stump_2_n30_s42_c0.0_p100000_random_minfarthestpose/eval_results.json,stump_2_n30_s42_c0.0_p100000_random_minfarthestpose,,,,vggt | minfarthestpose,30.0
vggt,30,42,0.0,100000,random,,,,0,10,minfarthestpose,,,,,,,,,,,0.0,,False,1.0,1.0,vggt,lego,,,,,,MCMC,,,,,,,,,,,sfm,,synthetic,,,,,,,,,,,,/home/ojab2/work/git/vggt/vggt_outputs/lego_1_n30_s42_c0.0_p100000_random_minfarthestpose/eval_results.json,,lego_1_n30_s42_c0.0_p100000_random_minfarthestpose,0.259,0.018158,30,4.059862,0.0434,0.0123,0.1108,/home/ojab2/work/git/vggt/vggt_outputs/lego_1_n30_s42_c0.0_p100000_random_minfarthestpose/eval_results.json,lego_1_n30_s42_c0.0_p100000_random_minfarthestpose,,,,vggt | minfarthestpose,30.0
vggt,30,42,0.0,100000,random,,,,0,10,minfarthestpose,,,,,,,,,,,0.0,,False,1.0,1.0,vggt,ship,,,,,,MCMC,,,,,,,,,,,sfm,,synthetic,,,,,,,,,,,,/home/ojab2/work/git/vggt/vggt_outputs/ship_1_n30_s42_c0.0_p100000_random_minfarthestpose/eval_results.json,,ship_1_n30_s42_c0.0_p100000_random_minfarthestpose,0.4879,0.028712,30,4.427395,0.115,0.0311,0.2507,/home/ojab2/work/git/vggt/vggt_outputs/ship_1_n30_s42_c0.0_p100000_random_minfarthestpose/eval_results.json,ship_1_n30_s42_c0.0_p100000_random_minfarthestpose,,,,vggt | minfarthestpose,30.0
vggt,30,42,0.0,100000,random,,,,0,10,minfarthestpose,,,,,,,,,,,0.0,,False,1.0,1.0,vggt,drums,,,,,,MCMC,,,,,,,,,,,sfm,,synthetic,,,,,,,,,,,,/home/ojab2/work/git/vggt/vggt_outputs/drums_1_n30_s42_c0.0_p100000_random_minfarthestpose/eval_results.json,,drums_1_n30_s42_c0.0_p100000_random_minfarthestpose,0.2054,0.010519,30,3.899545,0.0605,0.0167,0.1432,/home/ojab2/work/git/vggt/vggt_outputs/drums_1_n30_s42_c0.0_p100000_random_minfarthestpose/eval_results.json,drums_1_n30_s42_c0.0_p100000_random_minfarthestpose,,,,vggt | minfarthestpose,30.0
colmap,40,42,,,,,,,0,10,minfarthestpose,,,,,,,,,,,0.0,,False,1.0,1.0,vggt,bonsai,,,,,default,MCMC,,,,,Shared Cam,,,,,,sfm,,indoor,,,,,,,,,,,,/home/ojab2/work/git/vggt/colmap_outputs/bonsai_2_n40_s42_default_minfarthestpose_sharedcam/eval_results.json,,bonsai_2_n40_s42_default_minfarthestpose_sharedcam,0.5092,0.2305,40,1.075613,,,,/home/ojab2/work/git/vggt/colmap_outputs/bonsai_2_n40_s42_default_minfarthestpose_sharedcam/eval_results.json,bonsai_2_n40_s42_default_minfarthestpose_sharedcam,,,,colmap | minfarthestpose,40.0
colmap,40,42,,,,,,,0,10,minfarthestpose,,,,,,,,,,,0.0,,False,1.0,1.0,vggt,kitchen,,,,,default,MCMC,,,,,Shared Cam,,,,,,sfm,,indoor,,,,,,,,,,,,/home/ojab2/work/git/vggt/colmap_outputs/kitchen_2_n40_s42_default_minfarthestpose_sharedcam/eval_results.json,,kitchen_2_n40_s42_default_minfarthestpose_sharedcam,0.1137,0.004454,40,1.038582,,,,/home/ojab2/work/git/vggt/colmap_outputs/kitchen_2_n40_s42_default_minfarthestpose_sharedcam/eval_results.json,kitchen_2_n40_s42_default_minfarthestpose_sharedcam,,,,colmap | minfarthestpose,40.0
colmap,40,42,,,,,,,0,10,minfarthestpose,,,,,,,,,,,0.0,,False,1.0,1.0,vggt,counter,,,,,default,MCMC,,,,,Shared Cam,,,,,,sfm,,indoor,,,,,,,,,,,,/home/ojab2/work/git/vggt/colmap_outputs/counter_2_n40_s42_default_minfarthestpose_sharedcam/eval_results.json,,counter_2_n40_s42_default_minfarthestpose_sharedcam,0.0233,0.001168,40,1.031823,,,,/home/ojab2/work/git/vggt/colmap_outputs/counter_2_n40_s42_default_minfarthestpose_sharedcam/eval_results.json,counter_2_n40_s42_default_minfarthestpose_sharedcam,,,,colmap | minfarthestpose,40.0
colmap,40,42,,,,,,,0,10,minfarthestpose,,,,,,,,,,,0.0,,False,1.0,1.0,vggt,bicycle,,,,,default,MCMC,,,,,Shared Cam,,,,,,sfm,,outdoor,,,,,,,,,,,,/home/ojab2/work/git/vggt/colmap_outputs/bicycle_4_n40_s42_default_minfarthestpose_sharedcam/eval_results.json,,bicycle_4_n40_s42_default_minfarthestpose_sharedcam,0.1431,0.006862,9,0.685205,,,,/home/ojab2/work/git/vggt/colmap_outputs/bicycle_4_n40_s42_default_minfarthestpose_sharedcam/eval_results.json,bicycle_4_n40_s42_default_minfarthestpose_sharedcam,,,,colmap | minfarthestpose,40.0
colmap,40,42,,,,,,,0,10,minfarthestpose,,,,,,,,,,,0.0,,False,1.0,1.0,vggt,garden,,,,,default,MCMC,,,,,Shared Cam,,,,,,sfm,,outdoor,,,,,,,,,,,,/home/ojab2/work/git/vggt/colmap_outputs/garden_2_n40_s42_default_minfarthestpose_sharedcam/eval_results.json,,garden_2_n40_s42_default_minfarthestpose_sharedcam,0.0795,0.003271,40,1.029936,,,,/home/ojab2/work/git/vggt/colmap_outputs/garden_2_n40_s42_default_minfarthestpose_sharedcam/eval_results.json,garden_2_n40_s42_default_minfarthestpose_sharedcam,,,,colmap | minfarthestpose,40.0
colmap,40,42,,,,,,,0,10,minfarthestpose,,,,,,,,,,,0.0,,False,1.0,1.0,vggt,stump,,,,,default,MCMC,,,,,Shared Cam,,,,,,sfm,,outdoor,,,,,,,,,,,,/home/ojab2/work/git/vggt/colmap_outputs/stump_2_n40_s42_default_minfarthestpose_sharedcam/eval_results.json,,stump_2_n40_s42_default_minfarthestpose_sharedcam,0.0678,0.004522,21,0.72315,,,,/home/ojab2/work/git/vggt/colmap_outputs/stump_2_n40_s42_default_minfarthestpose_sharedcam/eval_results.json,stump_2_n40_s42_default_minfarthestpose_sharedcam,,,,colmap | minfarthestpose,40.0
colmap,40,42,,,,,,,0,10,minfarthestpose,,,,,,,,,,,0.0,,False,1.0,1.0,vggt,lego,pinhole,,,,default,MCMC,,,,,Shared Cam,,,,,,sfm,,synthetic,,,,,,,,,,,,/home/ojab2/work/git/vggt/colmap_outputs/lego_1_n40_s42_default_mpinhole_minfarthestpose_sharedcam/eval_results.json,,lego_1_n40_s42_default_mpinhole_minfarthestpose_sharedcam,0.5318,0.027329,36,0.864206,,,,/home/ojab2/work/git/vggt/colmap_outputs/lego_1_n40_s42_default_mpinhole_minfarthestpose_sharedcam/eval_results.json,lego_1_n40_s42_default_mpinhole_minfarthestpose_sharedcam,,,,colmap | minfarthestpose,40.0
colmap,40,42,,,,,,,0,10,minfarthestpose,,,,,,,,,,,0.0,,False,1.0,1.0,vggt,ship,pinhole,,,,default,MCMC,,,,,Shared Cam,,,,,,sfm,,synthetic,,,,,,,,,,,,/home/ojab2/work/git/vggt/colmap_outputs/ship_1_n40_s42_default_mpinhole_minfarthestpose_sharedcam/eval_results.json,,ship_1_n40_s42_default_mpinhole_minfarthestpose_sharedcam,1.0151,0.038216,9,0.598282,,,,/home/ojab2/work/git/vggt/colmap_outputs/ship_1_n40_s42_default_mpinhole_minfarthestpose_sharedcam/eval_results.json,ship_1_n40_s42_default_mpinhole_minfarthestpose_sharedcam,,,,colmap | minfarthestpose,40.0
colmap,40,42,,,,,,,0,10,minfarthestpose,,,,,,,,,,,0.0,,False,1.0,1.0,vggt,drums,pinhole,,,,default,MCMC,,,,,Shared Cam,,,,,,sfm,,synthetic,,,,,,,,,,,,/home/ojab2/work/git/vggt/colmap_outputs/drums_1_n40_s42_default_mpinhole_minfarthestpose_sharedcam/eval_results.json,,drums_1_n40_s42_default_mpinhole_minfarthestpose_sharedcam,0.9697,0.048106,15,0.496743,,,,/home/ojab2/work/git/vggt/colmap_outputs/drums_1_n40_s42_default_mpinhole_minfarthestpose_sharedcam/eval_results.json,drums_1_n40_s42_default_mpinhole_minfarthestpose_sharedcam,,,,colmap | minfarthestpose,40.0
vggt,40,42,0.0,100000,random,,,,0,10,minfarthestpose,,,,,,,,,,,0.0,,False,1.0,1.0,vggt,bonsai,,,,,,MCMC,,,,,,,,,,,sfm,,indoor,,,,,,,,,,,,/home/ojab2/work/git/vggt/vggt_outputs/bonsai_2_n40_s42_c0.0_p100000_random_minfarthestpose/eval_results.json,,bonsai_2_n40_s42_c0.0_p100000_random_minfarthestpose,0.7294,0.097202,40,7.731085,,,,/home/ojab2/work/git/vggt/vggt_outputs/bonsai_2_n40_s42_c0.0_p100000_random_minfarthestpose/eval_results.json,bonsai_2_n40_s42_c0.0_p100000_random_minfarthestpose,,,,vggt | minfarthestpose,40.0
vggt,40,42,0.0,100000,random,,,,0,10,minfarthestpose,,,,,,,,,,,0.0,,False,1.0,1.0,vggt,kitchen,,,,,,MCMC,,,,,,,,,,,sfm,,indoor,,,,,,,,,,,,/home/ojab2/work/git/vggt/vggt_outputs/kitchen_2_n40_s42_c0.0_p100000_random_minfarthestpose/eval_results.json,,kitchen_2_n40_s42_c0.0_p100000_random_minfarthestpose,0.2611,0.026452,40,4.152193,,,,/home/ojab2/work/git/vggt/vggt_outputs/kitchen_2_n40_s42_c0.0_p100000_random_minfarthestpose/eval_results.json,kitchen_2_n40_s42_c0.0_p100000_random_minfarthestpose,,,,vggt | minfarthestpose,40.0
vggt,40,42,0.0,100000,random,,,,0,10,minfarthestpose,,,,,,,,,,,0.0,,False,1.0,1.0,vggt,counter,,,,,,MCMC,,,,,,,,,,,sfm,,indoor,,,,,,,,,,,,/home/ojab2/work/git/vggt/vggt_outputs/counter_2_n40_s42_c0.0_p100000_random_minfarthestpose/eval_results.json,,counter_2_n40_s42_c0.0_p100000_random_minfarthestpose,0.3803,0.032005,40,4.483415,,,,/home/ojab2/work/git/vggt/vggt_outputs/counter_2_n40_s42_c0.0_p100000_random_minfarthestpose/eval_results.json,counter_2_n40_s42_c0.0_p100000_random_minfarthestpose,,,,vggt | minfarthestpose,40.0
vggt,40,42,0.0,100000,random,,,,0,10,minfarthestpose,,,,,,,,,,,0.0,,False,1.0,1.0,vggt,bicycle,,,,,,MCMC,,,,,,,,,,,sfm,,outdoor,,,,,,,,,,,,/home/ojab2/work/git/vggt/vggt_outputs/bicycle_4_n40_s42_c0.0_p100000_random_minfarthestpose/eval_results.json,,bicycle_4_n40_s42_c0.0_p100000_random_minfarthestpose,0.7065,0.072581,40,4.875992,,,,/home/ojab2/work/git/vggt/vggt_outputs/bicycle_4_n40_s42_c0.0_p100000_random_minfarthestpose/eval_results.json,bicycle_4_n40_s42_c0.0_p100000_random_minfarthestpose,,,,vggt | minfarthestpose,40.0
vggt,40,42,0.0,100000,random,,,,0,10,minfarthestpose,,,,,,,,,,,0.0,,False,1.0,1.0,vggt,garden,,,,,,MCMC,,,,,,,,,,,sfm,,outdoor,,,,,,,,,,,,/home/ojab2/work/git/vggt/vggt_outputs/garden_2_n40_s42_c0.0_p100000_random_minfarthestpose/eval_results.json,,garden_2_n40_s42_c0.0_p100000_random_minfarthestpose,0.359,0.027795,40,5.798803,,,,/home/ojab2/work/git/vggt/vggt_outputs/garden_2_n40_s42_c0.0_p100000_random_minfarthestpose/eval_results.json,garden_2_n40_s42_c0.0_p100000_random_minfarthestpose,,,,vggt | minfarthestpose,40.0
vggt,40,42,0.0,100000,random,,,,0,10,minfarthestpose,,,,,,,,,,,0.0,,False,1.0,1.0,vggt,stump,,,,,,MCMC,,,,,,,,,,,sfm,,outdoor,,,,,,,,,,,,/home/ojab2/work/git/vggt/vggt_outputs/stump_2_n40_s42_c0.0_p100000_random_minfarthestpose/eval_results.json,,stump_2_n40_s42_c0.0_p100000_random_minfarthestpose,1.0762,0.170601,40,4.429667,,,,/home/ojab2/work/git/vggt/vggt_outputs/stump_2_n40_s42_c0.0_p100000_random_minfarthestpose/eval_results.json,stump_2_n40_s42_c0.0_p100000_random_minfarthestpose,,,,vggt | minfarthestpose,40.0
vggt,40,42,0.0,100000,random,,,,0,10,minfarthestpose,,,,,,,,,,,0.0,,False,1.0,1.0,vggt,lego,,,,,,MCMC,,,,,,,,,,,sfm,,synthetic,,,,,,,,,,,,/home/ojab2/work/git/vggt/vggt_outputs/lego_1_n40_s42_c0.0_p100000_random_minfarthestpose/eval_results.json,,lego_1_n40_s42_c0.0_p100000_random_minfarthestpose,0.3198,0.019067,40,4.046949,0.0449,0.0127,0.1113,/home/ojab2/work/git/vggt/vggt_outputs/lego_1_n40_s42_c0.0_p100000_random_minfarthestpose/eval_results.json,lego_1_n40_s42_c0.0_p100000_random_minfarthestpose,,,,vggt | minfarthestpose,40.0
vggt,40,42,0.0,100000,random,,,,0,10,minfarthestpose,,,,,,,,,,,0.0,,False,1.0,1.0,vggt,ship,,,,,,MCMC,,,,,,,,,,,sfm,,synthetic,,,,,,,,,,,,/home/ojab2/work/git/vggt/vggt_outputs/ship_1_n40_s42_c0.0_p100000_random_minfarthestpose/eval_results.json,,ship_1_n40_s42_c0.0_p100000_random_minfarthestpose,0.4376,0.028573,40,4.214055,0.1027,0.0277,0.2431,/home/ojab2/work/git/vggt/vggt_outputs/ship_1_n40_s42_c0.0_p100000_random_minfarthestpose/eval_results.json,ship_1_n40_s42_c0.0_p100000_random_minfarthestpose,,,,vggt | minfarthestpose,40.0
vggt,40,42,0.0,100000,random,,,,0,10,minfarthestpose,,,,,,,,,,,0.0,,False,1.0,1.0,vggt,drums,,,,,,MCMC,,,,,,,,,,,sfm,,synthetic,,,,,,,,,,,,/home/ojab2/work/git/vggt/vggt_outputs/drums_1_n40_s42_c0.0_p100000_random_minfarthestpose/eval_results.json,,drums_1_n40_s42_c0.0_p100000_random_minfarthestpose,0.1639,0.008827,40,3.872258,0.0601,0.0166,0.1408,/home/ojab2/work/git/vggt/vggt_outputs/drums_1_n40_s42_c0.0_p100000_random_minfarthestpose/eval_results.json,drums_1_n40_s42_c0.0_p100000_random_minfarthestpose,,,,vggt | minfarthestpose,40.0
colmap,50,42,,,,,,,0,10,minfarthestpose,,,,,,,,,,,0.0,,False,1.0,1.0,vggt,bonsai,,,,,default,MCMC,,,,,Shared Cam,,,,,,sfm,,indoor,,,,,,,,,,,,/home/ojab2/work/git/vggt/colmap_outputs/bonsai_2_n50_s42_default_minfarthestpose_sharedcam/eval_results.json,,bonsai_2_n50_s42_default_minfarthestpose_sharedcam,0.2183,0.013971,50,1.048775,,,,/home/ojab2/work/git/vggt/colmap_outputs/bonsai_2_n50_s42_default_minfarthestpose_sharedcam/eval_results.json,bonsai_2_n50_s42_default_minfarthestpose_sharedcam,,,,colmap | minfarthestpose,50.0
colmap,50,42,,,,,,,0,10,minfarthestpose,,,,,,,,,,,0.0,,False,1.0,1.0,vggt,kitchen,,,,,default,MCMC,,,,,Shared Cam,,,,,,sfm,,indoor,,,,,,,,,,,,/home/ojab2/work/git/vggt/colmap_outputs/kitchen_2_n50_s42_default_minfarthestpose_sharedcam/eval_results.json,,kitchen_2_n50_s42_default_minfarthestpose_sharedcam,0.0994,0.003876,50,1.032533,,,,/home/ojab2/work/git/vggt/colmap_outputs/kitchen_2_n50_s42_default_minfarthestpose_sharedcam/eval_results.json,kitchen_2_n50_s42_default_minfarthestpose_sharedcam,,,,colmap | minfarthestpose,50.0
colmap,50,42,,,,,,,0,10,minfarthestpose,,,,,,,,,,,0.0,,False,1.0,1.0,vggt,counter,,,,,default,MCMC,,,,,Shared Cam,,,,,,sfm,,indoor,,,,,,,,,,,,/home/ojab2/work/git/vggt/colmap_outputs/counter_2_n50_s42_default_minfarthestpose_sharedcam/eval_results.json,,counter_2_n50_s42_default_minfarthestpose_sharedcam,0.0263,0.001254,50,1.017398,,,,/home/ojab2/work/git/vggt/colmap_outputs/counter_2_n50_s42_default_minfarthestpose_sharedcam/eval_results.json,counter_2_n50_s42_default_minfarthestpose_sharedcam,,,,colmap | minfarthestpose,50.0
colmap,50,42,,,,,,,0,10,minfarthestpose,,,,,,,,,,,0.0,,False,1.0,1.0,vggt,bicycle,,,,,default,MCMC,,,,,Shared Cam,,,,,,sfm,,outdoor,,,,,,,,,,,,/home/ojab2/work/git/vggt/colmap_outputs/bicycle_4_n50_s42_default_minfarthestpose_sharedcam/eval_results.json,,bicycle_4_n50_s42_default_minfarthestpose_sharedcam,0.1498,0.011463,46,0.97877,,,,/home/ojab2/work/git/vggt/colmap_outputs/bicycle_4_n50_s42_default_minfarthestpose_sharedcam/eval_results.json,bicycle_4_n50_s42_default_minfarthestpose_sharedcam,,,,colmap | minfarthestpose,50.0
colmap,50,42,,,,,,,0,10,minfarthestpose,,,,,,,,,,,0.0,,False,1.0,1.0,vggt,garden,,,,,default,MCMC,,,,,Shared Cam,,,,,,sfm,,outdoor,,,,,,,,,,,,/home/ojab2/work/git/vggt/colmap_outputs/garden_2_n50_s42_default_minfarthestpose_sharedcam/eval_results.json,,garden_2_n50_s42_default_minfarthestpose_sharedcam,0.0724,0.003021,50,1.021916,,,,/home/ojab2/work/git/vggt/colmap_outputs/garden_2_n50_s42_default_minfarthestpose_sharedcam/eval_results.json,garden_2_n50_s42_default_minfarthestpose_sharedcam,,,,colmap | minfarthestpose,50.0
colmap,50,42,,,,,,,0,10,minfarthestpose,,,,,,,,,,,0.0,,False,1.0,1.0,vggt,stump,,,,,default,MCMC,,,,,Shared Cam,,,,,,sfm,,outdoor,,,,,,,,,,,,/home/ojab2/work/git/vggt/colmap_outputs/stump_2_n50_s42_default_minfarthestpose_sharedcam/eval_results.json,,stump_2_n50_s42_default_minfarthestpose_sharedcam,0.0849,0.005529,31,0.829807,,,,/home/ojab2/work/git/vggt/colmap_outputs/stump_2_n50_s42_default_minfarthestpose_sharedcam/eval_results.json,stump_2_n50_s42_default_minfarthestpose_sharedcam,,,,colmap | minfarthestpose,50.0
colmap,50,42,,,,,,,0,10,minfarthestpose,,,,,,,,,,,0.0,,False,1.0,1.0,vggt,lego,pinhole,,,,default,MCMC,,,,,Shared Cam,,,,,,sfm,,synthetic,,,,,,,,,,,,/home/ojab2/work/git/vggt/colmap_outputs/lego_1_n50_s42_default_mpinhole_minfarthestpose_sharedcam/eval_results.json,,lego_1_n50_s42_default_mpinhole_minfarthestpose_sharedcam,37.2085,1.621086,48,0.702186,,,,/home/ojab2/work/git/vggt/colmap_outputs/lego_1_n50_s42_default_mpinhole_minfarthestpose_sharedcam/eval_results.json,lego_1_n50_s42_default_mpinhole_minfarthestpose_sharedcam,,,,colmap | minfarthestpose,50.0
vggt,50,42,0.0,100000,random,,,,0,10,minfarthestpose,,,,,,,,,,,0.0,,False,1.0,1.0,vggt,bonsai,,,,,,MCMC,,,,,,,,,,,sfm,,indoor,,,,,,,,,,,,/home/ojab2/work/git/vggt/vggt_outputs/bonsai_2_n50_s42_c0.0_p100000_random_minfarthestpose/eval_results.json,,bonsai_2_n50_s42_c0.0_p100000_random_minfarthestpose,0.8014,0.095395,50,7.828728,,,,/home/ojab2/work/git/vggt/vggt_outputs/bonsai_2_n50_s42_c0.0_p100000_random_minfarthestpose/eval_results.json,bonsai_2_n50_s42_c0.0_p100000_random_minfarthestpose,,,,vggt | minfarthestpose,50.0
vggt,50,42,0.0,100000,random,,,,0,10,minfarthestpose,,,,,,,,,,,0.0,,False,1.0,1.0,vggt,kitchen,,,,,,MCMC,,,,,,,,,,,sfm,,indoor,,,,,,,,,,,,/home/ojab2/work/git/vggt/vggt_outputs/kitchen_2_n50_s42_c0.0_p100000_random_minfarthestpose/eval_results.json,,kitchen_2_n50_s42_c0.0_p100000_random_minfarthestpose,0.296,0.027378,50,4.142264,,,,/home/ojab2/work/git/vggt/vggt_outputs/kitchen_2_n50_s42_c0.0_p100000_random_minfarthestpose/eval_results.json,kitchen_2_n50_s42_c0.0_p100000_random_minfarthestpose,,,,vggt | minfarthestpose,50.0
vggt,50,42,0.0,100000,random,,,,0,10,minfarthestpose,,,,,,,,,,,0.0,,False,1.0,1.0,vggt,counter,,,,,,MCMC,,,,,,,,,,,sfm,,indoor,,,,,,,,,,,,/home/ojab2/work/git/vggt/vggt_outputs/counter_2_n50_s42_c0.0_p100000_random_minfarthestpose/eval_results.json,,counter_2_n50_s42_c0.0_p100000_random_minfarthestpose,0.3927,0.03126,50,4.604761,,,,/home/ojab2/work/git/vggt/vggt_outputs/counter_2_n50_s42_c0.0_p100000_random_minfarthestpose/eval_results.json,counter_2_n50_s42_c0.0_p100000_random_minfarthestpose,,,,vggt | minfarthestpose,50.0
vggt,50,42,0.0,100000,random,,,,0,10,minfarthestpose,,,,,,,,,,,0.0,,False,1.0,1.0,vggt,bicycle,,,,,,MCMC,,,,,,,,,,,sfm,,outdoor,,,,,,,,,,,,/home/ojab2/work/git/vggt/vggt_outputs/bicycle_4_n50_s42_c0.0_p100000_random_minfarthestpose/eval_results.json,,bicycle_4_n50_s42_c0.0_p100000_random_minfarthestpose,0.8231,0.071475,50,4.844657,,,,/home/ojab2/work/git/vggt/vggt_outputs/bicycle_4_n50_s42_c0.0_p100000_random_minfarthestpose/eval_results.json,bicycle_4_n50_s42_c0.0_p100000_random_minfarthestpose,,,,vggt | minfarthestpose,50.0
vggt,50,42,0.0,100000,random,,,,0,10,minfarthestpose,,,,,,,,,,,0.0,,False,1.0,1.0,vggt,garden,,,,,,MCMC,,,,,,,,,,,sfm,,outdoor,,,,,,,,,,,,/home/ojab2/work/git/vggt/vggt_outputs/garden_2_n50_s42_c0.0_p100000_random_minfarthestpose/eval_results.json,,garden_2_n50_s42_c0.0_p100000_random_minfarthestpose,0.3727,0.027,50,5.822343,,,,/home/ojab2/work/git/vggt/vggt_outputs/garden_2_n50_s42_c0.0_p100000_random_minfarthestpose/eval_results.json,garden_2_n50_s42_c0.0_p100000_random_minfarthestpose,,,,vggt | minfarthestpose,50.0
vggt,50,42,0.0,100000,random,,,,0,10,minfarthestpose,,,,,,,,,,,0.0,,False,1.0,1.0,vggt,stump,,,,,,MCMC,,,,,,,,,,,sfm,,outdoor,,,,,,,,,,,,/home/ojab2/work/git/vggt/vggt_outputs/stump_2_n50_s42_c0.0_p100000_random_minfarthestpose/eval_results.json,,stump_2_n50_s42_c0.0_p100000_random_minfarthestpose,1.1669,0.183925,50,4.730115,,,,/home/ojab2/work/git/vggt/vggt_outputs/stump_2_n50_s42_c0.0_p100000_random_minfarthestpose/eval_results.json,stump_2_n50_s42_c0.0_p100000_random_minfarthestpose,,,,vggt | minfarthestpose,50.0
vggt,50,42,0.0,100000,random,,,,0,10,minfarthestpose,,,,,,,,,,,0.0,,False,1.0,1.0,vggt,lego,,,,,,MCMC,,,,,,,,,,,sfm,,synthetic,,,,,,,,,,,,/home/ojab2/work/git/vggt/vggt_outputs/lego_1_n50_s42_c0.0_p100000_random_minfarthestpose/eval_results.json,,lego_1_n50_s42_c0.0_p100000_random_minfarthestpose,0.2916,0.018156,50,4.0465,0.0466,0.0132,0.1167,/home/ojab2/work/git/vggt/vggt_outputs/lego_1_n50_s42_c0.0_p100000_random_minfarthestpose/eval_results.json,lego_1_n50_s42_c0.0_p100000_random_minfarthestpose,,,,vggt | minfarthestpose,50.0
colmap,60,42,,,,,,,0,10,minfarthestpose,,,,,,,,,,,0.0,,False,1.0,1.0,vggt,bonsai,,,,,default,MCMC,,,,,Shared Cam,,,,,,sfm,,indoor,,,,,,,,,,,,/home/ojab2/work/git/vggt/colmap_outputs/bonsai_2_n60_s42_default_minfarthestpose_sharedcam/eval_results.json,,bonsai_2_n60_s42_default_minfarthestpose_sharedcam,0.2191,0.015311,60,1.047943,,,,/home/ojab2/work/git/vggt/colmap_outputs/bonsai_2_n60_s42_default_minfarthestpose_sharedcam/eval_results.json,bonsai_2_n60_s42_default_minfarthestpose_sharedcam,,,,colmap | minfarthestpose,60.0
colmap,60,42,,,,,,,0,10,minfarthestpose,,,,,,,,,,,0.0,,False,1.0,1.0,vggt,kitchen,,,,,default,MCMC,,,,,Shared Cam,,,,,,sfm,,indoor,,,,,,,,,,,,/home/ojab2/work/git/vggt/colmap_outputs/kitchen_2_n60_s42_default_minfarthestpose_sharedcam/eval_results.json,,kitchen_2_n60_s42_default_minfarthestpose_sharedcam,0.0963,0.004149,60,0.980005,,,,/home/ojab2/work/git/vggt/colmap_outputs/kitchen_2_n60_s42_default_minfarthestpose_sharedcam/eval_results.json,kitchen_2_n60_s42_default_minfarthestpose_sharedcam,,,,colmap | minfarthestpose,60.0
colmap,60,42,,,,,,,0,10,minfarthestpose,,,,,,,,,,,0.0,,False,1.0,1.0,vggt,counter,,,,,default,MCMC,,,,,Shared Cam,,,,,,sfm,,indoor,,,,,,,,,,,,/home/ojab2/work/git/vggt/colmap_outputs/counter_2_n60_s42_default_minfarthestpose_sharedcam/eval_results.json,,counter_2_n60_s42_default_minfarthestpose_sharedcam,0.0199,0.000942,60,1.009266,,,,/home/ojab2/work/git/vggt/colmap_outputs/counter_2_n60_s42_default_minfarthestpose_sharedcam/eval_results.json,counter_2_n60_s42_default_minfarthestpose_sharedcam,,,,colmap | minfarthestpose,60.0
colmap,60,42,,,,,,,0,10,minfarthestpose,,,,,,,,,,,0.0,,False,1.0,1.0,vggt,bicycle,,,,,default,MCMC,,,,,Shared Cam,,,,,,sfm,,outdoor,,,,,,,,,,,,/home/ojab2/work/git/vggt/colmap_outputs/bicycle_4_n60_s42_default_minfarthestpose_sharedcam/eval_results.json,,bicycle_4_n60_s42_default_minfarthestpose_sharedcam,0.1344,0.010799,59,1.02818,,,,/home/ojab2/work/git/vggt/colmap_outputs/bicycle_4_n60_s42_default_minfarthestpose_sharedcam/eval_results.json,bicycle_4_n60_s42_default_minfarthestpose_sharedcam,,,,colmap | minfarthestpose,60.0
colmap,60,42,,,,,,,0,10,minfarthestpose,,,,,,,,,,,0.0,,False,1.0,1.0,vggt,garden,,,,,default,MCMC,,,,,Shared Cam,,,,,,sfm,,outdoor,,,,,,,,,,,,/home/ojab2/work/git/vggt/colmap_outputs/garden_2_n60_s42_default_minfarthestpose_sharedcam/eval_results.json,,garden_2_n60_s42_default_minfarthestpose_sharedcam,0.0602,0.002877,60,1.016844,,,,/home/ojab2/work/git/vggt/colmap_outputs/garden_2_n60_s42_default_minfarthestpose_sharedcam/eval_results.json,garden_2_n60_s42_default_minfarthestpose_sharedcam,,,,colmap | minfarthestpose,60.0
colmap,60,42,,,,,,,0,10,minfarthestpose,,,,,,,,,,,0.0,,False,1.0,1.0,vggt,stump,,,,,default,MCMC,,,,,Shared Cam,,,,,,sfm,,outdoor,,,,,,,,,,,,/home/ojab2/work/git/vggt/colmap_outputs/stump_2_n60_s42_default_minfarthestpose_sharedcam/eval_results.json,,stump_2_n60_s42_default_minfarthestpose_sharedcam,0.0546,0.006326,60,1.007535,,,,/home/ojab2/work/git/vggt/colmap_outputs/stump_2_n60_s42_default_minfarthestpose_sharedcam/eval_results.json,stump_2_n60_s42_default_minfarthestpose_sharedcam,,,,colmap | minfarthestpose,60.0
colmap,60,42,,,,,,,0,10,minfarthestpose,,,,,,,,,,,0.0,,False,1.0,1.0,vggt,lego,pinhole,,,,default,MCMC,,,,,Shared Cam,,,,,,sfm,,synthetic,,,,,,,,,,,,/home/ojab2/work/git/vggt/colmap_outputs/lego_1_n60_s42_default_mpinhole_minfarthestpose_sharedcam/eval_results.json,,lego_1_n60_s42_default_mpinhole_minfarthestpose_sharedcam,42.7544,1.76595,59,0.712957,,,,/home/ojab2/work/git/vggt/colmap_outputs/lego_1_n60_s42_default_mpinhole_minfarthestpose_sharedcam/eval_results.json,lego_1_n60_s42_default_mpinhole_minfarthestpose_sharedcam,,,,colmap | minfarthestpose,60.0
vggt,60,42,0.0,100000,random,,,,0,10,minfarthestpose,,,,,,,,,,,0.0,,False,1.0,1.0,vggt,bonsai,,,,,,MCMC,,,,,,,,,,,sfm,,indoor,,,,,,,,,,,,/home/ojab2/work/git/vggt/vggt_outputs/bonsai_2_n60_s42_c0.0_p100000_random_minfarthestpose/eval_results.json,,bonsai_2_n60_s42_c0.0_p100000_random_minfarthestpose,0.8878,0.10213,60,7.775817,,,,/home/ojab2/work/git/vggt/vggt_outputs/bonsai_2_n60_s42_c0.0_p100000_random_minfarthestpose/eval_results.json,bonsai_2_n60_s42_c0.0_p100000_random_minfarthestpose,,,,vggt | minfarthestpose,60.0
vggt,60,42,0.0,100000,random,,,,0,10,minfarthestpose,,,,,,,,,,,0.0,,False,1.0,1.0,vggt,kitchen,,,,,,MCMC,,,,,,,,,,,sfm,,indoor,,,,,,,,,,,,/home/ojab2/work/git/vggt/vggt_outputs/kitchen_2_n60_s42_c0.0_p100000_random_minfarthestpose/eval_results.json,,kitchen_2_n60_s42_c0.0_p100000_random_minfarthestpose,0.3242,0.027163,60,4.162314,,,,/home/ojab2/work/git/vggt/vggt_outputs/kitchen_2_n60_s42_c0.0_p100000_random_minfarthestpose/eval_results.json,kitchen_2_n60_s42_c0.0_p100000_random_minfarthestpose,,,,vggt | minfarthestpose,60.0
vggt,60,42,0.0,100000,random,,,,0,10,minfarthestpose,,,,,,,,,,,0.0,,False,1.0,1.0,vggt,counter,,,,,,MCMC,,,,,,,,,,,sfm,,indoor,,,,,,,,,,,,/home/ojab2/work/git/vggt/vggt_outputs/counter_2_n60_s42_c0.0_p100000_random_minfarthestpose/eval_results.json,,counter_2_n60_s42_c0.0_p100000_random_minfarthestpose,0.3795,0.030852,60,4.485466,,,,/home/ojab2/work/git/vggt/vggt_outputs/counter_2_n60_s42_c0.0_p100000_random_minfarthestpose/eval_results.json,counter_2_n60_s42_c0.0_p100000_random_minfarthestpose,,,,vggt | minfarthestpose,60.0
vggt,60,42,0.0,100000,random,,,,0,10,minfarthestpose,,,,,,,,,,,0.0,,False,1.0,1.0,vggt,bicycle,,,,,,MCMC,,,,,,,,,,,sfm,,outdoor,,,,,,,,,,,,/home/ojab2/work/git/vggt/vggt_outputs/bicycle_4_n60_s42_c0.0_p100000_random_minfarthestpose/eval_results.json,,bicycle_4_n60_s42_c0.0_p100000_random_minfarthestpose,0.7342,0.065719,60,4.937964,,,,/home/ojab2/work/git/vggt/vggt_outputs/bicycle_4_n60_s42_c0.0_p100000_random_minfarthestpose/eval_results.json,bicycle_4_n60_s42_c0.0_p100000_random_minfarthestpose,,,,vggt | minfarthestpose,60.0
vggt,60,42,0.0,100000,random,,,,0,10,minfarthestpose,,,,,,,,,,,0.0,,False,1.0,1.0,vggt,garden,,,,,,MCMC,,,,,,,,,,,sfm,,outdoor,,,,,,,,,,,,/home/ojab2/work/git/vggt/vggt_outputs/garden_2_n60_s42_c0.0_p100000_random_minfarthestpose/eval_results.json,,garden_2_n60_s42_c0.0_p100000_random_minfarthestpose,0.3883,0.026865,60,5.985414,,,,/home/ojab2/work/git/vggt/vggt_outputs/garden_2_n60_s42_c0.0_p100000_random_minfarthestpose/eval_results.json,garden_2_n60_s42_c0.0_p100000_random_minfarthestpose,,,,vggt | minfarthestpose,60.0
vggt,60,42,0.0,100000,random,,,,0,10,minfarthestpose,,,,,,,,,,,0.0,,False,1.0,1.0,vggt,stump,,,,,,MCMC,,,,,,,,,,,sfm,,outdoor,,,,,,,,,,,,/home/ojab2/work/git/vggt/vggt_outputs/stump_2_n60_s42_c0.0_p100000_random_minfarthestpose/eval_results.json,,stump_2_n60_s42_c0.0_p100000_random_minfarthestpose,1.0254,0.1691,60,4.5635,,,,/home/ojab2/work/git/vggt/vggt_outputs/stump_2_n60_s42_c0.0_p100000_random_minfarthestpose/eval_results.json,stump_2_n60_s42_c0.0_p100000_random_minfarthestpose,,,,vggt | minfarthestpose,60.0
vggt,60,42,0.0,100000,random,,,,0,10,minfarthestpose,,,,,,,,,,,0.0,,False,1.0,1.0,vggt,lego,,,,,,MCMC,,,,,,,,,,,sfm,,synthetic,,,,,,,,,,,,/home/ojab2/work/git/vggt/vggt_outputs/lego_1_n60_s42_c0.0_p100000_random_minfarthestpose/eval_results.json,,lego_1_n60_s42_c0.0_p100000_random_minfarthestpose,0.3386,0.018355,60,4.043009,0.046,0.013,0.1152,/home/ojab2/work/git/vggt/vggt_outputs/lego_1_n60_s42_c0.0_p100000_random_minfarthestpose/eval_results.json,lego_1_n60_s42_c0.0_p100000_random_minfarthestpose,,,,vggt | minfarthestpose,60.0
colmap,70,42,,,,,,,0,10,minfarthestpose,,,,,,,,,,,0.0,,False,1.0,1.0,vggt,bonsai,,,,,default,MCMC,,,,,Shared Cam,,,,,,sfm,,indoor,,,,,,,,,,,,/home/ojab2/work/git/vggt/colmap_outputs/bonsai_2_n70_s42_default_minfarthestpose_sharedcam/eval_results.json,,bonsai_2_n70_s42_default_minfarthestpose_sharedcam,0.0529,0.005207,70,1.026511,,,,/home/ojab2/work/git/vggt/colmap_outputs/bonsai_2_n70_s42_default_minfarthestpose_sharedcam/eval_results.json,bonsai_2_n70_s42_default_minfarthestpose_sharedcam,,,,colmap | minfarthestpose,70.0
colmap,70,42,,,,,,,0,10,minfarthestpose,,,,,,,,,,,0.0,,False,1.0,1.0,vggt,kitchen,,,,,default,MCMC,,,,,Shared Cam,,,,,,sfm,,indoor,,,,,,,,,,,,/home/ojab2/work/git/vggt/colmap_outputs/kitchen_2_n70_s42_default_minfarthestpose_sharedcam/eval_results.json,,kitchen_2_n70_s42_default_minfarthestpose_sharedcam,0.0981,0.003943,70,1.002625,,,,/home/ojab2/work/git/vggt/colmap_outputs/kitchen_2_n70_s42_default_minfarthestpose_sharedcam/eval_results.json,kitchen_2_n70_s42_default_minfarthestpose_sharedcam,,,,colmap | minfarthestpose,70.0
colmap,70,42,,,,,,,0,10,minfarthestpose,,,,,,,,,,,0.0,,False,1.0,1.0,vggt,counter,,,,,default,MCMC,,,,,Shared Cam,,,,,,sfm,,indoor,,,,,,,,,,,,/home/ojab2/work/git/vggt/colmap_outputs/counter_2_n70_s42_default_minfarthestpose_sharedcam/eval_results.json,,counter_2_n70_s42_default_minfarthestpose_sharedcam,0.0189,0.000872,70,0.987931,,,,/home/ojab2/work/git/vggt/colmap_outputs/counter_2_n70_s42_default_minfarthestpose_sharedcam/eval_results.json,counter_2_n70_s42_default_minfarthestpose_sharedcam,,,,colmap | minfarthestpose,70.0
colmap,70,42,,,,,,,0,10,minfarthestpose,,,,,,,,,,,0.0,,False,1.0,1.0,vggt,bicycle,,,,,default,MCMC,,,,,Shared Cam,,,,,,sfm,,outdoor,,,,,,,,,,,,/home/ojab2/work/git/vggt/colmap_outputs/bicycle_4_n70_s42_default_minfarthestpose_sharedcam/eval_results.json,,bicycle_4_n70_s42_default_minfarthestpose_sharedcam,0.12,0.009717,69,1.016821,,,,/home/ojab2/work/git/vggt/colmap_outputs/bicycle_4_n70_s42_default_minfarthestpose_sharedcam/eval_results.json,bicycle_4_n70_s42_default_minfarthestpose_sharedcam,,,,colmap | minfarthestpose,70.0
colmap,70,42,,,,,,,0,10,minfarthestpose,,,,,,,,,,,0.0,,False,1.0,1.0,vggt,garden,,,,,default,MCMC,,,,,Shared Cam,,,,,,sfm,,outdoor,,,,,,,,,,,,/home/ojab2/work/git/vggt/colmap_outputs/garden_2_n70_s42_default_minfarthestpose_sharedcam/eval_results.json,,garden_2_n70_s42_default_minfarthestpose_sharedcam,0.0646,0.002954,70,1.033049,,,,/home/ojab2/work/git/vggt/colmap_outputs/garden_2_n70_s42_default_minfarthestpose_sharedcam/eval_results.json,garden_2_n70_s42_default_minfarthestpose_sharedcam,,,,colmap | minfarthestpose,70.0
colmap,70,42,,,,,,,0,10,minfarthestpose,,,,,,,,,,,0.0,,False,1.0,1.0,vggt,stump,,,,,default,MCMC,,,,,Shared Cam,,,,,,sfm,,outdoor,,,,,,,,,,,,/home/ojab2/work/git/vggt/colmap_outputs/stump_2_n70_s42_default_minfarthestpose_sharedcam/eval_results.json,,stump_2_n70_s42_default_minfarthestpose_sharedcam,0.0431,0.005018,70,0.985276,,,,/home/ojab2/work/git/vggt/colmap_outputs/stump_2_n70_s42_default_minfarthestpose_sharedcam/eval_results.json,stump_2_n70_s42_default_minfarthestpose_sharedcam,,,,colmap | minfarthestpose,70.0
colmap,70,42,,,,,,,0,10,minfarthestpose,,,,,,,,,,,0.0,,False,1.0,1.0,vggt,lego,pinhole,,,,default,MCMC,,,,,Shared Cam,,,,,,sfm,,synthetic,,,,,,,,,,,,/home/ojab2/work/git/vggt/colmap_outputs/lego_1_n70_s42_default_mpinhole_minfarthestpose_sharedcam/eval_results.json,,lego_1_n70_s42_default_mpinhole_minfarthestpose_sharedcam,13.0156,0.491599,70,0.930681,,,,/home/ojab2/work/git/vggt/colmap_outputs/lego_1_n70_s42_default_mpinhole_minfarthestpose_sharedcam/eval_results.json,lego_1_n70_s42_default_mpinhole_minfarthestpose_sharedcam,,,,colmap | minfarthestpose,70.0
vggt,70,42,0.0,100000,random,,,,0,10,minfarthestpose,,,,,,,,,,,0.0,,False,1.0,1.0,vggt,bonsai,,,,,,MCMC,,,,,,,,,,,sfm,,indoor,,,,,,,,,,,,/home/ojab2/work/git/vggt/vggt_outputs/bonsai_2_n70_s42_c0.0_p100000_random_minfarthestpose/eval_results.json,,bonsai_2_n70_s42_c0.0_p100000_random_minfarthestpose,0.806,0.10116,70,7.70233,,,,/home/ojab2/work/git/vggt/vggt_outputs/bonsai_2_n70_s42_c0.0_p100000_random_minfarthestpose/eval_results.json,bonsai_2_n70_s42_c0.0_p100000_random_minfarthestpose,,,,vggt | minfarthestpose,70.0
vggt,70,42,0.0,100000,random,,,,0,10,minfarthestpose,,,,,,,,,,,0.0,,False,1.0,1.0,vggt,kitchen,,,,,,MCMC,,,,,,,,,,,sfm,,indoor,,,,,,,,,,,,/home/ojab2/work/git/vggt/vggt_outputs/kitchen_2_n70_s42_c0.0_p100000_random_minfarthestpose/eval_results.json,,kitchen_2_n70_s42_c0.0_p100000_random_minfarthestpose,0.3231,0.028126,70,4.16202,,,,/home/ojab2/work/git/vggt/vggt_outputs/kitchen_2_n70_s42_c0.0_p100000_random_minfarthestpose/eval_results.json,kitchen_2_n70_s42_c0.0_p100000_random_minfarthestpose,,,,vggt | minfarthestpose,70.0
vggt,70,42,0.0,100000,random,,,,0,10,minfarthestpose,,,,,,,,,,,0.0,,False,1.0,1.0,vggt,counter,,,,,,MCMC,,,,,,,,,,,sfm,,indoor,,,,,,,,,,,,/home/ojab2/work/git/vggt/vggt_outputs/counter_2_n70_s42_c0.0_p100000_random_minfarthestpose/eval_results.json,,counter_2_n70_s42_c0.0_p100000_random_minfarthestpose,0.356,0.031055,70,4.444537,,,,/home/ojab2/work/git/vggt/vggt_outputs/counter_2_n70_s42_c0.0_p100000_random_minfarthestpose/eval_results.json,counter_2_n70_s42_c0.0_p100000_random_minfarthestpose,,,,vggt | minfarthestpose,70.0
vggt,70,42,0.0,100000,random,,,,0,10,minfarthestpose,,,,,,,,,,,0.0,,False,1.0,1.0,vggt,bicycle,,,,,,MCMC,,,,,,,,,,,sfm,,outdoor,,,,,,,,,,,,/home/ojab2/work/git/vggt/vggt_outputs/bicycle_4_n70_s42_c0.0_p100000_random_minfarthestpose/eval_results.json,,bicycle_4_n70_s42_c0.0_p100000_random_minfarthestpose,0.8769,0.061125,70,4.877382,,,,/home/ojab2/work/git/vggt/vggt_outputs/bicycle_4_n70_s42_c0.0_p100000_random_minfarthestpose/eval_results.json,bicycle_4_n70_s42_c0.0_p100000_random_minfarthestpose,,,,vggt | minfarthestpose,70.0
vggt,70,42,0.0,100000,random,,,,0,10,minfarthestpose,,,,,,,,,,,0.0,,False,1.0,1.0,vggt,garden,,,,,,MCMC,,,,,,,,,,,sfm,,outdoor,,,,,,,,,,,,/home/ojab2/work/git/vggt/vggt_outputs/garden_2_n70_s42_c0.0_p100000_random_minfarthestpose/eval_results.json,,garden_2_n70_s42_c0.0_p100000_random_minfarthestpose,0.3865,0.028024,70,6.070709,,,,/home/ojab2/work/git/vggt/vggt_outputs/garden_2_n70_s42_c0.0_p100000_random_minfarthestpose/eval_results.json,garden_2_n70_s42_c0.0_p100000_random_minfarthestpose,,,,vggt | minfarthestpose,70.0
vggt,70,42,0.0,100000,random,,,,0,10,minfarthestpose,,,,,,,,,,,0.0,,False,1.0,1.0,vggt,stump,,,,,,MCMC,,,,,,,,,,,sfm,,outdoor,,,,,,,,,,,,/home/ojab2/work/git/vggt/vggt_outputs/stump_2_n70_s42_c0.0_p100000_random_minfarthestpose/eval_results.json,,stump_2_n70_s42_c0.0_p100000_random_minfarthestpose,1.1531,0.176857,70,4.945385,,,,/home/ojab2/work/git/vggt/vggt_outputs/stump_2_n70_s42_c0.0_p100000_random_minfarthestpose/eval_results.json,stump_2_n70_s42_c0.0_p100000_random_minfarthestpose,,,,vggt | minfarthestpose,70.0
vggt,70,42,0.0,100000,random,,,,0,10,minfarthestpose,,,,,,,,,,,0.0,,False,1.0,1.0,vggt,lego,,,,,,MCMC,,,,,,,,,,,sfm,,synthetic,,,,,,,,,,,,/home/ojab2/work/git/vggt/vggt_outputs/lego_1_n70_s42_c0.0_p100000_random_minfarthestpose/eval_results.json,,lego_1_n70_s42_c0.0_p100000_random_minfarthestpose,0.3397,0.018862,70,4.060608,0.0482,0.0136,0.1162,/home/ojab2/work/git/vggt/vggt_outputs/lego_1_n70_s42_c0.0_p100000_random_minfarthestpose/eval_results.json,lego_1_n70_s42_c0.0_p100000_random_minfarthestpose,,,,vggt | minfarthestpose,70.0
colmap,80,42,,,,,,,0,10,minfarthestpose,,,,,,,,,,,0.0,,False,1.0,1.0,vggt,bonsai,,,,,default,MCMC,,,,,Shared Cam,,,,,,sfm,,indoor,,,,,,,,,,,,/home/ojab2/work/git/vggt/colmap_outputs/bonsai_2_n80_s42_default_minfarthestpose_sharedcam/eval_results.json,,bonsai_2_n80_s42_default_minfarthestpose_sharedcam,0.0516,0.004219,80,1.020898,,,,/home/ojab2/work/git/vggt/colmap_outputs/bonsai_2_n80_s42_default_minfarthestpose_sharedcam/eval_results.json,bonsai_2_n80_s42_default_minfarthestpose_sharedcam,,,,colmap | minfarthestpose,80.0
colmap,80,42,,,,,,,0,10,minfarthestpose,,,,,,,,,,,0.0,,False,1.0,1.0,vggt,kitchen,,,,,default,MCMC,,,,,Shared Cam,,,,,,sfm,,indoor,,,,,,,,,,,,/home/ojab2/work/git/vggt/colmap_outputs/kitchen_2_n80_s42_default_minfarthestpose_sharedcam/eval_results.json,,kitchen_2_n80_s42_default_minfarthestpose_sharedcam,0.0992,0.003674,80,0.986183,,,,/home/ojab2/work/git/vggt/colmap_outputs/kitchen_2_n80_s42_default_minfarthestpose_sharedcam/eval_results.json,kitchen_2_n80_s42_default_minfarthestpose_sharedcam,,,,colmap | minfarthestpose,80.0
colmap,80,42,,,,,,,0,10,minfarthestpose,,,,,,,,,,,0.0,,False,1.0,1.0,vggt,counter,,,,,default,MCMC,,,,,Shared Cam,,,,,,sfm,,indoor,,,,,,,,,,,,/home/ojab2/work/git/vggt/colmap_outputs/counter_2_n80_s42_default_minfarthestpose_sharedcam/eval_results.json,,counter_2_n80_s42_default_minfarthestpose_sharedcam,0.0163,0.000772,80,0.978881,,,,/home/ojab2/work/git/vggt/colmap_outputs/counter_2_n80_s42_default_minfarthestpose_sharedcam/eval_results.json,counter_2_n80_s42_default_minfarthestpose_sharedcam,,,,colmap | minfarthestpose,80.0
colmap,80,42,,,,,,,0,10,minfarthestpose,,,,,,,,,,,0.0,,False,1.0,1.0,vggt,bicycle,,,,,default,MCMC,,,,,Shared Cam,,,,,,sfm,,outdoor,,,,,,,,,,,,/home/ojab2/work/git/vggt/colmap_outputs/bicycle_4_n80_s42_default_minfarthestpose_sharedcam/eval_results.json,,bicycle_4_n80_s42_default_minfarthestpose_sharedcam,0.119,0.008923,80,1.011902,,,,/home/ojab2/work/git/vggt/colmap_outputs/bicycle_4_n80_s42_default_minfarthestpose_sharedcam/eval_results.json,bicycle_4_n80_s42_default_minfarthestpose_sharedcam,,,,colmap | minfarthestpose,80.0
colmap,80,42,,,,,,,0,10,minfarthestpose,,,,,,,,,,,0.0,,False,1.0,1.0,vggt,garden,,,,,default,MCMC,,,,,Shared Cam,,,,,,sfm,,outdoor,,,,,,,,,,,,/home/ojab2/work/git/vggt/colmap_outputs/garden_2_n80_s42_default_minfarthestpose_sharedcam/eval_results.json,,garden_2_n80_s42_default_minfarthestpose_sharedcam,0.0609,0.002865,80,1.02083,,,,/home/ojab2/work/git/vggt/colmap_outputs/garden_2_n80_s42_default_minfarthestpose_sharedcam/eval_results.json,garden_2_n80_s42_default_minfarthestpose_sharedcam,,,,colmap | minfarthestpose,80.0
colmap,80,42,,,,,,,0,10,minfarthestpose,,,,,,,,,,,0.0,,False,1.0,1.0,vggt,stump,,,,,default,MCMC,,,,,Shared Cam,,,,,,sfm,,outdoor,,,,,,,,,,,,/home/ojab2/work/git/vggt/colmap_outputs/stump_2_n80_s42_default_minfarthestpose_sharedcam/eval_results.json,,stump_2_n80_s42_default_minfarthestpose_sharedcam,0.0293,0.003643,79,1.001219,,,,/home/ojab2/work/git/vggt/colmap_outputs/stump_2_n80_s42_default_minfarthestpose_sharedcam/eval_results.json,stump_2_n80_s42_default_minfarthestpose_sharedcam,,,,colmap | minfarthestpose,80.0
colmap,80,42,,,,,,,0,10,minfarthestpose,,,,,,,,,,,0.0,,False,1.0,1.0,vggt,lego,pinhole,,,,default,MCMC,,,,,Shared Cam,,,,,,sfm,,synthetic,,,,,,,,,,,,/home/ojab2/work/git/vggt/colmap_outputs/lego_1_n80_s42_default_mpinhole_minfarthestpose_sharedcam/eval_results.json,,lego_1_n80_s42_default_mpinhole_minfarthestpose_sharedcam,12.3915,0.644267,80,0.828364,,,,/home/ojab2/work/git/vggt/colmap_outputs/lego_1_n80_s42_default_mpinhole_minfarthestpose_sharedcam/eval_results.json,lego_1_n80_s42_default_mpinhole_minfarthestpose_sharedcam,,,,colmap | minfarthestpose,80.0
vggt,80,42,0.0,100000,random,,,,0,10,minfarthestpose,,,,,,,,,,,0.0,,False,1.0,1.0,vggt,bonsai,,,,,,MCMC,,,,,,,,,,,sfm,,indoor,,,,,,,,,,,,/home/ojab2/work/git/vggt/vggt_outputs/bonsai_2_n80_s42_c0.0_p100000_random_minfarthestpose/eval_results.json,,bonsai_2_n80_s42_c0.0_p100000_random_minfarthestpose,0.8208,0.096051,80,7.780013,,,,/home/ojab2/work/git/vggt/vggt_outputs/bonsai_2_n80_s42_c0.0_p100000_random_minfarthestpose/eval_results.json,bonsai_2_n80_s42_c0.0_p100000_random_minfarthestpose,,,,vggt | minfarthestpose,80.0
vggt,80,42,0.0,100000,random,,,,0,10,minfarthestpose,,,,,,,,,,,0.0,,False,1.0,1.0,vggt,kitchen,,,,,,MCMC,,,,,,,,,,,sfm,,indoor,,,,,,,,,,,,/home/ojab2/work/git/vggt/vggt_outputs/kitchen_2_n80_s42_c0.0_p100000_random_minfarthestpose/eval_results.json,,kitchen_2_n80_s42_c0.0_p100000_random_minfarthestpose,0.2843,0.026957,80,4.144684,,,,/home/ojab2/work/git/vggt/vggt_outputs/kitchen_2_n80_s42_c0.0_p100000_random_minfarthestpose/eval_results.json,kitchen_2_n80_s42_c0.0_p100000_random_minfarthestpose,,,,vggt | minfarthestpose,80.0
vggt,80,42,0.0,100000,random,,,,0,10,minfarthestpose,,,,,,,,,,,0.0,,False,1.0,1.0,vggt,counter,,,,,,MCMC,,,,,,,,,,,sfm,,indoor,,,,,,,,,,,,/home/ojab2/work/git/vggt/vggt_outputs/counter_2_n80_s42_c0.0_p100000_random_minfarthestpose/eval_results.json,,counter_2_n80_s42_c0.0_p100000_random_minfarthestpose,0.3586,0.029914,80,4.47013,,,,/home/ojab2/work/git/vggt/vggt_outputs/counter_2_n80_s42_c0.0_p100000_random_minfarthestpose/eval_results.json,counter_2_n80_s42_c0.0_p100000_random_minfarthestpose,,,,vggt | minfarthestpose,80.0
vggt,80,42,0.0,100000,random,,,,0,10,minfarthestpose,,,,,,,,,,,0.0,,False,1.0,1.0,vggt,bicycle,,,,,,MCMC,,,,,,,,,,,sfm,,outdoor,,,,,,,,,,,,/home/ojab2/work/git/vggt/vggt_outputs/bicycle_4_n80_s42_c0.0_p100000_random_minfarthestpose/eval_results.json,,bicycle_4_n80_s42_c0.0_p100000_random_minfarthestpose,0.9233,0.065463,80,5.217082,,,,/home/ojab2/work/git/vggt/vggt_outputs/bicycle_4_n80_s42_c0.0_p100000_random_minfarthestpose/eval_results.json,bicycle_4_n80_s42_c0.0_p100000_random_minfarthestpose,,,,vggt | minfarthestpose,80.0
vggt,80,42,0.0,100000,random,,,,0,10,minfarthestpose,,,,,,,,,,,0.0,,False,1.0,1.0,vggt,garden,,,,,,MCMC,,,,,,,,,,,sfm,,outdoor,,,,,,,,,,,,/home/ojab2/work/git/vggt/vggt_outputs/garden_2_n80_s42_c0.0_p100000_random_minfarthestpose/eval_results.json,,garden_2_n80_s42_c0.0_p100000_random_minfarthestpose,0.3854,0.026429,80,6.047016,,,,/home/ojab2/work/git/vggt/vggt_outputs/garden_2_n80_s42_c0.0_p100000_random_minfarthestpose/eval_results.json,garden_2_n80_s42_c0.0_p100000_random_minfarthestpose,,,,vggt | minfarthestpose,80.0
vggt,80,42,0.0,100000,random,,,,0,10,minfarthestpose,,,,,,,,,,,0.0,,False,1.0,1.0,vggt,stump,,,,,,MCMC,,,,,,,,,,,sfm,,outdoor,,,,,,,,,,,,/home/ojab2/work/git/vggt/vggt_outputs/stump_2_n80_s42_c0.0_p100000_random_minfarthestpose/eval_results.json,,stump_2_n80_s42_c0.0_p100000_random_minfarthestpose,1.0265,0.18019,80,4.726412,,,,/home/ojab2/work/git/vggt/vggt_outputs/stump_2_n80_s42_c0.0_p100000_random_minfarthestpose/eval_results.json,stump_2_n80_s42_c0.0_p100000_random_minfarthestpose,,,,vggt | minfarthestpose,80.0
vggt,80,42,0.0,100000,random,,,,0,10,minfarthestpose,,,,,,,,,,,0.0,,False,1.0,1.0,vggt,lego,,,,,,MCMC,,,,,,,,,,,sfm,,synthetic,,,,,,,,,,,,/home/ojab2/work/git/vggt/vggt_outputs/lego_1_n80_s42_c0.0_p100000_random_minfarthestpose/eval_results.json,,lego_1_n80_s42_c0.0_p100000_random_minfarthestpose,0.327,0.018619,80,4.050801,0.0469,0.0133,0.1179,/home/ojab2/work/git/vggt/vggt_outputs/lego_1_n80_s42_c0.0_p100000_random_minfarthestpose/eval_results.json,lego_1_n80_s42_c0.0_p100000_random_minfarthestpose,,,,vggt | minfarthestpose,80.0
colmap,87,42,,,,,,,0,10,minfarthestpose,,,,,,,,,,,0.0,,False,1.0,1.0,vggt,lego,pinhole,,,,default,MCMC,,,,,Shared Cam,,,,,,sfm,,synthetic,,,,,,,,,,,,/home/ojab2/work/git/vggt/colmap_outputs/lego_1_n87_s42_default_mpinhole_minfarthestpose_sharedcam/eval_results.json,,lego_1_n87_s42_default_mpinhole_minfarthestpose_sharedcam,10.4474,0.391517,87,0.88972,,,,/home/ojab2/work/git/vggt/colmap_outputs/lego_1_n87_s42_default_mpinhole_minfarthestpose_sharedcam/eval_results.json,lego_1_n87_s42_default_mpinhole_minfarthestpose_sharedcam,,,,colmap | minfarthestpose,87.0
colmap,87,42,,,,,,,0,10,minfarthestpose,,,,,,,,,,,0.0,,False,1.0,1.0,vggt,ship,pinhole,,,,default,MCMC,,,,,Shared Cam,,,,,,sfm,,synthetic,,,,,,,,,,,,/home/ojab2/work/git/vggt/colmap_outputs/ship_1_n87_s42_default_mpinhole_minfarthestpose_sharedcam/eval_results.json,,ship_1_n87_s42_default_mpinhole_minfarthestpose_sharedcam,0.1499,0.010108,81,0.814395,,,,/home/ojab2/work/git/vggt/colmap_outputs/ship_1_n87_s42_default_mpinhole_minfarthestpose_sharedcam/eval_results.json,ship_1_n87_s42_default_mpinhole_minfarthestpose_sharedcam,,,,colmap | minfarthestpose,87.0
colmap,87,42,,,,,,,0,10,minfarthestpose,,,,,,,,,,,0.0,,False,1.0,1.0,vggt,drums,pinhole,,,,default,MCMC,,,,,Shared Cam,,,,,,sfm,,synthetic,,,,,,,,,,,,/home/ojab2/work/git/vggt/colmap_outputs/drums_1_n87_s42_default_mpinhole_minfarthestpose_sharedcam/eval_results.json,,drums_1_n87_s42_default_mpinhole_minfarthestpose_sharedcam,0.1913,0.011773,81,0.827726,,,,/home/ojab2/work/git/vggt/colmap_outputs/drums_1_n87_s42_default_mpinhole_minfarthestpose_sharedcam/eval_results.json,drums_1_n87_s42_default_mpinhole_minfarthestpose_sharedcam,,,,colmap | minfarthestpose,87.0
vggt,87,42,0.0,100000,random,,,,0,10,minfarthestpose,,,,,,,,,,,0.0,,False,1.0,1.0,vggt,lego,,,,,,MCMC,,,,,,,,,,,sfm,,synthetic,,,,,,,,,,,,/home/ojab2/work/git/vggt/vggt_outputs/lego_1_n87_s42_c0.0_p100000_random_minfarthestpose/eval_results.json,,lego_1_n87_s42_c0.0_p100000_random_minfarthestpose,0.2976,0.018838,87,4.04904,0.0478,0.0135,0.118,/home/ojab2/work/git/vggt/vggt_outputs/lego_1_n87_s42_c0.0_p100000_random_minfarthestpose/eval_results.json,lego_1_n87_s42_c0.0_p100000_random_minfarthestpose,,,,vggt | minfarthestpose,87.0
vggt,87,42,0.0,100000,random,,,,0,10,minfarthestpose,,,,,,,,,,,0.0,,False,1.0,1.0,vggt,ship,,,,,,MCMC,,,,,,,,,,,sfm,,synthetic,,,,,,,,,,,,/home/ojab2/work/git/vggt/vggt_outputs/ship_1_n87_s42_c0.0_p100000_random_minfarthestpose/eval_results.json,,ship_1_n87_s42_c0.0_p100000_random_minfarthestpose,0.4869,0.027807,87,4.301907,0.1056,0.0284,0.2389,/home/ojab2/work/git/vggt/vggt_outputs/ship_1_n87_s42_c0.0_p100000_random_minfarthestpose/eval_results.json,ship_1_n87_s42_c0.0_p100000_random_minfarthestpose,,,,vggt | minfarthestpose,87.0
vggt,87,42,0.0,100000,random,,,,0,10,minfarthestpose,,,,,,,,,,,0.0,,False,1.0,1.0,vggt,drums,,,,,,MCMC,,,,,,,,,,,sfm,,synthetic,,,,,,,,,,,,/home/ojab2/work/git/vggt/vggt_outputs/drums_1_n87_s42_c0.0_p100000_random_minfarthestpose/eval_results.json,,drums_1_n87_s42_c0.0_p100000_random_minfarthestpose,0.173,0.01002,87,3.881439,0.0626,0.0172,0.1433,/home/ojab2/work/git/vggt/vggt_outputs/drums_1_n87_s42_c0.0_p100000_random_minfarthestpose/eval_results.json,drums_1_n87_s42_c0.0_p100000_random_minfarthestpose,,,,vggt | minfarthestpose,87.0
colmap,90,42,,,,,,,0,10,minfarthestpose,,,,,,,,,,,0.0,,False,1.0,1.0,vggt,bonsai,,,,,default,MCMC,,,,,Shared Cam,,,,,,sfm,,indoor,,,,,,,,,,,,/home/ojab2/work/git/vggt/colmap_outputs/bonsai_2_n90_s42_default_minfarthestpose_sharedcam/eval_results.json,,bonsai_2_n90_s42_default_minfarthestpose_sharedcam,0.0692,0.003892,90,0.998126,,,,/home/ojab2/work/git/vggt/colmap_outputs/bonsai_2_n90_s42_default_minfarthestpose_sharedcam/eval_results.json,bonsai_2_n90_s42_default_minfarthestpose_sharedcam,,,,colmap | minfarthestpose,90.0
colmap,90,42,,,,,,,0,10,minfarthestpose,,,,,,,,,,,0.0,,False,1.0,1.0,vggt,kitchen,,,,,default,MCMC,,,,,Shared Cam,,,,,,sfm,,indoor,,,,,,,,,,,,/home/ojab2/work/git/vggt/colmap_outputs/kitchen_2_n90_s42_default_minfarthestpose_sharedcam/eval_results.json,,kitchen_2_n90_s42_default_minfarthestpose_sharedcam,0.1013,0.003631,90,1.014718,,,,/home/ojab2/work/git/vggt/colmap_outputs/kitchen_2_n90_s42_default_minfarthestpose_sharedcam/eval_results.json,kitchen_2_n90_s42_default_minfarthestpose_sharedcam,,,,colmap | minfarthestpose,90.0
colmap,90,42,,,,,,,0,10,minfarthestpose,,,,,,,,,,,0.0,,False,1.0,1.0,vggt,counter,,,,,default,MCMC,,,,,Shared Cam,,,,,,sfm,,indoor,,,,,,,,,,,,/home/ojab2/work/git/vggt/colmap_outputs/counter_2_n90_s42_default_minfarthestpose_sharedcam/eval_results.json,,counter_2_n90_s42_default_minfarthestpose_sharedcam,0.0186,0.00076,90,0.994265,,,,/home/ojab2/work/git/vggt/colmap_outputs/counter_2_n90_s42_default_minfarthestpose_sharedcam/eval_results.json,counter_2_n90_s42_default_minfarthestpose_sharedcam,,,,colmap | minfarthestpose,90.0
colmap,90,42,,,,,,,0,10,minfarthestpose,,,,,,,,,,,0.0,,False,1.0,1.0,vggt,bicycle,,,,,default,MCMC,,,,,Shared Cam,,,,,,sfm,,outdoor,,,,,,,,,,,,/home/ojab2/work/git/vggt/colmap_outputs/bicycle_4_n90_s42_default_minfarthestpose_sharedcam/eval_results.json,,bicycle_4_n90_s42_default_minfarthestpose_sharedcam,0.113,0.008149,89,1.011157,,,,/home/ojab2/work/git/vggt/colmap_outputs/bicycle_4_n90_s42_default_minfarthestpose_sharedcam/eval_results.json,bicycle_4_n90_s42_default_minfarthestpose_sharedcam,,,,colmap | minfarthestpose,90.0
colmap,90,42,,,,,,,0,10,minfarthestpose,,,,,,,,,,,0.0,,False,1.0,1.0,vggt,garden,,,,,default,MCMC,,,,,Shared Cam,,,,,,sfm,,outdoor,,,,,,,,,,,,/home/ojab2/work/git/vggt/colmap_outputs/garden_2_n90_s42_default_minfarthestpose_sharedcam/eval_results.json,,garden_2_n90_s42_default_minfarthestpose_sharedcam,0.0567,0.002798,90,1.026489,,,,/home/ojab2/work/git/vggt/colmap_outputs/garden_2_n90_s42_default_minfarthestpose_sharedcam/eval_results.json,garden_2_n90_s42_default_minfarthestpose_sharedcam,,,,colmap | minfarthestpose,90.0
colmap,90,42,,,,,,,0,10,minfarthestpose,,,,,,,,,,,0.0,,False,1.0,1.0,vggt,stump,,,,,default,MCMC,,,,,Shared Cam,,,,,,sfm,,outdoor,,,,,,,,,,,,/home/ojab2/work/git/vggt/colmap_outputs/stump_2_n90_s42_default_minfarthestpose_sharedcam/eval_results.json,,stump_2_n90_s42_default_minfarthestpose_sharedcam,0.0239,0.003115,90,0.978572,,,,/home/ojab2/work/git/vggt/colmap_outputs/stump_2_n90_s42_default_minfarthestpose_sharedcam/eval_results.json,stump_2_n90_s42_default_minfarthestpose_sharedcam,,,,colmap | minfarthestpose,90.0
vggt,90,42,0.0,100000,random,,,,0,10,minfarthestpose,,,,,,,,,,,0.0,,False,1.0,1.0,vggt,bonsai,,,,,,MCMC,,,,,,,,,,,sfm,,indoor,,,,,,,,,,,,/home/ojab2/work/git/vggt/vggt_outputs/bonsai_2_n90_s42_c0.0_p100000_random_minfarthestpose/eval_results.json,,bonsai_2_n90_s42_c0.0_p100000_random_minfarthestpose,0.7344,0.095629,90,7.854932,,,,/home/ojab2/work/git/vggt/vggt_outputs/bonsai_2_n90_s42_c0.0_p100000_random_minfarthestpose/eval_results.json,bonsai_2_n90_s42_c0.0_p100000_random_minfarthestpose,,,,vggt | minfarthestpose,90.0
vggt,90,42,0.0,100000,random,,,,0,10,minfarthestpose,,,,,,,,,,,0.0,,False,1.0,1.0,vggt,kitchen,,,,,,MCMC,,,,,,,,,,,sfm,,indoor,,,,,,,,,,,,/home/ojab2/work/git/vggt/vggt_outputs/kitchen_2_n90_s42_c0.0_p100000_random_minfarthestpose/eval_results.json,,kitchen_2_n90_s42_c0.0_p100000_random_minfarthestpose,0.3203,0.026849,90,4.157845,,,,/home/ojab2/work/git/vggt/vggt_outputs/kitchen_2_n90_s42_c0.0_p100000_random_minfarthestpose/eval_results.json,kitchen_2_n90_s42_c0.0_p100000_random_minfarthestpose,,,,vggt | minfarthestpose,90.0
vggt,90,42,0.0,100000,random,,,,0,10,minfarthestpose,,,,,,,,,,,0.0,,False,1.0,1.0,vggt,counter,,,,,,MCMC,,,,,,,,,,,sfm,,indoor,,,,,,,,,,,,/home/ojab2/work/git/vggt/vggt_outputs/counter_2_n90_s42_c0.0_p100000_random_minfarthestpose/eval_results.json,,counter_2_n90_s42_c0.0_p100000_random_minfarthestpose,0.3956,0.030141,90,4.47758,,,,/home/ojab2/work/git/vggt/vggt_outputs/counter_2_n90_s42_c0.0_p100000_random_minfarthestpose/eval_results.json,counter_2_n90_s42_c0.0_p100000_random_minfarthestpose,,,,vggt | minfarthestpose,90.0
vggt,90,42,0.0,100000,random,,,,0,10,minfarthestpose,,,,,,,,,,,0.0,,False,1.0,1.0,vggt,bicycle,,,,,,MCMC,,,,,,,,,,,sfm,,outdoor,,,,,,,,,,,,/home/ojab2/work/git/vggt/vggt_outputs/bicycle_4_n90_s42_c0.0_p100000_random_minfarthestpose/eval_results.json,,bicycle_4_n90_s42_c0.0_p100000_random_minfarthestpose,0.7367,0.06455,90,5.282349,,,,/home/ojab2/work/git/vggt/vggt_outputs/bicycle_4_n90_s42_c0.0_p100000_random_minfarthestpose/eval_results.json,bicycle_4_n90_s42_c0.0_p100000_random_minfarthestpose,,,,vggt | minfarthestpose,90.0
vggt,90,42,0.0,100000,random,,,,0,10,minfarthestpose,,,,,,,,,,,0.0,,False,1.0,1.0,vggt,garden,,,,,,MCMC,,,,,,,,,,,sfm,,outdoor,,,,,,,,,,,,/home/ojab2/work/git/vggt/vggt_outputs/garden_2_n90_s42_c0.0_p100000_random_minfarthestpose/eval_results.json,,garden_2_n90_s42_c0.0_p100000_random_minfarthestpose,0.3643,0.026694,90,6.044204,,,,/home/ojab2/work/git/vggt/vggt_outputs/garden_2_n90_s42_c0.0_p100000_random_minfarthestpose/eval_results.json,garden_2_n90_s42_c0.0_p100000_random_minfarthestpose,,,,vggt | minfarthestpose,90.0
vggt,90,42,0.0,100000,random,,,,0,10,minfarthestpose,,,,,,,,,,,0.0,,False,1.0,1.0,vggt,stump,,,,,,MCMC,,,,,,,,,,,sfm,,outdoor,,,,,,,,,,,,/home/ojab2/work/git/vggt/vggt_outputs/stump_2_n90_s42_c0.0_p100000_random_minfarthestpose/eval_results.json,,stump_2_n90_s42_c0.0_p100000_random_minfarthestpose,0.8567,0.174147,90,4.625971,,,,/home/ojab2/work/git/vggt/vggt_outputs/stump_2_n90_s42_c0.0_p100000_random_minfarthestpose/eval_results.json,stump_2_n90_s42_c0.0_p100000_random_minfarthestpose,,,,vggt | minfarthestpose,90.0
colmap,100,42,,,,,,,0,10,minfarthestpose,,,,,,,,,,,0.0,,False,1.0,1.0,vggt,bonsai,,,,,default,MCMC,,,,,Shared Cam,,,,,,sfm,,indoor,,,,,,,,,,,,/home/ojab2/work/git/vggt/colmap_outputs/bonsai_2_n100_s42_default_minfarthestpose_sharedcam/eval_results.json,,bonsai_2_n100_s42_default_minfarthestpose_sharedcam,0.0595,0.002889,100,1.016141,,,,/home/ojab2/work/git/vggt/colmap_outputs/bonsai_2_n100_s42_default_minfarthestpose_sharedcam/eval_results.json,bonsai_2_n100_s42_default_minfarthestpose_sharedcam,,,,colmap | minfarthestpose,100.0
colmap,100,42,,,,,,,0,10,minfarthestpose,,,,,,,,,,,0.0,,False,1.0,1.0,vggt,kitchen,,,,,default,MCMC,,,,,Shared Cam,,,,,,sfm,,indoor,,,,,,,,,,,,/home/ojab2/work/git/vggt/colmap_outputs/kitchen_2_n100_s42_default_minfarthestpose_sharedcam/eval_results.json,,kitchen_2_n100_s42_default_minfarthestpose_sharedcam,0.1013,0.003655,100,1.017479,,,,/home/ojab2/work/git/vggt/colmap_outputs/kitchen_2_n100_s42_default_minfarthestpose_sharedcam/eval_results.json,kitchen_2_n100_s42_default_minfarthestpose_sharedcam,,,,colmap | minfarthestpose,100.0
colmap,100,42,,,,,,,0,10,minfarthestpose,,,,,,,,,,,0.0,,False,1.0,1.0,vggt,counter,,,,,default,MCMC,,,,,Shared Cam,,,,,,sfm,,indoor,,,,,,,,,,,,/home/ojab2/work/git/vggt/colmap_outputs/counter_2_n100_s42_default_minfarthestpose_sharedcam/eval_results.json,,counter_2_n100_s42_default_minfarthestpose_sharedcam,0.0156,0.000691,100,0.993642,,,,/home/ojab2/work/git/vggt/colmap_outputs/counter_2_n100_s42_default_minfarthestpose_sharedcam/eval_results.json,counter_2_n100_s42_default_minfarthestpose_sharedcam,,,,colmap | minfarthestpose,100.0
colmap,100,42,,,,,,,0,10,minfarthestpose,,,,,,,,,,,0.0,,False,1.0,1.0,vggt,bicycle,,,,,default,MCMC,,,,,Shared Cam,,,,,,sfm,,outdoor,,,,,,,,,,,,/home/ojab2/work/git/vggt/colmap_outputs/bicycle_4_n100_s42_default_minfarthestpose_sharedcam/eval_results.json,,bicycle_4_n100_s42_default_minfarthestpose_sharedcam,0.1088,0.007262,99,1.015409,,,,/home/ojab2/work/git/vggt/colmap_outputs/bicycle_4_n100_s42_default_minfarthestpose_sharedcam/eval_results.json,bicycle_4_n100_s42_default_minfarthestpose_sharedcam,,,,colmap | minfarthestpose,100.0
colmap,100,42,,,,,,,0,10,minfarthestpose,,,,,,,,,,,0.0,,False,1.0,1.0,vggt,garden,,,,,default,MCMC,,,,,Shared Cam,,,,,,sfm,,outdoor,,,,,,,,,,,,/home/ojab2/work/git/vggt/colmap_outputs/garden_2_n100_s42_default_minfarthestpose_sharedcam/eval_results.json,,garden_2_n100_s42_default_minfarthestpose_sharedcam,0.0546,0.002627,100,1.017313,,,,/home/ojab2/work/git/vggt/colmap_outputs/garden_2_n100_s42_default_minfarthestpose_sharedcam/eval_results.json,garden_2_n100_s42_default_minfarthestpose_sharedcam,,,,colmap | minfarthestpose,100.0
colmap,100,42,,,,,,,0,10,minfarthestpose,,,,,,,,,,,0.0,,False,1.0,1.0,vggt,stump,,,,,default,MCMC,,,,,Shared Cam,,,,,,sfm,,outdoor,,,,,,,,,,,,/home/ojab2/work/git/vggt/colmap_outputs/stump_2_n100_s42_default_minfarthestpose_sharedcam/eval_results.json,,stump_2_n100_s42_default_minfarthestpose_sharedcam,0.0184,0.002325,100,0.978995,,,,/home/ojab2/work/git/vggt/colmap_outputs/stump_2_n100_s42_default_minfarthestpose_sharedcam/eval_results.json,stump_2_n100_s42_default_minfarthestpose_sharedcam,,,,colmap | minfarthestpose,100.0
vggt,100,42,0.0,100000,random,,,,0,10,minfarthestpose,,,,,,,,,,,0.0,,False,1.0,1.0,vggt,bonsai,,,,,,MCMC,,,,,,,,,,,sfm,,indoor,,,,,,,,,,,,/home/ojab2/work/git/vggt/vggt_outputs/bonsai_2_n100_s42_c0.0_p100000_random_minfarthestpose/eval_results.json,,bonsai_2_n100_s42_c0.0_p100000_random_minfarthestpose,0.7308,0.098078,100,7.817163,,,,/home/ojab2/work/git/vggt/vggt_outputs/bonsai_2_n100_s42_c0.0_p100000_random_minfarthestpose/eval_results.json,bonsai_2_n100_s42_c0.0_p100000_random_minfarthestpose,,,,vggt | minfarthestpose,100.0
vggt,100,42,0.0,100000,random,,,,0,10,minfarthestpose,,,,,,,,,,,0.0,,False,1.0,1.0,vggt,kitchen,,,,,,MCMC,,,,,,,,,,,sfm,,indoor,,,,,,,,,,,,/home/ojab2/work/git/vggt/vggt_outputs/kitchen_2_n100_s42_c0.0_p100000_random_minfarthestpose/eval_results.json,,kitchen_2_n100_s42_c0.0_p100000_random_minfarthestpose,0.2827,0.025851,100,4.144792,,,,/home/ojab2/work/git/vggt/vggt_outputs/kitchen_2_n100_s42_c0.0_p100000_random_minfarthestpose/eval_results.json,kitchen_2_n100_s42_c0.0_p100000_random_minfarthestpose,,,,vggt | minfarthestpose,100.0
vggt,100,42,0.0,100000,random,,,,0,10,minfarthestpose,,,,,,,,,,,0.0,,False,1.0,1.0,vggt,counter,,,,,,MCMC,,,,,,,,,,,sfm,,indoor,,,,,,,,,,,,/home/ojab2/work/git/vggt/vggt_outputs/counter_2_n100_s42_c0.0_p100000_random_minfarthestpose/eval_results.json,,counter_2_n100_s42_c0.0_p100000_random_minfarthestpose,0.3873,0.030482,100,4.485239,,,,/home/ojab2/work/git/vggt/vggt_outputs/counter_2_n100_s42_c0.0_p100000_random_minfarthestpose/eval_results.json,counter_2_n100_s42_c0.0_p100000_random_minfarthestpose,,,,vggt | minfarthestpose,100.0
vggt,100,42,0.0,100000,random,,,,0,10,minfarthestpose,,,,,,,,,,,0.0,,False,1.0,1.0,vggt,bicycle,,,,,,MCMC,,,,,,,,,,,sfm,,outdoor,,,,,,,,,,,,/home/ojab2/work/git/vggt/vggt_outputs/bicycle_4_n100_s42_c0.0_p100000_random_minfarthestpose/eval_results.json,,bicycle_4_n100_s42_c0.0_p100000_random_minfarthestpose,0.679,0.066492,100,5.275284,,,,/home/ojab2/work/git/vggt/vggt_outputs/bicycle_4_n100_s42_c0.0_p100000_random_minfarthestpose/eval_results.json,bicycle_4_n100_s42_c0.0_p100000_random_minfarthestpose,,,,vggt | minfarthestpose,100.0
vggt,100,42,0.0,100000,random,,,,0,10,minfarthestpose,,,,,,,,,,,0.0,,False,1.0,1.0,vggt,garden,,,,,,MCMC,,,,,,,,,,,sfm,,outdoor,,,,,,,,,,,,/home/ojab2/work/git/vggt/vggt_outputs/garden_2_n100_s42_c0.0_p100000_random_minfarthestpose/eval_results.json,,garden_2_n100_s42_c0.0_p100000_random_minfarthestpose,0.3804,0.027315,100,5.951851,,,,/home/ojab2/work/git/vggt/vggt_outputs/garden_2_n100_s42_c0.0_p100000_random_minfarthestpose/eval_results.json,garden_2_n100_s42_c0.0_p100000_random_minfarthestpose,,,,vggt | minfarthestpose,100.0
vggt,100,42,0.0,100000,random,,,,0,10,minfarthestpose,,,,,,,,,,,0.0,,False,1.0,1.0,vggt,stump,,,,,,MCMC,,,,,,,,,,,sfm,,outdoor,,,,,,,,,,,,/home/ojab2/work/git/vggt/vggt_outputs/stump_2_n100_s42_c0.0_p100000_random_minfarthestpose/eval_results.json,,stump_2_n100_s42_c0.0_p100000_random_minfarthestpose,0.896,0.157243,100,4.606866,,,,/home/ojab2/work/git/vggt/vggt_outputs/stump_2_n100_s42_c0.0_p100000_random_minfarthestpose/eval_results.json,stump_2_n100_s42_c0.0_p100000_random_minfarthestpose,,,,vggt | minfarthestpose,100.0
