method,num_images,seed,conf_thres_value,num_points,sampling_mode,near_filtering_strength,near_filtering_quorum,reconstruct_pose_opt,optimisation_iterations,optimisation_neighbourhood,image_mode,num_cameras,gt_eval,use_gt_extrinsics,use_gt_intrinsics,use_gt_points,pose_opt,pose_opt_module,eval_opt,depth_loss_mode,error_opa,depth_lambda,depth_conf_mode,depth_conf_shifted,loss_multiplier,pose_loss_multiplier,choice,dataset,camera_type,copy_mode,val_step,num_steps,colmap_mode,splatting_strategy,camera_src,pcd_src,align_mode,align_glue,shared_camera,keep_backup_cams,random_init,use_ba,feature_extractor,max_ba_iterations,source,series_label_override,dataset_collection,psnr,lpips,ssim,num_GS,eval_rte,eval_rre,depth_l1,depth_abs_rel,quality,avge,real_num_points,file_path,gsplat_file_path,folder,rre,rte,num_aligned,alignment_scale,pred_depth_l1,pred_depth_absrel,pred_depth_rmse,sfm_file_path,input_folder,output_folder,initial_points,failed_sfm_file_path,plot_series,num_images_jitter
colmap,10,42,,135,,,,,0,10,farthestpose,10,GT Eval,,,,Pose Opt,,,,,0.0,,False,1.0,1.0,colmap,bonsai,,,15000,15000,default,MCMC,,,,,Shared Cam,,,,,,gsplat,,indoor,10.370388984680176,0.8212783932685852,0.30286675691604614,140477,0.08342143893241882,9.962593078613281,,,-0.23136991963439196,0.5826828273279314,135,/home/ojab2/work/git/gsplat/results/colmap_outputs/bonsai_2_n10_s42_default_farthestpose_sharedcam_i10_gteval_poseopt_steps15000/stats/val_step14999.json,/home/ojab2/work/git/gsplat/results/colmap_outputs/bonsai_2_n10_s42_default_farthestpose_sharedcam_i10_gteval_poseopt_steps15000/stats/val_step14999.json,bonsai_2_n10_s42_default_farthestpose_sharedcam_i10_gteval_poseopt_steps15000,10.9378,0.183862,4,0.824922,,,,/home/ojab2/work/git/vggt/colmap_outputs/bonsai_2_n10_s42_default_farthestpose_sharedcam/eval_results.json,bonsai_2_n10_s42_default_farthestpose_sharedcam,bonsai_2_n10_s42_default_farthestpose_sharedcam_i10_gteval_poseopt_steps15000_val_step14999.json,135,,colmap | farthestpose,10.0
colmap,10,42,,147,,,,,0,10,farthestpose,10,GT Eval,,,,Pose Opt,,,,,0.0,,False,1.0,1.0,colmap,kitchen,,,15000,15000,default,MCMC,,,,,Shared Cam,,,,,,gsplat,,indoor,13.383953094482422,0.7249969244003296,0.3768191337585449,154749,0.015426966361701488,2.2528326511383057,,,-0.07288316738458325,0.5200976674615805,147,/home/ojab2/work/git/gsplat/results/colmap_outputs/kitchen_2_n10_s42_default_farthestpose_sharedcam_i10_gteval_poseopt_steps15000/stats/val_step14999.json,/home/ojab2/work/git/gsplat/results/colmap_outputs/kitchen_2_n10_s42_default_farthestpose_sharedcam_i10_gteval_poseopt_steps15000/stats/val_step14999.json,kitchen_2_n10_s42_default_farthestpose_sharedcam_i10_gteval_poseopt_steps15000,2.0241,0.026475,5,0.764887,,,,/home/ojab2/work/git/vggt/colmap_outputs/kitchen_2_n10_s42_default_farthestpose_sharedcam/eval_results.json,kitchen_2_n10_s42_default_farthestpose_sharedcam,kitchen_2_n10_s42_default_farthestpose_sharedcam_i10_gteval_poseopt_steps15000_val_step14999.json,147,,colmap | farthestpose,10.0
colmap,10,42,,148,,,,,0,10,farthestpose,10,GT Eval,,,,Pose Opt,,,,,0.0,,False,1.0,1.0,colmap,counter,,,15000,15000,default,MCMC,,,,,Shared Cam,,,,,,gsplat,,indoor,8.503281593322754,0.7939874529838562,0.3814893364906311,154875,0.030917618423700333,2.324471950531006,,,-0.20312160629200565,0.5738630011628034,148,/home/ojab2/work/git/gsplat/results/colmap_outputs/counter_2_n10_s42_default_farthestpose_sharedcam_i10_gteval_poseopt_steps15000/stats/val_step14999.json,/home/ojab2/work/git/gsplat/results/colmap_outputs/counter_2_n10_s42_default_farthestpose_sharedcam_i10_gteval_poseopt_steps15000/stats/val_step14999.json,counter_2_n10_s42_default_farthestpose_sharedcam_i10_gteval_poseopt_steps15000,0.8205,0.012109,4,0.525947,,,,/home/ojab2/work/git/vggt/colmap_outputs/counter_2_n10_s42_default_farthestpose_sharedcam/eval_results.json,counter_2_n10_s42_default_farthestpose_sharedcam,counter_2_n10_s42_default_farthestpose_sharedcam_i10_gteval_poseopt_steps15000_val_step14999.json,148,,colmap | farthestpose,10.0
colmap,20,42,,48,,,,,0,10,farthestpose,20,GT Eval,,,,Pose Opt,,,,,0.0,,False,1.0,1.0,colmap,counter,,,15000,15000,default,MCMC,,,,,Shared Cam,,,,,,gsplat,,indoor,9.180434226989746,0.8296937346458435,0.3853382170200348,42962,0.013678145594894886,3.1688013076782227,,,-0.21037184998460826,0.578155576871731,48,/home/ojab2/work/git/gsplat/results/colmap_outputs/counter_2_n20_s42_default_farthestpose_sharedcam_i20_gteval_poseopt_steps15000/stats/val_step14999.json,/home/ojab2/work/git/gsplat/results/colmap_outputs/counter_2_n20_s42_default_farthestpose_sharedcam_i20_gteval_poseopt_steps15000/stats/val_step14999.json,counter_2_n20_s42_default_farthestpose_sharedcam_i20_gteval_poseopt_steps15000,0.116,0.001023,3,0.208277,,,,/home/ojab2/work/git/vggt/colmap_outputs/counter_2_n20_s42_default_farthestpose_sharedcam/eval_results.json,counter_2_n20_s42_default_farthestpose_sharedcam,counter_2_n20_s42_default_farthestpose_sharedcam_i20_gteval_poseopt_steps15000_val_step14999.json,48,,colmap | farthestpose,20.0
colmap,20,42,,2092,,,,,0,10,farthestpose,20,GT Eval,,,,Pose Opt,,,,,0.0,,False,1.0,1.0,colmap,kitchen,,,15000,15000,default,MCMC,,,,,Shared Cam,,,,,,gsplat,,indoor,17.50998878479004,0.406898558139801,0.5586329698562622,1000000,0.0016500689089298248,0.10513249784708023,,,0.30620579792354846,0.3629983651519475,2092,/home/ojab2/work/git/gsplat/results/colmap_outputs/kitchen_2_n20_s42_default_farthestpose_sharedcam_i20_gteval_poseopt_steps15000/stats/val_step14999.json,/home/ojab2/work/git/gsplat/results/colmap_outputs/kitchen_2_n20_s42_default_farthestpose_sharedcam_i20_gteval_poseopt_steps15000/stats/val_step14999.json,kitchen_2_n20_s42_default_farthestpose_sharedcam_i20_gteval_poseopt_steps15000,0.239,0.009345,12,0.859654,,,,/home/ojab2/work/git/vggt/colmap_outputs/kitchen_2_n20_s42_default_farthestpose_sharedcam/eval_results.json,kitchen_2_n20_s42_default_farthestpose_sharedcam,kitchen_2_n20_s42_default_farthestpose_sharedcam_i20_gteval_poseopt_steps15000_val_step14999.json,2092,,colmap | farthestpose,20.0
colmap,20,42,,2480,,,,,0,10,farthestpose,20,GT Eval,,,,Pose Opt,,,,,0.0,,False,1.0,1.0,colmap,bonsai,,,15000,15000,default,MCMC,,,,,Shared Cam,,,,,,gsplat,,indoor,13.056699752807617,0.5597066879272461,0.4089616537094116,1000000,0.0043893372640013695,0.09693276137113571,,,0.04188439100883941,0.4593218391980791,2480,/home/ojab2/work/git/gsplat/results/colmap_outputs/bonsai_2_n20_s42_default_farthestpose_sharedcam_i20_gteval_poseopt_steps15000/stats/val_step14999.json,/home/ojab2/work/git/gsplat/results/colmap_outputs/bonsai_2_n20_s42_default_farthestpose_sharedcam_i20_gteval_poseopt_steps15000/stats/val_step14999.json,bonsai_2_n20_s42_default_farthestpose_sharedcam_i20_gteval_poseopt_steps15000,0.3653,0.010147,9,0.88503,,,,/home/ojab2/work/git/vggt/colmap_outputs/bonsai_2_n20_s42_default_farthestpose_sharedcam/eval_results.json,bonsai_2_n20_s42_default_farthestpose_sharedcam,bonsai_2_n20_s42_default_farthestpose_sharedcam_i20_gteval_poseopt_steps15000_val_step14999.json,2480,,colmap | farthestpose,20.0
colmap,30,42,,4626,,,,,0,10,farthestpose,30,GT Eval,,,,Pose Opt,,,,,0.0,,False,1.0,1.0,colmap,counter,,,15000,15000,default,MCMC,,,,,Shared Cam,,,,,,gsplat,,indoor,15.262022972106934,0.5092620849609375,0.4885578751564026,1000000,0.012265180237591267,0.7582684755325317,,,0.16040985161333293,0.4180617325994551,4626,/home/ojab2/work/git/gsplat/results/colmap_outputs/counter_2_n30_s42_default_farthestpose_sharedcam_i30_gteval_poseopt_steps15000/stats/val_step14999.json,/home/ojab2/work/git/gsplat/results/colmap_outputs/counter_2_n30_s42_default_farthestpose_sharedcam_i30_gteval_poseopt_steps15000/stats/val_step14999.json,counter_2_n30_s42_default_farthestpose_sharedcam_i30_gteval_poseopt_steps15000,0.6777,0.043512,16,0.758277,,,,/home/ojab2/work/git/vggt/colmap_outputs/counter_2_n30_s42_default_farthestpose_sharedcam/eval_results.json,counter_2_n30_s42_default_farthestpose_sharedcam,counter_2_n30_s42_default_farthestpose_sharedcam_i30_gteval_poseopt_steps15000_val_step14999.json,4626,,colmap | farthestpose,30.0
colmap,30,42,,6620,,,,,0,10,farthestpose,30,GT Eval,,,,Pose Opt,,,,,0.0,,False,1.0,1.0,colmap,bonsai,,,15000,15000,default,MCMC,,,,,Shared Cam,,,,,,gsplat,,indoor,12.844159126281738,0.6961448788642883,0.41023141145706177,1000000,0.16796274483203888,3.0201199054718018,,,-0.045530103645671595,0.505352875888298,6620,/home/ojab2/work/git/gsplat/results/colmap_outputs/bonsai_2_n30_s42_default_farthestpose_sharedcam_i30_gteval_poseopt_steps15000/stats/val_step14999.json,/home/ojab2/work/git/gsplat/results/colmap_outputs/bonsai_2_n30_s42_default_farthestpose_sharedcam_i30_gteval_poseopt_steps15000/stats/val_step14999.json,bonsai_2_n30_s42_default_farthestpose_sharedcam_i30_gteval_poseopt_steps15000,5.0799,0.503901,14,0.911934,,,,/home/ojab2/work/git/vggt/colmap_outputs/bonsai_2_n30_s42_default_farthestpose_sharedcam/eval_results.json,bonsai_2_n30_s42_default_farthestpose_sharedcam,bonsai_2_n30_s42_default_farthestpose_sharedcam_i30_gteval_poseopt_steps15000_val_step14999.json,6620,,colmap | farthestpose,30.0
colmap,30,42,,12069,,,,,0,10,farthestpose,30,GT Eval,,,,Pose Opt,,,,,0.0,,False,1.0,1.0,colmap,kitchen,,,15000,15000,default,MCMC,,,,,Shared Cam,,,,,,gsplat,,indoor,19.522228240966797,0.22792096436023712,0.48186859488487244,1000000,0.0012758359080180526,0.11295972764492035,,,0.40905804036498605,0.3196324398696503,12069,/home/ojab2/work/git/gsplat/results/colmap_outputs/kitchen_2_n30_s42_default_farthestpose_sharedcam_i30_gteval_poseopt_steps15000/stats/val_step14999.json,/home/ojab2/work/git/gsplat/results/colmap_outputs/kitchen_2_n30_s42_default_farthestpose_sharedcam_i30_gteval_poseopt_steps15000/stats/val_step14999.json,kitchen_2_n30_s42_default_farthestpose_sharedcam_i30_gteval_poseopt_steps15000,0.1586,0.007942,28,1.053071,,,,/home/ojab2/work/git/vggt/colmap_outputs/kitchen_2_n30_s42_default_farthestpose_sharedcam/eval_results.json,kitchen_2_n30_s42_default_farthestpose_sharedcam,kitchen_2_n30_s42_default_farthestpose_sharedcam_i30_gteval_poseopt_steps15000_val_step14999.json,12069,,colmap | farthestpose,30.0
colmap,40,42,,9426,,,,,0,10,farthestpose,40,GT Eval,,,,Pose Opt,,,,,0.0,,False,1.0,1.0,colmap,counter,,,15000,15000,default,MCMC,,,,,Shared Cam,,,,,,gsplat,,indoor,16.691198348999023,0.4448277950286865,0.5393339395523071,1000000,0.001013078959658742,0.09282775968313217,,,0.2563439202510048,0.3816582119826045,9426,/home/ojab2/work/git/gsplat/results/colmap_outputs/counter_2_n40_s42_default_farthestpose_sharedcam_i40_gteval_poseopt_steps15000/stats/val_step14999.json,/home/ojab2/work/git/gsplat/results/colmap_outputs/counter_2_n40_s42_default_farthestpose_sharedcam_i40_gteval_poseopt_steps15000/stats/val_step14999.json,counter_2_n40_s42_default_farthestpose_sharedcam_i40_gteval_poseopt_steps15000,0.1776,0.003977,21,0.676456,,,,/home/ojab2/work/git/vggt/colmap_outputs/counter_2_n40_s42_default_farthestpose_sharedcam/eval_results.json,counter_2_n40_s42_default_farthestpose_sharedcam,counter_2_n40_s42_default_farthestpose_sharedcam_i40_gteval_poseopt_steps15000_val_step14999.json,9426,,colmap | farthestpose,40.0
colmap,40,42,,22059,,,,,0,10,farthestpose,40,GT Eval,,,,Pose Opt,,,,,0.0,,False,1.0,1.0,colmap,bonsai,,,15000,15000,default,MCMC,,,,,Shared Cam,,,,,,gsplat,,indoor,16.20013999938965,0.4658905267715454,0.5211585760116577,1000000,0.026201430708169937,0.9805366396903992,,,0.2236196932814352,0.3939539234485972,22059,/home/ojab2/work/git/gsplat/results/colmap_outputs/bonsai_2_n40_s42_default_farthestpose_sharedcam_i40_gteval_poseopt_steps15000/stats/val_step14999.json,/home/ojab2/work/git/gsplat/results/colmap_outputs/bonsai_2_n40_s42_default_farthestpose_sharedcam_i40_gteval_poseopt_steps15000/stats/val_step14999.json,bonsai_2_n40_s42_default_farthestpose_sharedcam_i40_gteval_poseopt_steps15000,1.264,0.122388,34,1.16002,,,,/home/ojab2/work/git/vggt/colmap_outputs/bonsai_2_n40_s42_default_farthestpose_sharedcam/eval_results.json,bonsai_2_n40_s42_default_farthestpose_sharedcam,bonsai_2_n40_s42_default_farthestpose_sharedcam_i40_gteval_poseopt_steps15000_val_step14999.json,22059,,colmap | farthestpose,40.0
colmap,40,42,,25253,,,,,0,10,farthestpose,40,GT Eval,,,,Pose Opt,,,,,0.0,,False,1.0,1.0,colmap,kitchen,,,15000,15000,default,MCMC,,,,,Shared Cam,,,,,,gsplat,,indoor,21.044775009155273,0.1829119175672531,0.5391585230827332,1000000,0.0013362925965338945,0.09292979538440704,,,0.49853959509193935,0.28987559554800596,25253,/home/ojab2/work/git/gsplat/results/colmap_outputs/kitchen_2_n40_s42_default_farthestpose_sharedcam_i40_gteval_poseopt_steps15000/stats/val_step14999.json,/home/ojab2/work/git/gsplat/results/colmap_outputs/kitchen_2_n40_s42_default_farthestpose_sharedcam_i40_gteval_poseopt_steps15000/stats/val_step14999.json,kitchen_2_n40_s42_default_farthestpose_sharedcam_i40_gteval_poseopt_steps15000,0.1295,0.007284,40,1.110472,,,,/home/ojab2/work/git/vggt/colmap_outputs/kitchen_2_n40_s42_default_farthestpose_sharedcam/eval_results.json,kitchen_2_n40_s42_default_farthestpose_sharedcam,kitchen_2_n40_s42_default_farthestpose_sharedcam_i40_gteval_poseopt_steps15000_val_step14999.json,25253,,colmap | farthestpose,40.0
colmap,50,42,,23987,,,,,0,10,farthestpose,50,GT Eval,,,,Pose Opt,,,,,0.0,,False,1.0,1.0,colmap,counter,,,15000,15000,default,MCMC,,,,,Shared Cam,,,,,,gsplat,,indoor,21.674362182617188,0.26255613565444946,0.7462775707244873,1000000,0.0011814370518550277,0.08111449331045151,,,0.5821577693209236,0.2576885566100415,23987,/home/ojab2/work/git/gsplat/results/colmap_outputs/counter_2_n50_s42_default_farthestpose_sharedcam_i50_gteval_poseopt_steps15000/stats/val_step14999.json,/home/ojab2/work/git/gsplat/results/colmap_outputs/counter_2_n50_s42_default_farthestpose_sharedcam_i50_gteval_poseopt_steps15000/stats/val_step14999.json,counter_2_n50_s42_default_farthestpose_sharedcam_i50_gteval_poseopt_steps15000,0.0971,0.006284,50,1.12124,,,,/home/ojab2/work/git/vggt/colmap_outputs/counter_2_n50_s42_default_farthestpose_sharedcam/eval_results.json,counter_2_n50_s42_default_farthestpose_sharedcam,counter_2_n50_s42_default_farthestpose_sharedcam_i50_gteval_poseopt_steps15000_val_step14999.json,23987,,colmap | farthestpose,50.0
colmap,50,42,,36295,,,,,0,10,farthestpose,50,GT Eval,,,,Pose Opt,,,,,0.0,,False,1.0,1.0,colmap,kitchen,,,15000,15000,default,MCMC,,,,,Shared Cam,,,,,,gsplat,,indoor,21.541378021240234,0.1698632389307022,0.550456702709198,1000000,0.0011724994983524084,0.08972032368183136,,,0.5223978096552682,0.28245182242612266,36295,/home/ojab2/work/git/gsplat/results/colmap_outputs/kitchen_2_n50_s42_default_farthestpose_sharedcam_i50_gteval_poseopt_steps15000/stats/val_step14999.json,/home/ojab2/work/git/gsplat/results/colmap_outputs/kitchen_2_n50_s42_default_farthestpose_sharedcam_i50_gteval_poseopt_steps15000/stats/val_step14999.json,kitchen_2_n50_s42_default_farthestpose_sharedcam_i50_gteval_poseopt_steps15000,0.1128,0.005929,50,1.094558,,,,/home/ojab2/work/git/vggt/colmap_outputs/kitchen_2_n50_s42_default_farthestpose_sharedcam/eval_results.json,kitchen_2_n50_s42_default_farthestpose_sharedcam,kitchen_2_n50_s42_default_farthestpose_sharedcam_i50_gteval_poseopt_steps15000_val_step14999.json,36295,,colmap | farthestpose,50.0
colmap,50,42,,36795,,,,,0,10,farthestpose,50,GT Eval,,,,Pose Opt,,,,,0.0,,False,1.0,1.0,colmap,bonsai,,,15000,15000,default,MCMC,,,,,Shared Cam,,,,,,gsplat,,indoor,20.38746452331543,0.2715824842453003,0.6417256593704224,1000000,0.006443613674491644,0.1934441328048706,,,0.4916130424397885,0.29309639266968546,36795,/home/ojab2/work/git/gsplat/results/colmap_outputs/bonsai_2_n50_s42_default_farthestpose_sharedcam_i50_gteval_poseopt_steps15000/stats/val_step14999.json,/home/ojab2/work/git/gsplat/results/colmap_outputs/bonsai_2_n50_s42_default_farthestpose_sharedcam_i50_gteval_poseopt_steps15000/stats/val_step14999.json,bonsai_2_n50_s42_default_farthestpose_sharedcam_i50_gteval_poseopt_steps15000,0.2274,0.036933,50,1.102948,,,,/home/ojab2/work/git/vggt/colmap_outputs/bonsai_2_n50_s42_default_farthestpose_sharedcam/eval_results.json,bonsai_2_n50_s42_default_farthestpose_sharedcam,bonsai_2_n50_s42_default_farthestpose_sharedcam_i50_gteval_poseopt_steps15000_val_step14999.json,36795,,colmap | farthestpose,50.0
colmap,60,42,,31032,,,,,0,10,farthestpose,60,GT Eval,,,,Pose Opt,,,,,0.0,,False,1.0,1.0,colmap,counter,,,15000,15000,default,MCMC,,,,,Shared Cam,,,,,,gsplat,,indoor,22.458229064941406,0.24587373435497284,0.752843976020813,1000000,0.0014049609890207648,0.09829704463481903,,,0.6108116043744884,0.24956646153948298,31032,/home/ojab2/work/git/gsplat/results/colmap_outputs/counter_2_n60_s42_default_farthestpose_sharedcam_i60_gteval_poseopt_steps15000/stats/val_step14999.json,/home/ojab2/work/git/gsplat/results/colmap_outputs/counter_2_n60_s42_default_farthestpose_sharedcam_i60_gteval_poseopt_steps15000/stats/val_step14999.json,counter_2_n60_s42_default_farthestpose_sharedcam_i60_gteval_poseopt_steps15000,0.123,0.009216,60,1.118932,,,,/home/ojab2/work/git/vggt/colmap_outputs/counter_2_n60_s42_default_farthestpose_sharedcam/eval_results.json,counter_2_n60_s42_default_farthestpose_sharedcam,counter_2_n60_s42_default_farthestpose_sharedcam_i60_gteval_poseopt_steps15000_val_step14999.json,31032,,colmap | farthestpose,60.0
colmap,60,42,,48024,,,,,0,10,farthestpose,60,GT Eval,,,,Pose Opt,,,,,0.0,,False,1.0,1.0,colmap,bonsai,,,15000,15000,default,MCMC,,,,,Shared Cam,,,,,,gsplat,,indoor,22.68277931213379,0.222024068236351,0.7402629256248474,1000000,0.001503425883129239,0.11787588149309158,,,0.622334618995219,0.24568659642387627,48024,/home/ojab2/work/git/gsplat/results/colmap_outputs/bonsai_2_n60_s42_default_farthestpose_sharedcam_i60_gteval_poseopt_steps15000/stats/val_step14999.json,/home/ojab2/work/git/gsplat/results/colmap_outputs/bonsai_2_n60_s42_default_farthestpose_sharedcam_i60_gteval_poseopt_steps15000/stats/val_step14999.json,bonsai_2_n60_s42_default_farthestpose_sharedcam_i60_gteval_poseopt_steps15000,0.2129,0.012431,60,1.098413,,,,/home/ojab2/work/git/vggt/colmap_outputs/bonsai_2_n60_s42_default_farthestpose_sharedcam/eval_results.json,bonsai_2_n60_s42_default_farthestpose_sharedcam,bonsai_2_n60_s42_default_farthestpose_sharedcam_i60_gteval_poseopt_steps15000_val_step14999.json,48024,,colmap | farthestpose,60.0
colmap,60,42,,52811,,,,,0,10,farthestpose,60,GT Eval,,,,Pose Opt,,,,,0.0,,False,1.0,1.0,colmap,kitchen,,,15000,15000,default,MCMC,,,,,Shared Cam,,,,,,gsplat,,indoor,21.59369468688965,0.1621313840150833,0.5398227572441101,1000000,0.0010898562613874674,0.09770767390727997,,,0.521920705186306,0.2824744654008493,52811,/home/ojab2/work/git/gsplat/results/colmap_outputs/kitchen_2_n60_s42_default_farthestpose_sharedcam_i60_gteval_poseopt_steps15000/stats/val_step14999.json,/home/ojab2/work/git/gsplat/results/colmap_outputs/kitchen_2_n60_s42_default_farthestpose_sharedcam_i60_gteval_poseopt_steps15000/stats/val_step14999.json,kitchen_2_n60_s42_default_farthestpose_sharedcam_i60_gteval_poseopt_steps15000,0.1207,0.006034,60,1.087739,,,,/home/ojab2/work/git/vggt/colmap_outputs/kitchen_2_n60_s42_default_farthestpose_sharedcam/eval_results.json,kitchen_2_n60_s42_default_farthestpose_sharedcam,kitchen_2_n60_s42_default_farthestpose_sharedcam_i60_gteval_poseopt_steps15000_val_step14999.json,52811,,colmap | farthestpose,60.0
colmap,70,42,,38894,,,,,0,10,farthestpose,70,GT Eval,,,,Pose Opt,,,,,0.0,,False,1.0,1.0,colmap,counter,,,15000,15000,default,MCMC,,,,,Shared Cam,,,,,,gsplat,,indoor,23.834909439086914,0.21836262941360474,0.8213272094726562,1000000,0.0006022099405527115,0.04009554907679558,,,0.6933365234544789,0.21506499740700294,38894,/home/ojab2/work/git/gsplat/results/colmap_outputs/counter_2_n70_s42_default_farthestpose_sharedcam_i70_gteval_poseopt_steps15000/stats/val_step14999.json,/home/ojab2/work/git/gsplat/results/colmap_outputs/counter_2_n70_s42_default_farthestpose_sharedcam_i70_gteval_poseopt_steps15000/stats/val_step14999.json,counter_2_n70_s42_default_farthestpose_sharedcam_i70_gteval_poseopt_steps15000,0.0521,0.003333,70,1.114694,,,,/home/ojab2/work/git/vggt/colmap_outputs/counter_2_n70_s42_default_farthestpose_sharedcam/eval_results.json,counter_2_n70_s42_default_farthestpose_sharedcam,counter_2_n70_s42_default_farthestpose_sharedcam_i70_gteval_poseopt_steps15000_val_step14999.json,38894,,colmap | farthestpose,70.0
colmap,70,42,,57878,,,,,0,10,farthestpose,70,GT Eval,,,,Pose Opt,,,,,0.0,,False,1.0,1.0,colmap,bonsai,,,15000,15000,default,MCMC,,,,,Shared Cam,,,,,,gsplat,,indoor,22.954282760620117,0.2121027112007141,0.7451338768005371,1000000,0.0017005279660224915,0.11856911331415176,,,0.6363352645597649,0.24067009760970515,57878,/home/ojab2/work/git/gsplat/results/colmap_outputs/bonsai_2_n70_s42_default_farthestpose_sharedcam_i70_gteval_poseopt_steps15000/stats/val_step14999.json,/home/ojab2/work/git/gsplat/results/colmap_outputs/bonsai_2_n70_s42_default_farthestpose_sharedcam_i70_gteval_poseopt_steps15000/stats/val_step14999.json,bonsai_2_n70_s42_default_farthestpose_sharedcam_i70_gteval_poseopt_steps15000,0.2295,0.012152,70,1.122818,,,,/home/ojab2/work/git/vggt/colmap_outputs/bonsai_2_n70_s42_default_farthestpose_sharedcam/eval_results.json,bonsai_2_n70_s42_default_farthestpose_sharedcam,bonsai_2_n70_s42_default_farthestpose_sharedcam_i70_gteval_poseopt_steps15000_val_step14999.json,57878,,colmap | farthestpose,70.0
colmap,70,42,,62076,,,,,0,10,farthestpose,70,GT Eval,,,,Pose Opt,,,,,0.0,,False,1.0,1.0,colmap,kitchen,,,15000,15000,default,MCMC,,,,,Shared Cam,,,,,,gsplat,,indoor,21.81053924560547,0.15282349288463593,0.5419934988021851,1000000,0.0010078954510390759,0.09562390297651291,,,0.5329513964790892,0.27872539640966343,62076,/home/ojab2/work/git/gsplat/results/colmap_outputs/kitchen_2_n70_s42_default_farthestpose_sharedcam_i70_gteval_poseopt_steps15000/stats/val_step14999.json,/home/ojab2/work/git/gsplat/results/colmap_outputs/kitchen_2_n70_s42_default_farthestpose_sharedcam_i70_gteval_poseopt_steps15000/stats/val_step14999.json,kitchen_2_n70_s42_default_farthestpose_sharedcam_i70_gteval_poseopt_steps15000,0.1154,0.005311,70,1.116945,,,,/home/ojab2/work/git/vggt/colmap_outputs/kitchen_2_n70_s42_default_farthestpose_sharedcam/eval_results.json,kitchen_2_n70_s42_default_farthestpose_sharedcam,kitchen_2_n70_s42_default_farthestpose_sharedcam_i70_gteval_poseopt_steps15000_val_step14999.json,62076,,colmap | farthestpose,70.0
colmap,80,42,,45644,,,,,0,10,farthestpose,80,GT Eval,,,,Pose Opt,,,,,0.0,,False,1.0,1.0,colmap,counter,,,15000,15000,default,MCMC,,,,,Shared Cam,,,,,,gsplat,,indoor,24.278818130493164,0.20455364882946014,0.8342589139938354,1000000,0.0004194413195364177,0.03129981458187103,,,0.7176435171705782,0.20513342611523544,45644,/home/ojab2/work/git/gsplat/results/colmap_outputs/counter_2_n80_s42_default_farthestpose_sharedcam_i80_gteval_poseopt_steps15000/stats/val_step14999.json,/home/ojab2/work/git/gsplat/results/colmap_outputs/counter_2_n80_s42_default_farthestpose_sharedcam_i80_gteval_poseopt_steps15000/stats/val_step14999.json,counter_2_n80_s42_default_farthestpose_sharedcam_i80_gteval_poseopt_steps15000,0.0372,0.002456,80,1.094912,,,,/home/ojab2/work/git/vggt/colmap_outputs/counter_2_n80_s42_default_farthestpose_sharedcam/eval_results.json,counter_2_n80_s42_default_farthestpose_sharedcam,counter_2_n80_s42_default_farthestpose_sharedcam_i80_gteval_poseopt_steps15000_val_step14999.json,45644,,colmap | farthestpose,80.0
colmap,80,42,,64998,,,,,0,10,farthestpose,80,GT Eval,,,,Pose Opt,,,,,0.0,,False,1.0,1.0,colmap,bonsai,,,15000,15000,default,MCMC,,,,,Shared Cam,,,,,,gsplat,,indoor,24.627426147460938,0.191421240568161,0.795950710773468,1000000,0.0019349874928593636,0.10009374469518661,,,0.709803188017547,0.21552831123212868,64998,/home/ojab2/work/git/gsplat/results/colmap_outputs/bonsai_2_n80_s42_default_farthestpose_sharedcam_i80_gteval_poseopt_steps15000/stats/val_step14999.json,/home/ojab2/work/git/gsplat/results/colmap_outputs/bonsai_2_n80_s42_default_farthestpose_sharedcam_i80_gteval_poseopt_steps15000/stats/val_step14999.json,bonsai_2_n80_s42_default_farthestpose_sharedcam_i80_gteval_poseopt_steps15000,0.2543,0.014815,80,1.132519,,,,/home/ojab2/work/git/vggt/colmap_outputs/bonsai_2_n80_s42_default_farthestpose_sharedcam/eval_results.json,bonsai_2_n80_s42_default_farthestpose_sharedcam,bonsai_2_n80_s42_default_farthestpose_sharedcam_i80_gteval_poseopt_steps15000_val_step14999.json,64998,,colmap | farthestpose,80.0
colmap,80,42,,70192,,,,,0,10,farthestpose,80,GT Eval,,,,Pose Opt,,,,,0.0,,False,1.0,1.0,colmap,kitchen,,,15000,15000,default,MCMC,,,,,Shared Cam,,,,,,gsplat,,indoor,21.417316436767578,0.1491650938987732,0.49240046739578247,1000000,0.0009513386758044362,0.09361527860164642,,,0.4989259908383662,0.28961360769777594,70192,/home/ojab2/work/git/gsplat/results/colmap_outputs/kitchen_2_n80_s42_default_farthestpose_sharedcam_i80_gteval_poseopt_steps15000/stats/val_step14999.json,/home/ojab2/work/git/gsplat/results/colmap_outputs/kitchen_2_n80_s42_default_farthestpose_sharedcam_i80_gteval_poseopt_steps15000/stats/val_step14999.json,kitchen_2_n80_s42_default_farthestpose_sharedcam_i80_gteval_poseopt_steps15000,0.1112,0.004732,80,1.034406,,,,/home/ojab2/work/git/vggt/colmap_outputs/kitchen_2_n80_s42_default_farthestpose_sharedcam/eval_results.json,kitchen_2_n80_s42_default_farthestpose_sharedcam,kitchen_2_n80_s42_default_farthestpose_sharedcam_i80_gteval_poseopt_steps15000_val_step14999.json,70192,,colmap | farthestpose,80.0
colmap,90,42,,53773,,,,,0,10,farthestpose,90,GT Eval,,,,Pose Opt,,,,,0.0,,False,1.0,1.0,colmap,counter,,,15000,15000,default,MCMC,,,,,Shared Cam,,,,,,gsplat,,indoor,24.82149314880371,0.19619227945804596,0.8438746929168701,1000000,0.00030686846002936363,0.02784809097647667,,,0.7384776561929468,0.1982047313778228,53773,/home/ojab2/work/git/gsplat/results/colmap_outputs/counter_2_n90_s42_default_farthestpose_sharedcam_i90_gteval_poseopt_steps15000/stats/val_step14999.json,/home/ojab2/work/git/gsplat/results/colmap_outputs/counter_2_n90_s42_default_farthestpose_sharedcam_i90_gteval_poseopt_steps15000/stats/val_step14999.json,counter_2_n90_s42_default_farthestpose_sharedcam_i90_gteval_poseopt_steps15000,0.0379,0.002267,90,1.078842,,,,/home/ojab2/work/git/vggt/colmap_outputs/counter_2_n90_s42_default_farthestpose_sharedcam/eval_results.json,counter_2_n90_s42_default_farthestpose_sharedcam,counter_2_n90_s42_default_farthestpose_sharedcam_i90_gteval_poseopt_steps15000_val_step14999.json,53773,,colmap | farthestpose,90.0
colmap,90,42,,73160,,,,,0,10,farthestpose,90,GT Eval,,,,Pose Opt,,,,,0.0,,False,1.0,1.0,colmap,bonsai,,,15000,15000,default,MCMC,,,,,Shared Cam,,,,,,gsplat,,indoor,23.155616760253906,0.19692406058311462,0.719988226890564,1000000,0.012293576262891293,0.12307452410459518,,,0.6347281509517771,0.24364030437027542,73160,/home/ojab2/work/git/gsplat/results/colmap_outputs/bonsai_2_n90_s42_default_farthestpose_sharedcam_i90_gteval_poseopt_steps15000/stats/val_step14999.json,/home/ojab2/work/git/gsplat/results/colmap_outputs/bonsai_2_n90_s42_default_farthestpose_sharedcam_i90_gteval_poseopt_steps15000/stats/val_step14999.json,bonsai_2_n90_s42_default_farthestpose_sharedcam_i90_gteval_poseopt_steps15000,0.187,0.059543,90,1.124589,,,,/home/ojab2/work/git/vggt/colmap_outputs/bonsai_2_n90_s42_default_farthestpose_sharedcam/eval_results.json,bonsai_2_n90_s42_default_farthestpose_sharedcam,bonsai_2_n90_s42_default_farthestpose_sharedcam_i90_gteval_poseopt_steps15000_val_step14999.json,73160,,colmap | farthestpose,90.0
colmap,90,42,,81513,,,,,0,10,farthestpose,90,GT Eval,,,,Pose Opt,,,,,0.0,,False,1.0,1.0,colmap,kitchen,,,15000,15000,default,MCMC,,,,,Shared Cam,,,,,,gsplat,,indoor,22.082307815551758,0.1423589438199997,0.5479262471199036,1000000,0.0009884581668302417,0.09637400507926941,,,0.547913189423092,0.2736381214965057,81513,/home/ojab2/work/git/gsplat/results/colmap_outputs/kitchen_2_n90_s42_default_farthestpose_sharedcam_i90_gteval_poseopt_steps15000/stats/val_step14999.json,/home/ojab2/work/git/gsplat/results/colmap_outputs/kitchen_2_n90_s42_default_farthestpose_sharedcam_i90_gteval_poseopt_steps15000/stats/val_step14999.json,kitchen_2_n90_s42_default_farthestpose_sharedcam_i90_gteval_poseopt_steps15000,0.1098,0.004686,90,1.075931,,,,/home/ojab2/work/git/vggt/colmap_outputs/kitchen_2_n90_s42_default_farthestpose_sharedcam/eval_results.json,kitchen_2_n90_s42_default_farthestpose_sharedcam,kitchen_2_n90_s42_default_farthestpose_sharedcam_i90_gteval_poseopt_steps15000_val_step14999.json,81513,,colmap | farthestpose,90.0
colmap,100,42,,60980,,,,,0,10,farthestpose,100,GT Eval,,,,Pose Opt,,,,,0.0,,False,1.0,1.0,colmap,counter,,,15000,15000,default,MCMC,,,,,Shared Cam,,,,,,gsplat,,indoor,25.227703094482422,0.18847616016864777,0.8500107526779175,1000000,0.0002561314613558352,0.025510873645544052,,,0.7543514382343466,0.19292045401160557,60980,/home/ojab2/work/git/gsplat/results/colmap_outputs/counter_2_n100_s42_default_farthestpose_sharedcam_i100_gteval_poseopt_steps15000/stats/val_step14999.json,/home/ojab2/work/git/gsplat/results/colmap_outputs/counter_2_n100_s42_default_farthestpose_sharedcam_i100_gteval_poseopt_steps15000/stats/val_step14999.json,counter_2_n100_s42_default_farthestpose_sharedcam_i100_gteval_poseopt_steps15000,0.029,0.002114,100,1.074256,,,,/home/ojab2/work/git/vggt/colmap_outputs/counter_2_n100_s42_default_farthestpose_sharedcam/eval_results.json,counter_2_n100_s42_default_farthestpose_sharedcam,counter_2_n100_s42_default_farthestpose_sharedcam_i100_gteval_poseopt_steps15000_val_step14999.json,60980,,colmap | farthestpose,100.0
colmap,100,42,,80892,,,,,0,10,farthestpose,100,GT Eval,,,,Pose Opt,,,,,0.0,,False,1.0,1.0,colmap,bonsai,,,15000,15000,default,MCMC,,,,,Shared Cam,,,,,,gsplat,,indoor,24.653011322021484,0.17453931272029877,0.7761514782905579,1000000,0.0010529047576710582,0.09680686891078949,,,0.7091194321343928,0.2170303140499316,80892,/home/ojab2/work/git/gsplat/results/colmap_outputs/bonsai_2_n100_s42_default_farthestpose_sharedcam_i100_gteval_poseopt_steps15000/stats/val_step14999.json,/home/ojab2/work/git/gsplat/results/colmap_outputs/bonsai_2_n100_s42_default_farthestpose_sharedcam_i100_gteval_poseopt_steps15000/stats/val_step14999.json,bonsai_2_n100_s42_default_farthestpose_sharedcam_i100_gteval_poseopt_steps15000,0.1581,0.013152,100,1.113392,,,,/home/ojab2/work/git/vggt/colmap_outputs/bonsai_2_n100_s42_default_farthestpose_sharedcam/eval_results.json,bonsai_2_n100_s42_default_farthestpose_sharedcam,bonsai_2_n100_s42_default_farthestpose_sharedcam_i100_gteval_poseopt_steps15000_val_step14999.json,80892,,colmap | farthestpose,100.0
colmap,100,42,,92853,,,,,0,10,farthestpose,100,GT Eval,,,,Pose Opt,,,,,0.0,,False,1.0,1.0,colmap,kitchen,,,15000,15000,default,MCMC,,,,,Shared Cam,,,,,,gsplat,,indoor,21.59664535522461,0.14201965928077698,0.49743717908859253,1000000,0.0009081275202333927,0.09359873086214066,,,0.5096031042799847,0.28595332267000567,92853,/home/ojab2/work/git/gsplat/results/colmap_outputs/kitchen_2_n100_s42_default_farthestpose_sharedcam_i100_gteval_poseopt_steps15000/stats/val_step14999.json,/home/ojab2/work/git/gsplat/results/colmap_outputs/kitchen_2_n100_s42_default_farthestpose_sharedcam_i100_gteval_poseopt_steps15000/stats/val_step14999.json,kitchen_2_n100_s42_default_farthestpose_sharedcam_i100_gteval_poseopt_steps15000,0.1073,0.004456,100,1.070086,,,,/home/ojab2/work/git/vggt/colmap_outputs/kitchen_2_n100_s42_default_farthestpose_sharedcam/eval_results.json,kitchen_2_n100_s42_default_farthestpose_sharedcam,kitchen_2_n100_s42_default_farthestpose_sharedcam_i100_gteval_poseopt_steps15000_val_step14999.json,92853,,colmap | farthestpose,100.0
vggt,10,42,0.0,100000,random,,,,0,10,farthestpose,10,GT Eval,,,,Pose Opt,,,,,0.0,,False,1.0,1.0,vggt,bonsai,,,15000,15000,,MCMC,,,,,,,,,,,gsplat,,indoor,14.487955093383789,0.56114661693573,0.4374145269393921,1000000,0.02442226931452751,1.2102712392807007,,,0.08413938162309778,0.44892782592211633,100000,/home/ojab2/work/git/gsplat/results/vggt_outputs/bonsai_2_n10_s42_c0.0_p100000_random_farthestpose_i10_gteval_poseopt_steps15000/stats/val_step14999.json,/home/ojab2/work/git/gsplat/results/vggt_outputs/bonsai_2_n10_s42_c0.0_p100000_random_farthestpose_i10_gteval_poseopt_steps15000/stats/val_step14999.json,bonsai_2_n10_s42_c0.0_p100000_random_farthestpose_i10_gteval_poseopt_steps15000,1.2121,0.105759,10,7.840031,,,,/home/ojab2/work/git/vggt/vggt_outputs/bonsai_2_n10_s42_c0.0_p100000_random_farthestpose/eval_results.json,bonsai_2_n10_s42_c0.0_p100000_random_farthestpose,bonsai_2_n10_s42_c0.0_p100000_random_farthestpose_i10_gteval_poseopt_steps15000_val_step14999.json,100000,,vggt | farthestpose,10.0
vggt,10,42,0.0,100000,random,,,,0,10,farthestpose,10,GT Eval,,,,Pose Opt,,,,,0.0,,False,1.0,1.0,vggt,kitchen,,,15000,15000,,MCMC,,,,,,,,,,,gsplat,,indoor,16.831378936767578,0.35423943400382996,0.37673231959342957,1000000,0.0065124803222715855,0.31609341502189636,,,0.21976993179228335,0.38815167394071826,100000,/home/ojab2/work/git/gsplat/results/vggt_outputs/kitchen_2_n10_s42_c0.0_p100000_random_farthestpose_i10_gteval_poseopt_steps15000/stats/val_step14999.json,/home/ojab2/work/git/gsplat/results/vggt_outputs/kitchen_2_n10_s42_c0.0_p100000_random_farthestpose_i10_gteval_poseopt_steps15000/stats/val_step14999.json,kitchen_2_n10_s42_c0.0_p100000_random_farthestpose_i10_gteval_poseopt_steps15000,0.313,0.033085,10,4.824765,,,,/home/ojab2/work/git/vggt/vggt_outputs/kitchen_2_n10_s42_c0.0_p100000_random_farthestpose/eval_results.json,kitchen_2_n10_s42_c0.0_p100000_random_farthestpose,kitchen_2_n10_s42_c0.0_p100000_random_farthestpose_i10_gteval_poseopt_steps15000_val_step14999.json,100000,,vggt | farthestpose,10.0
vggt,10,42,0.0,100000,random,,,,0,10,farthestpose,10,GT Eval,,,,Pose Opt,,,,,0.0,,False,1.0,1.0,vggt,counter,,,15000,15000,,MCMC,,,,,,,,,,,gsplat,,indoor,14.630772590637207,0.529693603515625,0.4285721480846405,1000000,0.011409209109842777,1.032991886138916,,,0.10102860868713007,0.4400169804697292,100000,/home/ojab2/work/git/gsplat/results/vggt_outputs/counter_2_n10_s42_c0.0_p100000_random_farthestpose_i10_gteval_poseopt_steps15000/stats/val_step14999.json,/home/ojab2/work/git/gsplat/results/vggt_outputs/counter_2_n10_s42_c0.0_p100000_random_farthestpose_i10_gteval_poseopt_steps15000/stats/val_step14999.json,counter_2_n10_s42_c0.0_p100000_random_farthestpose_i10_gteval_poseopt_steps15000,1.0595,0.054762,10,4.672631,,,,/home/ojab2/work/git/vggt/vggt_outputs/counter_2_n10_s42_c0.0_p100000_random_farthestpose/eval_results.json,counter_2_n10_s42_c0.0_p100000_random_farthestpose,counter_2_n10_s42_c0.0_p100000_random_farthestpose_i10_gteval_poseopt_steps15000_val_step14999.json,100000,,vggt | farthestpose,10.0
vggt,20,42,0.0,100000,random,,,,0,10,farthestpose,20,GT Eval,,,,Pose Opt,,,,,0.0,,False,1.0,1.0,vggt,bonsai,,,15000,15000,,MCMC,,,,,,,,,,,gsplat,,indoor,16.24112892150879,0.46481478214263916,0.501432478427887,1000000,0.02400674857199192,0.9037681818008423,,,0.21350705770798672,0.39822338226961573,100000,/home/ojab2/work/git/gsplat/results/vggt_outputs/bonsai_2_n20_s42_c0.0_p100000_random_farthestpose_i20_gteval_poseopt_steps15000/stats/val_step14999.json,/home/ojab2/work/git/gsplat/results/vggt_outputs/bonsai_2_n20_s42_c0.0_p100000_random_farthestpose_i20_gteval_poseopt_steps15000/stats/val_step14999.json,bonsai_2_n20_s42_c0.0_p100000_random_farthestpose_i20_gteval_poseopt_steps15000,0.8715,0.105606,20,7.855938,,,,/home/ojab2/work/git/vggt/vggt_outputs/bonsai_2_n20_s42_c0.0_p100000_random_farthestpose/eval_results.json,bonsai_2_n20_s42_c0.0_p100000_random_farthestpose,bonsai_2_n20_s42_c0.0_p100000_random_farthestpose_i20_gteval_poseopt_steps15000_val_step14999.json,100000,,vggt | farthestpose,20.0
vggt,20,42,0.0,100000,random,,,,0,10,farthestpose,20,GT Eval,,,,Pose Opt,,,,,0.0,,False,1.0,1.0,vggt,kitchen,,,15000,15000,,MCMC,,,,,,,,,,,gsplat,,indoor,17.5094051361084,0.2899823486804962,0.4110972285270691,1000000,0.006482676602900028,0.24654598534107208,,,0.29208727797724504,0.35837556042741314,100000,/home/ojab2/work/git/gsplat/results/vggt_outputs/kitchen_2_n20_s42_c0.0_p100000_random_farthestpose_i20_gteval_poseopt_steps15000/stats/val_step14999.json,/home/ojab2/work/git/gsplat/results/vggt_outputs/kitchen_2_n20_s42_c0.0_p100000_random_farthestpose_i20_gteval_poseopt_steps15000/stats/val_step14999.json,kitchen_2_n20_s42_c0.0_p100000_random_farthestpose_i20_gteval_poseopt_steps15000,0.3053,0.029336,20,4.779324,,,,/home/ojab2/work/git/vggt/vggt_outputs/kitchen_2_n20_s42_c0.0_p100000_random_farthestpose/eval_results.json,kitchen_2_n20_s42_c0.0_p100000_random_farthestpose,kitchen_2_n20_s42_c0.0_p100000_random_farthestpose_i20_gteval_poseopt_steps15000_val_step14999.json,100000,,vggt | farthestpose,20.0
vggt,20,42,0.0,100000,random,,,,0,10,farthestpose,20,GT Eval,,,,Pose Opt,,,,,0.0,,False,1.0,1.0,vggt,counter,,,15000,15000,,MCMC,,,,,,,,,,,gsplat,,indoor,16.50326156616211,0.4099852442741394,0.4949265122413635,1000000,0.0066604032181203365,0.4224449694156647,,,0.24840210109968477,0.38101362440123054,100000,/home/ojab2/work/git/gsplat/results/vggt_outputs/counter_2_n20_s42_c0.0_p100000_random_farthestpose_i20_gteval_poseopt_steps15000/stats/val_step14999.json,/home/ojab2/work/git/gsplat/results/vggt_outputs/counter_2_n20_s42_c0.0_p100000_random_farthestpose_i20_gteval_poseopt_steps15000/stats/val_step14999.json,counter_2_n20_s42_c0.0_p100000_random_farthestpose_i20_gteval_poseopt_steps15000,0.4873,0.036401,20,4.739446,,,,/home/ojab2/work/git/vggt/vggt_outputs/counter_2_n20_s42_c0.0_p100000_random_farthestpose/eval_results.json,counter_2_n20_s42_c0.0_p100000_random_farthestpose,counter_2_n20_s42_c0.0_p100000_random_farthestpose_i20_gteval_poseopt_steps15000_val_step14999.json,100000,,vggt | farthestpose,20.0
vggt,30,42,0.0,100000,random,,,,0,10,farthestpose,30,GT Eval,,,,Pose Opt,,,,,0.0,,False,1.0,1.0,vggt,bonsai,,,15000,15000,,MCMC,,,,,,,,,,,gsplat,,indoor,16.324657440185547,0.4496622383594513,0.5129817128181458,1000000,0.023799002170562744,0.9206830263137817,,,0.2311612424562317,0.39027958775051524,100000,/home/ojab2/work/git/gsplat/results/vggt_outputs/bonsai_2_n30_s42_c0.0_p100000_random_farthestpose_i30_gteval_poseopt_steps15000/stats/val_step14999.json,/home/ojab2/work/git/gsplat/results/vggt_outputs/bonsai_2_n30_s42_c0.0_p100000_random_farthestpose_i30_gteval_poseopt_steps15000/stats/val_step14999.json,bonsai_2_n30_s42_c0.0_p100000_random_farthestpose_i30_gteval_poseopt_steps15000,1.0012,0.109652,30,7.831735,,,,/home/ojab2/work/git/vggt/vggt_outputs/bonsai_2_n30_s42_c0.0_p100000_random_farthestpose/eval_results.json,bonsai_2_n30_s42_c0.0_p100000_random_farthestpose,bonsai_2_n30_s42_c0.0_p100000_random_farthestpose_i30_gteval_poseopt_steps15000_val_step14999.json,100000,,vggt | farthestpose,30.0
vggt,30,42,0.0,100000,random,,,,0,10,farthestpose,30,GT Eval,,,,Pose Opt,,,,,0.0,,False,1.0,1.0,vggt,kitchen,,,15000,15000,,MCMC,,,,,,,,,,,gsplat,,indoor,19.270221710205078,0.22625146806240082,0.49594083428382874,1000000,0.004843368194997311,0.16266058385372162,,,0.4136511857940285,0.31601750752141605,100000,/home/ojab2/work/git/gsplat/results/vggt_outputs/kitchen_2_n30_s42_c0.0_p100000_random_farthestpose_i30_gteval_poseopt_steps15000/stats/val_step14999.json,/home/ojab2/work/git/gsplat/results/vggt_outputs/kitchen_2_n30_s42_c0.0_p100000_random_farthestpose_i30_gteval_poseopt_steps15000/stats/val_step14999.json,kitchen_2_n30_s42_c0.0_p100000_random_farthestpose_i30_gteval_poseopt_steps15000,0.2666,0.028095,30,4.29831,,,,/home/ojab2/work/git/vggt/vggt_outputs/kitchen_2_n30_s42_c0.0_p100000_random_farthestpose/eval_results.json,kitchen_2_n30_s42_c0.0_p100000_random_farthestpose,kitchen_2_n30_s42_c0.0_p100000_random_farthestpose_i30_gteval_poseopt_steps15000_val_step14999.json,100000,,vggt | farthestpose,30.0
vggt,30,42,0.0,100000,random,,,,0,10,farthestpose,30,GT Eval,,,,Pose Opt,,,,,0.0,,False,1.0,1.0,vggt,counter,,,15000,15000,,MCMC,,,,,,,,,,,gsplat,,indoor,17.623441696166992,0.35817795991897583,0.5414295196533203,1000000,0.007026628591120243,0.3405108153820038,,,0.32832072391534795,0.3508802476364138,100000,/home/ojab2/work/git/gsplat/results/vggt_outputs/counter_2_n30_s42_c0.0_p100000_random_farthestpose_i30_gteval_poseopt_steps15000/stats/val_step14999.json,/home/ojab2/work/git/gsplat/results/vggt_outputs/counter_2_n30_s42_c0.0_p100000_random_farthestpose_i30_gteval_poseopt_steps15000/stats/val_step14999.json,counter_2_n30_s42_c0.0_p100000_random_farthestpose_i30_gteval_poseopt_steps15000,0.3534,0.03552,30,4.867009,,,,/home/ojab2/work/git/vggt/vggt_outputs/counter_2_n30_s42_c0.0_p100000_random_farthestpose/eval_results.json,counter_2_n30_s42_c0.0_p100000_random_farthestpose,counter_2_n30_s42_c0.0_p100000_random_farthestpose_i30_gteval_poseopt_steps15000_val_step14999.json,100000,,vggt | farthestpose,30.0
vggt,40,42,0.0,100000,random,,,,0,10,farthestpose,40,GT Eval,,,,Pose Opt,,,,,0.0,,False,1.0,1.0,vggt,bonsai,,,15000,15000,,MCMC,,,,,,,,,,,gsplat,,indoor,16.5290584564209,0.4392838478088379,0.5240887999534607,1000000,0.02240687608718872,0.7884508371353149,,,0.24784823297447317,0.38379498073737217,100000,/home/ojab2/work/git/gsplat/results/vggt_outputs/bonsai_2_n40_s42_c0.0_p100000_random_farthestpose_i40_gteval_poseopt_steps15000/stats/val_step14999.json,/home/ojab2/work/git/gsplat/results/vggt_outputs/bonsai_2_n40_s42_c0.0_p100000_random_farthestpose_i40_gteval_poseopt_steps15000/stats/val_step14999.json,bonsai_2_n40_s42_c0.0_p100000_random_farthestpose_i40_gteval_poseopt_steps15000,0.891,0.103772,40,7.924747,,,,/home/ojab2/work/git/vggt/vggt_outputs/bonsai_2_n40_s42_c0.0_p100000_random_farthestpose/eval_results.json,bonsai_2_n40_s42_c0.0_p100000_random_farthestpose,bonsai_2_n40_s42_c0.0_p100000_random_farthestpose_i40_gteval_poseopt_steps15000_val_step14999.json,100000,,vggt | farthestpose,40.0
vggt,40,42,0.0,100000,random,,,,0,10,farthestpose,40,GT Eval,,,,Pose Opt,,,,,0.0,,False,1.0,1.0,vggt,kitchen,,,15000,15000,,MCMC,,,,,,,,,,,gsplat,,indoor,18.96849822998047,0.21142953634262085,0.44828301668167114,1000000,0.005756455007940531,0.1871022880077362,,,0.389342985732591,0.32229565861220244,100000,/home/ojab2/work/git/gsplat/results/vggt_outputs/kitchen_2_n40_s42_c0.0_p100000_random_farthestpose_i40_gteval_poseopt_steps15000/stats/val_step14999.json,/home/ojab2/work/git/gsplat/results/vggt_outputs/kitchen_2_n40_s42_c0.0_p100000_random_farthestpose_i40_gteval_poseopt_steps15000/stats/val_step14999.json,kitchen_2_n40_s42_c0.0_p100000_random_farthestpose_i40_gteval_poseopt_steps15000,0.3356,0.033074,40,4.262117,,,,/home/ojab2/work/git/vggt/vggt_outputs/kitchen_2_n40_s42_c0.0_p100000_random_farthestpose/eval_results.json,kitchen_2_n40_s42_c0.0_p100000_random_farthestpose,kitchen_2_n40_s42_c0.0_p100000_random_farthestpose_i40_gteval_poseopt_steps15000_val_step14999.json,100000,,vggt | farthestpose,40.0
vggt,40,42,0.0,100000,random,,,,0,10,farthestpose,40,GT Eval,,,,Pose Opt,,,,,0.0,,False,1.0,1.0,vggt,counter,,,15000,15000,,MCMC,,,,,,,,,,,gsplat,,indoor,18.961111068725586,0.3114233613014221,0.5920451283454895,1000000,0.007545196916908026,0.2980943024158478,,,0.41155301347190953,0.3209464341894417,100000,/home/ojab2/work/git/gsplat/results/vggt_outputs/counter_2_n40_s42_c0.0_p100000_random_farthestpose_i40_gteval_poseopt_steps15000/stats/val_step14999.json,/home/ojab2/work/git/gsplat/results/vggt_outputs/counter_2_n40_s42_c0.0_p100000_random_farthestpose_i40_gteval_poseopt_steps15000/stats/val_step14999.json,counter_2_n40_s42_c0.0_p100000_random_farthestpose_i40_gteval_poseopt_steps15000,0.3566,0.04067,40,4.850582,,,,/home/ojab2/work/git/vggt/vggt_outputs/counter_2_n40_s42_c0.0_p100000_random_farthestpose/eval_results.json,counter_2_n40_s42_c0.0_p100000_random_farthestpose,counter_2_n40_s42_c0.0_p100000_random_farthestpose_i40_gteval_poseopt_steps15000_val_step14999.json,100000,,vggt | farthestpose,40.0
vggt,50,42,0.0,100000,random,,,,0,10,farthestpose,50,GT Eval,,,,Pose Opt,,,,,0.0,,False,1.0,1.0,vggt,bonsai,,,15000,15000,,MCMC,,,,,,,,,,,gsplat,,indoor,16.878658294677734,0.42531850934028625,0.5361658930778503,1000000,0.02115923911333084,0.7580520510673523,,,0.2700055109130011,0.375630047662631,100000,/home/ojab2/work/git/gsplat/results/vggt_outputs/bonsai_2_n50_s42_c0.0_p100000_random_farthestpose_i50_gteval_poseopt_steps15000/stats/val_step14999.json,/home/ojab2/work/git/gsplat/results/vggt_outputs/bonsai_2_n50_s42_c0.0_p100000_random_farthestpose_i50_gteval_poseopt_steps15000/stats/val_step14999.json,bonsai_2_n50_s42_c0.0_p100000_random_farthestpose_i50_gteval_poseopt_steps15000,0.8635,0.099994,50,7.860857,,,,/home/ojab2/work/git/vggt/vggt_outputs/bonsai_2_n50_s42_c0.0_p100000_random_farthestpose/eval_results.json,bonsai_2_n50_s42_c0.0_p100000_random_farthestpose,bonsai_2_n50_s42_c0.0_p100000_random_farthestpose_i50_gteval_poseopt_steps15000_val_step14999.json,100000,,vggt | farthestpose,50.0
vggt,50,42,0.0,100000,random,,,,0,10,farthestpose,50,GT Eval,,,,Pose Opt,,,,,0.0,,False,1.0,1.0,vggt,kitchen,,,15000,15000,,MCMC,,,,,,,,,,,gsplat,,indoor,19.993404388427734,0.19130542874336243,0.4893414080142975,1000000,0.005866834428161383,0.16867181658744812,,,0.44475577321433646,0.3053081426486132,100000,/home/ojab2/work/git/gsplat/results/vggt_outputs/kitchen_2_n50_s42_c0.0_p100000_random_farthestpose_i50_gteval_poseopt_steps15000/stats/val_step14999.json,/home/ojab2/work/git/gsplat/results/vggt_outputs/kitchen_2_n50_s42_c0.0_p100000_random_farthestpose_i50_gteval_poseopt_steps15000/stats/val_step14999.json,kitchen_2_n50_s42_c0.0_p100000_random_farthestpose_i50_gteval_poseopt_steps15000,0.2924,0.034923,50,4.224938,,,,/home/ojab2/work/git/vggt/vggt_outputs/kitchen_2_n50_s42_c0.0_p100000_random_farthestpose/eval_results.json,kitchen_2_n50_s42_c0.0_p100000_random_farthestpose,kitchen_2_n50_s42_c0.0_p100000_random_farthestpose_i50_gteval_poseopt_steps15000_val_step14999.json,100000,,vggt | farthestpose,50.0
vggt,50,42,0.0,100000,random,,,,0,10,farthestpose,50,GT Eval,,,,Pose Opt,,,,,0.0,,False,1.0,1.0,vggt,counter,,,15000,15000,,MCMC,,,,,,,,,,,gsplat,,indoor,19.83986473083496,0.2860031723976135,0.6318663954734802,1000000,0.007037539500743151,0.29935893416404724,,,0.4668049947870017,0.3010396418398123,100000,/home/ojab2/work/git/gsplat/results/vggt_outputs/counter_2_n50_s42_c0.0_p100000_random_farthestpose_i50_gteval_poseopt_steps15000/stats/val_step14999.json,/home/ojab2/work/git/gsplat/results/vggt_outputs/counter_2_n50_s42_c0.0_p100000_random_farthestpose_i50_gteval_poseopt_steps15000/stats/val_step14999.json,counter_2_n50_s42_c0.0_p100000_random_farthestpose_i50_gteval_poseopt_steps15000,0.3429,0.040022,50,4.870114,,,,/home/ojab2/work/git/vggt/vggt_outputs/counter_2_n50_s42_c0.0_p100000_random_farthestpose/eval_results.json,counter_2_n50_s42_c0.0_p100000_random_farthestpose,counter_2_n50_s42_c0.0_p100000_random_farthestpose_i50_gteval_poseopt_steps15000_val_step14999.json,100000,,vggt | farthestpose,50.0
vggt,60,42,0.0,100000,random,,,,0,10,farthestpose,60,GT Eval,,,,Pose Opt,,,,,0.0,,False,1.0,1.0,vggt,bonsai,,,15000,15000,,MCMC,,,,,,,,,,,gsplat,,indoor,16.83182144165039,0.4259292185306549,0.5397513508796692,1000000,0.022221816703677177,0.8373537063598633,,,0.2708579397495882,0.3750286444678065,100000,/home/ojab2/work/git/gsplat/results/vggt_outputs/bonsai_2_n60_s42_c0.0_p100000_random_farthestpose_i60_gteval_poseopt_steps15000/stats/val_step14999.json,/home/ojab2/work/git/gsplat/results/vggt_outputs/bonsai_2_n60_s42_c0.0_p100000_random_farthestpose_i60_gteval_poseopt_steps15000/stats/val_step14999.json,bonsai_2_n60_s42_c0.0_p100000_random_farthestpose_i60_gteval_poseopt_steps15000,0.8639,0.103497,60,7.889382,,,,/home/ojab2/work/git/vggt/vggt_outputs/bonsai_2_n60_s42_c0.0_p100000_random_farthestpose/eval_results.json,bonsai_2_n60_s42_c0.0_p100000_random_farthestpose,bonsai_2_n60_s42_c0.0_p100000_random_farthestpose_i60_gteval_poseopt_steps15000_val_step14999.json,100000,,vggt | farthestpose,60.0
vggt,60,42,0.0,100000,random,,,,0,10,farthestpose,60,GT Eval,,,,Pose Opt,,,,,0.0,,False,1.0,1.0,vggt,kitchen,,,15000,15000,,MCMC,,,,,,,,,,,gsplat,,indoor,19.41326332092285,0.19471386075019836,0.4480762779712677,1000000,0.005812961142510176,0.21550989151000977,,,0.4077767947418803,0.3163586918820898,100000,/home/ojab2/work/git/gsplat/results/vggt_outputs/kitchen_2_n60_s42_c0.0_p100000_random_farthestpose_i60_gteval_poseopt_steps15000/stats/val_step14999.json,/home/ojab2/work/git/gsplat/results/vggt_outputs/kitchen_2_n60_s42_c0.0_p100000_random_farthestpose_i60_gteval_poseopt_steps15000/stats/val_step14999.json,kitchen_2_n60_s42_c0.0_p100000_random_farthestpose_i60_gteval_poseopt_steps15000,0.3372,0.035318,60,4.222136,,,,/home/ojab2/work/git/vggt/vggt_outputs/kitchen_2_n60_s42_c0.0_p100000_random_farthestpose/eval_results.json,kitchen_2_n60_s42_c0.0_p100000_random_farthestpose,kitchen_2_n60_s42_c0.0_p100000_random_farthestpose_i60_gteval_poseopt_steps15000_val_step14999.json,100000,,vggt | farthestpose,60.0
vggt,60,42,0.0,100000,random,,,,0,10,farthestpose,60,GT Eval,,,,Pose Opt,,,,,0.0,,False,1.0,1.0,vggt,counter,,,15000,15000,,MCMC,,,,,,,,,,,gsplat,,indoor,19.75446128845215,0.27860400080680847,0.6170884370803833,1000000,0.006479553412646055,0.2951344847679138,,,0.4611487584969221,0.30266138191787517,100000,/home/ojab2/work/git/gsplat/results/vggt_outputs/counter_2_n60_s42_c0.0_p100000_random_farthestpose_i60_gteval_poseopt_steps15000/stats/val_step14999.json,/home/ojab2/work/git/gsplat/results/vggt_outputs/counter_2_n60_s42_c0.0_p100000_random_farthestpose_i60_gteval_poseopt_steps15000/stats/val_step14999.json,counter_2_n60_s42_c0.0_p100000_random_farthestpose_i60_gteval_poseopt_steps15000,0.4085,0.037369,60,4.854594,,,,/home/ojab2/work/git/vggt/vggt_outputs/counter_2_n60_s42_c0.0_p100000_random_farthestpose/eval_results.json,counter_2_n60_s42_c0.0_p100000_random_farthestpose,counter_2_n60_s42_c0.0_p100000_random_farthestpose_i60_gteval_poseopt_steps15000_val_step14999.json,100000,,vggt | farthestpose,60.0
vggt,70,42,0.0,100000,random,,,,0,10,farthestpose,70,GT Eval,,,,Pose Opt,,,,,0.0,,False,1.0,1.0,vggt,bonsai,,,15000,15000,,MCMC,,,,,,,,,,,gsplat,,indoor,16.949657440185547,0.4199131429195404,0.5446149110794067,1000000,0.02335415594279766,0.8720813393592834,,,0.27959790204235924,0.37164022111391004,100000,/home/ojab2/work/git/gsplat/results/vggt_outputs/bonsai_2_n70_s42_c0.0_p100000_random_farthestpose_i70_gteval_poseopt_steps15000/stats/val_step14999.json,/home/ojab2/work/git/gsplat/results/vggt_outputs/bonsai_2_n70_s42_c0.0_p100000_random_farthestpose_i70_gteval_poseopt_steps15000/stats/val_step14999.json,bonsai_2_n70_s42_c0.0_p100000_random_farthestpose_i70_gteval_poseopt_steps15000,0.9346,0.110179,70,7.826806,,,,/home/ojab2/work/git/vggt/vggt_outputs/bonsai_2_n70_s42_c0.0_p100000_random_farthestpose/eval_results.json,bonsai_2_n70_s42_c0.0_p100000_random_farthestpose,bonsai_2_n70_s42_c0.0_p100000_random_farthestpose_i70_gteval_poseopt_steps15000_val_step14999.json,100000,,vggt | farthestpose,70.0
vggt,70,42,0.0,100000,random,,,,0,10,farthestpose,70,GT Eval,,,,Pose Opt,,,,,0.0,,False,1.0,1.0,vggt,kitchen,,,15000,15000,,MCMC,,,,,,,,,,,gsplat,,indoor,19.886871337890625,0.181437686085701,0.4651094675064087,1000000,0.005497113335877657,0.20424884557724,,,0.4347034126733168,0.3076879014863795,100000,/home/ojab2/work/git/gsplat/results/vggt_outputs/kitchen_2_n70_s42_c0.0_p100000_random_farthestpose_i70_gteval_poseopt_steps15000/stats/val_step14999.json,/home/ojab2/work/git/gsplat/results/vggt_outputs/kitchen_2_n70_s42_c0.0_p100000_random_farthestpose_i70_gteval_poseopt_steps15000/stats/val_step14999.json,kitchen_2_n70_s42_c0.0_p100000_random_farthestpose_i70_gteval_poseopt_steps15000,0.3565,0.033111,70,4.231177,,,,/home/ojab2/work/git/vggt/vggt_outputs/kitchen_2_n70_s42_c0.0_p100000_random_farthestpose/eval_results.json,kitchen_2_n70_s42_c0.0_p100000_random_farthestpose,kitchen_2_n70_s42_c0.0_p100000_random_farthestpose_i70_gteval_poseopt_steps15000_val_step14999.json,100000,,vggt | farthestpose,70.0
vggt,70,42,0.0,100000,random,,,,0,10,farthestpose,70,GT Eval,,,,Pose Opt,,,,,0.0,,False,1.0,1.0,vggt,counter,,,15000,15000,,MCMC,,,,,,,,,,,gsplat,,indoor,20.03561782836914,0.26330429315567017,0.6184042692184448,1000000,0.0065836249850690365,0.3052857220172882,,,0.47656911754856024,0.2969856561293591,100000,/home/ojab2/work/git/gsplat/results/vggt_outputs/counter_2_n70_s42_c0.0_p100000_random_farthestpose_i70_gteval_poseopt_steps15000/stats/val_step14999.json,/home/ojab2/work/git/gsplat/results/vggt_outputs/counter_2_n70_s42_c0.0_p100000_random_farthestpose_i70_gteval_poseopt_steps15000/stats/val_step14999.json,counter_2_n70_s42_c0.0_p100000_random_farthestpose_i70_gteval_poseopt_steps15000,0.3538,0.035574,70,4.843657,,,,/home/ojab2/work/git/vggt/vggt_outputs/counter_2_n70_s42_c0.0_p100000_random_farthestpose/eval_results.json,counter_2_n70_s42_c0.0_p100000_random_farthestpose,counter_2_n70_s42_c0.0_p100000_random_farthestpose_i70_gteval_poseopt_steps15000_val_step14999.json,100000,,vggt | farthestpose,70.0
vggt,80,42,0.0,100000,random,,,,0,10,farthestpose,80,GT Eval,,,,Pose Opt,,,,,0.0,,False,1.0,1.0,vggt,bonsai,,,15000,15000,,MCMC,,,,,,,,,,,gsplat,,indoor,17.410776138305664,0.4032806158065796,0.5548639297485352,1000000,0.02380070462822914,0.8236063122749329,,,0.3043977074068501,0.36287257084939234,100000,/home/ojab2/work/git/gsplat/results/vggt_outputs/bonsai_2_n80_s42_c0.0_p100000_random_farthestpose_i80_gteval_poseopt_steps15000/stats/val_step14999.json,/home/ojab2/work/git/gsplat/results/vggt_outputs/bonsai_2_n80_s42_c0.0_p100000_random_farthestpose_i80_gteval_poseopt_steps15000/stats/val_step14999.json,bonsai_2_n80_s42_c0.0_p100000_random_farthestpose_i80_gteval_poseopt_steps15000,0.9018,0.111718,80,7.882713,,,,/home/ojab2/work/git/vggt/vggt_outputs/bonsai_2_n80_s42_c0.0_p100000_random_farthestpose/eval_results.json,bonsai_2_n80_s42_c0.0_p100000_random_farthestpose,bonsai_2_n80_s42_c0.0_p100000_random_farthestpose_i80_gteval_poseopt_steps15000_val_step14999.json,100000,,vggt | farthestpose,80.0
vggt,80,42,0.0,100000,random,,,,0,10,farthestpose,80,GT Eval,,,,Pose Opt,,,,,0.0,,False,1.0,1.0,vggt,kitchen,,,15000,15000,,MCMC,,,,,,,,,,,gsplat,,indoor,20.427745819091797,0.1775311827659607,0.4898476302623749,1000000,0.004938228987157345,0.19382014870643616,,,0.461597790417538,0.3002809087302977,100000,/home/ojab2/work/git/gsplat/results/vggt_outputs/kitchen_2_n80_s42_c0.0_p100000_random_farthestpose_i80_gteval_poseopt_steps15000/stats/val_step14999.json,/home/ojab2/work/git/gsplat/results/vggt_outputs/kitchen_2_n80_s42_c0.0_p100000_random_farthestpose_i80_gteval_poseopt_steps15000/stats/val_step14999.json,kitchen_2_n80_s42_c0.0_p100000_random_farthestpose_i80_gteval_poseopt_steps15000,0.3315,0.030614,80,4.221177,,,,/home/ojab2/work/git/vggt/vggt_outputs/kitchen_2_n80_s42_c0.0_p100000_random_farthestpose/eval_results.json,kitchen_2_n80_s42_c0.0_p100000_random_farthestpose,kitchen_2_n80_s42_c0.0_p100000_random_farthestpose_i80_gteval_poseopt_steps15000_val_step14999.json,100000,,vggt | farthestpose,80.0
vggt,80,42,0.0,100000,random,,,,0,10,farthestpose,80,GT Eval,,,,Pose Opt,,,,,0.0,,False,1.0,1.0,vggt,counter,,,15000,15000,,MCMC,,,,,,,,,,,gsplat,,indoor,20.939157485961914,0.2434888333082199,0.6566348075866699,1000000,0.006358656100928783,0.27369818091392517,,,0.5278901387492583,0.27917263111586754,100000,/home/ojab2/work/git/gsplat/results/vggt_outputs/counter_2_n80_s42_c0.0_p100000_random_farthestpose_i80_gteval_poseopt_steps15000/stats/val_step14999.json,/home/ojab2/work/git/gsplat/results/vggt_outputs/counter_2_n80_s42_c0.0_p100000_random_farthestpose_i80_gteval_poseopt_steps15000/stats/val_step14999.json,counter_2_n80_s42_c0.0_p100000_random_farthestpose_i80_gteval_poseopt_steps15000,0.353,0.035227,80,4.841688,,,,/home/ojab2/work/git/vggt/vggt_outputs/counter_2_n80_s42_c0.0_p100000_random_farthestpose/eval_results.json,counter_2_n80_s42_c0.0_p100000_random_farthestpose,counter_2_n80_s42_c0.0_p100000_random_farthestpose_i80_gteval_poseopt_steps15000_val_step14999.json,100000,,vggt | farthestpose,80.0
vggt,90,42,0.0,100000,random,,,,0,10,farthestpose,90,GT Eval,,,,Pose Opt,,,,,0.0,,False,1.0,1.0,vggt,bonsai,,,15000,15000,,MCMC,,,,,,,,,,,gsplat,,indoor,17.429868698120117,0.4041977524757385,0.5563413500785828,1000000,0.02295197732746601,0.8429688215255737,,,0.3050491280800496,0.3627823667204207,100000,/home/ojab2/work/git/gsplat/results/vggt_outputs/bonsai_2_n90_s42_c0.0_p100000_random_farthestpose_i90_gteval_poseopt_steps15000/stats/val_step14999.json,/home/ojab2/work/git/gsplat/results/vggt_outputs/bonsai_2_n90_s42_c0.0_p100000_random_farthestpose_i90_gteval_poseopt_steps15000/stats/val_step14999.json,bonsai_2_n90_s42_c0.0_p100000_random_farthestpose_i90_gteval_poseopt_steps15000,0.8837,0.108772,90,7.798511,,,,/home/ojab2/work/git/vggt/vggt_outputs/bonsai_2_n90_s42_c0.0_p100000_random_farthestpose/eval_results.json,bonsai_2_n90_s42_c0.0_p100000_random_farthestpose,bonsai_2_n90_s42_c0.0_p100000_random_farthestpose_i90_gteval_poseopt_steps15000_val_step14999.json,100000,,vggt | farthestpose,90.0
vggt,90,42,0.0,100000,random,,,,0,10,farthestpose,90,GT Eval,,,,Pose Opt,,,,,0.0,,False,1.0,1.0,vggt,kitchen,,,15000,15000,,MCMC,,,,,,,,,,,gsplat,,indoor,19.990388870239258,0.18359778821468353,0.4461715817451477,1000000,0.005449153948575258,0.21519063413143158,,,0.4242122206423017,0.3126054782873965,100000,/home/ojab2/work/git/gsplat/results/vggt_outputs/kitchen_2_n90_s42_c0.0_p100000_random_farthestpose_i90_gteval_poseopt_steps15000/stats/val_step14999.json,/home/ojab2/work/git/gsplat/results/vggt_outputs/kitchen_2_n90_s42_c0.0_p100000_random_farthestpose_i90_gteval_poseopt_steps15000/stats/val_step14999.json,kitchen_2_n90_s42_c0.0_p100000_random_farthestpose_i90_gteval_poseopt_steps15000,0.3587,0.031566,90,4.212161,,,,/home/ojab2/work/git/vggt/vggt_outputs/kitchen_2_n90_s42_c0.0_p100000_random_farthestpose/eval_results.json,kitchen_2_n90_s42_c0.0_p100000_random_farthestpose,kitchen_2_n90_s42_c0.0_p100000_random_farthestpose_i90_gteval_poseopt_steps15000_val_step14999.json,100000,,vggt | farthestpose,90.0
vggt,90,42,0.0,100000,random,,,,0,10,farthestpose,90,GT Eval,,,,Pose Opt,,,,,0.0,,False,1.0,1.0,vggt,counter,,,15000,15000,,MCMC,,,,,,,,,,,gsplat,,indoor,20.079118728637695,0.2560035288333893,0.6203312277793884,1000000,0.006113243289291859,0.26311761140823364,,,0.483008210770568,0.29399856038401917,100000,/home/ojab2/work/git/gsplat/results/vggt_outputs/counter_2_n90_s42_c0.0_p100000_random_farthestpose_i90_gteval_poseopt_steps15000/stats/val_step14999.json,/home/ojab2/work/git/gsplat/results/vggt_outputs/counter_2_n90_s42_c0.0_p100000_random_farthestpose_i90_gteval_poseopt_steps15000/stats/val_step14999.json,counter_2_n90_s42_c0.0_p100000_random_farthestpose_i90_gteval_poseopt_steps15000,0.346,0.033203,90,4.813547,,,,/home/ojab2/work/git/vggt/vggt_outputs/counter_2_n90_s42_c0.0_p100000_random_farthestpose/eval_results.json,counter_2_n90_s42_c0.0_p100000_random_farthestpose,counter_2_n90_s42_c0.0_p100000_random_farthestpose_i90_gteval_poseopt_steps15000_val_step14999.json,100000,,vggt | farthestpose,90.0
vggt,100,42,0.0,100000,random,,,,0,10,farthestpose,100,GT Eval,,,,Pose Opt,,,,,0.0,,False,1.0,1.0,vggt,bonsai,,,15000,15000,,MCMC,,,,,,,,,,,gsplat,,indoor,17.422657012939453,0.3988327085971832,0.5597713589668274,1000000,0.021631203591823578,0.7885617017745972,,,0.3102331869860916,0.3601441038292793,100000,/home/ojab2/work/git/gsplat/results/vggt_outputs/bonsai_2_n100_s42_c0.0_p100000_random_farthestpose_i100_gteval_poseopt_steps15000/stats/val_step14999.json,/home/ojab2/work/git/gsplat/results/vggt_outputs/bonsai_2_n100_s42_c0.0_p100000_random_farthestpose_i100_gteval_poseopt_steps15000/stats/val_step14999.json,bonsai_2_n100_s42_c0.0_p100000_random_farthestpose_i100_gteval_poseopt_steps15000,0.7215,0.105749,100,7.778965,,,,/home/ojab2/work/git/vggt/vggt_outputs/bonsai_2_n100_s42_c0.0_p100000_random_farthestpose/eval_results.json,bonsai_2_n100_s42_c0.0_p100000_random_farthestpose,bonsai_2_n100_s42_c0.0_p100000_random_farthestpose_i100_gteval_poseopt_steps15000_val_step14999.json,100000,,vggt | farthestpose,100.0
vggt,100,42,0.0,100000,random,,,,0,10,farthestpose,100,GT Eval,,,,Pose Opt,,,,,0.0,,False,1.0,1.0,vggt,kitchen,,,15000,15000,,MCMC,,,,,,,,,,,gsplat,,indoor,20.017711639404297,0.17643724381923676,0.4138493239879608,1000000,0.005308283492922783,0.235776886343956,,,0.41023638186089173,0.31733377408505686,100000,/home/ojab2/work/git/gsplat/results/vggt_outputs/kitchen_2_n100_s42_c0.0_p100000_random_farthestpose_i100_gteval_poseopt_steps15000/stats/val_step14999.json,/home/ojab2/work/git/gsplat/results/vggt_outputs/kitchen_2_n100_s42_c0.0_p100000_random_farthestpose_i100_gteval_poseopt_steps15000/stats/val_step14999.json,kitchen_2_n100_s42_c0.0_p100000_random_farthestpose_i100_gteval_poseopt_steps15000,0.3392,0.031011,100,4.199786,,,,/home/ojab2/work/git/vggt/vggt_outputs/kitchen_2_n100_s42_c0.0_p100000_random_farthestpose/eval_results.json,kitchen_2_n100_s42_c0.0_p100000_random_farthestpose,kitchen_2_n100_s42_c0.0_p100000_random_farthestpose_i100_gteval_poseopt_steps15000_val_step14999.json,100000,,vggt | farthestpose,100.0
vggt,100,42,0.0,100000,random,,,,0,10,farthestpose,100,GT Eval,,,,Pose Opt,,,,,0.0,,False,1.0,1.0,vggt,counter,,,15000,15000,,MCMC,,,,,,,,,,,gsplat,,indoor,20.807443618774414,0.23748624324798584,0.6405438780784607,1000000,0.006176562514156103,0.25385963916778564,,,0.5197463952697198,0.28177874468515063,100000,/home/ojab2/work/git/gsplat/results/vggt_outputs/counter_2_n100_s42_c0.0_p100000_random_farthestpose_i100_gteval_poseopt_steps15000/stats/val_step14999.json,/home/ojab2/work/git/gsplat/results/vggt_outputs/counter_2_n100_s42_c0.0_p100000_random_farthestpose_i100_gteval_poseopt_steps15000/stats/val_step14999.json,counter_2_n100_s42_c0.0_p100000_random_farthestpose_i100_gteval_poseopt_steps15000,0.3433,0.032901,100,4.853077,,,,/home/ojab2/work/git/vggt/vggt_outputs/counter_2_n100_s42_c0.0_p100000_random_farthestpose/eval_results.json,counter_2_n100_s42_c0.0_p100000_random_farthestpose,counter_2_n100_s42_c0.0_p100000_random_farthestpose_i100_gteval_poseopt_steps15000_val_step14999.json,100000,,vggt | farthestpose,100.0
colmap,10,42,,146,,,,,0,10,minfarthestpose,10,GT Eval,,,,Pose Opt,,,,,0.0,,False,1.0,1.0,colmap,counter,,,15000,15000,default,MCMC,,,,,Shared Cam,,,,,,gsplat,,indoor,11.731576919555664,0.7849702835083008,0.4465307593345642,154676,0.02717670425772667,4.289182186126709,,,-0.09973628572088462,0.5320146424017036,146,/home/ojab2/work/git/gsplat/results/colmap_outputs/counter_2_n10_s42_default_minfarthestpose_sharedcam_i10_gteval_poseopt_steps15000/stats/val_step14999.json,/home/ojab2/work/git/gsplat/results/colmap_outputs/counter_2_n10_s42_default_minfarthestpose_sharedcam_i10_gteval_poseopt_steps15000/stats/val_step14999.json,counter_2_n10_s42_default_minfarthestpose_sharedcam_i10_gteval_poseopt_steps15000,0.1484,0.006143,5,0.596288,,,,/home/ojab2/work/git/vggt/colmap_outputs/counter_2_n10_s42_default_minfarthestpose_sharedcam/eval_results.json,counter_2_n10_s42_default_minfarthestpose_sharedcam,counter_2_n10_s42_default_minfarthestpose_sharedcam_i10_gteval_poseopt_steps15000_val_step14999.json,146,,colmap | minfarthestpose,10.0
colmap,20,42,,575,,,,,0,10,minfarthestpose,20,GT Eval,,,,Pose Opt,,,,,0.0,,False,1.0,1.0,colmap,kitchen,,,15000,15000,default,MCMC,,,,,Shared Cam,,,,,,gsplat,,indoor,17.055130004882812,0.4203537106513977,0.40332385897636414,636942,0.0031303362920880318,0.20694522559642792,,,0.19865279603577657,0.40416760025399096,575,/home/ojab2/work/git/gsplat/results/colmap_outputs/kitchen_2_n20_s42_default_minfarthestpose_sharedcam_i20_gteval_poseopt_steps15000/stats/val_step14999.json,/home/ojab2/work/git/gsplat/results/colmap_outputs/kitchen_2_n20_s42_default_minfarthestpose_sharedcam_i20_gteval_poseopt_steps15000/stats/val_step14999.json,kitchen_2_n20_s42_default_minfarthestpose_sharedcam_i20_gteval_poseopt_steps15000,0.1673,0.007541,11,0.911316,,,,/home/ojab2/work/git/vggt/colmap_outputs/kitchen_2_n20_s42_default_minfarthestpose_sharedcam/eval_results.json,kitchen_2_n20_s42_default_minfarthestpose_sharedcam,kitchen_2_n20_s42_default_minfarthestpose_sharedcam_i20_gteval_poseopt_steps15000_val_step14999.json,575,,colmap | minfarthestpose,20.0
colmap,20,42,,600,,,,,0,10,minfarthestpose,20,GT Eval,,,,Pose Opt,,,,,0.0,,False,1.0,1.0,colmap,counter,,,15000,15000,default,MCMC,,,,,Shared Cam,,,,,,gsplat,,indoor,15.710131645202637,0.5470780730247498,0.5253390073776245,667264,0.00565310288220644,0.42219364643096924,,,0.16687439191333656,0.42096238513539436,600,/home/ojab2/work/git/gsplat/results/colmap_outputs/counter_2_n20_s42_default_minfarthestpose_sharedcam_i20_gteval_poseopt_steps15000/stats/val_step14999.json,/home/ojab2/work/git/gsplat/results/colmap_outputs/counter_2_n20_s42_default_minfarthestpose_sharedcam_i20_gteval_poseopt_steps15000/stats/val_step14999.json,counter_2_n20_s42_default_minfarthestpose_sharedcam_i20_gteval_poseopt_steps15000,0.1213,0.004206,13,0.894575,,,,/home/ojab2/work/git/vggt/colmap_outputs/counter_2_n20_s42_default_minfarthestpose_sharedcam/eval_results.json,counter_2_n20_s42_default_minfarthestpose_sharedcam,counter_2_n20_s42_default_minfarthestpose_sharedcam_i20_gteval_poseopt_steps15000_val_step14999.json,600,,colmap | minfarthestpose,20.0
colmap,20,42,,984,,,,,0,10,minfarthestpose,20,GT Eval,,,,Pose Opt,,,,,0.0,,False,1.0,1.0,colmap,bonsai,,,15000,15000,default,MCMC,,,,,Shared Cam,,,,,,gsplat,,indoor,11.028122901916504,0.784522533416748,0.34807586669921875,1000000,0.4394797682762146,9.324481010437012,,,-0.1700627836335239,0.5569536127790501,984,/home/ojab2/work/git/gsplat/results/colmap_outputs/bonsai_2_n20_s42_default_minfarthestpose_sharedcam_i20_gteval_poseopt_steps15000/stats/val_step14999.json,/home/ojab2/work/git/gsplat/results/colmap_outputs/bonsai_2_n20_s42_default_minfarthestpose_sharedcam_i20_gteval_poseopt_steps15000/stats/val_step14999.json,bonsai_2_n20_s42_default_minfarthestpose_sharedcam_i20_gteval_poseopt_steps15000,9.1207,2.010802,13,1.010898,,,,/home/ojab2/work/git/vggt/colmap_outputs/bonsai_2_n20_s42_default_minfarthestpose_sharedcam/eval_results.json,bonsai_2_n20_s42_default_minfarthestpose_sharedcam,bonsai_2_n20_s42_default_minfarthestpose_sharedcam_i20_gteval_poseopt_steps15000_val_step14999.json,984,,colmap | minfarthestpose,20.0
colmap,30,42,,2748,,,,,0,10,minfarthestpose,30,GT Eval,,,,Pose Opt,,,,,0.0,,False,1.0,1.0,colmap,counter,,,15000,15000,default,MCMC,,,,,Shared Cam,,,,,,gsplat,,indoor,21.888214111328125,0.2984953820705414,0.7325990200042725,1000000,0.0010080591309815645,0.06634712219238281,,,0.5559341177450827,0.2740259188191519,2748,/home/ojab2/work/git/gsplat/results/colmap_outputs/counter_2_n30_s42_default_minfarthestpose_sharedcam_i30_gteval_poseopt_steps15000/stats/val_step14999.json,/home/ojab2/work/git/gsplat/results/colmap_outputs/counter_2_n30_s42_default_minfarthestpose_sharedcam_i30_gteval_poseopt_steps15000/stats/val_step14999.json,counter_2_n30_s42_default_minfarthestpose_sharedcam_i30_gteval_poseopt_steps15000,0.0278,0.001854,30,1.015369,,,,/home/ojab2/work/git/vggt/colmap_outputs/counter_2_n30_s42_default_minfarthestpose_sharedcam/eval_results.json,counter_2_n30_s42_default_minfarthestpose_sharedcam,counter_2_n30_s42_default_minfarthestpose_sharedcam_i30_gteval_poseopt_steps15000_val_step14999.json,2748,,colmap | minfarthestpose,30.0
colmap,30,42,,3284,,,,,0,10,minfarthestpose,30,GT Eval,,,,Pose Opt,,,,,0.0,,False,1.0,1.0,colmap,kitchen,,,15000,15000,default,MCMC,,,,,Shared Cam,,,,,,gsplat,,indoor,20.69415283203125,0.20984040200710297,0.522813618183136,1000000,0.0011564858723431826,0.08791245520114899,,,0.46586564663480523,0.3030500113728561,3284,/home/ojab2/work/git/gsplat/results/colmap_outputs/kitchen_2_n30_s42_default_minfarthestpose_sharedcam_i30_gteval_poseopt_steps15000/stats/val_step14999.json,/home/ojab2/work/git/gsplat/results/colmap_outputs/kitchen_2_n30_s42_default_minfarthestpose_sharedcam_i30_gteval_poseopt_steps15000/stats/val_step14999.json,kitchen_2_n30_s42_default_minfarthestpose_sharedcam_i30_gteval_poseopt_steps15000,0.1297,0.005747,29,0.982852,,,,/home/ojab2/work/git/vggt/colmap_outputs/kitchen_2_n30_s42_default_minfarthestpose_sharedcam/eval_results.json,kitchen_2_n30_s42_default_minfarthestpose_sharedcam,kitchen_2_n30_s42_default_minfarthestpose_sharedcam_i30_gteval_poseopt_steps15000_val_step14999.json,3284,,colmap | minfarthestpose,30.0
colmap,30,42,,7287,,,,,0,10,minfarthestpose,30,GT Eval,,,,Pose Opt,,,,,0.0,,False,1.0,1.0,colmap,bonsai,,,15000,15000,default,MCMC,,,,,Shared Cam,,,,,,gsplat,,indoor,18.59151268005371,0.3389317989349365,0.5974449515342712,1000000,0.013438796624541283,0.4921528995037079,,,0.3908858731476187,0.32907830143562383,7287,/home/ojab2/work/git/gsplat/results/colmap_outputs/bonsai_2_n30_s42_default_minfarthestpose_sharedcam_i30_gteval_poseopt_steps15000/stats/val_step14999.json,/home/ojab2/work/git/gsplat/results/colmap_outputs/bonsai_2_n30_s42_default_minfarthestpose_sharedcam_i30_gteval_poseopt_steps15000/stats/val_step14999.json,bonsai_2_n30_s42_default_minfarthestpose_sharedcam_i30_gteval_poseopt_steps15000,0.8961,0.102826,29,1.045893,,,,/home/ojab2/work/git/vggt/colmap_outputs/bonsai_2_n30_s42_default_minfarthestpose_sharedcam/eval_results.json,bonsai_2_n30_s42_default_minfarthestpose_sharedcam,bonsai_2_n30_s42_default_minfarthestpose_sharedcam_i30_gteval_poseopt_steps15000_val_step14999.json,7287,,colmap | minfarthestpose,30.0
colmap,40,42,,5897,,,,,0,10,minfarthestpose,40,GT Eval,,,,Pose Opt,,,,,0.0,,False,1.0,1.0,colmap,counter,,,15000,15000,default,MCMC,,,,,Shared Cam,,,,,,gsplat,,indoor,24.603349685668945,0.22913803160190582,0.8271180987358093,1000000,0.0003482026804704219,0.028198357671499252,,,0.7043019005081109,0.2161311402783447,5897,/home/ojab2/work/git/gsplat/results/colmap_outputs/counter_2_n40_s42_default_minfarthestpose_sharedcam_i40_gteval_poseopt_steps15000/stats/val_step14999.json,/home/ojab2/work/git/gsplat/results/colmap_outputs/counter_2_n40_s42_default_minfarthestpose_sharedcam_i40_gteval_poseopt_steps15000/stats/val_step14999.json,counter_2_n40_s42_default_minfarthestpose_sharedcam_i40_gteval_poseopt_steps15000,0.0233,0.001168,40,1.031823,,,,/home/ojab2/work/git/vggt/colmap_outputs/counter_2_n40_s42_default_minfarthestpose_sharedcam/eval_results.json,counter_2_n40_s42_default_minfarthestpose_sharedcam,counter_2_n40_s42_default_minfarthestpose_sharedcam_i40_gteval_poseopt_steps15000_val_step14999.json,5897,,colmap | minfarthestpose,40.0
colmap,40,42,,9080,,,,,0,10,minfarthestpose,40,GT Eval,,,,Pose Opt,,,,,0.0,,False,1.0,1.0,colmap,kitchen,,,15000,15000,default,MCMC,,,,,Shared Cam,,,,,,gsplat,,indoor,21.183923721313477,0.1707247495651245,0.5152345895767212,1000000,0.0009328668820671737,0.08738908171653748,,,0.4946487619165789,0.29152987520170526,9080,/home/ojab2/work/git/gsplat/results/colmap_outputs/kitchen_2_n40_s42_default_minfarthestpose_sharedcam_i40_gteval_poseopt_steps15000/stats/val_step14999.json,/home/ojab2/work/git/gsplat/results/colmap_outputs/kitchen_2_n40_s42_default_minfarthestpose_sharedcam_i40_gteval_poseopt_steps15000/stats/val_step14999.json,kitchen_2_n40_s42_default_minfarthestpose_sharedcam_i40_gteval_poseopt_steps15000,0.1137,0.004454,40,1.038582,,,,/home/ojab2/work/git/vggt/colmap_outputs/kitchen_2_n40_s42_default_minfarthestpose_sharedcam/eval_results.json,kitchen_2_n40_s42_default_minfarthestpose_sharedcam,kitchen_2_n40_s42_default_minfarthestpose_sharedcam_i40_gteval_poseopt_steps15000_val_step14999.json,9080,,colmap | minfarthestpose,40.0
colmap,40,42,,15131,,,,,0,10,minfarthestpose,40,GT Eval,,,,Pose Opt,,,,,0.0,,False,1.0,1.0,colmap,bonsai,,,15000,15000,default,MCMC,,,,,Shared Cam,,,,,,gsplat,,indoor,22.963560104370117,0.18642163276672363,0.7272484302520752,1000000,0.0525190532207489,0.3527458608150482,,,0.6419002593067112,0.23791065486402185,15131,/home/ojab2/work/git/gsplat/results/colmap_outputs/bonsai_2_n40_s42_default_minfarthestpose_sharedcam_i40_gteval_poseopt_steps15000/stats/val_step14999.json,/home/ojab2/work/git/gsplat/results/colmap_outputs/bonsai_2_n40_s42_default_minfarthestpose_sharedcam_i40_gteval_poseopt_steps15000/stats/val_step14999.json,bonsai_2_n40_s42_default_minfarthestpose_sharedcam_i40_gteval_poseopt_steps15000,0.5092,0.2305,40,1.075613,,,,/home/ojab2/work/git/vggt/colmap_outputs/bonsai_2_n40_s42_default_minfarthestpose_sharedcam/eval_results.json,bonsai_2_n40_s42_default_minfarthestpose_sharedcam,bonsai_2_n40_s42_default_minfarthestpose_sharedcam_i40_gteval_poseopt_steps15000_val_step14999.json,15131,,colmap | minfarthestpose,40.0
colmap,50,42,,9773,,,,,0,10,minfarthestpose,50,GT Eval,,,,Pose Opt,,,,,0.0,,False,1.0,1.0,colmap,counter,,,15000,15000,default,MCMC,,,,,Shared Cam,,,,,,gsplat,,indoor,24.986021041870117,0.20539075136184692,0.830534815788269,1000000,0.00025813060346990824,0.028411859646439552,,,0.7280453022150655,0.20674157211357985,9773,/home/ojab2/work/git/gsplat/results/colmap_outputs/counter_2_n50_s42_default_minfarthestpose_sharedcam_i50_gteval_poseopt_steps15000/stats/val_step14999.json,/home/ojab2/work/git/gsplat/results/colmap_outputs/counter_2_n50_s42_default_minfarthestpose_sharedcam_i50_gteval_poseopt_steps15000/stats/val_step14999.json,counter_2_n50_s42_default_minfarthestpose_sharedcam_i50_gteval_poseopt_steps15000,0.0263,0.001254,50,1.017398,,,,/home/ojab2/work/git/vggt/colmap_outputs/counter_2_n50_s42_default_minfarthestpose_sharedcam/eval_results.json,counter_2_n50_s42_default_minfarthestpose_sharedcam,counter_2_n50_s42_default_minfarthestpose_sharedcam_i50_gteval_poseopt_steps15000_val_step14999.json,9773,,colmap | minfarthestpose,50.0
colmap,50,42,,15337,,,,,0,10,minfarthestpose,50,GT Eval,,,,Pose Opt,,,,,0.0,,False,1.0,1.0,colmap,kitchen,,,15000,15000,default,MCMC,,,,,Shared Cam,,,,,,gsplat,,indoor,21.2763614654541,0.17744511365890503,0.5096001625061035,1000000,0.0009378357790410519,0.08594430983066559,,,0.48891721250485715,0.2950614051250823,15337,/home/ojab2/work/git/gsplat/results/colmap_outputs/kitchen_2_n50_s42_default_minfarthestpose_sharedcam_i50_gteval_poseopt_steps15000/stats/val_step14999.json,/home/ojab2/work/git/gsplat/results/colmap_outputs/kitchen_2_n50_s42_default_minfarthestpose_sharedcam_i50_gteval_poseopt_steps15000/stats/val_step14999.json,kitchen_2_n50_s42_default_minfarthestpose_sharedcam_i50_gteval_poseopt_steps15000,0.0994,0.003876,50,1.032533,,,,/home/ojab2/work/git/vggt/colmap_outputs/kitchen_2_n50_s42_default_minfarthestpose_sharedcam/eval_results.json,kitchen_2_n50_s42_default_minfarthestpose_sharedcam,kitchen_2_n50_s42_default_minfarthestpose_sharedcam_i50_gteval_poseopt_steps15000_val_step14999.json,15337,,colmap | minfarthestpose,50.0
colmap,50,42,,22515,,,,,0,10,minfarthestpose,50,GT Eval,,,,Pose Opt,,,,,0.0,,False,1.0,1.0,colmap,bonsai,,,15000,15000,default,MCMC,,,,,Shared Cam,,,,,,gsplat,,indoor,25.054080963134766,0.16939590871334076,0.7921777963638306,1000000,0.0011787477415055037,0.08484254777431488,,,0.7290937042879237,0.20946475272199377,22515,/home/ojab2/work/git/gsplat/results/colmap_outputs/bonsai_2_n50_s42_default_minfarthestpose_sharedcam_i50_gteval_poseopt_steps15000/stats/val_step14999.json,/home/ojab2/work/git/gsplat/results/colmap_outputs/bonsai_2_n50_s42_default_minfarthestpose_sharedcam_i50_gteval_poseopt_steps15000/stats/val_step14999.json,bonsai_2_n50_s42_default_minfarthestpose_sharedcam_i50_gteval_poseopt_steps15000,0.2183,0.013971,50,1.048775,,,,/home/ojab2/work/git/vggt/colmap_outputs/bonsai_2_n50_s42_default_minfarthestpose_sharedcam/eval_results.json,bonsai_2_n50_s42_default_minfarthestpose_sharedcam,bonsai_2_n50_s42_default_minfarthestpose_sharedcam_i50_gteval_poseopt_steps15000_val_step14999.json,22515,,colmap | minfarthestpose,50.0
colmap,60,42,,14845,,,,,0,10,minfarthestpose,60,GT Eval,,,,Pose Opt,,,,,0.0,,False,1.0,1.0,colmap,counter,,,15000,15000,default,MCMC,,,,,Shared Cam,,,,,,gsplat,,indoor,26.181917190551758,0.18822935223579407,0.863492488861084,1000000,0.0001977609790628776,0.0201762393116951,,,0.7800584764663393,0.18670247433172366,14845,/home/ojab2/work/git/gsplat/results/colmap_outputs/counter_2_n60_s42_default_minfarthestpose_sharedcam_i60_gteval_poseopt_steps15000/stats/val_step14999.json,/home/ojab2/work/git/gsplat/results/colmap_outputs/counter_2_n60_s42_default_minfarthestpose_sharedcam_i60_gteval_poseopt_steps15000/stats/val_step14999.json,counter_2_n60_s42_default_minfarthestpose_sharedcam_i60_gteval_poseopt_steps15000,0.0199,0.000942,60,1.009266,,,,/home/ojab2/work/git/vggt/colmap_outputs/counter_2_n60_s42_default_minfarthestpose_sharedcam/eval_results.json,counter_2_n60_s42_default_minfarthestpose_sharedcam,counter_2_n60_s42_default_minfarthestpose_sharedcam_i60_gteval_poseopt_steps15000_val_step14999.json,14845,,colmap | minfarthestpose,60.0
colmap,60,42,,21813,,,,,0,10,minfarthestpose,60,GT Eval,,,,Pose Opt,,,,,0.0,,False,1.0,1.0,colmap,kitchen,,,15000,15000,default,MCMC,,,,,Shared Cam,,,,,,gsplat,,indoor,21.833385467529297,0.14793804287910461,0.5134088397026062,1000000,0.0009602486388757825,0.08569332957267761,,,0.519674009630787,0.28401841586979276,21813,/home/ojab2/work/git/gsplat/results/colmap_outputs/kitchen_2_n60_s42_default_minfarthestpose_sharedcam_i60_gteval_poseopt_steps15000/stats/val_step14999.json,/home/ojab2/work/git/gsplat/results/colmap_outputs/kitchen_2_n60_s42_default_minfarthestpose_sharedcam_i60_gteval_poseopt_steps15000/stats/val_step14999.json,kitchen_2_n60_s42_default_minfarthestpose_sharedcam_i60_gteval_poseopt_steps15000,0.0963,0.004149,60,0.980005,,,,/home/ojab2/work/git/vggt/colmap_outputs/kitchen_2_n60_s42_default_minfarthestpose_sharedcam/eval_results.json,kitchen_2_n60_s42_default_minfarthestpose_sharedcam,kitchen_2_n60_s42_default_minfarthestpose_sharedcam_i60_gteval_poseopt_steps15000_val_step14999.json,21813,,colmap | minfarthestpose,60.0
colmap,60,42,,31847,,,,,0,10,minfarthestpose,60,GT Eval,,,,Pose Opt,,,,,0.0,,False,1.0,1.0,colmap,bonsai,,,15000,15000,default,MCMC,,,,,Shared Cam,,,,,,gsplat,,indoor,25.263208389282227,0.15800504386425018,0.7983152270317078,1000000,0.001070468220859766,0.0810396820306778,,,0.7435869731982084,0.20335821313160923,31847,/home/ojab2/work/git/gsplat/results/colmap_outputs/bonsai_2_n60_s42_default_minfarthestpose_sharedcam_i60_gteval_poseopt_steps15000/stats/val_step14999.json,/home/ojab2/work/git/gsplat/results/colmap_outputs/bonsai_2_n60_s42_default_minfarthestpose_sharedcam_i60_gteval_poseopt_steps15000/stats/val_step14999.json,bonsai_2_n60_s42_default_minfarthestpose_sharedcam_i60_gteval_poseopt_steps15000,0.2191,0.015311,60,1.047943,,,,/home/ojab2/work/git/vggt/colmap_outputs/bonsai_2_n60_s42_default_minfarthestpose_sharedcam/eval_results.json,bonsai_2_n60_s42_default_minfarthestpose_sharedcam,bonsai_2_n60_s42_default_minfarthestpose_sharedcam_i60_gteval_poseopt_steps15000_val_step14999.json,31847,,colmap | minfarthestpose,60.0
colmap,70,42,,20431,,,,,0,10,minfarthestpose,70,GT Eval,,,,Pose Opt,,,,,0.0,,False,1.0,1.0,colmap,counter,,,15000,15000,default,MCMC,,,,,Shared Cam,,,,,,gsplat,,indoor,26.339242935180664,0.18342407047748566,0.865631103515625,1000000,0.00022970866120886058,0.02303597331047058,,,0.7871887913340481,0.18410361481822504,20431,/home/ojab2/work/git/gsplat/results/colmap_outputs/counter_2_n70_s42_default_minfarthestpose_sharedcam_i70_gteval_poseopt_steps15000/stats/val_step14999.json,/home/ojab2/work/git/gsplat/results/colmap_outputs/counter_2_n70_s42_default_minfarthestpose_sharedcam_i70_gteval_poseopt_steps15000/stats/val_step14999.json,counter_2_n70_s42_default_minfarthestpose_sharedcam_i70_gteval_poseopt_steps15000,0.0189,0.000872,70,0.987931,,,,/home/ojab2/work/git/vggt/colmap_outputs/counter_2_n70_s42_default_minfarthestpose_sharedcam/eval_results.json,counter_2_n70_s42_default_minfarthestpose_sharedcam,counter_2_n70_s42_default_minfarthestpose_sharedcam_i70_gteval_poseopt_steps15000_val_step14999.json,20431,,colmap | minfarthestpose,70.0
colmap,70,42,,35747,,,,,0,10,minfarthestpose,70,GT Eval,,,,Pose Opt,,,,,0.0,,False,1.0,1.0,colmap,kitchen,,,15000,15000,default,MCMC,,,,,Shared Cam,,,,,,gsplat,,indoor,21.79115104675293,0.1432647705078125,0.5312835574150085,1000000,0.000908937188796699,0.08552314341068268,,,0.5322296780529853,0.2781712900739703,35747,/home/ojab2/work/git/gsplat/results/colmap_outputs/kitchen_2_n70_s42_default_minfarthestpose_sharedcam_i70_gteval_poseopt_steps15000/stats/val_step14999.json,/home/ojab2/work/git/gsplat/results/colmap_outputs/kitchen_2_n70_s42_default_minfarthestpose_sharedcam_i70_gteval_poseopt_steps15000/stats/val_step14999.json,kitchen_2_n70_s42_default_minfarthestpose_sharedcam_i70_gteval_poseopt_steps15000,0.0981,0.003943,70,1.002625,,,,/home/ojab2/work/git/vggt/colmap_outputs/kitchen_2_n70_s42_default_minfarthestpose_sharedcam/eval_results.json,kitchen_2_n70_s42_default_minfarthestpose_sharedcam,kitchen_2_n70_s42_default_minfarthestpose_sharedcam_i70_gteval_poseopt_steps15000_val_step14999.json,35747,,colmap | minfarthestpose,70.0
colmap,70,42,,42091,,,,,0,10,minfarthestpose,70,GT Eval,,,,Pose Opt,,,,,0.0,,False,1.0,1.0,colmap,bonsai,,,15000,15000,default,MCMC,,,,,Shared Cam,,,,,,gsplat,,indoor,24.857736587524414,0.15558941662311554,0.7779476642608643,1000000,0.0010858532041311264,0.08829107135534286,,,0.7256585086336997,0.21002709732635086,42091,/home/ojab2/work/git/gsplat/results/colmap_outputs/bonsai_2_n70_s42_default_minfarthestpose_sharedcam_i70_gteval_poseopt_steps15000/stats/val_step14999.json,/home/ojab2/work/git/gsplat/results/colmap_outputs/bonsai_2_n70_s42_default_minfarthestpose_sharedcam_i70_gteval_poseopt_steps15000/stats/val_step14999.json,bonsai_2_n70_s42_default_minfarthestpose_sharedcam_i70_gteval_poseopt_steps15000,0.0529,0.005207,70,1.026511,,,,/home/ojab2/work/git/vggt/colmap_outputs/bonsai_2_n70_s42_default_minfarthestpose_sharedcam/eval_results.json,bonsai_2_n70_s42_default_minfarthestpose_sharedcam,bonsai_2_n70_s42_default_minfarthestpose_sharedcam_i70_gteval_poseopt_steps15000_val_step14999.json,42091,,colmap | minfarthestpose,70.0
colmap,80,42,,28563,,,,,0,10,minfarthestpose,80,GT Eval,,,,Pose Opt,,,,,0.0,,False,1.0,1.0,colmap,counter,,,15000,15000,default,MCMC,,,,,Shared Cam,,,,,,gsplat,,indoor,27.183610916137695,0.1713743507862091,0.8791419267654419,1000000,0.0002596257836557925,0.022676028311252594,,,0.8181644002286702,0.17364449771851623,28563,/home/ojab2/work/git/gsplat/results/colmap_outputs/counter_2_n80_s42_default_minfarthestpose_sharedcam_i80_gteval_poseopt_steps15000/stats/val_step14999.json,/home/ojab2/work/git/gsplat/results/colmap_outputs/counter_2_n80_s42_default_minfarthestpose_sharedcam_i80_gteval_poseopt_steps15000/stats/val_step14999.json,counter_2_n80_s42_default_minfarthestpose_sharedcam_i80_gteval_poseopt_steps15000,0.0163,0.000772,80,0.978881,,,,/home/ojab2/work/git/vggt/colmap_outputs/counter_2_n80_s42_default_minfarthestpose_sharedcam/eval_results.json,counter_2_n80_s42_default_minfarthestpose_sharedcam,counter_2_n80_s42_default_minfarthestpose_sharedcam_i80_gteval_poseopt_steps15000_val_step14999.json,28563,,colmap | minfarthestpose,80.0
colmap,80,42,,49366,,,,,0,10,minfarthestpose,80,GT Eval,,,,Pose Opt,,,,,0.0,,False,1.0,1.0,colmap,kitchen,,,15000,15000,default,MCMC,,,,,Shared Cam,,,,,,gsplat,,indoor,22.103078842163086,0.1352481245994568,0.5338106751441956,1000000,0.000934918294660747,0.08929087966680527,,,0.5444325121909941,0.2747300960624017,49366,/home/ojab2/work/git/gsplat/results/colmap_outputs/kitchen_2_n80_s42_default_minfarthestpose_sharedcam_i80_gteval_poseopt_steps15000/stats/val_step14999.json,/home/ojab2/work/git/gsplat/results/colmap_outputs/kitchen_2_n80_s42_default_minfarthestpose_sharedcam_i80_gteval_poseopt_steps15000/stats/val_step14999.json,kitchen_2_n80_s42_default_minfarthestpose_sharedcam_i80_gteval_poseopt_steps15000,0.0992,0.003674,80,0.986183,,,,/home/ojab2/work/git/vggt/colmap_outputs/kitchen_2_n80_s42_default_minfarthestpose_sharedcam/eval_results.json,kitchen_2_n80_s42_default_minfarthestpose_sharedcam,kitchen_2_n80_s42_default_minfarthestpose_sharedcam_i80_gteval_poseopt_steps15000_val_step14999.json,49366,,colmap | minfarthestpose,80.0
colmap,80,42,,50939,,,,,0,10,minfarthestpose,80,GT Eval,,,,Pose Opt,,,,,0.0,,False,1.0,1.0,colmap,bonsai,,,15000,15000,default,MCMC,,,,,Shared Cam,,,,,,gsplat,,indoor,25.03437614440918,0.15303601324558258,0.7845370769500732,1000000,0.0010854642605409026,0.08643368631601334,,,0.7343592441763638,0.20678439938060114,50939,/home/ojab2/work/git/gsplat/results/colmap_outputs/bonsai_2_n80_s42_default_minfarthestpose_sharedcam_i80_gteval_poseopt_steps15000/stats/val_step14999.json,/home/ojab2/work/git/gsplat/results/colmap_outputs/bonsai_2_n80_s42_default_minfarthestpose_sharedcam_i80_gteval_poseopt_steps15000/stats/val_step14999.json,bonsai_2_n80_s42_default_minfarthestpose_sharedcam_i80_gteval_poseopt_steps15000,0.0516,0.004219,80,1.020898,,,,/home/ojab2/work/git/vggt/colmap_outputs/bonsai_2_n80_s42_default_minfarthestpose_sharedcam/eval_results.json,bonsai_2_n80_s42_default_minfarthestpose_sharedcam,bonsai_2_n80_s42_default_minfarthestpose_sharedcam_i80_gteval_poseopt_steps15000_val_step14999.json,50939,,colmap | minfarthestpose,80.0
colmap,90,42,,35747,,,,,0,10,minfarthestpose,90,GT Eval,,,,Pose Opt,,,,,0.0,,False,1.0,1.0,colmap,counter,,,15000,15000,default,MCMC,,,,,Shared Cam,,,,,,gsplat,,indoor,27.337886810302734,0.1655639111995697,0.8813161849975586,1000000,0.0002114875242114067,0.022765260189771652,,,0.8258795483767638,0.17063833290492605,35747,/home/ojab2/work/git/gsplat/results/colmap_outputs/counter_2_n90_s42_default_minfarthestpose_sharedcam_i90_gteval_poseopt_steps15000/stats/val_step14999.json,/home/ojab2/work/git/gsplat/results/colmap_outputs/counter_2_n90_s42_default_minfarthestpose_sharedcam_i90_gteval_poseopt_steps15000/stats/val_step14999.json,counter_2_n90_s42_default_minfarthestpose_sharedcam_i90_gteval_poseopt_steps15000,0.0186,0.00076,90,0.994265,,,,/home/ojab2/work/git/vggt/colmap_outputs/counter_2_n90_s42_default_minfarthestpose_sharedcam/eval_results.json,counter_2_n90_s42_default_minfarthestpose_sharedcam,counter_2_n90_s42_default_minfarthestpose_sharedcam_i90_gteval_poseopt_steps15000_val_step14999.json,35747,,colmap | minfarthestpose,90.0
colmap,90,42,,58303,,,,,0,10,minfarthestpose,90,GT Eval,,,,Pose Opt,,,,,0.0,,False,1.0,1.0,colmap,bonsai,,,15000,15000,default,MCMC,,,,,Shared Cam,,,,,,gsplat,,indoor,25.546056747436523,0.14606308937072754,0.7985576391220093,1000000,0.0010332274250686169,0.07928255200386047,,,0.7563382440607913,0.1992250161212789,58303,/home/ojab2/work/git/gsplat/results/colmap_outputs/bonsai_2_n90_s42_default_minfarthestpose_sharedcam_i90_gteval_poseopt_steps15000/stats/val_step14999.json,/home/ojab2/work/git/gsplat/results/colmap_outputs/bonsai_2_n90_s42_default_minfarthestpose_sharedcam_i90_gteval_poseopt_steps15000/stats/val_step14999.json,bonsai_2_n90_s42_default_minfarthestpose_sharedcam_i90_gteval_poseopt_steps15000,0.0692,0.003892,90,0.998126,,,,/home/ojab2/work/git/vggt/colmap_outputs/bonsai_2_n90_s42_default_minfarthestpose_sharedcam/eval_results.json,bonsai_2_n90_s42_default_minfarthestpose_sharedcam,bonsai_2_n90_s42_default_minfarthestpose_sharedcam_i90_gteval_poseopt_steps15000_val_step14999.json,58303,,colmap | minfarthestpose,90.0
colmap,90,42,,58611,,,,,0,10,minfarthestpose,90,GT Eval,,,,Pose Opt,,,,,0.0,,False,1.0,1.0,colmap,kitchen,,,15000,15000,default,MCMC,,,,,Shared Cam,,,,,,gsplat,,indoor,21.8272705078125,0.1358359158039093,0.5177202820777893,1000000,0.0008741308702155948,0.0888378843665123,,,0.5295525297783968,0.2789550374747053,58611,/home/ojab2/work/git/gsplat/results/colmap_outputs/kitchen_2_n90_s42_default_minfarthestpose_sharedcam_i90_gteval_poseopt_steps15000/stats/val_step14999.json,/home/ojab2/work/git/gsplat/results/colmap_outputs/kitchen_2_n90_s42_default_minfarthestpose_sharedcam_i90_gteval_poseopt_steps15000/stats/val_step14999.json,kitchen_2_n90_s42_default_minfarthestpose_sharedcam_i90_gteval_poseopt_steps15000,0.1013,0.003631,90,1.014718,,,,/home/ojab2/work/git/vggt/colmap_outputs/kitchen_2_n90_s42_default_minfarthestpose_sharedcam/eval_results.json,kitchen_2_n90_s42_default_minfarthestpose_sharedcam,kitchen_2_n90_s42_default_minfarthestpose_sharedcam_i90_gteval_poseopt_steps15000_val_step14999.json,58611,,colmap | minfarthestpose,90.0
colmap,100,42,,41914,,,,,0,10,minfarthestpose,100,GT Eval,,,,Pose Opt,,,,,0.0,,False,1.0,1.0,colmap,counter,,,15000,15000,default,MCMC,,,,,Shared Cam,,,,,,gsplat,,indoor,27.591217041015625,0.1640363335609436,0.8841723799705505,1000000,0.00022327476472128183,0.020605646073818207,,,0.8331840875630566,0.16870407437082702,41914,/home/ojab2/work/git/gsplat/results/colmap_outputs/counter_2_n100_s42_default_minfarthestpose_sharedcam_i100_gteval_poseopt_steps15000/stats/val_step14999.json,/home/ojab2/work/git/gsplat/results/colmap_outputs/counter_2_n100_s42_default_minfarthestpose_sharedcam_i100_gteval_poseopt_steps15000/stats/val_step14999.json,counter_2_n100_s42_default_minfarthestpose_sharedcam_i100_gteval_poseopt_steps15000,0.0156,0.000691,100,0.993642,,,,/home/ojab2/work/git/vggt/colmap_outputs/counter_2_n100_s42_default_minfarthestpose_sharedcam/eval_results.json,counter_2_n100_s42_default_minfarthestpose_sharedcam,counter_2_n100_s42_default_minfarthestpose_sharedcam_i100_gteval_poseopt_steps15000_val_step14999.json,41914,,colmap | minfarthestpose,100.0
colmap,100,42,,66763,,,,,0,10,minfarthestpose,100,GT Eval,,,,Pose Opt,,,,,0.0,,False,1.0,1.0,colmap,bonsai,,,15000,15000,default,MCMC,,,,,Shared Cam,,,,,,gsplat,,indoor,25.54378890991211,0.14396746456623077,0.7954827547073364,1000000,0.001035260153003037,0.0776166319847107,,,0.7557916646076535,0.1996644674877759,66763,/home/ojab2/work/git/gsplat/results/colmap_outputs/bonsai_2_n100_s42_default_minfarthestpose_sharedcam_i100_gteval_poseopt_steps15000/stats/val_step14999.json,/home/ojab2/work/git/gsplat/results/colmap_outputs/bonsai_2_n100_s42_default_minfarthestpose_sharedcam_i100_gteval_poseopt_steps15000/stats/val_step14999.json,bonsai_2_n100_s42_default_minfarthestpose_sharedcam_i100_gteval_poseopt_steps15000,0.0595,0.002889,100,1.016141,,,,/home/ojab2/work/git/vggt/colmap_outputs/bonsai_2_n100_s42_default_minfarthestpose_sharedcam/eval_results.json,bonsai_2_n100_s42_default_minfarthestpose_sharedcam,bonsai_2_n100_s42_default_minfarthestpose_sharedcam_i100_gteval_poseopt_steps15000_val_step14999.json,66763,,colmap | minfarthestpose,100.0
colmap,100,42,,70681,,,,,0,10,minfarthestpose,100,GT Eval,,,,Pose Opt,,,,,0.0,,False,1.0,1.0,colmap,kitchen,,,15000,15000,default,MCMC,,,,,Shared Cam,,,,,,gsplat,,indoor,22.442726135253906,0.12718938291072845,0.5514160990715027,1000000,0.0008918195962905884,0.08556358516216278,,,0.5659923783326164,0.2675505037913011,70681,/home/ojab2/work/git/gsplat/results/colmap_outputs/kitchen_2_n100_s42_default_minfarthestpose_sharedcam_i100_gteval_poseopt_steps15000/stats/val_step14999.json,/home/ojab2/work/git/gsplat/results/colmap_outputs/kitchen_2_n100_s42_default_minfarthestpose_sharedcam_i100_gteval_poseopt_steps15000/stats/val_step14999.json,kitchen_2_n100_s42_default_minfarthestpose_sharedcam_i100_gteval_poseopt_steps15000,0.1013,0.003655,100,1.017479,,,,/home/ojab2/work/git/vggt/colmap_outputs/kitchen_2_n100_s42_default_minfarthestpose_sharedcam/eval_results.json,kitchen_2_n100_s42_default_minfarthestpose_sharedcam,kitchen_2_n100_s42_default_minfarthestpose_sharedcam_i100_gteval_poseopt_steps15000_val_step14999.json,70681,,colmap | minfarthestpose,100.0
colmap,10,42,,,,,,,0,10,minfarthestpose,,,,,,,,,,,0.0,,False,1.0,1.0,vggt,bonsai,,,,,default,MCMC,,,,,Shared Cam,,,,,,failed_sfm,,indoor,,,,,,,,,,,,/home/ojab2/work/git/vggt/colmap_outputs/bonsai_2_n10_s42_default_minfarthestpose_sharedcam/failed_eval.json,,bonsai_2_n10_s42_default_minfarthestpose_sharedcam,,,,,,,,,bonsai_2_n10_s42_default_minfarthestpose_sharedcam,,,/home/ojab2/work/git/vggt/colmap_outputs/bonsai_2_n10_s42_default_minfarthestpose_sharedcam/failed_eval.json,colmap | minfarthestpose,10.0
colmap,10,42,,,,,,,0,10,minfarthestpose,,,,,,,,,,,0.0,,False,1.0,1.0,vggt,kitchen,,,,,default,MCMC,,,,,Shared Cam,,,,,,failed_sfm,,indoor,,,,,,,,,,,,/home/ojab2/work/git/vggt/colmap_outputs/kitchen_2_n10_s42_default_minfarthestpose_sharedcam/failed_eval.json,,kitchen_2_n10_s42_default_minfarthestpose_sharedcam,,,,,,,,,kitchen_2_n10_s42_default_minfarthestpose_sharedcam,,,/home/ojab2/work/git/vggt/colmap_outputs/kitchen_2_n10_s42_default_minfarthestpose_sharedcam/failed_eval.json,colmap | minfarthestpose,10.0
vggt,10,42,0.0,100000,random,,,,0,10,minfarthestpose,10,GT Eval,,,,Pose Opt,,,,,0.0,,False,1.0,1.0,vggt,bonsai,,,15000,15000,,MCMC,,,,,,,,,,,gsplat,,indoor,14.943346977233887,0.5212942957878113,0.47402599453926086,1000000,0.025963762775063515,1.2541848421096802,,,0.1385829778674983,0.426190980758987,100000,/home/ojab2/work/git/gsplat/results/vggt_outputs/bonsai_2_n10_s42_c0.0_p100000_random_minfarthestpose_i10_gteval_poseopt_steps15000/stats/val_step14999.json,/home/ojab2/work/git/gsplat/results/vggt_outputs/bonsai_2_n10_s42_c0.0_p100000_random_minfarthestpose_i10_gteval_poseopt_steps15000/stats/val_step14999.json,bonsai_2_n10_s42_c0.0_p100000_random_minfarthestpose_i10_gteval_poseopt_steps15000,1.2921,0.111946,10,8.425772,,,,/home/ojab2/work/git/vggt/vggt_outputs/bonsai_2_n10_s42_c0.0_p100000_random_minfarthestpose/eval_results.json,bonsai_2_n10_s42_c0.0_p100000_random_minfarthestpose,bonsai_2_n10_s42_c0.0_p100000_random_minfarthestpose_i10_gteval_poseopt_steps15000_val_step14999.json,100000,,vggt | minfarthestpose,10.0
vggt,10,42,0.0,100000,random,,,,0,10,minfarthestpose,10,GT Eval,,,,Pose Opt,,,,,0.0,,False,1.0,1.0,vggt,kitchen,,,15000,15000,,MCMC,,,,,,,,,,,gsplat,,indoor,16.237701416015625,0.3734455406665802,0.37400949001312256,1000000,0.0062136417254805565,0.25211888551712036,,,0.19532798423327127,0.3961407157619519,100000,/home/ojab2/work/git/gsplat/results/vggt_outputs/kitchen_2_n10_s42_c0.0_p100000_random_minfarthestpose_i10_gteval_poseopt_steps15000/stats/val_step14999.json,/home/ojab2/work/git/gsplat/results/vggt_outputs/kitchen_2_n10_s42_c0.0_p100000_random_minfarthestpose_i10_gteval_poseopt_steps15000/stats/val_step14999.json,kitchen_2_n10_s42_c0.0_p100000_random_minfarthestpose_i10_gteval_poseopt_steps15000,0.2957,0.028769,10,4.164083,,,,/home/ojab2/work/git/vggt/vggt_outputs/kitchen_2_n10_s42_c0.0_p100000_random_minfarthestpose/eval_results.json,kitchen_2_n10_s42_c0.0_p100000_random_minfarthestpose,kitchen_2_n10_s42_c0.0_p100000_random_minfarthestpose_i10_gteval_poseopt_steps15000_val_step14999.json,100000,,vggt | minfarthestpose,10.0
vggt,10,42,0.0,100000,random,,,,0,10,minfarthestpose,10,GT Eval,,,,Pose Opt,,,,,0.0,,False,1.0,1.0,vggt,counter,,,15000,15000,,MCMC,,,,,,,,,,,gsplat,,indoor,15.312705993652344,0.46570608019828796,0.4637790620326996,1000000,0.007702796719968319,0.6196081638336182,,,0.17374431478891997,0.40913434616716843,100000,/home/ojab2/work/git/gsplat/results/vggt_outputs/counter_2_n10_s42_c0.0_p100000_random_minfarthestpose_i10_gteval_poseopt_steps15000/stats/val_step14999.json,/home/ojab2/work/git/gsplat/results/vggt_outputs/counter_2_n10_s42_c0.0_p100000_random_minfarthestpose_i10_gteval_poseopt_steps15000/stats/val_step14999.json,counter_2_n10_s42_c0.0_p100000_random_minfarthestpose_i10_gteval_poseopt_steps15000,0.6747,0.046283,10,4.883596,,,,/home/ojab2/work/git/vggt/vggt_outputs/counter_2_n10_s42_c0.0_p100000_random_minfarthestpose/eval_results.json,counter_2_n10_s42_c0.0_p100000_random_minfarthestpose,counter_2_n10_s42_c0.0_p100000_random_minfarthestpose_i10_gteval_poseopt_steps15000_val_step14999.json,100000,,vggt | minfarthestpose,10.0
vggt,20,42,0.0,100000,random,,,,0,10,minfarthestpose,20,GT Eval,,,,Pose Opt,,,,,0.0,,False,1.0,1.0,vggt,bonsai,,,15000,15000,,MCMC,,,,,,,,,,,gsplat,,indoor,16.85610580444336,0.4270300567150116,0.5248683094978333,1000000,0.02144836261868477,0.8859865069389343,,,0.2619245874564163,0.37898427017797787,100000,/home/ojab2/work/git/gsplat/results/vggt_outputs/bonsai_2_n20_s42_c0.0_p100000_random_minfarthestpose_i20_gteval_poseopt_steps15000/stats/val_step14999.json,/home/ojab2/work/git/gsplat/results/vggt_outputs/bonsai_2_n20_s42_c0.0_p100000_random_minfarthestpose_i20_gteval_poseopt_steps15000/stats/val_step14999.json,bonsai_2_n20_s42_c0.0_p100000_random_minfarthestpose_i20_gteval_poseopt_steps15000,0.9837,0.09479,20,7.611343,,,,/home/ojab2/work/git/vggt/vggt_outputs/bonsai_2_n20_s42_c0.0_p100000_random_minfarthestpose/eval_results.json,bonsai_2_n20_s42_c0.0_p100000_random_minfarthestpose,bonsai_2_n20_s42_c0.0_p100000_random_minfarthestpose_i20_gteval_poseopt_steps15000_val_step14999.json,100000,,vggt | minfarthestpose,20.0
vggt,20,42,0.0,100000,random,,,,0,10,minfarthestpose,20,GT Eval,,,,Pose Opt,,,,,0.0,,False,1.0,1.0,vggt,kitchen,,,15000,15000,,MCMC,,,,,,,,,,,gsplat,,indoor,18.296302795410156,0.25242260098457336,0.4350537061691284,1000000,0.005649331957101822,0.20989832282066345,,,0.3438541223431191,0.3396184584414065,100000,/home/ojab2/work/git/gsplat/results/vggt_outputs/kitchen_2_n20_s42_c0.0_p100000_random_minfarthestpose_i20_gteval_poseopt_steps15000/stats/val_step14999.json,/home/ojab2/work/git/gsplat/results/vggt_outputs/kitchen_2_n20_s42_c0.0_p100000_random_minfarthestpose_i20_gteval_poseopt_steps15000/stats/val_step14999.json,kitchen_2_n20_s42_c0.0_p100000_random_minfarthestpose_i20_gteval_poseopt_steps15000,0.2698,0.028021,20,4.159172,,,,/home/ojab2/work/git/vggt/vggt_outputs/kitchen_2_n20_s42_c0.0_p100000_random_minfarthestpose/eval_results.json,kitchen_2_n20_s42_c0.0_p100000_random_minfarthestpose,kitchen_2_n20_s42_c0.0_p100000_random_minfarthestpose_i20_gteval_poseopt_steps15000_val_step14999.json,100000,,vggt | minfarthestpose,20.0
vggt,20,42,0.0,100000,random,,,,0,10,minfarthestpose,20,GT Eval,,,,Pose Opt,,,,,0.0,,False,1.0,1.0,vggt,counter,,,15000,15000,,MCMC,,,,,,,,,,,gsplat,,indoor,18.486108779907227,0.32745662331581116,0.5552088618278503,1000000,0.008387953974306583,0.32010748982429504,,,0.3713179231464592,0.33618462946532973,100000,/home/ojab2/work/git/gsplat/results/vggt_outputs/counter_2_n20_s42_c0.0_p100000_random_minfarthestpose_i20_gteval_poseopt_steps15000/stats/val_step14999.json,/home/ojab2/work/git/gsplat/results/vggt_outputs/counter_2_n20_s42_c0.0_p100000_random_minfarthestpose_i20_gteval_poseopt_steps15000/stats/val_step14999.json,counter_2_n20_s42_c0.0_p100000_random_minfarthestpose_i20_gteval_poseopt_steps15000,0.3814,0.043451,20,4.908029,,,,/home/ojab2/work/git/vggt/vggt_outputs/counter_2_n20_s42_c0.0_p100000_random_minfarthestpose/eval_results.json,counter_2_n20_s42_c0.0_p100000_random_minfarthestpose,counter_2_n20_s42_c0.0_p100000_random_minfarthestpose_i20_gteval_poseopt_steps15000_val_step14999.json,100000,,vggt | minfarthestpose,20.0
vggt,30,42,0.0,100000,random,,,,0,10,minfarthestpose,30,GT Eval,,,,Pose Opt,,,,,0.0,,False,1.0,1.0,vggt,bonsai,,,15000,15000,,MCMC,,,,,,,,,,,gsplat,,indoor,17.6591739654541,0.39163291454315186,0.5500227808952332,1000000,0.019098855555057526,0.7109689116477966,,,0.31335652501959554,0.35985972035291935,100000,/home/ojab2/work/git/gsplat/results/vggt_outputs/bonsai_2_n30_s42_c0.0_p100000_random_minfarthestpose_i30_gteval_poseopt_steps15000/stats/val_step14999.json,/home/ojab2/work/git/gsplat/results/vggt_outputs/bonsai_2_n30_s42_c0.0_p100000_random_minfarthestpose_i30_gteval_poseopt_steps15000/stats/val_step14999.json,bonsai_2_n30_s42_c0.0_p100000_random_minfarthestpose_i30_gteval_poseopt_steps15000,0.8884,0.089827,30,7.587343,,,,/home/ojab2/work/git/vggt/vggt_outputs/bonsai_2_n30_s42_c0.0_p100000_random_minfarthestpose/eval_results.json,bonsai_2_n30_s42_c0.0_p100000_random_minfarthestpose,bonsai_2_n30_s42_c0.0_p100000_random_minfarthestpose_i30_gteval_poseopt_steps15000_val_step14999.json,100000,,vggt | minfarthestpose,30.0
vggt,30,42,0.0,100000,random,,,,0,10,minfarthestpose,30,GT Eval,,,,Pose Opt,,,,,0.0,,False,1.0,1.0,vggt,kitchen,,,15000,15000,,MCMC,,,,,,,,,,,gsplat,,indoor,19.222871780395508,0.21839593350887299,0.483711838722229,1000000,0.00474573764950037,0.12599097192287445,,,0.41047197125266327,0.3162957922170996,100000,/home/ojab2/work/git/gsplat/results/vggt_outputs/kitchen_2_n30_s42_c0.0_p100000_random_minfarthestpose_i30_gteval_poseopt_steps15000/stats/val_step14999.json,/home/ojab2/work/git/gsplat/results/vggt_outputs/kitchen_2_n30_s42_c0.0_p100000_random_minfarthestpose_i30_gteval_poseopt_steps15000/stats/val_step14999.json,kitchen_2_n30_s42_c0.0_p100000_random_minfarthestpose_i30_gteval_poseopt_steps15000,0.2781,0.026317,30,4.148829,,,,/home/ojab2/work/git/vggt/vggt_outputs/kitchen_2_n30_s42_c0.0_p100000_random_minfarthestpose/eval_results.json,kitchen_2_n30_s42_c0.0_p100000_random_minfarthestpose,kitchen_2_n30_s42_c0.0_p100000_random_minfarthestpose_i30_gteval_poseopt_steps15000_val_step14999.json,100000,,vggt | minfarthestpose,30.0
vggt,30,42,0.0,100000,random,,,,0,10,minfarthestpose,30,GT Eval,,,,Pose Opt,,,,,0.0,,False,1.0,1.0,vggt,counter,,,15000,15000,,MCMC,,,,,,,,,,,gsplat,,indoor,19.33246421813965,0.26895180344581604,0.5794456005096436,1000000,0.0074224816635251045,0.29721325635910034,,,0.4372787897349798,0.3097049794030384,100000,/home/ojab2/work/git/gsplat/results/vggt_outputs/counter_2_n30_s42_c0.0_p100000_random_minfarthestpose_i30_gteval_poseopt_steps15000/stats/val_step14999.json,/home/ojab2/work/git/gsplat/results/vggt_outputs/counter_2_n30_s42_c0.0_p100000_random_minfarthestpose_i30_gteval_poseopt_steps15000/stats/val_step14999.json,counter_2_n30_s42_c0.0_p100000_random_minfarthestpose_i30_gteval_poseopt_steps15000,0.3487,0.036323,30,4.836201,,,,/home/ojab2/work/git/vggt/vggt_outputs/counter_2_n30_s42_c0.0_p100000_random_minfarthestpose/eval_results.json,counter_2_n30_s42_c0.0_p100000_random_minfarthestpose,counter_2_n30_s42_c0.0_p100000_random_minfarthestpose_i30_gteval_poseopt_steps15000_val_step14999.json,100000,,vggt | minfarthestpose,30.0
vggt,40,42,0.0,100000,random,,,,0,10,minfarthestpose,40,GT Eval,,,,Pose Opt,,,,,0.0,,False,1.0,1.0,vggt,bonsai,,,15000,15000,,MCMC,,,,,,,,,,,gsplat,,indoor,17.825443267822266,0.36738693714141846,0.558966875076294,1000000,0.020337490364909172,0.6631569862365723,,,0.3366327033250497,0.3493297039261772,100000,/home/ojab2/work/git/gsplat/results/vggt_outputs/bonsai_2_n40_s42_c0.0_p100000_random_minfarthestpose_i40_gteval_poseopt_steps15000/stats/val_step14999.json,/home/ojab2/work/git/gsplat/results/vggt_outputs/bonsai_2_n40_s42_c0.0_p100000_random_minfarthestpose_i40_gteval_poseopt_steps15000/stats/val_step14999.json,bonsai_2_n40_s42_c0.0_p100000_random_minfarthestpose_i40_gteval_poseopt_steps15000,0.7294,0.097202,40,7.731085,,,,/home/ojab2/work/git/vggt/vggt_outputs/bonsai_2_n40_s42_c0.0_p100000_random_minfarthestpose/eval_results.json,bonsai_2_n40_s42_c0.0_p100000_random_minfarthestpose,bonsai_2_n40_s42_c0.0_p100000_random_minfarthestpose_i40_gteval_poseopt_steps15000_val_step14999.json,100000,,vggt | minfarthestpose,40.0
vggt,40,42,0.0,100000,random,,,,0,10,minfarthestpose,40,GT Eval,,,,Pose Opt,,,,,0.0,,False,1.0,1.0,vggt,kitchen,,,15000,15000,,MCMC,,,,,,,,,,,gsplat,,indoor,19.421314239501953,0.2040211260318756,0.4808780252933502,1000000,0.004561583511531353,0.13506487011909485,,,0.4213629687196485,0.3119825494214985,100000,/home/ojab2/work/git/gsplat/results/vggt_outputs/kitchen_2_n40_s42_c0.0_p100000_random_minfarthestpose_i40_gteval_poseopt_steps15000/stats/val_step14999.json,/home/ojab2/work/git/gsplat/results/vggt_outputs/kitchen_2_n40_s42_c0.0_p100000_random_minfarthestpose_i40_gteval_poseopt_steps15000/stats/val_step14999.json,kitchen_2_n40_s42_c0.0_p100000_random_minfarthestpose_i40_gteval_poseopt_steps15000,0.2611,0.026452,40,4.152193,,,,/home/ojab2/work/git/vggt/vggt_outputs/kitchen_2_n40_s42_c0.0_p100000_random_minfarthestpose/eval_results.json,kitchen_2_n40_s42_c0.0_p100000_random_minfarthestpose,kitchen_2_n40_s42_c0.0_p100000_random_minfarthestpose_i40_gteval_poseopt_steps15000_val_step14999.json,100000,,vggt | minfarthestpose,40.0
vggt,40,42,0.0,100000,random,,,,0,10,minfarthestpose,40,GT Eval,,,,Pose Opt,,,,,0.0,,False,1.0,1.0,vggt,counter,,,15000,15000,,MCMC,,,,,,,,,,,gsplat,,indoor,21.021846771240234,0.2146087884902954,0.6408676505088806,1000000,0.006366201676428318,0.22745473682880402,,,0.538028050274567,0.2739295783232307,100000,/home/ojab2/work/git/gsplat/results/vggt_outputs/counter_2_n40_s42_c0.0_p100000_random_minfarthestpose_i40_gteval_poseopt_steps15000/stats/val_step14999.json,/home/ojab2/work/git/gsplat/results/vggt_outputs/counter_2_n40_s42_c0.0_p100000_random_minfarthestpose_i40_gteval_poseopt_steps15000/stats/val_step14999.json,counter_2_n40_s42_c0.0_p100000_random_minfarthestpose_i40_gteval_poseopt_steps15000,0.3803,0.032005,40,4.483415,,,,/home/ojab2/work/git/vggt/vggt_outputs/counter_2_n40_s42_c0.0_p100000_random_minfarthestpose/eval_results.json,counter_2_n40_s42_c0.0_p100000_random_minfarthestpose,counter_2_n40_s42_c0.0_p100000_random_minfarthestpose_i40_gteval_poseopt_steps15000_val_step14999.json,100000,,vggt | minfarthestpose,40.0
vggt,50,42,0.0,100000,random,,,,0,10,minfarthestpose,50,GT Eval,,,,Pose Opt,,,,,0.0,,False,1.0,1.0,vggt,bonsai,,,15000,15000,,MCMC,,,,,,,,,,,gsplat,,indoor,17.599048614501953,0.37706097960472107,0.5559487342834473,1000000,0.01877840794622898,0.8281614780426025,,,0.3247035839791574,0.35360483753006894,100000,/home/ojab2/work/git/gsplat/results/vggt_outputs/bonsai_2_n50_s42_c0.0_p100000_random_minfarthestpose_i50_gteval_poseopt_steps15000/stats/val_step14999.json,/home/ojab2/work/git/gsplat/results/vggt_outputs/bonsai_2_n50_s42_c0.0_p100000_random_minfarthestpose_i50_gteval_poseopt_steps15000/stats/val_step14999.json,bonsai_2_n50_s42_c0.0_p100000_random_minfarthestpose_i50_gteval_poseopt_steps15000,0.8014,0.095395,50,7.828728,,,,/home/ojab2/work/git/vggt/vggt_outputs/bonsai_2_n50_s42_c0.0_p100000_random_minfarthestpose/eval_results.json,bonsai_2_n50_s42_c0.0_p100000_random_minfarthestpose,bonsai_2_n50_s42_c0.0_p100000_random_minfarthestpose_i50_gteval_poseopt_steps15000_val_step14999.json,100000,,vggt | minfarthestpose,50.0
vggt,50,42,0.0,100000,random,,,,0,10,minfarthestpose,50,GT Eval,,,,Pose Opt,,,,,0.0,,False,1.0,1.0,vggt,kitchen,,,15000,15000,,MCMC,,,,,,,,,,,gsplat,,indoor,20.238811492919922,0.17805272340774536,0.5169618725776672,1000000,0.004927725996822119,0.1696181297302246,,,0.4736333499874985,0.2941757096698489,100000,/home/ojab2/work/git/gsplat/results/vggt_outputs/kitchen_2_n50_s42_c0.0_p100000_random_minfarthestpose_i50_gteval_poseopt_steps15000/stats/val_step14999.json,/home/ojab2/work/git/gsplat/results/vggt_outputs/kitchen_2_n50_s42_c0.0_p100000_random_minfarthestpose_i50_gteval_poseopt_steps15000/stats/val_step14999.json,kitchen_2_n50_s42_c0.0_p100000_random_minfarthestpose_i50_gteval_poseopt_steps15000,0.296,0.027378,50,4.142264,,,,/home/ojab2/work/git/vggt/vggt_outputs/kitchen_2_n50_s42_c0.0_p100000_random_minfarthestpose/eval_results.json,kitchen_2_n50_s42_c0.0_p100000_random_minfarthestpose,kitchen_2_n50_s42_c0.0_p100000_random_minfarthestpose_i50_gteval_poseopt_steps15000_val_step14999.json,100000,,vggt | minfarthestpose,50.0
vggt,50,42,0.0,100000,random,,,,0,10,minfarthestpose,50,GT Eval,,,,Pose Opt,,,,,0.0,,False,1.0,1.0,vggt,counter,,,15000,15000,,MCMC,,,,,,,,,,,gsplat,,indoor,20.259363174438477,0.22905497252941132,0.6079114079475403,1000000,0.005967493634670973,0.2475298047065735,,,0.4957179296434971,0.2882150095556031,100000,/home/ojab2/work/git/gsplat/results/vggt_outputs/counter_2_n50_s42_c0.0_p100000_random_minfarthestpose_i50_gteval_poseopt_steps15000/stats/val_step14999.json,/home/ojab2/work/git/gsplat/results/vggt_outputs/counter_2_n50_s42_c0.0_p100000_random_minfarthestpose_i50_gteval_poseopt_steps15000/stats/val_step14999.json,counter_2_n50_s42_c0.0_p100000_random_minfarthestpose_i50_gteval_poseopt_steps15000,0.3927,0.03126,50,4.604761,,,,/home/ojab2/work/git/vggt/vggt_outputs/counter_2_n50_s42_c0.0_p100000_random_minfarthestpose/eval_results.json,counter_2_n50_s42_c0.0_p100000_random_minfarthestpose,counter_2_n50_s42_c0.0_p100000_random_minfarthestpose_i50_gteval_poseopt_steps15000_val_step14999.json,100000,,vggt | minfarthestpose,50.0
vggt,60,42,0.0,100000,random,,,,0,10,minfarthestpose,60,GT Eval,,,,Pose Opt,,,,,0.0,,False,1.0,1.0,vggt,bonsai,,,15000,15000,,MCMC,,,,,,,,,,,gsplat,,indoor,17.88666534423828,0.35510921478271484,0.5674635767936707,1000000,0.020031148567795753,0.7763102054595947,,,0.35031411785673516,0.3430174006657172,100000,/home/ojab2/work/git/gsplat/results/vggt_outputs/bonsai_2_n60_s42_c0.0_p100000_random_minfarthestpose_i60_gteval_poseopt_steps15000/stats/val_step14999.json,/home/ojab2/work/git/gsplat/results/vggt_outputs/bonsai_2_n60_s42_c0.0_p100000_random_minfarthestpose_i60_gteval_poseopt_steps15000/stats/val_step14999.json,bonsai_2_n60_s42_c0.0_p100000_random_minfarthestpose_i60_gteval_poseopt_steps15000,0.8878,0.10213,60,7.775817,,,,/home/ojab2/work/git/vggt/vggt_outputs/bonsai_2_n60_s42_c0.0_p100000_random_minfarthestpose/eval_results.json,bonsai_2_n60_s42_c0.0_p100000_random_minfarthestpose,bonsai_2_n60_s42_c0.0_p100000_random_minfarthestpose_i60_gteval_poseopt_steps15000_val_step14999.json,100000,,vggt | minfarthestpose,60.0
vggt,60,42,0.0,100000,random,,,,0,10,minfarthestpose,60,GT Eval,,,,Pose Opt,,,,,0.0,,False,1.0,1.0,vggt,kitchen,,,15000,15000,,MCMC,,,,,,,,,,,gsplat,,indoor,20.15944480895996,0.1735684722661972,0.48872309923171997,1000000,0.00467535387724638,0.1845463067293167,,,0.4584177502995578,0.29941476267939376,100000,/home/ojab2/work/git/gsplat/results/vggt_outputs/kitchen_2_n60_s42_c0.0_p100000_random_minfarthestpose_i60_gteval_poseopt_steps15000/stats/val_step14999.json,/home/ojab2/work/git/gsplat/results/vggt_outputs/kitchen_2_n60_s42_c0.0_p100000_random_minfarthestpose_i60_gteval_poseopt_steps15000/stats/val_step14999.json,kitchen_2_n60_s42_c0.0_p100000_random_minfarthestpose_i60_gteval_poseopt_steps15000,0.3242,0.027163,60,4.162314,,,,/home/ojab2/work/git/vggt/vggt_outputs/kitchen_2_n60_s42_c0.0_p100000_random_minfarthestpose/eval_results.json,kitchen_2_n60_s42_c0.0_p100000_random_minfarthestpose,kitchen_2_n60_s42_c0.0_p100000_random_minfarthestpose_i60_gteval_poseopt_steps15000_val_step14999.json,100000,,vggt | minfarthestpose,60.0
vggt,60,42,0.0,100000,random,,,,0,10,minfarthestpose,60,GT Eval,,,,Pose Opt,,,,,0.0,,False,1.0,1.0,vggt,counter,,,15000,15000,,MCMC,,,,,,,,,,,gsplat,,indoor,20.554582595825195,0.22223743796348572,0.6172617673873901,1000000,0.0059680575504899025,0.24181009829044342,,,0.5108613570918503,0.28323234948170506,100000,/home/ojab2/work/git/gsplat/results/vggt_outputs/counter_2_n60_s42_c0.0_p100000_random_minfarthestpose_i60_gteval_poseopt_steps15000/stats/val_step14999.json,/home/ojab2/work/git/gsplat/results/vggt_outputs/counter_2_n60_s42_c0.0_p100000_random_minfarthestpose_i60_gteval_poseopt_steps15000/stats/val_step14999.json,counter_2_n60_s42_c0.0_p100000_random_minfarthestpose_i60_gteval_poseopt_steps15000,0.3795,0.030852,60,4.485466,,,,/home/ojab2/work/git/vggt/vggt_outputs/counter_2_n60_s42_c0.0_p100000_random_minfarthestpose/eval_results.json,counter_2_n60_s42_c0.0_p100000_random_minfarthestpose,counter_2_n60_s42_c0.0_p100000_random_minfarthestpose_i60_gteval_poseopt_steps15000_val_step14999.json,100000,,vggt | minfarthestpose,60.0
vggt,70,42,0.0,100000,random,,,,0,10,minfarthestpose,70,GT Eval,,,,Pose Opt,,,,,0.0,,False,1.0,1.0,vggt,bonsai,,,15000,15000,,MCMC,,,,,,,,,,,gsplat,,indoor,18.050724029541016,0.3454180657863617,0.572880744934082,1000000,0.01970023475587368,0.7488796710968018,,,0.36250236698216326,0.33820885948554374,100000,/home/ojab2/work/git/gsplat/results/vggt_outputs/bonsai_2_n70_s42_c0.0_p100000_random_minfarthestpose_i70_gteval_poseopt_steps15000/stats/val_step14999.json,/home/ojab2/work/git/gsplat/results/vggt_outputs/bonsai_2_n70_s42_c0.0_p100000_random_minfarthestpose_i70_gteval_poseopt_steps15000/stats/val_step14999.json,bonsai_2_n70_s42_c0.0_p100000_random_minfarthestpose_i70_gteval_poseopt_steps15000,0.806,0.10116,70,7.70233,,,,/home/ojab2/work/git/vggt/vggt_outputs/bonsai_2_n70_s42_c0.0_p100000_random_minfarthestpose/eval_results.json,bonsai_2_n70_s42_c0.0_p100000_random_minfarthestpose,bonsai_2_n70_s42_c0.0_p100000_random_minfarthestpose_i70_gteval_poseopt_steps15000_val_step14999.json,100000,,vggt | minfarthestpose,70.0
vggt,70,42,0.0,100000,random,,,,0,10,minfarthestpose,70,GT Eval,,,,Pose Opt,,,,,0.0,,False,1.0,1.0,vggt,kitchen,,,15000,15000,,MCMC,,,,,,,,,,,gsplat,,indoor,20.207738876342773,0.16989849507808685,0.4867176115512848,1000000,0.004490348044782877,0.1856015920639038,,,0.46040470308495307,0.29862290241424305,100000,/home/ojab2/work/git/gsplat/results/vggt_outputs/kitchen_2_n70_s42_c0.0_p100000_random_minfarthestpose_i70_gteval_poseopt_steps15000/stats/val_step14999.json,/home/ojab2/work/git/gsplat/results/vggt_outputs/kitchen_2_n70_s42_c0.0_p100000_random_minfarthestpose_i70_gteval_poseopt_steps15000/stats/val_step14999.json,kitchen_2_n70_s42_c0.0_p100000_random_minfarthestpose_i70_gteval_poseopt_steps15000,0.3231,0.028126,70,4.16202,,,,/home/ojab2/work/git/vggt/vggt_outputs/kitchen_2_n70_s42_c0.0_p100000_random_minfarthestpose/eval_results.json,kitchen_2_n70_s42_c0.0_p100000_random_minfarthestpose,kitchen_2_n70_s42_c0.0_p100000_random_minfarthestpose_i70_gteval_poseopt_steps15000_val_step14999.json,100000,,vggt | minfarthestpose,70.0
vggt,70,42,0.0,100000,random,,,,0,10,minfarthestpose,70,GT Eval,,,,Pose Opt,,,,,0.0,,False,1.0,1.0,vggt,counter,,,15000,15000,,MCMC,,,,,,,,,,,gsplat,,indoor,20.85220718383789,0.21493147313594818,0.6281002759933472,1000000,0.006092517636716366,0.25354209542274475,,,0.5272210874946339,0.27766184637555574,100000,/home/ojab2/work/git/gsplat/results/vggt_outputs/counter_2_n70_s42_c0.0_p100000_random_minfarthestpose_i70_gteval_poseopt_steps15000/stats/val_step14999.json,/home/ojab2/work/git/gsplat/results/vggt_outputs/counter_2_n70_s42_c0.0_p100000_random_minfarthestpose_i70_gteval_poseopt_steps15000/stats/val_step14999.json,counter_2_n70_s42_c0.0_p100000_random_minfarthestpose_i70_gteval_poseopt_steps15000,0.356,0.031055,70,4.444537,,,,/home/ojab2/work/git/vggt/vggt_outputs/counter_2_n70_s42_c0.0_p100000_random_minfarthestpose/eval_results.json,counter_2_n70_s42_c0.0_p100000_random_minfarthestpose,counter_2_n70_s42_c0.0_p100000_random_minfarthestpose_i70_gteval_poseopt_steps15000_val_step14999.json,100000,,vggt | minfarthestpose,70.0
vggt,80,42,0.0,100000,random,,,,0,10,minfarthestpose,80,GT Eval,,,,Pose Opt,,,,,0.0,,False,1.0,1.0,vggt,bonsai,,,15000,15000,,MCMC,,,,,,,,,,,gsplat,,indoor,18.434326171875,0.3285099267959595,0.5805559158325195,1000000,0.017870845273137093,0.7009094953536987,,,0.38453163722647404,0.3301651860807318,100000,/home/ojab2/work/git/gsplat/results/vggt_outputs/bonsai_2_n80_s42_c0.0_p100000_random_minfarthestpose_i80_gteval_poseopt_steps15000/stats/val_step14999.json,/home/ojab2/work/git/gsplat/results/vggt_outputs/bonsai_2_n80_s42_c0.0_p100000_random_minfarthestpose_i80_gteval_poseopt_steps15000/stats/val_step14999.json,bonsai_2_n80_s42_c0.0_p100000_random_minfarthestpose_i80_gteval_poseopt_steps15000,0.8208,0.096051,80,7.780013,,,,/home/ojab2/work/git/vggt/vggt_outputs/bonsai_2_n80_s42_c0.0_p100000_random_minfarthestpose/eval_results.json,bonsai_2_n80_s42_c0.0_p100000_random_minfarthestpose,bonsai_2_n80_s42_c0.0_p100000_random_minfarthestpose_i80_gteval_poseopt_steps15000_val_step14999.json,100000,,vggt | minfarthestpose,80.0
vggt,80,42,0.0,100000,random,,,,0,10,minfarthestpose,80,GT Eval,,,,Pose Opt,,,,,0.0,,False,1.0,1.0,vggt,kitchen,,,15000,15000,,MCMC,,,,,,,,,,,gsplat,,indoor,20.379596710205078,0.17003458738327026,0.5055451393127441,1000000,0.0046250661835074425,0.19823233783245087,,,0.47451349812099264,0.2941241622485274,100000,/home/ojab2/work/git/gsplat/results/vggt_outputs/kitchen_2_n80_s42_c0.0_p100000_random_minfarthestpose_i80_gteval_poseopt_steps15000/stats/val_step14999.json,/home/ojab2/work/git/gsplat/results/vggt_outputs/kitchen_2_n80_s42_c0.0_p100000_random_minfarthestpose_i80_gteval_poseopt_steps15000/stats/val_step14999.json,kitchen_2_n80_s42_c0.0_p100000_random_minfarthestpose_i80_gteval_poseopt_steps15000,0.2843,0.026957,80,4.144684,,,,/home/ojab2/work/git/vggt/vggt_outputs/kitchen_2_n80_s42_c0.0_p100000_random_minfarthestpose/eval_results.json,kitchen_2_n80_s42_c0.0_p100000_random_minfarthestpose,kitchen_2_n80_s42_c0.0_p100000_random_minfarthestpose_i80_gteval_poseopt_steps15000_val_step14999.json,100000,,vggt | minfarthestpose,80.0
vggt,80,42,0.0,100000,random,,,,0,10,minfarthestpose,80,GT Eval,,,,Pose Opt,,,,,0.0,,False,1.0,1.0,vggt,counter,,,15000,15000,,MCMC,,,,,,,,,,,gsplat,,indoor,21.12226104736328,0.2113538235425949,0.6348922848701477,1000000,0.0059201959520578384,0.25096529722213745,,,0.5384024456579085,0.2744393484829034,100000,/home/ojab2/work/git/gsplat/results/vggt_outputs/counter_2_n80_s42_c0.0_p100000_random_minfarthestpose_i80_gteval_poseopt_steps15000/stats/val_step14999.json,/home/ojab2/work/git/gsplat/results/vggt_outputs/counter_2_n80_s42_c0.0_p100000_random_minfarthestpose_i80_gteval_poseopt_steps15000/stats/val_step14999.json,counter_2_n80_s42_c0.0_p100000_random_minfarthestpose_i80_gteval_poseopt_steps15000,0.3586,0.029914,80,4.47013,,,,/home/ojab2/work/git/vggt/vggt_outputs/counter_2_n80_s42_c0.0_p100000_random_minfarthestpose/eval_results.json,counter_2_n80_s42_c0.0_p100000_random_minfarthestpose,counter_2_n80_s42_c0.0_p100000_random_minfarthestpose_i80_gteval_poseopt_steps15000_val_step14999.json,100000,,vggt | minfarthestpose,80.0
vggt,90,42,0.0,100000,random,,,,0,10,minfarthestpose,90,GT Eval,,,,Pose Opt,,,,,0.0,,False,1.0,1.0,vggt,bonsai,,,15000,15000,,MCMC,,,,,,,,,,,gsplat,,indoor,18.538896560668945,0.3293331265449524,0.584769606590271,1000000,0.01818903163075447,0.7261216044425964,,,0.3884241245565978,0.3292387625775573,100000,/home/ojab2/work/git/gsplat/results/vggt_outputs/bonsai_2_n90_s42_c0.0_p100000_random_minfarthestpose_i90_gteval_poseopt_steps15000/stats/val_step14999.json,/home/ojab2/work/git/gsplat/results/vggt_outputs/bonsai_2_n90_s42_c0.0_p100000_random_minfarthestpose_i90_gteval_poseopt_steps15000/stats/val_step14999.json,bonsai_2_n90_s42_c0.0_p100000_random_minfarthestpose_i90_gteval_poseopt_steps15000,0.7344,0.095629,90,7.854932,,,,/home/ojab2/work/git/vggt/vggt_outputs/bonsai_2_n90_s42_c0.0_p100000_random_minfarthestpose/eval_results.json,bonsai_2_n90_s42_c0.0_p100000_random_minfarthestpose,bonsai_2_n90_s42_c0.0_p100000_random_minfarthestpose_i90_gteval_poseopt_steps15000_val_step14999.json,100000,,vggt | minfarthestpose,90.0
vggt,90,42,0.0,100000,random,,,,0,10,minfarthestpose,90,GT Eval,,,,Pose Opt,,,,,0.0,,False,1.0,1.0,vggt,kitchen,,,15000,15000,,MCMC,,,,,,,,,,,gsplat,,indoor,21.101316452026367,0.16165202856063843,0.5515610575675964,1000000,0.004474086221307516,0.17506374418735504,,,0.5199629912676944,0.27968932862838247,100000,/home/ojab2/work/git/gsplat/results/vggt_outputs/kitchen_2_n90_s42_c0.0_p100000_random_minfarthestpose_i90_gteval_poseopt_steps15000/stats/val_step14999.json,/home/ojab2/work/git/gsplat/results/vggt_outputs/kitchen_2_n90_s42_c0.0_p100000_random_minfarthestpose_i90_gteval_poseopt_steps15000/stats/val_step14999.json,kitchen_2_n90_s42_c0.0_p100000_random_minfarthestpose_i90_gteval_poseopt_steps15000,0.3203,0.026849,90,4.157845,,,,/home/ojab2/work/git/vggt/vggt_outputs/kitchen_2_n90_s42_c0.0_p100000_random_minfarthestpose/eval_results.json,kitchen_2_n90_s42_c0.0_p100000_random_minfarthestpose,kitchen_2_n90_s42_c0.0_p100000_random_minfarthestpose_i90_gteval_poseopt_steps15000_val_step14999.json,100000,,vggt | minfarthestpose,90.0
vggt,90,42,0.0,100000,random,,,,0,10,minfarthestpose,90,GT Eval,,,,Pose Opt,,,,,0.0,,False,1.0,1.0,vggt,counter,,,15000,15000,,MCMC,,,,,,,,,,,gsplat,,indoor,20.601428985595703,0.22335854172706604,0.6230571866035461,1000000,0.005893162451684475,0.2732209265232086,,,0.5144259775126422,0.2820073330731224,100000,/home/ojab2/work/git/gsplat/results/vggt_outputs/counter_2_n90_s42_c0.0_p100000_random_minfarthestpose_i90_gteval_poseopt_steps15000/stats/val_step14999.json,/home/ojab2/work/git/gsplat/results/vggt_outputs/counter_2_n90_s42_c0.0_p100000_random_minfarthestpose_i90_gteval_poseopt_steps15000/stats/val_step14999.json,counter_2_n90_s42_c0.0_p100000_random_minfarthestpose_i90_gteval_poseopt_steps15000,0.3956,0.030141,90,4.47758,,,,/home/ojab2/work/git/vggt/vggt_outputs/counter_2_n90_s42_c0.0_p100000_random_minfarthestpose/eval_results.json,counter_2_n90_s42_c0.0_p100000_random_minfarthestpose,counter_2_n90_s42_c0.0_p100000_random_minfarthestpose_i90_gteval_poseopt_steps15000_val_step14999.json,100000,,vggt | minfarthestpose,90.0
vggt,100,42,0.0,100000,random,,,,0,10,minfarthestpose,100,GT Eval,,,,Pose Opt,,,,,0.0,,False,1.0,1.0,vggt,bonsai,,,15000,15000,,MCMC,,,,,,,,,,,gsplat,,indoor,18.46109962463379,0.33550846576690674,0.5824333429336548,1000000,0.01881927065551281,0.6934566497802734,,,0.38180526670811626,0.33198497014828765,100000,/home/ojab2/work/git/gsplat/results/vggt_outputs/bonsai_2_n100_s42_c0.0_p100000_random_minfarthestpose_i100_gteval_poseopt_steps15000/stats/val_step14999.json,/home/ojab2/work/git/gsplat/results/vggt_outputs/bonsai_2_n100_s42_c0.0_p100000_random_minfarthestpose_i100_gteval_poseopt_steps15000/stats/val_step14999.json,bonsai_2_n100_s42_c0.0_p100000_random_minfarthestpose_i100_gteval_poseopt_steps15000,0.7308,0.098078,100,7.817163,,,,/home/ojab2/work/git/vggt/vggt_outputs/bonsai_2_n100_s42_c0.0_p100000_random_minfarthestpose/eval_results.json,bonsai_2_n100_s42_c0.0_p100000_random_minfarthestpose,bonsai_2_n100_s42_c0.0_p100000_random_minfarthestpose_i100_gteval_poseopt_steps15000_val_step14999.json,100000,,vggt | minfarthestpose,100.0
vggt,100,42,0.0,100000,random,,,,0,10,minfarthestpose,100,GT Eval,,,,Pose Opt,,,,,0.0,,False,1.0,1.0,vggt,kitchen,,,15000,15000,,MCMC,,,,,,,,,,,gsplat,,indoor,21.232662200927734,0.15592406690120697,0.5311336517333984,1000000,0.0047913966700434685,0.15866483747959137,,,0.5139852473881432,0.28273038876530304,100000,/home/ojab2/work/git/gsplat/results/vggt_outputs/kitchen_2_n100_s42_c0.0_p100000_random_minfarthestpose_i100_gteval_poseopt_steps15000/stats/val_step14999.json,/home/ojab2/work/git/gsplat/results/vggt_outputs/kitchen_2_n100_s42_c0.0_p100000_random_minfarthestpose_i100_gteval_poseopt_steps15000/stats/val_step14999.json,kitchen_2_n100_s42_c0.0_p100000_random_minfarthestpose_i100_gteval_poseopt_steps15000,0.2827,0.025851,100,4.144792,,,,/home/ojab2/work/git/vggt/vggt_outputs/kitchen_2_n100_s42_c0.0_p100000_random_minfarthestpose/eval_results.json,kitchen_2_n100_s42_c0.0_p100000_random_minfarthestpose,kitchen_2_n100_s42_c0.0_p100000_random_minfarthestpose_i100_gteval_poseopt_steps15000_val_step14999.json,100000,,vggt | minfarthestpose,100.0
vggt,100,42,0.0,100000,random,,,,0,10,minfarthestpose,100,GT Eval,,,,Pose Opt,,,,,0.0,,False,1.0,1.0,vggt,counter,,,15000,15000,,MCMC,,,,,,,,,,,gsplat,,indoor,20.58078384399414,0.2260625958442688,0.622958779335022,1000000,0.006049837917089462,0.2777145802974701,,,0.5123169427571783,0.2829492260169363,100000,/home/ojab2/work/git/gsplat/results/vggt_outputs/counter_2_n100_s42_c0.0_p100000_random_minfarthestpose_i100_gteval_poseopt_steps15000/stats/val_step14999.json,/home/ojab2/work/git/gsplat/results/vggt_outputs/counter_2_n100_s42_c0.0_p100000_random_minfarthestpose_i100_gteval_poseopt_steps15000/stats/val_step14999.json,counter_2_n100_s42_c0.0_p100000_random_minfarthestpose_i100_gteval_poseopt_steps15000,0.3873,0.030482,100,4.485239,,,,/home/ojab2/work/git/vggt/vggt_outputs/counter_2_n100_s42_c0.0_p100000_random_minfarthestpose/eval_results.json,counter_2_n100_s42_c0.0_p100000_random_minfarthestpose,counter_2_n100_s42_c0.0_p100000_random_minfarthestpose_i100_gteval_poseopt_steps15000_val_step14999.json,100000,,vggt | minfarthestpose,100.0
