method,num_images,seed,conf_thres_value,num_points,sampling_mode,near_filtering_strength,near_filtering_quorum,reconstruct_pose_opt,optimisation_iterations,optimisation_neighbourhood,image_mode,num_cameras,gt_eval,use_gt_extrinsics,use_gt_intrinsics,use_gt_points,pose_opt,pose_opt_module,eval_opt,depth_loss_mode,error_opa,depth_lambda,depth_conf_mode,choice,dataset,camera_type,copy_mode,val_step,num_steps,colmap_mode,splatting_strategy,camera_src,pcd_src,align_mode,align_glue,shared_camera,keep_backup_cams,random_init,use_ba,feature_extractor,max_ba_iterations,source,dataset_collection,psnr,lpips,ssim,num_GS,eval_rte,eval_rre,depth_l1,depth_abs_rel,quality,avge,real_num_points,file_path,gsplat_file_path,folder,rre,rte,num_aligned,pred_depth_l1,pred_depth_absrel,pred_depth_rmse,sfm_file_path,input_folder,output_folder,initial_points,plot_series,num_images_jitter
vggt,20,42,0.0,100000,random,,,,0,10,farthestpose,,,,,,,,,,,0.0,,vggt,bicycle,radial,,,,,MCMC,,,,,Shared Cam,,,Use BA,aliked+sp,250,sfm,outdoor,,,,,,,,,,,,/home/ojab2/work/git/vggt/vggt_outputs/bicycle_4_n20_s42_mradial_aliked-sp_c0.0_p100000_random_farthestpose_useba_maxba250_sharedcam/eval_results.json,,bicycle_4_n20_s42_mradial_aliked-sp_c0.0_p100000_random_farthestpose_useba_maxba250_sharedcam,1.342,0.084784,20,,,,/home/ojab2/work/git/vggt/vggt_outputs/bicycle_4_n20_s42_mradial_aliked-sp_c0.0_p100000_random_farthestpose_useba_maxba250_sharedcam/eval_results.json,bicycle_4_n20_s42_mradial_aliked-sp_c0.0_p100000_random_farthestpose_useba_maxba250_sharedcam,,,vggt | Use BA,20.0
vggt,20,42,0.0,100000,random,,,,0,10,farthestpose,,,,,,,,,,,0.0,,vggt,garden,radial,,,,,MCMC,,,,,Shared Cam,,,Use BA,aliked+sp,250,sfm,outdoor,,,,,,,,,,,,/home/ojab2/work/git/vggt/vggt_outputs/garden_2_n20_s42_mradial_aliked-sp_c0.0_p100000_random_farthestpose_useba_maxba250_sharedcam/eval_results.json,,garden_2_n20_s42_mradial_aliked-sp_c0.0_p100000_random_farthestpose_useba_maxba250_sharedcam,0.5534,0.023834,20,,,,/home/ojab2/work/git/vggt/vggt_outputs/garden_2_n20_s42_mradial_aliked-sp_c0.0_p100000_random_farthestpose_useba_maxba250_sharedcam/eval_results.json,garden_2_n20_s42_mradial_aliked-sp_c0.0_p100000_random_farthestpose_useba_maxba250_sharedcam,,,vggt | Use BA,20.0
vggt,20,42,0.0,100000,random,,,,0,10,farthestpose,,,,,,,,,,,0.0,,vggt,stump,radial,,,,,MCMC,,,,,Shared Cam,,,Use BA,aliked+sp,250,sfm,outdoor,,,,,,,,,,,,/home/ojab2/work/git/vggt/vggt_outputs/stump_2_n20_s42_mradial_aliked-sp_c0.0_p100000_random_farthestpose_useba_maxba250_sharedcam/eval_results.json,,stump_2_n20_s42_mradial_aliked-sp_c0.0_p100000_random_farthestpose_useba_maxba250_sharedcam,2.2168,0.235111,20,,,,/home/ojab2/work/git/vggt/vggt_outputs/stump_2_n20_s42_mradial_aliked-sp_c0.0_p100000_random_farthestpose_useba_maxba250_sharedcam/eval_results.json,stump_2_n20_s42_mradial_aliked-sp_c0.0_p100000_random_farthestpose_useba_maxba250_sharedcam,,,vggt | Use BA,20.0
vggt,20,42,0.0,100000,random,,,,0,10,farthestpose,,,,,,,,,,,0.0,,vggt,bonsai,radial,,,,,MCMC,,,,,Shared Cam,,,Use BA,aliked+sp,250,sfm,indoor,,,,,,,,,,,,/home/ojab2/work/git/vggt/vggt_outputs/bonsai_2_n20_s42_mradial_aliked-sp_c0.0_p100000_random_farthestpose_useba_maxba250_sharedcam/eval_results.json,,bonsai_2_n20_s42_mradial_aliked-sp_c0.0_p100000_random_farthestpose_useba_maxba250_sharedcam,0.7219,0.03498,20,,,,/home/ojab2/work/git/vggt/vggt_outputs/bonsai_2_n20_s42_mradial_aliked-sp_c0.0_p100000_random_farthestpose_useba_maxba250_sharedcam/eval_results.json,bonsai_2_n20_s42_mradial_aliked-sp_c0.0_p100000_random_farthestpose_useba_maxba250_sharedcam,,,vggt | Use BA,20.0
vggt,20,42,0.0,100000,random,,,,0,10,farthestpose,,,,,,,,,,,0.0,,vggt,kitchen,radial,,,,,MCMC,,,,,Shared Cam,,,Use BA,aliked+sp,250,sfm,indoor,,,,,,,,,,,,/home/ojab2/work/git/vggt/vggt_outputs/kitchen_2_n20_s42_mradial_aliked-sp_c0.0_p100000_random_farthestpose_useba_maxba250_sharedcam/eval_results.json,,kitchen_2_n20_s42_mradial_aliked-sp_c0.0_p100000_random_farthestpose_useba_maxba250_sharedcam,0.5355,0.02543,20,,,,/home/ojab2/work/git/vggt/vggt_outputs/kitchen_2_n20_s42_mradial_aliked-sp_c0.0_p100000_random_farthestpose_useba_maxba250_sharedcam/eval_results.json,kitchen_2_n20_s42_mradial_aliked-sp_c0.0_p100000_random_farthestpose_useba_maxba250_sharedcam,,,vggt | Use BA,20.0
vggt,20,42,0.0,100000,random,,,,0,10,farthestpose,,,,,,,,,,,0.0,,vggt,counter,radial,,,,,MCMC,,,,,Shared Cam,,,Use BA,aliked+sp,250,sfm,indoor,,,,,,,,,,,,/home/ojab2/work/git/vggt/vggt_outputs/counter_2_n20_s42_mradial_aliked-sp_c0.0_p100000_random_farthestpose_useba_maxba250_sharedcam/eval_results.json,,counter_2_n20_s42_mradial_aliked-sp_c0.0_p100000_random_farthestpose_useba_maxba250_sharedcam,0.4862,0.027686,20,,,,/home/ojab2/work/git/vggt/vggt_outputs/counter_2_n20_s42_mradial_aliked-sp_c0.0_p100000_random_farthestpose_useba_maxba250_sharedcam/eval_results.json,counter_2_n20_s42_mradial_aliked-sp_c0.0_p100000_random_farthestpose_useba_maxba250_sharedcam,,,vggt | Use BA,20.0
vggt,20,42,0.0,100000,random,,,,0,10,farthestpose,,,,,,,,,,,0.0,,vggt,lego,pinhole,,,,,MCMC,,,,,Shared Cam,,,Use BA,aliked+sp,250,sfm,synthetic,,,,,,,,,,,,/home/ojab2/work/git/vggt/vggt_outputs/lego_1_n20_s42_mpinhole_aliked-sp_c0.0_p100000_random_farthestpose_useba_maxba250_sharedcam/eval_results.json,,lego_1_n20_s42_mpinhole_aliked-sp_c0.0_p100000_random_farthestpose_useba_maxba250_sharedcam,0.7987,0.044902,20,0.0603,0.017,0.099,/home/ojab2/work/git/vggt/vggt_outputs/lego_1_n20_s42_mpinhole_aliked-sp_c0.0_p100000_random_farthestpose_useba_maxba250_sharedcam/eval_results.json,lego_1_n20_s42_mpinhole_aliked-sp_c0.0_p100000_random_farthestpose_useba_maxba250_sharedcam,,,vggt | Use BA,20.0
vggt,20,42,0.0,100000,random,,,,0,10,farthestpose,,,,,,,,,,,0.0,,vggt,ship,pinhole,,,,,MCMC,,,,,Shared Cam,,,Use BA,aliked+sp,250,sfm,synthetic,,,,,,,,,,,,/home/ojab2/work/git/vggt/vggt_outputs/ship_1_n20_s42_mpinhole_aliked-sp_c0.0_p100000_random_farthestpose_useba_maxba250_sharedcam/eval_results.json,,ship_1_n20_s42_mpinhole_aliked-sp_c0.0_p100000_random_farthestpose_useba_maxba250_sharedcam,0.5068,0.024671,20,0.1049,0.0296,0.2313,/home/ojab2/work/git/vggt/vggt_outputs/ship_1_n20_s42_mpinhole_aliked-sp_c0.0_p100000_random_farthestpose_useba_maxba250_sharedcam/eval_results.json,ship_1_n20_s42_mpinhole_aliked-sp_c0.0_p100000_random_farthestpose_useba_maxba250_sharedcam,,,vggt | Use BA,20.0
vggt,20,42,0.0,100000,random,,,,0,10,farthestpose,,,,,,,,,,,0.0,,vggt,drums,pinhole,,,,,MCMC,,,,,Shared Cam,,,Use BA,aliked+sp,250,sfm,synthetic,,,,,,,,,,,,/home/ojab2/work/git/vggt/vggt_outputs/drums_1_n20_s42_mpinhole_aliked-sp_c0.0_p100000_random_farthestpose_useba_maxba250_sharedcam/eval_results.json,,drums_1_n20_s42_mpinhole_aliked-sp_c0.0_p100000_random_farthestpose_useba_maxba250_sharedcam,0.3373,0.013512,20,,,,/home/ojab2/work/git/vggt/vggt_outputs/drums_1_n20_s42_mpinhole_aliked-sp_c0.0_p100000_random_farthestpose_useba_maxba250_sharedcam/eval_results.json,drums_1_n20_s42_mpinhole_aliked-sp_c0.0_p100000_random_farthestpose_useba_maxba250_sharedcam,,,vggt | Use BA,20.0
vggt,40,42,0.0,100000,random,,,,0,10,farthestpose,,,,,,,,,,,0.0,,vggt,bicycle,radial,,,,,MCMC,,,,,Shared Cam,,,Use BA,aliked+sp,250,sfm,outdoor,,,,,,,,,,,,/home/ojab2/work/git/vggt/vggt_outputs/bicycle_4_n40_s42_mradial_aliked-sp_c0.0_p100000_random_farthestpose_useba_maxba250_sharedcam/eval_results.json,,bicycle_4_n40_s42_mradial_aliked-sp_c0.0_p100000_random_farthestpose_useba_maxba250_sharedcam,0.6602,0.049003,40,,,,/home/ojab2/work/git/vggt/vggt_outputs/bicycle_4_n40_s42_mradial_aliked-sp_c0.0_p100000_random_farthestpose_useba_maxba250_sharedcam/eval_results.json,bicycle_4_n40_s42_mradial_aliked-sp_c0.0_p100000_random_farthestpose_useba_maxba250_sharedcam,,,vggt | Use BA,40.0
vggt,40,42,0.0,100000,random,,,,0,10,farthestpose,,,,,,,,,,,0.0,,vggt,garden,radial,,,,,MCMC,,,,,Shared Cam,,,Use BA,aliked+sp,250,sfm,outdoor,,,,,,,,,,,,/home/ojab2/work/git/vggt/vggt_outputs/garden_2_n40_s42_mradial_aliked-sp_c0.0_p100000_random_farthestpose_useba_maxba250_sharedcam/eval_results.json,,garden_2_n40_s42_mradial_aliked-sp_c0.0_p100000_random_farthestpose_useba_maxba250_sharedcam,0.4218,0.016362,40,,,,/home/ojab2/work/git/vggt/vggt_outputs/garden_2_n40_s42_mradial_aliked-sp_c0.0_p100000_random_farthestpose_useba_maxba250_sharedcam/eval_results.json,garden_2_n40_s42_mradial_aliked-sp_c0.0_p100000_random_farthestpose_useba_maxba250_sharedcam,,,vggt | Use BA,40.0
vggt,40,42,0.0,100000,random,,,,0,10,farthestpose,,,,,,,,,,,0.0,,vggt,stump,radial,,,,,MCMC,,,,,Shared Cam,,,Use BA,aliked+sp,250,sfm,outdoor,,,,,,,,,,,,/home/ojab2/work/git/vggt/vggt_outputs/stump_2_n40_s42_mradial_aliked-sp_c0.0_p100000_random_farthestpose_useba_maxba250_sharedcam/eval_results.json,,stump_2_n40_s42_mradial_aliked-sp_c0.0_p100000_random_farthestpose_useba_maxba250_sharedcam,1.2508,0.072619,40,,,,/home/ojab2/work/git/vggt/vggt_outputs/stump_2_n40_s42_mradial_aliked-sp_c0.0_p100000_random_farthestpose_useba_maxba250_sharedcam/eval_results.json,stump_2_n40_s42_mradial_aliked-sp_c0.0_p100000_random_farthestpose_useba_maxba250_sharedcam,,,vggt | Use BA,40.0
vggt,40,42,0.0,100000,random,,,,0,10,farthestpose,,,,,,,,,,,0.0,,vggt,bonsai,radial,,,,,MCMC,,,,,Shared Cam,,,Use BA,aliked+sp,250,sfm,indoor,,,,,,,,,,,,/home/ojab2/work/git/vggt/vggt_outputs/bonsai_2_n40_s42_mradial_aliked-sp_c0.0_p100000_random_farthestpose_useba_maxba250_sharedcam/eval_results.json,,bonsai_2_n40_s42_mradial_aliked-sp_c0.0_p100000_random_farthestpose_useba_maxba250_sharedcam,0.7227,0.040118,40,,,,/home/ojab2/work/git/vggt/vggt_outputs/bonsai_2_n40_s42_mradial_aliked-sp_c0.0_p100000_random_farthestpose_useba_maxba250_sharedcam/eval_results.json,bonsai_2_n40_s42_mradial_aliked-sp_c0.0_p100000_random_farthestpose_useba_maxba250_sharedcam,,,vggt | Use BA,40.0
vggt,40,42,0.0,100000,random,,,,0,10,farthestpose,,,,,,,,,,,0.0,,vggt,kitchen,radial,,,,,MCMC,,,,,Shared Cam,,,Use BA,aliked+sp,250,sfm,indoor,,,,,,,,,,,,/home/ojab2/work/git/vggt/vggt_outputs/kitchen_2_n40_s42_mradial_aliked-sp_c0.0_p100000_random_farthestpose_useba_maxba250_sharedcam/eval_results.json,,kitchen_2_n40_s42_mradial_aliked-sp_c0.0_p100000_random_farthestpose_useba_maxba250_sharedcam,0.447,0.017629,40,,,,/home/ojab2/work/git/vggt/vggt_outputs/kitchen_2_n40_s42_mradial_aliked-sp_c0.0_p100000_random_farthestpose_useba_maxba250_sharedcam/eval_results.json,kitchen_2_n40_s42_mradial_aliked-sp_c0.0_p100000_random_farthestpose_useba_maxba250_sharedcam,,,vggt | Use BA,40.0
vggt,40,42,0.0,100000,random,,,,0,10,farthestpose,,,,,,,,,,,0.0,,vggt,counter,radial,,,,,MCMC,,,,,Shared Cam,,,Use BA,aliked+sp,250,sfm,indoor,,,,,,,,,,,,/home/ojab2/work/git/vggt/vggt_outputs/counter_2_n40_s42_mradial_aliked-sp_c0.0_p100000_random_farthestpose_useba_maxba250_sharedcam/eval_results.json,,counter_2_n40_s42_mradial_aliked-sp_c0.0_p100000_random_farthestpose_useba_maxba250_sharedcam,0.4229,0.019703,40,,,,/home/ojab2/work/git/vggt/vggt_outputs/counter_2_n40_s42_mradial_aliked-sp_c0.0_p100000_random_farthestpose_useba_maxba250_sharedcam/eval_results.json,counter_2_n40_s42_mradial_aliked-sp_c0.0_p100000_random_farthestpose_useba_maxba250_sharedcam,,,vggt | Use BA,40.0
vggt,40,42,0.0,100000,random,,,,0,10,farthestpose,,,,,,,,,,,0.0,,vggt,lego,pinhole,,,,,MCMC,,,,,Shared Cam,,,Use BA,aliked+sp,250,sfm,synthetic,,,,,,,,,,,,/home/ojab2/work/git/vggt/vggt_outputs/lego_1_n40_s42_mpinhole_aliked-sp_c0.0_p100000_random_farthestpose_useba_maxba250_sharedcam/eval_results.json,,lego_1_n40_s42_mpinhole_aliked-sp_c0.0_p100000_random_farthestpose_useba_maxba250_sharedcam,0.5183,0.020374,40,0.0546,0.0151,0.0987,/home/ojab2/work/git/vggt/vggt_outputs/lego_1_n40_s42_mpinhole_aliked-sp_c0.0_p100000_random_farthestpose_useba_maxba250_sharedcam/eval_results.json,lego_1_n40_s42_mpinhole_aliked-sp_c0.0_p100000_random_farthestpose_useba_maxba250_sharedcam,,,vggt | Use BA,40.0
vggt,40,42,0.0,100000,random,,,,0,10,farthestpose,,,,,,,,,,,0.0,,vggt,ship,pinhole,,,,,MCMC,,,,,Shared Cam,,,Use BA,aliked+sp,250,sfm,synthetic,,,,,,,,,,,,/home/ojab2/work/git/vggt/vggt_outputs/ship_1_n40_s42_mpinhole_aliked-sp_c0.0_p100000_random_farthestpose_useba_maxba250_sharedcam/eval_results.json,,ship_1_n40_s42_mpinhole_aliked-sp_c0.0_p100000_random_farthestpose_useba_maxba250_sharedcam,0.4133,0.016472,40,0.1411,0.0394,0.2378,/home/ojab2/work/git/vggt/vggt_outputs/ship_1_n40_s42_mpinhole_aliked-sp_c0.0_p100000_random_farthestpose_useba_maxba250_sharedcam/eval_results.json,ship_1_n40_s42_mpinhole_aliked-sp_c0.0_p100000_random_farthestpose_useba_maxba250_sharedcam,,,vggt | Use BA,40.0
vggt,40,42,0.0,100000,random,,,,0,10,farthestpose,,,,,,,,,,,0.0,,vggt,drums,pinhole,,,,,MCMC,,,,,Shared Cam,,,Use BA,aliked+sp,250,sfm,synthetic,,,,,,,,,,,,/home/ojab2/work/git/vggt/vggt_outputs/drums_1_n40_s42_mpinhole_aliked-sp_c0.0_p100000_random_farthestpose_useba_maxba250_sharedcam/eval_results.json,,drums_1_n40_s42_mpinhole_aliked-sp_c0.0_p100000_random_farthestpose_useba_maxba250_sharedcam,0.2543,0.011172,40,,,,/home/ojab2/work/git/vggt/vggt_outputs/drums_1_n40_s42_mpinhole_aliked-sp_c0.0_p100000_random_farthestpose_useba_maxba250_sharedcam/eval_results.json,drums_1_n40_s42_mpinhole_aliked-sp_c0.0_p100000_random_farthestpose_useba_maxba250_sharedcam,,,vggt | Use BA,40.0
vggt,60,42,0.0,100000,random,,,,0,10,farthestpose,,,,,,,,,,,0.0,,vggt,bicycle,radial,,,,,MCMC,,,,,Shared Cam,,,Use BA,aliked+sp,250,sfm,outdoor,,,,,,,,,,,,/home/ojab2/work/git/vggt/vggt_outputs/bicycle_4_n60_s42_mradial_aliked-sp_c0.0_p100000_random_farthestpose_useba_maxba250_sharedcam/eval_results.json,,bicycle_4_n60_s42_mradial_aliked-sp_c0.0_p100000_random_farthestpose_useba_maxba250_sharedcam,0.6308,0.040847,60,,,,/home/ojab2/work/git/vggt/vggt_outputs/bicycle_4_n60_s42_mradial_aliked-sp_c0.0_p100000_random_farthestpose_useba_maxba250_sharedcam/eval_results.json,bicycle_4_n60_s42_mradial_aliked-sp_c0.0_p100000_random_farthestpose_useba_maxba250_sharedcam,,,vggt | Use BA,60.0
vggt,60,42,0.0,100000,random,,,,0,10,farthestpose,,,,,,,,,,,0.0,,vggt,garden,radial,,,,,MCMC,,,,,Shared Cam,,,Use BA,aliked+sp,250,sfm,outdoor,,,,,,,,,,,,/home/ojab2/work/git/vggt/vggt_outputs/garden_2_n60_s42_mradial_aliked-sp_c0.0_p100000_random_farthestpose_useba_maxba250_sharedcam/eval_results.json,,garden_2_n60_s42_mradial_aliked-sp_c0.0_p100000_random_farthestpose_useba_maxba250_sharedcam,0.3679,0.014324,60,,,,/home/ojab2/work/git/vggt/vggt_outputs/garden_2_n60_s42_mradial_aliked-sp_c0.0_p100000_random_farthestpose_useba_maxba250_sharedcam/eval_results.json,garden_2_n60_s42_mradial_aliked-sp_c0.0_p100000_random_farthestpose_useba_maxba250_sharedcam,,,vggt | Use BA,60.0
vggt,60,42,0.0,100000,random,,,,0,10,farthestpose,,,,,,,,,,,0.0,,vggt,stump,radial,,,,,MCMC,,,,,Shared Cam,,,Use BA,aliked+sp,250,sfm,outdoor,,,,,,,,,,,,/home/ojab2/work/git/vggt/vggt_outputs/stump_2_n60_s42_mradial_aliked-sp_c0.0_p100000_random_farthestpose_useba_maxba250_sharedcam/eval_results.json,,stump_2_n60_s42_mradial_aliked-sp_c0.0_p100000_random_farthestpose_useba_maxba250_sharedcam,0.8555,0.05699,60,,,,/home/ojab2/work/git/vggt/vggt_outputs/stump_2_n60_s42_mradial_aliked-sp_c0.0_p100000_random_farthestpose_useba_maxba250_sharedcam/eval_results.json,stump_2_n60_s42_mradial_aliked-sp_c0.0_p100000_random_farthestpose_useba_maxba250_sharedcam,,,vggt | Use BA,60.0
vggt,60,42,0.0,100000,random,,,,0,10,farthestpose,,,,,,,,,,,0.0,,vggt,bonsai,radial,,,,,MCMC,,,,,Shared Cam,,,Use BA,aliked+sp,250,sfm,indoor,,,,,,,,,,,,/home/ojab2/work/git/vggt/vggt_outputs/bonsai_2_n60_s42_mradial_aliked-sp_c0.0_p100000_random_farthestpose_useba_maxba250_sharedcam/eval_results.json,,bonsai_2_n60_s42_mradial_aliked-sp_c0.0_p100000_random_farthestpose_useba_maxba250_sharedcam,0.6577,0.040459,60,,,,/home/ojab2/work/git/vggt/vggt_outputs/bonsai_2_n60_s42_mradial_aliked-sp_c0.0_p100000_random_farthestpose_useba_maxba250_sharedcam/eval_results.json,bonsai_2_n60_s42_mradial_aliked-sp_c0.0_p100000_random_farthestpose_useba_maxba250_sharedcam,,,vggt | Use BA,60.0
vggt,60,42,0.0,100000,random,,,,0,10,farthestpose,,,,,,,,,,,0.0,,vggt,kitchen,radial,,,,,MCMC,,,,,Shared Cam,,,Use BA,aliked+sp,250,sfm,indoor,,,,,,,,,,,,/home/ojab2/work/git/vggt/vggt_outputs/kitchen_2_n60_s42_mradial_aliked-sp_c0.0_p100000_random_farthestpose_useba_maxba250_sharedcam/eval_results.json,,kitchen_2_n60_s42_mradial_aliked-sp_c0.0_p100000_random_farthestpose_useba_maxba250_sharedcam,0.4308,0.023469,60,,,,/home/ojab2/work/git/vggt/vggt_outputs/kitchen_2_n60_s42_mradial_aliked-sp_c0.0_p100000_random_farthestpose_useba_maxba250_sharedcam/eval_results.json,kitchen_2_n60_s42_mradial_aliked-sp_c0.0_p100000_random_farthestpose_useba_maxba250_sharedcam,,,vggt | Use BA,60.0
vggt,60,42,0.0,100000,random,,,,0,10,farthestpose,,,,,,,,,,,0.0,,vggt,counter,radial,,,,,MCMC,,,,,Shared Cam,,,Use BA,aliked+sp,250,sfm,indoor,,,,,,,,,,,,/home/ojab2/work/git/vggt/vggt_outputs/counter_2_n60_s42_mradial_aliked-sp_c0.0_p100000_random_farthestpose_useba_maxba250_sharedcam/eval_results.json,,counter_2_n60_s42_mradial_aliked-sp_c0.0_p100000_random_farthestpose_useba_maxba250_sharedcam,0.4396,0.017349,60,,,,/home/ojab2/work/git/vggt/vggt_outputs/counter_2_n60_s42_mradial_aliked-sp_c0.0_p100000_random_farthestpose_useba_maxba250_sharedcam/eval_results.json,counter_2_n60_s42_mradial_aliked-sp_c0.0_p100000_random_farthestpose_useba_maxba250_sharedcam,,,vggt | Use BA,60.0
vggt,60,42,0.0,100000,random,,,,0,10,farthestpose,,,,,,,,,,,0.0,,vggt,lego,pinhole,,,,,MCMC,,,,,Shared Cam,,,Use BA,aliked+sp,250,sfm,synthetic,,,,,,,,,,,,/home/ojab2/work/git/vggt/vggt_outputs/lego_1_n60_s42_mpinhole_aliked-sp_c0.0_p100000_random_farthestpose_useba_maxba250_sharedcam/eval_results.json,,lego_1_n60_s42_mpinhole_aliked-sp_c0.0_p100000_random_farthestpose_useba_maxba250_sharedcam,0.3406,0.01554,60,0.0447,0.0125,0.0995,/home/ojab2/work/git/vggt/vggt_outputs/lego_1_n60_s42_mpinhole_aliked-sp_c0.0_p100000_random_farthestpose_useba_maxba250_sharedcam/eval_results.json,lego_1_n60_s42_mpinhole_aliked-sp_c0.0_p100000_random_farthestpose_useba_maxba250_sharedcam,,,vggt | Use BA,60.0
vggt,60,42,0.0,100000,random,,,,0,10,farthestpose,,,,,,,,,,,0.0,,vggt,ship,pinhole,,,,,MCMC,,,,,Shared Cam,,,Use BA,aliked+sp,250,sfm,synthetic,,,,,,,,,,,,/home/ojab2/work/git/vggt/vggt_outputs/ship_1_n60_s42_mpinhole_aliked-sp_c0.0_p100000_random_farthestpose_useba_maxba250_sharedcam/eval_results.json,,ship_1_n60_s42_mpinhole_aliked-sp_c0.0_p100000_random_farthestpose_useba_maxba250_sharedcam,0.3319,0.018428,60,0.1834,0.0494,0.3026,/home/ojab2/work/git/vggt/vggt_outputs/ship_1_n60_s42_mpinhole_aliked-sp_c0.0_p100000_random_farthestpose_useba_maxba250_sharedcam/eval_results.json,ship_1_n60_s42_mpinhole_aliked-sp_c0.0_p100000_random_farthestpose_useba_maxba250_sharedcam,,,vggt | Use BA,60.0
vggt,60,42,0.0,100000,random,,,,0,10,farthestpose,,,,,,,,,,,0.0,,vggt,drums,pinhole,,,,,MCMC,,,,,Shared Cam,,,Use BA,aliked+sp,250,sfm,synthetic,,,,,,,,,,,,/home/ojab2/work/git/vggt/vggt_outputs/drums_1_n60_s42_mpinhole_aliked-sp_c0.0_p100000_random_farthestpose_useba_maxba250_sharedcam/eval_results.json,,drums_1_n60_s42_mpinhole_aliked-sp_c0.0_p100000_random_farthestpose_useba_maxba250_sharedcam,0.25,0.012533,60,,,,/home/ojab2/work/git/vggt/vggt_outputs/drums_1_n60_s42_mpinhole_aliked-sp_c0.0_p100000_random_farthestpose_useba_maxba250_sharedcam/eval_results.json,drums_1_n60_s42_mpinhole_aliked-sp_c0.0_p100000_random_farthestpose_useba_maxba250_sharedcam,,,vggt | Use BA,60.0
vggt,80,42,0.0,100000,random,,,,0,10,farthestpose,,,,,,,,,,,0.0,,vggt,bicycle,radial,,,,,MCMC,,,,,Shared Cam,,,Use BA,aliked+sp,250,sfm,outdoor,,,,,,,,,,,,/home/ojab2/work/git/vggt/vggt_outputs/bicycle_4_n80_s42_mradial_aliked-sp_c0.0_p100000_random_farthestpose_useba_maxba250_sharedcam/eval_results.json,,bicycle_4_n80_s42_mradial_aliked-sp_c0.0_p100000_random_farthestpose_useba_maxba250_sharedcam,0.5863,0.039686,80,,,,/home/ojab2/work/git/vggt/vggt_outputs/bicycle_4_n80_s42_mradial_aliked-sp_c0.0_p100000_random_farthestpose_useba_maxba250_sharedcam/eval_results.json,bicycle_4_n80_s42_mradial_aliked-sp_c0.0_p100000_random_farthestpose_useba_maxba250_sharedcam,,,vggt | Use BA,80.0
vggt,80,42,0.0,100000,random,,,,0,10,farthestpose,,,,,,,,,,,0.0,,vggt,garden,radial,,,,,MCMC,,,,,Shared Cam,,,Use BA,aliked+sp,250,sfm,outdoor,,,,,,,,,,,,/home/ojab2/work/git/vggt/vggt_outputs/garden_2_n80_s42_mradial_aliked-sp_c0.0_p100000_random_farthestpose_useba_maxba250_sharedcam/eval_results.json,,garden_2_n80_s42_mradial_aliked-sp_c0.0_p100000_random_farthestpose_useba_maxba250_sharedcam,0.3327,0.013745,80,,,,/home/ojab2/work/git/vggt/vggt_outputs/garden_2_n80_s42_mradial_aliked-sp_c0.0_p100000_random_farthestpose_useba_maxba250_sharedcam/eval_results.json,garden_2_n80_s42_mradial_aliked-sp_c0.0_p100000_random_farthestpose_useba_maxba250_sharedcam,,,vggt | Use BA,80.0
vggt,80,42,0.0,100000,random,,,,0,10,farthestpose,,,,,,,,,,,0.0,,vggt,stump,radial,,,,,MCMC,,,,,Shared Cam,,,Use BA,aliked+sp,250,sfm,outdoor,,,,,,,,,,,,/home/ojab2/work/git/vggt/vggt_outputs/stump_2_n80_s42_mradial_aliked-sp_c0.0_p100000_random_farthestpose_useba_maxba250_sharedcam/eval_results.json,,stump_2_n80_s42_mradial_aliked-sp_c0.0_p100000_random_farthestpose_useba_maxba250_sharedcam,0.8468,0.050118,80,,,,/home/ojab2/work/git/vggt/vggt_outputs/stump_2_n80_s42_mradial_aliked-sp_c0.0_p100000_random_farthestpose_useba_maxba250_sharedcam/eval_results.json,stump_2_n80_s42_mradial_aliked-sp_c0.0_p100000_random_farthestpose_useba_maxba250_sharedcam,,,vggt | Use BA,80.0
vggt,80,42,0.0,100000,random,,,,0,10,farthestpose,,,,,,,,,,,0.0,,vggt,bonsai,radial,,,,,MCMC,,,,,Shared Cam,,,Use BA,aliked+sp,250,sfm,indoor,,,,,,,,,,,,/home/ojab2/work/git/vggt/vggt_outputs/bonsai_2_n80_s42_mradial_aliked-sp_c0.0_p100000_random_farthestpose_useba_maxba250_sharedcam/eval_results.json,,bonsai_2_n80_s42_mradial_aliked-sp_c0.0_p100000_random_farthestpose_useba_maxba250_sharedcam,0.7554,0.041192,80,,,,/home/ojab2/work/git/vggt/vggt_outputs/bonsai_2_n80_s42_mradial_aliked-sp_c0.0_p100000_random_farthestpose_useba_maxba250_sharedcam/eval_results.json,bonsai_2_n80_s42_mradial_aliked-sp_c0.0_p100000_random_farthestpose_useba_maxba250_sharedcam,,,vggt | Use BA,80.0
vggt,80,42,0.0,100000,random,,,,0,10,farthestpose,,,,,,,,,,,0.0,,vggt,kitchen,radial,,,,,MCMC,,,,,Shared Cam,,,Use BA,aliked+sp,250,sfm,indoor,,,,,,,,,,,,/home/ojab2/work/git/vggt/vggt_outputs/kitchen_2_n80_s42_mradial_aliked-sp_c0.0_p100000_random_farthestpose_useba_maxba250_sharedcam/eval_results.json,,kitchen_2_n80_s42_mradial_aliked-sp_c0.0_p100000_random_farthestpose_useba_maxba250_sharedcam,0.4398,0.022564,80,,,,/home/ojab2/work/git/vggt/vggt_outputs/kitchen_2_n80_s42_mradial_aliked-sp_c0.0_p100000_random_farthestpose_useba_maxba250_sharedcam/eval_results.json,kitchen_2_n80_s42_mradial_aliked-sp_c0.0_p100000_random_farthestpose_useba_maxba250_sharedcam,,,vggt | Use BA,80.0
vggt,80,42,0.0,100000,random,,,,0,10,farthestpose,,,,,,,,,,,0.0,,vggt,counter,radial,,,,,MCMC,,,,,Shared Cam,,,Use BA,aliked+sp,250,sfm,indoor,,,,,,,,,,,,/home/ojab2/work/git/vggt/vggt_outputs/counter_2_n80_s42_mradial_aliked-sp_c0.0_p100000_random_farthestpose_useba_maxba250_sharedcam/eval_results.json,,counter_2_n80_s42_mradial_aliked-sp_c0.0_p100000_random_farthestpose_useba_maxba250_sharedcam,0.4495,0.016575,80,,,,/home/ojab2/work/git/vggt/vggt_outputs/counter_2_n80_s42_mradial_aliked-sp_c0.0_p100000_random_farthestpose_useba_maxba250_sharedcam/eval_results.json,counter_2_n80_s42_mradial_aliked-sp_c0.0_p100000_random_farthestpose_useba_maxba250_sharedcam,,,vggt | Use BA,80.0
vggt,80,42,0.0,100000,random,,,,0,10,farthestpose,,,,,,,,,,,0.0,,vggt,lego,pinhole,,,,,MCMC,,,,,Shared Cam,,,Use BA,aliked+sp,250,sfm,synthetic,,,,,,,,,,,,/home/ojab2/work/git/vggt/vggt_outputs/lego_1_n80_s42_mpinhole_aliked-sp_c0.0_p100000_random_farthestpose_useba_maxba250_sharedcam/eval_results.json,,lego_1_n80_s42_mpinhole_aliked-sp_c0.0_p100000_random_farthestpose_useba_maxba250_sharedcam,0.2987,0.013943,80,0.043,0.0121,0.1095,/home/ojab2/work/git/vggt/vggt_outputs/lego_1_n80_s42_mpinhole_aliked-sp_c0.0_p100000_random_farthestpose_useba_maxba250_sharedcam/eval_results.json,lego_1_n80_s42_mpinhole_aliked-sp_c0.0_p100000_random_farthestpose_useba_maxba250_sharedcam,,,vggt | Use BA,80.0
vggt,80,42,0.0,100000,random,,,,0,10,farthestpose,,,,,,,,,,,0.0,,vggt,ship,pinhole,,,,,MCMC,,,,,Shared Cam,,,Use BA,aliked+sp,250,sfm,synthetic,,,,,,,,,,,,/home/ojab2/work/git/vggt/vggt_outputs/ship_1_n80_s42_mpinhole_aliked-sp_c0.0_p100000_random_farthestpose_useba_maxba250_sharedcam/eval_results.json,,ship_1_n80_s42_mpinhole_aliked-sp_c0.0_p100000_random_farthestpose_useba_maxba250_sharedcam,0.4019,0.024446,80,0.1684,0.0448,0.28,/home/ojab2/work/git/vggt/vggt_outputs/ship_1_n80_s42_mpinhole_aliked-sp_c0.0_p100000_random_farthestpose_useba_maxba250_sharedcam/eval_results.json,ship_1_n80_s42_mpinhole_aliked-sp_c0.0_p100000_random_farthestpose_useba_maxba250_sharedcam,,,vggt | Use BA,80.0
vggt,80,42,0.0,100000,random,,,,0,10,farthestpose,,,,,,,,,,,0.0,,vggt,drums,pinhole,,,,,MCMC,,,,,Shared Cam,,,Use BA,aliked+sp,250,sfm,synthetic,,,,,,,,,,,,/home/ojab2/work/git/vggt/vggt_outputs/drums_1_n80_s42_mpinhole_aliked-sp_c0.0_p100000_random_farthestpose_useba_maxba250_sharedcam/eval_results.json,,drums_1_n80_s42_mpinhole_aliked-sp_c0.0_p100000_random_farthestpose_useba_maxba250_sharedcam,0.2339,0.010435,80,,,,/home/ojab2/work/git/vggt/vggt_outputs/drums_1_n80_s42_mpinhole_aliked-sp_c0.0_p100000_random_farthestpose_useba_maxba250_sharedcam/eval_results.json,drums_1_n80_s42_mpinhole_aliked-sp_c0.0_p100000_random_farthestpose_useba_maxba250_sharedcam,,,vggt | Use BA,80.0
vggt,87,42,0.0,100000,random,,,,0,10,farthestpose,,,,,,,,,,,0.0,,vggt,lego,pinhole,,,,,MCMC,,,,,Shared Cam,,,Use BA,aliked+sp,250,sfm,synthetic,,,,,,,,,,,,/home/ojab2/work/git/vggt/vggt_outputs/lego_1_n87_s42_mpinhole_aliked-sp_c0.0_p100000_random_farthestpose_useba_maxba250_sharedcam/eval_results.json,,lego_1_n87_s42_mpinhole_aliked-sp_c0.0_p100000_random_farthestpose_useba_maxba250_sharedcam,0.2685,0.015949,87,0.0438,0.0124,0.1148,/home/ojab2/work/git/vggt/vggt_outputs/lego_1_n87_s42_mpinhole_aliked-sp_c0.0_p100000_random_farthestpose_useba_maxba250_sharedcam/eval_results.json,lego_1_n87_s42_mpinhole_aliked-sp_c0.0_p100000_random_farthestpose_useba_maxba250_sharedcam,,,vggt | Use BA,87.0
vggt,87,42,0.0,100000,random,,,,0,10,farthestpose,,,,,,,,,,,0.0,,vggt,ship,pinhole,,,,,MCMC,,,,,Shared Cam,,,Use BA,aliked+sp,250,sfm,synthetic,,,,,,,,,,,,/home/ojab2/work/git/vggt/vggt_outputs/ship_1_n87_s42_mpinhole_aliked-sp_c0.0_p100000_random_farthestpose_useba_maxba250_sharedcam/eval_results.json,,ship_1_n87_s42_mpinhole_aliked-sp_c0.0_p100000_random_farthestpose_useba_maxba250_sharedcam,0.429,0.025089,87,0.1645,0.0436,0.2731,/home/ojab2/work/git/vggt/vggt_outputs/ship_1_n87_s42_mpinhole_aliked-sp_c0.0_p100000_random_farthestpose_useba_maxba250_sharedcam/eval_results.json,ship_1_n87_s42_mpinhole_aliked-sp_c0.0_p100000_random_farthestpose_useba_maxba250_sharedcam,,,vggt | Use BA,87.0
vggt,87,42,0.0,100000,random,,,,0,10,farthestpose,,,,,,,,,,,0.0,,vggt,drums,pinhole,,,,,MCMC,,,,,Shared Cam,,,Use BA,aliked+sp,250,sfm,synthetic,,,,,,,,,,,,/home/ojab2/work/git/vggt/vggt_outputs/drums_1_n87_s42_mpinhole_aliked-sp_c0.0_p100000_random_farthestpose_useba_maxba250_sharedcam/eval_results.json,,drums_1_n87_s42_mpinhole_aliked-sp_c0.0_p100000_random_farthestpose_useba_maxba250_sharedcam,0.2352,0.010833,87,,,,/home/ojab2/work/git/vggt/vggt_outputs/drums_1_n87_s42_mpinhole_aliked-sp_c0.0_p100000_random_farthestpose_useba_maxba250_sharedcam/eval_results.json,drums_1_n87_s42_mpinhole_aliked-sp_c0.0_p100000_random_farthestpose_useba_maxba250_sharedcam,,,vggt | Use BA,87.0
vggt,100,42,0.0,100000,random,,,,0,10,farthestpose,,,,,,,,,,,0.0,,vggt,bicycle,radial,,,,,MCMC,,,,,Shared Cam,,,Use BA,aliked+sp,250,sfm,outdoor,,,,,,,,,,,,/home/ojab2/work/git/vggt/vggt_outputs/bicycle_4_n100_s42_mradial_aliked-sp_c0.0_p100000_random_farthestpose_useba_maxba250_sharedcam/eval_results.json,,bicycle_4_n100_s42_mradial_aliked-sp_c0.0_p100000_random_farthestpose_useba_maxba250_sharedcam,0.5899,0.03799,100,,,,/home/ojab2/work/git/vggt/vggt_outputs/bicycle_4_n100_s42_mradial_aliked-sp_c0.0_p100000_random_farthestpose_useba_maxba250_sharedcam/eval_results.json,bicycle_4_n100_s42_mradial_aliked-sp_c0.0_p100000_random_farthestpose_useba_maxba250_sharedcam,,,vggt | Use BA,100.0
vggt,100,42,0.0,100000,random,,,,0,10,farthestpose,,,,,,,,,,,0.0,,vggt,garden,radial,,,,,MCMC,,,,,Shared Cam,,,Use BA,aliked+sp,250,sfm,outdoor,,,,,,,,,,,,/home/ojab2/work/git/vggt/vggt_outputs/garden_2_n100_s42_mradial_aliked-sp_c0.0_p100000_random_farthestpose_useba_maxba250_sharedcam/eval_results.json,,garden_2_n100_s42_mradial_aliked-sp_c0.0_p100000_random_farthestpose_useba_maxba250_sharedcam,0.3292,0.014488,100,,,,/home/ojab2/work/git/vggt/vggt_outputs/garden_2_n100_s42_mradial_aliked-sp_c0.0_p100000_random_farthestpose_useba_maxba250_sharedcam/eval_results.json,garden_2_n100_s42_mradial_aliked-sp_c0.0_p100000_random_farthestpose_useba_maxba250_sharedcam,,,vggt | Use BA,100.0
vggt,100,42,0.0,100000,random,,,,0,10,farthestpose,,,,,,,,,,,0.0,,vggt,stump,radial,,,,,MCMC,,,,,Shared Cam,,,Use BA,aliked+sp,250,sfm,outdoor,,,,,,,,,,,,/home/ojab2/work/git/vggt/vggt_outputs/stump_2_n100_s42_mradial_aliked-sp_c0.0_p100000_random_farthestpose_useba_maxba250_sharedcam/eval_results.json,,stump_2_n100_s42_mradial_aliked-sp_c0.0_p100000_random_farthestpose_useba_maxba250_sharedcam,0.695,0.043247,100,,,,/home/ojab2/work/git/vggt/vggt_outputs/stump_2_n100_s42_mradial_aliked-sp_c0.0_p100000_random_farthestpose_useba_maxba250_sharedcam/eval_results.json,stump_2_n100_s42_mradial_aliked-sp_c0.0_p100000_random_farthestpose_useba_maxba250_sharedcam,,,vggt | Use BA,100.0
vggt,100,42,0.0,100000,random,,,,0,10,farthestpose,,,,,,,,,,,0.0,,vggt,bonsai,radial,,,,,MCMC,,,,,Shared Cam,,,Use BA,aliked+sp,250,sfm,indoor,,,,,,,,,,,,/home/ojab2/work/git/vggt/vggt_outputs/bonsai_2_n100_s42_mradial_aliked-sp_c0.0_p100000_random_farthestpose_useba_maxba250_sharedcam/eval_results.json,,bonsai_2_n100_s42_mradial_aliked-sp_c0.0_p100000_random_farthestpose_useba_maxba250_sharedcam,0.5792,0.034349,100,,,,/home/ojab2/work/git/vggt/vggt_outputs/bonsai_2_n100_s42_mradial_aliked-sp_c0.0_p100000_random_farthestpose_useba_maxba250_sharedcam/eval_results.json,bonsai_2_n100_s42_mradial_aliked-sp_c0.0_p100000_random_farthestpose_useba_maxba250_sharedcam,,,vggt | Use BA,100.0
vggt,100,42,0.0,100000,random,,,,0,10,farthestpose,,,,,,,,,,,0.0,,vggt,kitchen,radial,,,,,MCMC,,,,,Shared Cam,,,Use BA,aliked+sp,250,sfm,indoor,,,,,,,,,,,,/home/ojab2/work/git/vggt/vggt_outputs/kitchen_2_n100_s42_mradial_aliked-sp_c0.0_p100000_random_farthestpose_useba_maxba250_sharedcam/eval_results.json,,kitchen_2_n100_s42_mradial_aliked-sp_c0.0_p100000_random_farthestpose_useba_maxba250_sharedcam,0.4536,0.023341,100,,,,/home/ojab2/work/git/vggt/vggt_outputs/kitchen_2_n100_s42_mradial_aliked-sp_c0.0_p100000_random_farthestpose_useba_maxba250_sharedcam/eval_results.json,kitchen_2_n100_s42_mradial_aliked-sp_c0.0_p100000_random_farthestpose_useba_maxba250_sharedcam,,,vggt | Use BA,100.0
vggt,100,42,0.0,100000,random,,,,0,10,farthestpose,,,,,,,,,,,0.0,,vggt,counter,radial,,,,,MCMC,,,,,Shared Cam,,,Use BA,aliked+sp,250,sfm,indoor,,,,,,,,,,,,/home/ojab2/work/git/vggt/vggt_outputs/counter_2_n100_s42_mradial_aliked-sp_c0.0_p100000_random_farthestpose_useba_maxba250_sharedcam/eval_results.json,,counter_2_n100_s42_mradial_aliked-sp_c0.0_p100000_random_farthestpose_useba_maxba250_sharedcam,0.4211,0.016951,100,,,,/home/ojab2/work/git/vggt/vggt_outputs/counter_2_n100_s42_mradial_aliked-sp_c0.0_p100000_random_farthestpose_useba_maxba250_sharedcam/eval_results.json,counter_2_n100_s42_mradial_aliked-sp_c0.0_p100000_random_farthestpose_useba_maxba250_sharedcam,,,vggt | Use BA,100.0
colmap,20,42,,44,,,,,0,10,farthestpose,20,GT Eval,,,,,,,,,0.0,,colmap,bicycle,,,15000,15000,default,MCMC,,,,,Shared Cam,,,,,,gsplat,outdoor,9.327774047851562,0.9867873787879944,0.011039652861654758,38969,,,,,-0.523502769271823,0.6993310048837558,44,/home/ojab2/work/git/gsplat/results/colmap_outputs/bicycle_4_n20_s42_default_farthestpose_sharedcam_i20_gteval_steps15000/stats/val_step14999.json,/home/ojab2/work/git/gsplat/results/colmap_outputs/bicycle_4_n20_s42_default_farthestpose_sharedcam_i20_gteval_steps15000/stats/val_step14999.json,bicycle_4_n20_s42_default_farthestpose_sharedcam_i20_gteval_steps15000,19.4863,0.240427,2,,,,/home/ojab2/work/git/vggt/colmap_outputs/bicycle_4_n20_s42_default_farthestpose_sharedcam/eval_results.json,bicycle_4_n20_s42_default_farthestpose_sharedcam,bicycle_4_n20_s42_default_farthestpose_sharedcam_i20_gteval_steps15000_val_step14999.json,44,colmap | ,20.0
colmap,20,42,,48,,,,,0,10,farthestpose,20,GT Eval,,,,,,,,,0.0,,colmap,counter,,,15000,15000,default,MCMC,,,,,Shared Cam,,,,,,gsplat,indoor,9.049121856689453,0.8060550689697266,0.3847618103027344,42962,0.001391492667607963,0.1160406544804573,,,-0.19854887156148784,0.5716343011145179,48,/home/ojab2/work/git/gsplat/results/colmap_outputs/counter_2_n20_s42_default_farthestpose_sharedcam_i20_gteval_steps15000/stats/val_step14999.json,/home/ojab2/work/git/gsplat/results/colmap_outputs/counter_2_n20_s42_default_farthestpose_sharedcam_i20_gteval_steps15000/stats/val_step14999.json,counter_2_n20_s42_default_farthestpose_sharedcam_i20_gteval_steps15000,0.116,0.001023,3,,,,/home/ojab2/work/git/vggt/colmap_outputs/counter_2_n20_s42_default_farthestpose_sharedcam/eval_results.json,counter_2_n20_s42_default_farthestpose_sharedcam,counter_2_n20_s42_default_farthestpose_sharedcam_i20_gteval_steps15000_val_step14999.json,48,colmap | ,20.0
colmap,20,42,,91,,,,,0,10,farthestpose,20,GT Eval,,,,,,,,,0.0,,colmap,lego,pinhole,,15000,15000,default,MCMC,,,,,Shared Cam,,,,,,gsplat,synthetic,10.803786277770996,0.5119118690490723,0.6756448745727539,90557,0.39187929034233093,111.38931274414062,3.9033923149108887,1.0372014045715332,0.1856218456369937,0.38817920066592554,91,/home/ojab2/work/git/gsplat/results/colmap_outputs/lego_1_n20_s42_default_mpinhole_farthestpose_sharedcam_i20_gteval_steps15000/stats/val_step14999.json,/home/ojab2/work/git/gsplat/results/colmap_outputs/lego_1_n20_s42_default_mpinhole_farthestpose_sharedcam_i20_gteval_steps15000/stats/val_step14999.json,lego_1_n20_s42_default_mpinhole_farthestpose_sharedcam_i20_gteval_steps15000,111.3893,0.022876,3,,,,/home/ojab2/work/git/vggt/colmap_outputs/lego_1_n20_s42_default_mpinhole_farthestpose_sharedcam/eval_results.json,lego_1_n20_s42_default_mpinhole_farthestpose_sharedcam,lego_1_n20_s42_default_mpinhole_farthestpose_sharedcam_i20_gteval_steps15000_val_step14999.json,91,colmap | ,20.0
colmap,20,42,,105,,,,,0,10,farthestpose,20,GT Eval,,,,,,,,,0.0,,colmap,drums,pinhole,,15000,15000,default,MCMC,,,,,Shared Cam,,,,,,gsplat,synthetic,4.959490776062012,0.8838170766830444,0.08192630112171173,107549,0.022719034925103188,5.1198201179504395,0.8588937520980835,0.4628390669822693,-0.49938080878595464,0.7203899702612451,105,/home/ojab2/work/git/gsplat/results/colmap_outputs/drums_1_n20_s42_default_mpinhole_farthestpose_sharedcam_i20_gteval_steps15000/stats/val_step14999.json,/home/ojab2/work/git/gsplat/results/colmap_outputs/drums_1_n20_s42_default_mpinhole_farthestpose_sharedcam_i20_gteval_steps15000/stats/val_step14999.json,drums_1_n20_s42_default_mpinhole_farthestpose_sharedcam_i20_gteval_steps15000,5.1198,0.003811,3,,,,/home/ojab2/work/git/vggt/colmap_outputs/drums_1_n20_s42_default_mpinhole_farthestpose_sharedcam/eval_results.json,drums_1_n20_s42_default_mpinhole_farthestpose_sharedcam,drums_1_n20_s42_default_mpinhole_farthestpose_sharedcam_i20_gteval_steps15000_val_step14999.json,105,colmap | ,20.0
colmap,20,42,,162,,,,,0,10,farthestpose,20,GT Eval,,,,,,,,,0.0,,colmap,ship,pinhole,,15000,15000,default,MCMC,,,,,Shared Cam,,,,,,gsplat,synthetic,15.90024471282959,0.41260114312171936,0.5273544192314148,170748,0.006675051059573889,0.38233309984207153,0.07600249350070953,0.08481364697217941,0.25458405825749403,0.3752652977196834,162,/home/ojab2/work/git/gsplat/results/colmap_outputs/ship_1_n20_s42_default_mpinhole_farthestpose_sharedcam_i20_gteval_steps15000/stats/val_step14999.json,/home/ojab2/work/git/gsplat/results/colmap_outputs/ship_1_n20_s42_default_mpinhole_farthestpose_sharedcam_i20_gteval_steps15000/stats/val_step14999.json,ship_1_n20_s42_default_mpinhole_farthestpose_sharedcam_i20_gteval_steps15000,0.2791,0.010321,5,,,,/home/ojab2/work/git/vggt/colmap_outputs/ship_1_n20_s42_default_mpinhole_farthestpose_sharedcam/eval_results.json,ship_1_n20_s42_default_mpinhole_farthestpose_sharedcam,ship_1_n20_s42_default_mpinhole_farthestpose_sharedcam_i20_gteval_steps15000_val_step14999.json,162,colmap | ,20.0
colmap,20,42,,316,,,,,0,10,farthestpose,20,GT Eval,,,,,,,,,0.0,,colmap,stump,,,15000,15000,default,MCMC,,,,,Shared Cam,,,,,,gsplat,outdoor,13.261056900024414,0.9025721549987793,0.21870732307434082,345885,0.01551740150898695,0.8679588437080383,,,-0.27723640989684056,0.6112248634181593,316,/home/ojab2/work/git/gsplat/results/colmap_outputs/stump_2_n20_s42_default_farthestpose_sharedcam_i20_gteval_steps15000/stats/val_step14999.json,/home/ojab2/work/git/gsplat/results/colmap_outputs/stump_2_n20_s42_default_farthestpose_sharedcam_i20_gteval_steps15000/stats/val_step14999.json,stump_2_n20_s42_default_farthestpose_sharedcam_i20_gteval_steps15000,0.868,0.030879,6,,,,/home/ojab2/work/git/vggt/colmap_outputs/stump_2_n20_s42_default_farthestpose_sharedcam/eval_results.json,stump_2_n20_s42_default_farthestpose_sharedcam,stump_2_n20_s42_default_farthestpose_sharedcam_i20_gteval_steps15000_val_step14999.json,316,colmap | ,20.0
colmap,20,42,,2092,,,,,0,10,farthestpose,20,GT Eval,,,,,,,,,0.0,,colmap,kitchen,,,15000,15000,default,MCMC,,,,,Shared Cam,,,,,,gsplat,indoor,16.50263214111328,0.42270389199256897,0.4165970981121063,1000000,0.0028134656604379416,0.23895561695098877,,,0.19473275304073015,0.40296189899500306,2092,/home/ojab2/work/git/gsplat/results/colmap_outputs/kitchen_2_n20_s42_default_farthestpose_sharedcam_i20_gteval_steps15000/stats/val_step14999.json,/home/ojab2/work/git/gsplat/results/colmap_outputs/kitchen_2_n20_s42_default_farthestpose_sharedcam_i20_gteval_steps15000/stats/val_step14999.json,kitchen_2_n20_s42_default_farthestpose_sharedcam_i20_gteval_steps15000,0.239,0.009345,12,,,,/home/ojab2/work/git/vggt/colmap_outputs/kitchen_2_n20_s42_default_farthestpose_sharedcam/eval_results.json,kitchen_2_n20_s42_default_farthestpose_sharedcam,kitchen_2_n20_s42_default_farthestpose_sharedcam_i20_gteval_steps15000_val_step14999.json,2092,colmap | ,20.0
colmap,20,42,,2440,,,,,0,10,farthestpose,20,GT Eval,,,,,,,,,0.0,,colmap,bonsai,,,15000,15000,default,MCMC,,,,,Shared Cam,,,,,,gsplat,indoor,12.78054141998291,0.5810893177986145,0.37014880776405334,1000000,0.00300606875680387,0.4538618326187134,,,0.0008736228385167744,0.4758124597534901,2440,/home/ojab2/work/git/gsplat/results/colmap_outputs/bonsai_2_n20_s42_default_farthestpose_sharedcam_i20_gteval_steps15000/stats/val_step14999.json,/home/ojab2/work/git/gsplat/results/colmap_outputs/bonsai_2_n20_s42_default_farthestpose_sharedcam_i20_gteval_steps15000/stats/val_step14999.json,bonsai_2_n20_s42_default_farthestpose_sharedcam_i20_gteval_steps15000,0.4539,0.008021,9,,,,/home/ojab2/work/git/vggt/colmap_outputs/bonsai_2_n20_s42_default_farthestpose_sharedcam/eval_results.json,bonsai_2_n20_s42_default_farthestpose_sharedcam,bonsai_2_n20_s42_default_farthestpose_sharedcam_i20_gteval_steps15000_val_step14999.json,2440,colmap | ,20.0
colmap,20,42,,4260,,,,,0,10,farthestpose,20,GT Eval,,,,,,,,,0.0,,colmap,garden,,,15000,15000,default,MCMC,,,,,Shared Cam,,,,,,gsplat,outdoor,20.02493667602539,0.41124892234802246,0.42755913734436035,1000000,0.001076416694559157,0.0712534636259079,,,0.27344213297337666,0.3925966285050745,4260,/home/ojab2/work/git/gsplat/results/colmap_outputs/garden_2_n20_s42_default_farthestpose_sharedcam_i20_gteval_steps15000/stats/val_step14999.json,/home/ojab2/work/git/gsplat/results/colmap_outputs/garden_2_n20_s42_default_farthestpose_sharedcam_i20_gteval_steps15000/stats/val_step14999.json,garden_2_n20_s42_default_farthestpose_sharedcam_i20_gteval_steps15000,0.0713,0.004651,20,,,,/home/ojab2/work/git/vggt/colmap_outputs/garden_2_n20_s42_default_farthestpose_sharedcam/eval_results.json,garden_2_n20_s42_default_farthestpose_sharedcam,garden_2_n20_s42_default_farthestpose_sharedcam_i20_gteval_steps15000_val_step14999.json,4260,colmap | ,20.0
colmap,40,42,,287,,,,,0,10,farthestpose,40,GT Eval,,,,,,,,,0.0,,colmap,drums,pinhole,,15000,15000,default,MCMC,,,,,Shared Cam,,,,,,gsplat,synthetic,12.097342491149902,0.46339869499206543,0.46187615394592285,313729,0.008393906056880951,0.9175052642822266,0.07745616137981415,0.06707144528627396,0.11451204633309986,0.41955506268854714,287,/home/ojab2/work/git/gsplat/results/colmap_outputs/drums_1_n40_s42_default_mpinhole_farthestpose_sharedcam_i40_gteval_steps15000/stats/val_step14999.json,/home/ojab2/work/git/gsplat/results/colmap_outputs/drums_1_n40_s42_default_mpinhole_farthestpose_sharedcam_i40_gteval_steps15000/stats/val_step14999.json,drums_1_n40_s42_default_mpinhole_farthestpose_sharedcam_i40_gteval_steps15000,0.9174,0.005572,5,,,,/home/ojab2/work/git/vggt/colmap_outputs/drums_1_n40_s42_default_mpinhole_farthestpose_sharedcam/eval_results.json,drums_1_n40_s42_default_mpinhole_farthestpose_sharedcam,drums_1_n40_s42_default_mpinhole_farthestpose_sharedcam_i40_gteval_steps15000_val_step14999.json,287,colmap | ,40.0
colmap,40,42,,870,,,,,0,10,farthestpose,40,GT Eval,,,,,,,,,0.0,,colmap,stump,,,15000,15000,default,MCMC,,,,,Shared Cam,,,,,,gsplat,outdoor,14.14830493927002,0.6600099802017212,0.3183920383453369,968555,0.0019096970790997148,0.16990302503108978,,,-0.052780997993265924,0.5080265638123294,870,/home/ojab2/work/git/gsplat/results/colmap_outputs/stump_2_n40_s42_default_farthestpose_sharedcam_i40_gteval_steps15000/stats/val_step14999.json,/home/ojab2/work/git/gsplat/results/colmap_outputs/stump_2_n40_s42_default_farthestpose_sharedcam_i40_gteval_steps15000/stats/val_step14999.json,stump_2_n40_s42_default_farthestpose_sharedcam_i40_gteval_steps15000,0.1699,0.003551,11,,,,/home/ojab2/work/git/vggt/colmap_outputs/stump_2_n40_s42_default_farthestpose_sharedcam/eval_results.json,stump_2_n40_s42_default_farthestpose_sharedcam,stump_2_n40_s42_default_farthestpose_sharedcam_i40_gteval_steps15000_val_step14999.json,870,colmap | ,40.0
colmap,40,42,,999,,,,,0,10,farthestpose,40,GT Eval,,,,,,,,,0.0,,colmap,ship,pinhole,,15000,15000,default,MCMC,,,,,Shared Cam,,,,,,gsplat,synthetic,17.629131317138672,0.3424363136291504,0.5930382013320923,1000000,0.2203916609287262,12.38299560546875,0.08033815771341324,0.07005080580711365,0.36832366847929976,0.3325445735279477,999,/home/ojab2/work/git/gsplat/results/colmap_outputs/ship_1_n40_s42_default_mpinhole_farthestpose_sharedcam_i40_gteval_steps15000/stats/val_step14999.json,/home/ojab2/work/git/gsplat/results/colmap_outputs/ship_1_n40_s42_default_mpinhole_farthestpose_sharedcam_i40_gteval_steps15000/stats/val_step14999.json,ship_1_n40_s42_default_mpinhole_farthestpose_sharedcam_i40_gteval_steps15000,12.248,0.482789,17,,,,/home/ojab2/work/git/vggt/colmap_outputs/ship_1_n40_s42_default_mpinhole_farthestpose_sharedcam/eval_results.json,ship_1_n40_s42_default_mpinhole_farthestpose_sharedcam,ship_1_n40_s42_default_mpinhole_farthestpose_sharedcam_i40_gteval_steps15000_val_step14999.json,999,colmap | ,40.0
colmap,40,42,,1993,,,,,0,10,farthestpose,40,GT Eval,,,,,,,,,0.0,,colmap,bicycle,,,15000,15000,default,MCMC,,,,,Shared Cam,,,,,,gsplat,outdoor,14.498021125793457,0.6936643719673157,0.2647492289543152,1000000,0.0052596041932702065,0.3217424154281616,,,-0.09844915219295165,0.5288765106283476,1993,/home/ojab2/work/git/gsplat/results/colmap_outputs/bicycle_4_n40_s42_default_farthestpose_sharedcam_i40_gteval_steps15000/stats/val_step14999.json,/home/ojab2/work/git/gsplat/results/colmap_outputs/bicycle_4_n40_s42_default_farthestpose_sharedcam_i40_gteval_steps15000/stats/val_step14999.json,bicycle_4_n40_s42_default_farthestpose_sharedcam_i40_gteval_steps15000,0.2627,0.018073,18,,,,/home/ojab2/work/git/vggt/colmap_outputs/bicycle_4_n40_s42_default_farthestpose_sharedcam/eval_results.json,bicycle_4_n40_s42_default_farthestpose_sharedcam,bicycle_4_n40_s42_default_farthestpose_sharedcam_i40_gteval_steps15000_val_step14999.json,1993,colmap | ,40.0
colmap,40,42,,2721,,,,,0,10,farthestpose,40,GT Eval,,,,,,,,,0.0,,colmap,lego,pinhole,,15000,15000,default,MCMC,,,,,Shared Cam,,,,,,gsplat,synthetic,10.87772274017334,0.5230934023857117,0.6327624917030334,1000000,0.9271525144577026,106.32589721679688,1.28168785572052,0.4776190221309662,0.15501144143030812,0.4035985711348787,2721,/home/ojab2/work/git/gsplat/results/colmap_outputs/lego_1_n40_s42_default_mpinhole_farthestpose_sharedcam_i40_gteval_steps15000/stats/val_step14999.json,/home/ojab2/work/git/gsplat/results/colmap_outputs/lego_1_n40_s42_default_mpinhole_farthestpose_sharedcam_i40_gteval_steps15000/stats/val_step14999.json,lego_1_n40_s42_default_mpinhole_farthestpose_sharedcam_i40_gteval_steps15000,173.622,3.771985,36,,,,/home/ojab2/work/git/vggt/colmap_outputs/lego_1_n40_s42_default_mpinhole_farthestpose_sharedcam/eval_results.json,lego_1_n40_s42_default_mpinhole_farthestpose_sharedcam,lego_1_n40_s42_default_mpinhole_farthestpose_sharedcam_i40_gteval_steps15000_val_step14999.json,2721,colmap | ,40.0
colmap,40,42,,9426,,,,,0,10,farthestpose,40,GT Eval,,,,,,,,,0.0,,colmap,counter,,,15000,15000,default,MCMC,,,,,Shared Cam,,,,,,gsplat,indoor,16.44367027282715,0.44765105843544006,0.5173599720001221,1000000,0.0012227604165673256,0.17758366465568542,,,0.2371670383768782,0.38835117289608156,9426,/home/ojab2/work/git/gsplat/results/colmap_outputs/counter_2_n40_s42_default_farthestpose_sharedcam_i40_gteval_steps15000/stats/val_step14999.json,/home/ojab2/work/git/gsplat/results/colmap_outputs/counter_2_n40_s42_default_farthestpose_sharedcam_i40_gteval_steps15000/stats/val_step14999.json,counter_2_n40_s42_default_farthestpose_sharedcam_i40_gteval_steps15000,0.1776,0.003977,21,,,,/home/ojab2/work/git/vggt/colmap_outputs/counter_2_n40_s42_default_farthestpose_sharedcam/eval_results.json,counter_2_n40_s42_default_farthestpose_sharedcam,counter_2_n40_s42_default_farthestpose_sharedcam_i40_gteval_steps15000_val_step14999.json,9426,colmap | ,40.0
colmap,40,42,,22059,,,,,0,10,farthestpose,40,GT Eval,,,,,,,,,0.0,,colmap,bonsai,,,15000,15000,default,MCMC,,,,,Shared Cam,,,,,,gsplat,indoor,16.021272659301758,0.47918105125427246,0.5187664031982422,1000000,0.027446651831269264,1.0800848007202148,,,0.2107043762033523,0.39929573416233055,22059,/home/ojab2/work/git/gsplat/results/colmap_outputs/bonsai_2_n40_s42_default_farthestpose_sharedcam_i40_gteval_steps15000/stats/val_step14999.json,/home/ojab2/work/git/gsplat/results/colmap_outputs/bonsai_2_n40_s42_default_farthestpose_sharedcam_i40_gteval_steps15000/stats/val_step14999.json,bonsai_2_n40_s42_default_farthestpose_sharedcam_i40_gteval_steps15000,1.264,0.122388,34,,,,/home/ojab2/work/git/vggt/colmap_outputs/bonsai_2_n40_s42_default_farthestpose_sharedcam/eval_results.json,bonsai_2_n40_s42_default_farthestpose_sharedcam,bonsai_2_n40_s42_default_farthestpose_sharedcam_i40_gteval_steps15000_val_step14999.json,22059,colmap | ,40.0
colmap,40,42,,22609,,,,,0,10,farthestpose,40,GT Eval,,,,,,,,,0.0,,colmap,garden,,,15000,15000,default,MCMC,,,,,Shared Cam,,,,,,gsplat,outdoor,21.740819931030273,0.324906587600708,0.5058983564376831,1000000,0.0007421387708745897,0.05533242225646973,,,0.4043278951316472,0.3448426030070187,22609,/home/ojab2/work/git/gsplat/results/colmap_outputs/garden_2_n40_s42_default_farthestpose_sharedcam_i40_gteval_steps15000/stats/val_step14999.json,/home/ojab2/work/git/gsplat/results/colmap_outputs/garden_2_n40_s42_default_farthestpose_sharedcam_i40_gteval_steps15000/stats/val_step14999.json,garden_2_n40_s42_default_farthestpose_sharedcam_i40_gteval_steps15000,0.0553,0.003176,40,,,,/home/ojab2/work/git/vggt/colmap_outputs/garden_2_n40_s42_default_farthestpose_sharedcam/eval_results.json,garden_2_n40_s42_default_farthestpose_sharedcam,garden_2_n40_s42_default_farthestpose_sharedcam_i40_gteval_steps15000_val_step14999.json,22609,colmap | ,40.0
colmap,40,42,,25253,,,,,0,10,farthestpose,40,GT Eval,,,,,,,,,0.0,,colmap,kitchen,,,15000,15000,default,MCMC,,,,,Shared Cam,,,,,,gsplat,indoor,19.85004997253418,0.20146571099758148,0.43785855174064636,1000000,0.0016982599627226591,0.12948158383369446,,,0.40572234914626604,0.32052598031927004,25253,/home/ojab2/work/git/gsplat/results/colmap_outputs/kitchen_2_n40_s42_default_farthestpose_sharedcam_i40_gteval_steps15000/stats/val_step14999.json,/home/ojab2/work/git/gsplat/results/colmap_outputs/kitchen_2_n40_s42_default_farthestpose_sharedcam_i40_gteval_steps15000/stats/val_step14999.json,kitchen_2_n40_s42_default_farthestpose_sharedcam_i40_gteval_steps15000,0.1295,0.007284,40,,,,/home/ojab2/work/git/vggt/colmap_outputs/kitchen_2_n40_s42_default_farthestpose_sharedcam/eval_results.json,kitchen_2_n40_s42_default_farthestpose_sharedcam,kitchen_2_n40_s42_default_farthestpose_sharedcam_i40_gteval_steps15000_val_step14999.json,25253,colmap | ,40.0
colmap,60,42,,1046,,,,,0,10,farthestpose,60,GT Eval,,,,,,,,,0.0,,colmap,drums,pinhole,,15000,15000,default,MCMC,,,,,Shared Cam,,,,,,gsplat,synthetic,18.548789978027344,0.14999891817569733,0.8038333654403687,1000000,0.006665477529168129,0.2935258448123932,0.02419661357998848,0.02346798963844776,0.6274149259280043,0.20229117328423724,1046,/home/ojab2/work/git/gsplat/results/colmap_outputs/drums_1_n60_s42_default_mpinhole_farthestpose_sharedcam_i60_gteval_steps15000/stats/val_step14999.json,/home/ojab2/work/git/gsplat/results/colmap_outputs/drums_1_n60_s42_default_mpinhole_farthestpose_sharedcam_i60_gteval_steps15000/stats/val_step14999.json,drums_1_n60_s42_default_mpinhole_farthestpose_sharedcam_i60_gteval_steps15000,0.2955,0.012916,22,,,,/home/ojab2/work/git/vggt/colmap_outputs/drums_1_n60_s42_default_mpinhole_farthestpose_sharedcam/eval_results.json,drums_1_n60_s42_default_mpinhole_farthestpose_sharedcam,drums_1_n60_s42_default_mpinhole_farthestpose_sharedcam_i60_gteval_steps15000_val_step14999.json,1046,colmap | ,60.0
colmap,60,42,,2712,,,,,0,10,farthestpose,60,GT Eval,,,,,,,,,0.0,,colmap,ship,pinhole,,15000,15000,default,MCMC,,,,,Shared Cam,,,,,,gsplat,synthetic,20.76923179626465,0.17714475095272064,0.7102228403091431,1000000,0.006921867374330759,0.7128775715827942,0.030158326029777527,0.03140213340520859,0.5970345348061641,0.24127702143037671,2712,/home/ojab2/work/git/gsplat/results/colmap_outputs/ship_1_n60_s42_default_mpinhole_farthestpose_sharedcam_i60_gteval_steps15000/stats/val_step14999.json,/home/ojab2/work/git/gsplat/results/colmap_outputs/ship_1_n60_s42_default_mpinhole_farthestpose_sharedcam_i60_gteval_steps15000/stats/val_step14999.json,ship_1_n60_s42_default_mpinhole_farthestpose_sharedcam_i60_gteval_steps15000,0.7058,0.025505,52,,,,/home/ojab2/work/git/vggt/colmap_outputs/ship_1_n60_s42_default_mpinhole_farthestpose_sharedcam/eval_results.json,ship_1_n60_s42_default_mpinhole_farthestpose_sharedcam,ship_1_n60_s42_default_mpinhole_farthestpose_sharedcam_i60_gteval_steps15000_val_step14999.json,2712,colmap | ,60.0
colmap,60,42,,4099,,,,,0,10,farthestpose,60,GT Eval,,,,,,,,,0.0,,colmap,bicycle,,,15000,15000,default,MCMC,,,,,Shared Cam,,,,,,gsplat,outdoor,17.236000061035156,0.5451602935791016,0.3305085003376007,1000000,0.0031893858686089516,0.12974558770656586,,,0.08237905987212224,0.46076073535608586,4099,/home/ojab2/work/git/gsplat/results/colmap_outputs/bicycle_4_n60_s42_default_farthestpose_sharedcam_i60_gteval_steps15000/stats/val_step14999.json,/home/ojab2/work/git/gsplat/results/colmap_outputs/bicycle_4_n60_s42_default_farthestpose_sharedcam_i60_gteval_steps15000/stats/val_step14999.json,bicycle_4_n60_s42_default_farthestpose_sharedcam_i60_gteval_steps15000,0.1219,0.009703,35,,,,/home/ojab2/work/git/vggt/colmap_outputs/bicycle_4_n60_s42_default_farthestpose_sharedcam/eval_results.json,bicycle_4_n60_s42_default_farthestpose_sharedcam,bicycle_4_n60_s42_default_farthestpose_sharedcam_i60_gteval_steps15000_val_step14999.json,4099,colmap | ,60.0
colmap,60,42,,4942,,,,,0,10,farthestpose,60,GT Eval,,,,,,,,,0.0,,colmap,lego,pinhole,,15000,15000,default,MCMC,,,,,Shared Cam,,,,,,gsplat,synthetic,10.869637489318848,0.5229114890098572,0.6601412296295166,1000000,1.0063287019729614,94.8447494506836,1.4211879968643188,1.2769876718521118,0.17098496462169446,0.3959129578091424,4942,/home/ojab2/work/git/gsplat/results/colmap_outputs/lego_1_n60_s42_default_mpinhole_farthestpose_sharedcam_i60_gteval_steps15000/stats/val_step14999.json,/home/ojab2/work/git/gsplat/results/colmap_outputs/lego_1_n60_s42_default_mpinhole_farthestpose_sharedcam_i60_gteval_steps15000/stats/val_step14999.json,lego_1_n60_s42_default_mpinhole_farthestpose_sharedcam_i60_gteval_steps15000,147.8803,3.623879,51,,,,/home/ojab2/work/git/vggt/colmap_outputs/lego_1_n60_s42_default_mpinhole_farthestpose_sharedcam/eval_results.json,lego_1_n60_s42_default_mpinhole_farthestpose_sharedcam,lego_1_n60_s42_default_mpinhole_farthestpose_sharedcam_i60_gteval_steps15000_val_step14999.json,4942,colmap | ,60.0
colmap,60,42,,7229,,,,,0,10,farthestpose,60,GT Eval,,,,,,,,,0.0,,colmap,stump,,,15000,15000,default,MCMC,,,,,Shared Cam,,,,,,gsplat,outdoor,22.32096290588379,0.45566052198410034,0.5940389633178711,1000000,0.0016194164054468274,0.04592454433441162,,,0.3859031929297444,0.36622377386759847,7229,/home/ojab2/work/git/gsplat/results/colmap_outputs/stump_2_n60_s42_default_farthestpose_sharedcam_i60_gteval_steps15000/stats/val_step14999.json,/home/ojab2/work/git/gsplat/results/colmap_outputs/stump_2_n60_s42_default_farthestpose_sharedcam_i60_gteval_steps15000/stats/val_step14999.json,stump_2_n60_s42_default_farthestpose_sharedcam_i60_gteval_steps15000,0.0459,0.006411,60,,,,/home/ojab2/work/git/vggt/colmap_outputs/stump_2_n60_s42_default_farthestpose_sharedcam/eval_results.json,stump_2_n60_s42_default_farthestpose_sharedcam,stump_2_n60_s42_default_farthestpose_sharedcam_i60_gteval_steps15000_val_step14999.json,7229,colmap | ,60.0
colmap,60,42,,31032,,,,,0,10,farthestpose,60,GT Eval,,,,,,,,,0.0,,colmap,counter,,,15000,15000,default,MCMC,,,,,Shared Cam,,,,,,gsplat,indoor,21.973114013671875,0.2488330602645874,0.7289808392524719,1000000,0.0020724867936223745,0.12299636751413345,,,0.5860461971835705,0.2585922740569685,31032,/home/ojab2/work/git/gsplat/results/colmap_outputs/counter_2_n60_s42_default_farthestpose_sharedcam_i60_gteval_steps15000/stats/val_step14999.json,/home/ojab2/work/git/gsplat/results/colmap_outputs/counter_2_n60_s42_default_farthestpose_sharedcam_i60_gteval_steps15000/stats/val_step14999.json,counter_2_n60_s42_default_farthestpose_sharedcam_i60_gteval_steps15000,0.123,0.009216,60,,,,/home/ojab2/work/git/vggt/colmap_outputs/counter_2_n60_s42_default_farthestpose_sharedcam/eval_results.json,counter_2_n60_s42_default_farthestpose_sharedcam,counter_2_n60_s42_default_farthestpose_sharedcam_i60_gteval_steps15000_val_step14999.json,31032,colmap | ,60.0
colmap,60,42,,39303,,,,,0,10,farthestpose,60,GT Eval,,,,,,,,,0.0,,colmap,garden,,,15000,15000,default,MCMC,,,,,Shared Cam,,,,,,gsplat,outdoor,21.491430282592773,0.2942298352718353,0.4748828113079071,1000000,0.0007794856210239232,0.06104569882154465,,,0.4005080894884775,0.3419909923759086,39303,/home/ojab2/work/git/gsplat/results/colmap_outputs/garden_2_n60_s42_default_farthestpose_sharedcam_i60_gteval_steps15000/stats/val_step14999.json,/home/ojab2/work/git/gsplat/results/colmap_outputs/garden_2_n60_s42_default_farthestpose_sharedcam_i60_gteval_steps15000/stats/val_step14999.json,garden_2_n60_s42_default_farthestpose_sharedcam_i60_gteval_steps15000,0.061,0.003353,60,,,,/home/ojab2/work/git/vggt/colmap_outputs/garden_2_n60_s42_default_farthestpose_sharedcam/eval_results.json,garden_2_n60_s42_default_farthestpose_sharedcam,garden_2_n60_s42_default_farthestpose_sharedcam_i60_gteval_steps15000_val_step14999.json,39303,colmap | ,60.0
colmap,60,42,,48024,,,,,0,10,farthestpose,60,GT Eval,,,,,,,,,0.0,,colmap,bonsai,,,15000,15000,default,MCMC,,,,,Shared Cam,,,,,,gsplat,indoor,20.666831970214844,0.2531079649925232,0.6391506195068359,1000000,0.0029332858975976706,0.21371124684810638,,,0.5066846666435206,0.28746399919632887,48024,/home/ojab2/work/git/gsplat/results/colmap_outputs/bonsai_2_n60_s42_default_farthestpose_sharedcam_i60_gteval_steps15000/stats/val_step14999.json,/home/ojab2/work/git/gsplat/results/colmap_outputs/bonsai_2_n60_s42_default_farthestpose_sharedcam_i60_gteval_steps15000/stats/val_step14999.json,bonsai_2_n60_s42_default_farthestpose_sharedcam_i60_gteval_steps15000,0.2129,0.012431,60,,,,/home/ojab2/work/git/vggt/colmap_outputs/bonsai_2_n60_s42_default_farthestpose_sharedcam/eval_results.json,bonsai_2_n60_s42_default_farthestpose_sharedcam,bonsai_2_n60_s42_default_farthestpose_sharedcam_i60_gteval_steps15000_val_step14999.json,48024,colmap | ,60.0
colmap,60,42,,52811,,,,,0,10,farthestpose,60,GT Eval,,,,,,,,,0.0,,colmap,kitchen,,,15000,15000,default,MCMC,,,,,Shared Cam,,,,,,gsplat,indoor,20.635515213012695,0.1724405288696289,0.45993125438690186,1000000,0.0013989604776725173,0.12073792517185211,,,0.451092794082473,0.30532430913301434,52811,/home/ojab2/work/git/gsplat/results/colmap_outputs/kitchen_2_n60_s42_default_farthestpose_sharedcam_i60_gteval_steps15000/stats/val_step14999.json,/home/ojab2/work/git/gsplat/results/colmap_outputs/kitchen_2_n60_s42_default_farthestpose_sharedcam_i60_gteval_steps15000/stats/val_step14999.json,kitchen_2_n60_s42_default_farthestpose_sharedcam_i60_gteval_steps15000,0.1207,0.006034,60,,,,/home/ojab2/work/git/vggt/colmap_outputs/kitchen_2_n60_s42_default_farthestpose_sharedcam/eval_results.json,kitchen_2_n60_s42_default_farthestpose_sharedcam,kitchen_2_n60_s42_default_farthestpose_sharedcam_i60_gteval_steps15000_val_step14999.json,52811,colmap | ,60.0
colmap,80,42,,3432,,,,,0,10,farthestpose,80,GT Eval,,,,,,,,,0.0,,colmap,drums,pinhole,,15000,15000,default,MCMC,,,,,Shared Cam,,,,,,gsplat,synthetic,20.440351486206055,0.10085885226726532,0.8527451157569885,1000000,0.003537982702255249,0.22654922306537628,0.016557302325963974,0.01812433823943138,0.7213805795219363,0.16454421895296412,3432,/home/ojab2/work/git/gsplat/results/colmap_outputs/drums_1_n80_s42_default_mpinhole_farthestpose_sharedcam_i80_gteval_steps15000/stats/val_step14999.json,/home/ojab2/work/git/gsplat/results/colmap_outputs/drums_1_n80_s42_default_mpinhole_farthestpose_sharedcam_i80_gteval_steps15000/stats/val_step14999.json,drums_1_n80_s42_default_mpinhole_farthestpose_sharedcam_i80_gteval_steps15000,0.2266,0.012312,72,,,,/home/ojab2/work/git/vggt/colmap_outputs/drums_1_n80_s42_default_mpinhole_farthestpose_sharedcam/eval_results.json,drums_1_n80_s42_default_mpinhole_farthestpose_sharedcam,drums_1_n80_s42_default_mpinhole_farthestpose_sharedcam_i80_gteval_steps15000_val_step14999.json,3432,colmap | ,80.0
colmap,80,42,,4250,,,,,0,10,farthestpose,80,GT Eval,,,,,,,,,0.0,,colmap,ship,pinhole,,15000,15000,default,MCMC,,,,,Shared Cam,,,,,,gsplat,synthetic,22.77485466003418,0.14556436240673065,0.7598674893379211,1000000,0.0036873556673526764,0.20538879930973053,0.028211094439029694,0.0291220061480999,0.6827017244501034,0.2136253613814421,4250,/home/ojab2/work/git/gsplat/results/colmap_outputs/ship_1_n80_s42_default_mpinhole_farthestpose_sharedcam_i80_gteval_steps15000/stats/val_step14999.json,/home/ojab2/work/git/gsplat/results/colmap_outputs/ship_1_n80_s42_default_mpinhole_farthestpose_sharedcam_i80_gteval_steps15000/stats/val_step14999.json,ship_1_n80_s42_default_mpinhole_farthestpose_sharedcam_i80_gteval_steps15000,0.214,0.012049,73,,,,/home/ojab2/work/git/vggt/colmap_outputs/ship_1_n80_s42_default_mpinhole_farthestpose_sharedcam/eval_results.json,ship_1_n80_s42_default_mpinhole_farthestpose_sharedcam,ship_1_n80_s42_default_mpinhole_farthestpose_sharedcam_i80_gteval_steps15000_val_step14999.json,4250,colmap | ,80.0
colmap,80,42,,7178,,,,,0,10,farthestpose,80,GT Eval,,,,,,,,,0.0,,colmap,bicycle,,,15000,15000,default,MCMC,,,,,Shared Cam,,,,,,gsplat,outdoor,17.76422882080078,0.4812810719013214,0.3296169936656952,1000000,0.0018538631265982985,0.14882302284240723,,,0.13107134333053452,0.4389278004763071,7178,/home/ojab2/work/git/gsplat/results/colmap_outputs/bicycle_4_n80_s42_default_farthestpose_sharedcam_i80_gteval_steps15000/stats/val_step14999.json,/home/ojab2/work/git/gsplat/results/colmap_outputs/bicycle_4_n80_s42_default_farthestpose_sharedcam_i80_gteval_steps15000/stats/val_step14999.json,bicycle_4_n80_s42_default_farthestpose_sharedcam_i80_gteval_steps15000,0.1595,0.005965,48,,,,/home/ojab2/work/git/vggt/colmap_outputs/bicycle_4_n80_s42_default_farthestpose_sharedcam/eval_results.json,bicycle_4_n80_s42_default_farthestpose_sharedcam,bicycle_4_n80_s42_default_farthestpose_sharedcam_i80_gteval_steps15000_val_step14999.json,7178,colmap | ,80.0
colmap,80,42,,9324,,,,,0,10,farthestpose,80,GT Eval,,,,,,,,,0.0,,colmap,lego,pinhole,,15000,15000,default,MCMC,,,,,Shared Cam,,,,,,gsplat,synthetic,10.938504219055176,0.47431427240371704,0.5621680617332458,1000000,0.2106112241744995,12.792558670043945,0.32420769333839417,0.34270384907722473,0.14496430605553123,0.4055228539267457,9324,/home/ojab2/work/git/gsplat/results/colmap_outputs/lego_1_n80_s42_default_mpinhole_farthestpose_sharedcam_i80_gteval_steps15000/stats/val_step14999.json,/home/ojab2/work/git/gsplat/results/colmap_outputs/lego_1_n80_s42_default_mpinhole_farthestpose_sharedcam_i80_gteval_steps15000/stats/val_step14999.json,lego_1_n80_s42_default_mpinhole_farthestpose_sharedcam_i80_gteval_steps15000,15.3915,0.895301,80,,,,/home/ojab2/work/git/vggt/colmap_outputs/lego_1_n80_s42_default_mpinhole_farthestpose_sharedcam/eval_results.json,lego_1_n80_s42_default_mpinhole_farthestpose_sharedcam,lego_1_n80_s42_default_mpinhole_farthestpose_sharedcam_i80_gteval_steps15000_val_step14999.json,9324,colmap | ,80.0
colmap,80,42,,12544,,,,,0,10,farthestpose,80,GT Eval,,,,,,,,,0.0,,colmap,stump,,,15000,15000,default,MCMC,,,,,Shared Cam,,,,,,gsplat,outdoor,24.567461013793945,0.3754517138004303,0.6963680386543274,1000000,0.0006820500129833817,0.02805793657898903,,,0.5368581842570587,0.30999108452863927,12544,/home/ojab2/work/git/gsplat/results/colmap_outputs/stump_2_n80_s42_default_farthestpose_sharedcam_i80_gteval_steps15000/stats/val_step14999.json,/home/ojab2/work/git/gsplat/results/colmap_outputs/stump_2_n80_s42_default_farthestpose_sharedcam_i80_gteval_steps15000/stats/val_step14999.json,stump_2_n80_s42_default_farthestpose_sharedcam_i80_gteval_steps15000,0.0281,0.002677,80,,,,/home/ojab2/work/git/vggt/colmap_outputs/stump_2_n80_s42_default_farthestpose_sharedcam/eval_results.json,stump_2_n80_s42_default_farthestpose_sharedcam,stump_2_n80_s42_default_farthestpose_sharedcam_i80_gteval_steps15000_val_step14999.json,12544,colmap | ,80.0
colmap,80,42,,45644,,,,,0,10,farthestpose,80,GT Eval,,,,,,,,,0.0,,colmap,counter,,,15000,15000,default,MCMC,,,,,Shared Cam,,,,,,gsplat,indoor,24.33241844177246,0.2046169489622116,0.8362032771110535,1000000,0.0005599104333668947,0.03721160814166069,,,0.7197340958260963,0.2043409163630004,45644,/home/ojab2/work/git/gsplat/results/colmap_outputs/counter_2_n80_s42_default_farthestpose_sharedcam_i80_gteval_steps15000/stats/val_step14999.json,/home/ojab2/work/git/gsplat/results/colmap_outputs/counter_2_n80_s42_default_farthestpose_sharedcam_i80_gteval_steps15000/stats/val_step14999.json,counter_2_n80_s42_default_farthestpose_sharedcam_i80_gteval_steps15000,0.0372,0.002456,80,,,,/home/ojab2/work/git/vggt/colmap_outputs/counter_2_n80_s42_default_farthestpose_sharedcam/eval_results.json,counter_2_n80_s42_default_farthestpose_sharedcam,counter_2_n80_s42_default_farthestpose_sharedcam_i80_gteval_steps15000_val_step14999.json,45644,colmap | ,80.0
colmap,80,42,,55680,,,,,0,10,farthestpose,80,GT Eval,,,,,,,,,0.0,,colmap,garden,,,15000,15000,default,MCMC,,,,,Shared Cam,,,,,,gsplat,outdoor,21.89204978942871,0.2789727747440338,0.4924449622631073,1000000,0.0006563903298228979,0.06024349853396416,,,0.4276151715585983,0.33262337251300267,55680,/home/ojab2/work/git/gsplat/results/colmap_outputs/garden_2_n80_s42_default_farthestpose_sharedcam_i80_gteval_steps15000/stats/val_step14999.json,/home/ojab2/work/git/gsplat/results/colmap_outputs/garden_2_n80_s42_default_farthestpose_sharedcam_i80_gteval_steps15000/stats/val_step14999.json,garden_2_n80_s42_default_farthestpose_sharedcam_i80_gteval_steps15000,0.0602,0.002796,80,,,,/home/ojab2/work/git/vggt/colmap_outputs/garden_2_n80_s42_default_farthestpose_sharedcam/eval_results.json,garden_2_n80_s42_default_farthestpose_sharedcam,garden_2_n80_s42_default_farthestpose_sharedcam_i80_gteval_steps15000_val_step14999.json,55680,colmap | ,80.0
colmap,80,42,,64998,,,,,0,10,farthestpose,80,GT Eval,,,,,,,,,0.0,,colmap,bonsai,,,15000,15000,default,MCMC,,,,,Shared Cam,,,,,,gsplat,indoor,20.760934829711914,0.2436372935771942,0.6288368701934814,1000000,0.0033832485787570477,0.24107587337493896,,,0.5082419733090242,0.28708722543702847,64998,/home/ojab2/work/git/gsplat/results/colmap_outputs/bonsai_2_n80_s42_default_farthestpose_sharedcam_i80_gteval_steps15000/stats/val_step14999.json,/home/ojab2/work/git/gsplat/results/colmap_outputs/bonsai_2_n80_s42_default_farthestpose_sharedcam_i80_gteval_steps15000/stats/val_step14999.json,bonsai_2_n80_s42_default_farthestpose_sharedcam_i80_gteval_steps15000,0.2543,0.014815,80,,,,/home/ojab2/work/git/vggt/colmap_outputs/bonsai_2_n80_s42_default_farthestpose_sharedcam/eval_results.json,bonsai_2_n80_s42_default_farthestpose_sharedcam,bonsai_2_n80_s42_default_farthestpose_sharedcam_i80_gteval_steps15000_val_step14999.json,64998,colmap | ,80.0
colmap,80,42,,70192,,,,,0,10,farthestpose,80,GT Eval,,,,,,,,,0.0,,colmap,kitchen,,,15000,15000,default,MCMC,,,,,Shared Cam,,,,,,gsplat,indoor,20.91718292236328,0.15575608611106873,0.4554592967033386,1000000,0.0011111742351204157,0.11122937500476837,,,0.46399272158209426,0.3005941025067675,70192,/home/ojab2/work/git/gsplat/results/colmap_outputs/kitchen_2_n80_s42_default_farthestpose_sharedcam_i80_gteval_steps15000/stats/val_step14999.json,/home/ojab2/work/git/gsplat/results/colmap_outputs/kitchen_2_n80_s42_default_farthestpose_sharedcam_i80_gteval_steps15000/stats/val_step14999.json,kitchen_2_n80_s42_default_farthestpose_sharedcam_i80_gteval_steps15000,0.1112,0.004732,80,,,,/home/ojab2/work/git/vggt/colmap_outputs/kitchen_2_n80_s42_default_farthestpose_sharedcam/eval_results.json,kitchen_2_n80_s42_default_farthestpose_sharedcam,kitchen_2_n80_s42_default_farthestpose_sharedcam_i80_gteval_steps15000_val_step14999.json,70192,colmap | ,80.0
colmap,87,42,,3866,,,,,0,10,farthestpose,87,GT Eval,,,,,,,,,0.0,,colmap,drums,pinhole,,15000,15000,default,MCMC,,,,,Shared Cam,,,,,,gsplat,synthetic,22.46944808959961,0.09344673901796341,0.898908793926239,1000000,0.0029796594753861427,0.1518741101026535,0.016105035319924355,0.016583064571022987,0.7905281241196481,0.13901942819483265,3866,/home/ojab2/work/git/gsplat/results/colmap_outputs/drums_1_n87_s42_default_mpinhole_farthestpose_sharedcam_i87_gteval_steps15000/stats/val_step14999.json,/home/ojab2/work/git/gsplat/results/colmap_outputs/drums_1_n87_s42_default_mpinhole_farthestpose_sharedcam_i87_gteval_steps15000/stats/val_step14999.json,drums_1_n87_s42_default_mpinhole_farthestpose_sharedcam_i87_gteval_steps15000,0.1528,0.009899,79,,,,/home/ojab2/work/git/vggt/colmap_outputs/drums_1_n87_s42_default_mpinhole_farthestpose_sharedcam/eval_results.json,drums_1_n87_s42_default_mpinhole_farthestpose_sharedcam,drums_1_n87_s42_default_mpinhole_farthestpose_sharedcam_i87_gteval_steps15000_val_step14999.json,3866,colmap | ,87.0
colmap,87,42,,5138,,,,,0,10,farthestpose,87,GT Eval,,,,,,,,,0.0,,colmap,ship,pinhole,,15000,15000,default,MCMC,,,,,Shared Cam,,,,,,gsplat,synthetic,21.59255599975586,0.15465399622917175,0.7327307462692261,1000000,0.00478435680270195,0.29631656408309937,0.03170192986726761,0.03238614276051521,0.6393269793486889,0.22618835902403694,5138,/home/ojab2/work/git/gsplat/results/colmap_outputs/ship_1_n87_s42_default_mpinhole_farthestpose_sharedcam_i87_gteval_steps15000/stats/val_step14999.json,/home/ojab2/work/git/gsplat/results/colmap_outputs/ship_1_n87_s42_default_mpinhole_farthestpose_sharedcam_i87_gteval_steps15000/stats/val_step14999.json,ship_1_n87_s42_default_mpinhole_farthestpose_sharedcam_i87_gteval_steps15000,0.2774,0.015084,81,,,,/home/ojab2/work/git/vggt/colmap_outputs/ship_1_n87_s42_default_mpinhole_farthestpose_sharedcam/eval_results.json,ship_1_n87_s42_default_mpinhole_farthestpose_sharedcam,ship_1_n87_s42_default_mpinhole_farthestpose_sharedcam_i87_gteval_steps15000_val_step14999.json,5138,colmap | ,87.0
colmap,87,42,,10069,,,,,0,10,farthestpose,87,GT Eval,,,,,,,,,0.0,,colmap,lego,pinhole,,15000,15000,default,MCMC,,,,,Shared Cam,,,,,,gsplat,synthetic,24.951248168945312,0.057750023901462555,0.8941664099693298,1000000,0.11273074895143509,10.430866241455078,0.018897393718361855,0.01987577974796295,0.8557490702280368,0.12875624974605693,10069,/home/ojab2/work/git/gsplat/results/colmap_outputs/lego_1_n87_s42_default_mpinhole_farthestpose_sharedcam_i87_gteval_steps15000/stats/val_step14999.json,/home/ojab2/work/git/gsplat/results/colmap_outputs/lego_1_n87_s42_default_mpinhole_farthestpose_sharedcam_i87_gteval_steps15000/stats/val_step14999.json,lego_1_n87_s42_default_mpinhole_farthestpose_sharedcam_i87_gteval_steps15000,10.4269,0.396164,87,,,,/home/ojab2/work/git/vggt/colmap_outputs/lego_1_n87_s42_default_mpinhole_farthestpose_sharedcam/eval_results.json,lego_1_n87_s42_default_mpinhole_farthestpose_sharedcam,lego_1_n87_s42_default_mpinhole_farthestpose_sharedcam_i87_gteval_steps15000_val_step14999.json,10069,colmap | ,87.0
colmap,100,42,,17352,,,,,0,10,farthestpose,100,GT Eval,,,,,,,,,0.0,,colmap,bicycle,,,15000,15000,default,MCMC,,,,,Shared Cam,,,,,,gsplat,outdoor,21.33245086669922,0.36376556754112244,0.4795043170452118,1000000,0.0017129764892160892,0.09855562448501587,,,0.3573433696410345,0.364192450848629,17352,/home/ojab2/work/git/gsplat/results/colmap_outputs/bicycle_4_n100_s42_default_farthestpose_sharedcam_i100_gteval_steps15000/stats/val_step14999.json,/home/ojab2/work/git/gsplat/results/colmap_outputs/bicycle_4_n100_s42_default_farthestpose_sharedcam_i100_gteval_steps15000/stats/val_step14999.json,bicycle_4_n100_s42_default_farthestpose_sharedcam_i100_gteval_steps15000,0.0986,0.006893,100,,,,/home/ojab2/work/git/vggt/colmap_outputs/bicycle_4_n100_s42_default_farthestpose_sharedcam/eval_results.json,bicycle_4_n100_s42_default_farthestpose_sharedcam,bicycle_4_n100_s42_default_farthestpose_sharedcam_i100_gteval_steps15000_val_step14999.json,17352,colmap | ,100.0
colmap,100,42,,19683,,,,,0,10,farthestpose,100,GT Eval,,,,,,,,,0.0,,colmap,stump,,,15000,15000,default,MCMC,,,,,Shared Cam,,,,,,gsplat,outdoor,25.253517150878906,0.34493592381477356,0.7209020853042603,1000000,0.0005273927235975862,0.02191883511841297,,,0.5827472306366783,0.2920720245860316,19683,/home/ojab2/work/git/gsplat/results/colmap_outputs/stump_2_n100_s42_default_farthestpose_sharedcam_i100_gteval_steps15000/stats/val_step14999.json,/home/ojab2/work/git/gsplat/results/colmap_outputs/stump_2_n100_s42_default_farthestpose_sharedcam_i100_gteval_steps15000/stats/val_step14999.json,stump_2_n100_s42_default_farthestpose_sharedcam_i100_gteval_steps15000,0.0219,0.002013,100,,,,/home/ojab2/work/git/vggt/colmap_outputs/stump_2_n100_s42_default_farthestpose_sharedcam/eval_results.json,stump_2_n100_s42_default_farthestpose_sharedcam,stump_2_n100_s42_default_farthestpose_sharedcam_i100_gteval_steps15000_val_step14999.json,19683,colmap | ,100.0
colmap,100,42,,60980,,,,,0,10,farthestpose,100,GT Eval,,,,,,,,,0.0,,colmap,counter,,,15000,15000,default,MCMC,,,,,Shared Cam,,,,,,gsplat,indoor,25.220706939697266,0.18889504671096802,0.8517950773239136,1000000,0.00048380106454715133,0.029024872928857803,,,0.7550067725779562,0.1922915194660087,60980,/home/ojab2/work/git/gsplat/results/colmap_outputs/counter_2_n100_s42_default_farthestpose_sharedcam_i100_gteval_steps15000/stats/val_step14999.json,/home/ojab2/work/git/gsplat/results/colmap_outputs/counter_2_n100_s42_default_farthestpose_sharedcam_i100_gteval_steps15000/stats/val_step14999.json,counter_2_n100_s42_default_farthestpose_sharedcam_i100_gteval_steps15000,0.029,0.002114,100,,,,/home/ojab2/work/git/vggt/colmap_outputs/counter_2_n100_s42_default_farthestpose_sharedcam/eval_results.json,counter_2_n100_s42_default_farthestpose_sharedcam,counter_2_n100_s42_default_farthestpose_sharedcam_i100_gteval_steps15000_val_step14999.json,60980,colmap | ,100.0
colmap,100,42,,70656,,,,,0,10,farthestpose,100,GT Eval,,,,,,,,,0.0,,colmap,garden,,,15000,15000,default,MCMC,,,,,Shared Cam,,,,,,gsplat,outdoor,21.593313217163086,0.27146899700164795,0.4668513238430023,1000000,0.0006200820789672434,0.06278770416975021,,,0.41174793437055524,0.3361894244091358,70656,/home/ojab2/work/git/gsplat/results/colmap_outputs/garden_2_n100_s42_default_farthestpose_sharedcam_i100_gteval_steps15000/stats/val_step14999.json,/home/ojab2/work/git/gsplat/results/colmap_outputs/garden_2_n100_s42_default_farthestpose_sharedcam_i100_gteval_steps15000/stats/val_step14999.json,garden_2_n100_s42_default_farthestpose_sharedcam_i100_gteval_steps15000,0.0628,0.002621,100,,,,/home/ojab2/work/git/vggt/colmap_outputs/garden_2_n100_s42_default_farthestpose_sharedcam/eval_results.json,garden_2_n100_s42_default_farthestpose_sharedcam,garden_2_n100_s42_default_farthestpose_sharedcam_i100_gteval_steps15000_val_step14999.json,70656,colmap | ,100.0
colmap,100,42,,80892,,,,,0,10,farthestpose,100,GT Eval,,,,,,,,,0.0,,colmap,bonsai,,,15000,15000,default,MCMC,,,,,Shared Cam,,,,,,gsplat,indoor,22.422779083251953,0.20355287194252014,0.6968405842781067,1000000,0.003077009692788124,0.1581190675497055,,,0.6035285908886177,0.2532921035199582,80892,/home/ojab2/work/git/gsplat/results/colmap_outputs/bonsai_2_n100_s42_default_farthestpose_sharedcam_i100_gteval_steps15000/stats/val_step14999.json,/home/ojab2/work/git/gsplat/results/colmap_outputs/bonsai_2_n100_s42_default_farthestpose_sharedcam_i100_gteval_steps15000/stats/val_step14999.json,bonsai_2_n100_s42_default_farthestpose_sharedcam_i100_gteval_steps15000,0.1581,0.013152,100,,,,/home/ojab2/work/git/vggt/colmap_outputs/bonsai_2_n100_s42_default_farthestpose_sharedcam/eval_results.json,bonsai_2_n100_s42_default_farthestpose_sharedcam,bonsai_2_n100_s42_default_farthestpose_sharedcam_i100_gteval_steps15000_val_step14999.json,80892,colmap | ,100.0
colmap,100,42,,92853,,,,,0,10,farthestpose,100,GT Eval,,,,,,,,,0.0,,colmap,kitchen,,,15000,15000,default,MCMC,,,,,Shared Cam,,,,,,gsplat,indoor,21.259883880615234,0.14850512146949768,0.47112002968788147,1000000,0.0010659509571269155,0.10734093934297562,,,0.4839732631063059,0.2944094530225615,92853,/home/ojab2/work/git/gsplat/results/colmap_outputs/kitchen_2_n100_s42_default_farthestpose_sharedcam_i100_gteval_steps15000/stats/val_step14999.json,/home/ojab2/work/git/gsplat/results/colmap_outputs/kitchen_2_n100_s42_default_farthestpose_sharedcam_i100_gteval_steps15000/stats/val_step14999.json,kitchen_2_n100_s42_default_farthestpose_sharedcam_i100_gteval_steps15000,0.1073,0.004456,100,,,,/home/ojab2/work/git/vggt/colmap_outputs/kitchen_2_n100_s42_default_farthestpose_sharedcam/eval_results.json,kitchen_2_n100_s42_default_farthestpose_sharedcam,kitchen_2_n100_s42_default_farthestpose_sharedcam_i100_gteval_steps15000_val_step14999.json,92853,colmap | ,100.0
vggt,20,42,0.0,100000,random,,,,0,10,farthestpose,20,GT Eval,,,,,,,,,0.0,,vggt,bicycle,,,15000,15000,,MCMC,,,,,,,,,,,gsplat,outdoor,15.57375717163086,0.4779299795627594,0.19145579636096954,1000000,0.026676107197999954,1.1489726305007935,,,0.011779607233093348,0.4682766863116995,100000,/home/ojab2/work/git/gsplat/results/vggt_outputs/bicycle_4_n20_s42_c0.0_p100000_random_farthestpose_i20_gteval_steps15000/stats/val_step14999.json,/home/ojab2/work/git/gsplat/results/vggt_outputs/bicycle_4_n20_s42_c0.0_p100000_random_farthestpose_i20_gteval_steps15000/stats/val_step14999.json,bicycle_4_n20_s42_c0.0_p100000_random_farthestpose_i20_gteval_steps15000,1.1489,0.123985,20,,,,/home/ojab2/work/git/vggt/vggt_outputs/bicycle_4_n20_s42_c0.0_p100000_random_farthestpose/eval_results.json,bicycle_4_n20_s42_c0.0_p100000_random_farthestpose,bicycle_4_n20_s42_c0.0_p100000_random_farthestpose_i20_gteval_steps15000_val_step14999.json,100000,vggt | ,20.0
vggt,20,42,0.0,100000,random,,,,0,10,farthestpose,20,GT Eval,,,,,,,,,0.0,,vggt,garden,,,15000,15000,,MCMC,,,,,,,,,,,gsplat,outdoor,17.63550567626953,0.3881603181362152,0.29234230518341064,1000000,0.004485168494284153,0.30391043424606323,,,0.16437146472342218,0.4155402528843264,100000,/home/ojab2/work/git/gsplat/results/vggt_outputs/garden_2_n20_s42_c0.0_p100000_random_farthestpose_i20_gteval_steps15000/stats/val_step14999.json,/home/ojab2/work/git/gsplat/results/vggt_outputs/garden_2_n20_s42_c0.0_p100000_random_farthestpose_i20_gteval_steps15000/stats/val_step14999.json,garden_2_n20_s42_c0.0_p100000_random_farthestpose_i20_gteval_steps15000,0.304,0.021383,20,,,,/home/ojab2/work/git/vggt/vggt_outputs/garden_2_n20_s42_c0.0_p100000_random_farthestpose/eval_results.json,garden_2_n20_s42_c0.0_p100000_random_farthestpose,garden_2_n20_s42_c0.0_p100000_random_farthestpose_i20_gteval_steps15000_val_step14999.json,100000,vggt | ,20.0
vggt,20,42,0.0,100000,random,,,,0,10,farthestpose,20,GT Eval,,,,,,,,,0.0,,vggt,stump,,,15000,15000,,MCMC,,,,,,,,,,,gsplat,outdoor,15.908185958862305,0.5520498156547546,0.2879822552204132,1000000,0.06999406218528748,1.5108363628387451,,,0.02866796923582241,0.47383893639345437,100000,/home/ojab2/work/git/gsplat/results/vggt_outputs/stump_2_n20_s42_c0.0_p100000_random_farthestpose_i20_gteval_steps15000/stats/val_step14999.json,/home/ojab2/work/git/gsplat/results/vggt_outputs/stump_2_n20_s42_c0.0_p100000_random_farthestpose_i20_gteval_steps15000/stats/val_step14999.json,stump_2_n20_s42_c0.0_p100000_random_farthestpose_i20_gteval_steps15000,1.5109,0.298849,20,,,,/home/ojab2/work/git/vggt/vggt_outputs/stump_2_n20_s42_c0.0_p100000_random_farthestpose/eval_results.json,stump_2_n20_s42_c0.0_p100000_random_farthestpose,stump_2_n20_s42_c0.0_p100000_random_farthestpose_i20_gteval_steps15000_val_step14999.json,100000,vggt | ,20.0
vggt,20,42,0.0,100000,random,,,,0,10,farthestpose,20,GT Eval,,,,,,,,,0.0,,vggt,bonsai,,,15000,15000,,MCMC,,,,,,,,,,,gsplat,indoor,16.017148971557617,0.48860669136047363,0.4894988238811493,1000000,0.02396731823682785,0.8714727163314819,,,0.18769417179335712,0.40937340487747986,100000,/home/ojab2/work/git/gsplat/results/vggt_outputs/bonsai_2_n20_s42_c0.0_p100000_random_farthestpose_i20_gteval_steps15000/stats/val_step14999.json,/home/ojab2/work/git/gsplat/results/vggt_outputs/bonsai_2_n20_s42_c0.0_p100000_random_farthestpose_i20_gteval_steps15000/stats/val_step14999.json,bonsai_2_n20_s42_c0.0_p100000_random_farthestpose_i20_gteval_steps15000,0.8715,0.105606,20,,,,/home/ojab2/work/git/vggt/vggt_outputs/bonsai_2_n20_s42_c0.0_p100000_random_farthestpose/eval_results.json,bonsai_2_n20_s42_c0.0_p100000_random_farthestpose,bonsai_2_n20_s42_c0.0_p100000_random_farthestpose_i20_gteval_steps15000_val_step14999.json,100000,vggt | ,20.0
vggt,20,42,0.0,100000,random,,,,0,10,farthestpose,20,GT Eval,,,,,,,,,0.0,,vggt,kitchen,,,15000,15000,,MCMC,,,,,,,,,,,gsplat,indoor,17.3839168548584,0.34315255284309387,0.3958335518836975,1000000,0.006498797331005335,0.30525773763656616,,,0.2480161805444139,0.37956617405684867,100000,/home/ojab2/work/git/gsplat/results/vggt_outputs/kitchen_2_n20_s42_c0.0_p100000_random_farthestpose_i20_gteval_steps15000/stats/val_step14999.json,/home/ojab2/work/git/gsplat/results/vggt_outputs/kitchen_2_n20_s42_c0.0_p100000_random_farthestpose_i20_gteval_steps15000/stats/val_step14999.json,kitchen_2_n20_s42_c0.0_p100000_random_farthestpose_i20_gteval_steps15000,0.3053,0.029336,20,,,,/home/ojab2/work/git/vggt/vggt_outputs/kitchen_2_n20_s42_c0.0_p100000_random_farthestpose/eval_results.json,kitchen_2_n20_s42_c0.0_p100000_random_farthestpose,kitchen_2_n20_s42_c0.0_p100000_random_farthestpose_i20_gteval_steps15000_val_step14999.json,100000,vggt | ,20.0
vggt,20,42,0.0,100000,random,,,,0,10,farthestpose,20,GT Eval,,,,,,,,,0.0,,vggt,counter,,,15000,15000,,MCMC,,,,,,,,,,,gsplat,indoor,16.00591278076172,0.4538404643535614,0.46748030185699463,1000000,0.007641566451638937,0.48741665482521057,,,0.19607039947181343,0.4028882087309418,100000,/home/ojab2/work/git/gsplat/results/vggt_outputs/counter_2_n20_s42_c0.0_p100000_random_farthestpose_i20_gteval_steps15000/stats/val_step14999.json,/home/ojab2/work/git/gsplat/results/vggt_outputs/counter_2_n20_s42_c0.0_p100000_random_farthestpose_i20_gteval_steps15000/stats/val_step14999.json,counter_2_n20_s42_c0.0_p100000_random_farthestpose_i20_gteval_steps15000,0.4873,0.036401,20,,,,/home/ojab2/work/git/vggt/vggt_outputs/counter_2_n20_s42_c0.0_p100000_random_farthestpose/eval_results.json,counter_2_n20_s42_c0.0_p100000_random_farthestpose,counter_2_n20_s42_c0.0_p100000_random_farthestpose_i20_gteval_steps15000_val_step14999.json,100000,vggt | ,20.0
vggt,20,42,0.0,100000,random,,,,0,10,farthestpose,20,GT Eval,,,,,,,,,0.0,,vggt,lego,,,15000,15000,,MCMC,,,,,,,,,,,gsplat,synthetic,13.51085090637207,0.33849838376045227,0.6098172664642334,1000000,0.03264262527227402,2.281935453414917,0.16019141674041748,0.042643409222364426,0.3043023561253959,0.3359004548024596,100000,/home/ojab2/work/git/gsplat/results/vggt_outputs/lego_1_n20_s42_c0.0_p100000_random_farthestpose_i20_gteval_steps15000/stats/val_step14999.json,/home/ojab2/work/git/gsplat/results/vggt_outputs/lego_1_n20_s42_c0.0_p100000_random_farthestpose_i20_gteval_steps15000/stats/val_step14999.json,lego_1_n20_s42_c0.0_p100000_random_farthestpose_i20_gteval_steps15000,2.282,0.136623,20,0.0677,0.0193,0.1011,/home/ojab2/work/git/vggt/vggt_outputs/lego_1_n20_s42_c0.0_p100000_random_farthestpose/eval_results.json,lego_1_n20_s42_c0.0_p100000_random_farthestpose,lego_1_n20_s42_c0.0_p100000_random_farthestpose_i20_gteval_steps15000_val_step14999.json,100000,vggt | ,20.0
vggt,20,42,0.0,100000,random,,,,0,10,farthestpose,20,GT Eval,,,,,,,,,0.0,,vggt,ship,,,15000,15000,,MCMC,,,,,,,,,,,gsplat,synthetic,21.624435424804688,0.1641979068517685,0.7086312770843506,1000000,0.005548626650124788,0.3689360022544861,0.12552256882190704,0.030273562297225,0.6199327793851,0.2369544041040324,100000,/home/ojab2/work/git/gsplat/results/vggt_outputs/ship_1_n20_s42_c0.0_p100000_random_farthestpose_i20_gteval_steps15000/stats/val_step14999.json,/home/ojab2/work/git/gsplat/results/vggt_outputs/ship_1_n20_s42_c0.0_p100000_random_farthestpose_i20_gteval_steps15000/stats/val_step14999.json,ship_1_n20_s42_c0.0_p100000_random_farthestpose_i20_gteval_steps15000,0.3689,0.022972,20,0.0975,0.0269,0.2478,/home/ojab2/work/git/vggt/vggt_outputs/ship_1_n20_s42_c0.0_p100000_random_farthestpose/eval_results.json,ship_1_n20_s42_c0.0_p100000_random_farthestpose,ship_1_n20_s42_c0.0_p100000_random_farthestpose_i20_gteval_steps15000_val_step14999.json,100000,vggt | ,20.0
vggt,20,42,0.0,100000,random,,,,0,10,farthestpose,20,GT Eval,,,,,,,,,0.0,,vggt,drums,,,15000,15000,,MCMC,,,,,,,,,,,gsplat,synthetic,13.110735893249512,0.3594720661640167,0.6423953771591187,1000000,0.011616821400821209,0.853131890296936,0.21274927258491516,0.062136538326740265,0.30299762803443925,0.3354431811887489,100000,/home/ojab2/work/git/gsplat/results/vggt_outputs/drums_1_n20_s42_c0.0_p100000_random_farthestpose_i20_gteval_steps15000/stats/val_step14999.json,/home/ojab2/work/git/gsplat/results/vggt_outputs/drums_1_n20_s42_c0.0_p100000_random_farthestpose_i20_gteval_steps15000/stats/val_step14999.json,drums_1_n20_s42_c0.0_p100000_random_farthestpose_i20_gteval_steps15000,0.8537,0.052643,20,,,,/home/ojab2/work/git/vggt/vggt_outputs/drums_1_n20_s42_c0.0_p100000_random_farthestpose/eval_results.json,drums_1_n20_s42_c0.0_p100000_random_farthestpose,drums_1_n20_s42_c0.0_p100000_random_farthestpose_i20_gteval_steps15000_val_step14999.json,100000,vggt | ,20.0
vggt,40,42,0.0,100000,random,,,,0,10,farthestpose,40,GT Eval,,,,,,,,,0.0,,vggt,bicycle,,,15000,15000,,MCMC,,,,,,,,,,,gsplat,outdoor,15.945895195007324,0.4716128408908844,0.20698022842407227,1000000,0.019240060821175575,0.9968496561050415,,,0.031649135667988104,0.4625210571351146,100000,/home/ojab2/work/git/gsplat/results/vggt_outputs/bicycle_4_n40_s42_c0.0_p100000_random_farthestpose_i40_gteval_steps15000/stats/val_step14999.json,/home/ojab2/work/git/gsplat/results/vggt_outputs/bicycle_4_n40_s42_c0.0_p100000_random_farthestpose_i40_gteval_steps15000/stats/val_step14999.json,bicycle_4_n40_s42_c0.0_p100000_random_farthestpose_i40_gteval_steps15000,0.9969,0.089406,40,,,,/home/ojab2/work/git/vggt/vggt_outputs/bicycle_4_n40_s42_c0.0_p100000_random_farthestpose/eval_results.json,bicycle_4_n40_s42_c0.0_p100000_random_farthestpose,bicycle_4_n40_s42_c0.0_p100000_random_farthestpose_i40_gteval_steps15000_val_step14999.json,100000,vggt | ,40.0
vggt,40,42,0.0,100000,random,,,,0,10,farthestpose,40,GT Eval,,,,,,,,,0.0,,vggt,garden,,,15000,15000,,MCMC,,,,,,,,,,,gsplat,outdoor,18.477710723876953,0.39906367659568787,0.33155709505081177,1000000,0.005342228338122368,0.2897794842720032,,,0.19617001196252132,0.4102817702440724,100000,/home/ojab2/work/git/gsplat/results/vggt_outputs/garden_2_n40_s42_c0.0_p100000_random_farthestpose_i40_gteval_steps15000/stats/val_step14999.json,/home/ojab2/work/git/gsplat/results/vggt_outputs/garden_2_n40_s42_c0.0_p100000_random_farthestpose_i40_gteval_steps15000/stats/val_step14999.json,garden_2_n40_s42_c0.0_p100000_random_farthestpose_i40_gteval_steps15000,0.2895,0.024777,40,,,,/home/ojab2/work/git/vggt/vggt_outputs/garden_2_n40_s42_c0.0_p100000_random_farthestpose/eval_results.json,garden_2_n40_s42_c0.0_p100000_random_farthestpose,garden_2_n40_s42_c0.0_p100000_random_farthestpose_i40_gteval_steps15000_val_step14999.json,100000,vggt | ,40.0
vggt,40,42,0.0,100000,random,,,,0,10,farthestpose,40,GT Eval,,,,,,,,,0.0,,vggt,stump,,,15000,15000,,MCMC,,,,,,,,,,,gsplat,outdoor,17.673416137695312,0.5088943243026733,0.35270050168037415,1000000,0.028945788741111755,0.8703087568283081,,,0.12584353693899514,0.44351009449816475,100000,/home/ojab2/work/git/gsplat/results/vggt_outputs/stump_2_n40_s42_c0.0_p100000_random_farthestpose_i40_gteval_steps15000/stats/val_step14999.json,/home/ojab2/work/git/gsplat/results/vggt_outputs/stump_2_n40_s42_c0.0_p100000_random_farthestpose_i40_gteval_steps15000/stats/val_step14999.json,stump_2_n40_s42_c0.0_p100000_random_farthestpose_i40_gteval_steps15000,0.8703,0.125919,40,,,,/home/ojab2/work/git/vggt/vggt_outputs/stump_2_n40_s42_c0.0_p100000_random_farthestpose/eval_results.json,stump_2_n40_s42_c0.0_p100000_random_farthestpose,stump_2_n40_s42_c0.0_p100000_random_farthestpose_i40_gteval_steps15000_val_step14999.json,100000,vggt | ,40.0
vggt,40,42,0.0,100000,random,,,,0,10,farthestpose,40,GT Eval,,,,,,,,,0.0,,vggt,bonsai,,,15000,15000,,MCMC,,,,,,,,,,,gsplat,indoor,16.336158752441406,0.4692293703556061,0.5162447690963745,1000000,0.023552441969513893,0.8910350799560547,,,0.22120397322514057,0.396000813039739,100000,/home/ojab2/work/git/gsplat/results/vggt_outputs/bonsai_2_n40_s42_c0.0_p100000_random_farthestpose_i40_gteval_steps15000/stats/val_step14999.json,/home/ojab2/work/git/gsplat/results/vggt_outputs/bonsai_2_n40_s42_c0.0_p100000_random_farthestpose_i40_gteval_steps15000/stats/val_step14999.json,bonsai_2_n40_s42_c0.0_p100000_random_farthestpose_i40_gteval_steps15000,0.891,0.103772,40,,,,/home/ojab2/work/git/vggt/vggt_outputs/bonsai_2_n40_s42_c0.0_p100000_random_farthestpose/eval_results.json,bonsai_2_n40_s42_c0.0_p100000_random_farthestpose,bonsai_2_n40_s42_c0.0_p100000_random_farthestpose_i40_gteval_steps15000_val_step14999.json,100000,vggt | ,40.0
vggt,40,42,0.0,100000,random,,,,0,10,farthestpose,40,GT Eval,,,,,,,,,0.0,,vggt,kitchen,,,15000,15000,,MCMC,,,,,,,,,,,gsplat,indoor,17.734577178955078,0.29621559381484985,0.3957418203353882,1000000,0.00757738808169961,0.3356691300868988,,,0.2834296775685261,0.36346793704584945,100000,/home/ojab2/work/git/gsplat/results/vggt_outputs/kitchen_2_n40_s42_c0.0_p100000_random_farthestpose_i40_gteval_steps15000/stats/val_step14999.json,/home/ojab2/work/git/gsplat/results/vggt_outputs/kitchen_2_n40_s42_c0.0_p100000_random_farthestpose_i40_gteval_steps15000/stats/val_step14999.json,kitchen_2_n40_s42_c0.0_p100000_random_farthestpose_i40_gteval_steps15000,0.3356,0.033074,40,,,,/home/ojab2/work/git/vggt/vggt_outputs/kitchen_2_n40_s42_c0.0_p100000_random_farthestpose/eval_results.json,kitchen_2_n40_s42_c0.0_p100000_random_farthestpose,kitchen_2_n40_s42_c0.0_p100000_random_farthestpose_i40_gteval_steps15000_val_step14999.json,100000,vggt | ,40.0
vggt,40,42,0.0,100000,random,,,,0,10,farthestpose,40,GT Eval,,,,,,,,,0.0,,vggt,counter,,,15000,15000,,MCMC,,,,,,,,,,,gsplat,indoor,18.035877227783203,0.3751230537891388,0.5453076958656311,1000000,0.008515214547514915,0.3567419648170471,,,0.3277664237629677,0.35505011888544413,100000,/home/ojab2/work/git/gsplat/results/vggt_outputs/counter_2_n40_s42_c0.0_p100000_random_farthestpose_i40_gteval_steps15000/stats/val_step14999.json,/home/ojab2/work/git/gsplat/results/vggt_outputs/counter_2_n40_s42_c0.0_p100000_random_farthestpose_i40_gteval_steps15000/stats/val_step14999.json,counter_2_n40_s42_c0.0_p100000_random_farthestpose_i40_gteval_steps15000,0.3566,0.04067,40,,,,/home/ojab2/work/git/vggt/vggt_outputs/counter_2_n40_s42_c0.0_p100000_random_farthestpose/eval_results.json,counter_2_n40_s42_c0.0_p100000_random_farthestpose,counter_2_n40_s42_c0.0_p100000_random_farthestpose_i40_gteval_steps15000_val_step14999.json,100000,vggt | ,40.0
vggt,40,42,0.0,100000,random,,,,0,10,farthestpose,40,GT Eval,,,,,,,,,0.0,,vggt,lego,,,15000,15000,,MCMC,,,,,,,,,,,gsplat,synthetic,14.37865161895752,0.27628257870674133,0.6544467806816101,1000000,0.016287388280034065,1.3375880718231201,0.1377255916595459,0.03793244808912277,0.38487668874745556,0.3002023496811747,100000,/home/ojab2/work/git/gsplat/results/vggt_outputs/lego_1_n40_s42_c0.0_p100000_random_farthestpose_i40_gteval_steps15000/stats/val_step14999.json,/home/ojab2/work/git/gsplat/results/vggt_outputs/lego_1_n40_s42_c0.0_p100000_random_farthestpose_i40_gteval_steps15000/stats/val_step14999.json,lego_1_n40_s42_c0.0_p100000_random_farthestpose_i40_gteval_steps15000,1.3375,0.068919,40,0.0541,0.0152,0.0944,/home/ojab2/work/git/vggt/vggt_outputs/lego_1_n40_s42_c0.0_p100000_random_farthestpose/eval_results.json,lego_1_n40_s42_c0.0_p100000_random_farthestpose,lego_1_n40_s42_c0.0_p100000_random_farthestpose_i40_gteval_steps15000_val_step14999.json,100000,vggt | ,40.0
vggt,40,42,0.0,100000,random,,,,0,10,farthestpose,40,GT Eval,,,,,,,,,0.0,,vggt,ship,,,15000,15000,,MCMC,,,,,,,,,,,gsplat,synthetic,21.399463653564453,0.16216853260993958,0.6979602575302124,1000000,0.004180692136287689,0.2694769501686096,0.12194479256868362,0.03135951608419418,0.6107789733101595,0.23966507057274478,100000,/home/ojab2/work/git/gsplat/results/vggt_outputs/ship_1_n40_s42_c0.0_p100000_random_farthestpose_i40_gteval_steps15000/stats/val_step14999.json,/home/ojab2/work/git/gsplat/results/vggt_outputs/ship_1_n40_s42_c0.0_p100000_random_farthestpose_i40_gteval_steps15000/stats/val_step14999.json,ship_1_n40_s42_c0.0_p100000_random_farthestpose_i40_gteval_steps15000,0.2698,0.018068,40,0.1029,0.0282,0.2617,/home/ojab2/work/git/vggt/vggt_outputs/ship_1_n40_s42_c0.0_p100000_random_farthestpose/eval_results.json,ship_1_n40_s42_c0.0_p100000_random_farthestpose,ship_1_n40_s42_c0.0_p100000_random_farthestpose_i40_gteval_steps15000_val_step14999.json,100000,vggt | ,40.0
vggt,40,42,0.0,100000,random,,,,0,10,farthestpose,40,GT Eval,,,,,,,,,0.0,,vggt,drums,,,15000,15000,,MCMC,,,,,,,,,,,gsplat,synthetic,17.82033348083496,0.12377259880304337,0.7901908755302429,1000000,0.004187264479696751,0.37243494391441345,0.07474111765623093,0.022182460874319077,0.6221360125523872,0.19944673607264865,100000,/home/ojab2/work/git/gsplat/results/vggt_outputs/drums_1_n40_s42_c0.0_p100000_random_farthestpose_i40_gteval_steps15000/stats/val_step14999.json,/home/ojab2/work/git/gsplat/results/vggt_outputs/drums_1_n40_s42_c0.0_p100000_random_farthestpose_i40_gteval_steps15000/stats/val_step14999.json,drums_1_n40_s42_c0.0_p100000_random_farthestpose_i40_gteval_steps15000,0.3733,0.019382,40,,,,/home/ojab2/work/git/vggt/vggt_outputs/drums_1_n40_s42_c0.0_p100000_random_farthestpose/eval_results.json,drums_1_n40_s42_c0.0_p100000_random_farthestpose,drums_1_n40_s42_c0.0_p100000_random_farthestpose_i40_gteval_steps15000_val_step14999.json,100000,vggt | ,40.0
vggt,60,42,0.0,100000,random,,,,0,10,farthestpose,60,GT Eval,,,,,,,,,0.0,,vggt,bicycle,,,15000,15000,,MCMC,,,,,,,,,,,gsplat,outdoor,16.939054489135742,0.42465606331825256,0.2356017380952835,1000000,0.016506878659129143,0.6712613701820374,,,0.09576436457035993,0.43972979524028083,100000,/home/ojab2/work/git/gsplat/results/vggt_outputs/bicycle_4_n60_s42_c0.0_p100000_random_farthestpose_i60_gteval_steps15000/stats/val_step14999.json,/home/ojab2/work/git/gsplat/results/vggt_outputs/bicycle_4_n60_s42_c0.0_p100000_random_farthestpose_i60_gteval_steps15000/stats/val_step14999.json,bicycle_4_n60_s42_c0.0_p100000_random_farthestpose_i60_gteval_steps15000,0.6713,0.070966,60,,,,/home/ojab2/work/git/vggt/vggt_outputs/bicycle_4_n60_s42_c0.0_p100000_random_farthestpose/eval_results.json,bicycle_4_n60_s42_c0.0_p100000_random_farthestpose,bicycle_4_n60_s42_c0.0_p100000_random_farthestpose_i60_gteval_steps15000_val_step14999.json,100000,vggt | ,60.0
vggt,60,42,0.0,100000,random,,,,0,10,farthestpose,60,GT Eval,,,,,,,,,0.0,,vggt,garden,,,15000,15000,,MCMC,,,,,,,,,,,gsplat,outdoor,18.57674789428711,0.42809295654296875,0.34289664030075073,1000000,0.005452123936265707,0.34496501088142395,,,0.18671603803901105,0.41753000810749247,100000,/home/ojab2/work/git/gsplat/results/vggt_outputs/garden_2_n60_s42_c0.0_p100000_random_farthestpose_i60_gteval_steps15000/stats/val_step14999.json,/home/ojab2/work/git/gsplat/results/vggt_outputs/garden_2_n60_s42_c0.0_p100000_random_farthestpose_i60_gteval_steps15000/stats/val_step14999.json,garden_2_n60_s42_c0.0_p100000_random_farthestpose_i60_gteval_steps15000,0.3446,0.026512,60,,,,/home/ojab2/work/git/vggt/vggt_outputs/garden_2_n60_s42_c0.0_p100000_random_farthestpose/eval_results.json,garden_2_n60_s42_c0.0_p100000_random_farthestpose,garden_2_n60_s42_c0.0_p100000_random_farthestpose_i60_gteval_steps15000_val_step14999.json,100000,vggt | ,60.0
vggt,60,42,0.0,100000,random,,,,0,10,farthestpose,60,GT Eval,,,,,,,,,0.0,,vggt,stump,,,15000,15000,,MCMC,,,,,,,,,,,gsplat,outdoor,17.934579849243164,0.5172075629234314,0.3724989593029022,1000000,0.03554774075746536,0.9791924953460693,,,0.13712631858270463,0.4418155586486293,100000,/home/ojab2/work/git/gsplat/results/vggt_outputs/stump_2_n60_s42_c0.0_p100000_random_farthestpose_i60_gteval_steps15000/stats/val_step14999.json,/home/ojab2/work/git/gsplat/results/vggt_outputs/stump_2_n60_s42_c0.0_p100000_random_farthestpose_i60_gteval_steps15000/stats/val_step14999.json,stump_2_n60_s42_c0.0_p100000_random_farthestpose_i60_gteval_steps15000,0.9791,0.149199,60,,,,/home/ojab2/work/git/vggt/vggt_outputs/stump_2_n60_s42_c0.0_p100000_random_farthestpose/eval_results.json,stump_2_n60_s42_c0.0_p100000_random_farthestpose,stump_2_n60_s42_c0.0_p100000_random_farthestpose_i60_gteval_steps15000_val_step14999.json,100000,vggt | ,60.0
vggt,60,42,0.0,100000,random,,,,0,10,farthestpose,60,GT Eval,,,,,,,,,0.0,,vggt,bonsai,,,15000,15000,,MCMC,,,,,,,,,,,gsplat,indoor,16.860124588012695,0.4490773677825928,0.5395917892456055,1000000,0.024049289524555206,0.8638668656349182,,,0.2569997801728029,0.3827389814401719,100000,/home/ojab2/work/git/gsplat/results/vggt_outputs/bonsai_2_n60_s42_c0.0_p100000_random_farthestpose_i60_gteval_steps15000/stats/val_step14999.json,/home/ojab2/work/git/gsplat/results/vggt_outputs/bonsai_2_n60_s42_c0.0_p100000_random_farthestpose_i60_gteval_steps15000/stats/val_step14999.json,bonsai_2_n60_s42_c0.0_p100000_random_farthestpose_i60_gteval_steps15000,0.8639,0.103497,60,,,,/home/ojab2/work/git/vggt/vggt_outputs/bonsai_2_n60_s42_c0.0_p100000_random_farthestpose/eval_results.json,bonsai_2_n60_s42_c0.0_p100000_random_farthestpose,bonsai_2_n60_s42_c0.0_p100000_random_farthestpose_i60_gteval_steps15000_val_step14999.json,100000,vggt | ,60.0
vggt,60,42,0.0,100000,random,,,,0,10,farthestpose,60,GT Eval,,,,,,,,,0.0,,vggt,kitchen,,,15000,15000,,MCMC,,,,,,,,,,,gsplat,indoor,18.747873306274414,0.26178333163261414,0.4294615089893341,1000000,0.007522428873926401,0.3371451497077942,,,0.3431680196674711,0.3434883537961668,100000,/home/ojab2/work/git/gsplat/results/vggt_outputs/kitchen_2_n60_s42_c0.0_p100000_random_farthestpose_i60_gteval_steps15000/stats/val_step14999.json,/home/ojab2/work/git/gsplat/results/vggt_outputs/kitchen_2_n60_s42_c0.0_p100000_random_farthestpose_i60_gteval_steps15000/stats/val_step14999.json,kitchen_2_n60_s42_c0.0_p100000_random_farthestpose_i60_gteval_steps15000,0.3372,0.035318,60,,,,/home/ojab2/work/git/vggt/vggt_outputs/kitchen_2_n60_s42_c0.0_p100000_random_farthestpose/eval_results.json,kitchen_2_n60_s42_c0.0_p100000_random_farthestpose,kitchen_2_n60_s42_c0.0_p100000_random_farthestpose_i60_gteval_steps15000_val_step14999.json,100000,vggt | ,60.0
vggt,60,42,0.0,100000,random,,,,0,10,farthestpose,60,GT Eval,,,,,,,,,0.0,,vggt,counter,,,15000,15000,,MCMC,,,,,,,,,,,gsplat,indoor,18.857019424438477,0.346827894449234,0.5815300345420837,1000000,0.008001512847840786,0.40859511494636536,,,0.38162156267550335,0.3355770206400666,100000,/home/ojab2/work/git/gsplat/results/vggt_outputs/counter_2_n60_s42_c0.0_p100000_random_farthestpose_i60_gteval_steps15000/stats/val_step14999.json,/home/ojab2/work/git/gsplat/results/vggt_outputs/counter_2_n60_s42_c0.0_p100000_random_farthestpose_i60_gteval_steps15000/stats/val_step14999.json,counter_2_n60_s42_c0.0_p100000_random_farthestpose_i60_gteval_steps15000,0.4085,0.037369,60,,,,/home/ojab2/work/git/vggt/vggt_outputs/counter_2_n60_s42_c0.0_p100000_random_farthestpose/eval_results.json,counter_2_n60_s42_c0.0_p100000_random_farthestpose,counter_2_n60_s42_c0.0_p100000_random_farthestpose_i60_gteval_steps15000_val_step14999.json,100000,vggt | ,60.0
vggt,60,42,0.0,100000,random,,,,0,10,farthestpose,60,GT Eval,,,,,,,,,0.0,,vggt,lego,,,15000,15000,,MCMC,,,,,,,,,,,gsplat,synthetic,16.231658935546875,0.18868233263492584,0.7087209820747375,1000000,0.007092190906405449,0.602834939956665,0.09793594479560852,0.02561195194721222,0.5050051640852308,0.25073304717619205,100000,/home/ojab2/work/git/gsplat/results/vggt_outputs/lego_1_n60_s42_c0.0_p100000_random_farthestpose_i60_gteval_steps15000/stats/val_step14999.json,/home/ojab2/work/git/gsplat/results/vggt_outputs/lego_1_n60_s42_c0.0_p100000_random_farthestpose_i60_gteval_steps15000/stats/val_step14999.json,lego_1_n60_s42_c0.0_p100000_random_farthestpose_i60_gteval_steps15000,0.6029,0.028582,60,0.045,0.0125,0.1,/home/ojab2/work/git/vggt/vggt_outputs/lego_1_n60_s42_c0.0_p100000_random_farthestpose/eval_results.json,lego_1_n60_s42_c0.0_p100000_random_farthestpose,lego_1_n60_s42_c0.0_p100000_random_farthestpose_i60_gteval_steps15000_val_step14999.json,100000,vggt | ,60.0
vggt,60,42,0.0,100000,random,,,,0,10,farthestpose,60,GT Eval,,,,,,,,,0.0,,vggt,ship,,,15000,15000,,MCMC,,,,,,,,,,,gsplat,synthetic,22.636770248413086,0.14375072717666626,0.72690349817276,1000000,0.00540061853826046,0.3787751793861389,0.12644818425178528,0.02833826094865799,0.6619869458202885,0.22392872093491958,100000,/home/ojab2/work/git/gsplat/results/vggt_outputs/ship_1_n60_s42_c0.0_p100000_random_farthestpose_i60_gteval_steps15000/stats/val_step14999.json,/home/ojab2/work/git/gsplat/results/vggt_outputs/ship_1_n60_s42_c0.0_p100000_random_farthestpose_i60_gteval_steps15000/stats/val_step14999.json,ship_1_n60_s42_c0.0_p100000_random_farthestpose_i60_gteval_steps15000,0.3788,0.020531,60,0.1062,0.0288,0.2577,/home/ojab2/work/git/vggt/vggt_outputs/ship_1_n60_s42_c0.0_p100000_random_farthestpose/eval_results.json,ship_1_n60_s42_c0.0_p100000_random_farthestpose,ship_1_n60_s42_c0.0_p100000_random_farthestpose_i60_gteval_steps15000_val_step14999.json,100000,vggt | ,60.0
vggt,60,42,0.0,100000,random,,,,0,10,farthestpose,60,GT Eval,,,,,,,,,0.0,,vggt,drums,,,15000,15000,,MCMC,,,,,,,,,,,gsplat,synthetic,19.182491302490234,0.10479867458343506,0.8285782933235168,1000000,0.004322481341660023,0.3657870590686798,0.06777974963188171,0.019032133743166924,0.6815222386340958,0.17696697730711078,100000,/home/ojab2/work/git/gsplat/results/vggt_outputs/drums_1_n60_s42_c0.0_p100000_random_farthestpose_i60_gteval_steps15000/stats/val_step14999.json,/home/ojab2/work/git/gsplat/results/vggt_outputs/drums_1_n60_s42_c0.0_p100000_random_farthestpose_i60_gteval_steps15000/stats/val_step14999.json,drums_1_n60_s42_c0.0_p100000_random_farthestpose_i60_gteval_steps15000,0.3668,0.018927,60,,,,/home/ojab2/work/git/vggt/vggt_outputs/drums_1_n60_s42_c0.0_p100000_random_farthestpose/eval_results.json,drums_1_n60_s42_c0.0_p100000_random_farthestpose,drums_1_n60_s42_c0.0_p100000_random_farthestpose_i60_gteval_steps15000_val_step14999.json,100000,vggt | ,60.0
vggt,80,42,0.0,100000,random,,,,0,10,farthestpose,80,GT Eval,,,,,,,,,0.0,,vggt,bicycle,,,15000,15000,,MCMC,,,,,,,,,,,gsplat,outdoor,17.034706115722656,0.4331849217414856,0.24800460040569305,1000000,0.016308795660734177,0.6604012846946716,,,0.09952409942092799,0.44005180479161354,100000,/home/ojab2/work/git/gsplat/results/vggt_outputs/bicycle_4_n80_s42_c0.0_p100000_random_farthestpose_i80_gteval_steps15000/stats/val_step14999.json,/home/ojab2/work/git/gsplat/results/vggt_outputs/bicycle_4_n80_s42_c0.0_p100000_random_farthestpose_i80_gteval_steps15000/stats/val_step14999.json,bicycle_4_n80_s42_c0.0_p100000_random_farthestpose_i80_gteval_steps15000,0.6603,0.070258,80,,,,/home/ojab2/work/git/vggt/vggt_outputs/bicycle_4_n80_s42_c0.0_p100000_random_farthestpose/eval_results.json,bicycle_4_n80_s42_c0.0_p100000_random_farthestpose,bicycle_4_n80_s42_c0.0_p100000_random_farthestpose_i80_gteval_steps15000_val_step14999.json,100000,vggt | ,80.0
vggt,80,42,0.0,100000,random,,,,0,10,farthestpose,80,GT Eval,,,,,,,,,0.0,,vggt,garden,,,15000,15000,,MCMC,,,,,,,,,,,gsplat,outdoor,18.648509979248047,0.4542264938354492,0.3519868850708008,1000000,0.005719637498259544,0.337533175945282,,,0.17722908500884552,0.4242898752289528,100000,/home/ojab2/work/git/gsplat/results/vggt_outputs/garden_2_n80_s42_c0.0_p100000_random_farthestpose_i80_gteval_steps15000/stats/val_step14999.json,/home/ojab2/work/git/gsplat/results/vggt_outputs/garden_2_n80_s42_c0.0_p100000_random_farthestpose_i80_gteval_steps15000/stats/val_step14999.json,garden_2_n80_s42_c0.0_p100000_random_farthestpose_i80_gteval_steps15000,0.3373,0.027213,80,,,,/home/ojab2/work/git/vggt/vggt_outputs/garden_2_n80_s42_c0.0_p100000_random_farthestpose/eval_results.json,garden_2_n80_s42_c0.0_p100000_random_farthestpose,garden_2_n80_s42_c0.0_p100000_random_farthestpose_i80_gteval_steps15000_val_step14999.json,100000,vggt | ,80.0
vggt,80,42,0.0,100000,random,,,,0,10,farthestpose,80,GT Eval,,,,,,,,,0.0,,vggt,stump,,,15000,15000,,MCMC,,,,,,,,,,,gsplat,outdoor,18.66378402709961,0.5080412030220032,0.40219390392303467,1000000,0.0388379767537117,1.0592601299285889,,,0.17365381119698967,0.43160766870431466,100000,/home/ojab2/work/git/gsplat/results/vggt_outputs/stump_2_n80_s42_c0.0_p100000_random_farthestpose_i80_gteval_steps15000/stats/val_step14999.json,/home/ojab2/work/git/gsplat/results/vggt_outputs/stump_2_n80_s42_c0.0_p100000_random_farthestpose_i80_gteval_steps15000/stats/val_step14999.json,stump_2_n80_s42_c0.0_p100000_random_farthestpose_i80_gteval_steps15000,1.0592,0.162752,80,,,,/home/ojab2/work/git/vggt/vggt_outputs/stump_2_n80_s42_c0.0_p100000_random_farthestpose/eval_results.json,stump_2_n80_s42_c0.0_p100000_random_farthestpose,stump_2_n80_s42_c0.0_p100000_random_farthestpose_i80_gteval_steps15000_val_step14999.json,100000,vggt | ,80.0
vggt,80,42,0.0,100000,random,,,,0,10,farthestpose,80,GT Eval,,,,,,,,,0.0,,vggt,bonsai,,,15000,15000,,MCMC,,,,,,,,,,,gsplat,indoor,17.383541107177734,0.43095341324806213,0.5610812306404114,1000000,0.025887394323945045,0.9018596410751343,,,0.2904472297240264,0.37057632140292346,100000,/home/ojab2/work/git/gsplat/results/vggt_outputs/bonsai_2_n80_s42_c0.0_p100000_random_farthestpose_i80_gteval_steps15000/stats/val_step14999.json,/home/ojab2/work/git/gsplat/results/vggt_outputs/bonsai_2_n80_s42_c0.0_p100000_random_farthestpose_i80_gteval_steps15000/stats/val_step14999.json,bonsai_2_n80_s42_c0.0_p100000_random_farthestpose_i80_gteval_steps15000,0.9018,0.111718,80,,,,/home/ojab2/work/git/vggt/vggt_outputs/bonsai_2_n80_s42_c0.0_p100000_random_farthestpose/eval_results.json,bonsai_2_n80_s42_c0.0_p100000_random_farthestpose,bonsai_2_n80_s42_c0.0_p100000_random_farthestpose_i80_gteval_steps15000_val_step14999.json,100000,vggt | ,80.0
vggt,80,42,0.0,100000,random,,,,0,10,farthestpose,80,GT Eval,,,,,,,,,0.0,,vggt,kitchen,,,15000,15000,,MCMC,,,,,,,,,,,gsplat,indoor,19.532747268676758,0.24004419147968292,0.4558362066745758,1000000,0.006589855067431927,0.3316928744316101,,,0.38654574480747694,0.32961822506602656,100000,/home/ojab2/work/git/gsplat/results/vggt_outputs/kitchen_2_n80_s42_c0.0_p100000_random_farthestpose_i80_gteval_steps15000/stats/val_step14999.json,/home/ojab2/work/git/gsplat/results/vggt_outputs/kitchen_2_n80_s42_c0.0_p100000_random_farthestpose_i80_gteval_steps15000/stats/val_step14999.json,kitchen_2_n80_s42_c0.0_p100000_random_farthestpose_i80_gteval_steps15000,0.3315,0.030614,80,,,,/home/ojab2/work/git/vggt/vggt_outputs/kitchen_2_n80_s42_c0.0_p100000_random_farthestpose/eval_results.json,kitchen_2_n80_s42_c0.0_p100000_random_farthestpose,kitchen_2_n80_s42_c0.0_p100000_random_farthestpose_i80_gteval_steps15000_val_step14999.json,100000,vggt | ,80.0
vggt,80,42,0.0,100000,random,,,,0,10,farthestpose,80,GT Eval,,,,,,,,,0.0,,vggt,counter,,,15000,15000,,MCMC,,,,,,,,,,,gsplat,indoor,19.900257110595703,0.31618136167526245,0.6197623610496521,1000000,0.0078744413331151,0.3529478907585144,,,0.44221647758620214,0.3143492688732329,100000,/home/ojab2/work/git/gsplat/results/vggt_outputs/counter_2_n80_s42_c0.0_p100000_random_farthestpose_i80_gteval_steps15000/stats/val_step14999.json,/home/ojab2/work/git/gsplat/results/vggt_outputs/counter_2_n80_s42_c0.0_p100000_random_farthestpose_i80_gteval_steps15000/stats/val_step14999.json,counter_2_n80_s42_c0.0_p100000_random_farthestpose_i80_gteval_steps15000,0.353,0.035227,80,,,,/home/ojab2/work/git/vggt/vggt_outputs/counter_2_n80_s42_c0.0_p100000_random_farthestpose/eval_results.json,counter_2_n80_s42_c0.0_p100000_random_farthestpose,counter_2_n80_s42_c0.0_p100000_random_farthestpose_i80_gteval_steps15000_val_step14999.json,100000,vggt | ,80.0
vggt,80,42,0.0,100000,random,,,,0,10,farthestpose,80,GT Eval,,,,,,,,,0.0,,vggt,lego,,,15000,15000,,MCMC,,,,,,,,,,,gsplat,synthetic,19.914697647094727,0.10276784002780914,0.7650076150894165,1000000,0.005054290872067213,0.3469353914260864,0.08268287032842636,0.020218251273036003,0.6591593817389577,0.19924210963978067,100000,/home/ojab2/work/git/gsplat/results/vggt_outputs/lego_1_n80_s42_c0.0_p100000_random_farthestpose_i80_gteval_steps15000/stats/val_step14999.json,/home/ojab2/work/git/gsplat/results/vggt_outputs/lego_1_n80_s42_c0.0_p100000_random_farthestpose_i80_gteval_steps15000/stats/val_step14999.json,lego_1_n80_s42_c0.0_p100000_random_farthestpose_i80_gteval_steps15000,0.347,0.019011,80,0.0453,0.0127,0.1112,/home/ojab2/work/git/vggt/vggt_outputs/lego_1_n80_s42_c0.0_p100000_random_farthestpose/eval_results.json,lego_1_n80_s42_c0.0_p100000_random_farthestpose,lego_1_n80_s42_c0.0_p100000_random_farthestpose_i80_gteval_steps15000_val_step14999.json,100000,vggt | ,80.0
vggt,80,42,0.0,100000,random,,,,0,10,farthestpose,80,GT Eval,,,,,,,,,0.0,,vggt,ship,,,15000,15000,,MCMC,,,,,,,,,,,gsplat,synthetic,21.48303985595703,0.16385158896446228,0.7119224071502686,1000000,0.00804896466434002,0.45681190490722656,0.15158113837242126,0.02930966019630432,0.6194527568640533,0.23589578342845208,100000,/home/ojab2/work/git/gsplat/results/vggt_outputs/ship_1_n80_s42_c0.0_p100000_random_farthestpose_i80_gteval_steps15000/stats/val_step14999.json,/home/ojab2/work/git/gsplat/results/vggt_outputs/ship_1_n80_s42_c0.0_p100000_random_farthestpose_i80_gteval_steps15000/stats/val_step14999.json,ship_1_n80_s42_c0.0_p100000_random_farthestpose_i80_gteval_steps15000,0.4568,0.026057,80,0.1053,0.0284,0.2435,/home/ojab2/work/git/vggt/vggt_outputs/ship_1_n80_s42_c0.0_p100000_random_farthestpose/eval_results.json,ship_1_n80_s42_c0.0_p100000_random_farthestpose,ship_1_n80_s42_c0.0_p100000_random_farthestpose_i80_gteval_steps15000_val_step14999.json,100000,vggt | ,80.0
vggt,80,42,0.0,100000,random,,,,0,10,farthestpose,80,GT Eval,,,,,,,,,0.0,,vggt,drums,,,15000,15000,,MCMC,,,,,,,,,,,gsplat,synthetic,19.59811019897461,0.10386714339256287,0.8325299620628357,1000000,0.002753693610429764,0.1814938634634018,0.08018195629119873,0.018612947314977646,0.6921048215103274,0.17468924336955052,100000,/home/ojab2/work/git/gsplat/results/vggt_outputs/drums_1_n80_s42_c0.0_p100000_random_farthestpose_i80_gteval_steps15000/stats/val_step14999.json,/home/ojab2/work/git/gsplat/results/vggt_outputs/drums_1_n80_s42_c0.0_p100000_random_farthestpose_i80_gteval_steps15000/stats/val_step14999.json,drums_1_n80_s42_c0.0_p100000_random_farthestpose_i80_gteval_steps15000,0.1823,0.009595,80,,,,/home/ojab2/work/git/vggt/vggt_outputs/drums_1_n80_s42_c0.0_p100000_random_farthestpose/eval_results.json,drums_1_n80_s42_c0.0_p100000_random_farthestpose,drums_1_n80_s42_c0.0_p100000_random_farthestpose_i80_gteval_steps15000_val_step14999.json,100000,vggt | ,80.0
vggt,87,42,0.0,100000,random,,,,0,10,farthestpose,87,GT Eval,,,,,,,,,0.0,,vggt,lego,,,15000,15000,,MCMC,,,,,,,,,,,gsplat,synthetic,20.5725154876709,0.09495189040899277,0.7736919522285461,1000000,0.00519891083240509,0.29695671796798706,0.08478271961212158,0.019924363121390343,0.681244413590493,0.1931450915679226,100000,/home/ojab2/work/git/gsplat/results/vggt_outputs/lego_1_n87_s42_c0.0_p100000_random_farthestpose_i87_gteval_steps15000/stats/val_step14999.json,/home/ojab2/work/git/gsplat/results/vggt_outputs/lego_1_n87_s42_c0.0_p100000_random_farthestpose_i87_gteval_steps15000/stats/val_step14999.json,lego_1_n87_s42_c0.0_p100000_random_farthestpose_i87_gteval_steps15000,0.2976,0.018838,87,0.0478,0.0135,0.118,/home/ojab2/work/git/vggt/vggt_outputs/lego_1_n87_s42_c0.0_p100000_random_farthestpose/eval_results.json,lego_1_n87_s42_c0.0_p100000_random_farthestpose,lego_1_n87_s42_c0.0_p100000_random_farthestpose_i87_gteval_steps15000_val_step14999.json,100000,vggt | ,87.0
vggt,87,42,0.0,100000,random,,,,0,10,farthestpose,87,GT Eval,,,,,,,,,0.0,,vggt,ship,,,15000,15000,,MCMC,,,,,,,,,,,gsplat,synthetic,20.870609283447266,0.17614904046058655,0.701298177242279,1000000,0.008744901046156883,0.48666468262672424,0.1624460220336914,0.030732251703739166,0.5943074305774795,0.24362291487022897,100000,/home/ojab2/work/git/gsplat/results/vggt_outputs/ship_1_n87_s42_c0.0_p100000_random_farthestpose_i87_gteval_steps15000/stats/val_step14999.json,/home/ojab2/work/git/gsplat/results/vggt_outputs/ship_1_n87_s42_c0.0_p100000_random_farthestpose_i87_gteval_steps15000/stats/val_step14999.json,ship_1_n87_s42_c0.0_p100000_random_farthestpose_i87_gteval_steps15000,0.4869,0.027807,87,0.1056,0.0284,0.2389,/home/ojab2/work/git/vggt/vggt_outputs/ship_1_n87_s42_c0.0_p100000_random_farthestpose/eval_results.json,ship_1_n87_s42_c0.0_p100000_random_farthestpose,ship_1_n87_s42_c0.0_p100000_random_farthestpose_i87_gteval_steps15000_val_step14999.json,100000,vggt | ,87.0
vggt,87,42,0.0,100000,random,,,,0,10,farthestpose,87,GT Eval,,,,,,,,,0.0,,vggt,drums,,,15000,15000,,MCMC,,,,,,,,,,,gsplat,synthetic,19.667821884155273,0.10607661306858063,0.8355606198310852,1000000,0.0029657548293471336,0.1723455935716629,0.08291950821876526,0.0187007337808609,0.6938042229572777,0.1741275835483121,100000,/home/ojab2/work/git/gsplat/results/vggt_outputs/drums_1_n87_s42_c0.0_p100000_random_farthestpose_i87_gteval_steps15000/stats/val_step14999.json,/home/ojab2/work/git/gsplat/results/vggt_outputs/drums_1_n87_s42_c0.0_p100000_random_farthestpose_i87_gteval_steps15000/stats/val_step14999.json,drums_1_n87_s42_c0.0_p100000_random_farthestpose_i87_gteval_steps15000,0.173,0.01002,87,,,,/home/ojab2/work/git/vggt/vggt_outputs/drums_1_n87_s42_c0.0_p100000_random_farthestpose/eval_results.json,drums_1_n87_s42_c0.0_p100000_random_farthestpose,drums_1_n87_s42_c0.0_p100000_random_farthestpose_i87_gteval_steps15000_val_step14999.json,100000,vggt | ,87.0
vggt,100,42,0.0,100000,random,,,,0,10,farthestpose,100,GT Eval,,,,,,,,,0.0,,vggt,bicycle,,,15000,15000,,MCMC,,,,,,,,,,,gsplat,outdoor,17.17383575439453,0.44064733386039734,0.25722789764404297,1000000,0.015425998717546463,0.8569999933242798,,,0.10288788805231015,0.44055311836517685,100000,/home/ojab2/work/git/gsplat/results/vggt_outputs/bicycle_4_n100_s42_c0.0_p100000_random_farthestpose_i100_gteval_steps15000/stats/val_step14999.json,/home/ojab2/work/git/gsplat/results/vggt_outputs/bicycle_4_n100_s42_c0.0_p100000_random_farthestpose_i100_gteval_steps15000/stats/val_step14999.json,bicycle_4_n100_s42_c0.0_p100000_random_farthestpose_i100_gteval_steps15000,0.7161,0.065623,100,,,,/home/ojab2/work/git/vggt/vggt_outputs/bicycle_4_n100_s42_c0.0_p100000_random_farthestpose/eval_results.json,bicycle_4_n100_s42_c0.0_p100000_random_farthestpose,bicycle_4_n100_s42_c0.0_p100000_random_farthestpose_i100_gteval_steps15000_val_step14999.json,100000,vggt | ,100.0
vggt,100,42,0.0,100000,random,,,,0,10,farthestpose,100,GT Eval,,,,,,,,,0.0,,vggt,garden,,,15000,15000,,MCMC,,,,,,,,,,,gsplat,outdoor,18.581771850585938,0.4816316068172455,0.357485294342041,1000000,0.005971261765807867,0.3733385503292084,,,0.16229190134707794,0.4323545529005117,100000,/home/ojab2/work/git/gsplat/results/vggt_outputs/garden_2_n100_s42_c0.0_p100000_random_farthestpose_i100_gteval_steps15000/stats/val_step14999.json,/home/ojab2/work/git/gsplat/results/vggt_outputs/garden_2_n100_s42_c0.0_p100000_random_farthestpose_i100_gteval_steps15000/stats/val_step14999.json,garden_2_n100_s42_c0.0_p100000_random_farthestpose_i100_gteval_steps15000,0.3733,0.026869,100,,,,/home/ojab2/work/git/vggt/vggt_outputs/garden_2_n100_s42_c0.0_p100000_random_farthestpose/eval_results.json,garden_2_n100_s42_c0.0_p100000_random_farthestpose,garden_2_n100_s42_c0.0_p100000_random_farthestpose_i100_gteval_steps15000_val_step14999.json,100000,vggt | ,100.0
vggt,100,42,0.0,100000,random,,,,0,10,farthestpose,100,GT Eval,,,,,,,,,0.0,,vggt,stump,,,15000,15000,,MCMC,,,,,,,,,,,gsplat,outdoor,18.643842697143555,0.5296376943588257,0.4123508930206299,1000000,0.04037195071578026,0.8558043837547302,,,0.16589311952324493,0.43662854415015406,100000,/home/ojab2/work/git/gsplat/results/vggt_outputs/stump_2_n100_s42_c0.0_p100000_random_farthestpose_i100_gteval_steps15000/stats/val_step14999.json,/home/ojab2/work/git/gsplat/results/vggt_outputs/stump_2_n100_s42_c0.0_p100000_random_farthestpose_i100_gteval_steps15000/stats/val_step14999.json,stump_2_n100_s42_c0.0_p100000_random_farthestpose_i100_gteval_steps15000,0.8558,0.162829,100,,,,/home/ojab2/work/git/vggt/vggt_outputs/stump_2_n100_s42_c0.0_p100000_random_farthestpose/eval_results.json,stump_2_n100_s42_c0.0_p100000_random_farthestpose,stump_2_n100_s42_c0.0_p100000_random_farthestpose_i100_gteval_steps15000_val_step14999.json,100000,vggt | ,100.0
vggt,100,42,0.0,100000,random,,,,0,10,farthestpose,100,GT Eval,,,,,,,,,0.0,,vggt,bonsai,,,15000,15000,,MCMC,,,,,,,,,,,gsplat,indoor,17.731338500976562,0.4183982312679291,0.5749688744544983,1000000,0.024335382506251335,0.7215033769607544,,,0.31275946366624285,0.3624008922107585,100000,/home/ojab2/work/git/gsplat/results/vggt_outputs/bonsai_2_n100_s42_c0.0_p100000_random_farthestpose_i100_gteval_steps15000/stats/val_step14999.json,/home/ojab2/work/git/gsplat/results/vggt_outputs/bonsai_2_n100_s42_c0.0_p100000_random_farthestpose_i100_gteval_steps15000/stats/val_step14999.json,bonsai_2_n100_s42_c0.0_p100000_random_farthestpose_i100_gteval_steps15000,0.7215,0.105749,100,,,,/home/ojab2/work/git/vggt/vggt_outputs/bonsai_2_n100_s42_c0.0_p100000_random_farthestpose/eval_results.json,bonsai_2_n100_s42_c0.0_p100000_random_farthestpose,bonsai_2_n100_s42_c0.0_p100000_random_farthestpose_i100_gteval_steps15000_val_step14999.json,100000,vggt | ,100.0
vggt,100,42,0.0,100000,random,,,,0,10,farthestpose,100,GT Eval,,,,,,,,,0.0,,vggt,kitchen,,,15000,15000,,MCMC,,,,,,,,,,,gsplat,indoor,19.821290969848633,0.23921124637126923,0.462830513715744,1000000,0.006767608691006899,0.3392021059989929,,,0.39649354836397005,0.32751659818390166,100000,/home/ojab2/work/git/gsplat/results/vggt_outputs/kitchen_2_n100_s42_c0.0_p100000_random_farthestpose_i100_gteval_steps15000/stats/val_step14999.json,/home/ojab2/work/git/gsplat/results/vggt_outputs/kitchen_2_n100_s42_c0.0_p100000_random_farthestpose_i100_gteval_steps15000/stats/val_step14999.json,kitchen_2_n100_s42_c0.0_p100000_random_farthestpose_i100_gteval_steps15000,0.3392,0.031011,100,,,,/home/ojab2/work/git/vggt/vggt_outputs/kitchen_2_n100_s42_c0.0_p100000_random_farthestpose/eval_results.json,kitchen_2_n100_s42_c0.0_p100000_random_farthestpose,kitchen_2_n100_s42_c0.0_p100000_random_farthestpose_i100_gteval_steps15000_val_step14999.json,100000,vggt | ,100.0
vggt,100,42,0.0,100000,random,,,,0,10,farthestpose,100,GT Eval,,,,,,,,,0.0,,vggt,counter,,,15000,15000,,MCMC,,,,,,,,,,,gsplat,indoor,20.160112380981445,0.3072532117366791,0.6301777958869934,1000000,0.007584553211927414,0.3432445526123047,,,0.45863071345446405,0.3083404469063189,100000,/home/ojab2/work/git/gsplat/results/vggt_outputs/counter_2_n100_s42_c0.0_p100000_random_farthestpose_i100_gteval_steps15000/stats/val_step14999.json,/home/ojab2/work/git/gsplat/results/vggt_outputs/counter_2_n100_s42_c0.0_p100000_random_farthestpose_i100_gteval_steps15000/stats/val_step14999.json,counter_2_n100_s42_c0.0_p100000_random_farthestpose_i100_gteval_steps15000,0.3433,0.032901,100,,,,/home/ojab2/work/git/vggt/vggt_outputs/counter_2_n100_s42_c0.0_p100000_random_farthestpose/eval_results.json,counter_2_n100_s42_c0.0_p100000_random_farthestpose,counter_2_n100_s42_c0.0_p100000_random_farthestpose_i100_gteval_steps15000_val_step14999.json,100000,vggt | ,100.0
