method,num_images,seed,conf_thres_value,num_points,sampling_mode,near_filtering_strength,near_filtering_quorum,reconstruct_pose_opt,optimisation_iterations,optimisation_neighbourhood,image_mode,num_cameras,gt_eval,use_gt_extrinsics,use_gt_intrinsics,use_gt_points,pose_opt,run_mvs,pose_opt_module,eval_opt,depth_loss_mode,error_opa,depth_lambda,depth_conf_mode,depth_conf_shifted,loss_multiplier,pose_loss_multiplier,choice,dataset,camera_type,copy_mode,val_step,num_steps,colmap_mode,splatting_strategy,camera_src,pcd_src,align_mode,align_glue,shared_camera,keep_backup_cams,random_init,use_ba,feature_extractor,max_ba_iterations,source,series_label_override,dataset_collection,psnr,lpips,ssim,num_GS,eval_rte,eval_rre,depth_l1,depth_abs_rel,quality,avge,real_num_points,file_path,gsplat_file_path,folder,rre,rte,num_aligned,alignment_scale,pred_depth_l1,pred_depth_absrel,pred_depth_rmse,inference_time,peak_memory_mb,peak_memory_reserved_mb,processing_time,sfm_file_path,input_folder,output_folder,initial_points,failed_sfm_file_path,gsplat_cfg_file_path,plot_series,num_images_jitter
colmap,10,42,,146,,,,,0,10,minfarthestpose,10,GT Eval,,,,,False,,,,,0.0,,False,1.0,1.0,colmap,counter,,,15000,15000,default,MCMC,,,,,Shared Cam,,,,,,gsplat,,indoor,12.353164672851562,0.7327916622161865,0.44888290762901306,154676,0.00241318391636014,0.14835837483406067,,,-0.05464085059323964,0.5111107307319637,146,/home/ojab2/work/git/gsplat/results/colmap_outputs/counter_2_n10_s42_default_minfarthestpose_sharedcam_i10_gteval_steps15000/stats/val_step14999.json,/home/ojab2/work/git/gsplat/results/colmap_outputs/counter_2_n10_s42_default_minfarthestpose_sharedcam_i10_gteval_steps15000/stats/val_step14999.json,counter_2_n10_s42_default_minfarthestpose_sharedcam_i10_gteval_steps15000,0.1484,0.006143,5,0.596288,,,,2.018458604812622,7172,7172,0,/home/ojab2/work/git/vggt/colmap_outputs/counter_2_n10_s42_default_minfarthestpose_sharedcam/eval_results.json,counter_2_n10_s42_default_minfarthestpose_sharedcam,counter_2_n10_s42_default_minfarthestpose_sharedcam_i10_gteval_steps15000_val_step14999.json,146,,,colmap | ,10.0
colmap,10,42,,,,,,,0,10,minfarthestpose,10,GT Eval,,,,,False,,,,,0.0,,False,1.0,1.0,colmap,bonsai,,,15000,15000,default,MCMC,,,,,Shared Cam,,,,,,gsplat_cfg,,indoor,,,,,,,,,,,,/home/ojab2/work/git/gsplat/results/colmap_outputs/bonsai_2_n10_s42_default_minfarthestpose_sharedcam_i10_gteval_steps15000/stats/config.json,,bonsai_2_n10_s42_default_minfarthestpose_sharedcam_i10_gteval_steps15000,,,,,,,,,,,,,bonsai_2_n10_s42_default_minfarthestpose_sharedcam_i10_gteval_steps15000,,,,/home/ojab2/work/git/gsplat/results/colmap_outputs/bonsai_2_n10_s42_default_minfarthestpose_sharedcam_i10_gteval_steps15000/stats/config.json,colmap | ,10.0
colmap,10,42,,,,,,,0,10,minfarthestpose,10,GT Eval,,,,,False,,,,,0.0,,False,1.0,1.0,colmap,kitchen,,,15000,15000,default,MCMC,,,,,Shared Cam,,,,,,gsplat_cfg,,indoor,,,,,,,,,,,,/home/ojab2/work/git/gsplat/results/colmap_outputs/kitchen_2_n10_s42_default_minfarthestpose_sharedcam_i10_gteval_steps15000/stats/config.json,,kitchen_2_n10_s42_default_minfarthestpose_sharedcam_i10_gteval_steps15000,,,,,,,,,,,,,kitchen_2_n10_s42_default_minfarthestpose_sharedcam_i10_gteval_steps15000,,,,/home/ojab2/work/git/gsplat/results/colmap_outputs/kitchen_2_n10_s42_default_minfarthestpose_sharedcam_i10_gteval_steps15000/stats/config.json,colmap | ,10.0
colmap,20,42,,575,,,,,0,10,minfarthestpose,20,GT Eval,,,,,False,,,,,0.0,,False,1.0,1.0,colmap,kitchen,,,15000,15000,default,MCMC,,,,,Shared Cam,,,,,,gsplat,,indoor,16.582124710083008,0.4183812439441681,0.3789697289466858,636942,0.0020389107521623373,0.16731595993041992,,,0.17686882946226337,0.4094679437567417,575,/home/ojab2/work/git/gsplat/results/colmap_outputs/kitchen_2_n20_s42_default_minfarthestpose_sharedcam_i20_gteval_steps15000/stats/val_step14999.json,/home/ojab2/work/git/gsplat/results/colmap_outputs/kitchen_2_n20_s42_default_minfarthestpose_sharedcam_i20_gteval_steps15000/stats/val_step14999.json,kitchen_2_n20_s42_default_minfarthestpose_sharedcam_i20_gteval_steps15000,0.1673,0.007541,11,0.911316,,,,3.45123553276062,8822,8822,0,/home/ojab2/work/git/vggt/colmap_outputs/kitchen_2_n20_s42_default_minfarthestpose_sharedcam/eval_results.json,kitchen_2_n20_s42_default_minfarthestpose_sharedcam,kitchen_2_n20_s42_default_minfarthestpose_sharedcam_i20_gteval_steps15000_val_step14999.json,575,,,colmap | ,20.0
colmap,20,42,,600,,,,,0,10,minfarthestpose,20,GT Eval,,,,,False,,,,,0.0,,False,1.0,1.0,colmap,counter,,,15000,15000,default,MCMC,,,,,Shared Cam,,,,,,gsplat,,indoor,16.78005599975586,0.5113248825073242,0.5714883208274841,667264,0.0011932066408917308,0.12131094932556152,,,0.2357455791785703,0.39564068181976697,600,/home/ojab2/work/git/gsplat/results/colmap_outputs/counter_2_n20_s42_default_minfarthestpose_sharedcam_i20_gteval_steps15000/stats/val_step14999.json,/home/ojab2/work/git/gsplat/results/colmap_outputs/counter_2_n20_s42_default_minfarthestpose_sharedcam_i20_gteval_steps15000/stats/val_step14999.json,counter_2_n20_s42_default_minfarthestpose_sharedcam_i20_gteval_steps15000,0.1213,0.004206,13,0.894575,,,,11.622976779937744,7234,7234,0,/home/ojab2/work/git/vggt/colmap_outputs/counter_2_n20_s42_default_minfarthestpose_sharedcam/eval_results.json,counter_2_n20_s42_default_minfarthestpose_sharedcam,counter_2_n20_s42_default_minfarthestpose_sharedcam_i20_gteval_steps15000_val_step14999.json,600,,,colmap | ,20.0
colmap,20,42,,984,,,,,0,10,minfarthestpose,20,GT Eval,,,,,False,,,,,0.0,,False,1.0,1.0,colmap,bonsai,,,15000,15000,default,MCMC,,,,,Shared Cam,,,,,,gsplat,,indoor,10.349443435668945,0.7991341948509216,0.3016880452632904,1000000,0.4587344527244568,28.534330368041992,,,-0.2187778469492197,0.5756845930135115,984,/home/ojab2/work/git/gsplat/results/colmap_outputs/bonsai_2_n20_s42_default_minfarthestpose_sharedcam_i20_gteval_steps15000/stats/val_step14999.json,/home/ojab2/work/git/gsplat/results/colmap_outputs/bonsai_2_n20_s42_default_minfarthestpose_sharedcam_i20_gteval_steps15000/stats/val_step14999.json,bonsai_2_n20_s42_default_minfarthestpose_sharedcam_i20_gteval_steps15000,9.1207,2.010802,13,1.010898,,,,8.479376554489136,6712,6712,0,/home/ojab2/work/git/vggt/colmap_outputs/bonsai_2_n20_s42_default_minfarthestpose_sharedcam/eval_results.json,bonsai_2_n20_s42_default_minfarthestpose_sharedcam,bonsai_2_n20_s42_default_minfarthestpose_sharedcam_i20_gteval_steps15000_val_step14999.json,984,,,colmap | ,20.0
colmap,30,42,,2748,,,,,0,10,minfarthestpose,30,GT Eval,,,,,False,,,,,0.0,,False,1.0,1.0,colmap,counter,,,15000,15000,default,MCMC,,,,,Shared Cam,,,,,,gsplat,,indoor,22.41564178466797,0.29226407408714294,0.7693297266960144,1000000,0.0004540314548648894,0.027827588841319084,,,0.5910277287242782,0.2594264125195249,2748,/home/ojab2/work/git/gsplat/results/colmap_outputs/counter_2_n30_s42_default_minfarthestpose_sharedcam_i30_gteval_steps15000/stats/val_step14999.json,/home/ojab2/work/git/gsplat/results/colmap_outputs/counter_2_n30_s42_default_minfarthestpose_sharedcam_i30_gteval_steps15000/stats/val_step14999.json,counter_2_n30_s42_default_minfarthestpose_sharedcam_i30_gteval_steps15000,0.0278,0.001854,30,1.015369,,,,23.2292320728302,7298,7298,0,/home/ojab2/work/git/vggt/colmap_outputs/counter_2_n30_s42_default_minfarthestpose_sharedcam/eval_results.json,counter_2_n30_s42_default_minfarthestpose_sharedcam,counter_2_n30_s42_default_minfarthestpose_sharedcam_i30_gteval_steps15000_val_step14999.json,2748,,,colmap | ,30.0
colmap,30,42,,3284,,,,,0,10,minfarthestpose,30,GT Eval,,,,,False,,,,,0.0,,False,1.0,1.0,colmap,kitchen,,,15000,15000,default,MCMC,,,,,Shared Cam,,,,,,gsplat,,indoor,20.038036346435547,0.2136961668729782,0.4459270238876343,1000000,0.0014420385705307126,0.1296732872724533,,,0.4063723189362928,0.32265658364268435,3284,/home/ojab2/work/git/gsplat/results/colmap_outputs/kitchen_2_n30_s42_default_minfarthestpose_sharedcam_i30_gteval_steps15000/stats/val_step14999.json,/home/ojab2/work/git/gsplat/results/colmap_outputs/kitchen_2_n30_s42_default_minfarthestpose_sharedcam_i30_gteval_steps15000/stats/val_step14999.json,kitchen_2_n30_s42_default_minfarthestpose_sharedcam_i30_gteval_steps15000,0.1297,0.005747,29,0.982852,,,,6.868884086608887,8886,8886,0,/home/ojab2/work/git/vggt/colmap_outputs/kitchen_2_n30_s42_default_minfarthestpose_sharedcam/eval_results.json,kitchen_2_n30_s42_default_minfarthestpose_sharedcam,kitchen_2_n30_s42_default_minfarthestpose_sharedcam_i30_gteval_steps15000_val_step14999.json,3284,,,colmap | ,30.0
colmap,30,42,,7287,,,,,0,10,minfarthestpose,30,GT Eval,,,,,False,,,,,0.0,,False,1.0,1.0,colmap,bonsai,,,15000,15000,default,MCMC,,,,,Shared Cam,,,,,,gsplat,,indoor,17.49349594116211,0.40983304381370544,0.5660527348518372,1000000,0.024453144520521164,0.8960906267166138,,,0.3084280078406455,0.36212974262939995,7287,/home/ojab2/work/git/gsplat/results/colmap_outputs/bonsai_2_n30_s42_default_minfarthestpose_sharedcam_i30_gteval_steps15000/stats/val_step14999.json,/home/ojab2/work/git/gsplat/results/colmap_outputs/bonsai_2_n30_s42_default_minfarthestpose_sharedcam_i30_gteval_steps15000/stats/val_step14999.json,bonsai_2_n30_s42_default_minfarthestpose_sharedcam_i30_gteval_steps15000,0.8961,0.102826,29,1.045893,,,,47.781490325927734,6776,6776,0,/home/ojab2/work/git/vggt/colmap_outputs/bonsai_2_n30_s42_default_minfarthestpose_sharedcam/eval_results.json,bonsai_2_n30_s42_default_minfarthestpose_sharedcam,bonsai_2_n30_s42_default_minfarthestpose_sharedcam_i30_gteval_steps15000_val_step14999.json,7287,,,colmap | ,30.0
colmap,40,42,,5897,,,,,0,10,minfarthestpose,40,GT Eval,,,,,False,,,,,0.0,,False,1.0,1.0,colmap,counter,,,15000,15000,default,MCMC,,,,,Shared Cam,,,,,,gsplat,,indoor,24.299144744873047,0.23028264939785004,0.8186064958572388,1000000,0.0002846908464562148,0.023295808583498,,,0.6929843759405061,0.21996729876481713,5897,/home/ojab2/work/git/gsplat/results/colmap_outputs/counter_2_n40_s42_default_minfarthestpose_sharedcam_i40_gteval_steps15000/stats/val_step14999.json,/home/ojab2/work/git/gsplat/results/colmap_outputs/counter_2_n40_s42_default_minfarthestpose_sharedcam_i40_gteval_steps15000/stats/val_step14999.json,counter_2_n40_s42_default_minfarthestpose_sharedcam_i40_gteval_steps15000,0.0233,0.001168,40,1.031823,,,,46.28237509727478,7358,7358,0,/home/ojab2/work/git/vggt/colmap_outputs/counter_2_n40_s42_default_minfarthestpose_sharedcam/eval_results.json,counter_2_n40_s42_default_minfarthestpose_sharedcam,counter_2_n40_s42_default_minfarthestpose_sharedcam_i40_gteval_steps15000_val_step14999.json,5897,,,colmap | ,40.0
colmap,40,42,,9080,,,,,0,10,minfarthestpose,40,GT Eval,,,,,False,,,,,0.0,,False,1.0,1.0,colmap,kitchen,,,15000,15000,default,MCMC,,,,,Shared Cam,,,,,,gsplat,,indoor,20.505159378051758,0.18374058604240417,0.4611559212207794,1000000,0.0011169746285304427,0.11367348581552505,,,0.44241963263995615,0.30890083681618985,9080,/home/ojab2/work/git/gsplat/results/colmap_outputs/kitchen_2_n40_s42_default_minfarthestpose_sharedcam_i40_gteval_steps15000/stats/val_step14999.json,/home/ojab2/work/git/gsplat/results/colmap_outputs/kitchen_2_n40_s42_default_minfarthestpose_sharedcam_i40_gteval_steps15000/stats/val_step14999.json,kitchen_2_n40_s42_default_minfarthestpose_sharedcam_i40_gteval_steps15000,0.1137,0.004454,40,1.038582,,,,13.838386297225952,8946,8946,0,/home/ojab2/work/git/vggt/colmap_outputs/kitchen_2_n40_s42_default_minfarthestpose_sharedcam/eval_results.json,kitchen_2_n40_s42_default_minfarthestpose_sharedcam,kitchen_2_n40_s42_default_minfarthestpose_sharedcam_i40_gteval_steps15000_val_step14999.json,9080,,,colmap | ,40.0
colmap,40,42,,15131,,,,,0,10,minfarthestpose,40,GT Eval,,,,,False,,,,,0.0,,False,1.0,1.0,colmap,bonsai,,,15000,15000,default,MCMC,,,,,Shared Cam,,,,,,gsplat,,indoor,20.848365783691406,0.23119306564331055,0.6328006386756897,1000000,0.0552397184073925,0.5092057585716248,,,0.5198606804952441,0.28179611869185256,15131,/home/ojab2/work/git/gsplat/results/colmap_outputs/bonsai_2_n40_s42_default_minfarthestpose_sharedcam_i40_gteval_steps15000/stats/val_step14999.json,/home/ojab2/work/git/gsplat/results/colmap_outputs/bonsai_2_n40_s42_default_minfarthestpose_sharedcam_i40_gteval_steps15000/stats/val_step14999.json,bonsai_2_n40_s42_default_minfarthestpose_sharedcam_i40_gteval_steps15000,0.5092,0.2305,40,1.075613,,,,25.5097496509552,6836,6836,0,/home/ojab2/work/git/vggt/colmap_outputs/bonsai_2_n40_s42_default_minfarthestpose_sharedcam/eval_results.json,bonsai_2_n40_s42_default_minfarthestpose_sharedcam,bonsai_2_n40_s42_default_minfarthestpose_sharedcam_i40_gteval_steps15000_val_step14999.json,15131,,,colmap | ,40.0
colmap,50,42,,9773,,,,,0,10,minfarthestpose,50,GT Eval,,,,,False,,,,,0.0,,False,1.0,1.0,colmap,counter,,,15000,15000,default,MCMC,,,,,Shared Cam,,,,,,gsplat,,indoor,25.204635620117188,0.2012728750705719,0.8427934646606445,1000000,0.00030415455694310367,0.02628336101770401,,,0.7418044197861446,0.20026079953145293,9773,/home/ojab2/work/git/gsplat/results/colmap_outputs/counter_2_n50_s42_default_minfarthestpose_sharedcam_i50_gteval_steps15000/stats/val_step14999.json,/home/ojab2/work/git/gsplat/results/colmap_outputs/counter_2_n50_s42_default_minfarthestpose_sharedcam_i50_gteval_steps15000/stats/val_step14999.json,counter_2_n50_s42_default_minfarthestpose_sharedcam_i50_gteval_steps15000,0.0263,0.001254,50,1.017398,,,,69.99852871894836,7418,7418,0,/home/ojab2/work/git/vggt/colmap_outputs/counter_2_n50_s42_default_minfarthestpose_sharedcam/eval_results.json,counter_2_n50_s42_default_minfarthestpose_sharedcam,counter_2_n50_s42_default_minfarthestpose_sharedcam_i50_gteval_steps15000_val_step14999.json,9773,,,colmap | ,50.0
colmap,50,42,,15337,,,,,0,10,minfarthestpose,50,GT Eval,,,,,False,,,,,0.0,,False,1.0,1.0,colmap,kitchen,,,15000,15000,default,MCMC,,,,,Shared Cam,,,,,,gsplat,,indoor,20.856433868408203,0.1820361316204071,0.4923512041568756,1000000,0.0009610033011995256,0.09940201044082642,,,0.4682197036721475,0.30091371833128283,15337,/home/ojab2/work/git/gsplat/results/colmap_outputs/kitchen_2_n50_s42_default_minfarthestpose_sharedcam_i50_gteval_steps15000/stats/val_step14999.json,/home/ojab2/work/git/gsplat/results/colmap_outputs/kitchen_2_n50_s42_default_minfarthestpose_sharedcam_i50_gteval_steps15000/stats/val_step14999.json,kitchen_2_n50_s42_default_minfarthestpose_sharedcam_i50_gteval_steps15000,0.0994,0.003876,50,1.032533,,,,21.937641859054565,9432,9432,0,/home/ojab2/work/git/vggt/colmap_outputs/kitchen_2_n50_s42_default_minfarthestpose_sharedcam/eval_results.json,kitchen_2_n50_s42_default_minfarthestpose_sharedcam,kitchen_2_n50_s42_default_minfarthestpose_sharedcam_i50_gteval_steps15000_val_step14999.json,15337,,,colmap | ,50.0
colmap,50,42,,22515,,,,,0,10,minfarthestpose,50,GT Eval,,,,,False,,,,,0.0,,False,1.0,1.0,colmap,bonsai,,,15000,15000,default,MCMC,,,,,Shared Cam,,,,,,gsplat,,indoor,21.696945190429688,0.20300589501857758,0.6328594088554382,1000000,0.0033656025771051645,0.21826618909835815,,,0.5530089705194878,0.2718975855646578,22515,/home/ojab2/work/git/gsplat/results/colmap_outputs/bonsai_2_n50_s42_default_minfarthestpose_sharedcam_i50_gteval_steps15000/stats/val_step14999.json,/home/ojab2/work/git/gsplat/results/colmap_outputs/bonsai_2_n50_s42_default_minfarthestpose_sharedcam_i50_gteval_steps15000/stats/val_step14999.json,bonsai_2_n50_s42_default_minfarthestpose_sharedcam_i50_gteval_steps15000,0.2183,0.013971,50,1.048775,,,,46.97960114479065,7418,7418,0,/home/ojab2/work/git/vggt/colmap_outputs/bonsai_2_n50_s42_default_minfarthestpose_sharedcam/eval_results.json,bonsai_2_n50_s42_default_minfarthestpose_sharedcam,bonsai_2_n50_s42_default_minfarthestpose_sharedcam_i50_gteval_steps15000_val_step14999.json,22515,,,colmap | ,50.0
colmap,60,42,,14845,,,,,0,10,minfarthestpose,60,GT Eval,,,,,False,,,,,0.0,,False,1.0,1.0,colmap,counter,,,15000,15000,default,MCMC,,,,,Shared Cam,,,,,,gsplat,,indoor,26.158340454101562,0.1889503002166748,0.8658013939857483,1000000,0.00023013997997622937,0.019907232373952866,,,0.7805270775329608,0.1859011778767024,14845,/home/ojab2/work/git/gsplat/results/colmap_outputs/counter_2_n60_s42_default_minfarthestpose_sharedcam_i60_gteval_steps15000/stats/val_step14999.json,/home/ojab2/work/git/gsplat/results/colmap_outputs/counter_2_n60_s42_default_minfarthestpose_sharedcam_i60_gteval_steps15000/stats/val_step14999.json,counter_2_n60_s42_default_minfarthestpose_sharedcam_i60_gteval_steps15000,0.0199,0.000942,60,1.009266,,,,97.29622483253479,7482,7482,0,/home/ojab2/work/git/vggt/colmap_outputs/counter_2_n60_s42_default_minfarthestpose_sharedcam/eval_results.json,counter_2_n60_s42_default_minfarthestpose_sharedcam,counter_2_n60_s42_default_minfarthestpose_sharedcam_i60_gteval_steps15000_val_step14999.json,14845,,,colmap | ,60.0
colmap,60,42,,21813,,,,,0,10,minfarthestpose,60,GT Eval,,,,,False,,,,,0.0,,False,1.0,1.0,colmap,kitchen,,,15000,15000,default,MCMC,,,,,Shared Cam,,,,,,gsplat,,indoor,21.690927505493164,0.14895617961883545,0.5146335363388062,1000000,0.0010291609214618802,0.09628389030694962,,,0.5171236166170157,0.2841378724634757,21813,/home/ojab2/work/git/gsplat/results/colmap_outputs/kitchen_2_n60_s42_default_minfarthestpose_sharedcam_i60_gteval_steps15000/stats/val_step14999.json,/home/ojab2/work/git/gsplat/results/colmap_outputs/kitchen_2_n60_s42_default_minfarthestpose_sharedcam_i60_gteval_steps15000/stats/val_step14999.json,kitchen_2_n60_s42_default_minfarthestpose_sharedcam_i60_gteval_steps15000,0.0963,0.004149,60,0.980005,,,,32.78321099281311,9496,9496,0,/home/ojab2/work/git/vggt/colmap_outputs/kitchen_2_n60_s42_default_minfarthestpose_sharedcam/eval_results.json,kitchen_2_n60_s42_default_minfarthestpose_sharedcam,kitchen_2_n60_s42_default_minfarthestpose_sharedcam_i60_gteval_steps15000_val_step14999.json,21813,,,colmap | ,60.0
colmap,60,42,,31847,,,,,0,10,minfarthestpose,60,GT Eval,,,,,False,,,,,0.0,,False,1.0,1.0,colmap,bonsai,,,15000,15000,default,MCMC,,,,,Shared Cam,,,,,,gsplat,,indoor,22.168672561645508,0.18957126140594482,0.6651806831359863,1000000,0.003669938538223505,0.21906505525112152,,,0.5889389762791664,0.2580920723767357,31847,/home/ojab2/work/git/gsplat/results/colmap_outputs/bonsai_2_n60_s42_default_minfarthestpose_sharedcam_i60_gteval_steps15000/stats/val_step14999.json,/home/ojab2/work/git/gsplat/results/colmap_outputs/bonsai_2_n60_s42_default_minfarthestpose_sharedcam_i60_gteval_steps15000/stats/val_step14999.json,bonsai_2_n60_s42_default_minfarthestpose_sharedcam_i60_gteval_steps15000,0.2191,0.015311,60,1.047943,,,,65.64310216903687,7482,7482,0,/home/ojab2/work/git/vggt/colmap_outputs/bonsai_2_n60_s42_default_minfarthestpose_sharedcam/eval_results.json,bonsai_2_n60_s42_default_minfarthestpose_sharedcam,bonsai_2_n60_s42_default_minfarthestpose_sharedcam_i60_gteval_steps15000_val_step14999.json,31847,,,colmap | ,60.0
colmap,70,42,,20431,,,,,0,10,minfarthestpose,70,GT Eval,,,,,False,,,,,0.0,,False,1.0,1.0,colmap,counter,,,15000,15000,default,MCMC,,,,,Shared Cam,,,,,,gsplat,,indoor,26.725461959838867,0.18234191834926605,0.8777703046798706,1000000,0.00021438101248349994,0.018934760242700577,,,0.8021079386845279,0.17802700660067874,20431,/home/ojab2/work/git/gsplat/results/colmap_outputs/counter_2_n70_s42_default_minfarthestpose_sharedcam_i70_gteval_steps15000/stats/val_step14999.json,/home/ojab2/work/git/gsplat/results/colmap_outputs/counter_2_n70_s42_default_minfarthestpose_sharedcam_i70_gteval_steps15000/stats/val_step14999.json,counter_2_n70_s42_default_minfarthestpose_sharedcam_i70_gteval_steps15000,0.0189,0.000872,70,0.987931,,,,136.9727382659912,7542,7542,0,/home/ojab2/work/git/vggt/colmap_outputs/counter_2_n70_s42_default_minfarthestpose_sharedcam/eval_results.json,counter_2_n70_s42_default_minfarthestpose_sharedcam,counter_2_n70_s42_default_minfarthestpose_sharedcam_i70_gteval_steps15000_val_step14999.json,20431,,,colmap | ,70.0
colmap,70,42,,35747,,,,,0,10,minfarthestpose,70,GT Eval,,,,,False,,,,,0.0,,False,1.0,1.0,colmap,kitchen,,,15000,15000,default,MCMC,,,,,Shared Cam,,,,,,gsplat,,indoor,21.534276962280273,0.14751364290714264,0.5068987011909485,1000000,0.0009965215576812625,0.09812819212675095,,,0.5105898399837919,0.2855830549902938,35747,/home/ojab2/work/git/gsplat/results/colmap_outputs/kitchen_2_n70_s42_default_minfarthestpose_sharedcam_i70_gteval_steps15000/stats/val_step14999.json,/home/ojab2/work/git/gsplat/results/colmap_outputs/kitchen_2_n70_s42_default_minfarthestpose_sharedcam_i70_gteval_steps15000/stats/val_step14999.json,kitchen_2_n70_s42_default_minfarthestpose_sharedcam_i70_gteval_steps15000,0.0981,0.003943,70,1.002625,,,,53.182297468185425,9946,9946,0,/home/ojab2/work/git/vggt/colmap_outputs/kitchen_2_n70_s42_default_minfarthestpose_sharedcam/eval_results.json,kitchen_2_n70_s42_default_minfarthestpose_sharedcam,kitchen_2_n70_s42_default_minfarthestpose_sharedcam_i70_gteval_steps15000_val_step14999.json,35747,,,colmap | ,70.0
colmap,70,42,,42091,,,,,0,10,minfarthestpose,70,GT Eval,,,,,False,,,,,0.0,,False,1.0,1.0,colmap,bonsai,,,15000,15000,default,MCMC,,,,,Shared Cam,,,,,,gsplat,,indoor,28.404136657714844,0.1480536311864853,0.8946173787117004,1000000,0.001268189400434494,0.05289151147007942,,,0.8642122066005473,0.1580415301133877,42091,/home/ojab2/work/git/gsplat/results/colmap_outputs/bonsai_2_n70_s42_default_minfarthestpose_sharedcam_i70_gteval_steps15000/stats/val_step14999.json,/home/ojab2/work/git/gsplat/results/colmap_outputs/bonsai_2_n70_s42_default_minfarthestpose_sharedcam_i70_gteval_steps15000/stats/val_step14999.json,bonsai_2_n70_s42_default_minfarthestpose_sharedcam_i70_gteval_steps15000,0.0529,0.005207,70,1.026511,,,,75.30614638328552,7542,7542,0,/home/ojab2/work/git/vggt/colmap_outputs/bonsai_2_n70_s42_default_minfarthestpose_sharedcam/eval_results.json,bonsai_2_n70_s42_default_minfarthestpose_sharedcam,bonsai_2_n70_s42_default_minfarthestpose_sharedcam_i70_gteval_steps15000_val_step14999.json,42091,,,colmap | ,70.0
colmap,80,42,,28563,,,,,0,10,minfarthestpose,80,GT Eval,,,,,False,,,,,0.0,,False,1.0,1.0,colmap,counter,,,15000,15000,default,MCMC,,,,,Shared Cam,,,,,,gsplat,,indoor,27.375858306884766,0.1690811663866043,0.8878010511398315,1000000,0.00019333191448822618,0.01627672277390957,,,0.8282038984436582,0.1686240420885094,28563,/home/ojab2/work/git/gsplat/results/colmap_outputs/counter_2_n80_s42_default_minfarthestpose_sharedcam_i80_gteval_steps15000/stats/val_step14999.json,/home/ojab2/work/git/gsplat/results/colmap_outputs/counter_2_n80_s42_default_minfarthestpose_sharedcam_i80_gteval_steps15000/stats/val_step14999.json,counter_2_n80_s42_default_minfarthestpose_sharedcam_i80_gteval_steps15000,0.0163,0.000772,80,0.978881,,,,183.8114914894104,7602,7602,0,/home/ojab2/work/git/vggt/colmap_outputs/counter_2_n80_s42_default_minfarthestpose_sharedcam/eval_results.json,counter_2_n80_s42_default_minfarthestpose_sharedcam,counter_2_n80_s42_default_minfarthestpose_sharedcam_i80_gteval_steps15000_val_step14999.json,28563,,,colmap | ,80.0
colmap,80,42,,49366,,,,,0,10,minfarthestpose,80,GT Eval,,,,,False,,,,,0.0,,False,1.0,1.0,colmap,kitchen,,,15000,15000,default,MCMC,,,,,Shared Cam,,,,,,gsplat,,indoor,21.851726531982422,0.14010663330554962,0.5111910700798035,1000000,0.0009058652212843299,0.09917648881673813,,,0.5235509211130929,0.28192802028806074,49366,/home/ojab2/work/git/gsplat/results/colmap_outputs/kitchen_2_n80_s42_default_minfarthestpose_sharedcam_i80_gteval_steps15000/stats/val_step14999.json,/home/ojab2/work/git/gsplat/results/colmap_outputs/kitchen_2_n80_s42_default_minfarthestpose_sharedcam_i80_gteval_steps15000/stats/val_step14999.json,kitchen_2_n80_s42_default_minfarthestpose_sharedcam_i80_gteval_steps15000,0.0992,0.003674,80,0.986183,,,,73.82726502418518,10006,10006,0,/home/ojab2/work/git/vggt/colmap_outputs/kitchen_2_n80_s42_default_minfarthestpose_sharedcam/eval_results.json,kitchen_2_n80_s42_default_minfarthestpose_sharedcam,kitchen_2_n80_s42_default_minfarthestpose_sharedcam_i80_gteval_steps15000_val_step14999.json,49366,,,colmap | ,80.0
colmap,80,42,,50939,,,,,0,10,minfarthestpose,80,GT Eval,,,,,False,,,,,0.0,,False,1.0,1.0,colmap,bonsai,,,15000,15000,default,MCMC,,,,,Shared Cam,,,,,,gsplat,,indoor,28.026302337646484,0.14591750502586365,0.8840844631195068,1000000,0.0010319369612261653,0.05162372440099716,,,0.8523742713813582,0.16265217906290325,50939,/home/ojab2/work/git/gsplat/results/colmap_outputs/bonsai_2_n80_s42_default_minfarthestpose_sharedcam_i80_gteval_steps15000/stats/val_step14999.json,/home/ojab2/work/git/gsplat/results/colmap_outputs/bonsai_2_n80_s42_default_minfarthestpose_sharedcam_i80_gteval_steps15000/stats/val_step14999.json,bonsai_2_n80_s42_default_minfarthestpose_sharedcam_i80_gteval_steps15000,0.0516,0.004219,80,1.020898,,,,97.05003786087036,7602,7602,0,/home/ojab2/work/git/vggt/colmap_outputs/bonsai_2_n80_s42_default_minfarthestpose_sharedcam/eval_results.json,bonsai_2_n80_s42_default_minfarthestpose_sharedcam,bonsai_2_n80_s42_default_minfarthestpose_sharedcam_i80_gteval_steps15000_val_step14999.json,50939,,,colmap | ,80.0
colmap,90,42,,35747,,,,,0,10,minfarthestpose,90,GT Eval,,,,,False,,,,,0.0,,False,1.0,1.0,colmap,counter,,,15000,15000,default,MCMC,,,,,Shared Cam,,,,,,gsplat,,indoor,27.590927124023438,0.16619718074798584,0.8896318674087524,1000000,0.00018561838078312576,0.018596289679408073,,,0.8350375451539691,0.16671853735468584,35747,/home/ojab2/work/git/gsplat/results/colmap_outputs/counter_2_n90_s42_default_minfarthestpose_sharedcam_i90_gteval_steps15000/stats/val_step14999.json,/home/ojab2/work/git/gsplat/results/colmap_outputs/counter_2_n90_s42_default_minfarthestpose_sharedcam_i90_gteval_steps15000/stats/val_step14999.json,counter_2_n90_s42_default_minfarthestpose_sharedcam_i90_gteval_steps15000,0.0186,0.00076,90,0.994265,,,,231.36329460144043,7666,7666,0,/home/ojab2/work/git/vggt/colmap_outputs/counter_2_n90_s42_default_minfarthestpose_sharedcam/eval_results.json,counter_2_n90_s42_default_minfarthestpose_sharedcam,counter_2_n90_s42_default_minfarthestpose_sharedcam_i90_gteval_steps15000_val_step14999.json,35747,,,colmap | ,90.0
colmap,90,42,,58303,,,,,0,10,minfarthestpose,90,GT Eval,,,,,False,,,,,0.0,,False,1.0,1.0,colmap,bonsai,,,15000,15000,default,MCMC,,,,,Shared Cam,,,,,,gsplat,,indoor,26.790843963623047,0.14415143430233002,0.8368752002716064,1000000,0.000949694134760648,0.06917158514261246,,,0.8029778236650351,0.1833774174847466,58303,/home/ojab2/work/git/gsplat/results/colmap_outputs/bonsai_2_n90_s42_default_minfarthestpose_sharedcam_i90_gteval_steps15000/stats/val_step14999.json,/home/ojab2/work/git/gsplat/results/colmap_outputs/bonsai_2_n90_s42_default_minfarthestpose_sharedcam_i90_gteval_steps15000/stats/val_step14999.json,bonsai_2_n90_s42_default_minfarthestpose_sharedcam_i90_gteval_steps15000,0.0692,0.003892,90,0.998126,,,,137.66103339195251,7666,7666,0,/home/ojab2/work/git/vggt/colmap_outputs/bonsai_2_n90_s42_default_minfarthestpose_sharedcam/eval_results.json,bonsai_2_n90_s42_default_minfarthestpose_sharedcam,bonsai_2_n90_s42_default_minfarthestpose_sharedcam_i90_gteval_steps15000_val_step14999.json,58303,,,colmap | ,90.0
colmap,90,42,,58611,,,,,0,10,minfarthestpose,90,GT Eval,,,,,False,,,,,0.0,,False,1.0,1.0,colmap,kitchen,,,15000,15000,default,MCMC,,,,,Shared Cam,,,,,,gsplat,,indoor,21.455270767211914,0.14180134236812592,0.4825378954410553,1000000,0.0009046678896993399,0.1013014018535614,,,0.4984067885073228,0.2894341597363034,58611,/home/ojab2/work/git/gsplat/results/colmap_outputs/kitchen_2_n90_s42_default_minfarthestpose_sharedcam_i90_gteval_steps15000/stats/val_step14999.json,/home/ojab2/work/git/gsplat/results/colmap_outputs/kitchen_2_n90_s42_default_minfarthestpose_sharedcam_i90_gteval_steps15000/stats/val_step14999.json,kitchen_2_n90_s42_default_minfarthestpose_sharedcam_i90_gteval_steps15000,0.1013,0.003631,90,1.014718,,,,93.5088107585907,10070,10070,0,/home/ojab2/work/git/vggt/colmap_outputs/kitchen_2_n90_s42_default_minfarthestpose_sharedcam/eval_results.json,kitchen_2_n90_s42_default_minfarthestpose_sharedcam,kitchen_2_n90_s42_default_minfarthestpose_sharedcam_i90_gteval_steps15000_val_step14999.json,58611,,,colmap | ,90.0
colmap,100,42,,41914,,,,,0,10,minfarthestpose,100,GT Eval,,,,,False,,,,,0.0,,False,1.0,1.0,colmap,counter,,,15000,15000,default,MCMC,,,,,Shared Cam,,,,,,gsplat,,indoor,27.93535614013672,0.16450491547584534,0.8961127400398254,1000000,0.0001695939718047157,0.015633879229426384,,,0.8462504524546369,0.16280968081820685,41914,/home/ojab2/work/git/gsplat/results/colmap_outputs/counter_2_n100_s42_default_minfarthestpose_sharedcam_i100_gteval_steps15000/stats/val_step14999.json,/home/ojab2/work/git/gsplat/results/colmap_outputs/counter_2_n100_s42_default_minfarthestpose_sharedcam_i100_gteval_steps15000/stats/val_step14999.json,counter_2_n100_s42_default_minfarthestpose_sharedcam_i100_gteval_steps15000,0.0156,0.000691,100,0.993642,,,,292.9965500831604,7726,7726,0,/home/ojab2/work/git/vggt/colmap_outputs/counter_2_n100_s42_default_minfarthestpose_sharedcam/eval_results.json,counter_2_n100_s42_default_minfarthestpose_sharedcam,counter_2_n100_s42_default_minfarthestpose_sharedcam_i100_gteval_steps15000_val_step14999.json,41914,,,colmap | ,100.0
colmap,100,42,,66763,,,,,0,10,minfarthestpose,100,GT Eval,,,,,False,,,,,0.0,,False,1.0,1.0,colmap,bonsai,,,15000,15000,default,MCMC,,,,,Shared Cam,,,,,,gsplat,,indoor,27.826139450073242,0.13981762528419495,0.8659626841545105,1000000,0.0007070667925290763,0.05946106091141701,,,0.8418353775478633,0.1691927745954243,66763,/home/ojab2/work/git/gsplat/results/colmap_outputs/bonsai_2_n100_s42_default_minfarthestpose_sharedcam_i100_gteval_steps15000/stats/val_step14999.json,/home/ojab2/work/git/gsplat/results/colmap_outputs/bonsai_2_n100_s42_default_minfarthestpose_sharedcam_i100_gteval_steps15000/stats/val_step14999.json,bonsai_2_n100_s42_default_minfarthestpose_sharedcam_i100_gteval_steps15000,0.0595,0.002889,100,1.016141,,,,187.39341807365417,7726,7726,0,/home/ojab2/work/git/vggt/colmap_outputs/bonsai_2_n100_s42_default_minfarthestpose_sharedcam/eval_results.json,bonsai_2_n100_s42_default_minfarthestpose_sharedcam,bonsai_2_n100_s42_default_minfarthestpose_sharedcam_i100_gteval_steps15000_val_step14999.json,66763,,,colmap | ,100.0
colmap,100,42,,70681,,,,,0,10,minfarthestpose,100,GT Eval,,,,,False,,,,,0.0,,False,1.0,1.0,colmap,kitchen,,,15000,15000,default,MCMC,,,,,Shared Cam,,,,,,gsplat,,indoor,21.721317291259766,0.13745442032814026,0.497666597366333,1000000,0.0009086028439924121,0.10134392976760864,,,0.5148640553079076,0.28431232380636884,70681,/home/ojab2/work/git/gsplat/results/colmap_outputs/kitchen_2_n100_s42_default_minfarthestpose_sharedcam_i100_gteval_steps15000/stats/val_step14999.json,/home/ojab2/work/git/gsplat/results/colmap_outputs/kitchen_2_n100_s42_default_minfarthestpose_sharedcam_i100_gteval_steps15000/stats/val_step14999.json,kitchen_2_n100_s42_default_minfarthestpose_sharedcam_i100_gteval_steps15000,0.1013,0.003655,100,1.017479,,,,127.14479780197144,10130,10130,0,/home/ojab2/work/git/vggt/colmap_outputs/kitchen_2_n100_s42_default_minfarthestpose_sharedcam/eval_results.json,kitchen_2_n100_s42_default_minfarthestpose_sharedcam,kitchen_2_n100_s42_default_minfarthestpose_sharedcam_i100_gteval_steps15000_val_step14999.json,70681,,,colmap | ,100.0
colmap,10,42,,,,,,,0,10,minfarthestpose,,,,,,,False,,,,,0.0,,False,1.0,1.0,vggt,bonsai,,,,,default,MCMC,,,,,Shared Cam,,,,,,failed_sfm,,indoor,,,,,,,,,,,,/home/ojab2/work/git/vggt/colmap_outputs/bonsai_2_n10_s42_default_minfarthestpose_sharedcam/failed_eval.json,,bonsai_2_n10_s42_default_minfarthestpose_sharedcam,,,,,,,,,,,,,bonsai_2_n10_s42_default_minfarthestpose_sharedcam,,,/home/ojab2/work/git/vggt/colmap_outputs/bonsai_2_n10_s42_default_minfarthestpose_sharedcam/failed_eval.json,,colmap | ,10.0
colmap,10,42,,,,,,,0,10,minfarthestpose,,,,,,,False,,,,,0.0,,False,1.0,1.0,vggt,kitchen,,,,,default,MCMC,,,,,Shared Cam,,,,,,failed_sfm,,indoor,,,,,,,,,,,,/home/ojab2/work/git/vggt/colmap_outputs/kitchen_2_n10_s42_default_minfarthestpose_sharedcam/failed_eval.json,,kitchen_2_n10_s42_default_minfarthestpose_sharedcam,,,,,,,,,,,,,kitchen_2_n10_s42_default_minfarthestpose_sharedcam,,,/home/ojab2/work/git/vggt/colmap_outputs/kitchen_2_n10_s42_default_minfarthestpose_sharedcam/failed_eval.json,,colmap | ,10.0
vggt,10,42,0.0,100000,random,,,,0,10,minfarthestpose,10,GT Eval,,,,,False,,,,,0.0,,False,1.0,1.0,vggt,bonsai,,,15000,15000,,MCMC,,,,,,,,,,,gsplat,,indoor,14.680450439453125,0.5291067957878113,0.4628664553165436,1000000,0.02648618258535862,1.2919963598251343,,,0.12236594627087889,0.4320126787263113,100000,/home/ojab2/work/git/gsplat/results/vggt_outputs/bonsai_2_n10_s42_c0.0_p100000_random_minfarthestpose_i10_gteval_steps15000/stats/val_step14999.json,/home/ojab2/work/git/gsplat/results/vggt_outputs/bonsai_2_n10_s42_c0.0_p100000_random_minfarthestpose_i10_gteval_steps15000/stats/val_step14999.json,bonsai_2_n10_s42_c0.0_p100000_random_minfarthestpose_i10_gteval_steps15000,1.2921,0.111946,10,8.425772,,,,,,,,/home/ojab2/work/git/vggt/vggt_outputs/bonsai_2_n10_s42_c0.0_p100000_random_minfarthestpose/eval_results.json,bonsai_2_n10_s42_c0.0_p100000_random_minfarthestpose,bonsai_2_n10_s42_c0.0_p100000_random_minfarthestpose_i10_gteval_steps15000_val_step14999.json,100000,,,vggt | ,10.0
vggt,10,42,0.0,100000,random,,,,0,10,minfarthestpose,10,GT Eval,,,,,False,,,,,0.0,,False,1.0,1.0,vggt,kitchen,,,15000,15000,,MCMC,,,,,,,,,,,gsplat,,indoor,16.42799949645996,0.3717544972896576,0.38446950912475586,1000000,0.006696771830320358,0.29539376497268677,,,0.20601284693711144,0.3930244888833817,100000,/home/ojab2/work/git/gsplat/results/vggt_outputs/kitchen_2_n10_s42_c0.0_p100000_random_minfarthestpose_i10_gteval_steps15000/stats/val_step14999.json,/home/ojab2/work/git/gsplat/results/vggt_outputs/kitchen_2_n10_s42_c0.0_p100000_random_minfarthestpose_i10_gteval_steps15000/stats/val_step14999.json,kitchen_2_n10_s42_c0.0_p100000_random_minfarthestpose_i10_gteval_steps15000,0.2957,0.028769,10,4.164083,,,,,,,,/home/ojab2/work/git/vggt/vggt_outputs/kitchen_2_n10_s42_c0.0_p100000_random_minfarthestpose/eval_results.json,kitchen_2_n10_s42_c0.0_p100000_random_minfarthestpose,kitchen_2_n10_s42_c0.0_p100000_random_minfarthestpose_i10_gteval_steps15000_val_step14999.json,100000,,,vggt | ,10.0
vggt,10,42,0.0,100000,random,,,,0,10,minfarthestpose,10,GT Eval,,,,,False,,,,,0.0,,False,1.0,1.0,vggt,counter,,,15000,15000,,MCMC,,,,,,,,,,,gsplat,,indoor,15.224120140075684,0.46982941031455994,0.4588468670845032,1000000,0.00834029633551836,0.6746309995651245,,,0.16667424598400127,0.41183092676032484,100000,/home/ojab2/work/git/gsplat/results/vggt_outputs/counter_2_n10_s42_c0.0_p100000_random_minfarthestpose_i10_gteval_steps15000/stats/val_step14999.json,/home/ojab2/work/git/gsplat/results/vggt_outputs/counter_2_n10_s42_c0.0_p100000_random_minfarthestpose_i10_gteval_steps15000/stats/val_step14999.json,counter_2_n10_s42_c0.0_p100000_random_minfarthestpose_i10_gteval_steps15000,0.6747,0.046283,10,4.883596,,,,,,,,/home/ojab2/work/git/vggt/vggt_outputs/counter_2_n10_s42_c0.0_p100000_random_minfarthestpose/eval_results.json,counter_2_n10_s42_c0.0_p100000_random_minfarthestpose,counter_2_n10_s42_c0.0_p100000_random_minfarthestpose_i10_gteval_steps15000_val_step14999.json,100000,,,vggt | ,10.0
vggt,20,42,0.0,100000,random,,,,0,10,minfarthestpose,20,GT Eval,,,,,False,,,,,0.0,,False,1.0,1.0,vggt,bonsai,,,15000,15000,,MCMC,,,,,,,,,,,gsplat,,indoor,16.707454681396484,0.4371567368507385,0.5229406952857971,1000000,0.02212984301149845,0.98356693983078,,,0.25179349198753453,0.3830648298504675,100000,/home/ojab2/work/git/gsplat/results/vggt_outputs/bonsai_2_n20_s42_c0.0_p100000_random_minfarthestpose_i20_gteval_steps15000/stats/val_step14999.json,/home/ojab2/work/git/gsplat/results/vggt_outputs/bonsai_2_n20_s42_c0.0_p100000_random_minfarthestpose_i20_gteval_steps15000/stats/val_step14999.json,bonsai_2_n20_s42_c0.0_p100000_random_minfarthestpose_i20_gteval_steps15000,0.9837,0.09479,20,7.611343,,,,,,,,/home/ojab2/work/git/vggt/vggt_outputs/bonsai_2_n20_s42_c0.0_p100000_random_minfarthestpose/eval_results.json,bonsai_2_n20_s42_c0.0_p100000_random_minfarthestpose,bonsai_2_n20_s42_c0.0_p100000_random_minfarthestpose_i20_gteval_steps15000_val_step14999.json,100000,,,vggt | ,20.0
vggt,20,42,0.0,100000,random,,,,0,10,minfarthestpose,20,GT Eval,,,,,False,,,,,0.0,,False,1.0,1.0,vggt,kitchen,,,15000,15000,,MCMC,,,,,,,,,,,gsplat,,indoor,18.177200317382812,0.29197126626968384,0.4228987395763397,1000000,0.0059866574592888355,0.2696126103401184,,,0.3101275969512126,0.35561945264843864,100000,/home/ojab2/work/git/gsplat/results/vggt_outputs/kitchen_2_n20_s42_c0.0_p100000_random_minfarthestpose_i20_gteval_steps15000/stats/val_step14999.json,/home/ojab2/work/git/gsplat/results/vggt_outputs/kitchen_2_n20_s42_c0.0_p100000_random_minfarthestpose_i20_gteval_steps15000/stats/val_step14999.json,kitchen_2_n20_s42_c0.0_p100000_random_minfarthestpose_i20_gteval_steps15000,0.2698,0.028021,20,4.159172,,,,,,,,/home/ojab2/work/git/vggt/vggt_outputs/kitchen_2_n20_s42_c0.0_p100000_random_minfarthestpose/eval_results.json,kitchen_2_n20_s42_c0.0_p100000_random_minfarthestpose,kitchen_2_n20_s42_c0.0_p100000_random_minfarthestpose_i20_gteval_steps15000_val_step14999.json,100000,,,vggt | ,20.0
vggt,20,42,0.0,100000,random,,,,0,10,minfarthestpose,20,GT Eval,,,,,False,,,,,0.0,,False,1.0,1.0,vggt,counter,,,15000,15000,,MCMC,,,,,,,,,,,gsplat,,indoor,17.897125244140625,0.3656599223613739,0.5332370400428772,1000000,0.009569959715008736,0.3811827003955841,,,0.3239795186831008,0.3550297630501332,100000,/home/ojab2/work/git/gsplat/results/vggt_outputs/counter_2_n20_s42_c0.0_p100000_random_minfarthestpose_i20_gteval_steps15000/stats/val_step14999.json,/home/ojab2/work/git/gsplat/results/vggt_outputs/counter_2_n20_s42_c0.0_p100000_random_minfarthestpose_i20_gteval_steps15000/stats/val_step14999.json,counter_2_n20_s42_c0.0_p100000_random_minfarthestpose_i20_gteval_steps15000,0.3814,0.043451,20,4.908029,,,,,,,,/home/ojab2/work/git/vggt/vggt_outputs/counter_2_n20_s42_c0.0_p100000_random_minfarthestpose/eval_results.json,counter_2_n20_s42_c0.0_p100000_random_minfarthestpose,counter_2_n20_s42_c0.0_p100000_random_minfarthestpose_i20_gteval_steps15000_val_step14999.json,100000,,,vggt | ,20.0
vggt,30,42,0.0,100000,random,,,,0,10,minfarthestpose,30,GT Eval,,,,,False,,,,,0.0,,False,1.0,1.0,vggt,bonsai,,,15000,15000,,MCMC,,,,,,,,,,,gsplat,,indoor,17.34124183654785,0.41418278217315674,0.5407585501670837,1000000,0.02045520581305027,0.8883591294288635,,,0.28813154283787534,0.3701004061336487,100000,/home/ojab2/work/git/gsplat/results/vggt_outputs/bonsai_2_n30_s42_c0.0_p100000_random_minfarthestpose_i30_gteval_steps15000/stats/val_step14999.json,/home/ojab2/work/git/gsplat/results/vggt_outputs/bonsai_2_n30_s42_c0.0_p100000_random_minfarthestpose_i30_gteval_steps15000/stats/val_step14999.json,bonsai_2_n30_s42_c0.0_p100000_random_minfarthestpose_i30_gteval_steps15000,0.8884,0.089827,30,7.587343,,,,,,,,/home/ojab2/work/git/vggt/vggt_outputs/bonsai_2_n30_s42_c0.0_p100000_random_minfarthestpose/eval_results.json,bonsai_2_n30_s42_c0.0_p100000_random_minfarthestpose,bonsai_2_n30_s42_c0.0_p100000_random_minfarthestpose_i30_gteval_steps15000_val_step14999.json,100000,,,vggt | ,30.0
vggt,30,42,0.0,100000,random,,,,0,10,minfarthestpose,30,GT Eval,,,,,False,,,,,0.0,,False,1.0,1.0,vggt,kitchen,,,15000,15000,,MCMC,,,,,,,,,,,gsplat,,indoor,18.52764129638672,0.27109357714653015,0.4426935613155365,1000000,0.005779072642326355,0.27804264426231384,,,0.34108062627797314,0.34388631058728114,100000,/home/ojab2/work/git/gsplat/results/vggt_outputs/kitchen_2_n30_s42_c0.0_p100000_random_minfarthestpose_i30_gteval_steps15000/stats/val_step14999.json,/home/ojab2/work/git/gsplat/results/vggt_outputs/kitchen_2_n30_s42_c0.0_p100000_random_minfarthestpose_i30_gteval_steps15000/stats/val_step14999.json,kitchen_2_n30_s42_c0.0_p100000_random_minfarthestpose_i30_gteval_steps15000,0.2781,0.026317,30,4.148829,,,,,,,,/home/ojab2/work/git/vggt/vggt_outputs/kitchen_2_n30_s42_c0.0_p100000_random_minfarthestpose/eval_results.json,kitchen_2_n30_s42_c0.0_p100000_random_minfarthestpose,kitchen_2_n30_s42_c0.0_p100000_random_minfarthestpose_i30_gteval_steps15000_val_step14999.json,100000,,,vggt | ,30.0
vggt,30,42,0.0,100000,random,,,,0,10,minfarthestpose,30,GT Eval,,,,,False,,,,,0.0,,False,1.0,1.0,vggt,counter,,,15000,15000,,MCMC,,,,,,,,,,,gsplat,,indoor,18.8387508392334,0.3141652047634125,0.5609233975410461,1000000,0.008692986331880093,0.34816214442253113,,,0.3893947447562388,0.3299530755145921,100000,/home/ojab2/work/git/gsplat/results/vggt_outputs/counter_2_n30_s42_c0.0_p100000_random_minfarthestpose_i30_gteval_steps15000/stats/val_step14999.json,/home/ojab2/work/git/gsplat/results/vggt_outputs/counter_2_n30_s42_c0.0_p100000_random_minfarthestpose_i30_gteval_steps15000/stats/val_step14999.json,counter_2_n30_s42_c0.0_p100000_random_minfarthestpose_i30_gteval_steps15000,0.3487,0.036323,30,4.836201,,,,,,,,/home/ojab2/work/git/vggt/vggt_outputs/counter_2_n30_s42_c0.0_p100000_random_minfarthestpose/eval_results.json,counter_2_n30_s42_c0.0_p100000_random_minfarthestpose,counter_2_n30_s42_c0.0_p100000_random_minfarthestpose_i30_gteval_steps15000_val_step14999.json,100000,,,vggt | ,30.0
vggt,40,42,0.0,100000,random,,,,0,10,minfarthestpose,40,GT Eval,,,,,False,,,,,0.0,,False,1.0,1.0,vggt,bonsai,,,15000,15000,,MCMC,,,,,,,,,,,gsplat,,indoor,17.72458267211914,0.38921311497688293,0.5569648146629333,1000000,0.022790133953094482,0.7294183969497681,,,0.32012116967121296,0.3572361931125659,100000,/home/ojab2/work/git/gsplat/results/vggt_outputs/bonsai_2_n40_s42_c0.0_p100000_random_minfarthestpose_i40_gteval_steps15000/stats/val_step14999.json,/home/ojab2/work/git/gsplat/results/vggt_outputs/bonsai_2_n40_s42_c0.0_p100000_random_minfarthestpose_i40_gteval_steps15000/stats/val_step14999.json,bonsai_2_n40_s42_c0.0_p100000_random_minfarthestpose_i40_gteval_steps15000,0.7294,0.097202,40,7.731085,,,,,,,,/home/ojab2/work/git/vggt/vggt_outputs/bonsai_2_n40_s42_c0.0_p100000_random_minfarthestpose/eval_results.json,bonsai_2_n40_s42_c0.0_p100000_random_minfarthestpose,bonsai_2_n40_s42_c0.0_p100000_random_minfarthestpose_i40_gteval_steps15000_val_step14999.json,100000,,,vggt | ,40.0
vggt,40,42,0.0,100000,random,,,,0,10,minfarthestpose,40,GT Eval,,,,,False,,,,,0.0,,False,1.0,1.0,vggt,kitchen,,,15000,15000,,MCMC,,,,,,,,,,,gsplat,,indoor,18.898000717163086,0.25969570875167847,0.435649037361145,1000000,0.005547953303903341,0.2606889605522156,,,0.3508552506498271,0.3412723659148756,100000,/home/ojab2/work/git/gsplat/results/vggt_outputs/kitchen_2_n40_s42_c0.0_p100000_random_minfarthestpose_i40_gteval_steps15000/stats/val_step14999.json,/home/ojab2/work/git/gsplat/results/vggt_outputs/kitchen_2_n40_s42_c0.0_p100000_random_minfarthestpose_i40_gteval_steps15000/stats/val_step14999.json,kitchen_2_n40_s42_c0.0_p100000_random_minfarthestpose_i40_gteval_steps15000,0.2611,0.026452,40,4.152193,,,,,,,,/home/ojab2/work/git/vggt/vggt_outputs/kitchen_2_n40_s42_c0.0_p100000_random_minfarthestpose/eval_results.json,kitchen_2_n40_s42_c0.0_p100000_random_minfarthestpose,kitchen_2_n40_s42_c0.0_p100000_random_minfarthestpose_i40_gteval_steps15000_val_step14999.json,100000,,,vggt | ,40.0
vggt,40,42,0.0,100000,random,,,,0,10,minfarthestpose,40,GT Eval,,,,,False,,,,,0.0,,False,1.0,1.0,vggt,counter,,,15000,15000,,MCMC,,,,,,,,,,,gsplat,,indoor,19.15398406982422,0.2938864827156067,0.5738909244537354,1000000,0.008003419265151024,0.38038191199302673,,,0.41533347590547476,0.3196024997916249,100000,/home/ojab2/work/git/gsplat/results/vggt_outputs/counter_2_n40_s42_c0.0_p100000_random_minfarthestpose_i40_gteval_steps15000/stats/val_step14999.json,/home/ojab2/work/git/gsplat/results/vggt_outputs/counter_2_n40_s42_c0.0_p100000_random_minfarthestpose_i40_gteval_steps15000/stats/val_step14999.json,counter_2_n40_s42_c0.0_p100000_random_minfarthestpose_i40_gteval_steps15000,0.3803,0.032005,40,4.483415,,,,,,,,/home/ojab2/work/git/vggt/vggt_outputs/counter_2_n40_s42_c0.0_p100000_random_minfarthestpose/eval_results.json,counter_2_n40_s42_c0.0_p100000_random_minfarthestpose,counter_2_n40_s42_c0.0_p100000_random_minfarthestpose_i40_gteval_steps15000_val_step14999.json,100000,,,vggt | ,40.0
vggt,50,42,0.0,100000,random,,,,0,10,minfarthestpose,50,GT Eval,,,,,False,,,,,0.0,,False,1.0,1.0,vggt,bonsai,,,15000,15000,,MCMC,,,,,,,,,,,gsplat,,indoor,17.975473403930664,0.39067938923835754,0.5657995343208313,1000000,0.023220835253596306,0.8014442324638367,,,0.32902868948949476,0.3551856580953632,100000,/home/ojab2/work/git/gsplat/results/vggt_outputs/bonsai_2_n50_s42_c0.0_p100000_random_minfarthestpose_i50_gteval_steps15000/stats/val_step14999.json,/home/ojab2/work/git/gsplat/results/vggt_outputs/bonsai_2_n50_s42_c0.0_p100000_random_minfarthestpose_i50_gteval_steps15000/stats/val_step14999.json,bonsai_2_n50_s42_c0.0_p100000_random_minfarthestpose_i50_gteval_steps15000,0.8014,0.095395,50,7.828728,,,,,,,,/home/ojab2/work/git/vggt/vggt_outputs/bonsai_2_n50_s42_c0.0_p100000_random_minfarthestpose/eval_results.json,bonsai_2_n50_s42_c0.0_p100000_random_minfarthestpose,bonsai_2_n50_s42_c0.0_p100000_random_minfarthestpose_i50_gteval_steps15000_val_step14999.json,100000,,,vggt | ,50.0
vggt,50,42,0.0,100000,random,,,,0,10,minfarthestpose,50,GT Eval,,,,,False,,,,,0.0,,False,1.0,1.0,vggt,kitchen,,,15000,15000,,MCMC,,,,,,,,,,,gsplat,,indoor,19.448810577392578,0.24405501782894135,0.46214696764945984,1000000,0.006052491255104542,0.29579412937164307,,,0.3862060463955218,0.32959762546432597,100000,/home/ojab2/work/git/gsplat/results/vggt_outputs/kitchen_2_n50_s42_c0.0_p100000_random_minfarthestpose_i50_gteval_steps15000/stats/val_step14999.json,/home/ojab2/work/git/gsplat/results/vggt_outputs/kitchen_2_n50_s42_c0.0_p100000_random_minfarthestpose_i50_gteval_steps15000/stats/val_step14999.json,kitchen_2_n50_s42_c0.0_p100000_random_minfarthestpose_i50_gteval_steps15000,0.296,0.027378,50,4.142264,,,,,,,,/home/ojab2/work/git/vggt/vggt_outputs/kitchen_2_n50_s42_c0.0_p100000_random_minfarthestpose/eval_results.json,kitchen_2_n50_s42_c0.0_p100000_random_minfarthestpose,kitchen_2_n50_s42_c0.0_p100000_random_minfarthestpose_i50_gteval_steps15000_val_step14999.json,100000,,,vggt | ,50.0
vggt,50,42,0.0,100000,random,,,,0,10,minfarthestpose,50,GT Eval,,,,,False,,,,,0.0,,False,1.0,1.0,vggt,counter,,,15000,15000,,MCMC,,,,,,,,,,,gsplat,,indoor,19.03731346130371,0.3023765981197357,0.5784945487976074,1000000,0.007548722438514233,0.39263004064559937,,,0.410624275082036,0.32136422121971653,100000,/home/ojab2/work/git/gsplat/results/vggt_outputs/counter_2_n50_s42_c0.0_p100000_random_minfarthestpose_i50_gteval_steps15000/stats/val_step14999.json,/home/ojab2/work/git/gsplat/results/vggt_outputs/counter_2_n50_s42_c0.0_p100000_random_minfarthestpose_i50_gteval_steps15000/stats/val_step14999.json,counter_2_n50_s42_c0.0_p100000_random_minfarthestpose_i50_gteval_steps15000,0.3927,0.03126,50,4.604761,,,,,,,,/home/ojab2/work/git/vggt/vggt_outputs/counter_2_n50_s42_c0.0_p100000_random_minfarthestpose/eval_results.json,counter_2_n50_s42_c0.0_p100000_random_minfarthestpose,counter_2_n50_s42_c0.0_p100000_random_minfarthestpose_i50_gteval_steps15000_val_step14999.json,100000,,,vggt | ,50.0
vggt,60,42,0.0,100000,random,,,,0,10,minfarthestpose,60,GT Eval,,,,,False,,,,,0.0,,False,1.0,1.0,vggt,bonsai,,,15000,15000,,MCMC,,,,,,,,,,,gsplat,,indoor,17.90055274963379,0.3913314938545227,0.5682401657104492,1000000,0.024403369054198265,0.8877549767494202,,,0.32866600607028634,0.3548772913854095,100000,/home/ojab2/work/git/gsplat/results/vggt_outputs/bonsai_2_n60_s42_c0.0_p100000_random_minfarthestpose_i60_gteval_steps15000/stats/val_step14999.json,/home/ojab2/work/git/gsplat/results/vggt_outputs/bonsai_2_n60_s42_c0.0_p100000_random_minfarthestpose_i60_gteval_steps15000/stats/val_step14999.json,bonsai_2_n60_s42_c0.0_p100000_random_minfarthestpose_i60_gteval_steps15000,0.8878,0.10213,60,7.775817,,,,,,,,/home/ojab2/work/git/vggt/vggt_outputs/bonsai_2_n60_s42_c0.0_p100000_random_minfarthestpose/eval_results.json,bonsai_2_n60_s42_c0.0_p100000_random_minfarthestpose,bonsai_2_n60_s42_c0.0_p100000_random_minfarthestpose_i60_gteval_steps15000_val_step14999.json,100000,,,vggt | ,60.0
vggt,60,42,0.0,100000,random,,,,0,10,minfarthestpose,60,GT Eval,,,,,False,,,,,0.0,,False,1.0,1.0,vggt,kitchen,,,15000,15000,,MCMC,,,,,,,,,,,gsplat,,indoor,19.61069679260254,0.23884430527687073,0.45499521493911743,1000000,0.005868461914360523,0.3243441879749298,,,0.38823811697293753,0.3293421692556592,100000,/home/ojab2/work/git/gsplat/results/vggt_outputs/kitchen_2_n60_s42_c0.0_p100000_random_minfarthestpose_i60_gteval_steps15000/stats/val_step14999.json,/home/ojab2/work/git/gsplat/results/vggt_outputs/kitchen_2_n60_s42_c0.0_p100000_random_minfarthestpose_i60_gteval_steps15000/stats/val_step14999.json,kitchen_2_n60_s42_c0.0_p100000_random_minfarthestpose_i60_gteval_steps15000,0.3242,0.027163,60,4.162314,,,,,,,,/home/ojab2/work/git/vggt/vggt_outputs/kitchen_2_n60_s42_c0.0_p100000_random_minfarthestpose/eval_results.json,kitchen_2_n60_s42_c0.0_p100000_random_minfarthestpose,kitchen_2_n60_s42_c0.0_p100000_random_minfarthestpose_i60_gteval_steps15000_val_step14999.json,100000,,,vggt | ,60.0
vggt,60,42,0.0,100000,random,,,,0,10,minfarthestpose,60,GT Eval,,,,,False,,,,,0.0,,False,1.0,1.0,vggt,counter,,,15000,15000,,MCMC,,,,,,,,,,,gsplat,,indoor,19.74547004699707,0.2845265567302704,0.5979784727096558,1000000,0.007439553737640381,0.37929052114486694,,,0.4461509375466861,0.3097272746561189,100000,/home/ojab2/work/git/gsplat/results/vggt_outputs/counter_2_n60_s42_c0.0_p100000_random_minfarthestpose_i60_gteval_steps15000/stats/val_step14999.json,/home/ojab2/work/git/gsplat/results/vggt_outputs/counter_2_n60_s42_c0.0_p100000_random_minfarthestpose_i60_gteval_steps15000/stats/val_step14999.json,counter_2_n60_s42_c0.0_p100000_random_minfarthestpose_i60_gteval_steps15000,0.3795,0.030852,60,4.485466,,,,,,,,/home/ojab2/work/git/vggt/vggt_outputs/counter_2_n60_s42_c0.0_p100000_random_minfarthestpose/eval_results.json,counter_2_n60_s42_c0.0_p100000_random_minfarthestpose,counter_2_n60_s42_c0.0_p100000_random_minfarthestpose_i60_gteval_steps15000_val_step14999.json,100000,,,vggt | ,60.0
vggt,70,42,0.0,100000,random,,,,0,10,minfarthestpose,70,GT Eval,,,,,False,,,,,0.0,,False,1.0,1.0,vggt,bonsai,,,15000,15000,,MCMC,,,,,,,,,,,gsplat,,indoor,18.378971099853516,0.37480518221855164,0.5808663368225098,1000000,0.024162106215953827,0.8060982823371887,,,0.35511075788074076,0.3455783568279357,100000,/home/ojab2/work/git/gsplat/results/vggt_outputs/bonsai_2_n70_s42_c0.0_p100000_random_minfarthestpose_i70_gteval_steps15000/stats/val_step14999.json,/home/ojab2/work/git/gsplat/results/vggt_outputs/bonsai_2_n70_s42_c0.0_p100000_random_minfarthestpose_i70_gteval_steps15000/stats/val_step14999.json,bonsai_2_n70_s42_c0.0_p100000_random_minfarthestpose_i70_gteval_steps15000,0.806,0.10116,70,7.70233,,,,,,,,/home/ojab2/work/git/vggt/vggt_outputs/bonsai_2_n70_s42_c0.0_p100000_random_minfarthestpose/eval_results.json,bonsai_2_n70_s42_c0.0_p100000_random_minfarthestpose,bonsai_2_n70_s42_c0.0_p100000_random_minfarthestpose_i70_gteval_steps15000_val_step14999.json,100000,,,vggt | ,70.0
vggt,70,42,0.0,100000,random,,,,0,10,minfarthestpose,70,GT Eval,,,,,False,,,,,0.0,,False,1.0,1.0,vggt,kitchen,,,15000,15000,,MCMC,,,,,,,,,,,gsplat,,indoor,19.38790512084961,0.24714186787605286,0.4488857388496399,1000000,0.0058333734050393105,0.3231159448623657,,,0.3754176000173096,0.3336753758233806,100000,/home/ojab2/work/git/gsplat/results/vggt_outputs/kitchen_2_n70_s42_c0.0_p100000_random_minfarthestpose_i70_gteval_steps15000/stats/val_step14999.json,/home/ojab2/work/git/gsplat/results/vggt_outputs/kitchen_2_n70_s42_c0.0_p100000_random_minfarthestpose_i70_gteval_steps15000/stats/val_step14999.json,kitchen_2_n70_s42_c0.0_p100000_random_minfarthestpose_i70_gteval_steps15000,0.3231,0.028126,70,4.16202,,,,,,,,/home/ojab2/work/git/vggt/vggt_outputs/kitchen_2_n70_s42_c0.0_p100000_random_minfarthestpose/eval_results.json,kitchen_2_n70_s42_c0.0_p100000_random_minfarthestpose,kitchen_2_n70_s42_c0.0_p100000_random_minfarthestpose_i70_gteval_steps15000_val_step14999.json,100000,,,vggt | ,70.0
vggt,70,42,0.0,100000,random,,,,0,10,minfarthestpose,70,GT Eval,,,,,False,,,,,0.0,,False,1.0,1.0,vggt,counter,,,15000,15000,,MCMC,,,,,,,,,,,gsplat,,indoor,20.209012985229492,0.2791377604007721,0.6161238551139832,1000000,0.007753706071525812,0.35588815808296204,,,0.46867281825918905,0.3027484266204571,100000,/home/ojab2/work/git/gsplat/results/vggt_outputs/counter_2_n70_s42_c0.0_p100000_random_minfarthestpose_i70_gteval_steps15000/stats/val_step14999.json,/home/ojab2/work/git/gsplat/results/vggt_outputs/counter_2_n70_s42_c0.0_p100000_random_minfarthestpose_i70_gteval_steps15000/stats/val_step14999.json,counter_2_n70_s42_c0.0_p100000_random_minfarthestpose_i70_gteval_steps15000,0.356,0.031055,70,4.444537,,,,,,,,/home/ojab2/work/git/vggt/vggt_outputs/counter_2_n70_s42_c0.0_p100000_random_minfarthestpose/eval_results.json,counter_2_n70_s42_c0.0_p100000_random_minfarthestpose,counter_2_n70_s42_c0.0_p100000_random_minfarthestpose_i70_gteval_steps15000_val_step14999.json,100000,,,vggt | ,70.0
vggt,80,42,0.0,100000,random,,,,0,10,minfarthestpose,80,GT Eval,,,,,False,,,,,0.0,,False,1.0,1.0,vggt,bonsai,,,15000,15000,,MCMC,,,,,,,,,,,gsplat,,indoor,18.27854347229004,0.3789374530315399,0.5839003324508667,1000000,0.02335357293486595,0.8208662867546082,,,0.3524744689968052,0.3462865576713511,100000,/home/ojab2/work/git/gsplat/results/vggt_outputs/bonsai_2_n80_s42_c0.0_p100000_random_minfarthestpose_i80_gteval_steps15000/stats/val_step14999.json,/home/ojab2/work/git/gsplat/results/vggt_outputs/bonsai_2_n80_s42_c0.0_p100000_random_minfarthestpose_i80_gteval_steps15000/stats/val_step14999.json,bonsai_2_n80_s42_c0.0_p100000_random_minfarthestpose_i80_gteval_steps15000,0.8208,0.096051,80,7.780013,,,,,,,,/home/ojab2/work/git/vggt/vggt_outputs/bonsai_2_n80_s42_c0.0_p100000_random_minfarthestpose/eval_results.json,bonsai_2_n80_s42_c0.0_p100000_random_minfarthestpose,bonsai_2_n80_s42_c0.0_p100000_random_minfarthestpose_i80_gteval_steps15000_val_step14999.json,100000,,,vggt | ,80.0
vggt,80,42,0.0,100000,random,,,,0,10,minfarthestpose,80,GT Eval,,,,,False,,,,,0.0,,False,1.0,1.0,vggt,kitchen,,,15000,15000,,MCMC,,,,,,,,,,,gsplat,,indoor,20.374483108520508,0.2323937565088272,0.48634642362594604,1000000,0.00570682343095541,0.2842715382575989,,,0.4246981684033789,0.31942130021305865,100000,/home/ojab2/work/git/gsplat/results/vggt_outputs/kitchen_2_n80_s42_c0.0_p100000_random_minfarthestpose_i80_gteval_steps15000/stats/val_step14999.json,/home/ojab2/work/git/gsplat/results/vggt_outputs/kitchen_2_n80_s42_c0.0_p100000_random_minfarthestpose_i80_gteval_steps15000/stats/val_step14999.json,kitchen_2_n80_s42_c0.0_p100000_random_minfarthestpose_i80_gteval_steps15000,0.2843,0.026957,80,4.144684,,,,,,,,/home/ojab2/work/git/vggt/vggt_outputs/kitchen_2_n80_s42_c0.0_p100000_random_minfarthestpose/eval_results.json,kitchen_2_n80_s42_c0.0_p100000_random_minfarthestpose,kitchen_2_n80_s42_c0.0_p100000_random_minfarthestpose_i80_gteval_steps15000_val_step14999.json,100000,,,vggt | ,80.0
vggt,80,42,0.0,100000,random,,,,0,10,minfarthestpose,80,GT Eval,,,,,False,,,,,0.0,,False,1.0,1.0,vggt,counter,,,15000,15000,,MCMC,,,,,,,,,,,gsplat,,indoor,20.53877830505371,0.27467066049575806,0.6277803778648376,1000000,0.007485846523195505,0.35863402485847473,,,0.484353732489548,0.2978673290181695,100000,/home/ojab2/work/git/gsplat/results/vggt_outputs/counter_2_n80_s42_c0.0_p100000_random_minfarthestpose_i80_gteval_steps15000/stats/val_step14999.json,/home/ojab2/work/git/gsplat/results/vggt_outputs/counter_2_n80_s42_c0.0_p100000_random_minfarthestpose_i80_gteval_steps15000/stats/val_step14999.json,counter_2_n80_s42_c0.0_p100000_random_minfarthestpose_i80_gteval_steps15000,0.3586,0.029914,80,4.47013,,,,,,,,/home/ojab2/work/git/vggt/vggt_outputs/counter_2_n80_s42_c0.0_p100000_random_minfarthestpose/eval_results.json,counter_2_n80_s42_c0.0_p100000_random_minfarthestpose,counter_2_n80_s42_c0.0_p100000_random_minfarthestpose_i80_gteval_steps15000_val_step14999.json,100000,,,vggt | ,80.0
vggt,90,42,0.0,100000,random,,,,0,10,minfarthestpose,90,GT Eval,,,,,False,,,,,0.0,,False,1.0,1.0,vggt,bonsai,,,15000,15000,,MCMC,,,,,,,,,,,gsplat,,indoor,18.62593650817871,0.3721984624862671,0.5920172333717346,1000000,0.023255636915564537,0.734389066696167,,,0.3678142697567906,0.3415517998913476,100000,/home/ojab2/work/git/gsplat/results/vggt_outputs/bonsai_2_n90_s42_c0.0_p100000_random_minfarthestpose_i90_gteval_steps15000/stats/val_step14999.json,/home/ojab2/work/git/gsplat/results/vggt_outputs/bonsai_2_n90_s42_c0.0_p100000_random_minfarthestpose_i90_gteval_steps15000/stats/val_step14999.json,bonsai_2_n90_s42_c0.0_p100000_random_minfarthestpose_i90_gteval_steps15000,0.7344,0.095629,90,7.854932,,,,,,,,/home/ojab2/work/git/vggt/vggt_outputs/bonsai_2_n90_s42_c0.0_p100000_random_minfarthestpose/eval_results.json,bonsai_2_n90_s42_c0.0_p100000_random_minfarthestpose,bonsai_2_n90_s42_c0.0_p100000_random_minfarthestpose_i90_gteval_steps15000_val_step14999.json,100000,,,vggt | ,90.0
vggt,90,42,0.0,100000,random,,,,0,10,minfarthestpose,90,GT Eval,,,,,False,,,,,0.0,,False,1.0,1.0,vggt,kitchen,,,15000,15000,,MCMC,,,,,,,,,,,gsplat,,indoor,20.00470542907715,0.23796045780181885,0.4700312614440918,1000000,0.005717134568840265,0.3207058310508728,,,0.40487316771712367,0.3253130490606073,100000,/home/ojab2/work/git/gsplat/results/vggt_outputs/kitchen_2_n90_s42_c0.0_p100000_random_minfarthestpose_i90_gteval_steps15000/stats/val_step14999.json,/home/ojab2/work/git/gsplat/results/vggt_outputs/kitchen_2_n90_s42_c0.0_p100000_random_minfarthestpose_i90_gteval_steps15000/stats/val_step14999.json,kitchen_2_n90_s42_c0.0_p100000_random_minfarthestpose_i90_gteval_steps15000,0.3203,0.026849,90,4.157845,,,,,,,,/home/ojab2/work/git/vggt/vggt_outputs/kitchen_2_n90_s42_c0.0_p100000_random_minfarthestpose/eval_results.json,kitchen_2_n90_s42_c0.0_p100000_random_minfarthestpose,kitchen_2_n90_s42_c0.0_p100000_random_minfarthestpose_i90_gteval_steps15000_val_step14999.json,100000,,,vggt | ,90.0
vggt,90,42,0.0,100000,random,,,,0,10,minfarthestpose,90,GT Eval,,,,,False,,,,,0.0,,False,1.0,1.0,vggt,counter,,,15000,15000,,MCMC,,,,,,,,,,,gsplat,,indoor,19.927597045898438,0.2940928339958191,0.6140936017036438,1000000,0.007487339898943901,0.3956444561481476,,,0.4530426023686528,0.3084915316225546,100000,/home/ojab2/work/git/gsplat/results/vggt_outputs/counter_2_n90_s42_c0.0_p100000_random_minfarthestpose_i90_gteval_steps15000/stats/val_step14999.json,/home/ojab2/work/git/gsplat/results/vggt_outputs/counter_2_n90_s42_c0.0_p100000_random_minfarthestpose_i90_gteval_steps15000/stats/val_step14999.json,counter_2_n90_s42_c0.0_p100000_random_minfarthestpose_i90_gteval_steps15000,0.3956,0.030141,90,4.47758,,,,,,,,/home/ojab2/work/git/vggt/vggt_outputs/counter_2_n90_s42_c0.0_p100000_random_minfarthestpose/eval_results.json,counter_2_n90_s42_c0.0_p100000_random_minfarthestpose,counter_2_n90_s42_c0.0_p100000_random_minfarthestpose_i90_gteval_steps15000_val_step14999.json,100000,,,vggt | ,90.0
vggt,100,42,0.0,100000,random,,,,0,10,minfarthestpose,100,GT Eval,,,,,False,,,,,0.0,,False,1.0,1.0,vggt,bonsai,,,15000,15000,,MCMC,,,,,,,,,,,gsplat,,indoor,18.664011001586914,0.373970091342926,0.595427930355072,1000000,0.023722030222415924,0.7308099269866943,,,0.3694203145477662,0.3412105901612084,100000,/home/ojab2/work/git/gsplat/results/vggt_outputs/bonsai_2_n100_s42_c0.0_p100000_random_minfarthestpose_i100_gteval_steps15000/stats/val_step14999.json,/home/ojab2/work/git/gsplat/results/vggt_outputs/bonsai_2_n100_s42_c0.0_p100000_random_minfarthestpose_i100_gteval_steps15000/stats/val_step14999.json,bonsai_2_n100_s42_c0.0_p100000_random_minfarthestpose_i100_gteval_steps15000,0.7308,0.098078,100,7.817163,,,,,,,,/home/ojab2/work/git/vggt/vggt_outputs/bonsai_2_n100_s42_c0.0_p100000_random_minfarthestpose/eval_results.json,bonsai_2_n100_s42_c0.0_p100000_random_minfarthestpose,bonsai_2_n100_s42_c0.0_p100000_random_minfarthestpose_i100_gteval_steps15000_val_step14999.json,100000,,,vggt | ,100.0
vggt,100,42,0.0,100000,random,,,,0,10,minfarthestpose,100,GT Eval,,,,,False,,,,,0.0,,False,1.0,1.0,vggt,kitchen,,,15000,15000,,MCMC,,,,,,,,,,,gsplat,,indoor,20.49005699157715,0.22959475219249725,0.4848734140396118,1000000,0.005697792861610651,0.28279656171798706,,,0.42770479682438395,0.3187502952410298,100000,/home/ojab2/work/git/gsplat/results/vggt_outputs/kitchen_2_n100_s42_c0.0_p100000_random_minfarthestpose_i100_gteval_steps15000/stats/val_step14999.json,/home/ojab2/work/git/gsplat/results/vggt_outputs/kitchen_2_n100_s42_c0.0_p100000_random_minfarthestpose_i100_gteval_steps15000/stats/val_step14999.json,kitchen_2_n100_s42_c0.0_p100000_random_minfarthestpose_i100_gteval_steps15000,0.2827,0.025851,100,4.144792,,,,,,,,/home/ojab2/work/git/vggt/vggt_outputs/kitchen_2_n100_s42_c0.0_p100000_random_minfarthestpose/eval_results.json,kitchen_2_n100_s42_c0.0_p100000_random_minfarthestpose,kitchen_2_n100_s42_c0.0_p100000_random_minfarthestpose_i100_gteval_steps15000_val_step14999.json,100000,,,vggt | ,100.0
vggt,100,42,0.0,100000,random,,,,0,10,minfarthestpose,100,GT Eval,,,,,False,,,,,0.0,,False,1.0,1.0,vggt,counter,,,15000,15000,,MCMC,,,,,,,,,,,gsplat,,indoor,20.050086975097656,0.291461318731308,0.6177743673324585,1000000,0.007659002672880888,0.3872610032558441,,,0.4590878210492224,0.30653021430498645,100000,/home/ojab2/work/git/gsplat/results/vggt_outputs/counter_2_n100_s42_c0.0_p100000_random_minfarthestpose_i100_gteval_steps15000/stats/val_step14999.json,/home/ojab2/work/git/gsplat/results/vggt_outputs/counter_2_n100_s42_c0.0_p100000_random_minfarthestpose_i100_gteval_steps15000/stats/val_step14999.json,counter_2_n100_s42_c0.0_p100000_random_minfarthestpose_i100_gteval_steps15000,0.3873,0.030482,100,4.485239,,,,,,,,/home/ojab2/work/git/vggt/vggt_outputs/counter_2_n100_s42_c0.0_p100000_random_minfarthestpose/eval_results.json,counter_2_n100_s42_c0.0_p100000_random_minfarthestpose,counter_2_n100_s42_c0.0_p100000_random_minfarthestpose_i100_gteval_steps15000_val_step14999.json,100000,,,vggt | ,100.0
colmap,10,42,,146,,,,,0,10,minfarthestpose,10,GT Eval,,,,Pose Opt,False,,,,,0.0,,False,1.0,1.0,colmap,counter,,,15000,15000,default,MCMC,,,,,Shared Cam,,,,,,gsplat,,indoor,11.731576919555664,0.7849702835083008,0.4465307593345642,154676,0.02717670425772667,4.289182186126709,,,-0.09973628572088462,0.5320146424017036,146,/home/ojab2/work/git/gsplat/results/colmap_outputs/counter_2_n10_s42_default_minfarthestpose_sharedcam_i10_gteval_poseopt_steps15000/stats/val_step14999.json,/home/ojab2/work/git/gsplat/results/colmap_outputs/counter_2_n10_s42_default_minfarthestpose_sharedcam_i10_gteval_poseopt_steps15000/stats/val_step14999.json,counter_2_n10_s42_default_minfarthestpose_sharedcam_i10_gteval_poseopt_steps15000,0.1484,0.006143,5,0.596288,,,,2.018458604812622,7172,7172,0,/home/ojab2/work/git/vggt/colmap_outputs/counter_2_n10_s42_default_minfarthestpose_sharedcam/eval_results.json,counter_2_n10_s42_default_minfarthestpose_sharedcam,counter_2_n10_s42_default_minfarthestpose_sharedcam_i10_gteval_poseopt_steps15000_val_step14999.json,146,,,colmap | Pose Opt,10.0
colmap,10,42,,,,,,,0,10,minfarthestpose,10,GT Eval,,,,Pose Opt,False,,,,,0.0,,False,1.0,1.0,colmap,bonsai,,,15000,15000,default,MCMC,,,,,Shared Cam,,,,,,gsplat_cfg,,indoor,,,,,,,,,,,,/home/ojab2/work/git/gsplat/results/colmap_outputs/bonsai_2_n10_s42_default_minfarthestpose_sharedcam_i10_gteval_poseopt_steps15000/stats/config.json,,bonsai_2_n10_s42_default_minfarthestpose_sharedcam_i10_gteval_poseopt_steps15000,,,,,,,,,,,,,bonsai_2_n10_s42_default_minfarthestpose_sharedcam_i10_gteval_poseopt_steps15000,,,,/home/ojab2/work/git/gsplat/results/colmap_outputs/bonsai_2_n10_s42_default_minfarthestpose_sharedcam_i10_gteval_poseopt_steps15000/stats/config.json,colmap | Pose Opt,10.0
colmap,10,42,,,,,,,0,10,minfarthestpose,10,GT Eval,,,,Pose Opt,False,,,,,0.0,,False,1.0,1.0,colmap,kitchen,,,15000,15000,default,MCMC,,,,,Shared Cam,,,,,,gsplat_cfg,,indoor,,,,,,,,,,,,/home/ojab2/work/git/gsplat/results/colmap_outputs/kitchen_2_n10_s42_default_minfarthestpose_sharedcam_i10_gteval_poseopt_steps15000/stats/config.json,,kitchen_2_n10_s42_default_minfarthestpose_sharedcam_i10_gteval_poseopt_steps15000,,,,,,,,,,,,,kitchen_2_n10_s42_default_minfarthestpose_sharedcam_i10_gteval_poseopt_steps15000,,,,/home/ojab2/work/git/gsplat/results/colmap_outputs/kitchen_2_n10_s42_default_minfarthestpose_sharedcam_i10_gteval_poseopt_steps15000/stats/config.json,colmap | Pose Opt,10.0
colmap,20,42,,575,,,,,0,10,minfarthestpose,20,GT Eval,,,,Pose Opt,False,,,,,0.0,,False,1.0,1.0,colmap,kitchen,,,15000,15000,default,MCMC,,,,,Shared Cam,,,,,,gsplat,,indoor,17.055130004882812,0.4203537106513977,0.40332385897636414,636942,0.0031303362920880318,0.20694522559642792,,,0.19865279603577657,0.40416760025399096,575,/home/ojab2/work/git/gsplat/results/colmap_outputs/kitchen_2_n20_s42_default_minfarthestpose_sharedcam_i20_gteval_poseopt_steps15000/stats/val_step14999.json,/home/ojab2/work/git/gsplat/results/colmap_outputs/kitchen_2_n20_s42_default_minfarthestpose_sharedcam_i20_gteval_poseopt_steps15000/stats/val_step14999.json,kitchen_2_n20_s42_default_minfarthestpose_sharedcam_i20_gteval_poseopt_steps15000,0.1673,0.007541,11,0.911316,,,,3.45123553276062,8822,8822,0,/home/ojab2/work/git/vggt/colmap_outputs/kitchen_2_n20_s42_default_minfarthestpose_sharedcam/eval_results.json,kitchen_2_n20_s42_default_minfarthestpose_sharedcam,kitchen_2_n20_s42_default_minfarthestpose_sharedcam_i20_gteval_poseopt_steps15000_val_step14999.json,575,,,colmap | Pose Opt,20.0
colmap,20,42,,600,,,,,0,10,minfarthestpose,20,GT Eval,,,,Pose Opt,False,,,,,0.0,,False,1.0,1.0,colmap,counter,,,15000,15000,default,MCMC,,,,,Shared Cam,,,,,,gsplat,,indoor,15.710131645202637,0.5470780730247498,0.5253390073776245,667264,0.00565310288220644,0.42219364643096924,,,0.16687439191333656,0.42096238513539436,600,/home/ojab2/work/git/gsplat/results/colmap_outputs/counter_2_n20_s42_default_minfarthestpose_sharedcam_i20_gteval_poseopt_steps15000/stats/val_step14999.json,/home/ojab2/work/git/gsplat/results/colmap_outputs/counter_2_n20_s42_default_minfarthestpose_sharedcam_i20_gteval_poseopt_steps15000/stats/val_step14999.json,counter_2_n20_s42_default_minfarthestpose_sharedcam_i20_gteval_poseopt_steps15000,0.1213,0.004206,13,0.894575,,,,11.622976779937744,7234,7234,0,/home/ojab2/work/git/vggt/colmap_outputs/counter_2_n20_s42_default_minfarthestpose_sharedcam/eval_results.json,counter_2_n20_s42_default_minfarthestpose_sharedcam,counter_2_n20_s42_default_minfarthestpose_sharedcam_i20_gteval_poseopt_steps15000_val_step14999.json,600,,,colmap | Pose Opt,20.0
colmap,20,42,,984,,,,,0,10,minfarthestpose,20,GT Eval,,,,Pose Opt,False,,,,,0.0,,False,1.0,1.0,colmap,bonsai,,,15000,15000,default,MCMC,,,,,Shared Cam,,,,,,gsplat,,indoor,11.028122901916504,0.784522533416748,0.34807586669921875,1000000,0.4394797682762146,9.324481010437012,,,-0.1700627836335239,0.5569536127790501,984,/home/ojab2/work/git/gsplat/results/colmap_outputs/bonsai_2_n20_s42_default_minfarthestpose_sharedcam_i20_gteval_poseopt_steps15000/stats/val_step14999.json,/home/ojab2/work/git/gsplat/results/colmap_outputs/bonsai_2_n20_s42_default_minfarthestpose_sharedcam_i20_gteval_poseopt_steps15000/stats/val_step14999.json,bonsai_2_n20_s42_default_minfarthestpose_sharedcam_i20_gteval_poseopt_steps15000,9.1207,2.010802,13,1.010898,,,,8.479376554489136,6712,6712,0,/home/ojab2/work/git/vggt/colmap_outputs/bonsai_2_n20_s42_default_minfarthestpose_sharedcam/eval_results.json,bonsai_2_n20_s42_default_minfarthestpose_sharedcam,bonsai_2_n20_s42_default_minfarthestpose_sharedcam_i20_gteval_poseopt_steps15000_val_step14999.json,984,,,colmap | Pose Opt,20.0
colmap,30,42,,2748,,,,,0,10,minfarthestpose,30,GT Eval,,,,Pose Opt,False,,,,,0.0,,False,1.0,1.0,colmap,counter,,,15000,15000,default,MCMC,,,,,Shared Cam,,,,,,gsplat,,indoor,21.888214111328125,0.2984953820705414,0.7325990200042725,1000000,0.0010080591309815645,0.06634712219238281,,,0.5559341177450827,0.2740259188191519,2748,/home/ojab2/work/git/gsplat/results/colmap_outputs/counter_2_n30_s42_default_minfarthestpose_sharedcam_i30_gteval_poseopt_steps15000/stats/val_step14999.json,/home/ojab2/work/git/gsplat/results/colmap_outputs/counter_2_n30_s42_default_minfarthestpose_sharedcam_i30_gteval_poseopt_steps15000/stats/val_step14999.json,counter_2_n30_s42_default_minfarthestpose_sharedcam_i30_gteval_poseopt_steps15000,0.0278,0.001854,30,1.015369,,,,23.2292320728302,7298,7298,0,/home/ojab2/work/git/vggt/colmap_outputs/counter_2_n30_s42_default_minfarthestpose_sharedcam/eval_results.json,counter_2_n30_s42_default_minfarthestpose_sharedcam,counter_2_n30_s42_default_minfarthestpose_sharedcam_i30_gteval_poseopt_steps15000_val_step14999.json,2748,,,colmap | Pose Opt,30.0
colmap,30,42,,3284,,,,,0,10,minfarthestpose,30,GT Eval,,,,Pose Opt,False,,,,,0.0,,False,1.0,1.0,colmap,kitchen,,,15000,15000,default,MCMC,,,,,Shared Cam,,,,,,gsplat,,indoor,20.69415283203125,0.20984040200710297,0.522813618183136,1000000,0.0011564858723431826,0.08791245520114899,,,0.46586564663480523,0.3030500113728561,3284,/home/ojab2/work/git/gsplat/results/colmap_outputs/kitchen_2_n30_s42_default_minfarthestpose_sharedcam_i30_gteval_poseopt_steps15000/stats/val_step14999.json,/home/ojab2/work/git/gsplat/results/colmap_outputs/kitchen_2_n30_s42_default_minfarthestpose_sharedcam_i30_gteval_poseopt_steps15000/stats/val_step14999.json,kitchen_2_n30_s42_default_minfarthestpose_sharedcam_i30_gteval_poseopt_steps15000,0.1297,0.005747,29,0.982852,,,,6.868884086608887,8886,8886,0,/home/ojab2/work/git/vggt/colmap_outputs/kitchen_2_n30_s42_default_minfarthestpose_sharedcam/eval_results.json,kitchen_2_n30_s42_default_minfarthestpose_sharedcam,kitchen_2_n30_s42_default_minfarthestpose_sharedcam_i30_gteval_poseopt_steps15000_val_step14999.json,3284,,,colmap | Pose Opt,30.0
colmap,30,42,,7287,,,,,0,10,minfarthestpose,30,GT Eval,,,,Pose Opt,False,,,,,0.0,,False,1.0,1.0,colmap,bonsai,,,15000,15000,default,MCMC,,,,,Shared Cam,,,,,,gsplat,,indoor,18.59151268005371,0.3389317989349365,0.5974449515342712,1000000,0.013438796624541283,0.4921528995037079,,,0.3908858731476187,0.32907830143562383,7287,/home/ojab2/work/git/gsplat/results/colmap_outputs/bonsai_2_n30_s42_default_minfarthestpose_sharedcam_i30_gteval_poseopt_steps15000/stats/val_step14999.json,/home/ojab2/work/git/gsplat/results/colmap_outputs/bonsai_2_n30_s42_default_minfarthestpose_sharedcam_i30_gteval_poseopt_steps15000/stats/val_step14999.json,bonsai_2_n30_s42_default_minfarthestpose_sharedcam_i30_gteval_poseopt_steps15000,0.8961,0.102826,29,1.045893,,,,47.781490325927734,6776,6776,0,/home/ojab2/work/git/vggt/colmap_outputs/bonsai_2_n30_s42_default_minfarthestpose_sharedcam/eval_results.json,bonsai_2_n30_s42_default_minfarthestpose_sharedcam,bonsai_2_n30_s42_default_minfarthestpose_sharedcam_i30_gteval_poseopt_steps15000_val_step14999.json,7287,,,colmap | Pose Opt,30.0
colmap,40,42,,5897,,,,,0,10,minfarthestpose,40,GT Eval,,,,Pose Opt,False,,,,,0.0,,False,1.0,1.0,colmap,counter,,,15000,15000,default,MCMC,,,,,Shared Cam,,,,,,gsplat,,indoor,24.603349685668945,0.22913803160190582,0.8271180987358093,1000000,0.0003482026804704219,0.028198357671499252,,,0.7043019005081109,0.2161311402783447,5897,/home/ojab2/work/git/gsplat/results/colmap_outputs/counter_2_n40_s42_default_minfarthestpose_sharedcam_i40_gteval_poseopt_steps15000/stats/val_step14999.json,/home/ojab2/work/git/gsplat/results/colmap_outputs/counter_2_n40_s42_default_minfarthestpose_sharedcam_i40_gteval_poseopt_steps15000/stats/val_step14999.json,counter_2_n40_s42_default_minfarthestpose_sharedcam_i40_gteval_poseopt_steps15000,0.0233,0.001168,40,1.031823,,,,46.28237509727478,7358,7358,0,/home/ojab2/work/git/vggt/colmap_outputs/counter_2_n40_s42_default_minfarthestpose_sharedcam/eval_results.json,counter_2_n40_s42_default_minfarthestpose_sharedcam,counter_2_n40_s42_default_minfarthestpose_sharedcam_i40_gteval_poseopt_steps15000_val_step14999.json,5897,,,colmap | Pose Opt,40.0
colmap,40,42,,9080,,,,,0,10,minfarthestpose,40,GT Eval,,,,Pose Opt,False,,,,,0.0,,False,1.0,1.0,colmap,kitchen,,,15000,15000,default,MCMC,,,,,Shared Cam,,,,,,gsplat,,indoor,21.183923721313477,0.1707247495651245,0.5152345895767212,1000000,0.0009328668820671737,0.08738908171653748,,,0.4946487619165789,0.29152987520170526,9080,/home/ojab2/work/git/gsplat/results/colmap_outputs/kitchen_2_n40_s42_default_minfarthestpose_sharedcam_i40_gteval_poseopt_steps15000/stats/val_step14999.json,/home/ojab2/work/git/gsplat/results/colmap_outputs/kitchen_2_n40_s42_default_minfarthestpose_sharedcam_i40_gteval_poseopt_steps15000/stats/val_step14999.json,kitchen_2_n40_s42_default_minfarthestpose_sharedcam_i40_gteval_poseopt_steps15000,0.1137,0.004454,40,1.038582,,,,13.838386297225952,8946,8946,0,/home/ojab2/work/git/vggt/colmap_outputs/kitchen_2_n40_s42_default_minfarthestpose_sharedcam/eval_results.json,kitchen_2_n40_s42_default_minfarthestpose_sharedcam,kitchen_2_n40_s42_default_minfarthestpose_sharedcam_i40_gteval_poseopt_steps15000_val_step14999.json,9080,,,colmap | Pose Opt,40.0
colmap,40,42,,15131,,,,,0,10,minfarthestpose,40,GT Eval,,,,Pose Opt,False,,,,,0.0,,False,1.0,1.0,colmap,bonsai,,,15000,15000,default,MCMC,,,,,Shared Cam,,,,,,gsplat,,indoor,22.963560104370117,0.18642163276672363,0.7272484302520752,1000000,0.0525190532207489,0.3527458608150482,,,0.6419002593067112,0.23791065486402185,15131,/home/ojab2/work/git/gsplat/results/colmap_outputs/bonsai_2_n40_s42_default_minfarthestpose_sharedcam_i40_gteval_poseopt_steps15000/stats/val_step14999.json,/home/ojab2/work/git/gsplat/results/colmap_outputs/bonsai_2_n40_s42_default_minfarthestpose_sharedcam_i40_gteval_poseopt_steps15000/stats/val_step14999.json,bonsai_2_n40_s42_default_minfarthestpose_sharedcam_i40_gteval_poseopt_steps15000,0.5092,0.2305,40,1.075613,,,,25.5097496509552,6836,6836,0,/home/ojab2/work/git/vggt/colmap_outputs/bonsai_2_n40_s42_default_minfarthestpose_sharedcam/eval_results.json,bonsai_2_n40_s42_default_minfarthestpose_sharedcam,bonsai_2_n40_s42_default_minfarthestpose_sharedcam_i40_gteval_poseopt_steps15000_val_step14999.json,15131,,,colmap | Pose Opt,40.0
colmap,50,42,,9773,,,,,0,10,minfarthestpose,50,GT Eval,,,,Pose Opt,False,,,,,0.0,,False,1.0,1.0,colmap,counter,,,15000,15000,default,MCMC,,,,,Shared Cam,,,,,,gsplat,,indoor,24.986021041870117,0.20539075136184692,0.830534815788269,1000000,0.00025813060346990824,0.028411859646439552,,,0.7280453022150655,0.20674157211357985,9773,/home/ojab2/work/git/gsplat/results/colmap_outputs/counter_2_n50_s42_default_minfarthestpose_sharedcam_i50_gteval_poseopt_steps15000/stats/val_step14999.json,/home/ojab2/work/git/gsplat/results/colmap_outputs/counter_2_n50_s42_default_minfarthestpose_sharedcam_i50_gteval_poseopt_steps15000/stats/val_step14999.json,counter_2_n50_s42_default_minfarthestpose_sharedcam_i50_gteval_poseopt_steps15000,0.0263,0.001254,50,1.017398,,,,69.99852871894836,7418,7418,0,/home/ojab2/work/git/vggt/colmap_outputs/counter_2_n50_s42_default_minfarthestpose_sharedcam/eval_results.json,counter_2_n50_s42_default_minfarthestpose_sharedcam,counter_2_n50_s42_default_minfarthestpose_sharedcam_i50_gteval_poseopt_steps15000_val_step14999.json,9773,,,colmap | Pose Opt,50.0
colmap,50,42,,15337,,,,,0,10,minfarthestpose,50,GT Eval,,,,Pose Opt,False,,,,,0.0,,False,1.0,1.0,colmap,kitchen,,,15000,15000,default,MCMC,,,,,Shared Cam,,,,,,gsplat,,indoor,21.2763614654541,0.17744511365890503,0.5096001625061035,1000000,0.0009378357790410519,0.08594430983066559,,,0.48891721250485715,0.2950614051250823,15337,/home/ojab2/work/git/gsplat/results/colmap_outputs/kitchen_2_n50_s42_default_minfarthestpose_sharedcam_i50_gteval_poseopt_steps15000/stats/val_step14999.json,/home/ojab2/work/git/gsplat/results/colmap_outputs/kitchen_2_n50_s42_default_minfarthestpose_sharedcam_i50_gteval_poseopt_steps15000/stats/val_step14999.json,kitchen_2_n50_s42_default_minfarthestpose_sharedcam_i50_gteval_poseopt_steps15000,0.0994,0.003876,50,1.032533,,,,21.937641859054565,9432,9432,0,/home/ojab2/work/git/vggt/colmap_outputs/kitchen_2_n50_s42_default_minfarthestpose_sharedcam/eval_results.json,kitchen_2_n50_s42_default_minfarthestpose_sharedcam,kitchen_2_n50_s42_default_minfarthestpose_sharedcam_i50_gteval_poseopt_steps15000_val_step14999.json,15337,,,colmap | Pose Opt,50.0
colmap,50,42,,22515,,,,,0,10,minfarthestpose,50,GT Eval,,,,Pose Opt,False,,,,,0.0,,False,1.0,1.0,colmap,bonsai,,,15000,15000,default,MCMC,,,,,Shared Cam,,,,,,gsplat,,indoor,25.054080963134766,0.16939590871334076,0.7921777963638306,1000000,0.0011787477415055037,0.08484254777431488,,,0.7290937042879237,0.20946475272199377,22515,/home/ojab2/work/git/gsplat/results/colmap_outputs/bonsai_2_n50_s42_default_minfarthestpose_sharedcam_i50_gteval_poseopt_steps15000/stats/val_step14999.json,/home/ojab2/work/git/gsplat/results/colmap_outputs/bonsai_2_n50_s42_default_minfarthestpose_sharedcam_i50_gteval_poseopt_steps15000/stats/val_step14999.json,bonsai_2_n50_s42_default_minfarthestpose_sharedcam_i50_gteval_poseopt_steps15000,0.2183,0.013971,50,1.048775,,,,46.97960114479065,7418,7418,0,/home/ojab2/work/git/vggt/colmap_outputs/bonsai_2_n50_s42_default_minfarthestpose_sharedcam/eval_results.json,bonsai_2_n50_s42_default_minfarthestpose_sharedcam,bonsai_2_n50_s42_default_minfarthestpose_sharedcam_i50_gteval_poseopt_steps15000_val_step14999.json,22515,,,colmap | Pose Opt,50.0
colmap,60,42,,14845,,,,,0,10,minfarthestpose,60,GT Eval,,,,Pose Opt,False,,,,,0.0,,False,1.0,1.0,colmap,counter,,,15000,15000,default,MCMC,,,,,Shared Cam,,,,,,gsplat,,indoor,26.181917190551758,0.18822935223579407,0.863492488861084,1000000,0.0001977609790628776,0.0201762393116951,,,0.7800584764663393,0.18670247433172366,14845,/home/ojab2/work/git/gsplat/results/colmap_outputs/counter_2_n60_s42_default_minfarthestpose_sharedcam_i60_gteval_poseopt_steps15000/stats/val_step14999.json,/home/ojab2/work/git/gsplat/results/colmap_outputs/counter_2_n60_s42_default_minfarthestpose_sharedcam_i60_gteval_poseopt_steps15000/stats/val_step14999.json,counter_2_n60_s42_default_minfarthestpose_sharedcam_i60_gteval_poseopt_steps15000,0.0199,0.000942,60,1.009266,,,,97.29622483253479,7482,7482,0,/home/ojab2/work/git/vggt/colmap_outputs/counter_2_n60_s42_default_minfarthestpose_sharedcam/eval_results.json,counter_2_n60_s42_default_minfarthestpose_sharedcam,counter_2_n60_s42_default_minfarthestpose_sharedcam_i60_gteval_poseopt_steps15000_val_step14999.json,14845,,,colmap | Pose Opt,60.0
colmap,60,42,,21813,,,,,0,10,minfarthestpose,60,GT Eval,,,,Pose Opt,False,,,,,0.0,,False,1.0,1.0,colmap,kitchen,,,15000,15000,default,MCMC,,,,,Shared Cam,,,,,,gsplat,,indoor,21.833385467529297,0.14793804287910461,0.5134088397026062,1000000,0.0009602486388757825,0.08569332957267761,,,0.519674009630787,0.28401841586979276,21813,/home/ojab2/work/git/gsplat/results/colmap_outputs/kitchen_2_n60_s42_default_minfarthestpose_sharedcam_i60_gteval_poseopt_steps15000/stats/val_step14999.json,/home/ojab2/work/git/gsplat/results/colmap_outputs/kitchen_2_n60_s42_default_minfarthestpose_sharedcam_i60_gteval_poseopt_steps15000/stats/val_step14999.json,kitchen_2_n60_s42_default_minfarthestpose_sharedcam_i60_gteval_poseopt_steps15000,0.0963,0.004149,60,0.980005,,,,32.78321099281311,9496,9496,0,/home/ojab2/work/git/vggt/colmap_outputs/kitchen_2_n60_s42_default_minfarthestpose_sharedcam/eval_results.json,kitchen_2_n60_s42_default_minfarthestpose_sharedcam,kitchen_2_n60_s42_default_minfarthestpose_sharedcam_i60_gteval_poseopt_steps15000_val_step14999.json,21813,,,colmap | Pose Opt,60.0
colmap,60,42,,31847,,,,,0,10,minfarthestpose,60,GT Eval,,,,Pose Opt,False,,,,,0.0,,False,1.0,1.0,colmap,bonsai,,,15000,15000,default,MCMC,,,,,Shared Cam,,,,,,gsplat,,indoor,25.263208389282227,0.15800504386425018,0.7983152270317078,1000000,0.001070468220859766,0.0810396820306778,,,0.7435869731982084,0.20335821313160923,31847,/home/ojab2/work/git/gsplat/results/colmap_outputs/bonsai_2_n60_s42_default_minfarthestpose_sharedcam_i60_gteval_poseopt_steps15000/stats/val_step14999.json,/home/ojab2/work/git/gsplat/results/colmap_outputs/bonsai_2_n60_s42_default_minfarthestpose_sharedcam_i60_gteval_poseopt_steps15000/stats/val_step14999.json,bonsai_2_n60_s42_default_minfarthestpose_sharedcam_i60_gteval_poseopt_steps15000,0.2191,0.015311,60,1.047943,,,,65.64310216903687,7482,7482,0,/home/ojab2/work/git/vggt/colmap_outputs/bonsai_2_n60_s42_default_minfarthestpose_sharedcam/eval_results.json,bonsai_2_n60_s42_default_minfarthestpose_sharedcam,bonsai_2_n60_s42_default_minfarthestpose_sharedcam_i60_gteval_poseopt_steps15000_val_step14999.json,31847,,,colmap | Pose Opt,60.0
colmap,70,42,,20431,,,,,0,10,minfarthestpose,70,GT Eval,,,,Pose Opt,False,,,,,0.0,,False,1.0,1.0,colmap,counter,,,15000,15000,default,MCMC,,,,,Shared Cam,,,,,,gsplat,,indoor,26.339242935180664,0.18342407047748566,0.865631103515625,1000000,0.00022970866120886058,0.02303597331047058,,,0.7871887913340481,0.18410361481822504,20431,/home/ojab2/work/git/gsplat/results/colmap_outputs/counter_2_n70_s42_default_minfarthestpose_sharedcam_i70_gteval_poseopt_steps15000/stats/val_step14999.json,/home/ojab2/work/git/gsplat/results/colmap_outputs/counter_2_n70_s42_default_minfarthestpose_sharedcam_i70_gteval_poseopt_steps15000/stats/val_step14999.json,counter_2_n70_s42_default_minfarthestpose_sharedcam_i70_gteval_poseopt_steps15000,0.0189,0.000872,70,0.987931,,,,136.9727382659912,7542,7542,0,/home/ojab2/work/git/vggt/colmap_outputs/counter_2_n70_s42_default_minfarthestpose_sharedcam/eval_results.json,counter_2_n70_s42_default_minfarthestpose_sharedcam,counter_2_n70_s42_default_minfarthestpose_sharedcam_i70_gteval_poseopt_steps15000_val_step14999.json,20431,,,colmap | Pose Opt,70.0
colmap,70,42,,35747,,,,,0,10,minfarthestpose,70,GT Eval,,,,Pose Opt,False,,,,,0.0,,False,1.0,1.0,colmap,kitchen,,,15000,15000,default,MCMC,,,,,Shared Cam,,,,,,gsplat,,indoor,21.79115104675293,0.1432647705078125,0.5312835574150085,1000000,0.000908937188796699,0.08552314341068268,,,0.5322296780529853,0.2781712900739703,35747,/home/ojab2/work/git/gsplat/results/colmap_outputs/kitchen_2_n70_s42_default_minfarthestpose_sharedcam_i70_gteval_poseopt_steps15000/stats/val_step14999.json,/home/ojab2/work/git/gsplat/results/colmap_outputs/kitchen_2_n70_s42_default_minfarthestpose_sharedcam_i70_gteval_poseopt_steps15000/stats/val_step14999.json,kitchen_2_n70_s42_default_minfarthestpose_sharedcam_i70_gteval_poseopt_steps15000,0.0981,0.003943,70,1.002625,,,,53.182297468185425,9946,9946,0,/home/ojab2/work/git/vggt/colmap_outputs/kitchen_2_n70_s42_default_minfarthestpose_sharedcam/eval_results.json,kitchen_2_n70_s42_default_minfarthestpose_sharedcam,kitchen_2_n70_s42_default_minfarthestpose_sharedcam_i70_gteval_poseopt_steps15000_val_step14999.json,35747,,,colmap | Pose Opt,70.0
colmap,70,42,,42091,,,,,0,10,minfarthestpose,70,GT Eval,,,,Pose Opt,False,,,,,0.0,,False,1.0,1.0,colmap,bonsai,,,15000,15000,default,MCMC,,,,,Shared Cam,,,,,,gsplat,,indoor,24.857736587524414,0.15558941662311554,0.7779476642608643,1000000,0.0010858532041311264,0.08829107135534286,,,0.7256585086336997,0.21002709732635086,42091,/home/ojab2/work/git/gsplat/results/colmap_outputs/bonsai_2_n70_s42_default_minfarthestpose_sharedcam_i70_gteval_poseopt_steps15000/stats/val_step14999.json,/home/ojab2/work/git/gsplat/results/colmap_outputs/bonsai_2_n70_s42_default_minfarthestpose_sharedcam_i70_gteval_poseopt_steps15000/stats/val_step14999.json,bonsai_2_n70_s42_default_minfarthestpose_sharedcam_i70_gteval_poseopt_steps15000,0.0529,0.005207,70,1.026511,,,,75.30614638328552,7542,7542,0,/home/ojab2/work/git/vggt/colmap_outputs/bonsai_2_n70_s42_default_minfarthestpose_sharedcam/eval_results.json,bonsai_2_n70_s42_default_minfarthestpose_sharedcam,bonsai_2_n70_s42_default_minfarthestpose_sharedcam_i70_gteval_poseopt_steps15000_val_step14999.json,42091,,,colmap | Pose Opt,70.0
colmap,80,42,,28563,,,,,0,10,minfarthestpose,80,GT Eval,,,,Pose Opt,False,,,,,0.0,,False,1.0,1.0,colmap,counter,,,15000,15000,default,MCMC,,,,,Shared Cam,,,,,,gsplat,,indoor,27.183610916137695,0.1713743507862091,0.8791419267654419,1000000,0.0002596257836557925,0.022676028311252594,,,0.8181644002286702,0.17364449771851623,28563,/home/ojab2/work/git/gsplat/results/colmap_outputs/counter_2_n80_s42_default_minfarthestpose_sharedcam_i80_gteval_poseopt_steps15000/stats/val_step14999.json,/home/ojab2/work/git/gsplat/results/colmap_outputs/counter_2_n80_s42_default_minfarthestpose_sharedcam_i80_gteval_poseopt_steps15000/stats/val_step14999.json,counter_2_n80_s42_default_minfarthestpose_sharedcam_i80_gteval_poseopt_steps15000,0.0163,0.000772,80,0.978881,,,,183.8114914894104,7602,7602,0,/home/ojab2/work/git/vggt/colmap_outputs/counter_2_n80_s42_default_minfarthestpose_sharedcam/eval_results.json,counter_2_n80_s42_default_minfarthestpose_sharedcam,counter_2_n80_s42_default_minfarthestpose_sharedcam_i80_gteval_poseopt_steps15000_val_step14999.json,28563,,,colmap | Pose Opt,80.0
colmap,80,42,,49366,,,,,0,10,minfarthestpose,80,GT Eval,,,,Pose Opt,False,,,,,0.0,,False,1.0,1.0,colmap,kitchen,,,15000,15000,default,MCMC,,,,,Shared Cam,,,,,,gsplat,,indoor,22.103078842163086,0.1352481245994568,0.5338106751441956,1000000,0.000934918294660747,0.08929087966680527,,,0.5444325121909941,0.2747300960624017,49366,/home/ojab2/work/git/gsplat/results/colmap_outputs/kitchen_2_n80_s42_default_minfarthestpose_sharedcam_i80_gteval_poseopt_steps15000/stats/val_step14999.json,/home/ojab2/work/git/gsplat/results/colmap_outputs/kitchen_2_n80_s42_default_minfarthestpose_sharedcam_i80_gteval_poseopt_steps15000/stats/val_step14999.json,kitchen_2_n80_s42_default_minfarthestpose_sharedcam_i80_gteval_poseopt_steps15000,0.0992,0.003674,80,0.986183,,,,73.82726502418518,10006,10006,0,/home/ojab2/work/git/vggt/colmap_outputs/kitchen_2_n80_s42_default_minfarthestpose_sharedcam/eval_results.json,kitchen_2_n80_s42_default_minfarthestpose_sharedcam,kitchen_2_n80_s42_default_minfarthestpose_sharedcam_i80_gteval_poseopt_steps15000_val_step14999.json,49366,,,colmap | Pose Opt,80.0
colmap,80,42,,50939,,,,,0,10,minfarthestpose,80,GT Eval,,,,Pose Opt,False,,,,,0.0,,False,1.0,1.0,colmap,bonsai,,,15000,15000,default,MCMC,,,,,Shared Cam,,,,,,gsplat,,indoor,25.03437614440918,0.15303601324558258,0.7845370769500732,1000000,0.0010854642605409026,0.08643368631601334,,,0.7343592441763638,0.20678439938060114,50939,/home/ojab2/work/git/gsplat/results/colmap_outputs/bonsai_2_n80_s42_default_minfarthestpose_sharedcam_i80_gteval_poseopt_steps15000/stats/val_step14999.json,/home/ojab2/work/git/gsplat/results/colmap_outputs/bonsai_2_n80_s42_default_minfarthestpose_sharedcam_i80_gteval_poseopt_steps15000/stats/val_step14999.json,bonsai_2_n80_s42_default_minfarthestpose_sharedcam_i80_gteval_poseopt_steps15000,0.0516,0.004219,80,1.020898,,,,97.05003786087036,7602,7602,0,/home/ojab2/work/git/vggt/colmap_outputs/bonsai_2_n80_s42_default_minfarthestpose_sharedcam/eval_results.json,bonsai_2_n80_s42_default_minfarthestpose_sharedcam,bonsai_2_n80_s42_default_minfarthestpose_sharedcam_i80_gteval_poseopt_steps15000_val_step14999.json,50939,,,colmap | Pose Opt,80.0
colmap,90,42,,35747,,,,,0,10,minfarthestpose,90,GT Eval,,,,Pose Opt,False,,,,,0.0,,False,1.0,1.0,colmap,counter,,,15000,15000,default,MCMC,,,,,Shared Cam,,,,,,gsplat,,indoor,27.337886810302734,0.1655639111995697,0.8813161849975586,1000000,0.0002114875242114067,0.022765260189771652,,,0.8258795483767638,0.17063833290492605,35747,/home/ojab2/work/git/gsplat/results/colmap_outputs/counter_2_n90_s42_default_minfarthestpose_sharedcam_i90_gteval_poseopt_steps15000/stats/val_step14999.json,/home/ojab2/work/git/gsplat/results/colmap_outputs/counter_2_n90_s42_default_minfarthestpose_sharedcam_i90_gteval_poseopt_steps15000/stats/val_step14999.json,counter_2_n90_s42_default_minfarthestpose_sharedcam_i90_gteval_poseopt_steps15000,0.0186,0.00076,90,0.994265,,,,231.36329460144043,7666,7666,0,/home/ojab2/work/git/vggt/colmap_outputs/counter_2_n90_s42_default_minfarthestpose_sharedcam/eval_results.json,counter_2_n90_s42_default_minfarthestpose_sharedcam,counter_2_n90_s42_default_minfarthestpose_sharedcam_i90_gteval_poseopt_steps15000_val_step14999.json,35747,,,colmap | Pose Opt,90.0
colmap,90,42,,58303,,,,,0,10,minfarthestpose,90,GT Eval,,,,Pose Opt,False,,,,,0.0,,False,1.0,1.0,colmap,bonsai,,,15000,15000,default,MCMC,,,,,Shared Cam,,,,,,gsplat,,indoor,25.546056747436523,0.14606308937072754,0.7985576391220093,1000000,0.0010332274250686169,0.07928255200386047,,,0.7563382440607913,0.1992250161212789,58303,/home/ojab2/work/git/gsplat/results/colmap_outputs/bonsai_2_n90_s42_default_minfarthestpose_sharedcam_i90_gteval_poseopt_steps15000/stats/val_step14999.json,/home/ojab2/work/git/gsplat/results/colmap_outputs/bonsai_2_n90_s42_default_minfarthestpose_sharedcam_i90_gteval_poseopt_steps15000/stats/val_step14999.json,bonsai_2_n90_s42_default_minfarthestpose_sharedcam_i90_gteval_poseopt_steps15000,0.0692,0.003892,90,0.998126,,,,137.66103339195251,7666,7666,0,/home/ojab2/work/git/vggt/colmap_outputs/bonsai_2_n90_s42_default_minfarthestpose_sharedcam/eval_results.json,bonsai_2_n90_s42_default_minfarthestpose_sharedcam,bonsai_2_n90_s42_default_minfarthestpose_sharedcam_i90_gteval_poseopt_steps15000_val_step14999.json,58303,,,colmap | Pose Opt,90.0
colmap,90,42,,58611,,,,,0,10,minfarthestpose,90,GT Eval,,,,Pose Opt,False,,,,,0.0,,False,1.0,1.0,colmap,kitchen,,,15000,15000,default,MCMC,,,,,Shared Cam,,,,,,gsplat,,indoor,21.8272705078125,0.1358359158039093,0.5177202820777893,1000000,0.0008741308702155948,0.0888378843665123,,,0.5295525297783968,0.2789550374747053,58611,/home/ojab2/work/git/gsplat/results/colmap_outputs/kitchen_2_n90_s42_default_minfarthestpose_sharedcam_i90_gteval_poseopt_steps15000/stats/val_step14999.json,/home/ojab2/work/git/gsplat/results/colmap_outputs/kitchen_2_n90_s42_default_minfarthestpose_sharedcam_i90_gteval_poseopt_steps15000/stats/val_step14999.json,kitchen_2_n90_s42_default_minfarthestpose_sharedcam_i90_gteval_poseopt_steps15000,0.1013,0.003631,90,1.014718,,,,93.5088107585907,10070,10070,0,/home/ojab2/work/git/vggt/colmap_outputs/kitchen_2_n90_s42_default_minfarthestpose_sharedcam/eval_results.json,kitchen_2_n90_s42_default_minfarthestpose_sharedcam,kitchen_2_n90_s42_default_minfarthestpose_sharedcam_i90_gteval_poseopt_steps15000_val_step14999.json,58611,,,colmap | Pose Opt,90.0
colmap,100,42,,41914,,,,,0,10,minfarthestpose,100,GT Eval,,,,Pose Opt,False,,,,,0.0,,False,1.0,1.0,colmap,counter,,,15000,15000,default,MCMC,,,,,Shared Cam,,,,,,gsplat,,indoor,27.591217041015625,0.1640363335609436,0.8841723799705505,1000000,0.00022327476472128183,0.020605646073818207,,,0.8331840875630566,0.16870407437082702,41914,/home/ojab2/work/git/gsplat/results/colmap_outputs/counter_2_n100_s42_default_minfarthestpose_sharedcam_i100_gteval_poseopt_steps15000/stats/val_step14999.json,/home/ojab2/work/git/gsplat/results/colmap_outputs/counter_2_n100_s42_default_minfarthestpose_sharedcam_i100_gteval_poseopt_steps15000/stats/val_step14999.json,counter_2_n100_s42_default_minfarthestpose_sharedcam_i100_gteval_poseopt_steps15000,0.0156,0.000691,100,0.993642,,,,292.9965500831604,7726,7726,0,/home/ojab2/work/git/vggt/colmap_outputs/counter_2_n100_s42_default_minfarthestpose_sharedcam/eval_results.json,counter_2_n100_s42_default_minfarthestpose_sharedcam,counter_2_n100_s42_default_minfarthestpose_sharedcam_i100_gteval_poseopt_steps15000_val_step14999.json,41914,,,colmap | Pose Opt,100.0
colmap,100,42,,66763,,,,,0,10,minfarthestpose,100,GT Eval,,,,Pose Opt,False,,,,,0.0,,False,1.0,1.0,colmap,bonsai,,,15000,15000,default,MCMC,,,,,Shared Cam,,,,,,gsplat,,indoor,25.54378890991211,0.14396746456623077,0.7954827547073364,1000000,0.001035260153003037,0.0776166319847107,,,0.7557916646076535,0.1996644674877759,66763,/home/ojab2/work/git/gsplat/results/colmap_outputs/bonsai_2_n100_s42_default_minfarthestpose_sharedcam_i100_gteval_poseopt_steps15000/stats/val_step14999.json,/home/ojab2/work/git/gsplat/results/colmap_outputs/bonsai_2_n100_s42_default_minfarthestpose_sharedcam_i100_gteval_poseopt_steps15000/stats/val_step14999.json,bonsai_2_n100_s42_default_minfarthestpose_sharedcam_i100_gteval_poseopt_steps15000,0.0595,0.002889,100,1.016141,,,,187.39341807365417,7726,7726,0,/home/ojab2/work/git/vggt/colmap_outputs/bonsai_2_n100_s42_default_minfarthestpose_sharedcam/eval_results.json,bonsai_2_n100_s42_default_minfarthestpose_sharedcam,bonsai_2_n100_s42_default_minfarthestpose_sharedcam_i100_gteval_poseopt_steps15000_val_step14999.json,66763,,,colmap | Pose Opt,100.0
colmap,100,42,,70681,,,,,0,10,minfarthestpose,100,GT Eval,,,,Pose Opt,False,,,,,0.0,,False,1.0,1.0,colmap,kitchen,,,15000,15000,default,MCMC,,,,,Shared Cam,,,,,,gsplat,,indoor,22.442726135253906,0.12718938291072845,0.5514160990715027,1000000,0.0008918195962905884,0.08556358516216278,,,0.5659923783326164,0.2675505037913011,70681,/home/ojab2/work/git/gsplat/results/colmap_outputs/kitchen_2_n100_s42_default_minfarthestpose_sharedcam_i100_gteval_poseopt_steps15000/stats/val_step14999.json,/home/ojab2/work/git/gsplat/results/colmap_outputs/kitchen_2_n100_s42_default_minfarthestpose_sharedcam_i100_gteval_poseopt_steps15000/stats/val_step14999.json,kitchen_2_n100_s42_default_minfarthestpose_sharedcam_i100_gteval_poseopt_steps15000,0.1013,0.003655,100,1.017479,,,,127.14479780197144,10130,10130,0,/home/ojab2/work/git/vggt/colmap_outputs/kitchen_2_n100_s42_default_minfarthestpose_sharedcam/eval_results.json,kitchen_2_n100_s42_default_minfarthestpose_sharedcam,kitchen_2_n100_s42_default_minfarthestpose_sharedcam_i100_gteval_poseopt_steps15000_val_step14999.json,70681,,,colmap | Pose Opt,100.0
vggt,10,42,0.0,100000,random,,,,0,10,minfarthestpose,10,GT Eval,,,,Pose Opt,False,,,,,0.0,,False,1.0,1.0,vggt,bonsai,,,15000,15000,,MCMC,,,,,,,,,,,gsplat,,indoor,14.943346977233887,0.5212942957878113,0.47402599453926086,1000000,0.025963762775063515,1.2541848421096802,,,0.1385829778674983,0.426190980758987,100000,/home/ojab2/work/git/gsplat/results/vggt_outputs/bonsai_2_n10_s42_c0.0_p100000_random_minfarthestpose_i10_gteval_poseopt_steps15000/stats/val_step14999.json,/home/ojab2/work/git/gsplat/results/vggt_outputs/bonsai_2_n10_s42_c0.0_p100000_random_minfarthestpose_i10_gteval_poseopt_steps15000/stats/val_step14999.json,bonsai_2_n10_s42_c0.0_p100000_random_minfarthestpose_i10_gteval_poseopt_steps15000,1.2921,0.111946,10,8.425772,,,,,,,,/home/ojab2/work/git/vggt/vggt_outputs/bonsai_2_n10_s42_c0.0_p100000_random_minfarthestpose/eval_results.json,bonsai_2_n10_s42_c0.0_p100000_random_minfarthestpose,bonsai_2_n10_s42_c0.0_p100000_random_minfarthestpose_i10_gteval_poseopt_steps15000_val_step14999.json,100000,,,vggt | Pose Opt,10.0
vggt,10,42,0.0,100000,random,,,,0,10,minfarthestpose,10,GT Eval,,,,Pose Opt,False,,,,,0.0,,False,1.0,1.0,vggt,kitchen,,,15000,15000,,MCMC,,,,,,,,,,,gsplat,,indoor,16.237701416015625,0.3734455406665802,0.37400949001312256,1000000,0.0062136417254805565,0.25211888551712036,,,0.19532798423327127,0.3961407157619519,100000,/home/ojab2/work/git/gsplat/results/vggt_outputs/kitchen_2_n10_s42_c0.0_p100000_random_minfarthestpose_i10_gteval_poseopt_steps15000/stats/val_step14999.json,/home/ojab2/work/git/gsplat/results/vggt_outputs/kitchen_2_n10_s42_c0.0_p100000_random_minfarthestpose_i10_gteval_poseopt_steps15000/stats/val_step14999.json,kitchen_2_n10_s42_c0.0_p100000_random_minfarthestpose_i10_gteval_poseopt_steps15000,0.2957,0.028769,10,4.164083,,,,,,,,/home/ojab2/work/git/vggt/vggt_outputs/kitchen_2_n10_s42_c0.0_p100000_random_minfarthestpose/eval_results.json,kitchen_2_n10_s42_c0.0_p100000_random_minfarthestpose,kitchen_2_n10_s42_c0.0_p100000_random_minfarthestpose_i10_gteval_poseopt_steps15000_val_step14999.json,100000,,,vggt | Pose Opt,10.0
vggt,10,42,0.0,100000,random,,,,0,10,minfarthestpose,10,GT Eval,,,,Pose Opt,False,,,,,0.0,,False,1.0,1.0,vggt,counter,,,15000,15000,,MCMC,,,,,,,,,,,gsplat,,indoor,15.312705993652344,0.46570608019828796,0.4637790620326996,1000000,0.007702796719968319,0.6196081638336182,,,0.17374431478891997,0.40913434616716843,100000,/home/ojab2/work/git/gsplat/results/vggt_outputs/counter_2_n10_s42_c0.0_p100000_random_minfarthestpose_i10_gteval_poseopt_steps15000/stats/val_step14999.json,/home/ojab2/work/git/gsplat/results/vggt_outputs/counter_2_n10_s42_c0.0_p100000_random_minfarthestpose_i10_gteval_poseopt_steps15000/stats/val_step14999.json,counter_2_n10_s42_c0.0_p100000_random_minfarthestpose_i10_gteval_poseopt_steps15000,0.6747,0.046283,10,4.883596,,,,,,,,/home/ojab2/work/git/vggt/vggt_outputs/counter_2_n10_s42_c0.0_p100000_random_minfarthestpose/eval_results.json,counter_2_n10_s42_c0.0_p100000_random_minfarthestpose,counter_2_n10_s42_c0.0_p100000_random_minfarthestpose_i10_gteval_poseopt_steps15000_val_step14999.json,100000,,,vggt | Pose Opt,10.0
vggt,20,42,0.0,100000,random,,,,0,10,minfarthestpose,20,GT Eval,,,,Pose Opt,False,,,,,0.0,,False,1.0,1.0,vggt,bonsai,,,15000,15000,,MCMC,,,,,,,,,,,gsplat,,indoor,16.85610580444336,0.4270300567150116,0.5248683094978333,1000000,0.02144836261868477,0.8859865069389343,,,0.2619245874564163,0.37898427017797787,100000,/home/ojab2/work/git/gsplat/results/vggt_outputs/bonsai_2_n20_s42_c0.0_p100000_random_minfarthestpose_i20_gteval_poseopt_steps15000/stats/val_step14999.json,/home/ojab2/work/git/gsplat/results/vggt_outputs/bonsai_2_n20_s42_c0.0_p100000_random_minfarthestpose_i20_gteval_poseopt_steps15000/stats/val_step14999.json,bonsai_2_n20_s42_c0.0_p100000_random_minfarthestpose_i20_gteval_poseopt_steps15000,0.9837,0.09479,20,7.611343,,,,,,,,/home/ojab2/work/git/vggt/vggt_outputs/bonsai_2_n20_s42_c0.0_p100000_random_minfarthestpose/eval_results.json,bonsai_2_n20_s42_c0.0_p100000_random_minfarthestpose,bonsai_2_n20_s42_c0.0_p100000_random_minfarthestpose_i20_gteval_poseopt_steps15000_val_step14999.json,100000,,,vggt | Pose Opt,20.0
vggt,20,42,0.0,100000,random,,,,0,10,minfarthestpose,20,GT Eval,,,,Pose Opt,False,,,,,0.0,,False,1.0,1.0,vggt,kitchen,,,15000,15000,,MCMC,,,,,,,,,,,gsplat,,indoor,18.296302795410156,0.25242260098457336,0.4350537061691284,1000000,0.005649331957101822,0.20989832282066345,,,0.3438541223431191,0.3396184584414065,100000,/home/ojab2/work/git/gsplat/results/vggt_outputs/kitchen_2_n20_s42_c0.0_p100000_random_minfarthestpose_i20_gteval_poseopt_steps15000/stats/val_step14999.json,/home/ojab2/work/git/gsplat/results/vggt_outputs/kitchen_2_n20_s42_c0.0_p100000_random_minfarthestpose_i20_gteval_poseopt_steps15000/stats/val_step14999.json,kitchen_2_n20_s42_c0.0_p100000_random_minfarthestpose_i20_gteval_poseopt_steps15000,0.2698,0.028021,20,4.159172,,,,,,,,/home/ojab2/work/git/vggt/vggt_outputs/kitchen_2_n20_s42_c0.0_p100000_random_minfarthestpose/eval_results.json,kitchen_2_n20_s42_c0.0_p100000_random_minfarthestpose,kitchen_2_n20_s42_c0.0_p100000_random_minfarthestpose_i20_gteval_poseopt_steps15000_val_step14999.json,100000,,,vggt | Pose Opt,20.0
vggt,20,42,0.0,100000,random,,,,0,10,minfarthestpose,20,GT Eval,,,,Pose Opt,False,,,,,0.0,,False,1.0,1.0,vggt,counter,,,15000,15000,,MCMC,,,,,,,,,,,gsplat,,indoor,18.486108779907227,0.32745662331581116,0.5552088618278503,1000000,0.008387953974306583,0.32010748982429504,,,0.3713179231464592,0.33618462946532973,100000,/home/ojab2/work/git/gsplat/results/vggt_outputs/counter_2_n20_s42_c0.0_p100000_random_minfarthestpose_i20_gteval_poseopt_steps15000/stats/val_step14999.json,/home/ojab2/work/git/gsplat/results/vggt_outputs/counter_2_n20_s42_c0.0_p100000_random_minfarthestpose_i20_gteval_poseopt_steps15000/stats/val_step14999.json,counter_2_n20_s42_c0.0_p100000_random_minfarthestpose_i20_gteval_poseopt_steps15000,0.3814,0.043451,20,4.908029,,,,,,,,/home/ojab2/work/git/vggt/vggt_outputs/counter_2_n20_s42_c0.0_p100000_random_minfarthestpose/eval_results.json,counter_2_n20_s42_c0.0_p100000_random_minfarthestpose,counter_2_n20_s42_c0.0_p100000_random_minfarthestpose_i20_gteval_poseopt_steps15000_val_step14999.json,100000,,,vggt | Pose Opt,20.0
vggt,30,42,0.0,100000,random,,,,0,10,minfarthestpose,30,GT Eval,,,,Pose Opt,False,,,,,0.0,,False,1.0,1.0,vggt,bonsai,,,15000,15000,,MCMC,,,,,,,,,,,gsplat,,indoor,17.6591739654541,0.39163291454315186,0.5500227808952332,1000000,0.019098855555057526,0.7109689116477966,,,0.31335652501959554,0.35985972035291935,100000,/home/ojab2/work/git/gsplat/results/vggt_outputs/bonsai_2_n30_s42_c0.0_p100000_random_minfarthestpose_i30_gteval_poseopt_steps15000/stats/val_step14999.json,/home/ojab2/work/git/gsplat/results/vggt_outputs/bonsai_2_n30_s42_c0.0_p100000_random_minfarthestpose_i30_gteval_poseopt_steps15000/stats/val_step14999.json,bonsai_2_n30_s42_c0.0_p100000_random_minfarthestpose_i30_gteval_poseopt_steps15000,0.8884,0.089827,30,7.587343,,,,,,,,/home/ojab2/work/git/vggt/vggt_outputs/bonsai_2_n30_s42_c0.0_p100000_random_minfarthestpose/eval_results.json,bonsai_2_n30_s42_c0.0_p100000_random_minfarthestpose,bonsai_2_n30_s42_c0.0_p100000_random_minfarthestpose_i30_gteval_poseopt_steps15000_val_step14999.json,100000,,,vggt | Pose Opt,30.0
vggt,30,42,0.0,100000,random,,,,0,10,minfarthestpose,30,GT Eval,,,,Pose Opt,False,,,,,0.0,,False,1.0,1.0,vggt,kitchen,,,15000,15000,,MCMC,,,,,,,,,,,gsplat,,indoor,19.222871780395508,0.21839593350887299,0.483711838722229,1000000,0.00474573764950037,0.12599097192287445,,,0.41047197125266327,0.3162957922170996,100000,/home/ojab2/work/git/gsplat/results/vggt_outputs/kitchen_2_n30_s42_c0.0_p100000_random_minfarthestpose_i30_gteval_poseopt_steps15000/stats/val_step14999.json,/home/ojab2/work/git/gsplat/results/vggt_outputs/kitchen_2_n30_s42_c0.0_p100000_random_minfarthestpose_i30_gteval_poseopt_steps15000/stats/val_step14999.json,kitchen_2_n30_s42_c0.0_p100000_random_minfarthestpose_i30_gteval_poseopt_steps15000,0.2781,0.026317,30,4.148829,,,,,,,,/home/ojab2/work/git/vggt/vggt_outputs/kitchen_2_n30_s42_c0.0_p100000_random_minfarthestpose/eval_results.json,kitchen_2_n30_s42_c0.0_p100000_random_minfarthestpose,kitchen_2_n30_s42_c0.0_p100000_random_minfarthestpose_i30_gteval_poseopt_steps15000_val_step14999.json,100000,,,vggt | Pose Opt,30.0
vggt,30,42,0.0,100000,random,,,,0,10,minfarthestpose,30,GT Eval,,,,Pose Opt,False,,,,,0.0,,False,1.0,1.0,vggt,counter,,,15000,15000,,MCMC,,,,,,,,,,,gsplat,,indoor,19.33246421813965,0.26895180344581604,0.5794456005096436,1000000,0.0074224816635251045,0.29721325635910034,,,0.4372787897349798,0.3097049794030384,100000,/home/ojab2/work/git/gsplat/results/vggt_outputs/counter_2_n30_s42_c0.0_p100000_random_minfarthestpose_i30_gteval_poseopt_steps15000/stats/val_step14999.json,/home/ojab2/work/git/gsplat/results/vggt_outputs/counter_2_n30_s42_c0.0_p100000_random_minfarthestpose_i30_gteval_poseopt_steps15000/stats/val_step14999.json,counter_2_n30_s42_c0.0_p100000_random_minfarthestpose_i30_gteval_poseopt_steps15000,0.3487,0.036323,30,4.836201,,,,,,,,/home/ojab2/work/git/vggt/vggt_outputs/counter_2_n30_s42_c0.0_p100000_random_minfarthestpose/eval_results.json,counter_2_n30_s42_c0.0_p100000_random_minfarthestpose,counter_2_n30_s42_c0.0_p100000_random_minfarthestpose_i30_gteval_poseopt_steps15000_val_step14999.json,100000,,,vggt | Pose Opt,30.0
vggt,40,42,0.0,100000,random,,,,0,10,minfarthestpose,40,GT Eval,,,,Pose Opt,False,,,,,0.0,,False,1.0,1.0,vggt,bonsai,,,15000,15000,,MCMC,,,,,,,,,,,gsplat,,indoor,17.825443267822266,0.36738693714141846,0.558966875076294,1000000,0.020337490364909172,0.6631569862365723,,,0.3366327033250497,0.3493297039261772,100000,/home/ojab2/work/git/gsplat/results/vggt_outputs/bonsai_2_n40_s42_c0.0_p100000_random_minfarthestpose_i40_gteval_poseopt_steps15000/stats/val_step14999.json,/home/ojab2/work/git/gsplat/results/vggt_outputs/bonsai_2_n40_s42_c0.0_p100000_random_minfarthestpose_i40_gteval_poseopt_steps15000/stats/val_step14999.json,bonsai_2_n40_s42_c0.0_p100000_random_minfarthestpose_i40_gteval_poseopt_steps15000,0.7294,0.097202,40,7.731085,,,,,,,,/home/ojab2/work/git/vggt/vggt_outputs/bonsai_2_n40_s42_c0.0_p100000_random_minfarthestpose/eval_results.json,bonsai_2_n40_s42_c0.0_p100000_random_minfarthestpose,bonsai_2_n40_s42_c0.0_p100000_random_minfarthestpose_i40_gteval_poseopt_steps15000_val_step14999.json,100000,,,vggt | Pose Opt,40.0
vggt,40,42,0.0,100000,random,,,,0,10,minfarthestpose,40,GT Eval,,,,Pose Opt,False,,,,,0.0,,False,1.0,1.0,vggt,kitchen,,,15000,15000,,MCMC,,,,,,,,,,,gsplat,,indoor,19.421314239501953,0.2040211260318756,0.4808780252933502,1000000,0.004561583511531353,0.13506487011909485,,,0.4213629687196485,0.3119825494214985,100000,/home/ojab2/work/git/gsplat/results/vggt_outputs/kitchen_2_n40_s42_c0.0_p100000_random_minfarthestpose_i40_gteval_poseopt_steps15000/stats/val_step14999.json,/home/ojab2/work/git/gsplat/results/vggt_outputs/kitchen_2_n40_s42_c0.0_p100000_random_minfarthestpose_i40_gteval_poseopt_steps15000/stats/val_step14999.json,kitchen_2_n40_s42_c0.0_p100000_random_minfarthestpose_i40_gteval_poseopt_steps15000,0.2611,0.026452,40,4.152193,,,,,,,,/home/ojab2/work/git/vggt/vggt_outputs/kitchen_2_n40_s42_c0.0_p100000_random_minfarthestpose/eval_results.json,kitchen_2_n40_s42_c0.0_p100000_random_minfarthestpose,kitchen_2_n40_s42_c0.0_p100000_random_minfarthestpose_i40_gteval_poseopt_steps15000_val_step14999.json,100000,,,vggt | Pose Opt,40.0
vggt,40,42,0.0,100000,random,,,,0,10,minfarthestpose,40,GT Eval,,,,Pose Opt,False,,,,,0.0,,False,1.0,1.0,vggt,counter,,,15000,15000,,MCMC,,,,,,,,,,,gsplat,,indoor,21.021846771240234,0.2146087884902954,0.6408676505088806,1000000,0.006366201676428318,0.22745473682880402,,,0.538028050274567,0.2739295783232307,100000,/home/ojab2/work/git/gsplat/results/vggt_outputs/counter_2_n40_s42_c0.0_p100000_random_minfarthestpose_i40_gteval_poseopt_steps15000/stats/val_step14999.json,/home/ojab2/work/git/gsplat/results/vggt_outputs/counter_2_n40_s42_c0.0_p100000_random_minfarthestpose_i40_gteval_poseopt_steps15000/stats/val_step14999.json,counter_2_n40_s42_c0.0_p100000_random_minfarthestpose_i40_gteval_poseopt_steps15000,0.3803,0.032005,40,4.483415,,,,,,,,/home/ojab2/work/git/vggt/vggt_outputs/counter_2_n40_s42_c0.0_p100000_random_minfarthestpose/eval_results.json,counter_2_n40_s42_c0.0_p100000_random_minfarthestpose,counter_2_n40_s42_c0.0_p100000_random_minfarthestpose_i40_gteval_poseopt_steps15000_val_step14999.json,100000,,,vggt | Pose Opt,40.0
vggt,50,42,0.0,100000,random,,,,0,10,minfarthestpose,50,GT Eval,,,,Pose Opt,False,,,,,0.0,,False,1.0,1.0,vggt,bonsai,,,15000,15000,,MCMC,,,,,,,,,,,gsplat,,indoor,17.599048614501953,0.37706097960472107,0.5559487342834473,1000000,0.01877840794622898,0.8281614780426025,,,0.3247035839791574,0.35360483753006894,100000,/home/ojab2/work/git/gsplat/results/vggt_outputs/bonsai_2_n50_s42_c0.0_p100000_random_minfarthestpose_i50_gteval_poseopt_steps15000/stats/val_step14999.json,/home/ojab2/work/git/gsplat/results/vggt_outputs/bonsai_2_n50_s42_c0.0_p100000_random_minfarthestpose_i50_gteval_poseopt_steps15000/stats/val_step14999.json,bonsai_2_n50_s42_c0.0_p100000_random_minfarthestpose_i50_gteval_poseopt_steps15000,0.8014,0.095395,50,7.828728,,,,,,,,/home/ojab2/work/git/vggt/vggt_outputs/bonsai_2_n50_s42_c0.0_p100000_random_minfarthestpose/eval_results.json,bonsai_2_n50_s42_c0.0_p100000_random_minfarthestpose,bonsai_2_n50_s42_c0.0_p100000_random_minfarthestpose_i50_gteval_poseopt_steps15000_val_step14999.json,100000,,,vggt | Pose Opt,50.0
vggt,50,42,0.0,100000,random,,,,0,10,minfarthestpose,50,GT Eval,,,,Pose Opt,False,,,,,0.0,,False,1.0,1.0,vggt,kitchen,,,15000,15000,,MCMC,,,,,,,,,,,gsplat,,indoor,20.238811492919922,0.17805272340774536,0.5169618725776672,1000000,0.004927725996822119,0.1696181297302246,,,0.4736333499874985,0.2941757096698489,100000,/home/ojab2/work/git/gsplat/results/vggt_outputs/kitchen_2_n50_s42_c0.0_p100000_random_minfarthestpose_i50_gteval_poseopt_steps15000/stats/val_step14999.json,/home/ojab2/work/git/gsplat/results/vggt_outputs/kitchen_2_n50_s42_c0.0_p100000_random_minfarthestpose_i50_gteval_poseopt_steps15000/stats/val_step14999.json,kitchen_2_n50_s42_c0.0_p100000_random_minfarthestpose_i50_gteval_poseopt_steps15000,0.296,0.027378,50,4.142264,,,,,,,,/home/ojab2/work/git/vggt/vggt_outputs/kitchen_2_n50_s42_c0.0_p100000_random_minfarthestpose/eval_results.json,kitchen_2_n50_s42_c0.0_p100000_random_minfarthestpose,kitchen_2_n50_s42_c0.0_p100000_random_minfarthestpose_i50_gteval_poseopt_steps15000_val_step14999.json,100000,,,vggt | Pose Opt,50.0
vggt,50,42,0.0,100000,random,,,,0,10,minfarthestpose,50,GT Eval,,,,Pose Opt,False,,,,,0.0,,False,1.0,1.0,vggt,counter,,,15000,15000,,MCMC,,,,,,,,,,,gsplat,,indoor,20.259363174438477,0.22905497252941132,0.6079114079475403,1000000,0.005967493634670973,0.2475298047065735,,,0.4957179296434971,0.2882150095556031,100000,/home/ojab2/work/git/gsplat/results/vggt_outputs/counter_2_n50_s42_c0.0_p100000_random_minfarthestpose_i50_gteval_poseopt_steps15000/stats/val_step14999.json,/home/ojab2/work/git/gsplat/results/vggt_outputs/counter_2_n50_s42_c0.0_p100000_random_minfarthestpose_i50_gteval_poseopt_steps15000/stats/val_step14999.json,counter_2_n50_s42_c0.0_p100000_random_minfarthestpose_i50_gteval_poseopt_steps15000,0.3927,0.03126,50,4.604761,,,,,,,,/home/ojab2/work/git/vggt/vggt_outputs/counter_2_n50_s42_c0.0_p100000_random_minfarthestpose/eval_results.json,counter_2_n50_s42_c0.0_p100000_random_minfarthestpose,counter_2_n50_s42_c0.0_p100000_random_minfarthestpose_i50_gteval_poseopt_steps15000_val_step14999.json,100000,,,vggt | Pose Opt,50.0
vggt,60,42,0.0,100000,random,,,,0,10,minfarthestpose,60,GT Eval,,,,Pose Opt,False,,,,,0.0,,False,1.0,1.0,vggt,bonsai,,,15000,15000,,MCMC,,,,,,,,,,,gsplat,,indoor,17.88666534423828,0.35510921478271484,0.5674635767936707,1000000,0.020031148567795753,0.7763102054595947,,,0.35031411785673516,0.3430174006657172,100000,/home/ojab2/work/git/gsplat/results/vggt_outputs/bonsai_2_n60_s42_c0.0_p100000_random_minfarthestpose_i60_gteval_poseopt_steps15000/stats/val_step14999.json,/home/ojab2/work/git/gsplat/results/vggt_outputs/bonsai_2_n60_s42_c0.0_p100000_random_minfarthestpose_i60_gteval_poseopt_steps15000/stats/val_step14999.json,bonsai_2_n60_s42_c0.0_p100000_random_minfarthestpose_i60_gteval_poseopt_steps15000,0.8878,0.10213,60,7.775817,,,,,,,,/home/ojab2/work/git/vggt/vggt_outputs/bonsai_2_n60_s42_c0.0_p100000_random_minfarthestpose/eval_results.json,bonsai_2_n60_s42_c0.0_p100000_random_minfarthestpose,bonsai_2_n60_s42_c0.0_p100000_random_minfarthestpose_i60_gteval_poseopt_steps15000_val_step14999.json,100000,,,vggt | Pose Opt,60.0
vggt,60,42,0.0,100000,random,,,,0,10,minfarthestpose,60,GT Eval,,,,Pose Opt,False,,,,,0.0,,False,1.0,1.0,vggt,kitchen,,,15000,15000,,MCMC,,,,,,,,,,,gsplat,,indoor,20.15944480895996,0.1735684722661972,0.48872309923171997,1000000,0.00467535387724638,0.1845463067293167,,,0.4584177502995578,0.29941476267939376,100000,/home/ojab2/work/git/gsplat/results/vggt_outputs/kitchen_2_n60_s42_c0.0_p100000_random_minfarthestpose_i60_gteval_poseopt_steps15000/stats/val_step14999.json,/home/ojab2/work/git/gsplat/results/vggt_outputs/kitchen_2_n60_s42_c0.0_p100000_random_minfarthestpose_i60_gteval_poseopt_steps15000/stats/val_step14999.json,kitchen_2_n60_s42_c0.0_p100000_random_minfarthestpose_i60_gteval_poseopt_steps15000,0.3242,0.027163,60,4.162314,,,,,,,,/home/ojab2/work/git/vggt/vggt_outputs/kitchen_2_n60_s42_c0.0_p100000_random_minfarthestpose/eval_results.json,kitchen_2_n60_s42_c0.0_p100000_random_minfarthestpose,kitchen_2_n60_s42_c0.0_p100000_random_minfarthestpose_i60_gteval_poseopt_steps15000_val_step14999.json,100000,,,vggt | Pose Opt,60.0
vggt,60,42,0.0,100000,random,,,,0,10,minfarthestpose,60,GT Eval,,,,Pose Opt,False,,,,,0.0,,False,1.0,1.0,vggt,counter,,,15000,15000,,MCMC,,,,,,,,,,,gsplat,,indoor,20.554582595825195,0.22223743796348572,0.6172617673873901,1000000,0.0059680575504899025,0.24181009829044342,,,0.5108613570918503,0.28323234948170506,100000,/home/ojab2/work/git/gsplat/results/vggt_outputs/counter_2_n60_s42_c0.0_p100000_random_minfarthestpose_i60_gteval_poseopt_steps15000/stats/val_step14999.json,/home/ojab2/work/git/gsplat/results/vggt_outputs/counter_2_n60_s42_c0.0_p100000_random_minfarthestpose_i60_gteval_poseopt_steps15000/stats/val_step14999.json,counter_2_n60_s42_c0.0_p100000_random_minfarthestpose_i60_gteval_poseopt_steps15000,0.3795,0.030852,60,4.485466,,,,,,,,/home/ojab2/work/git/vggt/vggt_outputs/counter_2_n60_s42_c0.0_p100000_random_minfarthestpose/eval_results.json,counter_2_n60_s42_c0.0_p100000_random_minfarthestpose,counter_2_n60_s42_c0.0_p100000_random_minfarthestpose_i60_gteval_poseopt_steps15000_val_step14999.json,100000,,,vggt | Pose Opt,60.0
vggt,70,42,0.0,100000,random,,,,0,10,minfarthestpose,70,GT Eval,,,,Pose Opt,False,,,,,0.0,,False,1.0,1.0,vggt,bonsai,,,15000,15000,,MCMC,,,,,,,,,,,gsplat,,indoor,18.050724029541016,0.3454180657863617,0.572880744934082,1000000,0.01970023475587368,0.7488796710968018,,,0.36250236698216326,0.33820885948554374,100000,/home/ojab2/work/git/gsplat/results/vggt_outputs/bonsai_2_n70_s42_c0.0_p100000_random_minfarthestpose_i70_gteval_poseopt_steps15000/stats/val_step14999.json,/home/ojab2/work/git/gsplat/results/vggt_outputs/bonsai_2_n70_s42_c0.0_p100000_random_minfarthestpose_i70_gteval_poseopt_steps15000/stats/val_step14999.json,bonsai_2_n70_s42_c0.0_p100000_random_minfarthestpose_i70_gteval_poseopt_steps15000,0.806,0.10116,70,7.70233,,,,,,,,/home/ojab2/work/git/vggt/vggt_outputs/bonsai_2_n70_s42_c0.0_p100000_random_minfarthestpose/eval_results.json,bonsai_2_n70_s42_c0.0_p100000_random_minfarthestpose,bonsai_2_n70_s42_c0.0_p100000_random_minfarthestpose_i70_gteval_poseopt_steps15000_val_step14999.json,100000,,,vggt | Pose Opt,70.0
vggt,70,42,0.0,100000,random,,,,0,10,minfarthestpose,70,GT Eval,,,,Pose Opt,False,,,,,0.0,,False,1.0,1.0,vggt,kitchen,,,15000,15000,,MCMC,,,,,,,,,,,gsplat,,indoor,20.207738876342773,0.16989849507808685,0.4867176115512848,1000000,0.004490348044782877,0.1856015920639038,,,0.46040470308495307,0.29862290241424305,100000,/home/ojab2/work/git/gsplat/results/vggt_outputs/kitchen_2_n70_s42_c0.0_p100000_random_minfarthestpose_i70_gteval_poseopt_steps15000/stats/val_step14999.json,/home/ojab2/work/git/gsplat/results/vggt_outputs/kitchen_2_n70_s42_c0.0_p100000_random_minfarthestpose_i70_gteval_poseopt_steps15000/stats/val_step14999.json,kitchen_2_n70_s42_c0.0_p100000_random_minfarthestpose_i70_gteval_poseopt_steps15000,0.3231,0.028126,70,4.16202,,,,,,,,/home/ojab2/work/git/vggt/vggt_outputs/kitchen_2_n70_s42_c0.0_p100000_random_minfarthestpose/eval_results.json,kitchen_2_n70_s42_c0.0_p100000_random_minfarthestpose,kitchen_2_n70_s42_c0.0_p100000_random_minfarthestpose_i70_gteval_poseopt_steps15000_val_step14999.json,100000,,,vggt | Pose Opt,70.0
vggt,70,42,0.0,100000,random,,,,0,10,minfarthestpose,70,GT Eval,,,,Pose Opt,False,,,,,0.0,,False,1.0,1.0,vggt,counter,,,15000,15000,,MCMC,,,,,,,,,,,gsplat,,indoor,20.85220718383789,0.21493147313594818,0.6281002759933472,1000000,0.006092517636716366,0.25354209542274475,,,0.5272210874946339,0.27766184637555574,100000,/home/ojab2/work/git/gsplat/results/vggt_outputs/counter_2_n70_s42_c0.0_p100000_random_minfarthestpose_i70_gteval_poseopt_steps15000/stats/val_step14999.json,/home/ojab2/work/git/gsplat/results/vggt_outputs/counter_2_n70_s42_c0.0_p100000_random_minfarthestpose_i70_gteval_poseopt_steps15000/stats/val_step14999.json,counter_2_n70_s42_c0.0_p100000_random_minfarthestpose_i70_gteval_poseopt_steps15000,0.356,0.031055,70,4.444537,,,,,,,,/home/ojab2/work/git/vggt/vggt_outputs/counter_2_n70_s42_c0.0_p100000_random_minfarthestpose/eval_results.json,counter_2_n70_s42_c0.0_p100000_random_minfarthestpose,counter_2_n70_s42_c0.0_p100000_random_minfarthestpose_i70_gteval_poseopt_steps15000_val_step14999.json,100000,,,vggt | Pose Opt,70.0
vggt,80,42,0.0,100000,random,,,,0,10,minfarthestpose,80,GT Eval,,,,Pose Opt,False,,,,,0.0,,False,1.0,1.0,vggt,bonsai,,,15000,15000,,MCMC,,,,,,,,,,,gsplat,,indoor,18.434326171875,0.3285099267959595,0.5805559158325195,1000000,0.017870845273137093,0.7009094953536987,,,0.38453163722647404,0.3301651860807318,100000,/home/ojab2/work/git/gsplat/results/vggt_outputs/bonsai_2_n80_s42_c0.0_p100000_random_minfarthestpose_i80_gteval_poseopt_steps15000/stats/val_step14999.json,/home/ojab2/work/git/gsplat/results/vggt_outputs/bonsai_2_n80_s42_c0.0_p100000_random_minfarthestpose_i80_gteval_poseopt_steps15000/stats/val_step14999.json,bonsai_2_n80_s42_c0.0_p100000_random_minfarthestpose_i80_gteval_poseopt_steps15000,0.8208,0.096051,80,7.780013,,,,,,,,/home/ojab2/work/git/vggt/vggt_outputs/bonsai_2_n80_s42_c0.0_p100000_random_minfarthestpose/eval_results.json,bonsai_2_n80_s42_c0.0_p100000_random_minfarthestpose,bonsai_2_n80_s42_c0.0_p100000_random_minfarthestpose_i80_gteval_poseopt_steps15000_val_step14999.json,100000,,,vggt | Pose Opt,80.0
vggt,80,42,0.0,100000,random,,,,0,10,minfarthestpose,80,GT Eval,,,,Pose Opt,False,,,,,0.0,,False,1.0,1.0,vggt,kitchen,,,15000,15000,,MCMC,,,,,,,,,,,gsplat,,indoor,20.379596710205078,0.17003458738327026,0.5055451393127441,1000000,0.0046250661835074425,0.19823233783245087,,,0.47451349812099264,0.2941241622485274,100000,/home/ojab2/work/git/gsplat/results/vggt_outputs/kitchen_2_n80_s42_c0.0_p100000_random_minfarthestpose_i80_gteval_poseopt_steps15000/stats/val_step14999.json,/home/ojab2/work/git/gsplat/results/vggt_outputs/kitchen_2_n80_s42_c0.0_p100000_random_minfarthestpose_i80_gteval_poseopt_steps15000/stats/val_step14999.json,kitchen_2_n80_s42_c0.0_p100000_random_minfarthestpose_i80_gteval_poseopt_steps15000,0.2843,0.026957,80,4.144684,,,,,,,,/home/ojab2/work/git/vggt/vggt_outputs/kitchen_2_n80_s42_c0.0_p100000_random_minfarthestpose/eval_results.json,kitchen_2_n80_s42_c0.0_p100000_random_minfarthestpose,kitchen_2_n80_s42_c0.0_p100000_random_minfarthestpose_i80_gteval_poseopt_steps15000_val_step14999.json,100000,,,vggt | Pose Opt,80.0
vggt,80,42,0.0,100000,random,,,,0,10,minfarthestpose,80,GT Eval,,,,Pose Opt,False,,,,,0.0,,False,1.0,1.0,vggt,counter,,,15000,15000,,MCMC,,,,,,,,,,,gsplat,,indoor,21.12226104736328,0.2113538235425949,0.6348922848701477,1000000,0.0059201959520578384,0.25096529722213745,,,0.5384024456579085,0.2744393484829034,100000,/home/ojab2/work/git/gsplat/results/vggt_outputs/counter_2_n80_s42_c0.0_p100000_random_minfarthestpose_i80_gteval_poseopt_steps15000/stats/val_step14999.json,/home/ojab2/work/git/gsplat/results/vggt_outputs/counter_2_n80_s42_c0.0_p100000_random_minfarthestpose_i80_gteval_poseopt_steps15000/stats/val_step14999.json,counter_2_n80_s42_c0.0_p100000_random_minfarthestpose_i80_gteval_poseopt_steps15000,0.3586,0.029914,80,4.47013,,,,,,,,/home/ojab2/work/git/vggt/vggt_outputs/counter_2_n80_s42_c0.0_p100000_random_minfarthestpose/eval_results.json,counter_2_n80_s42_c0.0_p100000_random_minfarthestpose,counter_2_n80_s42_c0.0_p100000_random_minfarthestpose_i80_gteval_poseopt_steps15000_val_step14999.json,100000,,,vggt | Pose Opt,80.0
vggt,90,42,0.0,100000,random,,,,0,10,minfarthestpose,90,GT Eval,,,,Pose Opt,False,,,,,0.0,,False,1.0,1.0,vggt,bonsai,,,15000,15000,,MCMC,,,,,,,,,,,gsplat,,indoor,18.538896560668945,0.3293331265449524,0.584769606590271,1000000,0.01818903163075447,0.7261216044425964,,,0.3884241245565978,0.3292387625775573,100000,/home/ojab2/work/git/gsplat/results/vggt_outputs/bonsai_2_n90_s42_c0.0_p100000_random_minfarthestpose_i90_gteval_poseopt_steps15000/stats/val_step14999.json,/home/ojab2/work/git/gsplat/results/vggt_outputs/bonsai_2_n90_s42_c0.0_p100000_random_minfarthestpose_i90_gteval_poseopt_steps15000/stats/val_step14999.json,bonsai_2_n90_s42_c0.0_p100000_random_minfarthestpose_i90_gteval_poseopt_steps15000,0.7344,0.095629,90,7.854932,,,,,,,,/home/ojab2/work/git/vggt/vggt_outputs/bonsai_2_n90_s42_c0.0_p100000_random_minfarthestpose/eval_results.json,bonsai_2_n90_s42_c0.0_p100000_random_minfarthestpose,bonsai_2_n90_s42_c0.0_p100000_random_minfarthestpose_i90_gteval_poseopt_steps15000_val_step14999.json,100000,,,vggt | Pose Opt,90.0
vggt,90,42,0.0,100000,random,,,,0,10,minfarthestpose,90,GT Eval,,,,Pose Opt,False,,,,,0.0,,False,1.0,1.0,vggt,kitchen,,,15000,15000,,MCMC,,,,,,,,,,,gsplat,,indoor,21.101316452026367,0.16165202856063843,0.5515610575675964,1000000,0.004474086221307516,0.17506374418735504,,,0.5199629912676944,0.27968932862838247,100000,/home/ojab2/work/git/gsplat/results/vggt_outputs/kitchen_2_n90_s42_c0.0_p100000_random_minfarthestpose_i90_gteval_poseopt_steps15000/stats/val_step14999.json,/home/ojab2/work/git/gsplat/results/vggt_outputs/kitchen_2_n90_s42_c0.0_p100000_random_minfarthestpose_i90_gteval_poseopt_steps15000/stats/val_step14999.json,kitchen_2_n90_s42_c0.0_p100000_random_minfarthestpose_i90_gteval_poseopt_steps15000,0.3203,0.026849,90,4.157845,,,,,,,,/home/ojab2/work/git/vggt/vggt_outputs/kitchen_2_n90_s42_c0.0_p100000_random_minfarthestpose/eval_results.json,kitchen_2_n90_s42_c0.0_p100000_random_minfarthestpose,kitchen_2_n90_s42_c0.0_p100000_random_minfarthestpose_i90_gteval_poseopt_steps15000_val_step14999.json,100000,,,vggt | Pose Opt,90.0
vggt,90,42,0.0,100000,random,,,,0,10,minfarthestpose,90,GT Eval,,,,Pose Opt,False,,,,,0.0,,False,1.0,1.0,vggt,counter,,,15000,15000,,MCMC,,,,,,,,,,,gsplat,,indoor,20.601428985595703,0.22335854172706604,0.6230571866035461,1000000,0.005893162451684475,0.2732209265232086,,,0.5144259775126422,0.2820073330731224,100000,/home/ojab2/work/git/gsplat/results/vggt_outputs/counter_2_n90_s42_c0.0_p100000_random_minfarthestpose_i90_gteval_poseopt_steps15000/stats/val_step14999.json,/home/ojab2/work/git/gsplat/results/vggt_outputs/counter_2_n90_s42_c0.0_p100000_random_minfarthestpose_i90_gteval_poseopt_steps15000/stats/val_step14999.json,counter_2_n90_s42_c0.0_p100000_random_minfarthestpose_i90_gteval_poseopt_steps15000,0.3956,0.030141,90,4.47758,,,,,,,,/home/ojab2/work/git/vggt/vggt_outputs/counter_2_n90_s42_c0.0_p100000_random_minfarthestpose/eval_results.json,counter_2_n90_s42_c0.0_p100000_random_minfarthestpose,counter_2_n90_s42_c0.0_p100000_random_minfarthestpose_i90_gteval_poseopt_steps15000_val_step14999.json,100000,,,vggt | Pose Opt,90.0
vggt,100,42,0.0,100000,random,,,,0,10,minfarthestpose,100,GT Eval,,,,Pose Opt,False,,,,,0.0,,False,1.0,1.0,vggt,bonsai,,,15000,15000,,MCMC,,,,,,,,,,,gsplat,,indoor,18.46109962463379,0.33550846576690674,0.5824333429336548,1000000,0.01881927065551281,0.6934566497802734,,,0.38180526670811626,0.33198497014828765,100000,/home/ojab2/work/git/gsplat/results/vggt_outputs/bonsai_2_n100_s42_c0.0_p100000_random_minfarthestpose_i100_gteval_poseopt_steps15000/stats/val_step14999.json,/home/ojab2/work/git/gsplat/results/vggt_outputs/bonsai_2_n100_s42_c0.0_p100000_random_minfarthestpose_i100_gteval_poseopt_steps15000/stats/val_step14999.json,bonsai_2_n100_s42_c0.0_p100000_random_minfarthestpose_i100_gteval_poseopt_steps15000,0.7308,0.098078,100,7.817163,,,,,,,,/home/ojab2/work/git/vggt/vggt_outputs/bonsai_2_n100_s42_c0.0_p100000_random_minfarthestpose/eval_results.json,bonsai_2_n100_s42_c0.0_p100000_random_minfarthestpose,bonsai_2_n100_s42_c0.0_p100000_random_minfarthestpose_i100_gteval_poseopt_steps15000_val_step14999.json,100000,,,vggt | Pose Opt,100.0
vggt,100,42,0.0,100000,random,,,,0,10,minfarthestpose,100,GT Eval,,,,Pose Opt,False,,,,,0.0,,False,1.0,1.0,vggt,kitchen,,,15000,15000,,MCMC,,,,,,,,,,,gsplat,,indoor,21.232662200927734,0.15592406690120697,0.5311336517333984,1000000,0.0047913966700434685,0.15866483747959137,,,0.5139852473881432,0.28273038876530304,100000,/home/ojab2/work/git/gsplat/results/vggt_outputs/kitchen_2_n100_s42_c0.0_p100000_random_minfarthestpose_i100_gteval_poseopt_steps15000/stats/val_step14999.json,/home/ojab2/work/git/gsplat/results/vggt_outputs/kitchen_2_n100_s42_c0.0_p100000_random_minfarthestpose_i100_gteval_poseopt_steps15000/stats/val_step14999.json,kitchen_2_n100_s42_c0.0_p100000_random_minfarthestpose_i100_gteval_poseopt_steps15000,0.2827,0.025851,100,4.144792,,,,,,,,/home/ojab2/work/git/vggt/vggt_outputs/kitchen_2_n100_s42_c0.0_p100000_random_minfarthestpose/eval_results.json,kitchen_2_n100_s42_c0.0_p100000_random_minfarthestpose,kitchen_2_n100_s42_c0.0_p100000_random_minfarthestpose_i100_gteval_poseopt_steps15000_val_step14999.json,100000,,,vggt | Pose Opt,100.0
vggt,100,42,0.0,100000,random,,,,0,10,minfarthestpose,100,GT Eval,,,,Pose Opt,False,,,,,0.0,,False,1.0,1.0,vggt,counter,,,15000,15000,,MCMC,,,,,,,,,,,gsplat,,indoor,20.58078384399414,0.2260625958442688,0.622958779335022,1000000,0.006049837917089462,0.2777145802974701,,,0.5123169427571783,0.2829492260169363,100000,/home/ojab2/work/git/gsplat/results/vggt_outputs/counter_2_n100_s42_c0.0_p100000_random_minfarthestpose_i100_gteval_poseopt_steps15000/stats/val_step14999.json,/home/ojab2/work/git/gsplat/results/vggt_outputs/counter_2_n100_s42_c0.0_p100000_random_minfarthestpose_i100_gteval_poseopt_steps15000/stats/val_step14999.json,counter_2_n100_s42_c0.0_p100000_random_minfarthestpose_i100_gteval_poseopt_steps15000,0.3873,0.030482,100,4.485239,,,,,,,,/home/ojab2/work/git/vggt/vggt_outputs/counter_2_n100_s42_c0.0_p100000_random_minfarthestpose/eval_results.json,counter_2_n100_s42_c0.0_p100000_random_minfarthestpose,counter_2_n100_s42_c0.0_p100000_random_minfarthestpose_i100_gteval_poseopt_steps15000_val_step14999.json,100000,,,vggt | Pose Opt,100.0
