method,num_images,seed,conf_thres_value,num_points,sampling_mode,near_filtering_strength,near_filtering_quorum,reconstruct_pose_opt,optimisation_iterations,optimisation_neighbourhood,image_mode,num_cameras,gt_eval,use_gt_extrinsics,use_gt_intrinsics,use_gt_points,pose_opt,pose_opt_module,eval_opt,depth_loss_mode,error_opa,depth_lambda,depth_conf_mode,depth_conf_shifted,loss_multiplier,pose_loss_multiplier,choice,dataset,camera_type,copy_mode,val_step,num_steps,colmap_mode,splatting_strategy,camera_src,pcd_src,align_mode,align_glue,shared_camera,keep_backup_cams,random_init,use_ba,feature_extractor,max_ba_iterations,source,series_label_override,dataset_collection,psnr,lpips,ssim,num_GS,eval_rte,eval_rre,depth_l1,depth_abs_rel,quality,avge,real_num_points,file_path,gsplat_file_path,folder,rre,rte,num_aligned,alignment_scale,pred_depth_l1,pred_depth_absrel,pred_depth_rmse,sfm_file_path,input_folder,output_folder,initial_points,failed_sfm_file_path,plot_series,num_images_jitter
colmap,20,42,,105,,,,,0,10,farthestpose,20,GT Eval,,,,Pose Opt,,,,,0.0,,False,1.0,1.0,colmap,drums,pinhole,,15000,15000,default,MCMC,,,,,Shared Cam,,,,,,gsplat,,synthetic,6.573758602142334,0.8610514402389526,0.0944964587688446,107549,0.04122573882341385,5.302027702331543,0.4831242561340332,0.2609376311302185,-0.4480831287680235,0.6775776716120308,105,/home/ojab2/work/git/gsplat/results/colmap_outputs/drums_1_n20_s42_default_mpinhole_farthestpose_sharedcam_i20_gteval_poseopt_steps15000/stats/val_step14999.json,/home/ojab2/work/git/gsplat/results/colmap_outputs/drums_1_n20_s42_default_mpinhole_farthestpose_sharedcam_i20_gteval_poseopt_steps15000/stats/val_step14999.json,drums_1_n20_s42_default_mpinhole_farthestpose_sharedcam_i20_gteval_poseopt_steps15000,5.1198,0.003811,3,0.082359,,,,/home/ojab2/work/git/vggt/colmap_outputs/drums_1_n20_s42_default_mpinhole_farthestpose_sharedcam/eval_results.json,drums_1_n20_s42_default_mpinhole_farthestpose_sharedcam,drums_1_n20_s42_default_mpinhole_farthestpose_sharedcam_i20_gteval_poseopt_steps15000_val_step14999.json,105,,colmap | farthestpose,20.0
colmap,20,42,,162,,,,,0,10,farthestpose,20,GT Eval,,,,Pose Opt,,,,,0.0,,False,1.0,1.0,colmap,ship,pinhole,,15000,15000,default,MCMC,,,,,Shared Cam,,,,,,gsplat,,synthetic,16.434940338134766,0.37807974219322205,0.592390239238739,170748,0.01790500618517399,1.0460034608840942,0.05379347503185272,0.06160662695765495,0.32382797912160166,0.3464160276495066,162,/home/ojab2/work/git/gsplat/results/colmap_outputs/ship_1_n20_s42_default_mpinhole_farthestpose_sharedcam_i20_gteval_poseopt_steps15000/stats/val_step14999.json,/home/ojab2/work/git/gsplat/results/colmap_outputs/ship_1_n20_s42_default_mpinhole_farthestpose_sharedcam_i20_gteval_poseopt_steps15000/stats/val_step14999.json,ship_1_n20_s42_default_mpinhole_farthestpose_sharedcam_i20_gteval_poseopt_steps15000,0.2791,0.010321,5,0.379611,,,,/home/ojab2/work/git/vggt/colmap_outputs/ship_1_n20_s42_default_mpinhole_farthestpose_sharedcam/eval_results.json,ship_1_n20_s42_default_mpinhole_farthestpose_sharedcam,ship_1_n20_s42_default_mpinhole_farthestpose_sharedcam_i20_gteval_poseopt_steps15000_val_step14999.json,162,,colmap | farthestpose,20.0
colmap,20,42,,468,,,,,0,10,farthestpose,20,GT Eval,,,,Pose Opt,,,,,0.0,,False,1.0,1.0,colmap,lego,pinhole,,15000,15000,default,MCMC,,,,,Shared Cam,,,,,,gsplat,,synthetic,10.761724472045898,0.5157730579376221,0.6686438918113708,515672,0.9527592658996582,64.50972747802734,0.8077732920646667,0.9149457812309265,0.17836533141182645,0.3917737085288562,468,/home/ojab2/work/git/gsplat/results/colmap_outputs/lego_1_n20_s42_default_mpinhole_farthestpose_sharedcam_i20_gteval_poseopt_steps15000/stats/val_step14999.json,/home/ojab2/work/git/gsplat/results/colmap_outputs/lego_1_n20_s42_default_mpinhole_farthestpose_sharedcam_i20_gteval_poseopt_steps15000/stats/val_step14999.json,lego_1_n20_s42_default_mpinhole_farthestpose_sharedcam_i20_gteval_poseopt_steps15000,62.9535,2.475707,10,0.802567,,,,/home/ojab2/work/git/vggt/colmap_outputs/lego_1_n20_s42_default_mpinhole_farthestpose_sharedcam/eval_results.json,lego_1_n20_s42_default_mpinhole_farthestpose_sharedcam,lego_1_n20_s42_default_mpinhole_farthestpose_sharedcam_i20_gteval_poseopt_steps15000_val_step14999.json,468,,colmap | farthestpose,20.0
colmap,30,42,,105,,,,,0,10,farthestpose,30,GT Eval,,,,Pose Opt,,,,,0.0,,False,1.0,1.0,colmap,drums,pinhole,,15000,15000,default,MCMC,,,,,Shared Cam,,,,,,gsplat,,synthetic,11.87600326538086,0.5139749050140381,0.40454837679862976,107549,0.010904939845204353,1.031067132949829,0.07396318763494492,0.07193657010793686,0.04566827317659853,0.45018439595077886,105,/home/ojab2/work/git/gsplat/results/colmap_outputs/drums_1_n30_s42_default_mpinhole_farthestpose_sharedcam_i30_gteval_poseopt_steps15000/stats/val_step14999.json,/home/ojab2/work/git/gsplat/results/colmap_outputs/drums_1_n30_s42_default_mpinhole_farthestpose_sharedcam_i30_gteval_poseopt_steps15000/stats/val_step14999.json,drums_1_n30_s42_default_mpinhole_farthestpose_sharedcam_i30_gteval_poseopt_steps15000,0.5778,0.011678,4,0.193321,,,,/home/ojab2/work/git/vggt/colmap_outputs/drums_1_n30_s42_default_mpinhole_farthestpose_sharedcam/eval_results.json,drums_1_n30_s42_default_mpinhole_farthestpose_sharedcam,drums_1_n30_s42_default_mpinhole_farthestpose_sharedcam_i30_gteval_poseopt_steps15000_val_step14999.json,105,,colmap | farthestpose,30.0
colmap,30,42,,449,,,,,0,10,farthestpose,30,GT Eval,,,,Pose Opt,,,,,0.0,,False,1.0,1.0,colmap,ship,pinhole,,15000,15000,default,MCMC,,,,,Shared Cam,,,,,,gsplat,,synthetic,16.762636184692383,0.3510177433490753,0.5933229923248291,493204,0.003212561132386327,1.2884396314620972,0.060691483318805695,0.05719128996133804,0.3471468279236241,0.3366011842929966,449,/home/ojab2/work/git/gsplat/results/colmap_outputs/ship_1_n30_s42_default_mpinhole_farthestpose_sharedcam_i30_gteval_poseopt_steps15000/stats/val_step14999.json,/home/ojab2/work/git/gsplat/results/colmap_outputs/ship_1_n30_s42_default_mpinhole_farthestpose_sharedcam_i30_gteval_poseopt_steps15000/stats/val_step14999.json,ship_1_n30_s42_default_mpinhole_farthestpose_sharedcam_i30_gteval_poseopt_steps15000,3.3966,0.044897,10,0.576448,,,,/home/ojab2/work/git/vggt/colmap_outputs/ship_1_n30_s42_default_mpinhole_farthestpose_sharedcam/eval_results.json,ship_1_n30_s42_default_mpinhole_farthestpose_sharedcam,ship_1_n30_s42_default_mpinhole_farthestpose_sharedcam_i30_gteval_poseopt_steps15000_val_step14999.json,449,,colmap | farthestpose,30.0
colmap,30,42,,1393,,,,,0,10,farthestpose,30,GT Eval,,,,Pose Opt,,,,,0.0,,False,1.0,1.0,colmap,lego,pinhole,,15000,15000,default,MCMC,,,,,Shared Cam,,,,,,gsplat,,synthetic,10.754502296447754,0.5123348236083984,0.6750281453132629,1000000,0.8641526103019714,121.26136016845703,0.36197981238365173,0.48974984884262085,0.1840874358692132,0.38881672771545706,1393,/home/ojab2/work/git/gsplat/results/colmap_outputs/lego_1_n30_s42_default_mpinhole_farthestpose_sharedcam_i30_gteval_poseopt_steps15000/stats/val_step14999.json,/home/ojab2/work/git/gsplat/results/colmap_outputs/lego_1_n30_s42_default_mpinhole_farthestpose_sharedcam_i30_gteval_poseopt_steps15000/stats/val_step14999.json,lego_1_n30_s42_default_mpinhole_farthestpose_sharedcam_i30_gteval_poseopt_steps15000,120.0686,3.745266,19,0.367209,,,,/home/ojab2/work/git/vggt/colmap_outputs/lego_1_n30_s42_default_mpinhole_farthestpose_sharedcam/eval_results.json,lego_1_n30_s42_default_mpinhole_farthestpose_sharedcam,lego_1_n30_s42_default_mpinhole_farthestpose_sharedcam_i30_gteval_poseopt_steps15000_val_step14999.json,1393,,colmap | farthestpose,30.0
colmap,40,42,,287,,,,,0,10,farthestpose,40,GT Eval,,,,Pose Opt,,,,,0.0,,False,1.0,1.0,colmap,drums,pinhole,,15000,15000,default,MCMC,,,,,Shared Cam,,,,,,gsplat,,synthetic,12.676614761352539,0.40889972448349,0.5027180910110474,313729,0.004789901897311211,0.7317674160003662,0.06522585451602936,0.056620411574840546,0.18276482413851494,0.3893583461070665,287,/home/ojab2/work/git/gsplat/results/colmap_outputs/drums_1_n40_s42_default_mpinhole_farthestpose_sharedcam_i40_gteval_poseopt_steps15000/stats/val_step14999.json,/home/ojab2/work/git/gsplat/results/colmap_outputs/drums_1_n40_s42_default_mpinhole_farthestpose_sharedcam_i40_gteval_poseopt_steps15000/stats/val_step14999.json,drums_1_n40_s42_default_mpinhole_farthestpose_sharedcam_i40_gteval_poseopt_steps15000,0.9174,0.005572,5,0.199581,,,,/home/ojab2/work/git/vggt/colmap_outputs/drums_1_n40_s42_default_mpinhole_farthestpose_sharedcam/eval_results.json,drums_1_n40_s42_default_mpinhole_farthestpose_sharedcam,drums_1_n40_s42_default_mpinhole_farthestpose_sharedcam_i40_gteval_poseopt_steps15000_val_step14999.json,287,,colmap | farthestpose,40.0
colmap,40,42,,999,,,,,0,10,farthestpose,40,GT Eval,,,,Pose Opt,,,,,0.0,,False,1.0,1.0,colmap,ship,pinhole,,15000,15000,default,MCMC,,,,,Shared Cam,,,,,,gsplat,,synthetic,17.69652557373047,0.325956255197525,0.5934579968452454,1000000,0.2103944718837738,11.896838188171387,0.07570488750934601,0.06493118405342102,0.3799900802952504,0.3268529158518036,999,/home/ojab2/work/git/gsplat/results/colmap_outputs/ship_1_n40_s42_default_mpinhole_farthestpose_sharedcam_i40_gteval_poseopt_steps15000/stats/val_step14999.json,/home/ojab2/work/git/gsplat/results/colmap_outputs/ship_1_n40_s42_default_mpinhole_farthestpose_sharedcam_i40_gteval_poseopt_steps15000/stats/val_step14999.json,ship_1_n40_s42_default_mpinhole_farthestpose_sharedcam_i40_gteval_poseopt_steps15000,12.248,0.482789,17,0.632324,,,,/home/ojab2/work/git/vggt/colmap_outputs/ship_1_n40_s42_default_mpinhole_farthestpose_sharedcam/eval_results.json,ship_1_n40_s42_default_mpinhole_farthestpose_sharedcam,ship_1_n40_s42_default_mpinhole_farthestpose_sharedcam_i40_gteval_poseopt_steps15000_val_step14999.json,999,,colmap | farthestpose,40.0
colmap,40,42,,2899,,,,,0,10,farthestpose,40,GT Eval,,,,Pose Opt,,,,,0.0,,False,1.0,1.0,colmap,lego,pinhole,,15000,15000,default,MCMC,,,,,Shared Cam,,,,,,gsplat,,synthetic,10.712749481201172,0.5282808542251587,0.645667552947998,1000000,0.8892179727554321,100.3918228149414,1.2800248861312866,1.2380921840667725,0.15630106975538072,0.40280115355116336,2899,/home/ojab2/work/git/gsplat/results/colmap_outputs/lego_1_n40_s42_default_mpinhole_farthestpose_sharedcam_i40_gteval_poseopt_steps15000/stats/val_step14999.json,/home/ojab2/work/git/gsplat/results/colmap_outputs/lego_1_n40_s42_default_mpinhole_farthestpose_sharedcam_i40_gteval_poseopt_steps15000/stats/val_step14999.json,lego_1_n40_s42_default_mpinhole_farthestpose_sharedcam_i40_gteval_poseopt_steps15000,103.4804,3.760529,39,0.221617,,,,/home/ojab2/work/git/vggt/colmap_outputs/lego_1_n40_s42_default_mpinhole_farthestpose_sharedcam/eval_results.json,lego_1_n40_s42_default_mpinhole_farthestpose_sharedcam,lego_1_n40_s42_default_mpinhole_farthestpose_sharedcam_i40_gteval_poseopt_steps15000_val_step14999.json,2899,,colmap | farthestpose,40.0
colmap,50,42,,728,,,,,0,10,farthestpose,50,GT Eval,,,,Pose Opt,,,,,0.0,,False,1.0,1.0,colmap,drums,pinhole,,15000,15000,default,MCMC,,,,,Shared Cam,,,,,,gsplat,,synthetic,17.492612838745117,0.15142028033733368,0.7898155450820923,811062,0.003281601471826434,0.17799027264118195,0.02627686783671379,0.026093389838933945,0.5987811501999036,0.20923071002571564,728,/home/ojab2/work/git/gsplat/results/colmap_outputs/drums_1_n50_s42_default_mpinhole_farthestpose_sharedcam_i50_gteval_poseopt_steps15000/stats/val_step14999.json,/home/ojab2/work/git/gsplat/results/colmap_outputs/drums_1_n50_s42_default_mpinhole_farthestpose_sharedcam_i50_gteval_poseopt_steps15000/stats/val_step14999.json,drums_1_n50_s42_default_mpinhole_farthestpose_sharedcam_i50_gteval_poseopt_steps15000,0.3235,0.012924,18,0.525496,,,,/home/ojab2/work/git/vggt/colmap_outputs/drums_1_n50_s42_default_mpinhole_farthestpose_sharedcam/eval_results.json,drums_1_n50_s42_default_mpinhole_farthestpose_sharedcam,drums_1_n50_s42_default_mpinhole_farthestpose_sharedcam_i50_gteval_poseopt_steps15000_val_step14999.json,728,,colmap | farthestpose,50.0
colmap,50,42,,1101,,,,,0,10,farthestpose,50,GT Eval,,,,Pose Opt,,,,,0.0,,False,1.0,1.0,colmap,ship,pinhole,,15000,15000,default,MCMC,,,,,Shared Cam,,,,,,gsplat,,synthetic,19.130786895751953,0.24004529416561127,0.6575614213943481,1000000,0.13198299705982208,8.420963287353516,0.04028689116239548,0.042393188923597336,0.49706931535186044,0.2791478648467708,1101,/home/ojab2/work/git/gsplat/results/colmap_outputs/ship_1_n50_s42_default_mpinhole_farthestpose_sharedcam_i50_gteval_poseopt_steps15000/stats/val_step14999.json,/home/ojab2/work/git/gsplat/results/colmap_outputs/ship_1_n50_s42_default_mpinhole_farthestpose_sharedcam_i50_gteval_poseopt_steps15000/stats/val_step14999.json,ship_1_n50_s42_default_mpinhole_farthestpose_sharedcam_i50_gteval_poseopt_steps15000,8.8761,0.363171,22,0.624449,,,,/home/ojab2/work/git/vggt/colmap_outputs/ship_1_n50_s42_default_mpinhole_farthestpose_sharedcam/eval_results.json,ship_1_n50_s42_default_mpinhole_farthestpose_sharedcam,ship_1_n50_s42_default_mpinhole_farthestpose_sharedcam_i50_gteval_poseopt_steps15000_val_step14999.json,1101,,colmap | farthestpose,50.0
colmap,50,42,,4045,,,,,0,10,farthestpose,50,GT Eval,,,,Pose Opt,,,,,0.0,,False,1.0,1.0,colmap,lego,pinhole,,15000,15000,default,MCMC,,,,,Shared Cam,,,,,,gsplat,,synthetic,11.005155563354492,0.5069364905357361,0.6777993440628052,1000000,0.9264472126960754,111.33007049560547,0.34417325258255005,0.4467839300632477,0.1936820514640535,0.38463409663773024,4045,/home/ojab2/work/git/gsplat/results/colmap_outputs/lego_1_n50_s42_default_mpinhole_farthestpose_sharedcam_i50_gteval_poseopt_steps15000/stats/val_step14999.json,/home/ojab2/work/git/gsplat/results/colmap_outputs/lego_1_n50_s42_default_mpinhole_farthestpose_sharedcam_i50_gteval_poseopt_steps15000/stats/val_step14999.json,lego_1_n50_s42_default_mpinhole_farthestpose_sharedcam_i50_gteval_poseopt_steps15000,116.2462,3.627222,45,0.35875,,,,/home/ojab2/work/git/vggt/colmap_outputs/lego_1_n50_s42_default_mpinhole_farthestpose_sharedcam/eval_results.json,lego_1_n50_s42_default_mpinhole_farthestpose_sharedcam,lego_1_n50_s42_default_mpinhole_farthestpose_sharedcam_i50_gteval_poseopt_steps15000_val_step14999.json,4045,,colmap | farthestpose,50.0
colmap,60,42,,1046,,,,,0,10,farthestpose,60,GT Eval,,,,Pose Opt,,,,,0.0,,False,1.0,1.0,colmap,drums,pinhole,,15000,15000,default,MCMC,,,,,Shared Cam,,,,,,gsplat,,synthetic,19.227676391601562,0.1366410106420517,0.8173694014549255,1000000,0.0026655348483473063,0.1057010218501091,0.02376146800816059,0.023094478994607925,0.6561483290189268,0.19198009852095166,1046,/home/ojab2/work/git/gsplat/results/colmap_outputs/drums_1_n60_s42_default_mpinhole_farthestpose_sharedcam_i60_gteval_poseopt_steps15000/stats/val_step14999.json,/home/ojab2/work/git/gsplat/results/colmap_outputs/drums_1_n60_s42_default_mpinhole_farthestpose_sharedcam_i60_gteval_poseopt_steps15000/stats/val_step14999.json,drums_1_n60_s42_default_mpinhole_farthestpose_sharedcam_i60_gteval_poseopt_steps15000,0.2955,0.012916,22,0.516215,,,,/home/ojab2/work/git/vggt/colmap_outputs/drums_1_n60_s42_default_mpinhole_farthestpose_sharedcam/eval_results.json,drums_1_n60_s42_default_mpinhole_farthestpose_sharedcam,drums_1_n60_s42_default_mpinhole_farthestpose_sharedcam_i60_gteval_poseopt_steps15000_val_step14999.json,1046,,colmap | farthestpose,60.0
colmap,60,42,,2712,,,,,0,10,farthestpose,60,GT Eval,,,,Pose Opt,,,,,0.0,,False,1.0,1.0,colmap,ship,pinhole,,15000,15000,default,MCMC,,,,,Shared Cam,,,,,,gsplat,,synthetic,21.142589569091797,0.1630137413740158,0.7178783416748047,1000000,0.004900948144495487,0.3904954195022583,0.028838006779551506,0.030093275010585785,0.617148314438678,0.2339505728432718,2712,/home/ojab2/work/git/gsplat/results/colmap_outputs/ship_1_n60_s42_default_mpinhole_farthestpose_sharedcam_i60_gteval_poseopt_steps15000/stats/val_step14999.json,/home/ojab2/work/git/gsplat/results/colmap_outputs/ship_1_n60_s42_default_mpinhole_farthestpose_sharedcam_i60_gteval_poseopt_steps15000/stats/val_step14999.json,ship_1_n60_s42_default_mpinhole_farthestpose_sharedcam_i60_gteval_poseopt_steps15000,0.7058,0.025505,52,0.907459,,,,/home/ojab2/work/git/vggt/colmap_outputs/ship_1_n60_s42_default_mpinhole_farthestpose_sharedcam/eval_results.json,ship_1_n60_s42_default_mpinhole_farthestpose_sharedcam,ship_1_n60_s42_default_mpinhole_farthestpose_sharedcam_i60_gteval_poseopt_steps15000_val_step14999.json,2712,,colmap | farthestpose,60.0
colmap,60,42,,5458,,,,,0,10,farthestpose,60,GT Eval,,,,Pose Opt,,,,,0.0,,False,1.0,1.0,colmap,lego,pinhole,,15000,15000,default,MCMC,,,,,Shared Cam,,,,,,gsplat,,synthetic,10.444660186767578,0.5394071340560913,0.6387670636177063,1000000,0.9206805229187012,83.78559112548828,0.7200438380241394,0.4002940058708191,0.1404330053447205,0.4102339121071437,5458,/home/ojab2/work/git/gsplat/results/colmap_outputs/lego_1_n60_s42_default_mpinhole_farthestpose_sharedcam_i60_gteval_poseopt_steps15000/stats/val_step14999.json,/home/ojab2/work/git/gsplat/results/colmap_outputs/lego_1_n60_s42_default_mpinhole_farthestpose_sharedcam_i60_gteval_poseopt_steps15000/stats/val_step14999.json,lego_1_n60_s42_default_mpinhole_farthestpose_sharedcam_i60_gteval_poseopt_steps15000,80.0117,3.149185,56,0.582111,,,,/home/ojab2/work/git/vggt/colmap_outputs/lego_1_n60_s42_default_mpinhole_farthestpose_sharedcam/eval_results.json,lego_1_n60_s42_default_mpinhole_farthestpose_sharedcam,lego_1_n60_s42_default_mpinhole_farthestpose_sharedcam_i60_gteval_poseopt_steps15000_val_step14999.json,5458,,colmap | farthestpose,60.0
colmap,70,42,,1200,,,,,0,10,farthestpose,70,GT Eval,,,,Pose Opt,,,,,0.0,,False,1.0,1.0,colmap,drums,pinhole,,15000,15000,default,MCMC,,,,,Shared Cam,,,,,,gsplat,,synthetic,18.08875846862793,0.14424897730350494,0.7979006171226501,1000000,0.003584700869396329,0.15213175117969513,0.026397893205285072,0.02429606206715107,0.6189757266588378,0.20311064512817234,1200,/home/ojab2/work/git/gsplat/results/colmap_outputs/drums_1_n70_s42_default_mpinhole_farthestpose_sharedcam_i70_gteval_poseopt_steps15000/stats/val_step14999.json,/home/ojab2/work/git/gsplat/results/colmap_outputs/drums_1_n70_s42_default_mpinhole_farthestpose_sharedcam_i70_gteval_poseopt_steps15000/stats/val_step14999.json,drums_1_n70_s42_default_mpinhole_farthestpose_sharedcam_i70_gteval_poseopt_steps15000,0.2782,0.013316,25,0.54555,,,,/home/ojab2/work/git/vggt/colmap_outputs/drums_1_n70_s42_default_mpinhole_farthestpose_sharedcam/eval_results.json,drums_1_n70_s42_default_mpinhole_farthestpose_sharedcam,drums_1_n70_s42_default_mpinhole_farthestpose_sharedcam_i70_gteval_poseopt_steps15000_val_step14999.json,1200,,colmap | farthestpose,70.0
colmap,70,42,,3111,,,,,0,10,farthestpose,70,GT Eval,,,,Pose Opt,,,,,0.0,,False,1.0,1.0,colmap,ship,pinhole,,15000,15000,default,MCMC,,,,,Shared Cam,,,,,,gsplat,,synthetic,22.493867874145508,0.14407357573509216,0.7554799318313599,1000000,0.0034941884223371744,0.23277071118354797,0.030414806678891182,0.029417330399155617,0.6758526810351093,0.21473154650835535,3111,/home/ojab2/work/git/gsplat/results/colmap_outputs/ship_1_n70_s42_default_mpinhole_farthestpose_sharedcam_i70_gteval_poseopt_steps15000/stats/val_step14999.json,/home/ojab2/work/git/gsplat/results/colmap_outputs/ship_1_n70_s42_default_mpinhole_farthestpose_sharedcam_i70_gteval_poseopt_steps15000/stats/val_step14999.json,ship_1_n70_s42_default_mpinhole_farthestpose_sharedcam_i70_gteval_poseopt_steps15000,0.341,0.020319,59,0.941748,,,,/home/ojab2/work/git/vggt/colmap_outputs/ship_1_n70_s42_default_mpinhole_farthestpose_sharedcam/eval_results.json,ship_1_n70_s42_default_mpinhole_farthestpose_sharedcam,ship_1_n70_s42_default_mpinhole_farthestpose_sharedcam_i70_gteval_poseopt_steps15000_val_step14999.json,3111,,colmap | farthestpose,70.0
colmap,70,42,,7473,,,,,0,10,farthestpose,70,GT Eval,,,,Pose Opt,,,,,0.0,,False,1.0,1.0,colmap,lego,pinhole,,15000,15000,default,MCMC,,,,,Shared Cam,,,,,,gsplat,,synthetic,10.4869384765625,0.546178936958313,0.6376644372940063,1000000,0.8891700506210327,77.42522430419922,0.394959419965744,0.37844374775886536,0.13639100067332013,0.41250521202748835,7473,/home/ojab2/work/git/gsplat/results/colmap_outputs/lego_1_n70_s42_default_mpinhole_farthestpose_sharedcam_i70_gteval_poseopt_steps15000/stats/val_step14999.json,/home/ojab2/work/git/gsplat/results/colmap_outputs/lego_1_n70_s42_default_mpinhole_farthestpose_sharedcam_i70_gteval_poseopt_steps15000/stats/val_step14999.json,lego_1_n70_s42_default_mpinhole_farthestpose_sharedcam_i70_gteval_poseopt_steps15000,72.7904,2.974166,70,0.417763,,,,/home/ojab2/work/git/vggt/colmap_outputs/lego_1_n70_s42_default_mpinhole_farthestpose_sharedcam/eval_results.json,lego_1_n70_s42_default_mpinhole_farthestpose_sharedcam,lego_1_n70_s42_default_mpinhole_farthestpose_sharedcam_i70_gteval_poseopt_steps15000_val_step14999.json,7473,,colmap | farthestpose,70.0
colmap,80,42,,3432,,,,,0,10,farthestpose,80,GT Eval,,,,Pose Opt,,,,,0.0,,False,1.0,1.0,colmap,drums,pinhole,,15000,15000,default,MCMC,,,,,Shared Cam,,,,,,gsplat,,synthetic,21.124267578125,0.09433799982070923,0.8683102130889893,1000000,0.0023864705581218004,0.1433081030845642,0.016119008883833885,0.01761457696557045,0.7471733059954381,0.15498269711467158,3432,/home/ojab2/work/git/gsplat/results/colmap_outputs/drums_1_n80_s42_default_mpinhole_farthestpose_sharedcam_i80_gteval_poseopt_steps15000/stats/val_step14999.json,/home/ojab2/work/git/gsplat/results/colmap_outputs/drums_1_n80_s42_default_mpinhole_farthestpose_sharedcam_i80_gteval_poseopt_steps15000/stats/val_step14999.json,drums_1_n80_s42_default_mpinhole_farthestpose_sharedcam_i80_gteval_poseopt_steps15000,0.2266,0.012312,72,0.827262,,,,/home/ojab2/work/git/vggt/colmap_outputs/drums_1_n80_s42_default_mpinhole_farthestpose_sharedcam/eval_results.json,drums_1_n80_s42_default_mpinhole_farthestpose_sharedcam,drums_1_n80_s42_default_mpinhole_farthestpose_sharedcam_i80_gteval_poseopt_steps15000_val_step14999.json,3432,,colmap | farthestpose,80.0
colmap,80,42,,4250,,,,,0,10,farthestpose,80,GT Eval,,,,Pose Opt,,,,,0.0,,False,1.0,1.0,colmap,ship,pinhole,,15000,15000,default,MCMC,,,,,Shared Cam,,,,,,gsplat,,synthetic,22.758792877197266,0.14007803797721863,0.7641345262527466,1000000,0.002223340095952153,0.11013118177652359,0.02811768837273121,0.029015783220529556,0.688286247270459,0.21034532606336526,4250,/home/ojab2/work/git/gsplat/results/colmap_outputs/ship_1_n80_s42_default_mpinhole_farthestpose_sharedcam_i80_gteval_poseopt_steps15000/stats/val_step14999.json,/home/ojab2/work/git/gsplat/results/colmap_outputs/ship_1_n80_s42_default_mpinhole_farthestpose_sharedcam_i80_gteval_poseopt_steps15000/stats/val_step14999.json,ship_1_n80_s42_default_mpinhole_farthestpose_sharedcam_i80_gteval_poseopt_steps15000,0.214,0.012049,73,0.826711,,,,/home/ojab2/work/git/vggt/colmap_outputs/ship_1_n80_s42_default_mpinhole_farthestpose_sharedcam/eval_results.json,ship_1_n80_s42_default_mpinhole_farthestpose_sharedcam,ship_1_n80_s42_default_mpinhole_farthestpose_sharedcam_i80_gteval_poseopt_steps15000_val_step14999.json,4250,,colmap | farthestpose,80.0
colmap,80,42,,9455,,,,,0,10,farthestpose,80,GT Eval,,,,Pose Opt,,,,,0.0,,False,1.0,1.0,colmap,lego,pinhole,,15000,15000,default,MCMC,,,,,Shared Cam,,,,,,gsplat,,synthetic,10.907835960388184,0.4712463617324829,0.5663655996322632,1000000,0.2067050188779831,12.0929536819458,0.32635846734046936,0.33961281180381775,0.1487448478844973,0.4036307041913839,9455,/home/ojab2/work/git/gsplat/results/colmap_outputs/lego_1_n80_s42_default_mpinhole_farthestpose_sharedcam_i80_gteval_poseopt_steps15000/stats/val_step14999.json,/home/ojab2/work/git/gsplat/results/colmap_outputs/lego_1_n80_s42_default_mpinhole_farthestpose_sharedcam_i80_gteval_poseopt_steps15000/stats/val_step14999.json,lego_1_n80_s42_default_mpinhole_farthestpose_sharedcam_i80_gteval_poseopt_steps15000,11.4943,0.669444,80,0.850149,,,,/home/ojab2/work/git/vggt/colmap_outputs/lego_1_n80_s42_default_mpinhole_farthestpose_sharedcam/eval_results.json,lego_1_n80_s42_default_mpinhole_farthestpose_sharedcam,lego_1_n80_s42_default_mpinhole_farthestpose_sharedcam_i80_gteval_poseopt_steps15000_val_step14999.json,9455,,colmap | farthestpose,80.0
colmap,87,42,,3866,,,,,0,10,farthestpose,87,GT Eval,,,,Pose Opt,,,,,0.0,,False,1.0,1.0,colmap,drums,pinhole,,15000,15000,default,MCMC,,,,,Shared Cam,,,,,,gsplat,,synthetic,22.8007869720459,0.08921363204717636,0.906125545501709,1000000,0.0019269566982984543,0.09517744928598404,0.015581444837152958,0.016012171283364296,0.8034973809032024,0.13361671317880486,3866,/home/ojab2/work/git/gsplat/results/colmap_outputs/drums_1_n87_s42_default_mpinhole_farthestpose_sharedcam_i87_gteval_poseopt_steps15000/stats/val_step14999.json,/home/ojab2/work/git/gsplat/results/colmap_outputs/drums_1_n87_s42_default_mpinhole_farthestpose_sharedcam_i87_gteval_poseopt_steps15000/stats/val_step14999.json,drums_1_n87_s42_default_mpinhole_farthestpose_sharedcam_i87_gteval_poseopt_steps15000,0.1528,0.009899,79,0.837402,,,,/home/ojab2/work/git/vggt/colmap_outputs/drums_1_n87_s42_default_mpinhole_farthestpose_sharedcam/eval_results.json,drums_1_n87_s42_default_mpinhole_farthestpose_sharedcam,drums_1_n87_s42_default_mpinhole_farthestpose_sharedcam_i87_gteval_poseopt_steps15000_val_step14999.json,3866,,colmap | farthestpose,87.0
colmap,87,42,,5146,,,,,0,10,farthestpose,87,GT Eval,,,,Pose Opt,,,,,0.0,,False,1.0,1.0,colmap,ship,pinhole,,15000,15000,default,MCMC,,,,,Shared Cam,,,,,,gsplat,,synthetic,22.677448272705078,0.14222858846187592,0.7592695951461792,1000000,0.0022772701922804117,0.12901882827281952,0.03049098327755928,0.028810393065214157,0.6826073764554086,0.21275657137381176,5146,/home/ojab2/work/git/gsplat/results/colmap_outputs/ship_1_n87_s42_default_mpinhole_farthestpose_sharedcam_i87_gteval_poseopt_steps15000/stats/val_step14999.json,/home/ojab2/work/git/gsplat/results/colmap_outputs/ship_1_n87_s42_default_mpinhole_farthestpose_sharedcam_i87_gteval_poseopt_steps15000/stats/val_step14999.json,ship_1_n87_s42_default_mpinhole_farthestpose_sharedcam_i87_gteval_poseopt_steps15000,0.2458,0.011214,80,0.865091,,,,/home/ojab2/work/git/vggt/colmap_outputs/ship_1_n87_s42_default_mpinhole_farthestpose_sharedcam/eval_results.json,ship_1_n87_s42_default_mpinhole_farthestpose_sharedcam,ship_1_n87_s42_default_mpinhole_farthestpose_sharedcam_i87_gteval_poseopt_steps15000_val_step14999.json,5146,,colmap | farthestpose,87.0
colmap,87,42,,10313,,,,,0,10,farthestpose,87,GT Eval,,,,Pose Opt,,,,,0.0,,False,1.0,1.0,colmap,lego,pinhole,,15000,15000,default,MCMC,,,,,Shared Cam,,,,,,gsplat,,synthetic,23.415613174438477,0.06068120896816254,0.8655398488044739,1000000,0.11611875891685486,10.428851127624512,0.020421398803591728,0.021033968776464462,0.8087613326028387,0.14397459069395593,10313,/home/ojab2/work/git/gsplat/results/colmap_outputs/lego_1_n87_s42_default_mpinhole_farthestpose_sharedcam_i87_gteval_poseopt_steps15000/stats/val_step14999.json,/home/ojab2/work/git/gsplat/results/colmap_outputs/lego_1_n87_s42_default_mpinhole_farthestpose_sharedcam_i87_gteval_poseopt_steps15000/stats/val_step14999.json,lego_1_n87_s42_default_mpinhole_farthestpose_sharedcam_i87_gteval_poseopt_steps15000,10.4784,0.403756,87,0.885202,,,,/home/ojab2/work/git/vggt/colmap_outputs/lego_1_n87_s42_default_mpinhole_farthestpose_sharedcam/eval_results.json,lego_1_n87_s42_default_mpinhole_farthestpose_sharedcam,lego_1_n87_s42_default_mpinhole_farthestpose_sharedcam_i87_gteval_poseopt_steps15000_val_step14999.json,10313,,colmap | farthestpose,87.0
colmap,10,42,,,,,,,0,10,farthestpose,,,,,,,,,,,0.0,,False,1.0,1.0,vggt,lego,pinhole,,,,default,MCMC,,,,,Shared Cam,,,,,,failed_sfm,,synthetic,,,,,,,,,,,,/home/ojab2/work/git/vggt/colmap_outputs/lego_1_n10_s42_default_mpinhole_farthestpose_sharedcam/failed_eval.json,,lego_1_n10_s42_default_mpinhole_farthestpose_sharedcam,,,,,,,,,lego_1_n10_s42_default_mpinhole_farthestpose_sharedcam,,,/home/ojab2/work/git/vggt/colmap_outputs/lego_1_n10_s42_default_mpinhole_farthestpose_sharedcam/failed_eval.json,colmap | farthestpose,10.0
colmap,10,42,,,,,,,0,10,farthestpose,,,,,,,,,,,0.0,,False,1.0,1.0,vggt,ship,pinhole,,,,default,MCMC,,,,,Shared Cam,,,,,,failed_sfm,,synthetic,,,,,,,,,,,,/home/ojab2/work/git/vggt/colmap_outputs/ship_1_n10_s42_default_mpinhole_farthestpose_sharedcam/failed_eval.json,,ship_1_n10_s42_default_mpinhole_farthestpose_sharedcam,,,,,,,,,ship_1_n10_s42_default_mpinhole_farthestpose_sharedcam,,,/home/ojab2/work/git/vggt/colmap_outputs/ship_1_n10_s42_default_mpinhole_farthestpose_sharedcam/failed_eval.json,colmap | farthestpose,10.0
colmap,10,42,,,,,,,0,10,farthestpose,,,,,,,,,,,0.0,,False,1.0,1.0,vggt,drums,pinhole,,,,default,MCMC,,,,,Shared Cam,,,,,,failed_sfm,,synthetic,,,,,,,,,,,,/home/ojab2/work/git/vggt/colmap_outputs/drums_1_n10_s42_default_mpinhole_farthestpose_sharedcam/failed_eval.json,,drums_1_n10_s42_default_mpinhole_farthestpose_sharedcam,,,,,,,,,drums_1_n10_s42_default_mpinhole_farthestpose_sharedcam,,,/home/ojab2/work/git/vggt/colmap_outputs/drums_1_n10_s42_default_mpinhole_farthestpose_sharedcam/failed_eval.json,colmap | farthestpose,10.0
vggt,10,42,0.0,100000,random,,,,0,10,farthestpose,10,GT Eval,,,,Pose Opt,,,,,0.0,,False,1.0,1.0,vggt,lego,,,15000,15000,,MCMC,,,,,,,,,,,gsplat,,synthetic,13.160910606384277,0.3646426200866699,0.5981189608573914,1000000,0.03498070314526558,2.4989686012268066,0.18922840058803558,0.053148090839385986,0.27484244832441046,0.34895975089048586,100000,/home/ojab2/work/git/gsplat/results/vggt_outputs/lego_1_n10_s42_c0.0_p100000_random_farthestpose_i10_gteval_poseopt_steps15000/stats/val_step14999.json,/home/ojab2/work/git/gsplat/results/vggt_outputs/lego_1_n10_s42_c0.0_p100000_random_farthestpose_i10_gteval_poseopt_steps15000/stats/val_step14999.json,lego_1_n10_s42_c0.0_p100000_random_farthestpose_i10_gteval_poseopt_steps15000,2.5484,0.158437,10,4.111717,0.0943,0.0269,0.1191,/home/ojab2/work/git/vggt/vggt_outputs/lego_1_n10_s42_c0.0_p100000_random_farthestpose/eval_results.json,lego_1_n10_s42_c0.0_p100000_random_farthestpose,lego_1_n10_s42_c0.0_p100000_random_farthestpose_i10_gteval_poseopt_steps15000_val_step14999.json,100000,,vggt | farthestpose,10.0
vggt,10,42,0.0,100000,random,,,,0,10,farthestpose,10,GT Eval,,,,Pose Opt,,,,,0.0,,False,1.0,1.0,vggt,ship,,,15000,15000,,MCMC,,,,,,,,,,,gsplat,,synthetic,20.7423038482666,0.17377804219722748,0.6939605474472046,1000000,0.003777428064495325,0.24968695640563965,0.12417115271091461,0.03369256854057312,0.5891039715989059,0.24513841459102229,100000,/home/ojab2/work/git/gsplat/results/vggt_outputs/ship_1_n10_s42_c0.0_p100000_random_farthestpose_i10_gteval_poseopt_steps15000/stats/val_step14999.json,/home/ojab2/work/git/gsplat/results/vggt_outputs/ship_1_n10_s42_c0.0_p100000_random_farthestpose_i10_gteval_poseopt_steps15000/stats/val_step14999.json,ship_1_n10_s42_c0.0_p100000_random_farthestpose_i10_gteval_poseopt_steps15000,0.3226,0.021268,10,4.196754,0.0995,0.0276,0.2459,/home/ojab2/work/git/vggt/vggt_outputs/ship_1_n10_s42_c0.0_p100000_random_farthestpose/eval_results.json,ship_1_n10_s42_c0.0_p100000_random_farthestpose,ship_1_n10_s42_c0.0_p100000_random_farthestpose_i10_gteval_poseopt_steps15000_val_step14999.json,100000,,vggt | farthestpose,10.0
vggt,10,42,0.0,100000,random,,,,0,10,farthestpose,10,GT Eval,,,,Pose Opt,,,,,0.0,,False,1.0,1.0,vggt,drums,,,15000,15000,,MCMC,,,,,,,,,,,gsplat,,synthetic,12.552970886230469,0.41816696524620056,0.6033636331558228,1000000,0.020867060869932175,1.1331332921981812,0.2664596736431122,0.06933683156967163,0.23361164594796507,0.36783670290435333,100000,/home/ojab2/work/git/gsplat/results/vggt_outputs/drums_1_n10_s42_c0.0_p100000_random_farthestpose_i10_gteval_poseopt_steps15000/stats/val_step14999.json,/home/ojab2/work/git/gsplat/results/vggt_outputs/drums_1_n10_s42_c0.0_p100000_random_farthestpose_i10_gteval_poseopt_steps15000/stats/val_step14999.json,drums_1_n10_s42_c0.0_p100000_random_farthestpose_i10_gteval_poseopt_steps15000,1.1533,0.077913,10,3.951663,,,,/home/ojab2/work/git/vggt/vggt_outputs/drums_1_n10_s42_c0.0_p100000_random_farthestpose/eval_results.json,drums_1_n10_s42_c0.0_p100000_random_farthestpose,drums_1_n10_s42_c0.0_p100000_random_farthestpose_i10_gteval_poseopt_steps15000_val_step14999.json,100000,,vggt | farthestpose,10.0
vggt,20,42,0.0,100000,random,,,,0,10,farthestpose,20,GT Eval,,,,Pose Opt,,,,,0.0,,False,1.0,1.0,vggt,lego,,,15000,15000,,MCMC,,,,,,,,,,,gsplat,,synthetic,13.527885437011719,0.3289046585559845,0.6177788972854614,1000000,0.0314418189227581,2.17228627204895,0.15538057684898376,0.04138690233230591,0.3151957874487095,0.3305091516587718,100000,/home/ojab2/work/git/gsplat/results/vggt_outputs/lego_1_n20_s42_c0.0_p100000_random_farthestpose_i20_gteval_poseopt_steps15000/stats/val_step14999.json,/home/ojab2/work/git/gsplat/results/vggt_outputs/lego_1_n20_s42_c0.0_p100000_random_farthestpose_i20_gteval_poseopt_steps15000/stats/val_step14999.json,lego_1_n20_s42_c0.0_p100000_random_farthestpose_i20_gteval_poseopt_steps15000,2.282,0.136623,20,4.112991,0.0677,0.0193,0.1011,/home/ojab2/work/git/vggt/vggt_outputs/lego_1_n20_s42_c0.0_p100000_random_farthestpose/eval_results.json,lego_1_n20_s42_c0.0_p100000_random_farthestpose,lego_1_n20_s42_c0.0_p100000_random_farthestpose_i20_gteval_poseopt_steps15000_val_step14999.json,100000,,vggt | farthestpose,20.0
vggt,20,42,0.0,100000,random,,,,0,10,farthestpose,20,GT Eval,,,,Pose Opt,,,,,0.0,,False,1.0,1.0,vggt,ship,,,15000,15000,,MCMC,,,,,,,,,,,gsplat,,synthetic,22.29784393310547,0.1319945603609085,0.7309792637825012,1000000,0.0047117359936237335,0.27472779154777527,0.10314862430095673,0.025460978969931602,0.6653509143306653,0.21885267008982215,100000,/home/ojab2/work/git/gsplat/results/vggt_outputs/ship_1_n20_s42_c0.0_p100000_random_farthestpose_i20_gteval_poseopt_steps15000/stats/val_step14999.json,/home/ojab2/work/git/gsplat/results/vggt_outputs/ship_1_n20_s42_c0.0_p100000_random_farthestpose_i20_gteval_poseopt_steps15000/stats/val_step14999.json,ship_1_n20_s42_c0.0_p100000_random_farthestpose_i20_gteval_poseopt_steps15000,0.3689,0.022972,20,4.180749,0.0975,0.0269,0.2478,/home/ojab2/work/git/vggt/vggt_outputs/ship_1_n20_s42_c0.0_p100000_random_farthestpose/eval_results.json,ship_1_n20_s42_c0.0_p100000_random_farthestpose,ship_1_n20_s42_c0.0_p100000_random_farthestpose_i20_gteval_poseopt_steps15000_val_step14999.json,100000,,vggt | farthestpose,20.0
vggt,20,42,0.0,100000,random,,,,0,10,farthestpose,20,GT Eval,,,,Pose Opt,,,,,0.0,,False,1.0,1.0,vggt,drums,,,15000,15000,,MCMC,,,,,,,,,,,gsplat,,synthetic,13.024746894836426,0.35147058963775635,0.6518818736076355,1000000,0.013671020977199078,0.8252199292182922,0.22249725461006165,0.06533606350421906,0.3118920809576618,0.3304399668677377,100000,/home/ojab2/work/git/gsplat/results/vggt_outputs/drums_1_n20_s42_c0.0_p100000_random_farthestpose_i20_gteval_poseopt_steps15000/stats/val_step14999.json,/home/ojab2/work/git/gsplat/results/vggt_outputs/drums_1_n20_s42_c0.0_p100000_random_farthestpose_i20_gteval_poseopt_steps15000/stats/val_step14999.json,drums_1_n20_s42_c0.0_p100000_random_farthestpose_i20_gteval_poseopt_steps15000,0.8537,0.052643,20,3.984908,,,,/home/ojab2/work/git/vggt/vggt_outputs/drums_1_n20_s42_c0.0_p100000_random_farthestpose/eval_results.json,drums_1_n20_s42_c0.0_p100000_random_farthestpose,drums_1_n20_s42_c0.0_p100000_random_farthestpose_i20_gteval_poseopt_steps15000_val_step14999.json,100000,,vggt | farthestpose,20.0
vggt,30,42,0.0,100000,random,,,,0,10,farthestpose,30,GT Eval,,,,Pose Opt,,,,,0.0,,False,1.0,1.0,vggt,lego,,,15000,15000,,MCMC,,,,,,,,,,,gsplat,,synthetic,13.8456449508667,0.3083689212799072,0.6319642663002014,1000000,0.02933218516409397,2.1169753074645996,0.14765754342079163,0.039542511105537415,0.34205214136060447,0.3187598353213299,100000,/home/ojab2/work/git/gsplat/results/vggt_outputs/lego_1_n30_s42_c0.0_p100000_random_farthestpose_i30_gteval_poseopt_steps15000/stats/val_step14999.json,/home/ojab2/work/git/gsplat/results/vggt_outputs/lego_1_n30_s42_c0.0_p100000_random_farthestpose_i30_gteval_poseopt_steps15000/stats/val_step14999.json,lego_1_n30_s42_c0.0_p100000_random_farthestpose_i30_gteval_poseopt_steps15000,2.2232,0.131161,30,4.097326,0.0649,0.0185,0.0998,/home/ojab2/work/git/vggt/vggt_outputs/lego_1_n30_s42_c0.0_p100000_random_farthestpose/eval_results.json,lego_1_n30_s42_c0.0_p100000_random_farthestpose,lego_1_n30_s42_c0.0_p100000_random_farthestpose_i30_gteval_poseopt_steps15000_val_step14999.json,100000,,vggt | farthestpose,30.0
vggt,30,42,0.0,100000,random,,,,0,10,farthestpose,30,GT Eval,,,,Pose Opt,,,,,0.0,,False,1.0,1.0,vggt,ship,,,15000,15000,,MCMC,,,,,,,,,,,gsplat,,synthetic,21.941848754882812,0.1384487748146057,0.7162020802497864,1000000,0.0038687291089445353,0.21569392085075378,0.0963425412774086,0.024165701121091843,0.646132700237227,0.22585675735860744,100000,/home/ojab2/work/git/gsplat/results/vggt_outputs/ship_1_n30_s42_c0.0_p100000_random_farthestpose_i30_gteval_poseopt_steps15000/stats/val_step14999.json,/home/ojab2/work/git/gsplat/results/vggt_outputs/ship_1_n30_s42_c0.0_p100000_random_farthestpose_i30_gteval_poseopt_steps15000/stats/val_step14999.json,ship_1_n30_s42_c0.0_p100000_random_farthestpose_i30_gteval_poseopt_steps15000,0.274,0.019493,30,4.168125,0.1011,0.0278,0.258,/home/ojab2/work/git/vggt/vggt_outputs/ship_1_n30_s42_c0.0_p100000_random_farthestpose/eval_results.json,ship_1_n30_s42_c0.0_p100000_random_farthestpose,ship_1_n30_s42_c0.0_p100000_random_farthestpose_i30_gteval_poseopt_steps15000_val_step14999.json,100000,,vggt | farthestpose,30.0
vggt,30,42,0.0,100000,random,,,,0,10,farthestpose,30,GT Eval,,,,Pose Opt,,,,,0.0,,False,1.0,1.0,vggt,drums,,,15000,15000,,MCMC,,,,,,,,,,,gsplat,,synthetic,13.856667518615723,0.28722187876701355,0.6922610998153687,1000000,0.01179701741784811,0.6450808048248291,0.2050703465938568,0.06134996563196182,0.3905712990810377,0.2943702014557016,100000,/home/ojab2/work/git/gsplat/results/vggt_outputs/drums_1_n30_s42_c0.0_p100000_random_farthestpose_i30_gteval_poseopt_steps15000/stats/val_step14999.json,/home/ojab2/work/git/gsplat/results/vggt_outputs/drums_1_n30_s42_c0.0_p100000_random_farthestpose_i30_gteval_poseopt_steps15000/stats/val_step14999.json,drums_1_n30_s42_c0.0_p100000_random_farthestpose_i30_gteval_poseopt_steps15000,0.6952,0.041396,30,4.001407,,,,/home/ojab2/work/git/vggt/vggt_outputs/drums_1_n30_s42_c0.0_p100000_random_farthestpose/eval_results.json,drums_1_n30_s42_c0.0_p100000_random_farthestpose,drums_1_n30_s42_c0.0_p100000_random_farthestpose_i30_gteval_poseopt_steps15000_val_step14999.json,100000,,vggt | farthestpose,30.0
vggt,40,42,0.0,100000,random,,,,0,10,farthestpose,40,GT Eval,,,,Pose Opt,,,,,0.0,,False,1.0,1.0,vggt,lego,,,15000,15000,,MCMC,,,,,,,,,,,gsplat,,synthetic,14.320556640625,0.26488545536994934,0.6630575656890869,1000000,0.0141433235257864,1.1891047954559326,0.1388605237007141,0.038355469703674316,0.3958716639223774,0.2941103203170917,100000,/home/ojab2/work/git/gsplat/results/vggt_outputs/lego_1_n40_s42_c0.0_p100000_random_farthestpose_i40_gteval_poseopt_steps15000/stats/val_step14999.json,/home/ojab2/work/git/gsplat/results/vggt_outputs/lego_1_n40_s42_c0.0_p100000_random_farthestpose_i40_gteval_poseopt_steps15000/stats/val_step14999.json,lego_1_n40_s42_c0.0_p100000_random_farthestpose_i40_gteval_poseopt_steps15000,1.3375,0.068919,40,4.021561,0.0541,0.0152,0.0944,/home/ojab2/work/git/vggt/vggt_outputs/lego_1_n40_s42_c0.0_p100000_random_farthestpose/eval_results.json,lego_1_n40_s42_c0.0_p100000_random_farthestpose,lego_1_n40_s42_c0.0_p100000_random_farthestpose_i40_gteval_poseopt_steps15000_val_step14999.json,100000,,vggt | farthestpose,40.0
vggt,40,42,0.0,100000,random,,,,0,10,farthestpose,40,GT Eval,,,,Pose Opt,,,,,0.0,,False,1.0,1.0,vggt,ship,,,15000,15000,,MCMC,,,,,,,,,,,gsplat,,synthetic,21.67275619506836,0.1381874829530716,0.7131345868110657,1000000,0.0033367816358804703,0.23290853202342987,0.10956966876983643,0.0287588220089674,0.6395169401455421,0.2268630133598234,100000,/home/ojab2/work/git/gsplat/results/vggt_outputs/ship_1_n40_s42_c0.0_p100000_random_farthestpose_i40_gteval_poseopt_steps15000/stats/val_step14999.json,/home/ojab2/work/git/gsplat/results/vggt_outputs/ship_1_n40_s42_c0.0_p100000_random_farthestpose_i40_gteval_poseopt_steps15000/stats/val_step14999.json,ship_1_n40_s42_c0.0_p100000_random_farthestpose_i40_gteval_poseopt_steps15000,0.2698,0.018068,40,4.169342,0.1029,0.0282,0.2617,/home/ojab2/work/git/vggt/vggt_outputs/ship_1_n40_s42_c0.0_p100000_random_farthestpose/eval_results.json,ship_1_n40_s42_c0.0_p100000_random_farthestpose,ship_1_n40_s42_c0.0_p100000_random_farthestpose_i40_gteval_poseopt_steps15000_val_step14999.json,100000,,vggt | farthestpose,40.0
vggt,40,42,0.0,100000,random,,,,0,10,farthestpose,40,GT Eval,,,,Pose Opt,,,,,0.0,,False,1.0,1.0,vggt,drums,,,15000,15000,,MCMC,,,,,,,,,,,gsplat,,synthetic,17.644712448120117,0.11200924217700958,0.7947654128074646,1000000,0.006328662391752005,0.24928505718708038,0.08195652067661285,0.024434417486190796,0.6288202704548294,0.19407916514678508,100000,/home/ojab2/work/git/gsplat/results/vggt_outputs/drums_1_n40_s42_c0.0_p100000_random_farthestpose_i40_gteval_poseopt_steps15000/stats/val_step14999.json,/home/ojab2/work/git/gsplat/results/vggt_outputs/drums_1_n40_s42_c0.0_p100000_random_farthestpose_i40_gteval_poseopt_steps15000/stats/val_step14999.json,drums_1_n40_s42_c0.0_p100000_random_farthestpose_i40_gteval_poseopt_steps15000,0.3733,0.019382,40,4.013289,,,,/home/ojab2/work/git/vggt/vggt_outputs/drums_1_n40_s42_c0.0_p100000_random_farthestpose/eval_results.json,drums_1_n40_s42_c0.0_p100000_random_farthestpose,drums_1_n40_s42_c0.0_p100000_random_farthestpose_i40_gteval_poseopt_steps15000_val_step14999.json,100000,,vggt | farthestpose,40.0
vggt,50,42,0.0,100000,random,,,,0,10,farthestpose,50,GT Eval,,,,Pose Opt,,,,,0.0,,False,1.0,1.0,vggt,lego,,,15000,15000,,MCMC,,,,,,,,,,,gsplat,,synthetic,15.127784729003906,0.22095400094985962,0.6897072792053223,1000000,0.008391236886382103,0.8018075823783875,0.129574716091156,0.03384149447083473,0.45352314175375874,0.26956637491301594,100000,/home/ojab2/work/git/gsplat/results/vggt_outputs/lego_1_n50_s42_c0.0_p100000_random_farthestpose_i50_gteval_poseopt_steps15000/stats/val_step14999.json,/home/ojab2/work/git/gsplat/results/vggt_outputs/lego_1_n50_s42_c0.0_p100000_random_farthestpose_i50_gteval_poseopt_steps15000/stats/val_step14999.json,lego_1_n50_s42_c0.0_p100000_random_farthestpose_i50_gteval_poseopt_steps15000,0.901,0.041792,50,4.032374,0.0485,0.0135,0.0946,/home/ojab2/work/git/vggt/vggt_outputs/lego_1_n50_s42_c0.0_p100000_random_farthestpose/eval_results.json,lego_1_n50_s42_c0.0_p100000_random_farthestpose,lego_1_n50_s42_c0.0_p100000_random_farthestpose_i50_gteval_poseopt_steps15000_val_step14999.json,100000,,vggt | farthestpose,50.0
vggt,50,42,0.0,100000,random,,,,0,10,farthestpose,50,GT Eval,,,,Pose Opt,,,,,0.0,,False,1.0,1.0,vggt,ship,,,15000,15000,,MCMC,,,,,,,,,,,gsplat,,synthetic,22.081077575683594,0.12516064941883087,0.7309906482696533,1000000,0.003817302640527487,0.25618964433670044,0.10411132127046585,0.02730468660593033,0.6655618436658746,0.21667154597724075,100000,/home/ojab2/work/git/gsplat/results/vggt_outputs/ship_1_n50_s42_c0.0_p100000_random_farthestpose_i50_gteval_poseopt_steps15000/stats/val_step14999.json,/home/ojab2/work/git/gsplat/results/vggt_outputs/ship_1_n50_s42_c0.0_p100000_random_farthestpose_i50_gteval_poseopt_steps15000/stats/val_step14999.json,ship_1_n50_s42_c0.0_p100000_random_farthestpose_i50_gteval_poseopt_steps15000,0.3107,0.019548,50,4.181881,0.1037,0.0282,0.2613,/home/ojab2/work/git/vggt/vggt_outputs/ship_1_n50_s42_c0.0_p100000_random_farthestpose/eval_results.json,ship_1_n50_s42_c0.0_p100000_random_farthestpose,ship_1_n50_s42_c0.0_p100000_random_farthestpose_i50_gteval_poseopt_steps15000_val_step14999.json,100000,,vggt | farthestpose,50.0
vggt,50,42,0.0,100000,random,,,,0,10,farthestpose,50,GT Eval,,,,Pose Opt,,,,,0.0,,False,1.0,1.0,vggt,drums,,,15000,15000,,MCMC,,,,,,,,,,,gsplat,,synthetic,19.57465362548828,0.08807382732629776,0.834136962890625,1000000,0.004121017176657915,0.2216212898492813,0.06739527732133865,0.019422316923737526,0.70235916762053,0.1687885497400449,100000,/home/ojab2/work/git/gsplat/results/vggt_outputs/drums_1_n50_s42_c0.0_p100000_random_farthestpose_i50_gteval_poseopt_steps15000/stats/val_step14999.json,/home/ojab2/work/git/gsplat/results/vggt_outputs/drums_1_n50_s42_c0.0_p100000_random_farthestpose_i50_gteval_poseopt_steps15000/stats/val_step14999.json,drums_1_n50_s42_c0.0_p100000_random_farthestpose_i50_gteval_poseopt_steps15000,0.3263,0.018171,50,4.030391,,,,/home/ojab2/work/git/vggt/vggt_outputs/drums_1_n50_s42_c0.0_p100000_random_farthestpose/eval_results.json,drums_1_n50_s42_c0.0_p100000_random_farthestpose,drums_1_n50_s42_c0.0_p100000_random_farthestpose_i50_gteval_poseopt_steps15000_val_step14999.json,100000,,vggt | farthestpose,50.0
vggt,60,42,0.0,100000,random,,,,0,10,farthestpose,60,GT Eval,,,,Pose Opt,,,,,0.0,,False,1.0,1.0,vggt,lego,,,15000,15000,,MCMC,,,,,,,,,,,gsplat,,synthetic,16.13882064819336,0.17421136796474457,0.7138675451278687,1000000,0.005945632699877024,0.5358160138130188,0.10506315529346466,0.02744937129318714,0.5152283167784828,0.24448450532567634,100000,/home/ojab2/work/git/gsplat/results/vggt_outputs/lego_1_n60_s42_c0.0_p100000_random_farthestpose_i60_gteval_poseopt_steps15000/stats/val_step14999.json,/home/ojab2/work/git/gsplat/results/vggt_outputs/lego_1_n60_s42_c0.0_p100000_random_farthestpose_i60_gteval_poseopt_steps15000/stats/val_step14999.json,lego_1_n60_s42_c0.0_p100000_random_farthestpose_i60_gteval_poseopt_steps15000,0.6029,0.028582,60,4.052842,0.045,0.0125,0.1,/home/ojab2/work/git/vggt/vggt_outputs/lego_1_n60_s42_c0.0_p100000_random_farthestpose/eval_results.json,lego_1_n60_s42_c0.0_p100000_random_farthestpose,lego_1_n60_s42_c0.0_p100000_random_farthestpose_i60_gteval_poseopt_steps15000_val_step14999.json,100000,,vggt | farthestpose,60.0
vggt,60,42,0.0,100000,random,,,,0,10,farthestpose,60,GT Eval,,,,Pose Opt,,,,,0.0,,False,1.0,1.0,vggt,ship,,,15000,15000,,MCMC,,,,,,,,,,,gsplat,,synthetic,21.94403076171875,0.12817920744419098,0.7219335436820984,1000000,0.004818711895495653,0.28530487418174744,0.1208653450012207,0.027387555688619614,0.655864079890118,0.22063023038427892,100000,/home/ojab2/work/git/gsplat/results/vggt_outputs/ship_1_n60_s42_c0.0_p100000_random_farthestpose_i60_gteval_poseopt_steps15000/stats/val_step14999.json,/home/ojab2/work/git/gsplat/results/vggt_outputs/ship_1_n60_s42_c0.0_p100000_random_farthestpose_i60_gteval_poseopt_steps15000/stats/val_step14999.json,ship_1_n60_s42_c0.0_p100000_random_farthestpose_i60_gteval_poseopt_steps15000,0.3788,0.020531,60,4.2942,0.1062,0.0288,0.2577,/home/ojab2/work/git/vggt/vggt_outputs/ship_1_n60_s42_c0.0_p100000_random_farthestpose/eval_results.json,ship_1_n60_s42_c0.0_p100000_random_farthestpose,ship_1_n60_s42_c0.0_p100000_random_farthestpose_i60_gteval_poseopt_steps15000_val_step14999.json,100000,,vggt | farthestpose,60.0
vggt,60,42,0.0,100000,random,,,,0,10,farthestpose,60,GT Eval,,,,Pose Opt,,,,,0.0,,False,1.0,1.0,vggt,drums,,,15000,15000,,MCMC,,,,,,,,,,,gsplat,,synthetic,19.93107032775879,0.08755534887313843,0.8467267751693726,1000000,0.00417665671557188,0.24350477755069733,0.06894531846046448,0.019330622628331184,0.7166419886706168,0.16307219217896707,100000,/home/ojab2/work/git/gsplat/results/vggt_outputs/drums_1_n60_s42_c0.0_p100000_random_farthestpose_i60_gteval_poseopt_steps15000/stats/val_step14999.json,/home/ojab2/work/git/gsplat/results/vggt_outputs/drums_1_n60_s42_c0.0_p100000_random_farthestpose_i60_gteval_poseopt_steps15000/stats/val_step14999.json,drums_1_n60_s42_c0.0_p100000_random_farthestpose_i60_gteval_poseopt_steps15000,0.3668,0.018927,60,4.040182,,,,/home/ojab2/work/git/vggt/vggt_outputs/drums_1_n60_s42_c0.0_p100000_random_farthestpose/eval_results.json,drums_1_n60_s42_c0.0_p100000_random_farthestpose,drums_1_n60_s42_c0.0_p100000_random_farthestpose_i60_gteval_poseopt_steps15000_val_step14999.json,100000,,vggt | farthestpose,60.0
vggt,70,42,0.0,100000,random,,,,0,10,farthestpose,70,GT Eval,,,,Pose Opt,,,,,0.0,,False,1.0,1.0,vggt,lego,,,15000,15000,,MCMC,,,,,,,,,,,gsplat,,synthetic,18.53453826904297,0.10130824893712997,0.7602358460426331,1000000,0.005594093352556229,0.34441447257995605,0.08646495640277863,0.022039057686924934,0.6317113486782462,0.20165963820610855,100000,/home/ojab2/work/git/gsplat/results/vggt_outputs/lego_1_n70_s42_c0.0_p100000_random_farthestpose_i70_gteval_poseopt_steps15000/stats/val_step14999.json,/home/ojab2/work/git/gsplat/results/vggt_outputs/lego_1_n70_s42_c0.0_p100000_random_farthestpose_i70_gteval_poseopt_steps15000/stats/val_step14999.json,lego_1_n70_s42_c0.0_p100000_random_farthestpose_i70_gteval_poseopt_steps15000,0.4393,0.021293,70,4.048736,0.0432,0.012,0.1049,/home/ojab2/work/git/vggt/vggt_outputs/lego_1_n70_s42_c0.0_p100000_random_farthestpose/eval_results.json,lego_1_n70_s42_c0.0_p100000_random_farthestpose,lego_1_n70_s42_c0.0_p100000_random_farthestpose_i70_gteval_poseopt_steps15000_val_step14999.json,100000,,vggt | farthestpose,70.0
vggt,70,42,0.0,100000,random,,,,0,10,farthestpose,70,GT Eval,,,,Pose Opt,,,,,0.0,,False,1.0,1.0,vggt,ship,,,15000,15000,,MCMC,,,,,,,,,,,gsplat,,synthetic,22.995784759521484,0.12369890511035919,0.7449156045913696,1000000,0.006358988117426634,0.3276366591453552,0.1278059035539627,0.026594465598464012,0.6915464262012694,0.21125814940597115,100000,/home/ojab2/work/git/gsplat/results/vggt_outputs/ship_1_n70_s42_c0.0_p100000_random_farthestpose_i70_gteval_poseopt_steps15000/stats/val_step14999.json,/home/ojab2/work/git/gsplat/results/vggt_outputs/ship_1_n70_s42_c0.0_p100000_random_farthestpose_i70_gteval_poseopt_steps15000/stats/val_step14999.json,ship_1_n70_s42_c0.0_p100000_random_farthestpose_i70_gteval_poseopt_steps15000,0.4193,0.023856,70,4.293478,0.1036,0.028,0.2492,/home/ojab2/work/git/vggt/vggt_outputs/ship_1_n70_s42_c0.0_p100000_random_farthestpose/eval_results.json,ship_1_n70_s42_c0.0_p100000_random_farthestpose,ship_1_n70_s42_c0.0_p100000_random_farthestpose_i70_gteval_poseopt_steps15000_val_step14999.json,100000,,vggt | farthestpose,70.0
vggt,70,42,0.0,100000,random,,,,0,10,farthestpose,70,GT Eval,,,,Pose Opt,,,,,0.0,,False,1.0,1.0,vggt,drums,,,15000,15000,,MCMC,,,,,,,,,,,gsplat,,synthetic,19.61494255065918,0.09076230973005295,0.840417206287384,1000000,0.0025145437102764845,0.13765691220760345,0.09266629070043564,0.022259045392274857,0.7051183587452123,0.16705586076029158,100000,/home/ojab2/work/git/gsplat/results/vggt_outputs/drums_1_n70_s42_c0.0_p100000_random_farthestpose_i70_gteval_poseopt_steps15000/stats/val_step14999.json,/home/ojab2/work/git/gsplat/results/vggt_outputs/drums_1_n70_s42_c0.0_p100000_random_farthestpose_i70_gteval_poseopt_steps15000/stats/val_step14999.json,drums_1_n70_s42_c0.0_p100000_random_farthestpose_i70_gteval_poseopt_steps15000,0.1748,0.009322,70,3.908628,,,,/home/ojab2/work/git/vggt/vggt_outputs/drums_1_n70_s42_c0.0_p100000_random_farthestpose/eval_results.json,drums_1_n70_s42_c0.0_p100000_random_farthestpose,drums_1_n70_s42_c0.0_p100000_random_farthestpose_i70_gteval_poseopt_steps15000_val_step14999.json,100000,,vggt | farthestpose,70.0
vggt,80,42,0.0,100000,random,,,,0,10,farthestpose,80,GT Eval,,,,Pose Opt,,,,,0.0,,False,1.0,1.0,vggt,lego,,,15000,15000,,MCMC,,,,,,,,,,,gsplat,,synthetic,20.308212280273438,0.07389406114816666,0.7776541113853455,1000000,0.005818604491651058,0.26687952876091003,0.08255015313625336,0.020227927714586258,0.6916656219258256,0.1849148813490341,100000,/home/ojab2/work/git/gsplat/results/vggt_outputs/lego_1_n80_s42_c0.0_p100000_random_farthestpose_i80_gteval_poseopt_steps15000/stats/val_step14999.json,/home/ojab2/work/git/gsplat/results/vggt_outputs/lego_1_n80_s42_c0.0_p100000_random_farthestpose_i80_gteval_poseopt_steps15000/stats/val_step14999.json,lego_1_n80_s42_c0.0_p100000_random_farthestpose_i80_gteval_poseopt_steps15000,0.347,0.019011,80,4.049701,0.0453,0.0127,0.1112,/home/ojab2/work/git/vggt/vggt_outputs/lego_1_n80_s42_c0.0_p100000_random_farthestpose/eval_results.json,lego_1_n80_s42_c0.0_p100000_random_farthestpose,lego_1_n80_s42_c0.0_p100000_random_farthestpose_i80_gteval_poseopt_steps15000_val_step14999.json,100000,,vggt | farthestpose,80.0
vggt,80,42,0.0,100000,random,,,,0,10,farthestpose,80,GT Eval,,,,Pose Opt,,,,,0.0,,False,1.0,1.0,vggt,ship,,,15000,15000,,MCMC,,,,,,,,,,,gsplat,,synthetic,21.40102767944336,0.14189113676548004,0.7172306776046753,1000000,0.0076913898810744286,0.3725126385688782,0.1479223072528839,0.028879709541797638,0.6345940992729937,0.22696478993351635,100000,/home/ojab2/work/git/gsplat/results/vggt_outputs/ship_1_n80_s42_c0.0_p100000_random_farthestpose_i80_gteval_poseopt_steps15000/stats/val_step14999.json,/home/ojab2/work/git/gsplat/results/vggt_outputs/ship_1_n80_s42_c0.0_p100000_random_farthestpose_i80_gteval_poseopt_steps15000/stats/val_step14999.json,ship_1_n80_s42_c0.0_p100000_random_farthestpose_i80_gteval_poseopt_steps15000,0.4568,0.026057,80,4.29754,0.1053,0.0284,0.2435,/home/ojab2/work/git/vggt/vggt_outputs/ship_1_n80_s42_c0.0_p100000_random_farthestpose/eval_results.json,ship_1_n80_s42_c0.0_p100000_random_farthestpose,ship_1_n80_s42_c0.0_p100000_random_farthestpose_i80_gteval_poseopt_steps15000_val_step14999.json,100000,,vggt | farthestpose,80.0
vggt,80,42,0.0,100000,random,,,,0,10,farthestpose,80,GT Eval,,,,Pose Opt,,,,,0.0,,False,1.0,1.0,vggt,drums,,,15000,15000,,MCMC,,,,,,,,,,,gsplat,,synthetic,20.2054386138916,0.08719322085380554,0.8526256084442139,1000000,0.0026758317835628986,0.1254969835281372,0.0843486413359642,0.019581666216254234,0.7253960287749108,0.16020830641613257,100000,/home/ojab2/work/git/gsplat/results/vggt_outputs/drums_1_n80_s42_c0.0_p100000_random_farthestpose_i80_gteval_poseopt_steps15000/stats/val_step14999.json,/home/ojab2/work/git/gsplat/results/vggt_outputs/drums_1_n80_s42_c0.0_p100000_random_farthestpose_i80_gteval_poseopt_steps15000/stats/val_step14999.json,drums_1_n80_s42_c0.0_p100000_random_farthestpose_i80_gteval_poseopt_steps15000,0.1823,0.009595,80,3.888211,,,,/home/ojab2/work/git/vggt/vggt_outputs/drums_1_n80_s42_c0.0_p100000_random_farthestpose/eval_results.json,drums_1_n80_s42_c0.0_p100000_random_farthestpose,drums_1_n80_s42_c0.0_p100000_random_farthestpose_i80_gteval_poseopt_steps15000_val_step14999.json,100000,,vggt | farthestpose,80.0
vggt,87,42,0.0,100000,random,,,,0,10,farthestpose,87,GT Eval,,,,Pose Opt,,,,,0.0,,False,1.0,1.0,vggt,lego,,,15000,15000,,MCMC,,,,,,,,,,,gsplat,,synthetic,20.352569580078125,0.07587305456399918,0.773491382598877,1000000,0.006157866213470697,0.2516995370388031,0.08927708864212036,0.02102166973054409,0.6888311082101471,0.1870075088630269,100000,/home/ojab2/work/git/gsplat/results/vggt_outputs/lego_1_n87_s42_c0.0_p100000_random_farthestpose_i87_gteval_poseopt_steps15000/stats/val_step14999.json,/home/ojab2/work/git/gsplat/results/vggt_outputs/lego_1_n87_s42_c0.0_p100000_random_farthestpose_i87_gteval_poseopt_steps15000/stats/val_step14999.json,lego_1_n87_s42_c0.0_p100000_random_farthestpose_i87_gteval_poseopt_steps15000,0.2976,0.018838,87,4.04904,0.0478,0.0135,0.118,/home/ojab2/work/git/vggt/vggt_outputs/lego_1_n87_s42_c0.0_p100000_random_farthestpose/eval_results.json,lego_1_n87_s42_c0.0_p100000_random_farthestpose,lego_1_n87_s42_c0.0_p100000_random_farthestpose_i87_gteval_poseopt_steps15000_val_step14999.json,100000,,vggt | farthestpose,87.0
vggt,87,42,0.0,100000,random,,,,0,10,farthestpose,87,GT Eval,,,,Pose Opt,,,,,0.0,,False,1.0,1.0,vggt,ship,,,15000,15000,,MCMC,,,,,,,,,,,gsplat,,synthetic,22.858901977539062,0.1296185404062271,0.748465359210968,1000000,0.008311179466545582,0.3772093653678894,0.14261142909526825,0.027311956509947777,0.6874333439011167,0.21210940347301177,100000,/home/ojab2/work/git/gsplat/results/vggt_outputs/ship_1_n87_s42_c0.0_p100000_random_farthestpose_i87_gteval_poseopt_steps15000/stats/val_step14999.json,/home/ojab2/work/git/gsplat/results/vggt_outputs/ship_1_n87_s42_c0.0_p100000_random_farthestpose_i87_gteval_poseopt_steps15000/stats/val_step14999.json,ship_1_n87_s42_c0.0_p100000_random_farthestpose_i87_gteval_poseopt_steps15000,0.4869,0.027807,87,4.301907,0.1056,0.0284,0.2389,/home/ojab2/work/git/vggt/vggt_outputs/ship_1_n87_s42_c0.0_p100000_random_farthestpose/eval_results.json,ship_1_n87_s42_c0.0_p100000_random_farthestpose,ship_1_n87_s42_c0.0_p100000_random_farthestpose_i87_gteval_poseopt_steps15000_val_step14999.json,100000,,vggt | farthestpose,87.0
vggt,87,42,0.0,100000,random,,,,0,10,farthestpose,87,GT Eval,,,,Pose Opt,,,,,0.0,,False,1.0,1.0,vggt,drums,,,15000,15000,,MCMC,,,,,,,,,,,gsplat,,synthetic,20.899389266967773,0.08484406024217606,0.8690087795257568,1000000,0.0031003891490399837,0.11593722552061081,0.07793186604976654,0.017566045746207237,0.749277867739893,0.15163353376661962,100000,/home/ojab2/work/git/gsplat/results/vggt_outputs/drums_1_n87_s42_c0.0_p100000_random_farthestpose_i87_gteval_poseopt_steps15000/stats/val_step14999.json,/home/ojab2/work/git/gsplat/results/vggt_outputs/drums_1_n87_s42_c0.0_p100000_random_farthestpose_i87_gteval_poseopt_steps15000/stats/val_step14999.json,drums_1_n87_s42_c0.0_p100000_random_farthestpose_i87_gteval_poseopt_steps15000,0.173,0.01002,87,3.881439,,,,/home/ojab2/work/git/vggt/vggt_outputs/drums_1_n87_s42_c0.0_p100000_random_farthestpose/eval_results.json,drums_1_n87_s42_c0.0_p100000_random_farthestpose,drums_1_n87_s42_c0.0_p100000_random_farthestpose_i87_gteval_poseopt_steps15000_val_step14999.json,100000,,vggt | farthestpose,87.0
colmap,20,42,,67,,,,,0,10,minfarthestpose,20,GT Eval,,,,Pose Opt,,,,,0.0,,False,1.0,1.0,colmap,ship,pinhole,,15000,15000,default,MCMC,,,,,Shared Cam,,,,,,gsplat,,synthetic,15.517499923706055,0.4813767075538635,0.4968340992927551,64306,0.014915050007402897,0.9553890228271484,0.08178585767745972,0.09800693392753601,0.18719399935863018,0.4062630256765445,67,/home/ojab2/work/git/gsplat/results/colmap_outputs/ship_1_n20_s42_default_mpinhole_minfarthestpose_sharedcam_i20_gteval_poseopt_steps15000/stats/val_step14999.json,/home/ojab2/work/git/gsplat/results/colmap_outputs/ship_1_n20_s42_default_mpinhole_minfarthestpose_sharedcam_i20_gteval_poseopt_steps15000/stats/val_step14999.json,ship_1_n20_s42_default_mpinhole_minfarthestpose_sharedcam_i20_gteval_poseopt_steps15000,0.5408,0.007211,3,0.234548,,,,/home/ojab2/work/git/vggt/colmap_outputs/ship_1_n20_s42_default_mpinhole_minfarthestpose_sharedcam/eval_results.json,ship_1_n20_s42_default_mpinhole_minfarthestpose_sharedcam,ship_1_n20_s42_default_mpinhole_minfarthestpose_sharedcam_i20_gteval_poseopt_steps15000_val_step14999.json,67,,colmap | minfarthestpose,20.0
colmap,30,42,,172,,,,,0,10,minfarthestpose,30,GT Eval,,,,Pose Opt,,,,,0.0,,False,1.0,1.0,colmap,ship,pinhole,,15000,15000,default,MCMC,,,,,Shared Cam,,,,,,gsplat,,synthetic,17.583341598510742,0.3620989918708801,0.6054853200912476,183435,0.01162265706807375,0.7627747654914856,0.09144324064254761,0.0676516443490982,0.3626172718403787,0.3358826071857009,172,/home/ojab2/work/git/gsplat/results/colmap_outputs/ship_1_n30_s42_default_mpinhole_minfarthestpose_sharedcam_i30_gteval_poseopt_steps15000/stats/val_step14999.json,/home/ojab2/work/git/gsplat/results/colmap_outputs/ship_1_n30_s42_default_mpinhole_minfarthestpose_sharedcam_i30_gteval_poseopt_steps15000/stats/val_step14999.json,ship_1_n30_s42_default_mpinhole_minfarthestpose_sharedcam_i30_gteval_poseopt_steps15000,3.2385,0.035257,6,0.5679,,,,/home/ojab2/work/git/vggt/colmap_outputs/ship_1_n30_s42_default_mpinhole_minfarthestpose_sharedcam/eval_results.json,ship_1_n30_s42_default_mpinhole_minfarthestpose_sharedcam,ship_1_n30_s42_default_mpinhole_minfarthestpose_sharedcam_i30_gteval_poseopt_steps15000_val_step14999.json,172,,colmap | minfarthestpose,30.0
colmap,30,42,,413,,,,,0,10,minfarthestpose,30,GT Eval,,,,Pose Opt,,,,,0.0,,False,1.0,1.0,colmap,lego,pinhole,,15000,15000,default,MCMC,,,,,Shared Cam,,,,,,gsplat,,synthetic,16.640348434448242,0.24023938179016113,0.6694571375846863,453033,0.378519207239151,21.10939598083496,0.05122794955968857,0.04222974181175232,0.4577868365869652,0.2789477517786564,413,/home/ojab2/work/git/gsplat/results/colmap_outputs/lego_1_n30_s42_default_mpinhole_minfarthestpose_sharedcam_i30_gteval_poseopt_steps15000/stats/val_step14999.json,/home/ojab2/work/git/gsplat/results/colmap_outputs/lego_1_n30_s42_default_mpinhole_minfarthestpose_sharedcam_i30_gteval_poseopt_steps15000/stats/val_step14999.json,lego_1_n30_s42_default_mpinhole_minfarthestpose_sharedcam_i30_gteval_poseopt_steps15000,21.1938,0.973657,14,0.804279,,,,/home/ojab2/work/git/vggt/colmap_outputs/lego_1_n30_s42_default_mpinhole_minfarthestpose_sharedcam/eval_results.json,lego_1_n30_s42_default_mpinhole_minfarthestpose_sharedcam,lego_1_n30_s42_default_mpinhole_minfarthestpose_sharedcam_i30_gteval_poseopt_steps15000_val_step14999.json,413,,colmap | minfarthestpose,30.0
colmap,40,42,,268,,,,,0,10,minfarthestpose,40,GT Eval,,,,Pose Opt,,,,,0.0,,False,1.0,1.0,colmap,ship,pinhole,,15000,15000,default,MCMC,,,,,Shared Cam,,,,,,gsplat,,synthetic,19.099550247192383,0.29181015491485596,0.6571395993232727,291657,0.012607472017407417,0.49933284521102905,0.05599997937679291,0.04268219694495201,0.464290561576878,0.2965523141345437,268,/home/ojab2/work/git/gsplat/results/colmap_outputs/ship_1_n40_s42_default_mpinhole_minfarthestpose_sharedcam_i40_gteval_poseopt_steps15000/stats/val_step14999.json,/home/ojab2/work/git/gsplat/results/colmap_outputs/ship_1_n40_s42_default_mpinhole_minfarthestpose_sharedcam_i40_gteval_poseopt_steps15000/stats/val_step14999.json,ship_1_n40_s42_default_mpinhole_minfarthestpose_sharedcam_i40_gteval_poseopt_steps15000,1.0151,0.038216,9,0.598282,,,,/home/ojab2/work/git/vggt/colmap_outputs/ship_1_n40_s42_default_mpinhole_minfarthestpose_sharedcam/eval_results.json,ship_1_n40_s42_default_mpinhole_minfarthestpose_sharedcam,ship_1_n40_s42_default_mpinhole_minfarthestpose_sharedcam_i40_gteval_poseopt_steps15000_val_step14999.json,268,,colmap | minfarthestpose,40.0
colmap,40,42,,299,,,,,0,10,minfarthestpose,40,GT Eval,,,,Pose Opt,,,,,0.0,,False,1.0,1.0,colmap,drums,pinhole,,15000,15000,default,MCMC,,,,,Shared Cam,,,,,,gsplat,,synthetic,15.964738845825195,0.23876352608203888,0.7240808606147766,323650,0.011252613738179207,0.36892667412757874,0.034133974462747574,0.036642350256443024,0.4781302676292268,0.26312240774164,299,/home/ojab2/work/git/gsplat/results/colmap_outputs/drums_1_n40_s42_default_mpinhole_minfarthestpose_sharedcam_i40_gteval_poseopt_steps15000/stats/val_step14999.json,/home/ojab2/work/git/gsplat/results/colmap_outputs/drums_1_n40_s42_default_mpinhole_minfarthestpose_sharedcam_i40_gteval_poseopt_steps15000/stats/val_step14999.json,drums_1_n40_s42_default_mpinhole_minfarthestpose_sharedcam_i40_gteval_poseopt_steps15000,0.9697,0.048106,15,0.496743,,,,/home/ojab2/work/git/vggt/colmap_outputs/drums_1_n40_s42_default_mpinhole_minfarthestpose_sharedcam/eval_results.json,drums_1_n40_s42_default_mpinhole_minfarthestpose_sharedcam,drums_1_n40_s42_default_mpinhole_minfarthestpose_sharedcam_i40_gteval_poseopt_steps15000_val_step14999.json,299,,colmap | minfarthestpose,40.0
colmap,40,42,,1509,,,,,0,10,minfarthestpose,40,GT Eval,,,,Pose Opt,,,,,0.0,,False,1.0,1.0,colmap,lego,pinhole,,15000,15000,default,MCMC,,,,,Shared Cam,,,,,,gsplat,,synthetic,20.579362869262695,0.08492744714021683,0.8054192066192627,1000000,0.0058824848383665085,0.34170886874198914,0.022941691800951958,0.024804549291729927,0.7061130948330847,0.17826389951386515,1509,/home/ojab2/work/git/gsplat/results/colmap_outputs/lego_1_n40_s42_default_mpinhole_minfarthestpose_sharedcam_i40_gteval_poseopt_steps15000/stats/val_step14999.json,/home/ojab2/work/git/gsplat/results/colmap_outputs/lego_1_n40_s42_default_mpinhole_minfarthestpose_sharedcam_i40_gteval_poseopt_steps15000/stats/val_step14999.json,lego_1_n40_s42_default_mpinhole_minfarthestpose_sharedcam_i40_gteval_poseopt_steps15000,0.5318,0.027329,36,0.864206,,,,/home/ojab2/work/git/vggt/colmap_outputs/lego_1_n40_s42_default_mpinhole_minfarthestpose_sharedcam/eval_results.json,lego_1_n40_s42_default_mpinhole_minfarthestpose_sharedcam,lego_1_n40_s42_default_mpinhole_minfarthestpose_sharedcam_i40_gteval_poseopt_steps15000_val_step14999.json,1509,,colmap | minfarthestpose,40.0
colmap,50,42,,793,,,,,0,10,minfarthestpose,50,GT Eval,,,,Pose Opt,,,,,0.0,,False,1.0,1.0,colmap,ship,pinhole,,15000,15000,default,MCMC,,,,,Shared Cam,,,,,,gsplat,,synthetic,22.347625732421875,0.19340598583221436,0.7339017987251282,881162,0.001952750259079039,0.09447245299816132,0.03326558321714401,0.030468901619315147,0.6300735969369949,0.23835909093588517,793,/home/ojab2/work/git/gsplat/results/colmap_outputs/ship_1_n50_s42_default_mpinhole_minfarthestpose_sharedcam_i50_gteval_poseopt_steps15000/stats/val_step14999.json,/home/ojab2/work/git/gsplat/results/colmap_outputs/ship_1_n50_s42_default_mpinhole_minfarthestpose_sharedcam_i50_gteval_poseopt_steps15000/stats/val_step14999.json,ship_1_n50_s42_default_mpinhole_minfarthestpose_sharedcam_i50_gteval_poseopt_steps15000,0.2383,0.012988,27,0.661359,,,,/home/ojab2/work/git/vggt/colmap_outputs/ship_1_n50_s42_default_mpinhole_minfarthestpose_sharedcam/eval_results.json,ship_1_n50_s42_default_mpinhole_minfarthestpose_sharedcam,ship_1_n50_s42_default_mpinhole_minfarthestpose_sharedcam_i50_gteval_poseopt_steps15000_val_step14999.json,793,,colmap | minfarthestpose,50.0
colmap,50,42,,803,,,,,0,10,minfarthestpose,50,GT Eval,,,,Pose Opt,,,,,0.0,,False,1.0,1.0,colmap,drums,pinhole,,15000,15000,default,MCMC,,,,,Shared Cam,,,,,,gsplat,,synthetic,19.63103675842285,0.11928069591522217,0.8347940444946289,894370,0.0031282654963433743,0.17420293390750885,0.018865061923861504,0.019724704325199127,0.6845240588309007,0.1788742508372541,803,/home/ojab2/work/git/gsplat/results/colmap_outputs/drums_1_n50_s42_default_mpinhole_minfarthestpose_sharedcam_i50_gteval_poseopt_steps15000/stats/val_step14999.json,/home/ojab2/work/git/gsplat/results/colmap_outputs/drums_1_n50_s42_default_mpinhole_minfarthestpose_sharedcam_i50_gteval_poseopt_steps15000/stats/val_step14999.json,drums_1_n50_s42_default_mpinhole_minfarthestpose_sharedcam_i50_gteval_poseopt_steps15000,0.3547,0.019978,33,0.693754,,,,/home/ojab2/work/git/vggt/colmap_outputs/drums_1_n50_s42_default_mpinhole_minfarthestpose_sharedcam/eval_results.json,drums_1_n50_s42_default_mpinhole_minfarthestpose_sharedcam,drums_1_n50_s42_default_mpinhole_minfarthestpose_sharedcam_i50_gteval_poseopt_steps15000_val_step14999.json,803,,colmap | minfarthestpose,50.0
colmap,50,42,,2837,,,,,0,10,minfarthestpose,50,GT Eval,,,,Pose Opt,,,,,0.0,,False,1.0,1.0,colmap,lego,pinhole,,15000,15000,default,MCMC,,,,,Shared Cam,,,,,,gsplat,,synthetic,9.463221549987793,0.6135508418083191,0.49587282538414,1000000,0.5301606059074402,37.08479690551758,0.61783766746521,0.7075128555297852,-0.007073387067917454,0.4789086819426361,2837,/home/ojab2/work/git/gsplat/results/colmap_outputs/lego_1_n50_s42_default_mpinhole_minfarthestpose_sharedcam_i50_gteval_poseopt_steps15000/stats/val_step14999.json,/home/ojab2/work/git/gsplat/results/colmap_outputs/lego_1_n50_s42_default_mpinhole_minfarthestpose_sharedcam_i50_gteval_poseopt_steps15000/stats/val_step14999.json,lego_1_n50_s42_default_mpinhole_minfarthestpose_sharedcam_i50_gteval_poseopt_steps15000,37.2085,1.621086,48,0.702186,,,,/home/ojab2/work/git/vggt/colmap_outputs/lego_1_n50_s42_default_mpinhole_minfarthestpose_sharedcam/eval_results.json,lego_1_n50_s42_default_mpinhole_minfarthestpose_sharedcam,lego_1_n50_s42_default_mpinhole_minfarthestpose_sharedcam_i50_gteval_poseopt_steps15000_val_step14999.json,2837,,colmap | minfarthestpose,50.0
colmap,60,42,,1175,,,,,0,10,minfarthestpose,60,GT Eval,,,,Pose Opt,,,,,0.0,,False,1.0,1.0,colmap,drums,pinhole,,15000,15000,default,MCMC,,,,,Shared Cam,,,,,,gsplat,,synthetic,22.69240951538086,0.09686394035816193,0.904207706451416,1000000,0.003082908922806382,0.14730142056941986,0.01630687154829502,0.017062576487660408,0.7956464351230507,0.1372489846608921,1175,/home/ojab2/work/git/gsplat/results/colmap_outputs/drums_1_n60_s42_default_mpinhole_minfarthestpose_sharedcam_i60_gteval_poseopt_steps15000/stats/val_step14999.json,/home/ojab2/work/git/gsplat/results/colmap_outputs/drums_1_n60_s42_default_mpinhole_minfarthestpose_sharedcam_i60_gteval_poseopt_steps15000/stats/val_step14999.json,drums_1_n60_s42_default_mpinhole_minfarthestpose_sharedcam_i60_gteval_poseopt_steps15000,0.2927,0.018285,44,0.770645,,,,/home/ojab2/work/git/vggt/colmap_outputs/drums_1_n60_s42_default_mpinhole_minfarthestpose_sharedcam/eval_results.json,drums_1_n60_s42_default_mpinhole_minfarthestpose_sharedcam,drums_1_n60_s42_default_mpinhole_minfarthestpose_sharedcam_i60_gteval_poseopt_steps15000_val_step14999.json,1175,,colmap | minfarthestpose,60.0
colmap,60,42,,1962,,,,,0,10,minfarthestpose,60,GT Eval,,,,Pose Opt,,,,,0.0,,False,1.0,1.0,colmap,ship,pinhole,,15000,15000,default,MCMC,,,,,Shared Cam,,,,,,gsplat,,synthetic,22.472400665283203,0.15170033276081085,0.7520791292190552,1000000,0.002685156650841236,0.1464224010705948,0.027460584416985512,0.02909757010638714,0.66875849196553,0.218425375476067,1962,/home/ojab2/work/git/gsplat/results/colmap_outputs/ship_1_n60_s42_default_mpinhole_minfarthestpose_sharedcam_i60_gteval_poseopt_steps15000/stats/val_step14999.json,/home/ojab2/work/git/gsplat/results/colmap_outputs/ship_1_n60_s42_default_mpinhole_minfarthestpose_sharedcam_i60_gteval_poseopt_steps15000/stats/val_step14999.json,ship_1_n60_s42_default_mpinhole_minfarthestpose_sharedcam_i60_gteval_poseopt_steps15000,0.3285,0.016235,52,0.800742,,,,/home/ojab2/work/git/vggt/colmap_outputs/ship_1_n60_s42_default_mpinhole_minfarthestpose_sharedcam/eval_results.json,ship_1_n60_s42_default_mpinhole_minfarthestpose_sharedcam,ship_1_n60_s42_default_mpinhole_minfarthestpose_sharedcam_i60_gteval_poseopt_steps15000_val_step14999.json,1962,,colmap | minfarthestpose,60.0
colmap,60,42,,4233,,,,,0,10,minfarthestpose,60,GT Eval,,,,Pose Opt,,,,,0.0,,False,1.0,1.0,colmap,lego,pinhole,,15000,15000,default,MCMC,,,,,Shared Cam,,,,,,gsplat,,synthetic,9.542238235473633,0.6051451563835144,0.48717615008354187,1000000,0.552520215511322,42.823490142822266,0.5752184391021729,0.6314521431922913,-0.005507195437395936,0.47745941742808473,4233,/home/ojab2/work/git/gsplat/results/colmap_outputs/lego_1_n60_s42_default_mpinhole_minfarthestpose_sharedcam_i60_gteval_poseopt_steps15000/stats/val_step14999.json,/home/ojab2/work/git/gsplat/results/colmap_outputs/lego_1_n60_s42_default_mpinhole_minfarthestpose_sharedcam_i60_gteval_poseopt_steps15000/stats/val_step14999.json,lego_1_n60_s42_default_mpinhole_minfarthestpose_sharedcam_i60_gteval_poseopt_steps15000,42.7544,1.76595,59,0.712957,,,,/home/ojab2/work/git/vggt/colmap_outputs/lego_1_n60_s42_default_mpinhole_minfarthestpose_sharedcam/eval_results.json,lego_1_n60_s42_default_mpinhole_minfarthestpose_sharedcam,lego_1_n60_s42_default_mpinhole_minfarthestpose_sharedcam_i60_gteval_poseopt_steps15000_val_step14999.json,4233,,colmap | minfarthestpose,60.0
colmap,70,42,,1711,,,,,0,10,minfarthestpose,70,GT Eval,,,,Pose Opt,,,,,0.0,,False,1.0,1.0,colmap,drums,pinhole,,15000,15000,default,MCMC,,,,,Shared Cam,,,,,,gsplat,,synthetic,21.484983444213867,0.09945327043533325,0.8802432417869568,1000000,0.002935430034995079,0.1408967822790146,0.01710200123488903,0.017567763105034828,0.7576740343435928,0.15087204778531638,1711,/home/ojab2/work/git/gsplat/results/colmap_outputs/drums_1_n70_s42_default_mpinhole_minfarthestpose_sharedcam_i70_gteval_poseopt_steps15000/stats/val_step14999.json,/home/ojab2/work/git/gsplat/results/colmap_outputs/drums_1_n70_s42_default_mpinhole_minfarthestpose_sharedcam_i70_gteval_poseopt_steps15000/stats/val_step14999.json,drums_1_n70_s42_default_mpinhole_minfarthestpose_sharedcam_i70_gteval_poseopt_steps15000,0.2295,0.014344,53,0.75209,,,,/home/ojab2/work/git/vggt/colmap_outputs/drums_1_n70_s42_default_mpinhole_minfarthestpose_sharedcam/eval_results.json,drums_1_n70_s42_default_mpinhole_minfarthestpose_sharedcam,drums_1_n70_s42_default_mpinhole_minfarthestpose_sharedcam_i70_gteval_poseopt_steps15000_val_step14999.json,1711,,colmap | minfarthestpose,70.0
colmap,70,42,,2748,,,,,0,10,minfarthestpose,70,GT Eval,,,,Pose Opt,,,,,0.0,,False,1.0,1.0,colmap,ship,pinhole,,15000,15000,default,MCMC,,,,,Shared Cam,,,,,,gsplat,,synthetic,23.042526245117188,0.1402909904718399,0.7677865028381348,1000000,0.0022099970374256372,0.1227233037352562,0.027415085583925247,0.028327401727437973,0.6955447755632964,0.20904646092241555,2748,/home/ojab2/work/git/gsplat/results/colmap_outputs/ship_1_n70_s42_default_mpinhole_minfarthestpose_sharedcam_i70_gteval_poseopt_steps15000/stats/val_step14999.json,/home/ojab2/work/git/gsplat/results/colmap_outputs/ship_1_n70_s42_default_mpinhole_minfarthestpose_sharedcam_i70_gteval_poseopt_steps15000/stats/val_step14999.json,ship_1_n70_s42_default_mpinhole_minfarthestpose_sharedcam_i70_gteval_poseopt_steps15000,0.2115,0.013257,63,0.814222,,,,/home/ojab2/work/git/vggt/colmap_outputs/ship_1_n70_s42_default_mpinhole_minfarthestpose_sharedcam/eval_results.json,ship_1_n70_s42_default_mpinhole_minfarthestpose_sharedcam,ship_1_n70_s42_default_mpinhole_minfarthestpose_sharedcam_i70_gteval_poseopt_steps15000_val_step14999.json,2748,,colmap | minfarthestpose,70.0
colmap,70,42,,5764,,,,,0,10,minfarthestpose,70,GT Eval,,,,Pose Opt,,,,,0.0,,False,1.0,1.0,colmap,lego,pinhole,,15000,15000,default,MCMC,,,,,Shared Cam,,,,,,gsplat,,synthetic,23.030803680419922,0.06395122408866882,0.8600674271583557,1000000,0.13778789341449738,12.94489574432373,0.021692808717489243,0.021853160113096237,0.7964164564329126,0.14766776614514976,5764,/home/ojab2/work/git/gsplat/results/colmap_outputs/lego_1_n70_s42_default_mpinhole_minfarthestpose_sharedcam_i70_gteval_poseopt_steps15000/stats/val_step14999.json,/home/ojab2/work/git/gsplat/results/colmap_outputs/lego_1_n70_s42_default_mpinhole_minfarthestpose_sharedcam_i70_gteval_poseopt_steps15000/stats/val_step14999.json,lego_1_n70_s42_default_mpinhole_minfarthestpose_sharedcam_i70_gteval_poseopt_steps15000,13.0156,0.491599,70,0.930681,,,,/home/ojab2/work/git/vggt/colmap_outputs/lego_1_n70_s42_default_mpinhole_minfarthestpose_sharedcam/eval_results.json,lego_1_n70_s42_default_mpinhole_minfarthestpose_sharedcam,lego_1_n70_s42_default_mpinhole_minfarthestpose_sharedcam_i70_gteval_poseopt_steps15000_val_step14999.json,5764,,colmap | minfarthestpose,70.0
colmap,80,42,,2571,,,,,0,10,minfarthestpose,80,GT Eval,,,,Pose Opt,,,,,0.0,,False,1.0,1.0,colmap,drums,pinhole,,15000,15000,default,MCMC,,,,,Shared Cam,,,,,,gsplat,,synthetic,23.19012451171875,0.09324557334184647,0.9124147891998291,1000000,0.0026813126169145107,0.12056569755077362,0.016409829258918762,0.01745455339550972,0.811896402981856,0.13133025231258627,2571,/home/ojab2/work/git/gsplat/results/colmap_outputs/drums_1_n80_s42_default_mpinhole_minfarthestpose_sharedcam_i80_gteval_poseopt_steps15000/stats/val_step14999.json,/home/ojab2/work/git/gsplat/results/colmap_outputs/drums_1_n80_s42_default_mpinhole_minfarthestpose_sharedcam_i80_gteval_poseopt_steps15000/stats/val_step14999.json,drums_1_n80_s42_default_mpinhole_minfarthestpose_sharedcam_i80_gteval_poseopt_steps15000,0.21,0.013163,61,0.73288,,,,/home/ojab2/work/git/vggt/colmap_outputs/drums_1_n80_s42_default_mpinhole_minfarthestpose_sharedcam/eval_results.json,drums_1_n80_s42_default_mpinhole_minfarthestpose_sharedcam,drums_1_n80_s42_default_mpinhole_minfarthestpose_sharedcam_i80_gteval_poseopt_steps15000_val_step14999.json,2571,,colmap | minfarthestpose,80.0
colmap,80,42,,3818,,,,,0,10,minfarthestpose,80,GT Eval,,,,Pose Opt,,,,,0.0,,False,1.0,1.0,colmap,ship,pinhole,,15000,15000,default,MCMC,,,,,Shared Cam,,,,,,gsplat,,synthetic,23.868526458740234,0.13344396650791168,0.7936931848526001,1000000,0.0018086765194311738,0.0848613828420639,0.027716100215911865,0.02784142829477787,0.7302177402592076,0.1972524999345751,3818,/home/ojab2/work/git/gsplat/results/colmap_outputs/ship_1_n80_s42_default_mpinhole_minfarthestpose_sharedcam_i80_gteval_poseopt_steps15000/stats/val_step14999.json,/home/ojab2/work/git/gsplat/results/colmap_outputs/ship_1_n80_s42_default_mpinhole_minfarthestpose_sharedcam_i80_gteval_poseopt_steps15000/stats/val_step14999.json,ship_1_n80_s42_default_mpinhole_minfarthestpose_sharedcam_i80_gteval_poseopt_steps15000,0.1491,0.009487,74,0.83563,,,,/home/ojab2/work/git/vggt/colmap_outputs/ship_1_n80_s42_default_mpinhole_minfarthestpose_sharedcam/eval_results.json,ship_1_n80_s42_default_mpinhole_minfarthestpose_sharedcam,ship_1_n80_s42_default_mpinhole_minfarthestpose_sharedcam_i80_gteval_poseopt_steps15000_val_step14999.json,3818,,colmap | minfarthestpose,80.0
colmap,80,42,,8189,,,,,0,10,minfarthestpose,80,GT Eval,,,,Pose Opt,,,,,0.0,,False,1.0,1.0,colmap,lego,pinhole,,15000,15000,default,MCMC,,,,,Shared Cam,,,,,,gsplat,,synthetic,11.222736358642578,0.4583715796470642,0.5785467624664307,1000000,0.20302371680736542,12.498674392700195,0.2865879535675049,0.29804930090904236,0.16964722012760886,0.3943425133553851,8189,/home/ojab2/work/git/gsplat/results/colmap_outputs/lego_1_n80_s42_default_mpinhole_minfarthestpose_sharedcam_i80_gteval_poseopt_steps15000/stats/val_step14999.json,/home/ojab2/work/git/gsplat/results/colmap_outputs/lego_1_n80_s42_default_mpinhole_minfarthestpose_sharedcam_i80_gteval_poseopt_steps15000/stats/val_step14999.json,lego_1_n80_s42_default_mpinhole_minfarthestpose_sharedcam_i80_gteval_poseopt_steps15000,12.3915,0.644267,80,0.828364,,,,/home/ojab2/work/git/vggt/colmap_outputs/lego_1_n80_s42_default_mpinhole_minfarthestpose_sharedcam/eval_results.json,lego_1_n80_s42_default_mpinhole_minfarthestpose_sharedcam,lego_1_n80_s42_default_mpinhole_minfarthestpose_sharedcam_i80_gteval_poseopt_steps15000_val_step14999.json,8189,,colmap | minfarthestpose,80.0
colmap,87,42,,3894,,,,,0,10,minfarthestpose,87,GT Eval,,,,Pose Opt,,,,,0.0,,False,1.0,1.0,colmap,drums,pinhole,,15000,15000,default,MCMC,,,,,Shared Cam,,,,,,gsplat,,synthetic,22.947580337524414,0.0883711725473404,0.9071476459503174,1000000,0.002344859531149268,0.12245386838912964,0.0152452252805233,0.016295168548822403,0.8073335328490955,0.13272024917243613,3894,/home/ojab2/work/git/gsplat/results/colmap_outputs/drums_1_n87_s42_default_mpinhole_minfarthestpose_sharedcam_i87_gteval_poseopt_steps15000/stats/val_step14999.json,/home/ojab2/work/git/gsplat/results/colmap_outputs/drums_1_n87_s42_default_mpinhole_minfarthestpose_sharedcam_i87_gteval_poseopt_steps15000/stats/val_step14999.json,drums_1_n87_s42_default_mpinhole_minfarthestpose_sharedcam_i87_gteval_poseopt_steps15000,0.1913,0.011773,81,0.827726,,,,/home/ojab2/work/git/vggt/colmap_outputs/drums_1_n87_s42_default_mpinhole_minfarthestpose_sharedcam/eval_results.json,drums_1_n87_s42_default_mpinhole_minfarthestpose_sharedcam,drums_1_n87_s42_default_mpinhole_minfarthestpose_sharedcam_i87_gteval_poseopt_steps15000_val_step14999.json,3894,,colmap | minfarthestpose,87.0
colmap,87,42,,5173,,,,,0,10,minfarthestpose,87,GT Eval,,,,Pose Opt,,,,,0.0,,False,1.0,1.0,colmap,ship,pinhole,,15000,15000,default,MCMC,,,,,Shared Cam,,,,,,gsplat,,synthetic,22.51078987121582,0.14124874770641327,0.7582984566688538,1000000,0.002039896557107568,0.09502635151147842,0.029679762199521065,0.029554076492786407,0.6795580324954689,0.21282990629708282,5173,/home/ojab2/work/git/gsplat/results/colmap_outputs/ship_1_n87_s42_default_mpinhole_minfarthestpose_sharedcam_i87_gteval_poseopt_steps15000/stats/val_step14999.json,/home/ojab2/work/git/gsplat/results/colmap_outputs/ship_1_n87_s42_default_mpinhole_minfarthestpose_sharedcam_i87_gteval_poseopt_steps15000/stats/val_step14999.json,ship_1_n87_s42_default_mpinhole_minfarthestpose_sharedcam_i87_gteval_poseopt_steps15000,0.1499,0.010108,81,0.814395,,,,/home/ojab2/work/git/vggt/colmap_outputs/ship_1_n87_s42_default_mpinhole_minfarthestpose_sharedcam/eval_results.json,ship_1_n87_s42_default_mpinhole_minfarthestpose_sharedcam,ship_1_n87_s42_default_mpinhole_minfarthestpose_sharedcam_i87_gteval_poseopt_steps15000_val_step14999.json,5173,,colmap | minfarthestpose,87.0
colmap,87,42,,10303,,,,,0,10,minfarthestpose,87,GT Eval,,,,Pose Opt,,,,,0.0,,False,1.0,1.0,colmap,lego,pinhole,,15000,15000,default,MCMC,,,,,Shared Cam,,,,,,gsplat,,synthetic,24.42082977294922,0.05571603402495384,0.8872320055961609,1000000,0.11177009344100952,10.416814804077148,0.01990339159965515,0.02067718282341957,0.8431268494099358,0.13171296788535997,10303,/home/ojab2/work/git/gsplat/results/colmap_outputs/lego_1_n87_s42_default_mpinhole_minfarthestpose_sharedcam_i87_gteval_poseopt_steps15000/stats/val_step14999.json,/home/ojab2/work/git/gsplat/results/colmap_outputs/lego_1_n87_s42_default_mpinhole_minfarthestpose_sharedcam_i87_gteval_poseopt_steps15000/stats/val_step14999.json,lego_1_n87_s42_default_mpinhole_minfarthestpose_sharedcam_i87_gteval_poseopt_steps15000,10.4474,0.391517,87,0.88972,,,,/home/ojab2/work/git/vggt/colmap_outputs/lego_1_n87_s42_default_mpinhole_minfarthestpose_sharedcam/eval_results.json,lego_1_n87_s42_default_mpinhole_minfarthestpose_sharedcam,lego_1_n87_s42_default_mpinhole_minfarthestpose_sharedcam_i87_gteval_poseopt_steps15000_val_step14999.json,10303,,colmap | minfarthestpose,87.0
colmap,10,42,,,,,,,0,10,minfarthestpose,,,,,,,,,,,0.0,,False,1.0,1.0,vggt,lego,pinhole,,,,default,MCMC,,,,,Shared Cam,,,,,,failed_sfm,,synthetic,,,,,,,,,,,,/home/ojab2/work/git/vggt/colmap_outputs/lego_1_n10_s42_default_mpinhole_minfarthestpose_sharedcam/failed_eval.json,,lego_1_n10_s42_default_mpinhole_minfarthestpose_sharedcam,,,,,,,,,lego_1_n10_s42_default_mpinhole_minfarthestpose_sharedcam,,,/home/ojab2/work/git/vggt/colmap_outputs/lego_1_n10_s42_default_mpinhole_minfarthestpose_sharedcam/failed_eval.json,colmap | minfarthestpose,10.0
colmap,10,42,,,,,,,0,10,minfarthestpose,,,,,,,,,,,0.0,,False,1.0,1.0,vggt,ship,pinhole,,,,default,MCMC,,,,,Shared Cam,,,,,,failed_sfm,,synthetic,,,,,,,,,,,,/home/ojab2/work/git/vggt/colmap_outputs/ship_1_n10_s42_default_mpinhole_minfarthestpose_sharedcam/failed_eval.json,,ship_1_n10_s42_default_mpinhole_minfarthestpose_sharedcam,,,,,,,,,ship_1_n10_s42_default_mpinhole_minfarthestpose_sharedcam,,,/home/ojab2/work/git/vggt/colmap_outputs/ship_1_n10_s42_default_mpinhole_minfarthestpose_sharedcam/failed_eval.json,colmap | minfarthestpose,10.0
colmap,10,42,,,,,,,0,10,minfarthestpose,,,,,,,,,,,0.0,,False,1.0,1.0,vggt,drums,pinhole,,,,default,MCMC,,,,,Shared Cam,,,,,,failed_sfm,,synthetic,,,,,,,,,,,,/home/ojab2/work/git/vggt/colmap_outputs/drums_1_n10_s42_default_mpinhole_minfarthestpose_sharedcam/failed_eval.json,,drums_1_n10_s42_default_mpinhole_minfarthestpose_sharedcam,,,,,,,,,drums_1_n10_s42_default_mpinhole_minfarthestpose_sharedcam,,,/home/ojab2/work/git/vggt/colmap_outputs/drums_1_n10_s42_default_mpinhole_minfarthestpose_sharedcam/failed_eval.json,colmap | minfarthestpose,10.0
vggt,10,42,0.0,100000,random,,,,0,10,minfarthestpose,10,GT Eval,,,,Pose Opt,,,,,0.0,,False,1.0,1.0,vggt,lego,,,15000,15000,,MCMC,,,,,,,,,,,gsplat,,synthetic,15.18364143371582,0.23343288898468018,0.6851939558982849,1000000,0.00866832584142685,0.7114669680595398,0.13306991755962372,0.032544270157814026,0.4442151375139124,0.2749407216499484,100000,/home/ojab2/work/git/gsplat/results/vggt_outputs/lego_1_n10_s42_c0.0_p100000_random_minfarthestpose_i10_gteval_poseopt_steps15000/stats/val_step14999.json,/home/ojab2/work/git/gsplat/results/vggt_outputs/lego_1_n10_s42_c0.0_p100000_random_minfarthestpose_i10_gteval_poseopt_steps15000/stats/val_step14999.json,lego_1_n10_s42_c0.0_p100000_random_minfarthestpose_i10_gteval_poseopt_steps15000,0.822,0.036127,10,4.031849,0.0496,0.0138,0.1044,/home/ojab2/work/git/vggt/vggt_outputs/lego_1_n10_s42_c0.0_p100000_random_minfarthestpose/eval_results.json,lego_1_n10_s42_c0.0_p100000_random_minfarthestpose,lego_1_n10_s42_c0.0_p100000_random_minfarthestpose_i10_gteval_poseopt_steps15000_val_step14999.json,100000,,vggt | minfarthestpose,10.0
vggt,10,42,0.0,100000,random,,,,0,10,minfarthestpose,10,GT Eval,,,,Pose Opt,,,,,0.0,,False,1.0,1.0,vggt,ship,,,15000,15000,,MCMC,,,,,,,,,,,gsplat,,synthetic,19.667362213134766,0.22302782535552979,0.6599054336547852,1000000,0.009353033266961575,0.694637656211853,0.1580275595188141,0.033768825232982635,0.5188812730837518,0.27233337387229195,100000,/home/ojab2/work/git/gsplat/results/vggt_outputs/ship_1_n10_s42_c0.0_p100000_random_minfarthestpose_i10_gteval_poseopt_steps15000/stats/val_step14999.json,/home/ojab2/work/git/gsplat/results/vggt_outputs/ship_1_n10_s42_c0.0_p100000_random_minfarthestpose_i10_gteval_poseopt_steps15000/stats/val_step14999.json,ship_1_n10_s42_c0.0_p100000_random_minfarthestpose_i10_gteval_poseopt_steps15000,0.7716,0.037021,10,4.467257,0.126,0.0336,0.2577,/home/ojab2/work/git/vggt/vggt_outputs/ship_1_n10_s42_c0.0_p100000_random_minfarthestpose/eval_results.json,ship_1_n10_s42_c0.0_p100000_random_minfarthestpose,ship_1_n10_s42_c0.0_p100000_random_minfarthestpose_i10_gteval_poseopt_steps15000_val_step14999.json,100000,,vggt | minfarthestpose,10.0
vggt,10,42,0.0,100000,random,,,,0,10,minfarthestpose,10,GT Eval,,,,Pose Opt,,,,,0.0,,False,1.0,1.0,vggt,drums,,,15000,15000,,MCMC,,,,,,,,,,,gsplat,,synthetic,17.697195053100586,0.1162111759185791,0.7935676574707031,1000000,0.005914987064898014,0.31230735778808594,0.12736013531684875,0.031164109706878662,0.6264979425694277,0.19585094853093024,100000,/home/ojab2/work/git/gsplat/results/vggt_outputs/drums_1_n10_s42_c0.0_p100000_random_minfarthestpose_i10_gteval_poseopt_steps15000/stats/val_step14999.json,/home/ojab2/work/git/gsplat/results/vggt_outputs/drums_1_n10_s42_c0.0_p100000_random_minfarthestpose_i10_gteval_poseopt_steps15000/stats/val_step14999.json,drums_1_n10_s42_c0.0_p100000_random_minfarthestpose_i10_gteval_poseopt_steps15000,0.3121,0.013776,10,3.920393,0.055,0.0154,0.1418,/home/ojab2/work/git/vggt/vggt_outputs/drums_1_n10_s42_c0.0_p100000_random_minfarthestpose/eval_results.json,drums_1_n10_s42_c0.0_p100000_random_minfarthestpose,drums_1_n10_s42_c0.0_p100000_random_minfarthestpose_i10_gteval_poseopt_steps15000_val_step14999.json,100000,,vggt | minfarthestpose,10.0
colmap,20,42,,,,,,,0,10,minfarthestpose,,,,,,,,,,,0.0,,False,1.0,1.0,vggt,lego,pinhole,,,,default,MCMC,,,,,Shared Cam,,,,,,failed_sfm,,synthetic,,,,,,,,,,,,/home/ojab2/work/git/vggt/colmap_outputs/lego_1_n20_s42_default_mpinhole_minfarthestpose_sharedcam/failed_eval.json,,lego_1_n20_s42_default_mpinhole_minfarthestpose_sharedcam,,,,,,,,,lego_1_n20_s42_default_mpinhole_minfarthestpose_sharedcam,,,/home/ojab2/work/git/vggt/colmap_outputs/lego_1_n20_s42_default_mpinhole_minfarthestpose_sharedcam/failed_eval.json,colmap | minfarthestpose,20.0
colmap,20,42,,,,,,,0,10,minfarthestpose,,,,,,,,,,,0.0,,False,1.0,1.0,vggt,drums,pinhole,,,,default,MCMC,,,,,Shared Cam,,,,,,failed_sfm,,synthetic,,,,,,,,,,,,/home/ojab2/work/git/vggt/colmap_outputs/drums_1_n20_s42_default_mpinhole_minfarthestpose_sharedcam/failed_eval.json,,drums_1_n20_s42_default_mpinhole_minfarthestpose_sharedcam,,,,,,,,,drums_1_n20_s42_default_mpinhole_minfarthestpose_sharedcam,,,/home/ojab2/work/git/vggt/colmap_outputs/drums_1_n20_s42_default_mpinhole_minfarthestpose_sharedcam/failed_eval.json,colmap | minfarthestpose,20.0
vggt,20,42,0.0,100000,random,,,,0,10,minfarthestpose,20,GT Eval,,,,Pose Opt,,,,,0.0,,False,1.0,1.0,vggt,lego,,,15000,15000,,MCMC,,,,,,,,,,,gsplat,,synthetic,17.186931610107422,0.1361658275127411,0.7241392135620117,1000000,0.00562636461108923,0.39562955498695374,0.10389357060194016,0.02517762966454029,0.5641295041954308,0.22683412297473726,100000,/home/ojab2/work/git/gsplat/results/vggt_outputs/lego_1_n20_s42_c0.0_p100000_random_minfarthestpose_i20_gteval_poseopt_steps15000/stats/val_step14999.json,/home/ojab2/work/git/gsplat/results/vggt_outputs/lego_1_n20_s42_c0.0_p100000_random_minfarthestpose_i20_gteval_poseopt_steps15000/stats/val_step14999.json,lego_1_n20_s42_c0.0_p100000_random_minfarthestpose_i20_gteval_poseopt_steps15000,0.5014,0.015405,20,4.007658,0.0493,0.0136,0.1096,/home/ojab2/work/git/vggt/vggt_outputs/lego_1_n20_s42_c0.0_p100000_random_minfarthestpose/eval_results.json,lego_1_n20_s42_c0.0_p100000_random_minfarthestpose,lego_1_n20_s42_c0.0_p100000_random_minfarthestpose_i20_gteval_poseopt_steps15000_val_step14999.json,100000,,vggt | minfarthestpose,20.0
vggt,20,42,0.0,100000,random,,,,0,10,minfarthestpose,20,GT Eval,,,,Pose Opt,,,,,0.0,,False,1.0,1.0,vggt,ship,,,15000,15000,,MCMC,,,,,,,,,,,gsplat,,synthetic,20.521488189697266,0.1393253058195114,0.693988025188446,1000000,0.006142750848084688,0.3893606960773468,0.14944122731685638,0.03084743581712246,0.6062979828118503,0.2337924391817387,100000,/home/ojab2/work/git/gsplat/results/vggt_outputs/ship_1_n20_s42_c0.0_p100000_random_minfarthestpose_i20_gteval_poseopt_steps15000/stats/val_step14999.json,/home/ojab2/work/git/gsplat/results/vggt_outputs/ship_1_n20_s42_c0.0_p100000_random_minfarthestpose_i20_gteval_poseopt_steps15000/stats/val_step14999.json,ship_1_n20_s42_c0.0_p100000_random_minfarthestpose_i20_gteval_poseopt_steps15000,0.5132,0.028919,20,4.444803,0.1236,0.0336,0.2593,/home/ojab2/work/git/vggt/vggt_outputs/ship_1_n20_s42_c0.0_p100000_random_minfarthestpose/eval_results.json,ship_1_n20_s42_c0.0_p100000_random_minfarthestpose,ship_1_n20_s42_c0.0_p100000_random_minfarthestpose_i20_gteval_poseopt_steps15000_val_step14999.json,100000,,vggt | minfarthestpose,20.0
vggt,20,42,0.0,100000,random,,,,0,10,minfarthestpose,20,GT Eval,,,,Pose Opt,,,,,0.0,,False,1.0,1.0,vggt,drums,,,15000,15000,,MCMC,,,,,,,,,,,gsplat,,synthetic,18.906269073486328,0.08894771337509155,0.822964072227478,1000000,0.0028560669161379337,0.15259207785129547,0.09244886040687561,0.02201221138238907,0.6829083858952264,0.17418933404121195,100000,/home/ojab2/work/git/gsplat/results/vggt_outputs/drums_1_n20_s42_c0.0_p100000_random_minfarthestpose_i20_gteval_poseopt_steps15000/stats/val_step14999.json,/home/ojab2/work/git/gsplat/results/vggt_outputs/drums_1_n20_s42_c0.0_p100000_random_minfarthestpose_i20_gteval_poseopt_steps15000/stats/val_step14999.json,drums_1_n20_s42_c0.0_p100000_random_minfarthestpose_i20_gteval_poseopt_steps15000,0.1865,0.009416,20,3.894368,0.0573,0.0159,0.1381,/home/ojab2/work/git/vggt/vggt_outputs/drums_1_n20_s42_c0.0_p100000_random_minfarthestpose/eval_results.json,drums_1_n20_s42_c0.0_p100000_random_minfarthestpose,drums_1_n20_s42_c0.0_p100000_random_minfarthestpose_i20_gteval_poseopt_steps15000_val_step14999.json,100000,,vggt | minfarthestpose,20.0
colmap,30,42,,,,,,,0,10,minfarthestpose,,,,,,,,,,,0.0,,False,1.0,1.0,vggt,drums,pinhole,,,,default,MCMC,,,,,Shared Cam,,,,,,failed_sfm,,synthetic,,,,,,,,,,,,/home/ojab2/work/git/vggt/colmap_outputs/drums_1_n30_s42_default_mpinhole_minfarthestpose_sharedcam/failed_eval.json,,drums_1_n30_s42_default_mpinhole_minfarthestpose_sharedcam,,,,,,,,,drums_1_n30_s42_default_mpinhole_minfarthestpose_sharedcam,,,/home/ojab2/work/git/vggt/colmap_outputs/drums_1_n30_s42_default_mpinhole_minfarthestpose_sharedcam/failed_eval.json,colmap | minfarthestpose,30.0
vggt,30,42,0.0,100000,random,,,,0,10,minfarthestpose,30,GT Eval,,,,Pose Opt,,,,,0.0,,False,1.0,1.0,vggt,lego,,,15000,15000,,MCMC,,,,,,,,,,,gsplat,,synthetic,19.936996459960938,0.07395301014184952,0.7796687483787537,1000000,0.007107160519808531,0.2529734969139099,0.08083806931972504,0.019872426986694336,0.6859330169038388,0.18449789903913874,100000,/home/ojab2/work/git/gsplat/results/vggt_outputs/lego_1_n30_s42_c0.0_p100000_random_minfarthestpose_i30_gteval_poseopt_steps15000/stats/val_step14999.json,/home/ojab2/work/git/gsplat/results/vggt_outputs/lego_1_n30_s42_c0.0_p100000_random_minfarthestpose_i30_gteval_poseopt_steps15000/stats/val_step14999.json,lego_1_n30_s42_c0.0_p100000_random_minfarthestpose_i30_gteval_poseopt_steps15000,0.259,0.018158,30,4.059862,0.0434,0.0123,0.1108,/home/ojab2/work/git/vggt/vggt_outputs/lego_1_n30_s42_c0.0_p100000_random_minfarthestpose/eval_results.json,lego_1_n30_s42_c0.0_p100000_random_minfarthestpose,lego_1_n30_s42_c0.0_p100000_random_minfarthestpose_i30_gteval_poseopt_steps15000_val_step14999.json,100000,,vggt | minfarthestpose,30.0
vggt,30,42,0.0,100000,random,,,,0,10,minfarthestpose,30,GT Eval,,,,Pose Opt,,,,,0.0,,False,1.0,1.0,vggt,ship,,,15000,15000,,MCMC,,,,,,,,,,,gsplat,,synthetic,21.540739059448242,0.1261262446641922,0.7158617377281189,1000000,0.0061832512728869915,0.3367137014865875,0.14005282521247864,0.02751457504928112,0.6461122122927869,0.22206193810323044,100000,/home/ojab2/work/git/gsplat/results/vggt_outputs/ship_1_n30_s42_c0.0_p100000_random_minfarthestpose_i30_gteval_poseopt_steps15000/stats/val_step14999.json,/home/ojab2/work/git/gsplat/results/vggt_outputs/ship_1_n30_s42_c0.0_p100000_random_minfarthestpose_i30_gteval_poseopt_steps15000/stats/val_step14999.json,ship_1_n30_s42_c0.0_p100000_random_minfarthestpose_i30_gteval_poseopt_steps15000,0.4879,0.028712,30,4.427395,0.115,0.0311,0.2507,/home/ojab2/work/git/vggt/vggt_outputs/ship_1_n30_s42_c0.0_p100000_random_minfarthestpose/eval_results.json,ship_1_n30_s42_c0.0_p100000_random_minfarthestpose,ship_1_n30_s42_c0.0_p100000_random_minfarthestpose_i30_gteval_poseopt_steps15000_val_step14999.json,100000,,vggt | minfarthestpose,30.0
vggt,30,42,0.0,100000,random,,,,0,10,minfarthestpose,30,GT Eval,,,,Pose Opt,,,,,0.0,,False,1.0,1.0,vggt,drums,,,15000,15000,,MCMC,,,,,,,,,,,gsplat,,synthetic,19.72763442993164,0.0801970437169075,0.8434895873069763,1000000,0.0032104365527629852,0.12574003636837006,0.08237149566411972,0.019696738570928574,0.7155237285888683,0.16215274702373234,100000,/home/ojab2/work/git/gsplat/results/vggt_outputs/drums_1_n30_s42_c0.0_p100000_random_minfarthestpose_i30_gteval_poseopt_steps15000/stats/val_step14999.json,/home/ojab2/work/git/gsplat/results/vggt_outputs/drums_1_n30_s42_c0.0_p100000_random_minfarthestpose_i30_gteval_poseopt_steps15000/stats/val_step14999.json,drums_1_n30_s42_c0.0_p100000_random_minfarthestpose_i30_gteval_poseopt_steps15000,0.2054,0.010519,30,3.899545,0.0605,0.0167,0.1432,/home/ojab2/work/git/vggt/vggt_outputs/drums_1_n30_s42_c0.0_p100000_random_minfarthestpose/eval_results.json,drums_1_n30_s42_c0.0_p100000_random_minfarthestpose,drums_1_n30_s42_c0.0_p100000_random_minfarthestpose_i30_gteval_poseopt_steps15000_val_step14999.json,100000,,vggt | minfarthestpose,30.0
vggt,40,42,0.0,100000,random,,,,0,10,minfarthestpose,40,GT Eval,,,,Pose Opt,,,,,0.0,,False,1.0,1.0,vggt,lego,,,15000,15000,,MCMC,,,,,,,,,,,gsplat,,synthetic,20.60838508605957,0.06841015815734863,0.7821428179740906,1000000,0.005965971853584051,0.2731589674949646,0.090948186814785,0.0227441918104887,0.703234477504807,0.18128490971783862,100000,/home/ojab2/work/git/gsplat/results/vggt_outputs/lego_1_n40_s42_c0.0_p100000_random_minfarthestpose_i40_gteval_poseopt_steps15000/stats/val_step14999.json,/home/ojab2/work/git/gsplat/results/vggt_outputs/lego_1_n40_s42_c0.0_p100000_random_minfarthestpose_i40_gteval_poseopt_steps15000/stats/val_step14999.json,lego_1_n40_s42_c0.0_p100000_random_minfarthestpose_i40_gteval_poseopt_steps15000,0.3198,0.019067,40,4.046949,0.0449,0.0127,0.1113,/home/ojab2/work/git/vggt/vggt_outputs/lego_1_n40_s42_c0.0_p100000_random_minfarthestpose/eval_results.json,lego_1_n40_s42_c0.0_p100000_random_minfarthestpose,lego_1_n40_s42_c0.0_p100000_random_minfarthestpose_i40_gteval_poseopt_steps15000_val_step14999.json,100000,,vggt | minfarthestpose,40.0
vggt,40,42,0.0,100000,random,,,,0,10,minfarthestpose,40,GT Eval,,,,Pose Opt,,,,,0.0,,False,1.0,1.0,vggt,ship,,,15000,15000,,MCMC,,,,,,,,,,,gsplat,,synthetic,22.013240814208984,0.12751184403896332,0.7179772257804871,1000000,0.005630281288176775,0.3488243520259857,0.10563945770263672,0.027295464649796486,0.6552440640483295,0.22162012490545208,100000,/home/ojab2/work/git/gsplat/results/vggt_outputs/ship_1_n40_s42_c0.0_p100000_random_minfarthestpose_i40_gteval_poseopt_steps15000/stats/val_step14999.json,/home/ojab2/work/git/gsplat/results/vggt_outputs/ship_1_n40_s42_c0.0_p100000_random_minfarthestpose_i40_gteval_poseopt_steps15000/stats/val_step14999.json,ship_1_n40_s42_c0.0_p100000_random_minfarthestpose_i40_gteval_poseopt_steps15000,0.4376,0.028573,40,4.214055,0.1027,0.0277,0.2431,/home/ojab2/work/git/vggt/vggt_outputs/ship_1_n40_s42_c0.0_p100000_random_minfarthestpose/eval_results.json,ship_1_n40_s42_c0.0_p100000_random_minfarthestpose,ship_1_n40_s42_c0.0_p100000_random_minfarthestpose_i40_gteval_poseopt_steps15000_val_step14999.json,100000,,vggt | minfarthestpose,40.0
vggt,40,42,0.0,100000,random,,,,0,10,minfarthestpose,40,GT Eval,,,,Pose Opt,,,,,0.0,,False,1.0,1.0,vggt,drums,,,15000,15000,,MCMC,,,,,,,,,,,gsplat,,synthetic,19.894113540649414,0.08041171729564667,0.8467379212379456,1000000,0.0025033338461071253,0.10812430083751678,0.08746505528688431,0.019192229956388474,0.7203737710148115,0.16071517870283342,100000,/home/ojab2/work/git/gsplat/results/vggt_outputs/drums_1_n40_s42_c0.0_p100000_random_minfarthestpose_i40_gteval_poseopt_steps15000/stats/val_step14999.json,/home/ojab2/work/git/gsplat/results/vggt_outputs/drums_1_n40_s42_c0.0_p100000_random_minfarthestpose_i40_gteval_poseopt_steps15000/stats/val_step14999.json,drums_1_n40_s42_c0.0_p100000_random_minfarthestpose_i40_gteval_poseopt_steps15000,0.1639,0.008827,40,3.872258,0.0601,0.0166,0.1408,/home/ojab2/work/git/vggt/vggt_outputs/drums_1_n40_s42_c0.0_p100000_random_minfarthestpose/eval_results.json,drums_1_n40_s42_c0.0_p100000_random_minfarthestpose,drums_1_n40_s42_c0.0_p100000_random_minfarthestpose_i40_gteval_poseopt_steps15000_val_step14999.json,100000,,vggt | minfarthestpose,40.0
vggt,50,42,0.0,100000,random,,,,0,10,minfarthestpose,50,GT Eval,,,,Pose Opt,,,,,0.0,,False,1.0,1.0,vggt,lego,,,15000,15000,,MCMC,,,,,,,,,,,gsplat,,synthetic,21.455944061279297,0.06419885158538818,0.8034981489181519,1000000,0.005693141836673021,0.18456335365772247,0.08612430095672607,0.020472461357712746,0.7340180836690564,0.17154526128353734,100000,/home/ojab2/work/git/gsplat/results/vggt_outputs/lego_1_n50_s42_c0.0_p100000_random_minfarthestpose_i50_gteval_poseopt_steps15000/stats/val_step14999.json,/home/ojab2/work/git/gsplat/results/vggt_outputs/lego_1_n50_s42_c0.0_p100000_random_minfarthestpose_i50_gteval_poseopt_steps15000/stats/val_step14999.json,lego_1_n50_s42_c0.0_p100000_random_minfarthestpose_i50_gteval_poseopt_steps15000,0.2916,0.018156,50,4.0465,0.0466,0.0132,0.1167,/home/ojab2/work/git/vggt/vggt_outputs/lego_1_n50_s42_c0.0_p100000_random_minfarthestpose/eval_results.json,lego_1_n50_s42_c0.0_p100000_random_minfarthestpose,lego_1_n50_s42_c0.0_p100000_random_minfarthestpose_i50_gteval_poseopt_steps15000_val_step14999.json,100000,,vggt | minfarthestpose,50.0
vggt,50,42,0.0,100000,random,,,,0,10,minfarthestpose,50,GT Eval,,,,Pose Opt,,,,,0.0,,False,1.0,1.0,vggt,ship,,,15000,15000,,MCMC,,,,,,,,,,,gsplat,,synthetic,21.420772552490234,0.1336999237537384,0.7058918476104736,1000000,0.006130015477538109,0.36711937189102173,0.09583405405282974,0.024209976196289062,0.6333851546649424,0.2277423689093893,100000,/home/ojab2/work/git/gsplat/results/vggt_outputs/ship_1_n50_s42_c0.0_p100000_random_minfarthestpose_i50_gteval_poseopt_steps15000/stats/val_step14999.json,/home/ojab2/work/git/gsplat/results/vggt_outputs/ship_1_n50_s42_c0.0_p100000_random_minfarthestpose_i50_gteval_poseopt_steps15000/stats/val_step14999.json,ship_1_n50_s42_c0.0_p100000_random_minfarthestpose_i50_gteval_poseopt_steps15000,0.4503,0.029935,50,4.216293,0.0998,0.0269,0.24,/home/ojab2/work/git/vggt/vggt_outputs/ship_1_n50_s42_c0.0_p100000_random_minfarthestpose/eval_results.json,ship_1_n50_s42_c0.0_p100000_random_minfarthestpose,ship_1_n50_s42_c0.0_p100000_random_minfarthestpose_i50_gteval_poseopt_steps15000_val_step14999.json,100000,,vggt | minfarthestpose,50.0
vggt,50,42,0.0,100000,random,,,,0,10,minfarthestpose,50,GT Eval,,,,Pose Opt,,,,,0.0,,False,1.0,1.0,vggt,drums,,,15000,15000,,MCMC,,,,,,,,,,,gsplat,,synthetic,20.036693572998047,0.08149280399084091,0.8511020541191101,1000000,0.0026705549098551273,0.1001499816775322,0.08181129395961761,0.018547168001532555,0.7248989290099704,0.15909387861027774,100000,/home/ojab2/work/git/gsplat/results/vggt_outputs/drums_1_n50_s42_c0.0_p100000_random_minfarthestpose_i50_gteval_poseopt_steps15000/stats/val_step14999.json,/home/ojab2/work/git/gsplat/results/vggt_outputs/drums_1_n50_s42_c0.0_p100000_random_minfarthestpose_i50_gteval_poseopt_steps15000/stats/val_step14999.json,drums_1_n50_s42_c0.0_p100000_random_minfarthestpose_i50_gteval_poseopt_steps15000,0.1715,0.009423,50,3.880713,0.0607,0.0168,0.1417,/home/ojab2/work/git/vggt/vggt_outputs/drums_1_n50_s42_c0.0_p100000_random_minfarthestpose/eval_results.json,drums_1_n50_s42_c0.0_p100000_random_minfarthestpose,drums_1_n50_s42_c0.0_p100000_random_minfarthestpose_i50_gteval_poseopt_steps15000_val_step14999.json,100000,,vggt | minfarthestpose,50.0
vggt,60,42,0.0,100000,random,,,,0,10,minfarthestpose,60,GT Eval,,,,Pose Opt,,,,,0.0,,False,1.0,1.0,vggt,lego,,,15000,15000,,MCMC,,,,,,,,,,,gsplat,,synthetic,20.83013153076172,0.06939548999071121,0.7845409512519836,1000000,0.0055316416546702385,0.24866129457950592,0.09546675533056259,0.023466862738132477,0.7081350807422472,0.18061042838167296,100000,/home/ojab2/work/git/gsplat/results/vggt_outputs/lego_1_n60_s42_c0.0_p100000_random_minfarthestpose_i60_gteval_poseopt_steps15000/stats/val_step14999.json,/home/ojab2/work/git/gsplat/results/vggt_outputs/lego_1_n60_s42_c0.0_p100000_random_minfarthestpose_i60_gteval_poseopt_steps15000/stats/val_step14999.json,lego_1_n60_s42_c0.0_p100000_random_minfarthestpose_i60_gteval_poseopt_steps15000,0.3386,0.018355,60,4.043009,0.046,0.013,0.1152,/home/ojab2/work/git/vggt/vggt_outputs/lego_1_n60_s42_c0.0_p100000_random_minfarthestpose/eval_results.json,lego_1_n60_s42_c0.0_p100000_random_minfarthestpose,lego_1_n60_s42_c0.0_p100000_random_minfarthestpose_i60_gteval_poseopt_steps15000_val_step14999.json,100000,,vggt | minfarthestpose,60.0
vggt,60,42,0.0,100000,random,,,,0,10,minfarthestpose,60,GT Eval,,,,Pose Opt,,,,,0.0,,False,1.0,1.0,vggt,ship,,,15000,15000,,MCMC,,,,,,,,,,,gsplat,,synthetic,21.38827133178711,0.13837109506130219,0.7133898138999939,1000000,0.005784155800938606,0.3833847939968109,0.1058792918920517,0.028066078200936317,0.6342846167366407,0.22699830379507374,100000,/home/ojab2/work/git/gsplat/results/vggt_outputs/ship_1_n60_s42_c0.0_p100000_random_minfarthestpose_i60_gteval_poseopt_steps15000/stats/val_step14999.json,/home/ojab2/work/git/gsplat/results/vggt_outputs/ship_1_n60_s42_c0.0_p100000_random_minfarthestpose_i60_gteval_poseopt_steps15000/stats/val_step14999.json,ship_1_n60_s42_c0.0_p100000_random_minfarthestpose_i60_gteval_poseopt_steps15000,0.47,0.029124,60,4.21936,0.1007,0.0271,0.2402,/home/ojab2/work/git/vggt/vggt_outputs/ship_1_n60_s42_c0.0_p100000_random_minfarthestpose/eval_results.json,ship_1_n60_s42_c0.0_p100000_random_minfarthestpose,ship_1_n60_s42_c0.0_p100000_random_minfarthestpose_i60_gteval_poseopt_steps15000_val_step14999.json,100000,,vggt | minfarthestpose,60.0
vggt,60,42,0.0,100000,random,,,,0,10,minfarthestpose,60,GT Eval,,,,Pose Opt,,,,,0.0,,False,1.0,1.0,vggt,drums,,,15000,15000,,MCMC,,,,,,,,,,,gsplat,,synthetic,20.309505462646484,0.08241722732782364,0.856533944606781,1000000,0.0028493276331573725,0.12530018389225006,0.08380420506000519,0.01900409162044525,0.7325569134958383,0.15683283281928226,100000,/home/ojab2/work/git/gsplat/results/vggt_outputs/drums_1_n60_s42_c0.0_p100000_random_minfarthestpose_i60_gteval_poseopt_steps15000/stats/val_step14999.json,/home/ojab2/work/git/gsplat/results/vggt_outputs/drums_1_n60_s42_c0.0_p100000_random_minfarthestpose_i60_gteval_poseopt_steps15000/stats/val_step14999.json,drums_1_n60_s42_c0.0_p100000_random_minfarthestpose_i60_gteval_poseopt_steps15000,0.1817,0.009902,60,3.883933,0.0607,0.0168,0.1421,/home/ojab2/work/git/vggt/vggt_outputs/drums_1_n60_s42_c0.0_p100000_random_minfarthestpose/eval_results.json,drums_1_n60_s42_c0.0_p100000_random_minfarthestpose,drums_1_n60_s42_c0.0_p100000_random_minfarthestpose_i60_gteval_poseopt_steps15000_val_step14999.json,100000,,vggt | minfarthestpose,60.0
vggt,70,42,0.0,100000,random,,,,0,10,minfarthestpose,70,GT Eval,,,,Pose Opt,,,,,0.0,,False,1.0,1.0,vggt,lego,,,15000,15000,,MCMC,,,,,,,,,,,gsplat,,synthetic,19.61846923828125,0.08370392769575119,0.76264488697052,1000000,0.005610478110611439,0.2906137704849243,0.09008211642503738,0.023164143785834312,0.6640598052329564,0.19393774080504755,100000,/home/ojab2/work/git/gsplat/results/vggt_outputs/lego_1_n70_s42_c0.0_p100000_random_minfarthestpose_i70_gteval_poseopt_steps15000/stats/val_step14999.json,/home/ojab2/work/git/gsplat/results/vggt_outputs/lego_1_n70_s42_c0.0_p100000_random_minfarthestpose_i70_gteval_poseopt_steps15000/stats/val_step14999.json,lego_1_n70_s42_c0.0_p100000_random_minfarthestpose_i70_gteval_poseopt_steps15000,0.3397,0.018862,70,4.060608,0.0482,0.0136,0.1162,/home/ojab2/work/git/vggt/vggt_outputs/lego_1_n70_s42_c0.0_p100000_random_minfarthestpose/eval_results.json,lego_1_n70_s42_c0.0_p100000_random_minfarthestpose,lego_1_n70_s42_c0.0_p100000_random_minfarthestpose_i70_gteval_poseopt_steps15000_val_step14999.json,100000,,vggt | minfarthestpose,70.0
vggt,70,42,0.0,100000,random,,,,0,10,minfarthestpose,70,GT Eval,,,,Pose Opt,,,,,0.0,,False,1.0,1.0,vggt,ship,,,15000,15000,,MCMC,,,,,,,,,,,gsplat,,synthetic,21.930416107177734,0.13071301579475403,0.7310290336608887,1000000,0.006531286984682083,0.4017370641231537,0.09947289526462555,0.025176674127578735,0.659366877416731,0.21858286871315472,100000,/home/ojab2/work/git/gsplat/results/vggt_outputs/ship_1_n70_s42_c0.0_p100000_random_minfarthestpose_i70_gteval_poseopt_steps15000/stats/val_step14999.json,/home/ojab2/work/git/gsplat/results/vggt_outputs/ship_1_n70_s42_c0.0_p100000_random_minfarthestpose_i70_gteval_poseopt_steps15000/stats/val_step14999.json,ship_1_n70_s42_c0.0_p100000_random_minfarthestpose_i70_gteval_poseopt_steps15000,0.4913,0.030434,70,4.211942,0.0977,0.0263,0.2382,/home/ojab2/work/git/vggt/vggt_outputs/ship_1_n70_s42_c0.0_p100000_random_minfarthestpose/eval_results.json,ship_1_n70_s42_c0.0_p100000_random_minfarthestpose,ship_1_n70_s42_c0.0_p100000_random_minfarthestpose_i70_gteval_poseopt_steps15000_val_step14999.json,100000,,vggt | minfarthestpose,70.0
vggt,70,42,0.0,100000,random,,,,0,10,minfarthestpose,70,GT Eval,,,,Pose Opt,,,,,0.0,,False,1.0,1.0,vggt,drums,,,15000,15000,,MCMC,,,,,,,,,,,gsplat,,synthetic,20.454763412475586,0.0843178853392601,0.8596317768096924,1000000,0.002991884248331189,0.10711624473333359,0.08283812552690506,0.01855308935046196,0.7358852276231189,0.1559937293487651,100000,/home/ojab2/work/git/gsplat/results/vggt_outputs/drums_1_n70_s42_c0.0_p100000_random_minfarthestpose_i70_gteval_poseopt_steps15000/stats/val_step14999.json,/home/ojab2/work/git/gsplat/results/vggt_outputs/drums_1_n70_s42_c0.0_p100000_random_minfarthestpose_i70_gteval_poseopt_steps15000/stats/val_step14999.json,drums_1_n70_s42_c0.0_p100000_random_minfarthestpose_i70_gteval_poseopt_steps15000,0.1867,0.009912,70,3.879192,0.062,0.0171,0.1436,/home/ojab2/work/git/vggt/vggt_outputs/drums_1_n70_s42_c0.0_p100000_random_minfarthestpose/eval_results.json,drums_1_n70_s42_c0.0_p100000_random_minfarthestpose,drums_1_n70_s42_c0.0_p100000_random_minfarthestpose_i70_gteval_poseopt_steps15000_val_step14999.json,100000,,vggt | minfarthestpose,70.0
vggt,80,42,0.0,100000,random,,,,0,10,minfarthestpose,80,GT Eval,,,,Pose Opt,,,,,0.0,,False,1.0,1.0,vggt,lego,,,15000,15000,,MCMC,,,,,,,,,,,gsplat,,synthetic,19.876724243164062,0.0802513137459755,0.7603952288627625,1000000,0.005768506787717342,0.2824135422706604,0.10345224291086197,0.024969344958662987,0.6696579589655525,0.1933445457536847,100000,/home/ojab2/work/git/gsplat/results/vggt_outputs/lego_1_n80_s42_c0.0_p100000_random_minfarthestpose_i80_gteval_poseopt_steps15000/stats/val_step14999.json,/home/ojab2/work/git/gsplat/results/vggt_outputs/lego_1_n80_s42_c0.0_p100000_random_minfarthestpose_i80_gteval_poseopt_steps15000/stats/val_step14999.json,lego_1_n80_s42_c0.0_p100000_random_minfarthestpose_i80_gteval_poseopt_steps15000,0.327,0.018619,80,4.050801,0.0469,0.0133,0.1179,/home/ojab2/work/git/vggt/vggt_outputs/lego_1_n80_s42_c0.0_p100000_random_minfarthestpose/eval_results.json,lego_1_n80_s42_c0.0_p100000_random_minfarthestpose,lego_1_n80_s42_c0.0_p100000_random_minfarthestpose_i80_gteval_poseopt_steps15000_val_step14999.json,100000,,vggt | minfarthestpose,80.0
vggt,80,42,0.0,100000,random,,,,0,10,minfarthestpose,80,GT Eval,,,,Pose Opt,,,,,0.0,,False,1.0,1.0,vggt,ship,,,15000,15000,,MCMC,,,,,,,,,,,gsplat,,synthetic,21.678415298461914,0.1358487457036972,0.724343478679657,1000000,0.007507939822971821,0.3739777207374573,0.14248505234718323,0.02837970480322838,0.6476203108507754,0.22255776009398123,100000,/home/ojab2/work/git/gsplat/results/vggt_outputs/ship_1_n80_s42_c0.0_p100000_random_minfarthestpose_i80_gteval_poseopt_steps15000/stats/val_step14999.json,/home/ojab2/work/git/gsplat/results/vggt_outputs/ship_1_n80_s42_c0.0_p100000_random_minfarthestpose_i80_gteval_poseopt_steps15000/stats/val_step14999.json,ship_1_n80_s42_c0.0_p100000_random_minfarthestpose_i80_gteval_poseopt_steps15000,0.4596,0.026099,80,4.293598,0.1029,0.0277,0.2398,/home/ojab2/work/git/vggt/vggt_outputs/ship_1_n80_s42_c0.0_p100000_random_minfarthestpose/eval_results.json,ship_1_n80_s42_c0.0_p100000_random_minfarthestpose,ship_1_n80_s42_c0.0_p100000_random_minfarthestpose_i80_gteval_poseopt_steps15000_val_step14999.json,100000,,vggt | minfarthestpose,80.0
vggt,80,42,0.0,100000,random,,,,0,10,minfarthestpose,80,GT Eval,,,,Pose Opt,,,,,0.0,,False,1.0,1.0,vggt,drums,,,15000,15000,,MCMC,,,,,,,,,,,gsplat,,synthetic,20.192258834838867,0.08715112507343292,0.8529407978057861,1000000,0.00312549015507102,0.1427355706691742,0.0922391414642334,0.020723145455121994,0.725362265106143,0.16006702556791924,100000,/home/ojab2/work/git/gsplat/results/vggt_outputs/drums_1_n80_s42_c0.0_p100000_random_minfarthestpose_i80_gteval_poseopt_steps15000/stats/val_step14999.json,/home/ojab2/work/git/gsplat/results/vggt_outputs/drums_1_n80_s42_c0.0_p100000_random_minfarthestpose_i80_gteval_poseopt_steps15000/stats/val_step14999.json,drums_1_n80_s42_c0.0_p100000_random_minfarthestpose_i80_gteval_poseopt_steps15000,0.1912,0.010174,80,3.879388,0.063,0.0174,0.1437,/home/ojab2/work/git/vggt/vggt_outputs/drums_1_n80_s42_c0.0_p100000_random_minfarthestpose/eval_results.json,drums_1_n80_s42_c0.0_p100000_random_minfarthestpose,drums_1_n80_s42_c0.0_p100000_random_minfarthestpose_i80_gteval_poseopt_steps15000_val_step14999.json,100000,,vggt | minfarthestpose,80.0
vggt,87,42,0.0,100000,random,,,,0,10,minfarthestpose,87,GT Eval,,,,Pose Opt,,,,,0.0,,False,1.0,1.0,vggt,lego,,,15000,15000,,MCMC,,,,,,,,,,,gsplat,,synthetic,20.366981506347656,0.07566668093204498,0.773749589920044,1000000,0.006158934906125069,0.2517738938331604,0.08937427401542664,0.021042244508862495,0.689376385297924,0.18683808755506118,100000,/home/ojab2/work/git/gsplat/results/vggt_outputs/lego_1_n87_s42_c0.0_p100000_random_minfarthestpose_i87_gteval_poseopt_steps15000/stats/val_step14999.json,/home/ojab2/work/git/gsplat/results/vggt_outputs/lego_1_n87_s42_c0.0_p100000_random_minfarthestpose_i87_gteval_poseopt_steps15000/stats/val_step14999.json,lego_1_n87_s42_c0.0_p100000_random_minfarthestpose_i87_gteval_poseopt_steps15000,0.2976,0.018838,87,4.04904,0.0478,0.0135,0.118,/home/ojab2/work/git/vggt/vggt_outputs/lego_1_n87_s42_c0.0_p100000_random_minfarthestpose/eval_results.json,lego_1_n87_s42_c0.0_p100000_random_minfarthestpose,lego_1_n87_s42_c0.0_p100000_random_minfarthestpose_i87_gteval_poseopt_steps15000_val_step14999.json,100000,,vggt | minfarthestpose,87.0
vggt,87,42,0.0,100000,random,,,,0,10,minfarthestpose,87,GT Eval,,,,Pose Opt,,,,,0.0,,False,1.0,1.0,vggt,ship,,,15000,15000,,MCMC,,,,,,,,,,,gsplat,,synthetic,22.850563049316406,0.1298862099647522,0.7487699389457703,1000000,0.008328928612172604,0.37862682342529297,0.14321133494377136,0.027425432577729225,0.6872918079858326,0.21210069650146868,100000,/home/ojab2/work/git/gsplat/results/vggt_outputs/ship_1_n87_s42_c0.0_p100000_random_minfarthestpose_i87_gteval_poseopt_steps15000/stats/val_step14999.json,/home/ojab2/work/git/gsplat/results/vggt_outputs/ship_1_n87_s42_c0.0_p100000_random_minfarthestpose_i87_gteval_poseopt_steps15000/stats/val_step14999.json,ship_1_n87_s42_c0.0_p100000_random_minfarthestpose_i87_gteval_poseopt_steps15000,0.4869,0.027807,87,4.301907,0.1056,0.0284,0.2389,/home/ojab2/work/git/vggt/vggt_outputs/ship_1_n87_s42_c0.0_p100000_random_minfarthestpose/eval_results.json,ship_1_n87_s42_c0.0_p100000_random_minfarthestpose,ship_1_n87_s42_c0.0_p100000_random_minfarthestpose_i87_gteval_poseopt_steps15000_val_step14999.json,100000,,vggt | minfarthestpose,87.0
vggt,87,42,0.0,100000,random,,,,0,10,minfarthestpose,87,GT Eval,,,,Pose Opt,,,,,0.0,,False,1.0,1.0,vggt,drums,,,15000,15000,,MCMC,,,,,,,,,,,gsplat,,synthetic,20.89377784729004,0.08466573059558868,0.8688263893127441,1000000,0.003104081843048334,0.11579255759716034,0.07858455181121826,0.01771584339439869,0.749177371646151,0.15166155519939012,100000,/home/ojab2/work/git/gsplat/results/vggt_outputs/drums_1_n87_s42_c0.0_p100000_random_minfarthestpose_i87_gteval_poseopt_steps15000/stats/val_step14999.json,/home/ojab2/work/git/gsplat/results/vggt_outputs/drums_1_n87_s42_c0.0_p100000_random_minfarthestpose_i87_gteval_poseopt_steps15000/stats/val_step14999.json,drums_1_n87_s42_c0.0_p100000_random_minfarthestpose_i87_gteval_poseopt_steps15000,0.173,0.01002,87,3.881439,0.0626,0.0172,0.1433,/home/ojab2/work/git/vggt/vggt_outputs/drums_1_n87_s42_c0.0_p100000_random_minfarthestpose/eval_results.json,drums_1_n87_s42_c0.0_p100000_random_minfarthestpose,drums_1_n87_s42_c0.0_p100000_random_minfarthestpose_i87_gteval_poseopt_steps15000_val_step14999.json,100000,,vggt | minfarthestpose,87.0
