method,num_images,seed,conf_thres_value,num_points,sampling_mode,near_filtering_strength,near_filtering_quorum,reconstruct_pose_opt,optimisation_iterations,optimisation_neighbourhood,image_mode,num_cameras,gt_eval,use_gt_extrinsics,use_gt_intrinsics,use_gt_points,pose_opt,run_mvs,pose_opt_module,eval_opt,depth_loss_mode,error_opa,depth_lambda,depth_conf_mode,depth_conf_shifted,loss_multiplier,pose_loss_multiplier,choice,dataset,camera_type,copy_mode,val_step,num_steps,colmap_mode,splatting_strategy,camera_src,pcd_src,align_mode,align_glue,shared_camera,keep_backup_cams,random_init,use_ba,feature_extractor,max_ba_iterations,source,series_label_override,dataset_collection,psnr,lpips,ssim,num_GS,eval_rte,eval_rre,depth_l1,depth_abs_rel,quality,avge,real_num_points,file_path,gsplat_file_path,folder,rre,rte,num_aligned,alignment_scale,pred_depth_l1,pred_depth_absrel,pred_depth_rmse,inference_time,peak_memory_mb,peak_memory_reserved_mb,processing_time,sfm_file_path,input_folder,output_folder,initial_points,failed_sfm_file_path,gsplat_cfg_file_path,plot_series,num_images_jitter
colmap,10,42,,146,,,,,0,10,minfarthestpose,10,GT Eval,,,,,False,,,,,0.0,,False,1.0,1.0,colmap,counter,,,15000,15000,default,MCMC,,,,,Shared Cam,,,,,,gsplat,,indoor,12.353164672851562,0.7327916622161865,0.44888290762901306,154676,0.00241318391636014,0.14835837483406067,,,-0.05464085059323964,0.5111107307319637,146,/home/ojab2/work/git/gsplat/results/colmap_outputs/counter_2_n10_s42_default_minfarthestpose_sharedcam_i10_gteval_steps15000/stats/val_step14999.json,/home/ojab2/work/git/gsplat/results/colmap_outputs/counter_2_n10_s42_default_minfarthestpose_sharedcam_i10_gteval_steps15000/stats/val_step14999.json,counter_2_n10_s42_default_minfarthestpose_sharedcam_i10_gteval_steps15000,0.1484,0.006143,5,0.596288,,,,2.018458604812622,7172,7172,0,/home/ojab2/work/git/vggt/colmap_outputs/counter_2_n10_s42_default_minfarthestpose_sharedcam/eval_results.json,counter_2_n10_s42_default_minfarthestpose_sharedcam,counter_2_n10_s42_default_minfarthestpose_sharedcam_i10_gteval_steps15000_val_step14999.json,146,,,colmap,10.0
colmap,10,42,,,,,,,0,10,minfarthestpose,10,GT Eval,,,,,False,,,,,0.0,,False,1.0,1.0,colmap,bonsai,,,15000,15000,default,MCMC,,,,,Shared Cam,,,,,,gsplat_cfg,,indoor,,,,,,,,,,,,/home/ojab2/work/git/gsplat/results/colmap_outputs/bonsai_2_n10_s42_default_minfarthestpose_sharedcam_i10_gteval_steps15000/stats/config.json,,bonsai_2_n10_s42_default_minfarthestpose_sharedcam_i10_gteval_steps15000,,,,,,,,,,,,,bonsai_2_n10_s42_default_minfarthestpose_sharedcam_i10_gteval_steps15000,,,,/home/ojab2/work/git/gsplat/results/colmap_outputs/bonsai_2_n10_s42_default_minfarthestpose_sharedcam_i10_gteval_steps15000/stats/config.json,colmap,10.0
colmap,10,42,,,,,,,0,10,minfarthestpose,10,GT Eval,,,,,False,,,,,0.0,,False,1.0,1.0,colmap,kitchen,,,15000,15000,default,MCMC,,,,,Shared Cam,,,,,,gsplat_cfg,,indoor,,,,,,,,,,,,/home/ojab2/work/git/gsplat/results/colmap_outputs/kitchen_2_n10_s42_default_minfarthestpose_sharedcam_i10_gteval_steps15000/stats/config.json,,kitchen_2_n10_s42_default_minfarthestpose_sharedcam_i10_gteval_steps15000,,,,,,,,,,,,,kitchen_2_n10_s42_default_minfarthestpose_sharedcam_i10_gteval_steps15000,,,,/home/ojab2/work/git/gsplat/results/colmap_outputs/kitchen_2_n10_s42_default_minfarthestpose_sharedcam_i10_gteval_steps15000/stats/config.json,colmap,10.0
colmap,10,42,,,,,,,0,10,minfarthestpose,10,GT Eval,,,,,False,,,,,0.0,,False,1.0,1.0,colmap,bicycle,,,15000,15000,default,MCMC,,,,,Shared Cam,,,,,,gsplat_cfg,,outdoor,,,,,,,,,,,,/home/ojab2/work/git/gsplat/results/colmap_outputs/bicycle_4_n10_s42_default_minfarthestpose_sharedcam_i10_gteval_steps15000/stats/config.json,,bicycle_4_n10_s42_default_minfarthestpose_sharedcam_i10_gteval_steps15000,,,,,,,,,,,,,bicycle_4_n10_s42_default_minfarthestpose_sharedcam_i10_gteval_steps15000,,,,/home/ojab2/work/git/gsplat/results/colmap_outputs/bicycle_4_n10_s42_default_minfarthestpose_sharedcam_i10_gteval_steps15000/stats/config.json,colmap,10.0
colmap,10,42,,,,,,,0,10,minfarthestpose,10,GT Eval,,,,,False,,,,,0.0,,False,1.0,1.0,colmap,garden,,,15000,15000,default,MCMC,,,,,Shared Cam,,,,,,gsplat_cfg,,outdoor,,,,,,,,,,,,/home/ojab2/work/git/gsplat/results/colmap_outputs/garden_2_n10_s42_default_minfarthestpose_sharedcam_i10_gteval_steps15000/stats/config.json,,garden_2_n10_s42_default_minfarthestpose_sharedcam_i10_gteval_steps15000,,,,,,,,,,,,,garden_2_n10_s42_default_minfarthestpose_sharedcam_i10_gteval_steps15000,,,,/home/ojab2/work/git/gsplat/results/colmap_outputs/garden_2_n10_s42_default_minfarthestpose_sharedcam_i10_gteval_steps15000/stats/config.json,colmap,10.0
colmap,10,42,,,,,,,0,10,minfarthestpose,10,GT Eval,,,,,False,,,,,0.0,,False,1.0,1.0,colmap,stump,,,15000,15000,default,MCMC,,,,,Shared Cam,,,,,,gsplat_cfg,,outdoor,,,,,,,,,,,,/home/ojab2/work/git/gsplat/results/colmap_outputs/stump_2_n10_s42_default_minfarthestpose_sharedcam_i10_gteval_steps15000/stats/config.json,,stump_2_n10_s42_default_minfarthestpose_sharedcam_i10_gteval_steps15000,,,,,,,,,,,,,stump_2_n10_s42_default_minfarthestpose_sharedcam_i10_gteval_steps15000,,,,/home/ojab2/work/git/gsplat/results/colmap_outputs/stump_2_n10_s42_default_minfarthestpose_sharedcam_i10_gteval_steps15000/stats/config.json,colmap,10.0
colmap,10,42,,,,,,,0,10,minfarthestpose,10,GT Eval,,,,,False,,,,,0.0,,False,1.0,1.0,colmap,lego,pinhole,,15000,15000,default,MCMC,,,,,Shared Cam,,,,,,gsplat_cfg,,synthetic,,,,,,,,,,,,/home/ojab2/work/git/gsplat/results/colmap_outputs/lego_1_n10_s42_default_mpinhole_minfarthestpose_sharedcam_i10_gteval_steps15000/stats/config.json,,lego_1_n10_s42_default_mpinhole_minfarthestpose_sharedcam_i10_gteval_steps15000,,,,,,,,,,,,,lego_1_n10_s42_default_mpinhole_minfarthestpose_sharedcam_i10_gteval_steps15000,,,,/home/ojab2/work/git/gsplat/results/colmap_outputs/lego_1_n10_s42_default_mpinhole_minfarthestpose_sharedcam_i10_gteval_steps15000/stats/config.json,colmap,10.0
colmap,10,42,,,,,,,0,10,minfarthestpose,10,GT Eval,,,,,False,,,,,0.0,,False,1.0,1.0,colmap,ship,pinhole,,15000,15000,default,MCMC,,,,,Shared Cam,,,,,,gsplat_cfg,,synthetic,,,,,,,,,,,,/home/ojab2/work/git/gsplat/results/colmap_outputs/ship_1_n10_s42_default_mpinhole_minfarthestpose_sharedcam_i10_gteval_steps15000/stats/config.json,,ship_1_n10_s42_default_mpinhole_minfarthestpose_sharedcam_i10_gteval_steps15000,,,,,,,,,,,,,ship_1_n10_s42_default_mpinhole_minfarthestpose_sharedcam_i10_gteval_steps15000,,,,/home/ojab2/work/git/gsplat/results/colmap_outputs/ship_1_n10_s42_default_mpinhole_minfarthestpose_sharedcam_i10_gteval_steps15000/stats/config.json,colmap,10.0
colmap,10,42,,,,,,,0,10,minfarthestpose,10,GT Eval,,,,,False,,,,,0.0,,False,1.0,1.0,colmap,drums,pinhole,,15000,15000,default,MCMC,,,,,Shared Cam,,,,,,gsplat_cfg,,synthetic,,,,,,,,,,,,/home/ojab2/work/git/gsplat/results/colmap_outputs/drums_1_n10_s42_default_mpinhole_minfarthestpose_sharedcam_i10_gteval_steps15000/stats/config.json,,drums_1_n10_s42_default_mpinhole_minfarthestpose_sharedcam_i10_gteval_steps15000,,,,,,,,,,,,,drums_1_n10_s42_default_mpinhole_minfarthestpose_sharedcam_i10_gteval_steps15000,,,,/home/ojab2/work/git/gsplat/results/colmap_outputs/drums_1_n10_s42_default_mpinhole_minfarthestpose_sharedcam_i10_gteval_steps15000/stats/config.json,colmap,10.0
colmap,20,42,,67,,,,,0,10,minfarthestpose,20,GT Eval,,,,,False,,,,,0.0,,False,1.0,1.0,colmap,ship,pinhole,,15000,15000,default,MCMC,,,,,Shared Cam,,,,,,gsplat,,synthetic,14.546066284179688,0.499622642993927,0.4738180339336395,64306,0.006353143136948347,0.5407867431640625,0.08383258432149887,0.10037008672952652,0.14448187705988697,0.42003787590540853,67,/home/ojab2/work/git/gsplat/results/colmap_outputs/ship_1_n20_s42_default_mpinhole_minfarthestpose_sharedcam_i20_gteval_steps15000/stats/val_step14999.json,/home/ojab2/work/git/gsplat/results/colmap_outputs/ship_1_n20_s42_default_mpinhole_minfarthestpose_sharedcam_i20_gteval_steps15000/stats/val_step14999.json,ship_1_n20_s42_default_mpinhole_minfarthestpose_sharedcam_i20_gteval_steps15000,0.5408,0.007211,3,0.234548,,,,2.050295352935791,6468,6468,0,/home/ojab2/work/git/vggt/colmap_outputs/ship_1_n20_s42_default_mpinhole_minfarthestpose_sharedcam/eval_results.json,ship_1_n20_s42_default_mpinhole_minfarthestpose_sharedcam,ship_1_n20_s42_default_mpinhole_minfarthestpose_sharedcam_i20_gteval_steps15000_val_step14999.json,67,,,colmap,20.0
colmap,20,42,,102,,,,,0,10,minfarthestpose,20,GT Eval,,,,,False,,,,,0.0,,False,1.0,1.0,colmap,stump,,,15000,15000,default,MCMC,,,,,Shared Cam,,,,,,gsplat,,outdoor,11.157958984375,0.794369637966156,0.2800576090812683,104743,0.0016782345483079553,0.3359565734863281,,,-0.213513630175451,0.5731531591508372,102,/home/ojab2/work/git/gsplat/results/colmap_outputs/stump_2_n20_s42_default_minfarthestpose_sharedcam_i20_gteval_steps15000/stats/val_step14999.json,/home/ojab2/work/git/gsplat/results/colmap_outputs/stump_2_n20_s42_default_minfarthestpose_sharedcam_i20_gteval_steps15000/stats/val_step14999.json,stump_2_n20_s42_default_minfarthestpose_sharedcam_i20_gteval_steps15000,0.336,0.004538,3,0.422682,,,,3.393165349960327,9344,9344,0,/home/ojab2/work/git/vggt/colmap_outputs/stump_2_n20_s42_default_minfarthestpose_sharedcam/eval_results.json,stump_2_n20_s42_default_minfarthestpose_sharedcam,stump_2_n20_s42_default_minfarthestpose_sharedcam_i20_gteval_steps15000_val_step14999.json,102,,,colmap,20.0
colmap,20,42,,575,,,,,0,10,minfarthestpose,20,GT Eval,,,,,False,,,,,0.0,,False,1.0,1.0,colmap,kitchen,,,15000,15000,default,MCMC,,,,,Shared Cam,,,,,,gsplat,,indoor,16.582124710083008,0.4183812439441681,0.3789697289466858,636942,0.0020389107521623373,0.16731595993041992,,,0.17686882946226337,0.4094679437567417,575,/home/ojab2/work/git/gsplat/results/colmap_outputs/kitchen_2_n20_s42_default_minfarthestpose_sharedcam_i20_gteval_steps15000/stats/val_step14999.json,/home/ojab2/work/git/gsplat/results/colmap_outputs/kitchen_2_n20_s42_default_minfarthestpose_sharedcam_i20_gteval_steps15000/stats/val_step14999.json,kitchen_2_n20_s42_default_minfarthestpose_sharedcam_i20_gteval_steps15000,0.1673,0.007541,11,0.911316,,,,3.45123553276062,8822,8822,0,/home/ojab2/work/git/vggt/colmap_outputs/kitchen_2_n20_s42_default_minfarthestpose_sharedcam/eval_results.json,kitchen_2_n20_s42_default_minfarthestpose_sharedcam,kitchen_2_n20_s42_default_minfarthestpose_sharedcam_i20_gteval_steps15000_val_step14999.json,575,,,colmap,20.0
colmap,20,42,,600,,,,,0,10,minfarthestpose,20,GT Eval,,,,,False,,,,,0.0,,False,1.0,1.0,colmap,counter,,,15000,15000,default,MCMC,,,,,Shared Cam,,,,,,gsplat,,indoor,16.78005599975586,0.5113248825073242,0.5714883208274841,667264,0.0011932066408917308,0.12131094932556152,,,0.2357455791785703,0.39564068181976697,600,/home/ojab2/work/git/gsplat/results/colmap_outputs/counter_2_n20_s42_default_minfarthestpose_sharedcam_i20_gteval_steps15000/stats/val_step14999.json,/home/ojab2/work/git/gsplat/results/colmap_outputs/counter_2_n20_s42_default_minfarthestpose_sharedcam_i20_gteval_steps15000/stats/val_step14999.json,counter_2_n20_s42_default_minfarthestpose_sharedcam_i20_gteval_steps15000,0.1213,0.004206,13,0.894575,,,,11.622976779937744,7234,7234,0,/home/ojab2/work/git/vggt/colmap_outputs/counter_2_n20_s42_default_minfarthestpose_sharedcam/eval_results.json,counter_2_n20_s42_default_minfarthestpose_sharedcam,counter_2_n20_s42_default_minfarthestpose_sharedcam_i20_gteval_steps15000_val_step14999.json,600,,,colmap,20.0
colmap,20,42,,984,,,,,0,10,minfarthestpose,20,GT Eval,,,,,False,,,,,0.0,,False,1.0,1.0,colmap,bonsai,,,15000,15000,default,MCMC,,,,,Shared Cam,,,,,,gsplat,,indoor,10.349443435668945,0.7991341948509216,0.3016880452632904,1000000,0.4587344527244568,28.534330368041992,,,-0.2187778469492197,0.5756845930135115,984,/home/ojab2/work/git/gsplat/results/colmap_outputs/bonsai_2_n20_s42_default_minfarthestpose_sharedcam_i20_gteval_steps15000/stats/val_step14999.json,/home/ojab2/work/git/gsplat/results/colmap_outputs/bonsai_2_n20_s42_default_minfarthestpose_sharedcam_i20_gteval_steps15000/stats/val_step14999.json,bonsai_2_n20_s42_default_minfarthestpose_sharedcam_i20_gteval_steps15000,9.1207,2.010802,13,1.010898,,,,8.479376554489136,6712,6712,0,/home/ojab2/work/git/vggt/colmap_outputs/bonsai_2_n20_s42_default_minfarthestpose_sharedcam/eval_results.json,bonsai_2_n20_s42_default_minfarthestpose_sharedcam,bonsai_2_n20_s42_default_minfarthestpose_sharedcam_i20_gteval_steps15000_val_step14999.json,984,,,colmap,20.0
colmap,20,42,,2501,,,,,0,10,minfarthestpose,20,GT Eval,,,,,False,,,,,0.0,,False,1.0,1.0,colmap,garden,,,15000,15000,default,MCMC,,,,,Shared Cam,,,,,,gsplat,,outdoor,19.223548889160156,0.4315952658653259,0.3711417615413666,1000000,0.001077398774214089,0.0929824560880661,,,0.21304952966616944,0.4121862402830013,2501,/home/ojab2/work/git/gsplat/results/colmap_outputs/garden_2_n20_s42_default_minfarthestpose_sharedcam_i20_gteval_steps15000/stats/val_step14999.json,/home/ojab2/work/git/gsplat/results/colmap_outputs/garden_2_n20_s42_default_minfarthestpose_sharedcam_i20_gteval_steps15000/stats/val_step14999.json,garden_2_n20_s42_default_minfarthestpose_sharedcam_i20_gteval_steps15000,0.093,0.00467,20,1.107978,,,,8.679940223693848,9086,9086,0,/home/ojab2/work/git/vggt/colmap_outputs/garden_2_n20_s42_default_minfarthestpose_sharedcam/eval_results.json,garden_2_n20_s42_default_minfarthestpose_sharedcam,garden_2_n20_s42_default_minfarthestpose_sharedcam_i20_gteval_steps15000_val_step14999.json,2501,,,colmap,20.0
colmap,20,42,,,,,,,0,10,minfarthestpose,20,GT Eval,,,,,False,,,,,0.0,,False,1.0,1.0,colmap,bicycle,,,15000,15000,default,MCMC,,,,,Shared Cam,,,,,,gsplat_cfg,,outdoor,,,,,,,,,,,,/home/ojab2/work/git/gsplat/results/colmap_outputs/bicycle_4_n20_s42_default_minfarthestpose_sharedcam_i20_gteval_steps15000/stats/config.json,,bicycle_4_n20_s42_default_minfarthestpose_sharedcam_i20_gteval_steps15000,,,,,,,,,,,,,bicycle_4_n20_s42_default_minfarthestpose_sharedcam_i20_gteval_steps15000,,,,/home/ojab2/work/git/gsplat/results/colmap_outputs/bicycle_4_n20_s42_default_minfarthestpose_sharedcam_i20_gteval_steps15000/stats/config.json,colmap,20.0
colmap,20,42,,,,,,,0,10,minfarthestpose,20,GT Eval,,,,,False,,,,,0.0,,False,1.0,1.0,colmap,lego,pinhole,,15000,15000,default,MCMC,,,,,Shared Cam,,,,,,gsplat_cfg,,synthetic,,,,,,,,,,,,/home/ojab2/work/git/gsplat/results/colmap_outputs/lego_1_n20_s42_default_mpinhole_minfarthestpose_sharedcam_i20_gteval_steps15000/stats/config.json,,lego_1_n20_s42_default_mpinhole_minfarthestpose_sharedcam_i20_gteval_steps15000,,,,,,,,,,,,,lego_1_n20_s42_default_mpinhole_minfarthestpose_sharedcam_i20_gteval_steps15000,,,,/home/ojab2/work/git/gsplat/results/colmap_outputs/lego_1_n20_s42_default_mpinhole_minfarthestpose_sharedcam_i20_gteval_steps15000/stats/config.json,colmap,20.0
colmap,20,42,,,,,,,0,10,minfarthestpose,20,GT Eval,,,,,False,,,,,0.0,,False,1.0,1.0,colmap,drums,pinhole,,15000,15000,default,MCMC,,,,,Shared Cam,,,,,,gsplat_cfg,,synthetic,,,,,,,,,,,,/home/ojab2/work/git/gsplat/results/colmap_outputs/drums_1_n20_s42_default_mpinhole_minfarthestpose_sharedcam_i20_gteval_steps15000/stats/config.json,,drums_1_n20_s42_default_mpinhole_minfarthestpose_sharedcam_i20_gteval_steps15000,,,,,,,,,,,,,drums_1_n20_s42_default_mpinhole_minfarthestpose_sharedcam_i20_gteval_steps15000,,,,/home/ojab2/work/git/gsplat/results/colmap_outputs/drums_1_n20_s42_default_mpinhole_minfarthestpose_sharedcam_i20_gteval_steps15000/stats/config.json,colmap,20.0
colmap,30,42,,172,,,,,0,10,minfarthestpose,30,GT Eval,,,,,False,,,,,0.0,,False,1.0,1.0,colmap,ship,pinhole,,15000,15000,default,MCMC,,,,,Shared Cam,,,,,,gsplat,,synthetic,16.88872718811035,0.4083384573459625,0.5996946692466736,183435,0.0208862517029047,3.2384636402130127,0.07897612452507019,0.05965162068605423,0.3178248165721162,0.3538352577892912,172,/home/ojab2/work/git/gsplat/results/colmap_outputs/ship_1_n30_s42_default_mpinhole_minfarthestpose_sharedcam_i30_gteval_steps15000/stats/val_step14999.json,/home/ojab2/work/git/gsplat/results/colmap_outputs/ship_1_n30_s42_default_mpinhole_minfarthestpose_sharedcam_i30_gteval_steps15000/stats/val_step14999.json,ship_1_n30_s42_default_mpinhole_minfarthestpose_sharedcam_i30_gteval_steps15000,3.2385,0.035257,6,0.5679,,,,3.161612033843994,6532,6532,0,/home/ojab2/work/git/vggt/colmap_outputs/ship_1_n30_s42_default_mpinhole_minfarthestpose_sharedcam/eval_results.json,ship_1_n30_s42_default_mpinhole_minfarthestpose_sharedcam,ship_1_n30_s42_default_mpinhole_minfarthestpose_sharedcam_i30_gteval_steps15000_val_step14999.json,172,,,colmap,30.0
colmap,30,42,,245,,,,,0,10,minfarthestpose,30,GT Eval,,,,,False,,,,,0.0,,False,1.0,1.0,colmap,bicycle,,,15000,15000,default,MCMC,,,,,Shared Cam,,,,,,gsplat,,outdoor,14.077865600585938,0.784950852394104,0.2591404318809509,264668,0.006391197443008423,0.3337806165218353,,,-0.16585948763147731,0.5615953835422857,245,/home/ojab2/work/git/gsplat/results/colmap_outputs/bicycle_4_n30_s42_default_minfarthestpose_sharedcam_i30_gteval_steps15000/stats/val_step14999.json,/home/ojab2/work/git/gsplat/results/colmap_outputs/bicycle_4_n30_s42_default_minfarthestpose_sharedcam_i30_gteval_steps15000/stats/val_step14999.json,bicycle_4_n30_s42_default_minfarthestpose_sharedcam_i30_gteval_steps15000,0.3338,0.009274,6,0.52756,,,,7.97350811958313,1434,1434,0,/home/ojab2/work/git/vggt/colmap_outputs/bicycle_4_n30_s42_default_minfarthestpose_sharedcam/eval_results.json,bicycle_4_n30_s42_default_minfarthestpose_sharedcam,bicycle_4_n30_s42_default_minfarthestpose_sharedcam_i30_gteval_steps15000_val_step14999.json,245,,,colmap,30.0
colmap,30,42,,413,,,,,0,10,minfarthestpose,30,GT Eval,,,,,False,,,,,0.0,,False,1.0,1.0,colmap,lego,pinhole,,15000,15000,default,MCMC,,,,,Shared Cam,,,,,,gsplat,,synthetic,16.01102066040039,0.2585829496383667,0.6198015213012695,453033,0.38668182492256165,21.29117774963379,0.06591394543647766,0.05419984459877014,0.40577105642372013,0.30008017329109027,413,/home/ojab2/work/git/gsplat/results/colmap_outputs/lego_1_n30_s42_default_mpinhole_minfarthestpose_sharedcam_i30_gteval_steps15000/stats/val_step14999.json,/home/ojab2/work/git/gsplat/results/colmap_outputs/lego_1_n30_s42_default_mpinhole_minfarthestpose_sharedcam_i30_gteval_steps15000/stats/val_step14999.json,lego_1_n30_s42_default_mpinhole_minfarthestpose_sharedcam_i30_gteval_steps15000,21.1938,0.973657,14,0.804279,,,,21.007774114608765,6010,6010,0,/home/ojab2/work/git/vggt/colmap_outputs/lego_1_n30_s42_default_mpinhole_minfarthestpose_sharedcam/eval_results.json,lego_1_n30_s42_default_mpinhole_minfarthestpose_sharedcam,lego_1_n30_s42_default_mpinhole_minfarthestpose_sharedcam_i30_gteval_steps15000_val_step14999.json,413,,,colmap,30.0
colmap,30,42,,2748,,,,,0,10,minfarthestpose,30,GT Eval,,,,,False,,,,,0.0,,False,1.0,1.0,colmap,counter,,,15000,15000,default,MCMC,,,,,Shared Cam,,,,,,gsplat,,indoor,22.41564178466797,0.29226407408714294,0.7693297266960144,1000000,0.0004540314548648894,0.027827588841319084,,,0.5910277287242782,0.2594264125195249,2748,/home/ojab2/work/git/gsplat/results/colmap_outputs/counter_2_n30_s42_default_minfarthestpose_sharedcam_i30_gteval_steps15000/stats/val_step14999.json,/home/ojab2/work/git/gsplat/results/colmap_outputs/counter_2_n30_s42_default_minfarthestpose_sharedcam_i30_gteval_steps15000/stats/val_step14999.json,counter_2_n30_s42_default_minfarthestpose_sharedcam_i30_gteval_steps15000,0.0278,0.001854,30,1.015369,,,,23.2292320728302,7298,7298,0,/home/ojab2/work/git/vggt/colmap_outputs/counter_2_n30_s42_default_minfarthestpose_sharedcam/eval_results.json,counter_2_n30_s42_default_minfarthestpose_sharedcam,counter_2_n30_s42_default_minfarthestpose_sharedcam_i30_gteval_steps15000_val_step14999.json,2748,,,colmap,30.0
colmap,30,42,,3284,,,,,0,10,minfarthestpose,30,GT Eval,,,,,False,,,,,0.0,,False,1.0,1.0,colmap,kitchen,,,15000,15000,default,MCMC,,,,,Shared Cam,,,,,,gsplat,,indoor,20.038036346435547,0.2136961668729782,0.4459270238876343,1000000,0.0014420385705307126,0.1296732872724533,,,0.4063723189362928,0.32265658364268435,3284,/home/ojab2/work/git/gsplat/results/colmap_outputs/kitchen_2_n30_s42_default_minfarthestpose_sharedcam_i30_gteval_steps15000/stats/val_step14999.json,/home/ojab2/work/git/gsplat/results/colmap_outputs/kitchen_2_n30_s42_default_minfarthestpose_sharedcam_i30_gteval_steps15000/stats/val_step14999.json,kitchen_2_n30_s42_default_minfarthestpose_sharedcam_i30_gteval_steps15000,0.1297,0.005747,29,0.982852,,,,6.868884086608887,8886,8886,0,/home/ojab2/work/git/vggt/colmap_outputs/kitchen_2_n30_s42_default_minfarthestpose_sharedcam/eval_results.json,kitchen_2_n30_s42_default_minfarthestpose_sharedcam,kitchen_2_n30_s42_default_minfarthestpose_sharedcam_i30_gteval_steps15000_val_step14999.json,3284,,,colmap,30.0
colmap,30,42,,7287,,,,,0,10,minfarthestpose,30,GT Eval,,,,,False,,,,,0.0,,False,1.0,1.0,colmap,bonsai,,,15000,15000,default,MCMC,,,,,Shared Cam,,,,,,gsplat,,indoor,17.49349594116211,0.40983304381370544,0.5660527348518372,1000000,0.024453144520521164,0.8960906267166138,,,0.3084280078406455,0.36212974262939995,7287,/home/ojab2/work/git/gsplat/results/colmap_outputs/bonsai_2_n30_s42_default_minfarthestpose_sharedcam_i30_gteval_steps15000/stats/val_step14999.json,/home/ojab2/work/git/gsplat/results/colmap_outputs/bonsai_2_n30_s42_default_minfarthestpose_sharedcam_i30_gteval_steps15000/stats/val_step14999.json,bonsai_2_n30_s42_default_minfarthestpose_sharedcam_i30_gteval_steps15000,0.8961,0.102826,29,1.045893,,,,47.781490325927734,6776,6776,0,/home/ojab2/work/git/vggt/colmap_outputs/bonsai_2_n30_s42_default_minfarthestpose_sharedcam/eval_results.json,bonsai_2_n30_s42_default_minfarthestpose_sharedcam,bonsai_2_n30_s42_default_minfarthestpose_sharedcam_i30_gteval_steps15000_val_step14999.json,7287,,,colmap,30.0
colmap,30,42,,8050,,,,,0,10,minfarthestpose,30,GT Eval,,,,,False,,,,,0.0,,False,1.0,1.0,colmap,garden,,,15000,15000,default,MCMC,,,,,Shared Cam,,,,,,gsplat,,outdoor,20.411449432373047,0.3560362756252289,0.4132591187953949,1000000,0.0009017979027703404,0.08188437670469284,,,0.30631907335576336,0.377040834449024,8050,/home/ojab2/work/git/gsplat/results/colmap_outputs/garden_2_n30_s42_default_minfarthestpose_sharedcam_i30_gteval_steps15000/stats/val_step14999.json,/home/ojab2/work/git/gsplat/results/colmap_outputs/garden_2_n30_s42_default_minfarthestpose_sharedcam_i30_gteval_steps15000/stats/val_step14999.json,garden_2_n30_s42_default_minfarthestpose_sharedcam_i30_gteval_steps15000,0.0819,0.003754,30,1.031037,,,,16.621281385421753,9150,9150,0,/home/ojab2/work/git/vggt/colmap_outputs/garden_2_n30_s42_default_minfarthestpose_sharedcam/eval_results.json,garden_2_n30_s42_default_minfarthestpose_sharedcam,garden_2_n30_s42_default_minfarthestpose_sharedcam_i30_gteval_steps15000_val_step14999.json,8050,,,colmap,30.0
colmap,30,42,,,,,,,0,10,minfarthestpose,30,GT Eval,,,,,False,,,,,0.0,,False,1.0,1.0,colmap,stump,,,15000,15000,default,MCMC,,,,,Shared Cam,,,,,,gsplat_cfg,,outdoor,,,,,,,,,,,,/home/ojab2/work/git/gsplat/results/colmap_outputs/stump_2_n30_s42_default_minfarthestpose_sharedcam_i30_gteval_steps15000/stats/config.json,,stump_2_n30_s42_default_minfarthestpose_sharedcam_i30_gteval_steps15000,,,,,,,,,,,,,stump_2_n30_s42_default_minfarthestpose_sharedcam_i30_gteval_steps15000,,,,/home/ojab2/work/git/gsplat/results/colmap_outputs/stump_2_n30_s42_default_minfarthestpose_sharedcam_i30_gteval_steps15000/stats/config.json,colmap,30.0
colmap,30,42,,,,,,,0,10,minfarthestpose,30,GT Eval,,,,,False,,,,,0.0,,False,1.0,1.0,colmap,drums,pinhole,,15000,15000,default,MCMC,,,,,Shared Cam,,,,,,gsplat_cfg,,synthetic,,,,,,,,,,,,/home/ojab2/work/git/gsplat/results/colmap_outputs/drums_1_n30_s42_default_mpinhole_minfarthestpose_sharedcam_i30_gteval_steps15000/stats/config.json,,drums_1_n30_s42_default_mpinhole_minfarthestpose_sharedcam_i30_gteval_steps15000,,,,,,,,,,,,,drums_1_n30_s42_default_mpinhole_minfarthestpose_sharedcam_i30_gteval_steps15000,,,,/home/ojab2/work/git/gsplat/results/colmap_outputs/drums_1_n30_s42_default_mpinhole_minfarthestpose_sharedcam_i30_gteval_steps15000/stats/config.json,colmap,30.0
colmap,40,42,,268,,,,,0,10,minfarthestpose,40,GT Eval,,,,,False,,,,,0.0,,False,1.0,1.0,colmap,ship,pinhole,,15000,15000,default,MCMC,,,,,Shared Cam,,,,,,gsplat,,synthetic,17.9700927734375,0.3304239511489868,0.6273350119590759,291657,0.021387474611401558,1.0151371955871582,0.06718946993350983,0.051005151122808456,0.40210942249161763,0.3189484436694192,268,/home/ojab2/work/git/gsplat/results/colmap_outputs/ship_1_n40_s42_default_mpinhole_minfarthestpose_sharedcam_i40_gteval_steps15000/stats/val_step14999.json,/home/ojab2/work/git/gsplat/results/colmap_outputs/ship_1_n40_s42_default_mpinhole_minfarthestpose_sharedcam_i40_gteval_steps15000/stats/val_step14999.json,ship_1_n40_s42_default_mpinhole_minfarthestpose_sharedcam_i40_gteval_steps15000,1.0151,0.038216,9,0.598282,,,,4.938432693481445,6592,6592,0,/home/ojab2/work/git/vggt/colmap_outputs/ship_1_n40_s42_default_mpinhole_minfarthestpose_sharedcam/eval_results.json,ship_1_n40_s42_default_mpinhole_minfarthestpose_sharedcam,ship_1_n40_s42_default_mpinhole_minfarthestpose_sharedcam_i40_gteval_steps15000_val_step14999.json,268,,,colmap,40.0
colmap,40,42,,299,,,,,0,10,minfarthestpose,40,GT Eval,,,,,False,,,,,0.0,,False,1.0,1.0,colmap,drums,pinhole,,15000,15000,default,MCMC,,,,,Shared Cam,,,,,,gsplat,,synthetic,14.84659481048584,0.29656782746315,0.6821111440658569,323650,0.023211605846881866,0.9695618152618408,0.038003478199243546,0.04058633744716644,0.39719853519696235,0.2977146348938691,299,/home/ojab2/work/git/gsplat/results/colmap_outputs/drums_1_n40_s42_default_mpinhole_minfarthestpose_sharedcam_i40_gteval_steps15000/stats/val_step14999.json,/home/ojab2/work/git/gsplat/results/colmap_outputs/drums_1_n40_s42_default_mpinhole_minfarthestpose_sharedcam_i40_gteval_steps15000/stats/val_step14999.json,drums_1_n40_s42_default_mpinhole_minfarthestpose_sharedcam_i40_gteval_steps15000,0.9697,0.048106,15,0.496743,,,,15.827152490615845,6592,6592,0,/home/ojab2/work/git/vggt/colmap_outputs/drums_1_n40_s42_default_mpinhole_minfarthestpose_sharedcam/eval_results.json,drums_1_n40_s42_default_mpinhole_minfarthestpose_sharedcam,drums_1_n40_s42_default_mpinhole_minfarthestpose_sharedcam_i40_gteval_steps15000_val_step14999.json,299,,,colmap,40.0
colmap,40,42,,329,,,,,0,10,minfarthestpose,40,GT Eval,,,,,False,,,,,0.0,,False,1.0,1.0,colmap,bicycle,,,15000,15000,default,MCMC,,,,,Shared Cam,,,,,,gsplat,,outdoor,15.817615509033203,0.6667900681495667,0.29693716764450073,359081,0.0037136971950531006,0.14308501780033112,,,-0.03859978678011126,0.5104915661390372,329,/home/ojab2/work/git/gsplat/results/colmap_outputs/bicycle_4_n40_s42_default_minfarthestpose_sharedcam_i40_gteval_steps15000/stats/val_step14999.json,/home/ojab2/work/git/gsplat/results/colmap_outputs/bicycle_4_n40_s42_default_minfarthestpose_sharedcam_i40_gteval_steps15000/stats/val_step14999.json,bicycle_4_n40_s42_default_minfarthestpose_sharedcam_i40_gteval_steps15000,0.1431,0.006862,9,0.685205,,,,14.81194806098938,1434,1434,0,/home/ojab2/work/git/vggt/colmap_outputs/bicycle_4_n40_s42_default_minfarthestpose_sharedcam/eval_results.json,bicycle_4_n40_s42_default_minfarthestpose_sharedcam,bicycle_4_n40_s42_default_minfarthestpose_sharedcam_i40_gteval_steps15000_val_step14999.json,329,,,colmap,40.0
colmap,40,42,,1509,,,,,0,10,minfarthestpose,40,GT Eval,,,,,False,,,,,0.0,,False,1.0,1.0,colmap,lego,pinhole,,15000,15000,default,MCMC,,,,,Shared Cam,,,,,,gsplat,,synthetic,19.83553123474121,0.09924743324518204,0.7814076542854309,1000000,0.007680373732000589,0.5319482088088989,0.024425487965345383,0.026400897651910782,0.669457093868804,0.19239066740506405,1509,/home/ojab2/work/git/gsplat/results/colmap_outputs/lego_1_n40_s42_default_mpinhole_minfarthestpose_sharedcam_i40_gteval_steps15000/stats/val_step14999.json,/home/ojab2/work/git/gsplat/results/colmap_outputs/lego_1_n40_s42_default_mpinhole_minfarthestpose_sharedcam_i40_gteval_steps15000/stats/val_step14999.json,lego_1_n40_s42_default_mpinhole_minfarthestpose_sharedcam_i40_gteval_steps15000,0.5318,0.027329,36,0.864206,,,,31.72158908843994,6070,6070,0,/home/ojab2/work/git/vggt/colmap_outputs/lego_1_n40_s42_default_mpinhole_minfarthestpose_sharedcam/eval_results.json,lego_1_n40_s42_default_mpinhole_minfarthestpose_sharedcam,lego_1_n40_s42_default_mpinhole_minfarthestpose_sharedcam_i40_gteval_steps15000_val_step14999.json,1509,,,colmap,40.0
colmap,40,42,,2669,,,,,0,10,minfarthestpose,40,GT Eval,,,,,False,,,,,0.0,,False,1.0,1.0,colmap,stump,,,15000,15000,default,MCMC,,,,,Shared Cam,,,,,,gsplat,,outdoor,19.4503173828125,0.5063524842262268,0.5021669864654541,1000000,0.0016637529479339719,0.06782146543264389,,,0.24772545368040905,0.4077581964913926,2669,/home/ojab2/work/git/gsplat/results/colmap_outputs/stump_2_n40_s42_default_minfarthestpose_sharedcam_i40_gteval_steps15000/stats/val_step14999.json,/home/ojab2/work/git/gsplat/results/colmap_outputs/stump_2_n40_s42_default_minfarthestpose_sharedcam_i40_gteval_steps15000/stats/val_step14999.json,stump_2_n40_s42_default_minfarthestpose_sharedcam_i40_gteval_steps15000,0.0678,0.004522,21,0.72315,,,,10.902184247970581,9468,9468,0,/home/ojab2/work/git/vggt/colmap_outputs/stump_2_n40_s42_default_minfarthestpose_sharedcam/eval_results.json,stump_2_n40_s42_default_minfarthestpose_sharedcam,stump_2_n40_s42_default_minfarthestpose_sharedcam_i40_gteval_steps15000_val_step14999.json,2669,,,colmap,40.0
colmap,40,42,,5897,,,,,0,10,minfarthestpose,40,GT Eval,,,,,False,,,,,0.0,,False,1.0,1.0,colmap,counter,,,15000,15000,default,MCMC,,,,,Shared Cam,,,,,,gsplat,,indoor,24.299144744873047,0.23028264939785004,0.8186064958572388,1000000,0.0002846908464562148,0.023295808583498,,,0.6929843759405061,0.21996729876481713,5897,/home/ojab2/work/git/gsplat/results/colmap_outputs/counter_2_n40_s42_default_minfarthestpose_sharedcam_i40_gteval_steps15000/stats/val_step14999.json,/home/ojab2/work/git/gsplat/results/colmap_outputs/counter_2_n40_s42_default_minfarthestpose_sharedcam_i40_gteval_steps15000/stats/val_step14999.json,counter_2_n40_s42_default_minfarthestpose_sharedcam_i40_gteval_steps15000,0.0233,0.001168,40,1.031823,,,,46.28237509727478,7358,7358,0,/home/ojab2/work/git/vggt/colmap_outputs/counter_2_n40_s42_default_minfarthestpose_sharedcam/eval_results.json,counter_2_n40_s42_default_minfarthestpose_sharedcam,counter_2_n40_s42_default_minfarthestpose_sharedcam_i40_gteval_steps15000_val_step14999.json,5897,,,colmap,40.0
colmap,40,42,,9080,,,,,0,10,minfarthestpose,40,GT Eval,,,,,False,,,,,0.0,,False,1.0,1.0,colmap,kitchen,,,15000,15000,default,MCMC,,,,,Shared Cam,,,,,,gsplat,,indoor,20.505159378051758,0.18374058604240417,0.4611559212207794,1000000,0.0011169746285304427,0.11367348581552505,,,0.44241963263995615,0.30890083681618985,9080,/home/ojab2/work/git/gsplat/results/colmap_outputs/kitchen_2_n40_s42_default_minfarthestpose_sharedcam_i40_gteval_steps15000/stats/val_step14999.json,/home/ojab2/work/git/gsplat/results/colmap_outputs/kitchen_2_n40_s42_default_minfarthestpose_sharedcam_i40_gteval_steps15000/stats/val_step14999.json,kitchen_2_n40_s42_default_minfarthestpose_sharedcam_i40_gteval_steps15000,0.1137,0.004454,40,1.038582,,,,13.838386297225952,8946,8946,0,/home/ojab2/work/git/vggt/colmap_outputs/kitchen_2_n40_s42_default_minfarthestpose_sharedcam/eval_results.json,kitchen_2_n40_s42_default_minfarthestpose_sharedcam,kitchen_2_n40_s42_default_minfarthestpose_sharedcam_i40_gteval_steps15000_val_step14999.json,9080,,,colmap,40.0
colmap,40,42,,15131,,,,,0,10,minfarthestpose,40,GT Eval,,,,,False,,,,,0.0,,False,1.0,1.0,colmap,bonsai,,,15000,15000,default,MCMC,,,,,Shared Cam,,,,,,gsplat,,indoor,20.848365783691406,0.23119306564331055,0.6328006386756897,1000000,0.0552397184073925,0.5092057585716248,,,0.5198606804952441,0.28179611869185256,15131,/home/ojab2/work/git/gsplat/results/colmap_outputs/bonsai_2_n40_s42_default_minfarthestpose_sharedcam_i40_gteval_steps15000/stats/val_step14999.json,/home/ojab2/work/git/gsplat/results/colmap_outputs/bonsai_2_n40_s42_default_minfarthestpose_sharedcam_i40_gteval_steps15000/stats/val_step14999.json,bonsai_2_n40_s42_default_minfarthestpose_sharedcam_i40_gteval_steps15000,0.5092,0.2305,40,1.075613,,,,25.5097496509552,6836,6836,0,/home/ojab2/work/git/vggt/colmap_outputs/bonsai_2_n40_s42_default_minfarthestpose_sharedcam/eval_results.json,bonsai_2_n40_s42_default_minfarthestpose_sharedcam,bonsai_2_n40_s42_default_minfarthestpose_sharedcam_i40_gteval_steps15000_val_step14999.json,15131,,,colmap,40.0
colmap,40,42,,16038,,,,,0,10,minfarthestpose,40,GT Eval,,,,,False,,,,,0.0,,False,1.0,1.0,colmap,garden,,,15000,15000,default,MCMC,,,,,Shared Cam,,,,,,gsplat,,outdoor,20.569843292236328,0.3247353732585907,0.42285704612731934,1000000,0.0008048277231864631,0.07946791499853134,,,0.3341866606547509,0.364401650059608,16038,/home/ojab2/work/git/gsplat/results/colmap_outputs/garden_2_n40_s42_default_minfarthestpose_sharedcam_i40_gteval_steps15000/stats/val_step14999.json,/home/ojab2/work/git/gsplat/results/colmap_outputs/garden_2_n40_s42_default_minfarthestpose_sharedcam_i40_gteval_steps15000/stats/val_step14999.json,garden_2_n40_s42_default_minfarthestpose_sharedcam_i40_gteval_steps15000,0.0795,0.003271,40,1.029936,,,,27.414010047912598,9210,9210,0,/home/ojab2/work/git/vggt/colmap_outputs/garden_2_n40_s42_default_minfarthestpose_sharedcam/eval_results.json,garden_2_n40_s42_default_minfarthestpose_sharedcam,garden_2_n40_s42_default_minfarthestpose_sharedcam_i40_gteval_steps15000_val_step14999.json,16038,,,colmap,40.0
colmap,50,42,,793,,,,,0,10,minfarthestpose,50,GT Eval,,,,,False,,,,,0.0,,False,1.0,1.0,colmap,ship,pinhole,,15000,15000,default,MCMC,,,,,Shared Cam,,,,,,gsplat,,synthetic,21.458654403686523,0.20357736945152283,0.7120323777198792,881162,0.005498620215803385,0.23815003037452698,0.034165747463703156,0.0314355343580246,0.5945433979688176,0.24911689813586907,793,/home/ojab2/work/git/gsplat/results/colmap_outputs/ship_1_n50_s42_default_mpinhole_minfarthestpose_sharedcam_i50_gteval_steps15000/stats/val_step14999.json,/home/ojab2/work/git/gsplat/results/colmap_outputs/ship_1_n50_s42_default_mpinhole_minfarthestpose_sharedcam_i50_gteval_steps15000/stats/val_step14999.json,ship_1_n50_s42_default_mpinhole_minfarthestpose_sharedcam_i50_gteval_steps15000,0.2383,0.012988,27,0.661359,,,,9.553125619888306,6652,6652,0,/home/ojab2/work/git/vggt/colmap_outputs/ship_1_n50_s42_default_mpinhole_minfarthestpose_sharedcam/eval_results.json,ship_1_n50_s42_default_mpinhole_minfarthestpose_sharedcam,ship_1_n50_s42_default_mpinhole_minfarthestpose_sharedcam_i50_gteval_steps15000_val_step14999.json,793,,,colmap,50.0
colmap,50,42,,803,,,,,0,10,minfarthestpose,50,GT Eval,,,,,False,,,,,0.0,,False,1.0,1.0,colmap,drums,pinhole,,15000,15000,default,MCMC,,,,,Shared Cam,,,,,,gsplat,,synthetic,19.597518920898438,0.12486504018306732,0.8350574970245361,894370,0.007081831339746714,0.3541531562805176,0.01842133328318596,0.019239824265241623,0.6806102978517049,0.18065574270670964,803,/home/ojab2/work/git/gsplat/results/colmap_outputs/drums_1_n50_s42_default_mpinhole_minfarthestpose_sharedcam_i50_gteval_steps15000/stats/val_step14999.json,/home/ojab2/work/git/gsplat/results/colmap_outputs/drums_1_n50_s42_default_mpinhole_minfarthestpose_sharedcam_i50_gteval_steps15000/stats/val_step14999.json,drums_1_n50_s42_default_mpinhole_minfarthestpose_sharedcam_i50_gteval_steps15000,0.3547,0.019978,33,0.693754,,,,26.39885139465332,6652,6652,0,/home/ojab2/work/git/vggt/colmap_outputs/drums_1_n50_s42_default_mpinhole_minfarthestpose_sharedcam/eval_results.json,drums_1_n50_s42_default_mpinhole_minfarthestpose_sharedcam,drums_1_n50_s42_default_mpinhole_minfarthestpose_sharedcam_i50_gteval_steps15000_val_step14999.json,803,,,colmap,50.0
colmap,50,42,,2837,,,,,0,10,minfarthestpose,50,GT Eval,,,,,False,,,,,0.0,,False,1.0,1.0,colmap,lego,pinhole,,15000,15000,default,MCMC,,,,,Shared Cam,,,,,,gsplat,,synthetic,9.491819381713867,0.6136894226074219,0.4951036274433136,1000000,0.5288143754005432,37.20846939086914,0.6911280155181885,0.7842124104499817,-0.007079164651866939,0.4788878071427954,2837,/home/ojab2/work/git/gsplat/results/colmap_outputs/lego_1_n50_s42_default_mpinhole_minfarthestpose_sharedcam_i50_gteval_steps15000/stats/val_step14999.json,/home/ojab2/work/git/gsplat/results/colmap_outputs/lego_1_n50_s42_default_mpinhole_minfarthestpose_sharedcam_i50_gteval_steps15000/stats/val_step14999.json,lego_1_n50_s42_default_mpinhole_minfarthestpose_sharedcam_i50_gteval_steps15000,37.2085,1.621086,48,0.702186,,,,18.030107975006104,6652,6652,0,/home/ojab2/work/git/vggt/colmap_outputs/lego_1_n50_s42_default_mpinhole_minfarthestpose_sharedcam/eval_results.json,lego_1_n50_s42_default_mpinhole_minfarthestpose_sharedcam,lego_1_n50_s42_default_mpinhole_minfarthestpose_sharedcam_i50_gteval_steps15000_val_step14999.json,2837,,,colmap,50.0
colmap,50,42,,3489,,,,,0,10,minfarthestpose,50,GT Eval,,,,,False,,,,,0.0,,False,1.0,1.0,colmap,bicycle,,,15000,15000,default,MCMC,,,,,Shared Cam,,,,,,gsplat,,outdoor,19.971603393554688,0.43686988949775696,0.37685221433639526,1000000,0.0030892484355717897,0.1497589349746704,,,0.2269858964237786,0.4121108639918377,3489,/home/ojab2/work/git/gsplat/results/colmap_outputs/bicycle_4_n50_s42_default_minfarthestpose_sharedcam_i50_gteval_steps15000/stats/val_step14999.json,/home/ojab2/work/git/gsplat/results/colmap_outputs/bicycle_4_n50_s42_default_minfarthestpose_sharedcam_i50_gteval_steps15000/stats/val_step14999.json,bicycle_4_n50_s42_default_minfarthestpose_sharedcam_i50_gteval_steps15000,0.1498,0.011463,46,0.97877,,,,10.574543714523315,7346,7346,0,/home/ojab2/work/git/vggt/colmap_outputs/bicycle_4_n50_s42_default_minfarthestpose_sharedcam/eval_results.json,bicycle_4_n50_s42_default_minfarthestpose_sharedcam,bicycle_4_n50_s42_default_minfarthestpose_sharedcam_i50_gteval_steps15000_val_step14999.json,3489,,,colmap,50.0
colmap,50,42,,3584,,,,,0,10,minfarthestpose,50,GT Eval,,,,,False,,,,,0.0,,False,1.0,1.0,colmap,stump,,,15000,15000,default,MCMC,,,,,Shared Cam,,,,,,gsplat,,outdoor,19.90422248840332,0.4939579367637634,0.5229108929634094,1000000,0.0017587877810001373,0.08486564457416534,,,0.27591299848017403,0.3982990982554842,3584,/home/ojab2/work/git/gsplat/results/colmap_outputs/stump_2_n50_s42_default_minfarthestpose_sharedcam_i50_gteval_steps15000/stats/val_step14999.json,/home/ojab2/work/git/gsplat/results/colmap_outputs/stump_2_n50_s42_default_minfarthestpose_sharedcam_i50_gteval_steps15000/stats/val_step14999.json,stump_2_n50_s42_default_minfarthestpose_sharedcam_i50_gteval_steps15000,0.0849,0.005529,31,0.829807,,,,15.191178798675537,9528,9528,0,/home/ojab2/work/git/vggt/colmap_outputs/stump_2_n50_s42_default_minfarthestpose_sharedcam/eval_results.json,stump_2_n50_s42_default_minfarthestpose_sharedcam,stump_2_n50_s42_default_minfarthestpose_sharedcam_i50_gteval_steps15000_val_step14999.json,3584,,,colmap,50.0
colmap,50,42,,9773,,,,,0,10,minfarthestpose,50,GT Eval,,,,,False,,,,,0.0,,False,1.0,1.0,colmap,counter,,,15000,15000,default,MCMC,,,,,Shared Cam,,,,,,gsplat,,indoor,25.204635620117188,0.2012728750705719,0.8427934646606445,1000000,0.00030415455694310367,0.02628336101770401,,,0.7418044197861446,0.20026079953145293,9773,/home/ojab2/work/git/gsplat/results/colmap_outputs/counter_2_n50_s42_default_minfarthestpose_sharedcam_i50_gteval_steps15000/stats/val_step14999.json,/home/ojab2/work/git/gsplat/results/colmap_outputs/counter_2_n50_s42_default_minfarthestpose_sharedcam_i50_gteval_steps15000/stats/val_step14999.json,counter_2_n50_s42_default_minfarthestpose_sharedcam_i50_gteval_steps15000,0.0263,0.001254,50,1.017398,,,,69.99852871894836,7418,7418,0,/home/ojab2/work/git/vggt/colmap_outputs/counter_2_n50_s42_default_minfarthestpose_sharedcam/eval_results.json,counter_2_n50_s42_default_minfarthestpose_sharedcam,counter_2_n50_s42_default_minfarthestpose_sharedcam_i50_gteval_steps15000_val_step14999.json,9773,,,colmap,50.0
colmap,50,42,,15337,,,,,0,10,minfarthestpose,50,GT Eval,,,,,False,,,,,0.0,,False,1.0,1.0,colmap,kitchen,,,15000,15000,default,MCMC,,,,,Shared Cam,,,,,,gsplat,,indoor,20.856433868408203,0.1820361316204071,0.4923512041568756,1000000,0.0009610033011995256,0.09940201044082642,,,0.4682197036721475,0.30091371833128283,15337,/home/ojab2/work/git/gsplat/results/colmap_outputs/kitchen_2_n50_s42_default_minfarthestpose_sharedcam_i50_gteval_steps15000/stats/val_step14999.json,/home/ojab2/work/git/gsplat/results/colmap_outputs/kitchen_2_n50_s42_default_minfarthestpose_sharedcam_i50_gteval_steps15000/stats/val_step14999.json,kitchen_2_n50_s42_default_minfarthestpose_sharedcam_i50_gteval_steps15000,0.0994,0.003876,50,1.032533,,,,21.937641859054565,9432,9432,0,/home/ojab2/work/git/vggt/colmap_outputs/kitchen_2_n50_s42_default_minfarthestpose_sharedcam/eval_results.json,kitchen_2_n50_s42_default_minfarthestpose_sharedcam,kitchen_2_n50_s42_default_minfarthestpose_sharedcam_i50_gteval_steps15000_val_step14999.json,15337,,,colmap,50.0
colmap,50,42,,22515,,,,,0,10,minfarthestpose,50,GT Eval,,,,,False,,,,,0.0,,False,1.0,1.0,colmap,bonsai,,,15000,15000,default,MCMC,,,,,Shared Cam,,,,,,gsplat,,indoor,21.696945190429688,0.20300589501857758,0.6328594088554382,1000000,0.0033656025771051645,0.21826618909835815,,,0.5530089705194878,0.2718975855646578,22515,/home/ojab2/work/git/gsplat/results/colmap_outputs/bonsai_2_n50_s42_default_minfarthestpose_sharedcam_i50_gteval_steps15000/stats/val_step14999.json,/home/ojab2/work/git/gsplat/results/colmap_outputs/bonsai_2_n50_s42_default_minfarthestpose_sharedcam_i50_gteval_steps15000/stats/val_step14999.json,bonsai_2_n50_s42_default_minfarthestpose_sharedcam_i50_gteval_steps15000,0.2183,0.013971,50,1.048775,,,,46.97960114479065,7418,7418,0,/home/ojab2/work/git/vggt/colmap_outputs/bonsai_2_n50_s42_default_minfarthestpose_sharedcam/eval_results.json,bonsai_2_n50_s42_default_minfarthestpose_sharedcam,bonsai_2_n50_s42_default_minfarthestpose_sharedcam_i50_gteval_steps15000_val_step14999.json,22515,,,colmap,50.0
colmap,50,42,,25421,,,,,0,10,minfarthestpose,50,GT Eval,,,,,False,,,,,0.0,,False,1.0,1.0,colmap,garden,,,15000,15000,default,MCMC,,,,,Shared Cam,,,,,,gsplat,,outdoor,20.968908309936523,0.3062770366668701,0.4411541819572449,1000000,0.000735376204829663,0.07241864502429962,,,0.3636708679409907,0.3539457664513222,25421,/home/ojab2/work/git/gsplat/results/colmap_outputs/garden_2_n50_s42_default_minfarthestpose_sharedcam_i50_gteval_steps15000/stats/val_step14999.json,/home/ojab2/work/git/gsplat/results/colmap_outputs/garden_2_n50_s42_default_minfarthestpose_sharedcam_i50_gteval_steps15000/stats/val_step14999.json,garden_2_n50_s42_default_minfarthestpose_sharedcam_i50_gteval_steps15000,0.0724,0.003021,50,1.021916,,,,31.005630254745483,9792,9792,0,/home/ojab2/work/git/vggt/colmap_outputs/garden_2_n50_s42_default_minfarthestpose_sharedcam/eval_results.json,garden_2_n50_s42_default_minfarthestpose_sharedcam,garden_2_n50_s42_default_minfarthestpose_sharedcam_i50_gteval_steps15000_val_step14999.json,25421,,,colmap,50.0
colmap,60,42,,1175,,,,,0,10,minfarthestpose,60,GT Eval,,,,,False,,,,,0.0,,False,1.0,1.0,colmap,drums,pinhole,,15000,15000,default,MCMC,,,,,Shared Cam,,,,,,gsplat,,synthetic,21.46663475036621,0.1071256473660469,0.8787174224853516,1000000,0.005875906441360712,0.2919759154319763,0.016683457419276237,0.017402132973074913,0.7517059165851259,0.1541720619725013,1175,/home/ojab2/work/git/gsplat/results/colmap_outputs/drums_1_n60_s42_default_mpinhole_minfarthestpose_sharedcam_i60_gteval_steps15000/stats/val_step14999.json,/home/ojab2/work/git/gsplat/results/colmap_outputs/drums_1_n60_s42_default_mpinhole_minfarthestpose_sharedcam_i60_gteval_steps15000/stats/val_step14999.json,drums_1_n60_s42_default_mpinhole_minfarthestpose_sharedcam_i60_gteval_steps15000,0.2927,0.018285,44,0.770645,,,,30.41712498664856,6716,6716,0,/home/ojab2/work/git/vggt/colmap_outputs/drums_1_n60_s42_default_mpinhole_minfarthestpose_sharedcam/eval_results.json,drums_1_n60_s42_default_mpinhole_minfarthestpose_sharedcam,drums_1_n60_s42_default_mpinhole_minfarthestpose_sharedcam_i60_gteval_steps15000_val_step14999.json,1175,,,colmap,60.0
colmap,60,42,,1962,,,,,0,10,minfarthestpose,60,GT Eval,,,,,False,,,,,0.0,,False,1.0,1.0,colmap,ship,pinhole,,15000,15000,default,MCMC,,,,,Shared Cam,,,,,,gsplat,,synthetic,22.031282424926758,0.16121169924736023,0.7412988543510437,1000000,0.004959248472005129,0.3282996416091919,0.02898668311536312,0.030586976557970047,0.6484141674732681,0.22536757103469807,1962,/home/ojab2/work/git/gsplat/results/colmap_outputs/ship_1_n60_s42_default_mpinhole_minfarthestpose_sharedcam_i60_gteval_steps15000/stats/val_step14999.json,/home/ojab2/work/git/gsplat/results/colmap_outputs/ship_1_n60_s42_default_mpinhole_minfarthestpose_sharedcam_i60_gteval_steps15000/stats/val_step14999.json,ship_1_n60_s42_default_mpinhole_minfarthestpose_sharedcam_i60_gteval_steps15000,0.3285,0.016235,52,0.800742,,,,11.243252992630005,6716,6716,0,/home/ojab2/work/git/vggt/colmap_outputs/ship_1_n60_s42_default_mpinhole_minfarthestpose_sharedcam/eval_results.json,ship_1_n60_s42_default_mpinhole_minfarthestpose_sharedcam,ship_1_n60_s42_default_mpinhole_minfarthestpose_sharedcam_i60_gteval_steps15000_val_step14999.json,1962,,,colmap,60.0
colmap,60,42,,4233,,,,,0,10,minfarthestpose,60,GT Eval,,,,,False,,,,,0.0,,False,1.0,1.0,colmap,lego,pinhole,,15000,15000,default,MCMC,,,,,Shared Cam,,,,,,gsplat,,synthetic,9.51300048828125,0.6039016842842102,0.4862987995147705,1000000,0.5501680970191956,42.754554748535156,0.5868042707443237,0.6410684585571289,-0.005794130338330428,0.47749922522954763,4233,/home/ojab2/work/git/gsplat/results/colmap_outputs/lego_1_n60_s42_default_mpinhole_minfarthestpose_sharedcam_i60_gteval_steps15000/stats/val_step14999.json,/home/ojab2/work/git/gsplat/results/colmap_outputs/lego_1_n60_s42_default_mpinhole_minfarthestpose_sharedcam_i60_gteval_steps15000/stats/val_step14999.json,lego_1_n60_s42_default_mpinhole_minfarthestpose_sharedcam_i60_gteval_steps15000,42.7544,1.76595,59,0.712957,,,,19.28944230079651,6716,6716,0,/home/ojab2/work/git/vggt/colmap_outputs/lego_1_n60_s42_default_mpinhole_minfarthestpose_sharedcam/eval_results.json,lego_1_n60_s42_default_mpinhole_minfarthestpose_sharedcam,lego_1_n60_s42_default_mpinhole_minfarthestpose_sharedcam_i60_gteval_steps15000_val_step14999.json,4233,,,colmap,60.0
colmap,60,42,,5439,,,,,0,10,minfarthestpose,60,GT Eval,,,,,False,,,,,0.0,,False,1.0,1.0,colmap,bicycle,,,15000,15000,default,MCMC,,,,,Shared Cam,,,,,,gsplat,,outdoor,19.752241134643555,0.40431737899780273,0.36857086420059204,1000000,0.0029093585908412933,0.13441917300224304,,,0.23817487983753186,0.40317653525129193,5439,/home/ojab2/work/git/gsplat/results/colmap_outputs/bicycle_4_n60_s42_default_minfarthestpose_sharedcam_i60_gteval_steps15000/stats/val_step14999.json,/home/ojab2/work/git/gsplat/results/colmap_outputs/bicycle_4_n60_s42_default_minfarthestpose_sharedcam_i60_gteval_steps15000/stats/val_step14999.json,bicycle_4_n60_s42_default_minfarthestpose_sharedcam_i60_gteval_steps15000,0.1344,0.010799,59,1.02818,,,,14.349272727966309,7410,7410,0,/home/ojab2/work/git/vggt/colmap_outputs/bicycle_4_n60_s42_default_minfarthestpose_sharedcam/eval_results.json,bicycle_4_n60_s42_default_minfarthestpose_sharedcam,bicycle_4_n60_s42_default_minfarthestpose_sharedcam_i60_gteval_steps15000_val_step14999.json,5439,,,colmap,60.0
colmap,60,42,,7456,,,,,0,10,minfarthestpose,60,GT Eval,,,,,False,,,,,0.0,,False,1.0,1.0,colmap,stump,,,15000,15000,default,MCMC,,,,,Shared Cam,,,,,,gsplat,,outdoor,22.481861114501953,0.4334394335746765,0.6201140880584717,1000000,0.0017187476623803377,0.05464011803269386,,,0.41784812158543694,0.35181174619674216,7456,/home/ojab2/work/git/gsplat/results/colmap_outputs/stump_2_n60_s42_default_minfarthestpose_sharedcam_i60_gteval_steps15000/stats/val_step14999.json,/home/ojab2/work/git/gsplat/results/colmap_outputs/stump_2_n60_s42_default_minfarthestpose_sharedcam_i60_gteval_steps15000/stats/val_step14999.json,stump_2_n60_s42_default_minfarthestpose_sharedcam_i60_gteval_steps15000,0.0546,0.006326,60,1.007535,,,,21.20139789581299,9592,9592,0,/home/ojab2/work/git/vggt/colmap_outputs/stump_2_n60_s42_default_minfarthestpose_sharedcam/eval_results.json,stump_2_n60_s42_default_minfarthestpose_sharedcam,stump_2_n60_s42_default_minfarthestpose_sharedcam_i60_gteval_steps15000_val_step14999.json,7456,,,colmap,60.0
colmap,60,42,,14845,,,,,0,10,minfarthestpose,60,GT Eval,,,,,False,,,,,0.0,,False,1.0,1.0,colmap,counter,,,15000,15000,default,MCMC,,,,,Shared Cam,,,,,,gsplat,,indoor,26.158340454101562,0.1889503002166748,0.8658013939857483,1000000,0.00023013997997622937,0.019907232373952866,,,0.7805270775329608,0.1859011778767024,14845,/home/ojab2/work/git/gsplat/results/colmap_outputs/counter_2_n60_s42_default_minfarthestpose_sharedcam_i60_gteval_steps15000/stats/val_step14999.json,/home/ojab2/work/git/gsplat/results/colmap_outputs/counter_2_n60_s42_default_minfarthestpose_sharedcam_i60_gteval_steps15000/stats/val_step14999.json,counter_2_n60_s42_default_minfarthestpose_sharedcam_i60_gteval_steps15000,0.0199,0.000942,60,1.009266,,,,97.29622483253479,7482,7482,0,/home/ojab2/work/git/vggt/colmap_outputs/counter_2_n60_s42_default_minfarthestpose_sharedcam/eval_results.json,counter_2_n60_s42_default_minfarthestpose_sharedcam,counter_2_n60_s42_default_minfarthestpose_sharedcam_i60_gteval_steps15000_val_step14999.json,14845,,,colmap,60.0
colmap,60,42,,21813,,,,,0,10,minfarthestpose,60,GT Eval,,,,,False,,,,,0.0,,False,1.0,1.0,colmap,kitchen,,,15000,15000,default,MCMC,,,,,Shared Cam,,,,,,gsplat,,indoor,21.690927505493164,0.14895617961883545,0.5146335363388062,1000000,0.0010291609214618802,0.09628389030694962,,,0.5171236166170157,0.2841378724634757,21813,/home/ojab2/work/git/gsplat/results/colmap_outputs/kitchen_2_n60_s42_default_minfarthestpose_sharedcam_i60_gteval_steps15000/stats/val_step14999.json,/home/ojab2/work/git/gsplat/results/colmap_outputs/kitchen_2_n60_s42_default_minfarthestpose_sharedcam_i60_gteval_steps15000/stats/val_step14999.json,kitchen_2_n60_s42_default_minfarthestpose_sharedcam_i60_gteval_steps15000,0.0963,0.004149,60,0.980005,,,,32.78321099281311,9496,9496,0,/home/ojab2/work/git/vggt/colmap_outputs/kitchen_2_n60_s42_default_minfarthestpose_sharedcam/eval_results.json,kitchen_2_n60_s42_default_minfarthestpose_sharedcam,kitchen_2_n60_s42_default_minfarthestpose_sharedcam_i60_gteval_steps15000_val_step14999.json,21813,,,colmap,60.0
colmap,60,42,,31847,,,,,0,10,minfarthestpose,60,GT Eval,,,,,False,,,,,0.0,,False,1.0,1.0,colmap,bonsai,,,15000,15000,default,MCMC,,,,,Shared Cam,,,,,,gsplat,,indoor,22.168672561645508,0.18957126140594482,0.6651806831359863,1000000,0.003669938538223505,0.21906505525112152,,,0.5889389762791664,0.2580920723767357,31847,/home/ojab2/work/git/gsplat/results/colmap_outputs/bonsai_2_n60_s42_default_minfarthestpose_sharedcam_i60_gteval_steps15000/stats/val_step14999.json,/home/ojab2/work/git/gsplat/results/colmap_outputs/bonsai_2_n60_s42_default_minfarthestpose_sharedcam_i60_gteval_steps15000/stats/val_step14999.json,bonsai_2_n60_s42_default_minfarthestpose_sharedcam_i60_gteval_steps15000,0.2191,0.015311,60,1.047943,,,,65.64310216903687,7482,7482,0,/home/ojab2/work/git/vggt/colmap_outputs/bonsai_2_n60_s42_default_minfarthestpose_sharedcam/eval_results.json,bonsai_2_n60_s42_default_minfarthestpose_sharedcam,bonsai_2_n60_s42_default_minfarthestpose_sharedcam_i60_gteval_steps15000_val_step14999.json,31847,,,colmap,60.0
colmap,60,42,,34210,,,,,0,10,minfarthestpose,60,GT Eval,,,,,False,,,,,0.0,,False,1.0,1.0,colmap,garden,,,15000,15000,default,MCMC,,,,,Shared Cam,,,,,,gsplat,,outdoor,21.483154296875,0.29751619696617126,0.47562894225120544,1000000,0.0007055920432321727,0.06019479036331177,,,0.3987625460488367,0.34291928808949035,34210,/home/ojab2/work/git/gsplat/results/colmap_outputs/garden_2_n60_s42_default_minfarthestpose_sharedcam_i60_gteval_steps15000/stats/val_step14999.json,/home/ojab2/work/git/gsplat/results/colmap_outputs/garden_2_n60_s42_default_minfarthestpose_sharedcam_i60_gteval_steps15000/stats/val_step14999.json,garden_2_n60_s42_default_minfarthestpose_sharedcam_i60_gteval_steps15000,0.0602,0.002877,60,1.016844,,,,48.06957793235779,9856,9856,0,/home/ojab2/work/git/vggt/colmap_outputs/garden_2_n60_s42_default_minfarthestpose_sharedcam/eval_results.json,garden_2_n60_s42_default_minfarthestpose_sharedcam,garden_2_n60_s42_default_minfarthestpose_sharedcam_i60_gteval_steps15000_val_step14999.json,34210,,,colmap,60.0
colmap,70,42,,1711,,,,,0,10,minfarthestpose,70,GT Eval,,,,,False,,,,,0.0,,False,1.0,1.0,colmap,drums,pinhole,,15000,15000,default,MCMC,,,,,Shared Cam,,,,,,gsplat,,synthetic,20.642908096313477,0.10815706104040146,0.8602676391601562,1000000,0.0048123011365532875,0.22917625308036804,0.017454026266932487,0.01790134608745575,0.7250256972064284,0.16352966318014636,1711,/home/ojab2/work/git/gsplat/results/colmap_outputs/drums_1_n70_s42_default_mpinhole_minfarthestpose_sharedcam_i70_gteval_steps15000/stats/val_step14999.json,/home/ojab2/work/git/gsplat/results/colmap_outputs/drums_1_n70_s42_default_mpinhole_minfarthestpose_sharedcam_i70_gteval_steps15000/stats/val_step14999.json,drums_1_n70_s42_default_mpinhole_minfarthestpose_sharedcam_i70_gteval_steps15000,0.2295,0.014344,53,0.75209,,,,46.39105224609375,6776,6776,0,/home/ojab2/work/git/vggt/colmap_outputs/drums_1_n70_s42_default_mpinhole_minfarthestpose_sharedcam/eval_results.json,drums_1_n70_s42_default_mpinhole_minfarthestpose_sharedcam,drums_1_n70_s42_default_mpinhole_minfarthestpose_sharedcam_i70_gteval_steps15000_val_step14999.json,1711,,,colmap,70.0
colmap,70,42,,2748,,,,,0,10,minfarthestpose,70,GT Eval,,,,,False,,,,,0.0,,False,1.0,1.0,colmap,ship,pinhole,,15000,15000,default,MCMC,,,,,Shared Cam,,,,,,gsplat,,synthetic,22.920597076416016,0.1465238332748413,0.7628100514411926,1000000,0.004077303223311901,0.2112027108669281,0.02801118791103363,0.02891070395708084,0.6865291886704551,0.212883229585469,2748,/home/ojab2/work/git/gsplat/results/colmap_outputs/ship_1_n70_s42_default_mpinhole_minfarthestpose_sharedcam_i70_gteval_steps15000/stats/val_step14999.json,/home/ojab2/work/git/gsplat/results/colmap_outputs/ship_1_n70_s42_default_mpinhole_minfarthestpose_sharedcam_i70_gteval_steps15000/stats/val_step14999.json,ship_1_n70_s42_default_mpinhole_minfarthestpose_sharedcam_i70_gteval_steps15000,0.2115,0.013257,63,0.814222,,,,14.959670066833496,6776,6776,0,/home/ojab2/work/git/vggt/colmap_outputs/ship_1_n70_s42_default_mpinhole_minfarthestpose_sharedcam/eval_results.json,ship_1_n70_s42_default_mpinhole_minfarthestpose_sharedcam,ship_1_n70_s42_default_mpinhole_minfarthestpose_sharedcam_i70_gteval_steps15000_val_step14999.json,2748,,,colmap,70.0
colmap,70,42,,5764,,,,,0,10,minfarthestpose,70,GT Eval,,,,,False,,,,,0.0,,False,1.0,1.0,colmap,lego,pinhole,,15000,15000,default,MCMC,,,,,Shared Cam,,,,,,gsplat,,synthetic,22.652563095092773,0.06905500590801239,0.8519454598426819,1000000,0.1379781812429428,13.015335083007812,0.021815670654177666,0.021988926455378532,0.7815118300558452,0.1530876213141112,5764,/home/ojab2/work/git/gsplat/results/colmap_outputs/lego_1_n70_s42_default_mpinhole_minfarthestpose_sharedcam_i70_gteval_steps15000/stats/val_step14999.json,/home/ojab2/work/git/gsplat/results/colmap_outputs/lego_1_n70_s42_default_mpinhole_minfarthestpose_sharedcam_i70_gteval_steps15000/stats/val_step14999.json,lego_1_n70_s42_default_mpinhole_minfarthestpose_sharedcam_i70_gteval_steps15000,13.0156,0.491599,70,0.930681,,,,33.80655479431152,6776,6776,0,/home/ojab2/work/git/vggt/colmap_outputs/lego_1_n70_s42_default_mpinhole_minfarthestpose_sharedcam/eval_results.json,lego_1_n70_s42_default_mpinhole_minfarthestpose_sharedcam,lego_1_n70_s42_default_mpinhole_minfarthestpose_sharedcam_i70_gteval_steps15000_val_step14999.json,5764,,,colmap,70.0
colmap,70,42,,8521,,,,,0,10,minfarthestpose,70,GT Eval,,,,,False,,,,,0.0,,False,1.0,1.0,colmap,bicycle,,,15000,15000,default,MCMC,,,,,Shared Cam,,,,,,gsplat,,outdoor,19.710527420043945,0.3646119236946106,0.37013497948646545,1000000,0.0026197393890470266,0.11995593458414078,,,0.26282663125353556,0.3896471779847298,8521,/home/ojab2/work/git/gsplat/results/colmap_outputs/bicycle_4_n70_s42_default_minfarthestpose_sharedcam_i70_gteval_steps15000/stats/val_step14999.json,/home/ojab2/work/git/gsplat/results/colmap_outputs/bicycle_4_n70_s42_default_minfarthestpose_sharedcam_i70_gteval_steps15000/stats/val_step14999.json,bicycle_4_n70_s42_default_minfarthestpose_sharedcam_i70_gteval_steps15000,0.12,0.009717,69,1.016821,,,,20.831656455993652,7470,7470,0,/home/ojab2/work/git/vggt/colmap_outputs/bicycle_4_n70_s42_default_minfarthestpose_sharedcam/eval_results.json,bicycle_4_n70_s42_default_minfarthestpose_sharedcam,bicycle_4_n70_s42_default_minfarthestpose_sharedcam_i70_gteval_steps15000_val_step14999.json,8521,,,colmap,70.0
colmap,70,42,,10379,,,,,0,10,minfarthestpose,70,GT Eval,,,,,False,,,,,0.0,,False,1.0,1.0,colmap,stump,,,15000,15000,default,MCMC,,,,,Shared Cam,,,,,,gsplat,,outdoor,23.05914306640625,0.4161098003387451,0.642978310585022,1000000,0.0013794626574963331,0.043135255575180054,,,0.4526067229352113,0.3395222675110053,10379,/home/ojab2/work/git/gsplat/results/colmap_outputs/stump_2_n70_s42_default_minfarthestpose_sharedcam_i70_gteval_steps15000/stats/val_step14999.json,/home/ojab2/work/git/gsplat/results/colmap_outputs/stump_2_n70_s42_default_minfarthestpose_sharedcam_i70_gteval_steps15000/stats/val_step14999.json,stump_2_n70_s42_default_minfarthestpose_sharedcam_i70_gteval_steps15000,0.0431,0.005018,70,0.985276,,,,28.946945190429688,9652,9652,0,/home/ojab2/work/git/vggt/colmap_outputs/stump_2_n70_s42_default_minfarthestpose_sharedcam/eval_results.json,stump_2_n70_s42_default_minfarthestpose_sharedcam,stump_2_n70_s42_default_minfarthestpose_sharedcam_i70_gteval_steps15000_val_step14999.json,10379,,,colmap,70.0
colmap,70,42,,20431,,,,,0,10,minfarthestpose,70,GT Eval,,,,,False,,,,,0.0,,False,1.0,1.0,colmap,counter,,,15000,15000,default,MCMC,,,,,Shared Cam,,,,,,gsplat,,indoor,26.725461959838867,0.18234191834926605,0.8777703046798706,1000000,0.00021438101248349994,0.018934760242700577,,,0.8021079386845279,0.17802700660067874,20431,/home/ojab2/work/git/gsplat/results/colmap_outputs/counter_2_n70_s42_default_minfarthestpose_sharedcam_i70_gteval_steps15000/stats/val_step14999.json,/home/ojab2/work/git/gsplat/results/colmap_outputs/counter_2_n70_s42_default_minfarthestpose_sharedcam_i70_gteval_steps15000/stats/val_step14999.json,counter_2_n70_s42_default_minfarthestpose_sharedcam_i70_gteval_steps15000,0.0189,0.000872,70,0.987931,,,,136.9727382659912,7542,7542,0,/home/ojab2/work/git/vggt/colmap_outputs/counter_2_n70_s42_default_minfarthestpose_sharedcam/eval_results.json,counter_2_n70_s42_default_minfarthestpose_sharedcam,counter_2_n70_s42_default_minfarthestpose_sharedcam_i70_gteval_steps15000_val_step14999.json,20431,,,colmap,70.0
colmap,70,42,,35747,,,,,0,10,minfarthestpose,70,GT Eval,,,,,False,,,,,0.0,,False,1.0,1.0,colmap,kitchen,,,15000,15000,default,MCMC,,,,,Shared Cam,,,,,,gsplat,,indoor,21.534276962280273,0.14751364290714264,0.5068987011909485,1000000,0.0009965215576812625,0.09812819212675095,,,0.5105898399837919,0.2855830549902938,35747,/home/ojab2/work/git/gsplat/results/colmap_outputs/kitchen_2_n70_s42_default_minfarthestpose_sharedcam_i70_gteval_steps15000/stats/val_step14999.json,/home/ojab2/work/git/gsplat/results/colmap_outputs/kitchen_2_n70_s42_default_minfarthestpose_sharedcam_i70_gteval_steps15000/stats/val_step14999.json,kitchen_2_n70_s42_default_minfarthestpose_sharedcam_i70_gteval_steps15000,0.0981,0.003943,70,1.002625,,,,53.182297468185425,9946,9946,0,/home/ojab2/work/git/vggt/colmap_outputs/kitchen_2_n70_s42_default_minfarthestpose_sharedcam/eval_results.json,kitchen_2_n70_s42_default_minfarthestpose_sharedcam,kitchen_2_n70_s42_default_minfarthestpose_sharedcam_i70_gteval_steps15000_val_step14999.json,35747,,,colmap,70.0
colmap,70,42,,42091,,,,,0,10,minfarthestpose,70,GT Eval,,,,,False,,,,,0.0,,False,1.0,1.0,colmap,bonsai,,,15000,15000,default,MCMC,,,,,Shared Cam,,,,,,gsplat,,indoor,28.404136657714844,0.1480536311864853,0.8946173787117004,1000000,0.001268189400434494,0.05289151147007942,,,0.8642122066005473,0.1580415301133877,42091,/home/ojab2/work/git/gsplat/results/colmap_outputs/bonsai_2_n70_s42_default_minfarthestpose_sharedcam_i70_gteval_steps15000/stats/val_step14999.json,/home/ojab2/work/git/gsplat/results/colmap_outputs/bonsai_2_n70_s42_default_minfarthestpose_sharedcam_i70_gteval_steps15000/stats/val_step14999.json,bonsai_2_n70_s42_default_minfarthestpose_sharedcam_i70_gteval_steps15000,0.0529,0.005207,70,1.026511,,,,75.30614638328552,7542,7542,0,/home/ojab2/work/git/vggt/colmap_outputs/bonsai_2_n70_s42_default_minfarthestpose_sharedcam/eval_results.json,bonsai_2_n70_s42_default_minfarthestpose_sharedcam,bonsai_2_n70_s42_default_minfarthestpose_sharedcam_i70_gteval_steps15000_val_step14999.json,42091,,,colmap,70.0
colmap,70,42,,43941,,,,,0,10,minfarthestpose,70,GT Eval,,,,,False,,,,,0.0,,False,1.0,1.0,colmap,garden,,,15000,15000,default,MCMC,,,,,Shared Cam,,,,,,gsplat,,outdoor,21.485448837280273,0.2839418649673462,0.46950864791870117,1000000,0.0007179754902608693,0.06462907791137695,,,0.40360513532835607,0.33979781842250706,43941,/home/ojab2/work/git/gsplat/results/colmap_outputs/garden_2_n70_s42_default_minfarthestpose_sharedcam_i70_gteval_steps15000/stats/val_step14999.json,/home/ojab2/work/git/gsplat/results/colmap_outputs/garden_2_n70_s42_default_minfarthestpose_sharedcam_i70_gteval_steps15000/stats/val_step14999.json,garden_2_n70_s42_default_minfarthestpose_sharedcam_i70_gteval_steps15000,0.0646,0.002954,70,1.033049,,,,59.864672899246216,9916,9916,0,/home/ojab2/work/git/vggt/colmap_outputs/garden_2_n70_s42_default_minfarthestpose_sharedcam/eval_results.json,garden_2_n70_s42_default_minfarthestpose_sharedcam,garden_2_n70_s42_default_minfarthestpose_sharedcam_i70_gteval_steps15000_val_step14999.json,43941,,,colmap,70.0
colmap,80,42,,2571,,,,,0,10,minfarthestpose,80,GT Eval,,,,,False,,,,,0.0,,False,1.0,1.0,colmap,drums,pinhole,,15000,15000,default,MCMC,,,,,Shared Cam,,,,,,gsplat,,synthetic,22.01573371887207,0.1012115478515625,0.8877139091491699,1000000,0.004395661875605583,0.20921207964420319,0.016546260565519333,0.017520464956760406,0.7707861980267202,0.14752982405196172,2571,/home/ojab2/work/git/gsplat/results/colmap_outputs/drums_1_n80_s42_default_mpinhole_minfarthestpose_sharedcam_i80_gteval_steps15000/stats/val_step14999.json,/home/ojab2/work/git/gsplat/results/colmap_outputs/drums_1_n80_s42_default_mpinhole_minfarthestpose_sharedcam_i80_gteval_steps15000/stats/val_step14999.json,drums_1_n80_s42_default_mpinhole_minfarthestpose_sharedcam_i80_gteval_steps15000,0.21,0.013163,61,0.73288,,,,57.9729950428009,6836,6836,0,/home/ojab2/work/git/vggt/colmap_outputs/drums_1_n80_s42_default_mpinhole_minfarthestpose_sharedcam/eval_results.json,drums_1_n80_s42_default_mpinhole_minfarthestpose_sharedcam,drums_1_n80_s42_default_mpinhole_minfarthestpose_sharedcam_i80_gteval_steps15000_val_step14999.json,2571,,,colmap,80.0
colmap,80,42,,3818,,,,,0,10,minfarthestpose,80,GT Eval,,,,,False,,,,,0.0,,False,1.0,1.0,colmap,ship,pinhole,,15000,15000,default,MCMC,,,,,Shared Cam,,,,,,gsplat,,synthetic,23.95128059387207,0.1371573507785797,0.789847731590271,1000000,0.0029240939766168594,0.1490263044834137,0.027568796649575233,0.027714744210243225,0.7272092086529869,0.1998690038868526,3818,/home/ojab2/work/git/gsplat/results/colmap_outputs/ship_1_n80_s42_default_mpinhole_minfarthestpose_sharedcam_i80_gteval_steps15000/stats/val_step14999.json,/home/ojab2/work/git/gsplat/results/colmap_outputs/ship_1_n80_s42_default_mpinhole_minfarthestpose_sharedcam_i80_gteval_steps15000/stats/val_step14999.json,ship_1_n80_s42_default_mpinhole_minfarthestpose_sharedcam_i80_gteval_steps15000,0.1491,0.009487,74,0.83563,,,,19.210057735443115,6836,6836,0,/home/ojab2/work/git/vggt/colmap_outputs/ship_1_n80_s42_default_mpinhole_minfarthestpose_sharedcam/eval_results.json,ship_1_n80_s42_default_mpinhole_minfarthestpose_sharedcam,ship_1_n80_s42_default_mpinhole_minfarthestpose_sharedcam_i80_gteval_steps15000_val_step14999.json,3818,,,colmap,80.0
colmap,80,42,,8189,,,,,0,10,minfarthestpose,80,GT Eval,,,,,False,,,,,0.0,,False,1.0,1.0,colmap,lego,pinhole,,15000,15000,default,MCMC,,,,,Shared Cam,,,,,,gsplat,,synthetic,11.245566368103027,0.4587663412094116,0.5789228081703186,1000000,0.20273685455322266,12.490297317504883,0.30531224608421326,0.3175135552883148,0.170046227872178,0.3942456552448541,8189,/home/ojab2/work/git/gsplat/results/colmap_outputs/lego_1_n80_s42_default_mpinhole_minfarthestpose_sharedcam_i80_gteval_steps15000/stats/val_step14999.json,/home/ojab2/work/git/gsplat/results/colmap_outputs/lego_1_n80_s42_default_mpinhole_minfarthestpose_sharedcam_i80_gteval_steps15000/stats/val_step14999.json,lego_1_n80_s42_default_mpinhole_minfarthestpose_sharedcam_i80_gteval_steps15000,12.3915,0.644267,80,0.828364,,,,36.368884801864624,6836,6836,0,/home/ojab2/work/git/vggt/colmap_outputs/lego_1_n80_s42_default_mpinhole_minfarthestpose_sharedcam/eval_results.json,lego_1_n80_s42_default_mpinhole_minfarthestpose_sharedcam,lego_1_n80_s42_default_mpinhole_minfarthestpose_sharedcam_i80_gteval_steps15000_val_step14999.json,8189,,,colmap,80.0
colmap,80,42,,11796,,,,,0,10,minfarthestpose,80,GT Eval,,,,,False,,,,,0.0,,False,1.0,1.0,colmap,bicycle,,,15000,15000,default,MCMC,,,,,Shared Cam,,,,,,gsplat,,outdoor,20.295074462890625,0.34108200669288635,0.40262851119041443,1000000,0.002403906313702464,0.11904101073741913,,,0.307178281939905,0.37444108347248783,11796,/home/ojab2/work/git/gsplat/results/colmap_outputs/bicycle_4_n80_s42_default_minfarthestpose_sharedcam_i80_gteval_steps15000/stats/val_step14999.json,/home/ojab2/work/git/gsplat/results/colmap_outputs/bicycle_4_n80_s42_default_minfarthestpose_sharedcam_i80_gteval_steps15000/stats/val_step14999.json,bicycle_4_n80_s42_default_minfarthestpose_sharedcam_i80_gteval_steps15000,0.119,0.008923,80,1.011902,,,,27.30118417739868,7552,7552,0,/home/ojab2/work/git/vggt/colmap_outputs/bicycle_4_n80_s42_default_minfarthestpose_sharedcam/eval_results.json,bicycle_4_n80_s42_default_minfarthestpose_sharedcam,bicycle_4_n80_s42_default_minfarthestpose_sharedcam_i80_gteval_steps15000_val_step14999.json,11796,,,colmap,80.0
colmap,80,42,,13289,,,,,0,10,minfarthestpose,80,GT Eval,,,,,False,,,,,0.0,,False,1.0,1.0,colmap,stump,,,15000,15000,default,MCMC,,,,,Shared Cam,,,,,,gsplat,,outdoor,23.69529914855957,0.3987574875354767,0.6667870879173279,1000000,0.0010066709946841002,0.029328374192118645,,,0.4890219569206238,0.32675795815799796,13289,/home/ojab2/work/git/gsplat/results/colmap_outputs/stump_2_n80_s42_default_minfarthestpose_sharedcam_i80_gteval_steps15000/stats/val_step14999.json,/home/ojab2/work/git/gsplat/results/colmap_outputs/stump_2_n80_s42_default_minfarthestpose_sharedcam_i80_gteval_steps15000/stats/val_step14999.json,stump_2_n80_s42_default_minfarthestpose_sharedcam_i80_gteval_steps15000,0.0293,0.003643,79,1.001219,,,,35.555680990219116,9712,9712,0,/home/ojab2/work/git/vggt/colmap_outputs/stump_2_n80_s42_default_minfarthestpose_sharedcam/eval_results.json,stump_2_n80_s42_default_minfarthestpose_sharedcam,stump_2_n80_s42_default_minfarthestpose_sharedcam_i80_gteval_steps15000_val_step14999.json,13289,,,colmap,80.0
colmap,80,42,,28563,,,,,0,10,minfarthestpose,80,GT Eval,,,,,False,,,,,0.0,,False,1.0,1.0,colmap,counter,,,15000,15000,default,MCMC,,,,,Shared Cam,,,,,,gsplat,,indoor,27.375858306884766,0.1690811663866043,0.8878010511398315,1000000,0.00019333191448822618,0.01627672277390957,,,0.8282038984436582,0.1686240420885094,28563,/home/ojab2/work/git/gsplat/results/colmap_outputs/counter_2_n80_s42_default_minfarthestpose_sharedcam_i80_gteval_steps15000/stats/val_step14999.json,/home/ojab2/work/git/gsplat/results/colmap_outputs/counter_2_n80_s42_default_minfarthestpose_sharedcam_i80_gteval_steps15000/stats/val_step14999.json,counter_2_n80_s42_default_minfarthestpose_sharedcam_i80_gteval_steps15000,0.0163,0.000772,80,0.978881,,,,183.8114914894104,7602,7602,0,/home/ojab2/work/git/vggt/colmap_outputs/counter_2_n80_s42_default_minfarthestpose_sharedcam/eval_results.json,counter_2_n80_s42_default_minfarthestpose_sharedcam,counter_2_n80_s42_default_minfarthestpose_sharedcam_i80_gteval_steps15000_val_step14999.json,28563,,,colmap,80.0
colmap,80,42,,49366,,,,,0,10,minfarthestpose,80,GT Eval,,,,,False,,,,,0.0,,False,1.0,1.0,colmap,kitchen,,,15000,15000,default,MCMC,,,,,Shared Cam,,,,,,gsplat,,indoor,21.851726531982422,0.14010663330554962,0.5111910700798035,1000000,0.0009058652212843299,0.09917648881673813,,,0.5235509211130929,0.28192802028806074,49366,/home/ojab2/work/git/gsplat/results/colmap_outputs/kitchen_2_n80_s42_default_minfarthestpose_sharedcam_i80_gteval_steps15000/stats/val_step14999.json,/home/ojab2/work/git/gsplat/results/colmap_outputs/kitchen_2_n80_s42_default_minfarthestpose_sharedcam_i80_gteval_steps15000/stats/val_step14999.json,kitchen_2_n80_s42_default_minfarthestpose_sharedcam_i80_gteval_steps15000,0.0992,0.003674,80,0.986183,,,,73.82726502418518,10006,10006,0,/home/ojab2/work/git/vggt/colmap_outputs/kitchen_2_n80_s42_default_minfarthestpose_sharedcam/eval_results.json,kitchen_2_n80_s42_default_minfarthestpose_sharedcam,kitchen_2_n80_s42_default_minfarthestpose_sharedcam_i80_gteval_steps15000_val_step14999.json,49366,,,colmap,80.0
colmap,80,42,,50939,,,,,0,10,minfarthestpose,80,GT Eval,,,,,False,,,,,0.0,,False,1.0,1.0,colmap,bonsai,,,15000,15000,default,MCMC,,,,,Shared Cam,,,,,,gsplat,,indoor,28.026302337646484,0.14591750502586365,0.8840844631195068,1000000,0.0010319369612261653,0.05162372440099716,,,0.8523742713813582,0.16265217906290325,50939,/home/ojab2/work/git/gsplat/results/colmap_outputs/bonsai_2_n80_s42_default_minfarthestpose_sharedcam_i80_gteval_steps15000/stats/val_step14999.json,/home/ojab2/work/git/gsplat/results/colmap_outputs/bonsai_2_n80_s42_default_minfarthestpose_sharedcam_i80_gteval_steps15000/stats/val_step14999.json,bonsai_2_n80_s42_default_minfarthestpose_sharedcam_i80_gteval_steps15000,0.0516,0.004219,80,1.020898,,,,97.05003786087036,7602,7602,0,/home/ojab2/work/git/vggt/colmap_outputs/bonsai_2_n80_s42_default_minfarthestpose_sharedcam/eval_results.json,bonsai_2_n80_s42_default_minfarthestpose_sharedcam,bonsai_2_n80_s42_default_minfarthestpose_sharedcam_i80_gteval_steps15000_val_step14999.json,50939,,,colmap,80.0
colmap,80,42,,53825,,,,,0,10,minfarthestpose,80,GT Eval,,,,,False,,,,,0.0,,False,1.0,1.0,colmap,garden,,,15000,15000,default,MCMC,,,,,Shared Cam,,,,,,gsplat,,outdoor,21.558483123779297,0.2749709188938141,0.47525128722190857,1000000,0.000695251626893878,0.06090160459280014,,,0.4138535117467864,0.33545036466661493,53825,/home/ojab2/work/git/gsplat/results/colmap_outputs/garden_2_n80_s42_default_minfarthestpose_sharedcam_i80_gteval_steps15000/stats/val_step14999.json,/home/ojab2/work/git/gsplat/results/colmap_outputs/garden_2_n80_s42_default_minfarthestpose_sharedcam_i80_gteval_steps15000/stats/val_step14999.json,garden_2_n80_s42_default_minfarthestpose_sharedcam_i80_gteval_steps15000,0.0609,0.002865,80,1.02083,,,,81.6151819229126,9976,9976,0,/home/ojab2/work/git/vggt/colmap_outputs/garden_2_n80_s42_default_minfarthestpose_sharedcam/eval_results.json,garden_2_n80_s42_default_minfarthestpose_sharedcam,garden_2_n80_s42_default_minfarthestpose_sharedcam_i80_gteval_steps15000_val_step14999.json,53825,,,colmap,80.0
colmap,87,42,,3866,,,,,0,10,farthestpose,87,GT Eval,,,,,False,,,,,0.0,,False,1.0,1.0,colmap,drums,pinhole,,15000,15000,default,MCMC,,,,,Shared Cam,,,,,,gsplat,,synthetic,22.46944808959961,0.09344673901796341,0.898908793926239,1000000,0.0029796594753861427,0.1518741101026535,0.016105035319924355,0.016583064571022987,0.7905281241196481,0.13901942819483265,3866,/home/ojab2/work/git/gsplat/results/colmap_outputs/drums_1_n87_s42_default_mpinhole_farthestpose_sharedcam_i87_gteval_steps15000/stats/val_step14999.json,/home/ojab2/work/git/gsplat/results/colmap_outputs/drums_1_n87_s42_default_mpinhole_farthestpose_sharedcam_i87_gteval_steps15000/stats/val_step14999.json,drums_1_n87_s42_default_mpinhole_farthestpose_sharedcam_i87_gteval_steps15000,0.1528,0.009899,79,0.837402,,,,70.49110555648804,6778,6778,0,/home/ojab2/work/git/vggt/colmap_outputs/drums_1_n87_s42_default_mpinhole_farthestpose_sharedcam/eval_results.json,drums_1_n87_s42_default_mpinhole_farthestpose_sharedcam,drums_1_n87_s42_default_mpinhole_farthestpose_sharedcam_i87_gteval_steps15000_val_step14999.json,3866,,,colmap,87.0
colmap,87,42,,5146,,,,,0,10,farthestpose,87,GT Eval,,,,,False,,,,,0.0,,False,1.0,1.0,colmap,ship,pinhole,,15000,15000,default,MCMC,,,,,Shared Cam,,,,,,gsplat,,synthetic,22.400592803955078,0.14908459782600403,0.7505561709403992,1000000,0.0035610124468803406,0.2434609830379486,0.031018691137433052,0.029304901137948036,0.6681527490736681,0.21809391039233772,5146,/home/ojab2/work/git/gsplat/results/colmap_outputs/ship_1_n87_s42_default_mpinhole_farthestpose_sharedcam_i87_gteval_steps15000/stats/val_step14999.json,/home/ojab2/work/git/gsplat/results/colmap_outputs/ship_1_n87_s42_default_mpinhole_farthestpose_sharedcam_i87_gteval_steps15000/stats/val_step14999.json,ship_1_n87_s42_default_mpinhole_farthestpose_sharedcam_i87_gteval_steps15000,0.2458,0.011214,80,0.865091,,,,25.509971380233765,983,983,0,/home/ojab2/work/git/vggt/colmap_outputs/ship_1_n87_s42_default_mpinhole_farthestpose_sharedcam/eval_results.json,ship_1_n87_s42_default_mpinhole_farthestpose_sharedcam,ship_1_n87_s42_default_mpinhole_farthestpose_sharedcam_i87_gteval_steps15000_val_step14999.json,5146,,,colmap,87.0
colmap,87,42,,10313,,,,,0,10,farthestpose,87,GT Eval,,,,,False,,,,,0.0,,False,1.0,1.0,colmap,lego,pinhole,,15000,15000,default,MCMC,,,,,Shared Cam,,,,,,gsplat,,synthetic,22.786890029907227,0.06574113667011261,0.8507940173149109,1000000,0.11692719161510468,10.478508949279785,0.02123933658003807,0.0218884889036417,0.7853716059773675,0.15242566000284324,10313,/home/ojab2/work/git/gsplat/results/colmap_outputs/lego_1_n87_s42_default_mpinhole_farthestpose_sharedcam_i87_gteval_steps15000/stats/val_step14999.json,/home/ojab2/work/git/gsplat/results/colmap_outputs/lego_1_n87_s42_default_mpinhole_farthestpose_sharedcam_i87_gteval_steps15000/stats/val_step14999.json,lego_1_n87_s42_default_mpinhole_farthestpose_sharedcam_i87_gteval_steps15000,10.4784,0.403756,87,0.885202,,,,47.262017250061035,6778,6778,0,/home/ojab2/work/git/vggt/colmap_outputs/lego_1_n87_s42_default_mpinhole_farthestpose_sharedcam/eval_results.json,lego_1_n87_s42_default_mpinhole_farthestpose_sharedcam,lego_1_n87_s42_default_mpinhole_farthestpose_sharedcam_i87_gteval_steps15000_val_step14999.json,10313,,,colmap,87.0
colmap,90,42,,15687,,,,,0,10,minfarthestpose,90,GT Eval,,,,,False,,,,,0.0,,False,1.0,1.0,colmap,bicycle,,,15000,15000,default,MCMC,,,,,Shared Cam,,,,,,gsplat,,outdoor,20.278013229370117,0.32080644369125366,0.4018096923828125,1000000,0.002212557476013899,0.1129547581076622,,,0.3188992713936898,0.36787132982798865,15687,/home/ojab2/work/git/gsplat/results/colmap_outputs/bicycle_4_n90_s42_default_minfarthestpose_sharedcam_i90_gteval_steps15000/stats/val_step14999.json,/home/ojab2/work/git/gsplat/results/colmap_outputs/bicycle_4_n90_s42_default_minfarthestpose_sharedcam_i90_gteval_steps15000/stats/val_step14999.json,bicycle_4_n90_s42_default_minfarthestpose_sharedcam_i90_gteval_steps15000,0.113,0.008149,89,1.011157,,,,32.59644627571106,7616,7616,0,/home/ojab2/work/git/vggt/colmap_outputs/bicycle_4_n90_s42_default_minfarthestpose_sharedcam/eval_results.json,bicycle_4_n90_s42_default_minfarthestpose_sharedcam,bicycle_4_n90_s42_default_minfarthestpose_sharedcam_i90_gteval_steps15000_val_step14999.json,15687,,,colmap,90.0
colmap,90,42,,16476,,,,,0,10,minfarthestpose,90,GT Eval,,,,,False,,,,,0.0,,False,1.0,1.0,colmap,stump,,,15000,15000,default,MCMC,,,,,Shared Cam,,,,,,gsplat,,outdoor,24.336627960205078,0.3709244132041931,0.6901689767837524,1000000,0.0008569591445848346,0.023860109969973564,,,0.5317529456967112,0.31041107744055035,16476,/home/ojab2/work/git/gsplat/results/colmap_outputs/stump_2_n90_s42_default_minfarthestpose_sharedcam_i90_gteval_steps15000/stats/val_step14999.json,/home/ojab2/work/git/gsplat/results/colmap_outputs/stump_2_n90_s42_default_minfarthestpose_sharedcam_i90_gteval_steps15000/stats/val_step14999.json,stump_2_n90_s42_default_minfarthestpose_sharedcam_i90_gteval_steps15000,0.0239,0.003115,90,0.978572,,,,43.148460149765015,9776,9776,0,/home/ojab2/work/git/vggt/colmap_outputs/stump_2_n90_s42_default_minfarthestpose_sharedcam/eval_results.json,stump_2_n90_s42_default_minfarthestpose_sharedcam,stump_2_n90_s42_default_minfarthestpose_sharedcam_i90_gteval_steps15000_val_step14999.json,16476,,,colmap,90.0
colmap,90,42,,35747,,,,,0,10,minfarthestpose,90,GT Eval,,,,,False,,,,,0.0,,False,1.0,1.0,colmap,counter,,,15000,15000,default,MCMC,,,,,Shared Cam,,,,,,gsplat,,indoor,27.590927124023438,0.16619718074798584,0.8896318674087524,1000000,0.00018561838078312576,0.018596289679408073,,,0.8350375451539691,0.16671853735468584,35747,/home/ojab2/work/git/gsplat/results/colmap_outputs/counter_2_n90_s42_default_minfarthestpose_sharedcam_i90_gteval_steps15000/stats/val_step14999.json,/home/ojab2/work/git/gsplat/results/colmap_outputs/counter_2_n90_s42_default_minfarthestpose_sharedcam_i90_gteval_steps15000/stats/val_step14999.json,counter_2_n90_s42_default_minfarthestpose_sharedcam_i90_gteval_steps15000,0.0186,0.00076,90,0.994265,,,,231.36329460144043,7666,7666,0,/home/ojab2/work/git/vggt/colmap_outputs/counter_2_n90_s42_default_minfarthestpose_sharedcam/eval_results.json,counter_2_n90_s42_default_minfarthestpose_sharedcam,counter_2_n90_s42_default_minfarthestpose_sharedcam_i90_gteval_steps15000_val_step14999.json,35747,,,colmap,90.0
colmap,90,42,,58303,,,,,0,10,minfarthestpose,90,GT Eval,,,,,False,,,,,0.0,,False,1.0,1.0,colmap,bonsai,,,15000,15000,default,MCMC,,,,,Shared Cam,,,,,,gsplat,,indoor,26.790843963623047,0.14415143430233002,0.8368752002716064,1000000,0.000949694134760648,0.06917158514261246,,,0.8029778236650351,0.1833774174847466,58303,/home/ojab2/work/git/gsplat/results/colmap_outputs/bonsai_2_n90_s42_default_minfarthestpose_sharedcam_i90_gteval_steps15000/stats/val_step14999.json,/home/ojab2/work/git/gsplat/results/colmap_outputs/bonsai_2_n90_s42_default_minfarthestpose_sharedcam_i90_gteval_steps15000/stats/val_step14999.json,bonsai_2_n90_s42_default_minfarthestpose_sharedcam_i90_gteval_steps15000,0.0692,0.003892,90,0.998126,,,,137.66103339195251,7666,7666,0,/home/ojab2/work/git/vggt/colmap_outputs/bonsai_2_n90_s42_default_minfarthestpose_sharedcam/eval_results.json,bonsai_2_n90_s42_default_minfarthestpose_sharedcam,bonsai_2_n90_s42_default_minfarthestpose_sharedcam_i90_gteval_steps15000_val_step14999.json,58303,,,colmap,90.0
colmap,90,42,,58611,,,,,0,10,minfarthestpose,90,GT Eval,,,,,False,,,,,0.0,,False,1.0,1.0,colmap,kitchen,,,15000,15000,default,MCMC,,,,,Shared Cam,,,,,,gsplat,,indoor,21.455270767211914,0.14180134236812592,0.4825378954410553,1000000,0.0009046678896993399,0.1013014018535614,,,0.4984067885073228,0.2894341597363034,58611,/home/ojab2/work/git/gsplat/results/colmap_outputs/kitchen_2_n90_s42_default_minfarthestpose_sharedcam_i90_gteval_steps15000/stats/val_step14999.json,/home/ojab2/work/git/gsplat/results/colmap_outputs/kitchen_2_n90_s42_default_minfarthestpose_sharedcam_i90_gteval_steps15000/stats/val_step14999.json,kitchen_2_n90_s42_default_minfarthestpose_sharedcam_i90_gteval_steps15000,0.1013,0.003631,90,1.014718,,,,93.5088107585907,10070,10070,0,/home/ojab2/work/git/vggt/colmap_outputs/kitchen_2_n90_s42_default_minfarthestpose_sharedcam/eval_results.json,kitchen_2_n90_s42_default_minfarthestpose_sharedcam,kitchen_2_n90_s42_default_minfarthestpose_sharedcam_i90_gteval_steps15000_val_step14999.json,58611,,,colmap,90.0
colmap,90,42,,61761,,,,,0,10,minfarthestpose,90,GT Eval,,,,,False,,,,,0.0,,False,1.0,1.0,colmap,garden,,,15000,15000,default,MCMC,,,,,Shared Cam,,,,,,gsplat,,outdoor,21.804637908935547,0.2706519365310669,0.49245256185531616,1000000,0.0006858127890154719,0.056672196835279465,,,0.43113719712146464,0.3298918186080354,61761,/home/ojab2/work/git/gsplat/results/colmap_outputs/garden_2_n90_s42_default_minfarthestpose_sharedcam_i90_gteval_steps15000/stats/val_step14999.json,/home/ojab2/work/git/gsplat/results/colmap_outputs/garden_2_n90_s42_default_minfarthestpose_sharedcam_i90_gteval_steps15000/stats/val_step14999.json,garden_2_n90_s42_default_minfarthestpose_sharedcam_i90_gteval_steps15000,0.0567,0.002798,90,1.026489,,,,96.32287335395813,10040,10040,0,/home/ojab2/work/git/vggt/colmap_outputs/garden_2_n90_s42_default_minfarthestpose_sharedcam/eval_results.json,garden_2_n90_s42_default_minfarthestpose_sharedcam,garden_2_n90_s42_default_minfarthestpose_sharedcam_i90_gteval_steps15000_val_step14999.json,61761,,,colmap,90.0
colmap,100,42,,18886,,,,,0,10,minfarthestpose,100,GT Eval,,,,,False,,,,,0.0,,False,1.0,1.0,colmap,stump,,,15000,15000,default,MCMC,,,,,Shared Cam,,,,,,gsplat,,outdoor,25.194372177124023,0.3494754135608673,0.7229270339012146,1000000,0.0006365892477333546,0.018427597358822823,,,0.5800339796467211,0.2929588300605882,18886,/home/ojab2/work/git/gsplat/results/colmap_outputs/stump_2_n100_s42_default_minfarthestpose_sharedcam_i100_gteval_steps15000/stats/val_step14999.json,/home/ojab2/work/git/gsplat/results/colmap_outputs/stump_2_n100_s42_default_minfarthestpose_sharedcam_i100_gteval_steps15000/stats/val_step14999.json,stump_2_n100_s42_default_minfarthestpose_sharedcam_i100_gteval_steps15000,0.0184,0.002325,100,0.978995,,,,48.896117210388184,9836,9836,0,/home/ojab2/work/git/vggt/colmap_outputs/stump_2_n100_s42_default_minfarthestpose_sharedcam/eval_results.json,stump_2_n100_s42_default_minfarthestpose_sharedcam,stump_2_n100_s42_default_minfarthestpose_sharedcam_i100_gteval_steps15000_val_step14999.json,18886,,,colmap,100.0
colmap,100,42,,18986,,,,,0,10,minfarthestpose,100,GT Eval,,,,,False,,,,,0.0,,False,1.0,1.0,colmap,bicycle,,,15000,15000,default,MCMC,,,,,Shared Cam,,,,,,gsplat,,outdoor,21.351070404052734,0.30705827474594116,0.48162931203842163,1000000,0.0019408967345952988,0.10879188030958176,,,0.3939353647442744,0.3447881194133031,18986,/home/ojab2/work/git/gsplat/results/colmap_outputs/bicycle_4_n100_s42_default_minfarthestpose_sharedcam_i100_gteval_steps15000/stats/val_step14999.json,/home/ojab2/work/git/gsplat/results/colmap_outputs/bicycle_4_n100_s42_default_minfarthestpose_sharedcam_i100_gteval_steps15000/stats/val_step14999.json,bicycle_4_n100_s42_default_minfarthestpose_sharedcam_i100_gteval_steps15000,0.1088,0.007262,99,1.015409,,,,45.9896764755249,7676,7676,0,/home/ojab2/work/git/vggt/colmap_outputs/bicycle_4_n100_s42_default_minfarthestpose_sharedcam/eval_results.json,bicycle_4_n100_s42_default_minfarthestpose_sharedcam,bicycle_4_n100_s42_default_minfarthestpose_sharedcam_i100_gteval_steps15000_val_step14999.json,18986,,,colmap,100.0
colmap,100,42,,41914,,,,,0,10,minfarthestpose,100,GT Eval,,,,,False,,,,,0.0,,False,1.0,1.0,colmap,counter,,,15000,15000,default,MCMC,,,,,Shared Cam,,,,,,gsplat,,indoor,27.93535614013672,0.16450491547584534,0.8961127400398254,1000000,0.0001695939718047157,0.015633879229426384,,,0.8462504524546369,0.16280968081820685,41914,/home/ojab2/work/git/gsplat/results/colmap_outputs/counter_2_n100_s42_default_minfarthestpose_sharedcam_i100_gteval_steps15000/stats/val_step14999.json,/home/ojab2/work/git/gsplat/results/colmap_outputs/counter_2_n100_s42_default_minfarthestpose_sharedcam_i100_gteval_steps15000/stats/val_step14999.json,counter_2_n100_s42_default_minfarthestpose_sharedcam_i100_gteval_steps15000,0.0156,0.000691,100,0.993642,,,,292.9965500831604,7726,7726,0,/home/ojab2/work/git/vggt/colmap_outputs/counter_2_n100_s42_default_minfarthestpose_sharedcam/eval_results.json,counter_2_n100_s42_default_minfarthestpose_sharedcam,counter_2_n100_s42_default_minfarthestpose_sharedcam_i100_gteval_steps15000_val_step14999.json,41914,,,colmap,100.0
colmap,100,42,,66763,,,,,0,10,minfarthestpose,100,GT Eval,,,,,False,,,,,0.0,,False,1.0,1.0,colmap,bonsai,,,15000,15000,default,MCMC,,,,,Shared Cam,,,,,,gsplat,,indoor,27.826139450073242,0.13981762528419495,0.8659626841545105,1000000,0.0007070667925290763,0.05946106091141701,,,0.8418353775478633,0.1691927745954243,66763,/home/ojab2/work/git/gsplat/results/colmap_outputs/bonsai_2_n100_s42_default_minfarthestpose_sharedcam_i100_gteval_steps15000/stats/val_step14999.json,/home/ojab2/work/git/gsplat/results/colmap_outputs/bonsai_2_n100_s42_default_minfarthestpose_sharedcam_i100_gteval_steps15000/stats/val_step14999.json,bonsai_2_n100_s42_default_minfarthestpose_sharedcam_i100_gteval_steps15000,0.0595,0.002889,100,1.016141,,,,187.39341807365417,7726,7726,0,/home/ojab2/work/git/vggt/colmap_outputs/bonsai_2_n100_s42_default_minfarthestpose_sharedcam/eval_results.json,bonsai_2_n100_s42_default_minfarthestpose_sharedcam,bonsai_2_n100_s42_default_minfarthestpose_sharedcam_i100_gteval_steps15000_val_step14999.json,66763,,,colmap,100.0
colmap,100,42,,70259,,,,,0,10,minfarthestpose,100,GT Eval,,,,,False,,,,,0.0,,False,1.0,1.0,colmap,garden,,,15000,15000,default,MCMC,,,,,Shared Cam,,,,,,gsplat,,outdoor,21.950145721435547,0.2642808258533478,0.5023620128631592,1000000,0.0006556946318596601,0.05460626631975174,,,0.4435595712001793,0.32536595174930605,70259,/home/ojab2/work/git/gsplat/results/colmap_outputs/garden_2_n100_s42_default_minfarthestpose_sharedcam_i100_gteval_steps15000/stats/val_step14999.json,/home/ojab2/work/git/gsplat/results/colmap_outputs/garden_2_n100_s42_default_minfarthestpose_sharedcam_i100_gteval_steps15000/stats/val_step14999.json,garden_2_n100_s42_default_minfarthestpose_sharedcam_i100_gteval_steps15000,0.0546,0.002627,100,1.017313,,,,146.44858503341675,10100,10100,0,/home/ojab2/work/git/vggt/colmap_outputs/garden_2_n100_s42_default_minfarthestpose_sharedcam/eval_results.json,garden_2_n100_s42_default_minfarthestpose_sharedcam,garden_2_n100_s42_default_minfarthestpose_sharedcam_i100_gteval_steps15000_val_step14999.json,70259,,,colmap,100.0
colmap,100,42,,70681,,,,,0,10,minfarthestpose,100,GT Eval,,,,,False,,,,,0.0,,False,1.0,1.0,colmap,kitchen,,,15000,15000,default,MCMC,,,,,Shared Cam,,,,,,gsplat,,indoor,21.721317291259766,0.13745442032814026,0.497666597366333,1000000,0.0009086028439924121,0.10134392976760864,,,0.5148640553079076,0.28431232380636884,70681,/home/ojab2/work/git/gsplat/results/colmap_outputs/kitchen_2_n100_s42_default_minfarthestpose_sharedcam_i100_gteval_steps15000/stats/val_step14999.json,/home/ojab2/work/git/gsplat/results/colmap_outputs/kitchen_2_n100_s42_default_minfarthestpose_sharedcam_i100_gteval_steps15000/stats/val_step14999.json,kitchen_2_n100_s42_default_minfarthestpose_sharedcam_i100_gteval_steps15000,0.1013,0.003655,100,1.017479,,,,127.14479780197144,10130,10130,0,/home/ojab2/work/git/vggt/colmap_outputs/kitchen_2_n100_s42_default_minfarthestpose_sharedcam/eval_results.json,kitchen_2_n100_s42_default_minfarthestpose_sharedcam,kitchen_2_n100_s42_default_minfarthestpose_sharedcam_i100_gteval_steps15000_val_step14999.json,70681,,,colmap,100.0
colmap,10,42,,,,,,,0,10,minfarthestpose,,,,,,,False,,,,,0.0,,False,1.0,1.0,vggt,bonsai,,,,,default,MCMC,,,,,Shared Cam,,,,,,failed_sfm,,indoor,,,,,,,,,,,,/home/ojab2/work/git/vggt/colmap_outputs/bonsai_2_n10_s42_default_minfarthestpose_sharedcam/failed_eval.json,,bonsai_2_n10_s42_default_minfarthestpose_sharedcam,,,,,,,,,,,,,bonsai_2_n10_s42_default_minfarthestpose_sharedcam,,,/home/ojab2/work/git/vggt/colmap_outputs/bonsai_2_n10_s42_default_minfarthestpose_sharedcam/failed_eval.json,,colmap,10.0
colmap,10,42,,,,,,,0,10,minfarthestpose,,,,,,,False,,,,,0.0,,False,1.0,1.0,vggt,kitchen,,,,,default,MCMC,,,,,Shared Cam,,,,,,failed_sfm,,indoor,,,,,,,,,,,,/home/ojab2/work/git/vggt/colmap_outputs/kitchen_2_n10_s42_default_minfarthestpose_sharedcam/failed_eval.json,,kitchen_2_n10_s42_default_minfarthestpose_sharedcam,,,,,,,,,,,,,kitchen_2_n10_s42_default_minfarthestpose_sharedcam,,,/home/ojab2/work/git/vggt/colmap_outputs/kitchen_2_n10_s42_default_minfarthestpose_sharedcam/failed_eval.json,,colmap,10.0
colmap,10,42,,,,,,,0,10,minfarthestpose,,,,,,,False,,,,,0.0,,False,1.0,1.0,vggt,bicycle,,,,,default,MCMC,,,,,Shared Cam,,,,,,failed_sfm,,outdoor,,,,,,,,,,,,/home/ojab2/work/git/vggt/colmap_outputs/bicycle_4_n10_s42_default_minfarthestpose_sharedcam/failed_eval.json,,bicycle_4_n10_s42_default_minfarthestpose_sharedcam,,,,,,,,,,,,,bicycle_4_n10_s42_default_minfarthestpose_sharedcam,,,/home/ojab2/work/git/vggt/colmap_outputs/bicycle_4_n10_s42_default_minfarthestpose_sharedcam/failed_eval.json,,colmap,10.0
colmap,10,42,,,,,,,0,10,minfarthestpose,,,,,,,False,,,,,0.0,,False,1.0,1.0,vggt,garden,,,,,default,MCMC,,,,,Shared Cam,,,,,,sfm,,outdoor,,,,,,,,,,,,/home/ojab2/work/git/vggt/colmap_outputs/garden_2_n10_s42_default_minfarthestpose_sharedcam/eval_results.json,,garden_2_n10_s42_default_minfarthestpose_sharedcam,8.458,0.20661,2,0.25667,,,,3.4497272968292236,3880,3880,0,/home/ojab2/work/git/vggt/colmap_outputs/garden_2_n10_s42_default_minfarthestpose_sharedcam/eval_results.json,garden_2_n10_s42_default_minfarthestpose_sharedcam,,,,,colmap,10.0
colmap,10,42,,,,,,,0,10,minfarthestpose,,,,,,,False,,,,,0.0,,False,1.0,1.0,vggt,stump,,,,,default,MCMC,,,,,Shared Cam,,,,,,failed_sfm,,outdoor,,,,,,,,,,,,/home/ojab2/work/git/vggt/colmap_outputs/stump_2_n10_s42_default_minfarthestpose_sharedcam/failed_eval.json,,stump_2_n10_s42_default_minfarthestpose_sharedcam,,,,,,,,,,,,,stump_2_n10_s42_default_minfarthestpose_sharedcam,,,/home/ojab2/work/git/vggt/colmap_outputs/stump_2_n10_s42_default_minfarthestpose_sharedcam/failed_eval.json,,colmap,10.0
colmap,10,42,,,,,,,0,10,minfarthestpose,,,,,,,False,,,,,0.0,,False,1.0,1.0,vggt,lego,pinhole,,,,default,MCMC,,,,,Shared Cam,,,,,,failed_sfm,,synthetic,,,,,,,,,,,,/home/ojab2/work/git/vggt/colmap_outputs/lego_1_n10_s42_default_mpinhole_minfarthestpose_sharedcam/failed_eval.json,,lego_1_n10_s42_default_mpinhole_minfarthestpose_sharedcam,,,,,,,,,,,,,lego_1_n10_s42_default_mpinhole_minfarthestpose_sharedcam,,,/home/ojab2/work/git/vggt/colmap_outputs/lego_1_n10_s42_default_mpinhole_minfarthestpose_sharedcam/failed_eval.json,,colmap,10.0
colmap,10,42,,,,,,,0,10,minfarthestpose,,,,,,,False,,,,,0.0,,False,1.0,1.0,vggt,ship,pinhole,,,,default,MCMC,,,,,Shared Cam,,,,,,failed_sfm,,synthetic,,,,,,,,,,,,/home/ojab2/work/git/vggt/colmap_outputs/ship_1_n10_s42_default_mpinhole_minfarthestpose_sharedcam/failed_eval.json,,ship_1_n10_s42_default_mpinhole_minfarthestpose_sharedcam,,,,,,,,,,,,,ship_1_n10_s42_default_mpinhole_minfarthestpose_sharedcam,,,/home/ojab2/work/git/vggt/colmap_outputs/ship_1_n10_s42_default_mpinhole_minfarthestpose_sharedcam/failed_eval.json,,colmap,10.0
colmap,10,42,,,,,,,0,10,minfarthestpose,,,,,,,False,,,,,0.0,,False,1.0,1.0,vggt,drums,pinhole,,,,default,MCMC,,,,,Shared Cam,,,,,,failed_sfm,,synthetic,,,,,,,,,,,,/home/ojab2/work/git/vggt/colmap_outputs/drums_1_n10_s42_default_mpinhole_minfarthestpose_sharedcam/failed_eval.json,,drums_1_n10_s42_default_mpinhole_minfarthestpose_sharedcam,,,,,,,,,,,,,drums_1_n10_s42_default_mpinhole_minfarthestpose_sharedcam,,,/home/ojab2/work/git/vggt/colmap_outputs/drums_1_n10_s42_default_mpinhole_minfarthestpose_sharedcam/failed_eval.json,,colmap,10.0
vggt,10,42,0.0,100000,random,,,,0,10,minfarthestpose,10,GT Eval,,,,,False,,,,,0.0,,False,1.0,1.0,vggt,bonsai,,,15000,15000,,MCMC,,,,,,,,,,,gsplat,,indoor,14.680450439453125,0.5291067957878113,0.4628664553165436,1000000,0.02648618258535862,1.2919963598251343,,,0.12236594627087889,0.4320126787263113,100000,/home/ojab2/work/git/gsplat/results/vggt_outputs/bonsai_2_n10_s42_c0.0_p100000_random_minfarthestpose_i10_gteval_steps15000/stats/val_step14999.json,/home/ojab2/work/git/gsplat/results/vggt_outputs/bonsai_2_n10_s42_c0.0_p100000_random_minfarthestpose_i10_gteval_steps15000/stats/val_step14999.json,bonsai_2_n10_s42_c0.0_p100000_random_minfarthestpose_i10_gteval_steps15000,1.2921,0.111946,10,8.425772,,,,,,,,/home/ojab2/work/git/vggt/vggt_outputs/bonsai_2_n10_s42_c0.0_p100000_random_minfarthestpose/eval_results.json,bonsai_2_n10_s42_c0.0_p100000_random_minfarthestpose,bonsai_2_n10_s42_c0.0_p100000_random_minfarthestpose_i10_gteval_steps15000_val_step14999.json,100000,,,vggt,10.0
vggt,10,42,0.0,100000,random,,,,0,10,minfarthestpose,10,GT Eval,,,,,False,,,,,0.0,,False,1.0,1.0,vggt,kitchen,,,15000,15000,,MCMC,,,,,,,,,,,gsplat,,indoor,16.42799949645996,0.3717544972896576,0.38446950912475586,1000000,0.006696771830320358,0.29539376497268677,,,0.20601284693711144,0.3930244888833817,100000,/home/ojab2/work/git/gsplat/results/vggt_outputs/kitchen_2_n10_s42_c0.0_p100000_random_minfarthestpose_i10_gteval_steps15000/stats/val_step14999.json,/home/ojab2/work/git/gsplat/results/vggt_outputs/kitchen_2_n10_s42_c0.0_p100000_random_minfarthestpose_i10_gteval_steps15000/stats/val_step14999.json,kitchen_2_n10_s42_c0.0_p100000_random_minfarthestpose_i10_gteval_steps15000,0.2957,0.028769,10,4.164083,,,,,,,,/home/ojab2/work/git/vggt/vggt_outputs/kitchen_2_n10_s42_c0.0_p100000_random_minfarthestpose/eval_results.json,kitchen_2_n10_s42_c0.0_p100000_random_minfarthestpose,kitchen_2_n10_s42_c0.0_p100000_random_minfarthestpose_i10_gteval_steps15000_val_step14999.json,100000,,,vggt,10.0
vggt,10,42,0.0,100000,random,,,,0,10,minfarthestpose,10,GT Eval,,,,,False,,,,,0.0,,False,1.0,1.0,vggt,counter,,,15000,15000,,MCMC,,,,,,,,,,,gsplat,,indoor,15.224120140075684,0.46982941031455994,0.4588468670845032,1000000,0.00834029633551836,0.6746309995651245,,,0.16667424598400127,0.41183092676032484,100000,/home/ojab2/work/git/gsplat/results/vggt_outputs/counter_2_n10_s42_c0.0_p100000_random_minfarthestpose_i10_gteval_steps15000/stats/val_step14999.json,/home/ojab2/work/git/gsplat/results/vggt_outputs/counter_2_n10_s42_c0.0_p100000_random_minfarthestpose_i10_gteval_steps15000/stats/val_step14999.json,counter_2_n10_s42_c0.0_p100000_random_minfarthestpose_i10_gteval_steps15000,0.6747,0.046283,10,4.883596,,,,,,,,/home/ojab2/work/git/vggt/vggt_outputs/counter_2_n10_s42_c0.0_p100000_random_minfarthestpose/eval_results.json,counter_2_n10_s42_c0.0_p100000_random_minfarthestpose,counter_2_n10_s42_c0.0_p100000_random_minfarthestpose_i10_gteval_steps15000_val_step14999.json,100000,,,vggt,10.0
vggt,10,42,0.0,100000,random,,,,0,10,minfarthestpose,10,GT Eval,,,,,False,,,,,0.0,,False,1.0,1.0,vggt,bicycle,,,15000,15000,,MCMC,,,,,,,,,,,gsplat,,outdoor,14.79854679107666,0.5090194940567017,0.1662842333316803,1000000,0.026726771146059036,1.1783794164657593,,,-0.03648741118237131,0.48507468689116895,100000,/home/ojab2/work/git/gsplat/results/vggt_outputs/bicycle_4_n10_s42_c0.0_p100000_random_minfarthestpose_i10_gteval_steps15000/stats/val_step14999.json,/home/ojab2/work/git/gsplat/results/vggt_outputs/bicycle_4_n10_s42_c0.0_p100000_random_minfarthestpose_i10_gteval_steps15000/stats/val_step14999.json,bicycle_4_n10_s42_c0.0_p100000_random_minfarthestpose_i10_gteval_steps15000,1.1783,0.108132,10,5.202234,,,,,,,,/home/ojab2/work/git/vggt/vggt_outputs/bicycle_4_n10_s42_c0.0_p100000_random_minfarthestpose/eval_results.json,bicycle_4_n10_s42_c0.0_p100000_random_minfarthestpose,bicycle_4_n10_s42_c0.0_p100000_random_minfarthestpose_i10_gteval_steps15000_val_step14999.json,100000,,,vggt,10.0
vggt,10,42,0.0,100000,random,,,,0,10,minfarthestpose,10,GT Eval,,,,,False,,,,,0.0,,False,1.0,1.0,vggt,garden,,,15000,15000,,MCMC,,,,,,,,,,,gsplat,,outdoor,16.450878143310547,0.420540988445282,0.25482285022735596,1000000,0.00722845271229744,0.2100435048341751,,,0.10050464799607091,0.43547309732131545,100000,/home/ojab2/work/git/gsplat/results/vggt_outputs/garden_2_n10_s42_c0.0_p100000_random_minfarthestpose_i10_gteval_steps15000/stats/val_step14999.json,/home/ojab2/work/git/gsplat/results/vggt_outputs/garden_2_n10_s42_c0.0_p100000_random_minfarthestpose_i10_gteval_steps15000/stats/val_step14999.json,garden_2_n10_s42_c0.0_p100000_random_minfarthestpose_i10_gteval_steps15000,0.2096,0.028157,10,6.431655,,,,,,,,/home/ojab2/work/git/vggt/vggt_outputs/garden_2_n10_s42_c0.0_p100000_random_minfarthestpose/eval_results.json,garden_2_n10_s42_c0.0_p100000_random_minfarthestpose,garden_2_n10_s42_c0.0_p100000_random_minfarthestpose_i10_gteval_steps15000_val_step14999.json,100000,,,vggt,10.0
vggt,10,42,0.0,100000,random,,,,0,10,minfarthestpose,10,GT Eval,,,,,False,,,,,0.0,,False,1.0,1.0,vggt,stump,,,15000,15000,,MCMC,,,,,,,,,,,gsplat,,outdoor,15.5799560546875,0.5609744191169739,0.28286564350128174,1000000,0.12213357537984848,2.362851619720459,,,0.014088452598195095,0.47849399093973766,100000,/home/ojab2/work/git/gsplat/results/vggt_outputs/stump_2_n10_s42_c0.0_p100000_random_minfarthestpose_i10_gteval_steps15000/stats/val_step14999.json,/home/ojab2/work/git/gsplat/results/vggt_outputs/stump_2_n10_s42_c0.0_p100000_random_minfarthestpose_i10_gteval_steps15000/stats/val_step14999.json,stump_2_n10_s42_c0.0_p100000_random_minfarthestpose_i10_gteval_steps15000,2.3628,0.517369,10,5.047308,,,,,,,,/home/ojab2/work/git/vggt/vggt_outputs/stump_2_n10_s42_c0.0_p100000_random_minfarthestpose/eval_results.json,stump_2_n10_s42_c0.0_p100000_random_minfarthestpose,stump_2_n10_s42_c0.0_p100000_random_minfarthestpose_i10_gteval_steps15000_val_step14999.json,100000,,,vggt,10.0
vggt,10,42,0.0,100000,random,,,,0,10,minfarthestpose,10,GT Eval,,,,,False,,,,,0.0,,False,1.0,1.0,vggt,lego,,,15000,15000,,MCMC,,,,,,,,,,,gsplat,,synthetic,15.198112487792969,0.2350117415189743,0.6856555938720703,1000000,0.009608084335923195,0.821824848651886,0.1328282207250595,0.032558828592300415,0.4437784833943712,0.2752962137103477,100000,/home/ojab2/work/git/gsplat/results/vggt_outputs/lego_1_n10_s42_c0.0_p100000_random_minfarthestpose_i10_gteval_steps15000/stats/val_step14999.json,/home/ojab2/work/git/gsplat/results/vggt_outputs/lego_1_n10_s42_c0.0_p100000_random_minfarthestpose_i10_gteval_steps15000/stats/val_step14999.json,lego_1_n10_s42_c0.0_p100000_random_minfarthestpose_i10_gteval_steps15000,0.822,0.036127,10,4.031849,0.0496,0.0138,0.1044,,,,,/home/ojab2/work/git/vggt/vggt_outputs/lego_1_n10_s42_c0.0_p100000_random_minfarthestpose/eval_results.json,lego_1_n10_s42_c0.0_p100000_random_minfarthestpose,lego_1_n10_s42_c0.0_p100000_random_minfarthestpose_i10_gteval_steps15000_val_step14999.json,100000,,,vggt,10.0
vggt,10,42,0.0,100000,random,,,,0,10,minfarthestpose,10,GT Eval,,,,,False,,,,,0.0,,False,1.0,1.0,vggt,ship,,,15000,15000,,MCMC,,,,,,,,,,,gsplat,,synthetic,18.909725189208984,0.26134586334228516,0.6415600776672363,1000000,0.009871437214314938,0.7716943025588989,0.19093553721904755,0.040862467139959335,0.47046956960220776,0.29096602233620483,100000,/home/ojab2/work/git/gsplat/results/vggt_outputs/ship_1_n10_s42_c0.0_p100000_random_minfarthestpose_i10_gteval_steps15000/stats/val_step14999.json,/home/ojab2/work/git/gsplat/results/vggt_outputs/ship_1_n10_s42_c0.0_p100000_random_minfarthestpose_i10_gteval_steps15000/stats/val_step14999.json,ship_1_n10_s42_c0.0_p100000_random_minfarthestpose_i10_gteval_steps15000,0.7716,0.037021,10,4.467257,0.126,0.0336,0.2577,,,,,/home/ojab2/work/git/vggt/vggt_outputs/ship_1_n10_s42_c0.0_p100000_random_minfarthestpose/eval_results.json,ship_1_n10_s42_c0.0_p100000_random_minfarthestpose,ship_1_n10_s42_c0.0_p100000_random_minfarthestpose_i10_gteval_steps15000_val_step14999.json,100000,,,vggt,10.0
vggt,10,42,0.0,100000,random,,,,0,10,minfarthestpose,10,GT Eval,,,,,False,,,,,0.0,,False,1.0,1.0,vggt,drums,,,15000,15000,,MCMC,,,,,,,,,,,gsplat,,synthetic,18.008739471435547,0.12671726942062378,0.7927219271659851,1000000,0.003714888822287321,0.3123428523540497,0.10937589406967163,0.026662355288863182,0.625287461621642,0.19927078569623435,100000,/home/ojab2/work/git/gsplat/results/vggt_outputs/drums_1_n10_s42_c0.0_p100000_random_minfarthestpose_i10_gteval_steps15000/stats/val_step14999.json,/home/ojab2/work/git/gsplat/results/vggt_outputs/drums_1_n10_s42_c0.0_p100000_random_minfarthestpose_i10_gteval_steps15000/stats/val_step14999.json,drums_1_n10_s42_c0.0_p100000_random_minfarthestpose_i10_gteval_steps15000,0.3121,0.013776,10,3.920393,0.055,0.0154,0.1418,,,,,/home/ojab2/work/git/vggt/vggt_outputs/drums_1_n10_s42_c0.0_p100000_random_minfarthestpose/eval_results.json,drums_1_n10_s42_c0.0_p100000_random_minfarthestpose,drums_1_n10_s42_c0.0_p100000_random_minfarthestpose_i10_gteval_steps15000_val_step14999.json,100000,,,vggt,10.0
colmap,20,42,,,,,,,0,10,minfarthestpose,,,,,,,False,,,,,0.0,,False,1.0,1.0,vggt,bicycle,,,,,default,MCMC,,,,,Shared Cam,,,,,,failed_sfm,,outdoor,,,,,,,,,,,,/home/ojab2/work/git/vggt/colmap_outputs/bicycle_4_n20_s42_default_minfarthestpose_sharedcam/failed_eval.json,,bicycle_4_n20_s42_default_minfarthestpose_sharedcam,,,,,,,,,,,,,bicycle_4_n20_s42_default_minfarthestpose_sharedcam,,,/home/ojab2/work/git/vggt/colmap_outputs/bicycle_4_n20_s42_default_minfarthestpose_sharedcam/failed_eval.json,,colmap,20.0
colmap,20,42,,,,,,,0,10,minfarthestpose,,,,,,,False,,,,,0.0,,False,1.0,1.0,vggt,lego,pinhole,,,,default,MCMC,,,,,Shared Cam,,,,,,failed_sfm,,synthetic,,,,,,,,,,,,/home/ojab2/work/git/vggt/colmap_outputs/lego_1_n20_s42_default_mpinhole_minfarthestpose_sharedcam/failed_eval.json,,lego_1_n20_s42_default_mpinhole_minfarthestpose_sharedcam,,,,,,,,,,,,,lego_1_n20_s42_default_mpinhole_minfarthestpose_sharedcam,,,/home/ojab2/work/git/vggt/colmap_outputs/lego_1_n20_s42_default_mpinhole_minfarthestpose_sharedcam/failed_eval.json,,colmap,20.0
colmap,20,42,,,,,,,0,10,minfarthestpose,,,,,,,False,,,,,0.0,,False,1.0,1.0,vggt,drums,pinhole,,,,default,MCMC,,,,,Shared Cam,,,,,,failed_sfm,,synthetic,,,,,,,,,,,,/home/ojab2/work/git/vggt/colmap_outputs/drums_1_n20_s42_default_mpinhole_minfarthestpose_sharedcam/failed_eval.json,,drums_1_n20_s42_default_mpinhole_minfarthestpose_sharedcam,,,,,,,,,,,,,drums_1_n20_s42_default_mpinhole_minfarthestpose_sharedcam,,,/home/ojab2/work/git/vggt/colmap_outputs/drums_1_n20_s42_default_mpinhole_minfarthestpose_sharedcam/failed_eval.json,,colmap,20.0
vggt,20,42,0.0,100000,random,,,,0,10,minfarthestpose,20,GT Eval,,,,,False,,,,,0.0,,False,1.0,1.0,vggt,bonsai,,,15000,15000,,MCMC,,,,,,,,,,,gsplat,,indoor,16.707454681396484,0.4371567368507385,0.5229406952857971,1000000,0.02212984301149845,0.98356693983078,,,0.25179349198753453,0.3830648298504675,100000,/home/ojab2/work/git/gsplat/results/vggt_outputs/bonsai_2_n20_s42_c0.0_p100000_random_minfarthestpose_i20_gteval_steps15000/stats/val_step14999.json,/home/ojab2/work/git/gsplat/results/vggt_outputs/bonsai_2_n20_s42_c0.0_p100000_random_minfarthestpose_i20_gteval_steps15000/stats/val_step14999.json,bonsai_2_n20_s42_c0.0_p100000_random_minfarthestpose_i20_gteval_steps15000,0.9837,0.09479,20,7.611343,,,,,,,,/home/ojab2/work/git/vggt/vggt_outputs/bonsai_2_n20_s42_c0.0_p100000_random_minfarthestpose/eval_results.json,bonsai_2_n20_s42_c0.0_p100000_random_minfarthestpose,bonsai_2_n20_s42_c0.0_p100000_random_minfarthestpose_i20_gteval_steps15000_val_step14999.json,100000,,,vggt,20.0
vggt,20,42,0.0,100000,random,,,,0,10,minfarthestpose,20,GT Eval,,,,,False,,,,,0.0,,False,1.0,1.0,vggt,kitchen,,,15000,15000,,MCMC,,,,,,,,,,,gsplat,,indoor,18.177200317382812,0.29197126626968384,0.4228987395763397,1000000,0.0059866574592888355,0.2696126103401184,,,0.3101275969512126,0.35561945264843864,100000,/home/ojab2/work/git/gsplat/results/vggt_outputs/kitchen_2_n20_s42_c0.0_p100000_random_minfarthestpose_i20_gteval_steps15000/stats/val_step14999.json,/home/ojab2/work/git/gsplat/results/vggt_outputs/kitchen_2_n20_s42_c0.0_p100000_random_minfarthestpose_i20_gteval_steps15000/stats/val_step14999.json,kitchen_2_n20_s42_c0.0_p100000_random_minfarthestpose_i20_gteval_steps15000,0.2698,0.028021,20,4.159172,,,,,,,,/home/ojab2/work/git/vggt/vggt_outputs/kitchen_2_n20_s42_c0.0_p100000_random_minfarthestpose/eval_results.json,kitchen_2_n20_s42_c0.0_p100000_random_minfarthestpose,kitchen_2_n20_s42_c0.0_p100000_random_minfarthestpose_i20_gteval_steps15000_val_step14999.json,100000,,,vggt,20.0
vggt,20,42,0.0,100000,random,,,,0,10,minfarthestpose,20,GT Eval,,,,,False,,,,,0.0,,False,1.0,1.0,vggt,counter,,,15000,15000,,MCMC,,,,,,,,,,,gsplat,,indoor,17.897125244140625,0.3656599223613739,0.5332370400428772,1000000,0.009569959715008736,0.3811827003955841,,,0.3239795186831008,0.3550297630501332,100000,/home/ojab2/work/git/gsplat/results/vggt_outputs/counter_2_n20_s42_c0.0_p100000_random_minfarthestpose_i20_gteval_steps15000/stats/val_step14999.json,/home/ojab2/work/git/gsplat/results/vggt_outputs/counter_2_n20_s42_c0.0_p100000_random_minfarthestpose_i20_gteval_steps15000/stats/val_step14999.json,counter_2_n20_s42_c0.0_p100000_random_minfarthestpose_i20_gteval_steps15000,0.3814,0.043451,20,4.908029,,,,,,,,/home/ojab2/work/git/vggt/vggt_outputs/counter_2_n20_s42_c0.0_p100000_random_minfarthestpose/eval_results.json,counter_2_n20_s42_c0.0_p100000_random_minfarthestpose,counter_2_n20_s42_c0.0_p100000_random_minfarthestpose_i20_gteval_steps15000_val_step14999.json,100000,,,vggt,20.0
vggt,20,42,0.0,100000,random,,,,0,10,minfarthestpose,20,GT Eval,,,,,False,,,,,0.0,,False,1.0,1.0,vggt,bicycle,,,15000,15000,,MCMC,,,,,,,,,,,gsplat,,outdoor,16.030118942260742,0.4482399523258209,0.1950506567955017,1000000,0.021553462371230125,1.0604829788208008,,,0.04066018600445279,0.45679163609067436,100000,/home/ojab2/work/git/gsplat/results/vggt_outputs/bicycle_4_n20_s42_c0.0_p100000_random_minfarthestpose_i20_gteval_steps15000/stats/val_step14999.json,/home/ojab2/work/git/gsplat/results/vggt_outputs/bicycle_4_n20_s42_c0.0_p100000_random_minfarthestpose_i20_gteval_steps15000/stats/val_step14999.json,bicycle_4_n20_s42_c0.0_p100000_random_minfarthestpose_i20_gteval_steps15000,1.0605,0.087384,20,4.994108,,,,,,,,/home/ojab2/work/git/vggt/vggt_outputs/bicycle_4_n20_s42_c0.0_p100000_random_minfarthestpose/eval_results.json,bicycle_4_n20_s42_c0.0_p100000_random_minfarthestpose,bicycle_4_n20_s42_c0.0_p100000_random_minfarthestpose_i20_gteval_steps15000_val_step14999.json,100000,,,vggt,20.0
vggt,20,42,0.0,100000,random,,,,0,10,minfarthestpose,20,GT Eval,,,,,False,,,,,0.0,,False,1.0,1.0,vggt,garden,,,15000,15000,,MCMC,,,,,,,,,,,gsplat,,outdoor,17.360763549804688,0.4006694257259369,0.2803460955619812,1000000,0.0058611538261175156,0.36186501383781433,,,0.144546648950992,0.4224519182330687,100000,/home/ojab2/work/git/gsplat/results/vggt_outputs/garden_2_n20_s42_c0.0_p100000_random_minfarthestpose_i20_gteval_steps15000/stats/val_step14999.json,/home/ojab2/work/git/gsplat/results/vggt_outputs/garden_2_n20_s42_c0.0_p100000_random_minfarthestpose_i20_gteval_steps15000/stats/val_step14999.json,garden_2_n20_s42_c0.0_p100000_random_minfarthestpose_i20_gteval_steps15000,0.362,0.024329,20,6.088637,,,,,,,,/home/ojab2/work/git/vggt/vggt_outputs/garden_2_n20_s42_c0.0_p100000_random_minfarthestpose/eval_results.json,garden_2_n20_s42_c0.0_p100000_random_minfarthestpose,garden_2_n20_s42_c0.0_p100000_random_minfarthestpose_i20_gteval_steps15000_val_step14999.json,100000,,,vggt,20.0
vggt,20,42,0.0,100000,random,,,,0,10,minfarthestpose,20,GT Eval,,,,,False,,,,,0.0,,False,1.0,1.0,vggt,stump,,,15000,15000,,MCMC,,,,,,,,,,,gsplat,,outdoor,16.926572799682617,0.5092761516571045,0.31959018111228943,1000000,0.0674596056342125,1.7469526529312134,,,0.09241464828964643,0.4514795211199317,100000,/home/ojab2/work/git/gsplat/results/vggt_outputs/stump_2_n20_s42_c0.0_p100000_random_minfarthestpose_i20_gteval_steps15000/stats/val_step14999.json,/home/ojab2/work/git/gsplat/results/vggt_outputs/stump_2_n20_s42_c0.0_p100000_random_minfarthestpose_i20_gteval_steps15000/stats/val_step14999.json,stump_2_n20_s42_c0.0_p100000_random_minfarthestpose_i20_gteval_steps15000,1.7469,0.244402,20,4.538237,,,,,,,,/home/ojab2/work/git/vggt/vggt_outputs/stump_2_n20_s42_c0.0_p100000_random_minfarthestpose/eval_results.json,stump_2_n20_s42_c0.0_p100000_random_minfarthestpose,stump_2_n20_s42_c0.0_p100000_random_minfarthestpose_i20_gteval_steps15000_val_step14999.json,100000,,,vggt,20.0
vggt,20,42,0.0,100000,random,,,,0,10,minfarthestpose,20,GT Eval,,,,,False,,,,,0.0,,False,1.0,1.0,vggt,lego,,,15000,15000,,MCMC,,,,,,,,,,,gsplat,,synthetic,17.199806213378906,0.1505446434020996,0.7221265435218811,1000000,0.004132038913667202,0.5013924837112427,0.10174311697483063,0.024792270734906197,0.5543151104736823,0.232245712833858,100000,/home/ojab2/work/git/gsplat/results/vggt_outputs/lego_1_n20_s42_c0.0_p100000_random_minfarthestpose_i20_gteval_steps15000/stats/val_step14999.json,/home/ojab2/work/git/gsplat/results/vggt_outputs/lego_1_n20_s42_c0.0_p100000_random_minfarthestpose_i20_gteval_steps15000/stats/val_step14999.json,lego_1_n20_s42_c0.0_p100000_random_minfarthestpose_i20_gteval_steps15000,0.5014,0.015405,20,4.007658,0.0493,0.0136,0.1096,,,,,/home/ojab2/work/git/vggt/vggt_outputs/lego_1_n20_s42_c0.0_p100000_random_minfarthestpose/eval_results.json,lego_1_n20_s42_c0.0_p100000_random_minfarthestpose,lego_1_n20_s42_c0.0_p100000_random_minfarthestpose_i20_gteval_steps15000_val_step14999.json,100000,,,vggt,20.0
vggt,20,42,0.0,100000,random,,,,0,10,minfarthestpose,20,GT Eval,,,,,False,,,,,0.0,,False,1.0,1.0,vggt,ship,,,15000,15000,,MCMC,,,,,,,,,,,gsplat,,synthetic,20.027416229248047,0.186526820063591,0.6759863495826721,1000000,0.007818391546607018,0.5132545232772827,0.16111473739147186,0.03304129093885422,0.557484469199196,0.25522862002535596,100000,/home/ojab2/work/git/gsplat/results/vggt_outputs/ship_1_n20_s42_c0.0_p100000_random_minfarthestpose_i20_gteval_steps15000/stats/val_step14999.json,/home/ojab2/work/git/gsplat/results/vggt_outputs/ship_1_n20_s42_c0.0_p100000_random_minfarthestpose_i20_gteval_steps15000/stats/val_step14999.json,ship_1_n20_s42_c0.0_p100000_random_minfarthestpose_i20_gteval_steps15000,0.5132,0.028919,20,4.444803,0.1236,0.0336,0.2593,,,,,/home/ojab2/work/git/vggt/vggt_outputs/ship_1_n20_s42_c0.0_p100000_random_minfarthestpose/eval_results.json,ship_1_n20_s42_c0.0_p100000_random_minfarthestpose,ship_1_n20_s42_c0.0_p100000_random_minfarthestpose_i20_gteval_steps15000_val_step14999.json,100000,,,vggt,20.0
vggt,20,42,0.0,100000,random,,,,0,10,minfarthestpose,20,GT Eval,,,,,False,,,,,0.0,,False,1.0,1.0,vggt,drums,,,15000,15000,,MCMC,,,,,,,,,,,gsplat,,synthetic,18.793230056762695,0.10228095203638077,0.8141726851463318,1000000,0.002620280021801591,0.18577632308006287,0.09022213518619537,0.02136342227458954,0.6674435144995929,0.18218700314708663,100000,/home/ojab2/work/git/gsplat/results/vggt_outputs/drums_1_n20_s42_c0.0_p100000_random_minfarthestpose_i20_gteval_steps15000/stats/val_step14999.json,/home/ojab2/work/git/gsplat/results/vggt_outputs/drums_1_n20_s42_c0.0_p100000_random_minfarthestpose_i20_gteval_steps15000/stats/val_step14999.json,drums_1_n20_s42_c0.0_p100000_random_minfarthestpose_i20_gteval_steps15000,0.1865,0.009416,20,3.894368,0.0573,0.0159,0.1381,,,,,/home/ojab2/work/git/vggt/vggt_outputs/drums_1_n20_s42_c0.0_p100000_random_minfarthestpose/eval_results.json,drums_1_n20_s42_c0.0_p100000_random_minfarthestpose,drums_1_n20_s42_c0.0_p100000_random_minfarthestpose_i20_gteval_steps15000_val_step14999.json,100000,,,vggt,20.0
colmap,30,42,,,,,,,0,10,minfarthestpose,,,,,,,False,,,,,0.0,,False,1.0,1.0,vggt,stump,,,,,default,MCMC,,,,,Shared Cam,,,,,,sfm,,outdoor,,,,,,,,,,,,/home/ojab2/work/git/vggt/colmap_outputs/stump_2_n30_s42_default_minfarthestpose_sharedcam/eval_results.json,,stump_2_n30_s42_default_minfarthestpose_sharedcam,15.315,0.215738,2,0.221367,,,,8.046224117279053,9408,9408,0,/home/ojab2/work/git/vggt/colmap_outputs/stump_2_n30_s42_default_minfarthestpose_sharedcam/eval_results.json,stump_2_n30_s42_default_minfarthestpose_sharedcam,,,,,colmap,30.0
colmap,30,42,,,,,,,0,10,minfarthestpose,,,,,,,False,,,,,0.0,,False,1.0,1.0,vggt,drums,pinhole,,,,default,MCMC,,,,,Shared Cam,,,,,,failed_sfm,,synthetic,,,,,,,,,,,,/home/ojab2/work/git/vggt/colmap_outputs/drums_1_n30_s42_default_mpinhole_minfarthestpose_sharedcam/failed_eval.json,,drums_1_n30_s42_default_mpinhole_minfarthestpose_sharedcam,,,,,,,,,,,,,drums_1_n30_s42_default_mpinhole_minfarthestpose_sharedcam,,,/home/ojab2/work/git/vggt/colmap_outputs/drums_1_n30_s42_default_mpinhole_minfarthestpose_sharedcam/failed_eval.json,,colmap,30.0
vggt,30,42,0.0,100000,random,,,,0,10,minfarthestpose,30,GT Eval,,,,,False,,,,,0.0,,False,1.0,1.0,vggt,bonsai,,,15000,15000,,MCMC,,,,,,,,,,,gsplat,,indoor,17.34124183654785,0.41418278217315674,0.5407585501670837,1000000,0.02045520581305027,0.8883591294288635,,,0.28813154283787534,0.3701004061336487,100000,/home/ojab2/work/git/gsplat/results/vggt_outputs/bonsai_2_n30_s42_c0.0_p100000_random_minfarthestpose_i30_gteval_steps15000/stats/val_step14999.json,/home/ojab2/work/git/gsplat/results/vggt_outputs/bonsai_2_n30_s42_c0.0_p100000_random_minfarthestpose_i30_gteval_steps15000/stats/val_step14999.json,bonsai_2_n30_s42_c0.0_p100000_random_minfarthestpose_i30_gteval_steps15000,0.8884,0.089827,30,7.587343,,,,,,,,/home/ojab2/work/git/vggt/vggt_outputs/bonsai_2_n30_s42_c0.0_p100000_random_minfarthestpose/eval_results.json,bonsai_2_n30_s42_c0.0_p100000_random_minfarthestpose,bonsai_2_n30_s42_c0.0_p100000_random_minfarthestpose_i30_gteval_steps15000_val_step14999.json,100000,,,vggt,30.0
vggt,30,42,0.0,100000,random,,,,0,10,minfarthestpose,30,GT Eval,,,,,False,,,,,0.0,,False,1.0,1.0,vggt,kitchen,,,15000,15000,,MCMC,,,,,,,,,,,gsplat,,indoor,18.52764129638672,0.27109357714653015,0.4426935613155365,1000000,0.005779072642326355,0.27804264426231384,,,0.34108062627797314,0.34388631058728114,100000,/home/ojab2/work/git/gsplat/results/vggt_outputs/kitchen_2_n30_s42_c0.0_p100000_random_minfarthestpose_i30_gteval_steps15000/stats/val_step14999.json,/home/ojab2/work/git/gsplat/results/vggt_outputs/kitchen_2_n30_s42_c0.0_p100000_random_minfarthestpose_i30_gteval_steps15000/stats/val_step14999.json,kitchen_2_n30_s42_c0.0_p100000_random_minfarthestpose_i30_gteval_steps15000,0.2781,0.026317,30,4.148829,,,,,,,,/home/ojab2/work/git/vggt/vggt_outputs/kitchen_2_n30_s42_c0.0_p100000_random_minfarthestpose/eval_results.json,kitchen_2_n30_s42_c0.0_p100000_random_minfarthestpose,kitchen_2_n30_s42_c0.0_p100000_random_minfarthestpose_i30_gteval_steps15000_val_step14999.json,100000,,,vggt,30.0
vggt,30,42,0.0,100000,random,,,,0,10,minfarthestpose,30,GT Eval,,,,,False,,,,,0.0,,False,1.0,1.0,vggt,counter,,,15000,15000,,MCMC,,,,,,,,,,,gsplat,,indoor,18.8387508392334,0.3141652047634125,0.5609233975410461,1000000,0.008692986331880093,0.34816214442253113,,,0.3893947447562388,0.3299530755145921,100000,/home/ojab2/work/git/gsplat/results/vggt_outputs/counter_2_n30_s42_c0.0_p100000_random_minfarthestpose_i30_gteval_steps15000/stats/val_step14999.json,/home/ojab2/work/git/gsplat/results/vggt_outputs/counter_2_n30_s42_c0.0_p100000_random_minfarthestpose_i30_gteval_steps15000/stats/val_step14999.json,counter_2_n30_s42_c0.0_p100000_random_minfarthestpose_i30_gteval_steps15000,0.3487,0.036323,30,4.836201,,,,,,,,/home/ojab2/work/git/vggt/vggt_outputs/counter_2_n30_s42_c0.0_p100000_random_minfarthestpose/eval_results.json,counter_2_n30_s42_c0.0_p100000_random_minfarthestpose,counter_2_n30_s42_c0.0_p100000_random_minfarthestpose_i30_gteval_steps15000_val_step14999.json,100000,,,vggt,30.0
vggt,30,42,0.0,100000,random,,,,0,10,minfarthestpose,30,GT Eval,,,,,False,,,,,0.0,,False,1.0,1.0,vggt,bicycle,,,15000,15000,,MCMC,,,,,,,,,,,gsplat,,outdoor,16.636945724487305,0.41680651903152466,0.2121407836675644,1000000,0.016514483839273453,0.7505165338516235,,,0.08129529913498879,0.44203771672728653,100000,/home/ojab2/work/git/gsplat/results/vggt_outputs/bicycle_4_n30_s42_c0.0_p100000_random_minfarthestpose_i30_gteval_steps15000/stats/val_step14999.json,/home/ojab2/work/git/gsplat/results/vggt_outputs/bicycle_4_n30_s42_c0.0_p100000_random_minfarthestpose_i30_gteval_steps15000/stats/val_step14999.json,bicycle_4_n30_s42_c0.0_p100000_random_minfarthestpose_i30_gteval_steps15000,0.7506,0.068725,30,4.831484,,,,,,,,/home/ojab2/work/git/vggt/vggt_outputs/bicycle_4_n30_s42_c0.0_p100000_random_minfarthestpose/eval_results.json,bicycle_4_n30_s42_c0.0_p100000_random_minfarthestpose,bicycle_4_n30_s42_c0.0_p100000_random_minfarthestpose_i30_gteval_steps15000_val_step14999.json,100000,,,vggt,30.0
vggt,30,42,0.0,100000,random,,,,0,10,minfarthestpose,30,GT Eval,,,,,False,,,,,0.0,,False,1.0,1.0,vggt,garden,,,15000,15000,,MCMC,,,,,,,,,,,gsplat,,outdoor,17.984363555908203,0.3913424611091614,0.3048458695411682,1000000,0.006432095542550087,0.3259134292602539,,,0.17617953598228198,0.41366919832346927,100000,/home/ojab2/work/git/gsplat/results/vggt_outputs/garden_2_n30_s42_c0.0_p100000_random_minfarthestpose_i30_gteval_steps15000/stats/val_step14999.json,/home/ojab2/work/git/gsplat/results/vggt_outputs/garden_2_n30_s42_c0.0_p100000_random_minfarthestpose_i30_gteval_steps15000/stats/val_step14999.json,garden_2_n30_s42_c0.0_p100000_random_minfarthestpose_i30_gteval_steps15000,0.3261,0.027293,30,6.007808,,,,,,,,/home/ojab2/work/git/vggt/vggt_outputs/garden_2_n30_s42_c0.0_p100000_random_minfarthestpose/eval_results.json,garden_2_n30_s42_c0.0_p100000_random_minfarthestpose,garden_2_n30_s42_c0.0_p100000_random_minfarthestpose_i30_gteval_steps15000_val_step14999.json,100000,,,vggt,30.0
vggt,30,42,0.0,100000,random,,,,0,10,minfarthestpose,30,GT Eval,,,,,False,,,,,0.0,,False,1.0,1.0,vggt,stump,,,15000,15000,,MCMC,,,,,,,,,,,gsplat,,outdoor,17.359477996826172,0.5025256872177124,0.3334658443927765,1000000,0.03707844391465187,1.0962249040603638,,,0.11271278752840674,0.44576956966609727,100000,/home/ojab2/work/git/gsplat/results/vggt_outputs/stump_2_n30_s42_c0.0_p100000_random_minfarthestpose_i30_gteval_steps15000/stats/val_step14999.json,/home/ojab2/work/git/gsplat/results/vggt_outputs/stump_2_n30_s42_c0.0_p100000_random_minfarthestpose_i30_gteval_steps15000/stats/val_step14999.json,stump_2_n30_s42_c0.0_p100000_random_minfarthestpose_i30_gteval_steps15000,1.0962,0.142517,30,4.4229,,,,,,,,/home/ojab2/work/git/vggt/vggt_outputs/stump_2_n30_s42_c0.0_p100000_random_minfarthestpose/eval_results.json,stump_2_n30_s42_c0.0_p100000_random_minfarthestpose,stump_2_n30_s42_c0.0_p100000_random_minfarthestpose_i30_gteval_steps15000_val_step14999.json,100000,,,vggt,30.0
vggt,30,42,0.0,100000,random,,,,0,10,minfarthestpose,30,GT Eval,,,,,False,,,,,0.0,,False,1.0,1.0,vggt,lego,,,15000,15000,,MCMC,,,,,,,,,,,gsplat,,synthetic,20.691740036010742,0.09708108752965927,0.7848856449127197,1000000,0.004790305159986019,0.2589474618434906,0.08885770291090012,0.021810704842209816,0.6886839755000503,0.18980429732796003,100000,/home/ojab2/work/git/gsplat/results/vggt_outputs/lego_1_n30_s42_c0.0_p100000_random_minfarthestpose_i30_gteval_steps15000/stats/val_step14999.json,/home/ojab2/work/git/gsplat/results/vggt_outputs/lego_1_n30_s42_c0.0_p100000_random_minfarthestpose_i30_gteval_steps15000/stats/val_step14999.json,lego_1_n30_s42_c0.0_p100000_random_minfarthestpose_i30_gteval_steps15000,0.259,0.018158,30,4.059862,0.0434,0.0123,0.1108,,,,,/home/ojab2/work/git/vggt/vggt_outputs/lego_1_n30_s42_c0.0_p100000_random_minfarthestpose/eval_results.json,lego_1_n30_s42_c0.0_p100000_random_minfarthestpose,lego_1_n30_s42_c0.0_p100000_random_minfarthestpose_i30_gteval_steps15000_val_step14999.json,100000,,,vggt,30.0
vggt,30,42,0.0,100000,random,,,,0,10,minfarthestpose,30,GT Eval,,,,,False,,,,,0.0,,False,1.0,1.0,vggt,ship,,,15000,15000,,MCMC,,,,,,,,,,,gsplat,,synthetic,21.102449417114258,0.1715504378080368,0.6921290755271912,1000000,0.008310580626130104,0.4880720376968384,0.1534479707479477,0.0298575758934021,0.5960773622122114,0.24472323601271284,100000,/home/ojab2/work/git/gsplat/results/vggt_outputs/ship_1_n30_s42_c0.0_p100000_random_minfarthestpose_i30_gteval_steps15000/stats/val_step14999.json,/home/ojab2/work/git/gsplat/results/vggt_outputs/ship_1_n30_s42_c0.0_p100000_random_minfarthestpose_i30_gteval_steps15000/stats/val_step14999.json,ship_1_n30_s42_c0.0_p100000_random_minfarthestpose_i30_gteval_steps15000,0.4879,0.028712,30,4.427395,0.115,0.0311,0.2507,,,,,/home/ojab2/work/git/vggt/vggt_outputs/ship_1_n30_s42_c0.0_p100000_random_minfarthestpose/eval_results.json,ship_1_n30_s42_c0.0_p100000_random_minfarthestpose,ship_1_n30_s42_c0.0_p100000_random_minfarthestpose_i30_gteval_steps15000_val_step14999.json,100000,,,vggt,30.0
vggt,30,42,0.0,100000,random,,,,0,10,minfarthestpose,30,GT Eval,,,,,False,,,,,0.0,,False,1.0,1.0,vggt,drums,,,15000,15000,,MCMC,,,,,,,,,,,gsplat,,synthetic,18.900318145751953,0.09773612022399902,0.8192345499992371,1000000,0.0029104186687618494,0.20519454777240753,0.08763587474822998,0.020853891968727112,0.6751922338794314,0.17859429174836064,100000,/home/ojab2/work/git/gsplat/results/vggt_outputs/drums_1_n30_s42_c0.0_p100000_random_minfarthestpose_i30_gteval_steps15000/stats/val_step14999.json,/home/ojab2/work/git/gsplat/results/vggt_outputs/drums_1_n30_s42_c0.0_p100000_random_minfarthestpose_i30_gteval_steps15000/stats/val_step14999.json,drums_1_n30_s42_c0.0_p100000_random_minfarthestpose_i30_gteval_steps15000,0.2054,0.010519,30,3.899545,0.0605,0.0167,0.1432,,,,,/home/ojab2/work/git/vggt/vggt_outputs/drums_1_n30_s42_c0.0_p100000_random_minfarthestpose/eval_results.json,drums_1_n30_s42_c0.0_p100000_random_minfarthestpose,drums_1_n30_s42_c0.0_p100000_random_minfarthestpose_i30_gteval_steps15000_val_step14999.json,100000,,,vggt,30.0
vggt,40,42,0.0,100000,random,,,,0,10,minfarthestpose,40,GT Eval,,,,,False,,,,,0.0,,False,1.0,1.0,vggt,bonsai,,,15000,15000,,MCMC,,,,,,,,,,,gsplat,,indoor,17.72458267211914,0.38921311497688293,0.5569648146629333,1000000,0.022790133953094482,0.7294183969497681,,,0.32012116967121296,0.3572361931125659,100000,/home/ojab2/work/git/gsplat/results/vggt_outputs/bonsai_2_n40_s42_c0.0_p100000_random_minfarthestpose_i40_gteval_steps15000/stats/val_step14999.json,/home/ojab2/work/git/gsplat/results/vggt_outputs/bonsai_2_n40_s42_c0.0_p100000_random_minfarthestpose_i40_gteval_steps15000/stats/val_step14999.json,bonsai_2_n40_s42_c0.0_p100000_random_minfarthestpose_i40_gteval_steps15000,0.7294,0.097202,40,7.731085,,,,,,,,/home/ojab2/work/git/vggt/vggt_outputs/bonsai_2_n40_s42_c0.0_p100000_random_minfarthestpose/eval_results.json,bonsai_2_n40_s42_c0.0_p100000_random_minfarthestpose,bonsai_2_n40_s42_c0.0_p100000_random_minfarthestpose_i40_gteval_steps15000_val_step14999.json,100000,,,vggt,40.0
vggt,40,42,0.0,100000,random,,,,0,10,minfarthestpose,40,GT Eval,,,,,False,,,,,0.0,,False,1.0,1.0,vggt,kitchen,,,15000,15000,,MCMC,,,,,,,,,,,gsplat,,indoor,18.898000717163086,0.25969570875167847,0.435649037361145,1000000,0.005547953303903341,0.2606889605522156,,,0.3508552506498271,0.3412723659148756,100000,/home/ojab2/work/git/gsplat/results/vggt_outputs/kitchen_2_n40_s42_c0.0_p100000_random_minfarthestpose_i40_gteval_steps15000/stats/val_step14999.json,/home/ojab2/work/git/gsplat/results/vggt_outputs/kitchen_2_n40_s42_c0.0_p100000_random_minfarthestpose_i40_gteval_steps15000/stats/val_step14999.json,kitchen_2_n40_s42_c0.0_p100000_random_minfarthestpose_i40_gteval_steps15000,0.2611,0.026452,40,4.152193,,,,,,,,/home/ojab2/work/git/vggt/vggt_outputs/kitchen_2_n40_s42_c0.0_p100000_random_minfarthestpose/eval_results.json,kitchen_2_n40_s42_c0.0_p100000_random_minfarthestpose,kitchen_2_n40_s42_c0.0_p100000_random_minfarthestpose_i40_gteval_steps15000_val_step14999.json,100000,,,vggt,40.0
vggt,40,42,0.0,100000,random,,,,0,10,minfarthestpose,40,GT Eval,,,,,False,,,,,0.0,,False,1.0,1.0,vggt,counter,,,15000,15000,,MCMC,,,,,,,,,,,gsplat,,indoor,19.15398406982422,0.2938864827156067,0.5738909244537354,1000000,0.008003419265151024,0.38038191199302673,,,0.41533347590547476,0.3196024997916249,100000,/home/ojab2/work/git/gsplat/results/vggt_outputs/counter_2_n40_s42_c0.0_p100000_random_minfarthestpose_i40_gteval_steps15000/stats/val_step14999.json,/home/ojab2/work/git/gsplat/results/vggt_outputs/counter_2_n40_s42_c0.0_p100000_random_minfarthestpose_i40_gteval_steps15000/stats/val_step14999.json,counter_2_n40_s42_c0.0_p100000_random_minfarthestpose_i40_gteval_steps15000,0.3803,0.032005,40,4.483415,,,,,,,,/home/ojab2/work/git/vggt/vggt_outputs/counter_2_n40_s42_c0.0_p100000_random_minfarthestpose/eval_results.json,counter_2_n40_s42_c0.0_p100000_random_minfarthestpose,counter_2_n40_s42_c0.0_p100000_random_minfarthestpose_i40_gteval_steps15000_val_step14999.json,100000,,,vggt,40.0
vggt,40,42,0.0,100000,random,,,,0,10,minfarthestpose,40,GT Eval,,,,,False,,,,,0.0,,False,1.0,1.0,vggt,bicycle,,,15000,15000,,MCMC,,,,,,,,,,,gsplat,,outdoor,16.837194442749023,0.40848785638809204,0.2244861125946045,1000000,0.01769711822271347,0.706636905670166,,,0.09735807627342681,0.43661177017663394,100000,/home/ojab2/work/git/gsplat/results/vggt_outputs/bicycle_4_n40_s42_c0.0_p100000_random_minfarthestpose_i40_gteval_steps15000/stats/val_step14999.json,/home/ojab2/work/git/gsplat/results/vggt_outputs/bicycle_4_n40_s42_c0.0_p100000_random_minfarthestpose_i40_gteval_steps15000/stats/val_step14999.json,bicycle_4_n40_s42_c0.0_p100000_random_minfarthestpose_i40_gteval_steps15000,0.7065,0.072581,40,4.875992,,,,,,,,/home/ojab2/work/git/vggt/vggt_outputs/bicycle_4_n40_s42_c0.0_p100000_random_minfarthestpose/eval_results.json,bicycle_4_n40_s42_c0.0_p100000_random_minfarthestpose,bicycle_4_n40_s42_c0.0_p100000_random_minfarthestpose_i40_gteval_steps15000_val_step14999.json,100000,,,vggt,40.0
vggt,40,42,0.0,100000,random,,,,0,10,minfarthestpose,40,GT Eval,,,,,False,,,,,0.0,,False,1.0,1.0,vggt,garden,,,15000,15000,,MCMC,,,,,,,,,,,gsplat,,outdoor,17.989620208740234,0.41260337829589844,0.31651806831359863,1000000,0.0062108272686600685,0.35870879888534546,,,0.16997870568566079,0.4184066318705556,100000,/home/ojab2/work/git/gsplat/results/vggt_outputs/garden_2_n40_s42_c0.0_p100000_random_minfarthestpose_i40_gteval_steps15000/stats/val_step14999.json,/home/ojab2/work/git/gsplat/results/vggt_outputs/garden_2_n40_s42_c0.0_p100000_random_minfarthestpose_i40_gteval_steps15000/stats/val_step14999.json,garden_2_n40_s42_c0.0_p100000_random_minfarthestpose_i40_gteval_steps15000,0.359,0.027795,40,5.798803,,,,,,,,/home/ojab2/work/git/vggt/vggt_outputs/garden_2_n40_s42_c0.0_p100000_random_minfarthestpose/eval_results.json,garden_2_n40_s42_c0.0_p100000_random_minfarthestpose,garden_2_n40_s42_c0.0_p100000_random_minfarthestpose_i40_gteval_steps15000_val_step14999.json,100000,,,vggt,40.0
vggt,40,42,0.0,100000,random,,,,0,10,minfarthestpose,40,GT Eval,,,,,False,,,,,0.0,,False,1.0,1.0,vggt,stump,,,15000,15000,,MCMC,,,,,,,,,,,gsplat,,outdoor,17.6686954498291,0.501745343208313,0.3483848571777344,1000000,0.0449981689453125,0.9921285510063171,,,0.1276452993711456,0.44202581871730795,100000,/home/ojab2/work/git/gsplat/results/vggt_outputs/stump_2_n40_s42_c0.0_p100000_random_minfarthestpose_i40_gteval_steps15000/stats/val_step14999.json,/home/ojab2/work/git/gsplat/results/vggt_outputs/stump_2_n40_s42_c0.0_p100000_random_minfarthestpose_i40_gteval_steps15000/stats/val_step14999.json,stump_2_n40_s42_c0.0_p100000_random_minfarthestpose_i40_gteval_steps15000,1.0762,0.170601,40,4.429667,,,,,,,,/home/ojab2/work/git/vggt/vggt_outputs/stump_2_n40_s42_c0.0_p100000_random_minfarthestpose/eval_results.json,stump_2_n40_s42_c0.0_p100000_random_minfarthestpose,stump_2_n40_s42_c0.0_p100000_random_minfarthestpose_i40_gteval_steps15000_val_step14999.json,100000,,,vggt,40.0
vggt,40,42,0.0,100000,random,,,,0,10,minfarthestpose,40,GT Eval,,,,,False,,,,,0.0,,False,1.0,1.0,vggt,lego,,,15000,15000,,MCMC,,,,,,,,,,,gsplat,,synthetic,21.03264045715332,0.08919823169708252,0.7866431474685669,1000000,0.004924561828374863,0.31991249322891235,0.08345895260572433,0.020909225568175316,0.7008906859248546,0.1863292376956922,100000,/home/ojab2/work/git/gsplat/results/vggt_outputs/lego_1_n40_s42_c0.0_p100000_random_minfarthestpose_i40_gteval_steps15000/stats/val_step14999.json,/home/ojab2/work/git/gsplat/results/vggt_outputs/lego_1_n40_s42_c0.0_p100000_random_minfarthestpose_i40_gteval_steps15000/stats/val_step14999.json,lego_1_n40_s42_c0.0_p100000_random_minfarthestpose_i40_gteval_steps15000,0.3198,0.019067,40,4.046949,0.0449,0.0127,0.1113,,,,,/home/ojab2/work/git/vggt/vggt_outputs/lego_1_n40_s42_c0.0_p100000_random_minfarthestpose/eval_results.json,lego_1_n40_s42_c0.0_p100000_random_minfarthestpose,lego_1_n40_s42_c0.0_p100000_random_minfarthestpose_i40_gteval_steps15000_val_step14999.json,100000,,,vggt,40.0
vggt,40,42,0.0,100000,random,,,,0,10,minfarthestpose,40,GT Eval,,,,,False,,,,,0.0,,False,1.0,1.0,vggt,ship,,,15000,15000,,MCMC,,,,,,,,,,,gsplat,,synthetic,21.53786849975586,0.1613789200782776,0.6977256536483765,1000000,0.0066832988522946835,0.43774279952049255,0.11549045890569687,0.02954692579805851,0.6136922459078733,0.2393972462237454,100000,/home/ojab2/work/git/gsplat/results/vggt_outputs/ship_1_n40_s42_c0.0_p100000_random_minfarthestpose_i40_gteval_steps15000/stats/val_step14999.json,/home/ojab2/work/git/gsplat/results/vggt_outputs/ship_1_n40_s42_c0.0_p100000_random_minfarthestpose_i40_gteval_steps15000/stats/val_step14999.json,ship_1_n40_s42_c0.0_p100000_random_minfarthestpose_i40_gteval_steps15000,0.4376,0.028573,40,4.214055,0.1027,0.0277,0.2431,,,,,/home/ojab2/work/git/vggt/vggt_outputs/ship_1_n40_s42_c0.0_p100000_random_minfarthestpose/eval_results.json,ship_1_n40_s42_c0.0_p100000_random_minfarthestpose,ship_1_n40_s42_c0.0_p100000_random_minfarthestpose_i40_gteval_steps15000_val_step14999.json,100000,,,vggt,40.0
vggt,40,42,0.0,100000,random,,,,0,10,minfarthestpose,40,GT Eval,,,,,False,,,,,0.0,,False,1.0,1.0,vggt,drums,,,15000,15000,,MCMC,,,,,,,,,,,gsplat,,synthetic,19.272016525268555,0.09566571563482285,0.8279871344566345,1000000,0.0026842057704925537,0.16331997513771057,0.09142870455980301,0.019982587546110153,0.6884720351709182,0.17407832563670395,100000,/home/ojab2/work/git/gsplat/results/vggt_outputs/drums_1_n40_s42_c0.0_p100000_random_minfarthestpose_i40_gteval_steps15000/stats/val_step14999.json,/home/ojab2/work/git/gsplat/results/vggt_outputs/drums_1_n40_s42_c0.0_p100000_random_minfarthestpose_i40_gteval_steps15000/stats/val_step14999.json,drums_1_n40_s42_c0.0_p100000_random_minfarthestpose_i40_gteval_steps15000,0.1639,0.008827,40,3.872258,0.0601,0.0166,0.1408,,,,,/home/ojab2/work/git/vggt/vggt_outputs/drums_1_n40_s42_c0.0_p100000_random_minfarthestpose/eval_results.json,drums_1_n40_s42_c0.0_p100000_random_minfarthestpose,drums_1_n40_s42_c0.0_p100000_random_minfarthestpose_i40_gteval_steps15000_val_step14999.json,100000,,,vggt,40.0
vggt,50,42,0.0,100000,random,,,,0,10,minfarthestpose,50,GT Eval,,,,,False,,,,,0.0,,False,1.0,1.0,vggt,bonsai,,,15000,15000,,MCMC,,,,,,,,,,,gsplat,,indoor,17.975473403930664,0.39067938923835754,0.5657995343208313,1000000,0.023220835253596306,0.8014442324638367,,,0.32902868948949476,0.3551856580953632,100000,/home/ojab2/work/git/gsplat/results/vggt_outputs/bonsai_2_n50_s42_c0.0_p100000_random_minfarthestpose_i50_gteval_steps15000/stats/val_step14999.json,/home/ojab2/work/git/gsplat/results/vggt_outputs/bonsai_2_n50_s42_c0.0_p100000_random_minfarthestpose_i50_gteval_steps15000/stats/val_step14999.json,bonsai_2_n50_s42_c0.0_p100000_random_minfarthestpose_i50_gteval_steps15000,0.8014,0.095395,50,7.828728,,,,,,,,/home/ojab2/work/git/vggt/vggt_outputs/bonsai_2_n50_s42_c0.0_p100000_random_minfarthestpose/eval_results.json,bonsai_2_n50_s42_c0.0_p100000_random_minfarthestpose,bonsai_2_n50_s42_c0.0_p100000_random_minfarthestpose_i50_gteval_steps15000_val_step14999.json,100000,,,vggt,50.0
vggt,50,42,0.0,100000,random,,,,0,10,minfarthestpose,50,GT Eval,,,,,False,,,,,0.0,,False,1.0,1.0,vggt,kitchen,,,15000,15000,,MCMC,,,,,,,,,,,gsplat,,indoor,19.448810577392578,0.24405501782894135,0.46214696764945984,1000000,0.006052491255104542,0.29579412937164307,,,0.3862060463955218,0.32959762546432597,100000,/home/ojab2/work/git/gsplat/results/vggt_outputs/kitchen_2_n50_s42_c0.0_p100000_random_minfarthestpose_i50_gteval_steps15000/stats/val_step14999.json,/home/ojab2/work/git/gsplat/results/vggt_outputs/kitchen_2_n50_s42_c0.0_p100000_random_minfarthestpose_i50_gteval_steps15000/stats/val_step14999.json,kitchen_2_n50_s42_c0.0_p100000_random_minfarthestpose_i50_gteval_steps15000,0.296,0.027378,50,4.142264,,,,,,,,/home/ojab2/work/git/vggt/vggt_outputs/kitchen_2_n50_s42_c0.0_p100000_random_minfarthestpose/eval_results.json,kitchen_2_n50_s42_c0.0_p100000_random_minfarthestpose,kitchen_2_n50_s42_c0.0_p100000_random_minfarthestpose_i50_gteval_steps15000_val_step14999.json,100000,,,vggt,50.0
vggt,50,42,0.0,100000,random,,,,0,10,minfarthestpose,50,GT Eval,,,,,False,,,,,0.0,,False,1.0,1.0,vggt,counter,,,15000,15000,,MCMC,,,,,,,,,,,gsplat,,indoor,19.03731346130371,0.3023765981197357,0.5784945487976074,1000000,0.007548722438514233,0.39263004064559937,,,0.410624275082036,0.32136422121971653,100000,/home/ojab2/work/git/gsplat/results/vggt_outputs/counter_2_n50_s42_c0.0_p100000_random_minfarthestpose_i50_gteval_steps15000/stats/val_step14999.json,/home/ojab2/work/git/gsplat/results/vggt_outputs/counter_2_n50_s42_c0.0_p100000_random_minfarthestpose_i50_gteval_steps15000/stats/val_step14999.json,counter_2_n50_s42_c0.0_p100000_random_minfarthestpose_i50_gteval_steps15000,0.3927,0.03126,50,4.604761,,,,,,,,/home/ojab2/work/git/vggt/vggt_outputs/counter_2_n50_s42_c0.0_p100000_random_minfarthestpose/eval_results.json,counter_2_n50_s42_c0.0_p100000_random_minfarthestpose,counter_2_n50_s42_c0.0_p100000_random_minfarthestpose_i50_gteval_steps15000_val_step14999.json,100000,,,vggt,50.0
vggt,50,42,0.0,100000,random,,,,0,10,minfarthestpose,50,GT Eval,,,,,False,,,,,0.0,,False,1.0,1.0,vggt,bicycle,,,15000,15000,,MCMC,,,,,,,,,,,gsplat,,outdoor,17.12584686279297,0.41138193011283875,0.23516662418842316,1000000,0.017646068707108498,0.8230519890785217,,,0.10716293940999591,0.4351040676167721,100000,/home/ojab2/work/git/gsplat/results/vggt_outputs/bicycle_4_n50_s42_c0.0_p100000_random_minfarthestpose_i50_gteval_steps15000/stats/val_step14999.json,/home/ojab2/work/git/gsplat/results/vggt_outputs/bicycle_4_n50_s42_c0.0_p100000_random_minfarthestpose_i50_gteval_steps15000/stats/val_step14999.json,bicycle_4_n50_s42_c0.0_p100000_random_minfarthestpose_i50_gteval_steps15000,0.8231,0.071475,50,4.844657,,,,,,,,/home/ojab2/work/git/vggt/vggt_outputs/bicycle_4_n50_s42_c0.0_p100000_random_minfarthestpose/eval_results.json,bicycle_4_n50_s42_c0.0_p100000_random_minfarthestpose,bicycle_4_n50_s42_c0.0_p100000_random_minfarthestpose_i50_gteval_steps15000_val_step14999.json,100000,,,vggt,50.0
vggt,50,42,0.0,100000,random,,,,0,10,minfarthestpose,50,GT Eval,,,,,False,,,,,0.0,,False,1.0,1.0,vggt,garden,,,15000,15000,,MCMC,,,,,,,,,,,gsplat,,outdoor,18.076255798339844,0.4332265853881836,0.3282749652862549,1000000,0.006217169109731913,0.3727625906467438,,,0.16572807205428242,0.42279599815578256,100000,/home/ojab2/work/git/gsplat/results/vggt_outputs/garden_2_n50_s42_c0.0_p100000_random_minfarthestpose_i50_gteval_steps15000/stats/val_step14999.json,/home/ojab2/work/git/gsplat/results/vggt_outputs/garden_2_n50_s42_c0.0_p100000_random_minfarthestpose_i50_gteval_steps15000/stats/val_step14999.json,garden_2_n50_s42_c0.0_p100000_random_minfarthestpose_i50_gteval_steps15000,0.3727,0.027,50,5.822343,,,,,,,,/home/ojab2/work/git/vggt/vggt_outputs/garden_2_n50_s42_c0.0_p100000_random_minfarthestpose/eval_results.json,garden_2_n50_s42_c0.0_p100000_random_minfarthestpose,garden_2_n50_s42_c0.0_p100000_random_minfarthestpose_i50_gteval_steps15000_val_step14999.json,100000,,,vggt,50.0
vggt,50,42,0.0,100000,random,,,,0,10,minfarthestpose,50,GT Eval,,,,,False,,,,,0.0,,False,1.0,1.0,vggt,stump,,,15000,15000,,MCMC,,,,,,,,,,,gsplat,,outdoor,17.56587791442871,0.5153793096542358,0.3549039363861084,1000000,0.0475626215338707,1.166953444480896,,,0.12113756928992321,0.44535770586322,100000,/home/ojab2/work/git/gsplat/results/vggt_outputs/stump_2_n50_s42_c0.0_p100000_random_minfarthestpose_i50_gteval_steps15000/stats/val_step14999.json,/home/ojab2/work/git/gsplat/results/vggt_outputs/stump_2_n50_s42_c0.0_p100000_random_minfarthestpose_i50_gteval_steps15000/stats/val_step14999.json,stump_2_n50_s42_c0.0_p100000_random_minfarthestpose_i50_gteval_steps15000,1.1669,0.183925,50,4.730115,,,,,,,,/home/ojab2/work/git/vggt/vggt_outputs/stump_2_n50_s42_c0.0_p100000_random_minfarthestpose/eval_results.json,stump_2_n50_s42_c0.0_p100000_random_minfarthestpose,stump_2_n50_s42_c0.0_p100000_random_minfarthestpose_i50_gteval_steps15000_val_step14999.json,100000,,,vggt,50.0
vggt,50,42,0.0,100000,random,,,,0,10,minfarthestpose,50,GT Eval,,,,,False,,,,,0.0,,False,1.0,1.0,vggt,lego,,,15000,15000,,MCMC,,,,,,,,,,,gsplat,,synthetic,21.419431686401367,0.08875027298927307,0.7948000431060791,1000000,0.004955286160111427,0.2916055917739868,0.08787281811237335,0.020806673914194107,0.7131001185952571,0.182984103337977,100000,/home/ojab2/work/git/gsplat/results/vggt_outputs/lego_1_n50_s42_c0.0_p100000_random_minfarthestpose_i50_gteval_steps15000/stats/val_step14999.json,/home/ojab2/work/git/gsplat/results/vggt_outputs/lego_1_n50_s42_c0.0_p100000_random_minfarthestpose_i50_gteval_steps15000/stats/val_step14999.json,lego_1_n50_s42_c0.0_p100000_random_minfarthestpose_i50_gteval_steps15000,0.2916,0.018156,50,4.0465,0.0466,0.0132,0.1167,,,,,/home/ojab2/work/git/vggt/vggt_outputs/lego_1_n50_s42_c0.0_p100000_random_minfarthestpose/eval_results.json,lego_1_n50_s42_c0.0_p100000_random_minfarthestpose,lego_1_n50_s42_c0.0_p100000_random_minfarthestpose_i50_gteval_steps15000_val_step14999.json,100000,,,vggt,50.0
vggt,50,42,0.0,100000,random,,,,0,10,minfarthestpose,50,GT Eval,,,,,False,,,,,0.0,,False,1.0,1.0,vggt,ship,,,15000,15000,,MCMC,,,,,,,,,,,gsplat,,synthetic,21.57290267944336,0.15862883627414703,0.700731098651886,1000000,0.007174301892518997,0.4498891830444336,0.09724590182304382,0.0242744330316782,0.6177961797858307,0.2375483995476707,100000,/home/ojab2/work/git/gsplat/results/vggt_outputs/ship_1_n50_s42_c0.0_p100000_random_minfarthestpose_i50_gteval_steps15000/stats/val_step14999.json,/home/ojab2/work/git/gsplat/results/vggt_outputs/ship_1_n50_s42_c0.0_p100000_random_minfarthestpose_i50_gteval_steps15000/stats/val_step14999.json,ship_1_n50_s42_c0.0_p100000_random_minfarthestpose_i50_gteval_steps15000,0.4503,0.029935,50,4.216293,0.0998,0.0269,0.24,,,,,/home/ojab2/work/git/vggt/vggt_outputs/ship_1_n50_s42_c0.0_p100000_random_minfarthestpose/eval_results.json,ship_1_n50_s42_c0.0_p100000_random_minfarthestpose,ship_1_n50_s42_c0.0_p100000_random_minfarthestpose_i50_gteval_steps15000_val_step14999.json,100000,,,vggt,50.0
vggt,50,42,0.0,100000,random,,,,0,10,minfarthestpose,50,GT Eval,,,,,False,,,,,0.0,,False,1.0,1.0,vggt,drums,,,15000,15000,,MCMC,,,,,,,,,,,gsplat,,synthetic,19.3359375,0.09716235846281052,0.8311501741409302,1000000,0.0027689894195646048,0.1710491180419922,0.08553019165992737,0.019335422664880753,0.6905816341372106,0.17324263923701977,100000,/home/ojab2/work/git/gsplat/results/vggt_outputs/drums_1_n50_s42_c0.0_p100000_random_minfarthestpose_i50_gteval_steps15000/stats/val_step14999.json,/home/ojab2/work/git/gsplat/results/vggt_outputs/drums_1_n50_s42_c0.0_p100000_random_minfarthestpose_i50_gteval_steps15000/stats/val_step14999.json,drums_1_n50_s42_c0.0_p100000_random_minfarthestpose_i50_gteval_steps15000,0.1715,0.009423,50,3.880713,0.0607,0.0168,0.1417,,,,,/home/ojab2/work/git/vggt/vggt_outputs/drums_1_n50_s42_c0.0_p100000_random_minfarthestpose/eval_results.json,drums_1_n50_s42_c0.0_p100000_random_minfarthestpose,drums_1_n50_s42_c0.0_p100000_random_minfarthestpose_i50_gteval_steps15000_val_step14999.json,100000,,,vggt,50.0
vggt,60,42,0.0,100000,random,,,,0,10,minfarthestpose,60,GT Eval,,,,,False,,,,,0.0,,False,1.0,1.0,vggt,bonsai,,,15000,15000,,MCMC,,,,,,,,,,,gsplat,,indoor,17.90055274963379,0.3913314938545227,0.5682401657104492,1000000,0.024403369054198265,0.8877549767494202,,,0.32866600607028634,0.3548772913854095,100000,/home/ojab2/work/git/gsplat/results/vggt_outputs/bonsai_2_n60_s42_c0.0_p100000_random_minfarthestpose_i60_gteval_steps15000/stats/val_step14999.json,/home/ojab2/work/git/gsplat/results/vggt_outputs/bonsai_2_n60_s42_c0.0_p100000_random_minfarthestpose_i60_gteval_steps15000/stats/val_step14999.json,bonsai_2_n60_s42_c0.0_p100000_random_minfarthestpose_i60_gteval_steps15000,0.8878,0.10213,60,7.775817,,,,,,,,/home/ojab2/work/git/vggt/vggt_outputs/bonsai_2_n60_s42_c0.0_p100000_random_minfarthestpose/eval_results.json,bonsai_2_n60_s42_c0.0_p100000_random_minfarthestpose,bonsai_2_n60_s42_c0.0_p100000_random_minfarthestpose_i60_gteval_steps15000_val_step14999.json,100000,,,vggt,60.0
vggt,60,42,0.0,100000,random,,,,0,10,minfarthestpose,60,GT Eval,,,,,False,,,,,0.0,,False,1.0,1.0,vggt,kitchen,,,15000,15000,,MCMC,,,,,,,,,,,gsplat,,indoor,19.61069679260254,0.23884430527687073,0.45499521493911743,1000000,0.005868461914360523,0.3243441879749298,,,0.38823811697293753,0.3293421692556592,100000,/home/ojab2/work/git/gsplat/results/vggt_outputs/kitchen_2_n60_s42_c0.0_p100000_random_minfarthestpose_i60_gteval_steps15000/stats/val_step14999.json,/home/ojab2/work/git/gsplat/results/vggt_outputs/kitchen_2_n60_s42_c0.0_p100000_random_minfarthestpose_i60_gteval_steps15000/stats/val_step14999.json,kitchen_2_n60_s42_c0.0_p100000_random_minfarthestpose_i60_gteval_steps15000,0.3242,0.027163,60,4.162314,,,,,,,,/home/ojab2/work/git/vggt/vggt_outputs/kitchen_2_n60_s42_c0.0_p100000_random_minfarthestpose/eval_results.json,kitchen_2_n60_s42_c0.0_p100000_random_minfarthestpose,kitchen_2_n60_s42_c0.0_p100000_random_minfarthestpose_i60_gteval_steps15000_val_step14999.json,100000,,,vggt,60.0
vggt,60,42,0.0,100000,random,,,,0,10,minfarthestpose,60,GT Eval,,,,,False,,,,,0.0,,False,1.0,1.0,vggt,counter,,,15000,15000,,MCMC,,,,,,,,,,,gsplat,,indoor,19.74547004699707,0.2845265567302704,0.5979784727096558,1000000,0.007439553737640381,0.37929052114486694,,,0.4461509375466861,0.3097272746561189,100000,/home/ojab2/work/git/gsplat/results/vggt_outputs/counter_2_n60_s42_c0.0_p100000_random_minfarthestpose_i60_gteval_steps15000/stats/val_step14999.json,/home/ojab2/work/git/gsplat/results/vggt_outputs/counter_2_n60_s42_c0.0_p100000_random_minfarthestpose_i60_gteval_steps15000/stats/val_step14999.json,counter_2_n60_s42_c0.0_p100000_random_minfarthestpose_i60_gteval_steps15000,0.3795,0.030852,60,4.485466,,,,,,,,/home/ojab2/work/git/vggt/vggt_outputs/counter_2_n60_s42_c0.0_p100000_random_minfarthestpose/eval_results.json,counter_2_n60_s42_c0.0_p100000_random_minfarthestpose,counter_2_n60_s42_c0.0_p100000_random_minfarthestpose_i60_gteval_steps15000_val_step14999.json,100000,,,vggt,60.0
vggt,60,42,0.0,100000,random,,,,0,10,minfarthestpose,60,GT Eval,,,,,False,,,,,0.0,,False,1.0,1.0,vggt,bicycle,,,15000,15000,,MCMC,,,,,,,,,,,gsplat,,outdoor,17.196531295776367,0.40759557485580444,0.2425255924463272,1000000,0.01598297990858555,0.7341469526290894,,,0.11511265693197321,0.4323318212266714,100000,/home/ojab2/work/git/gsplat/results/vggt_outputs/bicycle_4_n60_s42_c0.0_p100000_random_minfarthestpose_i60_gteval_steps15000/stats/val_step14999.json,/home/ojab2/work/git/gsplat/results/vggt_outputs/bicycle_4_n60_s42_c0.0_p100000_random_minfarthestpose_i60_gteval_steps15000/stats/val_step14999.json,bicycle_4_n60_s42_c0.0_p100000_random_minfarthestpose_i60_gteval_steps15000,0.7342,0.065719,60,4.937964,,,,,,,,/home/ojab2/work/git/vggt/vggt_outputs/bicycle_4_n60_s42_c0.0_p100000_random_minfarthestpose/eval_results.json,bicycle_4_n60_s42_c0.0_p100000_random_minfarthestpose,bicycle_4_n60_s42_c0.0_p100000_random_minfarthestpose_i60_gteval_steps15000_val_step14999.json,100000,,,vggt,60.0
vggt,60,42,0.0,100000,random,,,,0,10,minfarthestpose,60,GT Eval,,,,,False,,,,,0.0,,False,1.0,1.0,vggt,garden,,,15000,15000,,MCMC,,,,,,,,,,,gsplat,,outdoor,18.2034912109375,0.4493083655834198,0.3382323980331421,1000000,0.006612913217395544,0.38847991824150085,,,0.16398031867270815,0.4259742708606498,100000,/home/ojab2/work/git/gsplat/results/vggt_outputs/garden_2_n60_s42_c0.0_p100000_random_minfarthestpose_i60_gteval_steps15000/stats/val_step14999.json,/home/ojab2/work/git/gsplat/results/vggt_outputs/garden_2_n60_s42_c0.0_p100000_random_minfarthestpose_i60_gteval_steps15000/stats/val_step14999.json,garden_2_n60_s42_c0.0_p100000_random_minfarthestpose_i60_gteval_steps15000,0.3883,0.026865,60,5.985414,,,,,,,,/home/ojab2/work/git/vggt/vggt_outputs/garden_2_n60_s42_c0.0_p100000_random_minfarthestpose/eval_results.json,garden_2_n60_s42_c0.0_p100000_random_minfarthestpose,garden_2_n60_s42_c0.0_p100000_random_minfarthestpose_i60_gteval_steps15000_val_step14999.json,100000,,,vggt,60.0
vggt,60,42,0.0,100000,random,,,,0,10,minfarthestpose,60,GT Eval,,,,,False,,,,,0.0,,False,1.0,1.0,vggt,stump,,,15000,15000,,MCMC,,,,,,,,,,,gsplat,,outdoor,17.98042106628418,0.5081429481506348,0.3692970275878906,1000000,0.043745484203100204,1.0253480672836304,,,0.14169819654002447,0.4394105308790657,100000,/home/ojab2/work/git/gsplat/results/vggt_outputs/stump_2_n60_s42_c0.0_p100000_random_minfarthestpose_i60_gteval_steps15000/stats/val_step14999.json,/home/ojab2/work/git/gsplat/results/vggt_outputs/stump_2_n60_s42_c0.0_p100000_random_minfarthestpose_i60_gteval_steps15000/stats/val_step14999.json,stump_2_n60_s42_c0.0_p100000_random_minfarthestpose_i60_gteval_steps15000,1.0254,0.1691,60,4.5635,,,,,,,,/home/ojab2/work/git/vggt/vggt_outputs/stump_2_n60_s42_c0.0_p100000_random_minfarthestpose/eval_results.json,stump_2_n60_s42_c0.0_p100000_random_minfarthestpose,stump_2_n60_s42_c0.0_p100000_random_minfarthestpose_i60_gteval_steps15000_val_step14999.json,100000,,,vggt,60.0
vggt,60,42,0.0,100000,random,,,,0,10,minfarthestpose,60,GT Eval,,,,,False,,,,,0.0,,False,1.0,1.0,vggt,lego,,,15000,15000,,MCMC,,,,,,,,,,,gsplat,,synthetic,21.653776168823242,0.08798713982105255,0.8014010190963745,1000000,0.00483406288549304,0.3386637568473816,0.08777588605880737,0.02159331738948822,0.7217711209669913,0.18015492266972,100000,/home/ojab2/work/git/gsplat/results/vggt_outputs/lego_1_n60_s42_c0.0_p100000_random_minfarthestpose_i60_gteval_steps15000/stats/val_step14999.json,/home/ojab2/work/git/gsplat/results/vggt_outputs/lego_1_n60_s42_c0.0_p100000_random_minfarthestpose_i60_gteval_steps15000/stats/val_step14999.json,lego_1_n60_s42_c0.0_p100000_random_minfarthestpose_i60_gteval_steps15000,0.3386,0.018355,60,4.043009,0.046,0.013,0.1152,,,,,/home/ojab2/work/git/vggt/vggt_outputs/lego_1_n60_s42_c0.0_p100000_random_minfarthestpose/eval_results.json,lego_1_n60_s42_c0.0_p100000_random_minfarthestpose,lego_1_n60_s42_c0.0_p100000_random_minfarthestpose_i60_gteval_steps15000_val_step14999.json,100000,,,vggt,60.0
vggt,60,42,0.0,100000,random,,,,0,10,minfarthestpose,60,GT Eval,,,,,False,,,,,0.0,,False,1.0,1.0,vggt,ship,,,15000,15000,,MCMC,,,,,,,,,,,gsplat,,synthetic,21.521196365356445,0.16084079444408417,0.7061067223548889,1000000,0.006673403549939394,0.4698730707168579,0.11026576161384583,0.028913933783769608,0.6186168887655482,0.23666834362072423,100000,/home/ojab2/work/git/gsplat/results/vggt_outputs/ship_1_n60_s42_c0.0_p100000_random_minfarthestpose_i60_gteval_steps15000/stats/val_step14999.json,/home/ojab2/work/git/gsplat/results/vggt_outputs/ship_1_n60_s42_c0.0_p100000_random_minfarthestpose_i60_gteval_steps15000/stats/val_step14999.json,ship_1_n60_s42_c0.0_p100000_random_minfarthestpose_i60_gteval_steps15000,0.47,0.029124,60,4.21936,0.1007,0.0271,0.2402,,,,,/home/ojab2/work/git/vggt/vggt_outputs/ship_1_n60_s42_c0.0_p100000_random_minfarthestpose/eval_results.json,ship_1_n60_s42_c0.0_p100000_random_minfarthestpose,ship_1_n60_s42_c0.0_p100000_random_minfarthestpose_i60_gteval_steps15000_val_step14999.json,100000,,,vggt,60.0
vggt,60,42,0.0,100000,random,,,,0,10,minfarthestpose,60,GT Eval,,,,,False,,,,,0.0,,False,1.0,1.0,vggt,drums,,,15000,15000,,MCMC,,,,,,,,,,,gsplat,,synthetic,19.432680130004883,0.09977434575557709,0.8312180042266846,1000000,0.0029061329551041126,0.18092001974582672,0.08373542875051498,0.018932364881038666,0.6908004932042604,0.17400022311980914,100000,/home/ojab2/work/git/gsplat/results/vggt_outputs/drums_1_n60_s42_c0.0_p100000_random_minfarthestpose_i60_gteval_steps15000/stats/val_step14999.json,/home/ojab2/work/git/gsplat/results/vggt_outputs/drums_1_n60_s42_c0.0_p100000_random_minfarthestpose_i60_gteval_steps15000/stats/val_step14999.json,drums_1_n60_s42_c0.0_p100000_random_minfarthestpose_i60_gteval_steps15000,0.1817,0.009902,60,3.883933,0.0607,0.0168,0.1421,,,,,/home/ojab2/work/git/vggt/vggt_outputs/drums_1_n60_s42_c0.0_p100000_random_minfarthestpose/eval_results.json,drums_1_n60_s42_c0.0_p100000_random_minfarthestpose,drums_1_n60_s42_c0.0_p100000_random_minfarthestpose_i60_gteval_steps15000_val_step14999.json,100000,,,vggt,60.0
vggt,70,42,0.0,100000,random,,,,0,10,minfarthestpose,70,GT Eval,,,,,False,,,,,0.0,,False,1.0,1.0,vggt,bonsai,,,15000,15000,,MCMC,,,,,,,,,,,gsplat,,indoor,18.378971099853516,0.37480518221855164,0.5808663368225098,1000000,0.024162106215953827,0.8060982823371887,,,0.35511075788074076,0.3455783568279357,100000,/home/ojab2/work/git/gsplat/results/vggt_outputs/bonsai_2_n70_s42_c0.0_p100000_random_minfarthestpose_i70_gteval_steps15000/stats/val_step14999.json,/home/ojab2/work/git/gsplat/results/vggt_outputs/bonsai_2_n70_s42_c0.0_p100000_random_minfarthestpose_i70_gteval_steps15000/stats/val_step14999.json,bonsai_2_n70_s42_c0.0_p100000_random_minfarthestpose_i70_gteval_steps15000,0.806,0.10116,70,7.70233,,,,,,,,/home/ojab2/work/git/vggt/vggt_outputs/bonsai_2_n70_s42_c0.0_p100000_random_minfarthestpose/eval_results.json,bonsai_2_n70_s42_c0.0_p100000_random_minfarthestpose,bonsai_2_n70_s42_c0.0_p100000_random_minfarthestpose_i70_gteval_steps15000_val_step14999.json,100000,,,vggt,70.0
vggt,70,42,0.0,100000,random,,,,0,10,minfarthestpose,70,GT Eval,,,,,False,,,,,0.0,,False,1.0,1.0,vggt,kitchen,,,15000,15000,,MCMC,,,,,,,,,,,gsplat,,indoor,19.38790512084961,0.24714186787605286,0.4488857388496399,1000000,0.0058333734050393105,0.3231159448623657,,,0.3754176000173096,0.3336753758233806,100000,/home/ojab2/work/git/gsplat/results/vggt_outputs/kitchen_2_n70_s42_c0.0_p100000_random_minfarthestpose_i70_gteval_steps15000/stats/val_step14999.json,/home/ojab2/work/git/gsplat/results/vggt_outputs/kitchen_2_n70_s42_c0.0_p100000_random_minfarthestpose_i70_gteval_steps15000/stats/val_step14999.json,kitchen_2_n70_s42_c0.0_p100000_random_minfarthestpose_i70_gteval_steps15000,0.3231,0.028126,70,4.16202,,,,,,,,/home/ojab2/work/git/vggt/vggt_outputs/kitchen_2_n70_s42_c0.0_p100000_random_minfarthestpose/eval_results.json,kitchen_2_n70_s42_c0.0_p100000_random_minfarthestpose,kitchen_2_n70_s42_c0.0_p100000_random_minfarthestpose_i70_gteval_steps15000_val_step14999.json,100000,,,vggt,70.0
vggt,70,42,0.0,100000,random,,,,0,10,minfarthestpose,70,GT Eval,,,,,False,,,,,0.0,,False,1.0,1.0,vggt,counter,,,15000,15000,,MCMC,,,,,,,,,,,gsplat,,indoor,20.209012985229492,0.2791377604007721,0.6161238551139832,1000000,0.007753706071525812,0.35588815808296204,,,0.46867281825918905,0.3027484266204571,100000,/home/ojab2/work/git/gsplat/results/vggt_outputs/counter_2_n70_s42_c0.0_p100000_random_minfarthestpose_i70_gteval_steps15000/stats/val_step14999.json,/home/ojab2/work/git/gsplat/results/vggt_outputs/counter_2_n70_s42_c0.0_p100000_random_minfarthestpose_i70_gteval_steps15000/stats/val_step14999.json,counter_2_n70_s42_c0.0_p100000_random_minfarthestpose_i70_gteval_steps15000,0.356,0.031055,70,4.444537,,,,,,,,/home/ojab2/work/git/vggt/vggt_outputs/counter_2_n70_s42_c0.0_p100000_random_minfarthestpose/eval_results.json,counter_2_n70_s42_c0.0_p100000_random_minfarthestpose,counter_2_n70_s42_c0.0_p100000_random_minfarthestpose_i70_gteval_steps15000_val_step14999.json,100000,,,vggt,70.0
vggt,70,42,0.0,100000,random,,,,0,10,minfarthestpose,70,GT Eval,,,,,False,,,,,0.0,,False,1.0,1.0,vggt,bicycle,,,15000,15000,,MCMC,,,,,,,,,,,gsplat,,outdoor,17.303333282470703,0.4162306487560272,0.24821975827217102,1000000,0.01512779202312231,0.876844584941864,,,0.11509010050496633,0.4339632838001787,100000,/home/ojab2/work/git/gsplat/results/vggt_outputs/bicycle_4_n70_s42_c0.0_p100000_random_minfarthestpose_i70_gteval_steps15000/stats/val_step14999.json,/home/ojab2/work/git/gsplat/results/vggt_outputs/bicycle_4_n70_s42_c0.0_p100000_random_minfarthestpose_i70_gteval_steps15000/stats/val_step14999.json,bicycle_4_n70_s42_c0.0_p100000_random_minfarthestpose_i70_gteval_steps15000,0.8769,0.061125,70,4.877382,,,,,,,,/home/ojab2/work/git/vggt/vggt_outputs/bicycle_4_n70_s42_c0.0_p100000_random_minfarthestpose/eval_results.json,bicycle_4_n70_s42_c0.0_p100000_random_minfarthestpose,bicycle_4_n70_s42_c0.0_p100000_random_minfarthestpose_i70_gteval_steps15000_val_step14999.json,100000,,,vggt,70.0
vggt,70,42,0.0,100000,random,,,,0,10,minfarthestpose,70,GT Eval,,,,,False,,,,,0.0,,False,1.0,1.0,vggt,garden,,,15000,15000,,MCMC,,,,,,,,,,,gsplat,,outdoor,18.56494140625,0.44116610288619995,0.3462892472743988,1000000,0.006993960589170456,0.38648492097854614,,,0.18041153663625342,0.42120187981302903,100000,/home/ojab2/work/git/gsplat/results/vggt_outputs/garden_2_n70_s42_c0.0_p100000_random_minfarthestpose_i70_gteval_steps15000/stats/val_step14999.json,/home/ojab2/work/git/gsplat/results/vggt_outputs/garden_2_n70_s42_c0.0_p100000_random_minfarthestpose_i70_gteval_steps15000/stats/val_step14999.json,garden_2_n70_s42_c0.0_p100000_random_minfarthestpose_i70_gteval_steps15000,0.3865,0.028024,70,6.070709,,,,,,,,/home/ojab2/work/git/vggt/vggt_outputs/garden_2_n70_s42_c0.0_p100000_random_minfarthestpose/eval_results.json,garden_2_n70_s42_c0.0_p100000_random_minfarthestpose,garden_2_n70_s42_c0.0_p100000_random_minfarthestpose_i70_gteval_steps15000_val_step14999.json,100000,,,vggt,70.0
vggt,70,42,0.0,100000,random,,,,0,10,minfarthestpose,70,GT Eval,,,,,False,,,,,0.0,,False,1.0,1.0,vggt,stump,,,15000,15000,,MCMC,,,,,,,,,,,gsplat,,outdoor,17.92767333984375,0.5234177112579346,0.3746194839477539,1000000,0.046015042811632156,1.1531213521957397,,,0.13440506825437792,0.44344761219736073,100000,/home/ojab2/work/git/gsplat/results/vggt_outputs/stump_2_n70_s42_c0.0_p100000_random_minfarthestpose_i70_gteval_steps15000/stats/val_step14999.json,/home/ojab2/work/git/gsplat/results/vggt_outputs/stump_2_n70_s42_c0.0_p100000_random_minfarthestpose_i70_gteval_steps15000/stats/val_step14999.json,stump_2_n70_s42_c0.0_p100000_random_minfarthestpose_i70_gteval_steps15000,1.1531,0.176857,70,4.945385,,,,,,,,/home/ojab2/work/git/vggt/vggt_outputs/stump_2_n70_s42_c0.0_p100000_random_minfarthestpose/eval_results.json,stump_2_n70_s42_c0.0_p100000_random_minfarthestpose,stump_2_n70_s42_c0.0_p100000_random_minfarthestpose_i70_gteval_steps15000_val_step14999.json,100000,,,vggt,70.0
vggt,70,42,0.0,100000,random,,,,0,10,minfarthestpose,70,GT Eval,,,,,False,,,,,0.0,,False,1.0,1.0,vggt,lego,,,15000,15000,,MCMC,,,,,,,,,,,gsplat,,synthetic,19.951635360717773,0.10068289935588837,0.766650915145874,1000000,0.004774382803589106,0.33930590748786926,0.07472193241119385,0.019496779888868332,0.6620914080725464,0.19795236036425792,100000,/home/ojab2/work/git/gsplat/results/vggt_outputs/lego_1_n70_s42_c0.0_p100000_random_minfarthestpose_i70_gteval_steps15000/stats/val_step14999.json,/home/ojab2/work/git/gsplat/results/vggt_outputs/lego_1_n70_s42_c0.0_p100000_random_minfarthestpose_i70_gteval_steps15000/stats/val_step14999.json,lego_1_n70_s42_c0.0_p100000_random_minfarthestpose_i70_gteval_steps15000,0.3397,0.018862,70,4.060608,0.0482,0.0136,0.1162,,,,,/home/ojab2/work/git/vggt/vggt_outputs/lego_1_n70_s42_c0.0_p100000_random_minfarthestpose/eval_results.json,lego_1_n70_s42_c0.0_p100000_random_minfarthestpose,lego_1_n70_s42_c0.0_p100000_random_minfarthestpose_i70_gteval_steps15000_val_step14999.json,100000,,,vggt,70.0
vggt,70,42,0.0,100000,random,,,,0,10,minfarthestpose,70,GT Eval,,,,,False,,,,,0.0,,False,1.0,1.0,vggt,ship,,,15000,15000,,MCMC,,,,,,,,,,,gsplat,,synthetic,22.085920333862305,0.15144316852092743,0.7295990586280823,1000000,0.007405884098261595,0.4912509322166443,0.09484874457120895,0.02375170961022377,0.6486139520373415,0.2258766819745325,100000,/home/ojab2/work/git/gsplat/results/vggt_outputs/ship_1_n70_s42_c0.0_p100000_random_minfarthestpose_i70_gteval_steps15000/stats/val_step14999.json,/home/ojab2/work/git/gsplat/results/vggt_outputs/ship_1_n70_s42_c0.0_p100000_random_minfarthestpose_i70_gteval_steps15000/stats/val_step14999.json,ship_1_n70_s42_c0.0_p100000_random_minfarthestpose_i70_gteval_steps15000,0.4913,0.030434,70,4.211942,0.0977,0.0263,0.2382,,,,,/home/ojab2/work/git/vggt/vggt_outputs/ship_1_n70_s42_c0.0_p100000_random_minfarthestpose/eval_results.json,ship_1_n70_s42_c0.0_p100000_random_minfarthestpose,ship_1_n70_s42_c0.0_p100000_random_minfarthestpose_i70_gteval_steps15000_val_step14999.json,100000,,,vggt,70.0
vggt,70,42,0.0,100000,random,,,,0,10,minfarthestpose,70,GT Eval,,,,,False,,,,,0.0,,False,1.0,1.0,vggt,drums,,,15000,15000,,MCMC,,,,,,,,,,,gsplat,,synthetic,19.56345558166504,0.10139310359954834,0.833803653717041,1000000,0.002955374540761113,0.18639010190963745,0.08448449522256851,0.018864355981349945,0.6937351033159321,0.1733741336095096,100000,/home/ojab2/work/git/gsplat/results/vggt_outputs/drums_1_n70_s42_c0.0_p100000_random_minfarthestpose_i70_gteval_steps15000/stats/val_step14999.json,/home/ojab2/work/git/gsplat/results/vggt_outputs/drums_1_n70_s42_c0.0_p100000_random_minfarthestpose_i70_gteval_steps15000/stats/val_step14999.json,drums_1_n70_s42_c0.0_p100000_random_minfarthestpose_i70_gteval_steps15000,0.1867,0.009912,70,3.879192,0.062,0.0171,0.1436,,,,,/home/ojab2/work/git/vggt/vggt_outputs/drums_1_n70_s42_c0.0_p100000_random_minfarthestpose/eval_results.json,drums_1_n70_s42_c0.0_p100000_random_minfarthestpose,drums_1_n70_s42_c0.0_p100000_random_minfarthestpose_i70_gteval_steps15000_val_step14999.json,100000,,,vggt,70.0
vggt,80,42,0.0,100000,random,,,,0,10,minfarthestpose,80,GT Eval,,,,,False,,,,,0.0,,False,1.0,1.0,vggt,bonsai,,,15000,15000,,MCMC,,,,,,,,,,,gsplat,,indoor,18.27854347229004,0.3789374530315399,0.5839003324508667,1000000,0.02335357293486595,0.8208662867546082,,,0.3524744689968052,0.3462865576713511,100000,/home/ojab2/work/git/gsplat/results/vggt_outputs/bonsai_2_n80_s42_c0.0_p100000_random_minfarthestpose_i80_gteval_steps15000/stats/val_step14999.json,/home/ojab2/work/git/gsplat/results/vggt_outputs/bonsai_2_n80_s42_c0.0_p100000_random_minfarthestpose_i80_gteval_steps15000/stats/val_step14999.json,bonsai_2_n80_s42_c0.0_p100000_random_minfarthestpose_i80_gteval_steps15000,0.8208,0.096051,80,7.780013,,,,,,,,/home/ojab2/work/git/vggt/vggt_outputs/bonsai_2_n80_s42_c0.0_p100000_random_minfarthestpose/eval_results.json,bonsai_2_n80_s42_c0.0_p100000_random_minfarthestpose,bonsai_2_n80_s42_c0.0_p100000_random_minfarthestpose_i80_gteval_steps15000_val_step14999.json,100000,,,vggt,80.0
vggt,80,42,0.0,100000,random,,,,0,10,minfarthestpose,80,GT Eval,,,,,False,,,,,0.0,,False,1.0,1.0,vggt,kitchen,,,15000,15000,,MCMC,,,,,,,,,,,gsplat,,indoor,20.374483108520508,0.2323937565088272,0.48634642362594604,1000000,0.00570682343095541,0.2842715382575989,,,0.4246981684033789,0.31942130021305865,100000,/home/ojab2/work/git/gsplat/results/vggt_outputs/kitchen_2_n80_s42_c0.0_p100000_random_minfarthestpose_i80_gteval_steps15000/stats/val_step14999.json,/home/ojab2/work/git/gsplat/results/vggt_outputs/kitchen_2_n80_s42_c0.0_p100000_random_minfarthestpose_i80_gteval_steps15000/stats/val_step14999.json,kitchen_2_n80_s42_c0.0_p100000_random_minfarthestpose_i80_gteval_steps15000,0.2843,0.026957,80,4.144684,,,,,,,,/home/ojab2/work/git/vggt/vggt_outputs/kitchen_2_n80_s42_c0.0_p100000_random_minfarthestpose/eval_results.json,kitchen_2_n80_s42_c0.0_p100000_random_minfarthestpose,kitchen_2_n80_s42_c0.0_p100000_random_minfarthestpose_i80_gteval_steps15000_val_step14999.json,100000,,,vggt,80.0
vggt,80,42,0.0,100000,random,,,,0,10,minfarthestpose,80,GT Eval,,,,,False,,,,,0.0,,False,1.0,1.0,vggt,counter,,,15000,15000,,MCMC,,,,,,,,,,,gsplat,,indoor,20.53877830505371,0.27467066049575806,0.6277803778648376,1000000,0.007485846523195505,0.35863402485847473,,,0.484353732489548,0.2978673290181695,100000,/home/ojab2/work/git/gsplat/results/vggt_outputs/counter_2_n80_s42_c0.0_p100000_random_minfarthestpose_i80_gteval_steps15000/stats/val_step14999.json,/home/ojab2/work/git/gsplat/results/vggt_outputs/counter_2_n80_s42_c0.0_p100000_random_minfarthestpose_i80_gteval_steps15000/stats/val_step14999.json,counter_2_n80_s42_c0.0_p100000_random_minfarthestpose_i80_gteval_steps15000,0.3586,0.029914,80,4.47013,,,,,,,,/home/ojab2/work/git/vggt/vggt_outputs/counter_2_n80_s42_c0.0_p100000_random_minfarthestpose/eval_results.json,counter_2_n80_s42_c0.0_p100000_random_minfarthestpose,counter_2_n80_s42_c0.0_p100000_random_minfarthestpose_i80_gteval_steps15000_val_step14999.json,100000,,,vggt,80.0
vggt,80,42,0.0,100000,random,,,,0,10,minfarthestpose,80,GT Eval,,,,,False,,,,,0.0,,False,1.0,1.0,vggt,bicycle,,,15000,15000,,MCMC,,,,,,,,,,,gsplat,,outdoor,16.890607833862305,0.43058598041534424,0.24954284727573395,1000000,0.015153047628700733,0.9233492612838745,,,0.09935945706215676,0.4391122878754845,100000,/home/ojab2/work/git/gsplat/results/vggt_outputs/bicycle_4_n80_s42_c0.0_p100000_random_minfarthestpose_i80_gteval_steps15000/stats/val_step14999.json,/home/ojab2/work/git/gsplat/results/vggt_outputs/bicycle_4_n80_s42_c0.0_p100000_random_minfarthestpose_i80_gteval_steps15000/stats/val_step14999.json,bicycle_4_n80_s42_c0.0_p100000_random_minfarthestpose_i80_gteval_steps15000,0.9233,0.065463,80,5.217082,,,,,,,,/home/ojab2/work/git/vggt/vggt_outputs/bicycle_4_n80_s42_c0.0_p100000_random_minfarthestpose/eval_results.json,bicycle_4_n80_s42_c0.0_p100000_random_minfarthestpose,bicycle_4_n80_s42_c0.0_p100000_random_minfarthestpose_i80_gteval_steps15000_val_step14999.json,100000,,,vggt,80.0
vggt,80,42,0.0,100000,random,,,,0,10,minfarthestpose,80,GT Eval,,,,,False,,,,,0.0,,False,1.0,1.0,vggt,garden,,,15000,15000,,MCMC,,,,,,,,,,,gsplat,,outdoor,18.587688446044922,0.45329052209854126,0.3501704931259155,1000000,0.006363479886204004,0.3852617144584656,,,0.17561830313969468,0.4244178614988324,100000,/home/ojab2/work/git/gsplat/results/vggt_outputs/garden_2_n80_s42_c0.0_p100000_random_minfarthestpose_i80_gteval_steps15000/stats/val_step14999.json,/home/ojab2/work/git/gsplat/results/vggt_outputs/garden_2_n80_s42_c0.0_p100000_random_minfarthestpose_i80_gteval_steps15000/stats/val_step14999.json,garden_2_n80_s42_c0.0_p100000_random_minfarthestpose_i80_gteval_steps15000,0.3854,0.026429,80,6.047016,,,,,,,,/home/ojab2/work/git/vggt/vggt_outputs/garden_2_n80_s42_c0.0_p100000_random_minfarthestpose/eval_results.json,garden_2_n80_s42_c0.0_p100000_random_minfarthestpose,garden_2_n80_s42_c0.0_p100000_random_minfarthestpose_i80_gteval_steps15000_val_step14999.json,100000,,,vggt,80.0
vggt,80,42,0.0,100000,random,,,,0,10,minfarthestpose,80,GT Eval,,,,,False,,,,,0.0,,False,1.0,1.0,vggt,stump,,,15000,15000,,MCMC,,,,,,,,,,,gsplat,,outdoor,18.243080139160156,0.5205506086349487,0.38774269819259644,1000000,0.047511182725429535,1.0264698266983032,,,0.14969014563755684,0.43933518238226965,100000,/home/ojab2/work/git/gsplat/results/vggt_outputs/stump_2_n80_s42_c0.0_p100000_random_minfarthestpose_i80_gteval_steps15000/stats/val_step14999.json,/home/ojab2/work/git/gsplat/results/vggt_outputs/stump_2_n80_s42_c0.0_p100000_random_minfarthestpose_i80_gteval_steps15000/stats/val_step14999.json,stump_2_n80_s42_c0.0_p100000_random_minfarthestpose_i80_gteval_steps15000,1.0265,0.18019,80,4.726412,,,,,,,,/home/ojab2/work/git/vggt/vggt_outputs/stump_2_n80_s42_c0.0_p100000_random_minfarthestpose/eval_results.json,stump_2_n80_s42_c0.0_p100000_random_minfarthestpose,stump_2_n80_s42_c0.0_p100000_random_minfarthestpose_i80_gteval_steps15000_val_step14999.json,100000,,,vggt,80.0
vggt,80,42,0.0,100000,random,,,,0,10,minfarthestpose,80,GT Eval,,,,,False,,,,,0.0,,False,1.0,1.0,vggt,lego,,,15000,15000,,MCMC,,,,,,,,,,,gsplat,,synthetic,20.84146499633789,0.09648028016090393,0.7779006958007812,1000000,0.004994303919374943,0.3266078531742096,0.08668947219848633,0.020922956988215446,0.6877427631341613,0.19199767007947957,100000,/home/ojab2/work/git/gsplat/results/vggt_outputs/lego_1_n80_s42_c0.0_p100000_random_minfarthestpose_i80_gteval_steps15000/stats/val_step14999.json,/home/ojab2/work/git/gsplat/results/vggt_outputs/lego_1_n80_s42_c0.0_p100000_random_minfarthestpose_i80_gteval_steps15000/stats/val_step14999.json,lego_1_n80_s42_c0.0_p100000_random_minfarthestpose_i80_gteval_steps15000,0.327,0.018619,80,4.050801,0.0469,0.0133,0.1179,,,,,/home/ojab2/work/git/vggt/vggt_outputs/lego_1_n80_s42_c0.0_p100000_random_minfarthestpose/eval_results.json,lego_1_n80_s42_c0.0_p100000_random_minfarthestpose,lego_1_n80_s42_c0.0_p100000_random_minfarthestpose_i80_gteval_steps15000_val_step14999.json,100000,,,vggt,80.0
vggt,80,42,0.0,100000,random,,,,0,10,minfarthestpose,80,GT Eval,,,,,False,,,,,0.0,,False,1.0,1.0,vggt,ship,,,15000,15000,,MCMC,,,,,,,,,,,gsplat,,synthetic,21.362865447998047,0.1627213954925537,0.7132570147514343,1000000,0.007938144728541374,0.4597610831260681,0.1509273499250412,0.029706543311476707,0.6187054274374979,0.23517061448316717,100000,/home/ojab2/work/git/gsplat/results/vggt_outputs/ship_1_n80_s42_c0.0_p100000_random_minfarthestpose_i80_gteval_steps15000/stats/val_step14999.json,/home/ojab2/work/git/gsplat/results/vggt_outputs/ship_1_n80_s42_c0.0_p100000_random_minfarthestpose_i80_gteval_steps15000/stats/val_step14999.json,ship_1_n80_s42_c0.0_p100000_random_minfarthestpose_i80_gteval_steps15000,0.4596,0.026099,80,4.293598,0.1029,0.0277,0.2398,,,,,/home/ojab2/work/git/vggt/vggt_outputs/ship_1_n80_s42_c0.0_p100000_random_minfarthestpose/eval_results.json,ship_1_n80_s42_c0.0_p100000_random_minfarthestpose,ship_1_n80_s42_c0.0_p100000_random_minfarthestpose_i80_gteval_steps15000_val_step14999.json,100000,,,vggt,80.0
vggt,80,42,0.0,100000,random,,,,0,10,minfarthestpose,80,GT Eval,,,,,False,,,,,0.0,,False,1.0,1.0,vggt,drums,,,15000,15000,,MCMC,,,,,,,,,,,gsplat,,synthetic,19.50897789001465,0.1052338108420372,0.832544207572937,1000000,0.0030238875187933445,0.19044242799282074,0.0864693894982338,0.01944432035088539,0.6896189320215239,0.1752148171539522,100000,/home/ojab2/work/git/gsplat/results/vggt_outputs/drums_1_n80_s42_c0.0_p100000_random_minfarthestpose_i80_gteval_steps15000/stats/val_step14999.json,/home/ojab2/work/git/gsplat/results/vggt_outputs/drums_1_n80_s42_c0.0_p100000_random_minfarthestpose_i80_gteval_steps15000/stats/val_step14999.json,drums_1_n80_s42_c0.0_p100000_random_minfarthestpose_i80_gteval_steps15000,0.1912,0.010174,80,3.879388,0.063,0.0174,0.1437,,,,,/home/ojab2/work/git/vggt/vggt_outputs/drums_1_n80_s42_c0.0_p100000_random_minfarthestpose/eval_results.json,drums_1_n80_s42_c0.0_p100000_random_minfarthestpose,drums_1_n80_s42_c0.0_p100000_random_minfarthestpose_i80_gteval_steps15000_val_step14999.json,100000,,,vggt,80.0
vggt,87,42,0.0,100000,random,,,,0,10,farthestpose,87,GT Eval,,,,,False,,,,,0.0,,False,1.0,1.0,vggt,lego,,,15000,15000,,MCMC,,,,,,,,,,,gsplat,,synthetic,20.5725154876709,0.09495189040899277,0.7736919522285461,1000000,0.00519891083240509,0.29695671796798706,0.08478271961212158,0.019924363121390343,0.681244413590493,0.1931450915679226,100000,/home/ojab2/work/git/gsplat/results/vggt_outputs/lego_1_n87_s42_c0.0_p100000_random_farthestpose_i87_gteval_steps15000/stats/val_step14999.json,/home/ojab2/work/git/gsplat/results/vggt_outputs/lego_1_n87_s42_c0.0_p100000_random_farthestpose_i87_gteval_steps15000/stats/val_step14999.json,lego_1_n87_s42_c0.0_p100000_random_farthestpose_i87_gteval_steps15000,0.2976,0.018838,87,4.04904,0.0478,0.0135,0.118,,,,,/home/ojab2/work/git/vggt/vggt_outputs/lego_1_n87_s42_c0.0_p100000_random_farthestpose/eval_results.json,lego_1_n87_s42_c0.0_p100000_random_farthestpose,lego_1_n87_s42_c0.0_p100000_random_farthestpose_i87_gteval_steps15000_val_step14999.json,100000,,,vggt,87.0
vggt,87,42,0.0,100000,random,,,,0,10,farthestpose,87,GT Eval,,,,,False,,,,,0.0,,False,1.0,1.0,vggt,ship,,,15000,15000,,MCMC,,,,,,,,,,,gsplat,,synthetic,20.870609283447266,0.17614904046058655,0.701298177242279,1000000,0.008744901046156883,0.48666468262672424,0.1624460220336914,0.030732251703739166,0.5943074305774795,0.24362291487022897,100000,/home/ojab2/work/git/gsplat/results/vggt_outputs/ship_1_n87_s42_c0.0_p100000_random_farthestpose_i87_gteval_steps15000/stats/val_step14999.json,/home/ojab2/work/git/gsplat/results/vggt_outputs/ship_1_n87_s42_c0.0_p100000_random_farthestpose_i87_gteval_steps15000/stats/val_step14999.json,ship_1_n87_s42_c0.0_p100000_random_farthestpose_i87_gteval_steps15000,0.4869,0.027807,87,4.301907,0.1056,0.0284,0.2389,,,,,/home/ojab2/work/git/vggt/vggt_outputs/ship_1_n87_s42_c0.0_p100000_random_farthestpose/eval_results.json,ship_1_n87_s42_c0.0_p100000_random_farthestpose,ship_1_n87_s42_c0.0_p100000_random_farthestpose_i87_gteval_steps15000_val_step14999.json,100000,,,vggt,87.0
vggt,87,42,0.0,100000,random,,,,0,10,farthestpose,87,GT Eval,,,,,False,,,,,0.0,,False,1.0,1.0,vggt,drums,,,15000,15000,,MCMC,,,,,,,,,,,gsplat,,synthetic,19.667821884155273,0.10607661306858063,0.8355606198310852,1000000,0.0029657548293471336,0.1723455935716629,0.08291950821876526,0.0187007337808609,0.6938042229572777,0.1741275835483121,100000,/home/ojab2/work/git/gsplat/results/vggt_outputs/drums_1_n87_s42_c0.0_p100000_random_farthestpose_i87_gteval_steps15000/stats/val_step14999.json,/home/ojab2/work/git/gsplat/results/vggt_outputs/drums_1_n87_s42_c0.0_p100000_random_farthestpose_i87_gteval_steps15000/stats/val_step14999.json,drums_1_n87_s42_c0.0_p100000_random_farthestpose_i87_gteval_steps15000,0.173,0.01002,87,3.881439,0.0626,0.0172,0.1433,,,,,/home/ojab2/work/git/vggt/vggt_outputs/drums_1_n87_s42_c0.0_p100000_random_farthestpose/eval_results.json,drums_1_n87_s42_c0.0_p100000_random_farthestpose,drums_1_n87_s42_c0.0_p100000_random_farthestpose_i87_gteval_steps15000_val_step14999.json,100000,,,vggt,87.0
vggt,90,42,0.0,100000,random,,,,0,10,minfarthestpose,90,GT Eval,,,,,False,,,,,0.0,,False,1.0,1.0,vggt,bonsai,,,15000,15000,,MCMC,,,,,,,,,,,gsplat,,indoor,18.62593650817871,0.3721984624862671,0.5920172333717346,1000000,0.023255636915564537,0.734389066696167,,,0.3678142697567906,0.3415517998913476,100000,/home/ojab2/work/git/gsplat/results/vggt_outputs/bonsai_2_n90_s42_c0.0_p100000_random_minfarthestpose_i90_gteval_steps15000/stats/val_step14999.json,/home/ojab2/work/git/gsplat/results/vggt_outputs/bonsai_2_n90_s42_c0.0_p100000_random_minfarthestpose_i90_gteval_steps15000/stats/val_step14999.json,bonsai_2_n90_s42_c0.0_p100000_random_minfarthestpose_i90_gteval_steps15000,0.7344,0.095629,90,7.854932,,,,,,,,/home/ojab2/work/git/vggt/vggt_outputs/bonsai_2_n90_s42_c0.0_p100000_random_minfarthestpose/eval_results.json,bonsai_2_n90_s42_c0.0_p100000_random_minfarthestpose,bonsai_2_n90_s42_c0.0_p100000_random_minfarthestpose_i90_gteval_steps15000_val_step14999.json,100000,,,vggt,90.0
vggt,90,42,0.0,100000,random,,,,0,10,minfarthestpose,90,GT Eval,,,,,False,,,,,0.0,,False,1.0,1.0,vggt,kitchen,,,15000,15000,,MCMC,,,,,,,,,,,gsplat,,indoor,20.00470542907715,0.23796045780181885,0.4700312614440918,1000000,0.005717134568840265,0.3207058310508728,,,0.40487316771712367,0.3253130490606073,100000,/home/ojab2/work/git/gsplat/results/vggt_outputs/kitchen_2_n90_s42_c0.0_p100000_random_minfarthestpose_i90_gteval_steps15000/stats/val_step14999.json,/home/ojab2/work/git/gsplat/results/vggt_outputs/kitchen_2_n90_s42_c0.0_p100000_random_minfarthestpose_i90_gteval_steps15000/stats/val_step14999.json,kitchen_2_n90_s42_c0.0_p100000_random_minfarthestpose_i90_gteval_steps15000,0.3203,0.026849,90,4.157845,,,,,,,,/home/ojab2/work/git/vggt/vggt_outputs/kitchen_2_n90_s42_c0.0_p100000_random_minfarthestpose/eval_results.json,kitchen_2_n90_s42_c0.0_p100000_random_minfarthestpose,kitchen_2_n90_s42_c0.0_p100000_random_minfarthestpose_i90_gteval_steps15000_val_step14999.json,100000,,,vggt,90.0
vggt,90,42,0.0,100000,random,,,,0,10,minfarthestpose,90,GT Eval,,,,,False,,,,,0.0,,False,1.0,1.0,vggt,counter,,,15000,15000,,MCMC,,,,,,,,,,,gsplat,,indoor,19.927597045898438,0.2940928339958191,0.6140936017036438,1000000,0.007487339898943901,0.3956444561481476,,,0.4530426023686528,0.3084915316225546,100000,/home/ojab2/work/git/gsplat/results/vggt_outputs/counter_2_n90_s42_c0.0_p100000_random_minfarthestpose_i90_gteval_steps15000/stats/val_step14999.json,/home/ojab2/work/git/gsplat/results/vggt_outputs/counter_2_n90_s42_c0.0_p100000_random_minfarthestpose_i90_gteval_steps15000/stats/val_step14999.json,counter_2_n90_s42_c0.0_p100000_random_minfarthestpose_i90_gteval_steps15000,0.3956,0.030141,90,4.47758,,,,,,,,/home/ojab2/work/git/vggt/vggt_outputs/counter_2_n90_s42_c0.0_p100000_random_minfarthestpose/eval_results.json,counter_2_n90_s42_c0.0_p100000_random_minfarthestpose,counter_2_n90_s42_c0.0_p100000_random_minfarthestpose_i90_gteval_steps15000_val_step14999.json,100000,,,vggt,90.0
vggt,90,42,0.0,100000,random,,,,0,10,minfarthestpose,90,GT Eval,,,,,False,,,,,0.0,,False,1.0,1.0,vggt,bicycle,,,15000,15000,,MCMC,,,,,,,,,,,gsplat,,outdoor,17.289386749267578,0.4206547141075134,0.2599956691265106,1000000,0.015102081932127476,0.7367262840270996,,,0.11898742440925783,0.43318539687181074,100000,/home/ojab2/work/git/gsplat/results/vggt_outputs/bicycle_4_n90_s42_c0.0_p100000_random_minfarthestpose_i90_gteval_steps15000/stats/val_step14999.json,/home/ojab2/work/git/gsplat/results/vggt_outputs/bicycle_4_n90_s42_c0.0_p100000_random_minfarthestpose_i90_gteval_steps15000/stats/val_step14999.json,bicycle_4_n90_s42_c0.0_p100000_random_minfarthestpose_i90_gteval_steps15000,0.7367,0.06455,90,5.282349,,,,,,,,/home/ojab2/work/git/vggt/vggt_outputs/bicycle_4_n90_s42_c0.0_p100000_random_minfarthestpose/eval_results.json,bicycle_4_n90_s42_c0.0_p100000_random_minfarthestpose,bicycle_4_n90_s42_c0.0_p100000_random_minfarthestpose_i90_gteval_steps15000_val_step14999.json,100000,,,vggt,90.0
vggt,90,42,0.0,100000,random,,,,0,10,minfarthestpose,90,GT Eval,,,,,False,,,,,0.0,,False,1.0,1.0,vggt,garden,,,15000,15000,,MCMC,,,,,,,,,,,gsplat,,outdoor,18.7086181640625,0.4600985050201416,0.3545231521129608,1000000,0.006414955016225576,0.3644658029079437,,,0.1762006983809691,0.42565904312737507,100000,/home/ojab2/work/git/gsplat/results/vggt_outputs/garden_2_n90_s42_c0.0_p100000_random_minfarthestpose_i90_gteval_steps15000/stats/val_step14999.json,/home/ojab2/work/git/gsplat/results/vggt_outputs/garden_2_n90_s42_c0.0_p100000_random_minfarthestpose_i90_gteval_steps15000/stats/val_step14999.json,garden_2_n90_s42_c0.0_p100000_random_minfarthestpose_i90_gteval_steps15000,0.3643,0.026694,90,6.044204,,,,,,,,/home/ojab2/work/git/vggt/vggt_outputs/garden_2_n90_s42_c0.0_p100000_random_minfarthestpose/eval_results.json,garden_2_n90_s42_c0.0_p100000_random_minfarthestpose,garden_2_n90_s42_c0.0_p100000_random_minfarthestpose_i90_gteval_steps15000_val_step14999.json,100000,,,vggt,90.0
vggt,90,42,0.0,100000,random,,,,0,10,minfarthestpose,90,GT Eval,,,,,False,,,,,0.0,,False,1.0,1.0,vggt,stump,,,15000,15000,,MCMC,,,,,,,,,,,gsplat,,outdoor,18.462543487548828,0.5247905254364014,0.3981894552707672,1000000,0.045708656311035156,0.8567665219306946,,,0.1572462637909362,0.4382675817046212,100000,/home/ojab2/work/git/gsplat/results/vggt_outputs/stump_2_n90_s42_c0.0_p100000_random_minfarthestpose_i90_gteval_steps15000/stats/val_step14999.json,/home/ojab2/work/git/gsplat/results/vggt_outputs/stump_2_n90_s42_c0.0_p100000_random_minfarthestpose_i90_gteval_steps15000/stats/val_step14999.json,stump_2_n90_s42_c0.0_p100000_random_minfarthestpose_i90_gteval_steps15000,0.8567,0.174147,90,4.625971,,,,,,,,/home/ojab2/work/git/vggt/vggt_outputs/stump_2_n90_s42_c0.0_p100000_random_minfarthestpose/eval_results.json,stump_2_n90_s42_c0.0_p100000_random_minfarthestpose,stump_2_n90_s42_c0.0_p100000_random_minfarthestpose_i90_gteval_steps15000_val_step14999.json,100000,,,vggt,90.0
vggt,100,42,0.0,100000,random,,,,0,10,minfarthestpose,100,GT Eval,,,,,False,,,,,0.0,,False,1.0,1.0,vggt,bonsai,,,15000,15000,,MCMC,,,,,,,,,,,gsplat,,indoor,18.664011001586914,0.373970091342926,0.595427930355072,1000000,0.023722030222415924,0.7308099269866943,,,0.3694203145477662,0.3412105901612084,100000,/home/ojab2/work/git/gsplat/results/vggt_outputs/bonsai_2_n100_s42_c0.0_p100000_random_minfarthestpose_i100_gteval_steps15000/stats/val_step14999.json,/home/ojab2/work/git/gsplat/results/vggt_outputs/bonsai_2_n100_s42_c0.0_p100000_random_minfarthestpose_i100_gteval_steps15000/stats/val_step14999.json,bonsai_2_n100_s42_c0.0_p100000_random_minfarthestpose_i100_gteval_steps15000,0.7308,0.098078,100,7.817163,,,,,,,,/home/ojab2/work/git/vggt/vggt_outputs/bonsai_2_n100_s42_c0.0_p100000_random_minfarthestpose/eval_results.json,bonsai_2_n100_s42_c0.0_p100000_random_minfarthestpose,bonsai_2_n100_s42_c0.0_p100000_random_minfarthestpose_i100_gteval_steps15000_val_step14999.json,100000,,,vggt,100.0
vggt,100,42,0.0,100000,random,,,,0,10,minfarthestpose,100,GT Eval,,,,,False,,,,,0.0,,False,1.0,1.0,vggt,kitchen,,,15000,15000,,MCMC,,,,,,,,,,,gsplat,,indoor,20.49005699157715,0.22959475219249725,0.4848734140396118,1000000,0.005697792861610651,0.28279656171798706,,,0.42770479682438395,0.3187502952410298,100000,/home/ojab2/work/git/gsplat/results/vggt_outputs/kitchen_2_n100_s42_c0.0_p100000_random_minfarthestpose_i100_gteval_steps15000/stats/val_step14999.json,/home/ojab2/work/git/gsplat/results/vggt_outputs/kitchen_2_n100_s42_c0.0_p100000_random_minfarthestpose_i100_gteval_steps15000/stats/val_step14999.json,kitchen_2_n100_s42_c0.0_p100000_random_minfarthestpose_i100_gteval_steps15000,0.2827,0.025851,100,4.144792,,,,,,,,/home/ojab2/work/git/vggt/vggt_outputs/kitchen_2_n100_s42_c0.0_p100000_random_minfarthestpose/eval_results.json,kitchen_2_n100_s42_c0.0_p100000_random_minfarthestpose,kitchen_2_n100_s42_c0.0_p100000_random_minfarthestpose_i100_gteval_steps15000_val_step14999.json,100000,,,vggt,100.0
vggt,100,42,0.0,100000,random,,,,0,10,minfarthestpose,100,GT Eval,,,,,False,,,,,0.0,,False,1.0,1.0,vggt,counter,,,15000,15000,,MCMC,,,,,,,,,,,gsplat,,indoor,20.050086975097656,0.291461318731308,0.6177743673324585,1000000,0.007659002672880888,0.3872610032558441,,,0.4590878210492224,0.30653021430498645,100000,/home/ojab2/work/git/gsplat/results/vggt_outputs/counter_2_n100_s42_c0.0_p100000_random_minfarthestpose_i100_gteval_steps15000/stats/val_step14999.json,/home/ojab2/work/git/gsplat/results/vggt_outputs/counter_2_n100_s42_c0.0_p100000_random_minfarthestpose_i100_gteval_steps15000/stats/val_step14999.json,counter_2_n100_s42_c0.0_p100000_random_minfarthestpose_i100_gteval_steps15000,0.3873,0.030482,100,4.485239,,,,,,,,/home/ojab2/work/git/vggt/vggt_outputs/counter_2_n100_s42_c0.0_p100000_random_minfarthestpose/eval_results.json,counter_2_n100_s42_c0.0_p100000_random_minfarthestpose,counter_2_n100_s42_c0.0_p100000_random_minfarthestpose_i100_gteval_steps15000_val_step14999.json,100000,,,vggt,100.0
vggt,100,42,0.0,100000,random,,,,0,10,minfarthestpose,100,GT Eval,,,,,False,,,,,0.0,,False,1.0,1.0,vggt,bicycle,,,15000,15000,,MCMC,,,,,,,,,,,gsplat,,outdoor,17.131547927856445,0.42457109689712524,0.26422879099845886,1000000,0.015981202945113182,0.6791287064552307,,,0.11612247289814992,0.4338998287259344,100000,/home/ojab2/work/git/gsplat/results/vggt_outputs/bicycle_4_n100_s42_c0.0_p100000_random_minfarthestpose_i100_gteval_steps15000/stats/val_step14999.json,/home/ojab2/work/git/gsplat/results/vggt_outputs/bicycle_4_n100_s42_c0.0_p100000_random_minfarthestpose_i100_gteval_steps15000/stats/val_step14999.json,bicycle_4_n100_s42_c0.0_p100000_random_minfarthestpose_i100_gteval_steps15000,0.679,0.066492,100,5.275284,,,,,,,,/home/ojab2/work/git/vggt/vggt_outputs/bicycle_4_n100_s42_c0.0_p100000_random_minfarthestpose/eval_results.json,bicycle_4_n100_s42_c0.0_p100000_random_minfarthestpose,bicycle_4_n100_s42_c0.0_p100000_random_minfarthestpose_i100_gteval_steps15000_val_step14999.json,100000,,,vggt,100.0
vggt,100,42,0.0,100000,random,,,,0,10,minfarthestpose,100,GT Eval,,,,,False,,,,,0.0,,False,1.0,1.0,vggt,garden,,,15000,15000,,MCMC,,,,,,,,,,,gsplat,,outdoor,18.596242904663086,0.47921639680862427,0.35522598028182983,1000000,0.006019601598381996,0.38047248125076294,,,0.16272951791315904,0.43200346835893566,100000,/home/ojab2/work/git/gsplat/results/vggt_outputs/garden_2_n100_s42_c0.0_p100000_random_minfarthestpose_i100_gteval_steps15000/stats/val_step14999.json,/home/ojab2/work/git/gsplat/results/vggt_outputs/garden_2_n100_s42_c0.0_p100000_random_minfarthestpose_i100_gteval_steps15000/stats/val_step14999.json,garden_2_n100_s42_c0.0_p100000_random_minfarthestpose_i100_gteval_steps15000,0.3804,0.027315,100,5.951851,,,,,,,,/home/ojab2/work/git/vggt/vggt_outputs/garden_2_n100_s42_c0.0_p100000_random_minfarthestpose/eval_results.json,garden_2_n100_s42_c0.0_p100000_random_minfarthestpose,garden_2_n100_s42_c0.0_p100000_random_minfarthestpose_i100_gteval_steps15000_val_step14999.json,100000,,,vggt,100.0
vggt,100,42,0.0,100000,random,,,,0,10,minfarthestpose,100,GT Eval,,,,,False,,,,,0.0,,False,1.0,1.0,vggt,stump,,,15000,15000,,MCMC,,,,,,,,,,,gsplat,,outdoor,18.826658248901367,0.5214320421218872,0.41401204466819763,1000000,0.040892429649829865,0.8960188031196594,,,0.17531524384618197,0.43334414671385135,100000,/home/ojab2/work/git/gsplat/results/vggt_outputs/stump_2_n100_s42_c0.0_p100000_random_minfarthestpose_i100_gteval_steps15000/stats/val_step14999.json,/home/ojab2/work/git/gsplat/results/vggt_outputs/stump_2_n100_s42_c0.0_p100000_random_minfarthestpose_i100_gteval_steps15000/stats/val_step14999.json,stump_2_n100_s42_c0.0_p100000_random_minfarthestpose_i100_gteval_steps15000,0.896,0.157243,100,4.606866,,,,,,,,/home/ojab2/work/git/vggt/vggt_outputs/stump_2_n100_s42_c0.0_p100000_random_minfarthestpose/eval_results.json,stump_2_n100_s42_c0.0_p100000_random_minfarthestpose,stump_2_n100_s42_c0.0_p100000_random_minfarthestpose_i100_gteval_steps15000_val_step14999.json,100000,,,vggt,100.0
