method,num_images,seed,conf_thres_value,num_points,sampling_mode,near_filtering_strength,near_filtering_quorum,reconstruct_pose_opt,optimisation_iterations,optimisation_neighbourhood,image_mode,num_cameras,gt_eval,use_gt_extrinsics,use_gt_intrinsics,use_gt_points,pose_opt,run_mvs,pose_opt_module,eval_opt,depth_loss_mode,error_opa,depth_lambda,depth_conf_mode,depth_conf_shifted,loss_multiplier,pose_loss_multiplier,choice,dataset,camera_type,copy_mode,val_step,num_steps,colmap_mode,splatting_strategy,camera_src,pcd_src,align_mode,align_glue,shared_camera,keep_backup_cams,random_init,use_ba,feature_extractor,max_ba_iterations,source,series_label_override,dataset_collection,psnr,lpips,ssim,num_GS,eval_rte,eval_rre,depth_l1,depth_abs_rel,quality,avge,real_num_points,file_path,gsplat_file_path,folder,rre,rte,num_aligned,alignment_scale,pred_depth_l1,pred_depth_absrel,pred_depth_rmse,inference_time,peak_memory_mb,peak_memory_reserved_mb,processing_time,sfm_file_path,input_folder,output_folder,initial_points,failed_sfm_file_path,gsplat_cfg_file_path,plot_series,num_images_jitter
colmap,10,42,,,,,,,0,10,minfarthestpose,10,GT Eval,,,,,False,,,,,0.0,,False,1.0,1.0,colmap,bicycle,,,15000,15000,default,MCMC,,,,,Shared Cam,,,,,,gsplat_cfg,,outdoor,,,,,,,,,,,,/home/ojab2/work/git/gsplat/results/colmap_outputs/bicycle_4_n10_s42_default_minfarthestpose_sharedcam_i10_gteval_steps15000/stats/config.json,,bicycle_4_n10_s42_default_minfarthestpose_sharedcam_i10_gteval_steps15000,,,,,,,,,,,,,bicycle_4_n10_s42_default_minfarthestpose_sharedcam_i10_gteval_steps15000,,,,/home/ojab2/work/git/gsplat/results/colmap_outputs/bicycle_4_n10_s42_default_minfarthestpose_sharedcam_i10_gteval_steps15000/stats/config.json,colmap | ,10.0
colmap,10,42,,,,,,,0,10,minfarthestpose,10,GT Eval,,,,,False,,,,,0.0,,False,1.0,1.0,colmap,garden,,,15000,15000,default,MCMC,,,,,Shared Cam,,,,,,gsplat_cfg,,outdoor,,,,,,,,,,,,/home/ojab2/work/git/gsplat/results/colmap_outputs/garden_2_n10_s42_default_minfarthestpose_sharedcam_i10_gteval_steps15000/stats/config.json,,garden_2_n10_s42_default_minfarthestpose_sharedcam_i10_gteval_steps15000,,,,,,,,,,,,,garden_2_n10_s42_default_minfarthestpose_sharedcam_i10_gteval_steps15000,,,,/home/ojab2/work/git/gsplat/results/colmap_outputs/garden_2_n10_s42_default_minfarthestpose_sharedcam_i10_gteval_steps15000/stats/config.json,colmap | ,10.0
colmap,10,42,,,,,,,0,10,minfarthestpose,10,GT Eval,,,,,False,,,,,0.0,,False,1.0,1.0,colmap,stump,,,15000,15000,default,MCMC,,,,,Shared Cam,,,,,,gsplat_cfg,,outdoor,,,,,,,,,,,,/home/ojab2/work/git/gsplat/results/colmap_outputs/stump_2_n10_s42_default_minfarthestpose_sharedcam_i10_gteval_steps15000/stats/config.json,,stump_2_n10_s42_default_minfarthestpose_sharedcam_i10_gteval_steps15000,,,,,,,,,,,,,stump_2_n10_s42_default_minfarthestpose_sharedcam_i10_gteval_steps15000,,,,/home/ojab2/work/git/gsplat/results/colmap_outputs/stump_2_n10_s42_default_minfarthestpose_sharedcam_i10_gteval_steps15000/stats/config.json,colmap | ,10.0
colmap,20,42,,102,,,,,0,10,minfarthestpose,20,GT Eval,,,,,False,,,,,0.0,,False,1.0,1.0,colmap,stump,,,15000,15000,default,MCMC,,,,,Shared Cam,,,,,,gsplat,,outdoor,11.157958984375,0.794369637966156,0.2800576090812683,104743,0.0016782345483079553,0.3359565734863281,,,-0.213513630175451,0.5731531591508372,102,/home/ojab2/work/git/gsplat/results/colmap_outputs/stump_2_n20_s42_default_minfarthestpose_sharedcam_i20_gteval_steps15000/stats/val_step14999.json,/home/ojab2/work/git/gsplat/results/colmap_outputs/stump_2_n20_s42_default_minfarthestpose_sharedcam_i20_gteval_steps15000/stats/val_step14999.json,stump_2_n20_s42_default_minfarthestpose_sharedcam_i20_gteval_steps15000,0.336,0.004538,3,0.422682,,,,3.393165349960327,9344,9344,0,/home/ojab2/work/git/vggt/colmap_outputs/stump_2_n20_s42_default_minfarthestpose_sharedcam/eval_results.json,stump_2_n20_s42_default_minfarthestpose_sharedcam,stump_2_n20_s42_default_minfarthestpose_sharedcam_i20_gteval_steps15000_val_step14999.json,102,,,colmap | ,20.0
colmap,20,42,,2501,,,,,0,10,minfarthestpose,20,GT Eval,,,,,False,,,,,0.0,,False,1.0,1.0,colmap,garden,,,15000,15000,default,MCMC,,,,,Shared Cam,,,,,,gsplat,,outdoor,19.223548889160156,0.4315952658653259,0.3711417615413666,1000000,0.001077398774214089,0.0929824560880661,,,0.21304952966616944,0.4121862402830013,2501,/home/ojab2/work/git/gsplat/results/colmap_outputs/garden_2_n20_s42_default_minfarthestpose_sharedcam_i20_gteval_steps15000/stats/val_step14999.json,/home/ojab2/work/git/gsplat/results/colmap_outputs/garden_2_n20_s42_default_minfarthestpose_sharedcam_i20_gteval_steps15000/stats/val_step14999.json,garden_2_n20_s42_default_minfarthestpose_sharedcam_i20_gteval_steps15000,0.093,0.00467,20,1.107978,,,,8.679940223693848,9086,9086,0,/home/ojab2/work/git/vggt/colmap_outputs/garden_2_n20_s42_default_minfarthestpose_sharedcam/eval_results.json,garden_2_n20_s42_default_minfarthestpose_sharedcam,garden_2_n20_s42_default_minfarthestpose_sharedcam_i20_gteval_steps15000_val_step14999.json,2501,,,colmap | ,20.0
colmap,20,42,,,,,,,0,10,minfarthestpose,20,GT Eval,,,,,False,,,,,0.0,,False,1.0,1.0,colmap,bicycle,,,15000,15000,default,MCMC,,,,,Shared Cam,,,,,,gsplat_cfg,,outdoor,,,,,,,,,,,,/home/ojab2/work/git/gsplat/results/colmap_outputs/bicycle_4_n20_s42_default_minfarthestpose_sharedcam_i20_gteval_steps15000/stats/config.json,,bicycle_4_n20_s42_default_minfarthestpose_sharedcam_i20_gteval_steps15000,,,,,,,,,,,,,bicycle_4_n20_s42_default_minfarthestpose_sharedcam_i20_gteval_steps15000,,,,/home/ojab2/work/git/gsplat/results/colmap_outputs/bicycle_4_n20_s42_default_minfarthestpose_sharedcam_i20_gteval_steps15000/stats/config.json,colmap | ,20.0
colmap,30,42,,245,,,,,0,10,minfarthestpose,30,GT Eval,,,,,False,,,,,0.0,,False,1.0,1.0,colmap,bicycle,,,15000,15000,default,MCMC,,,,,Shared Cam,,,,,,gsplat,,outdoor,14.077865600585938,0.784950852394104,0.2591404318809509,264668,0.006391197443008423,0.3337806165218353,,,-0.16585948763147731,0.5615953835422857,245,/home/ojab2/work/git/gsplat/results/colmap_outputs/bicycle_4_n30_s42_default_minfarthestpose_sharedcam_i30_gteval_steps15000/stats/val_step14999.json,/home/ojab2/work/git/gsplat/results/colmap_outputs/bicycle_4_n30_s42_default_minfarthestpose_sharedcam_i30_gteval_steps15000/stats/val_step14999.json,bicycle_4_n30_s42_default_minfarthestpose_sharedcam_i30_gteval_steps15000,0.3338,0.009274,6,0.52756,,,,7.97350811958313,1434,1434,0,/home/ojab2/work/git/vggt/colmap_outputs/bicycle_4_n30_s42_default_minfarthestpose_sharedcam/eval_results.json,bicycle_4_n30_s42_default_minfarthestpose_sharedcam,bicycle_4_n30_s42_default_minfarthestpose_sharedcam_i30_gteval_steps15000_val_step14999.json,245,,,colmap | ,30.0
colmap,30,42,,8050,,,,,0,10,minfarthestpose,30,GT Eval,,,,,False,,,,,0.0,,False,1.0,1.0,colmap,garden,,,15000,15000,default,MCMC,,,,,Shared Cam,,,,,,gsplat,,outdoor,20.411449432373047,0.3560362756252289,0.4132591187953949,1000000,0.0009017979027703404,0.08188437670469284,,,0.30631907335576336,0.377040834449024,8050,/home/ojab2/work/git/gsplat/results/colmap_outputs/garden_2_n30_s42_default_minfarthestpose_sharedcam_i30_gteval_steps15000/stats/val_step14999.json,/home/ojab2/work/git/gsplat/results/colmap_outputs/garden_2_n30_s42_default_minfarthestpose_sharedcam_i30_gteval_steps15000/stats/val_step14999.json,garden_2_n30_s42_default_minfarthestpose_sharedcam_i30_gteval_steps15000,0.0819,0.003754,30,1.031037,,,,16.621281385421753,9150,9150,0,/home/ojab2/work/git/vggt/colmap_outputs/garden_2_n30_s42_default_minfarthestpose_sharedcam/eval_results.json,garden_2_n30_s42_default_minfarthestpose_sharedcam,garden_2_n30_s42_default_minfarthestpose_sharedcam_i30_gteval_steps15000_val_step14999.json,8050,,,colmap | ,30.0
colmap,30,42,,,,,,,0,10,minfarthestpose,30,GT Eval,,,,,False,,,,,0.0,,False,1.0,1.0,colmap,stump,,,15000,15000,default,MCMC,,,,,Shared Cam,,,,,,gsplat_cfg,,outdoor,,,,,,,,,,,,/home/ojab2/work/git/gsplat/results/colmap_outputs/stump_2_n30_s42_default_minfarthestpose_sharedcam_i30_gteval_steps15000/stats/config.json,,stump_2_n30_s42_default_minfarthestpose_sharedcam_i30_gteval_steps15000,,,,,,,,,,,,,stump_2_n30_s42_default_minfarthestpose_sharedcam_i30_gteval_steps15000,,,,/home/ojab2/work/git/gsplat/results/colmap_outputs/stump_2_n30_s42_default_minfarthestpose_sharedcam_i30_gteval_steps15000/stats/config.json,colmap | ,30.0
colmap,40,42,,329,,,,,0,10,minfarthestpose,40,GT Eval,,,,,False,,,,,0.0,,False,1.0,1.0,colmap,bicycle,,,15000,15000,default,MCMC,,,,,Shared Cam,,,,,,gsplat,,outdoor,15.817615509033203,0.6667900681495667,0.29693716764450073,359081,0.0037136971950531006,0.14308501780033112,,,-0.03859978678011126,0.5104915661390372,329,/home/ojab2/work/git/gsplat/results/colmap_outputs/bicycle_4_n40_s42_default_minfarthestpose_sharedcam_i40_gteval_steps15000/stats/val_step14999.json,/home/ojab2/work/git/gsplat/results/colmap_outputs/bicycle_4_n40_s42_default_minfarthestpose_sharedcam_i40_gteval_steps15000/stats/val_step14999.json,bicycle_4_n40_s42_default_minfarthestpose_sharedcam_i40_gteval_steps15000,0.1431,0.006862,9,0.685205,,,,14.81194806098938,1434,1434,0,/home/ojab2/work/git/vggt/colmap_outputs/bicycle_4_n40_s42_default_minfarthestpose_sharedcam/eval_results.json,bicycle_4_n40_s42_default_minfarthestpose_sharedcam,bicycle_4_n40_s42_default_minfarthestpose_sharedcam_i40_gteval_steps15000_val_step14999.json,329,,,colmap | ,40.0
colmap,40,42,,2669,,,,,0,10,minfarthestpose,40,GT Eval,,,,,False,,,,,0.0,,False,1.0,1.0,colmap,stump,,,15000,15000,default,MCMC,,,,,Shared Cam,,,,,,gsplat,,outdoor,19.4503173828125,0.5063524842262268,0.5021669864654541,1000000,0.0016637529479339719,0.06782146543264389,,,0.24772545368040905,0.4077581964913926,2669,/home/ojab2/work/git/gsplat/results/colmap_outputs/stump_2_n40_s42_default_minfarthestpose_sharedcam_i40_gteval_steps15000/stats/val_step14999.json,/home/ojab2/work/git/gsplat/results/colmap_outputs/stump_2_n40_s42_default_minfarthestpose_sharedcam_i40_gteval_steps15000/stats/val_step14999.json,stump_2_n40_s42_default_minfarthestpose_sharedcam_i40_gteval_steps15000,0.0678,0.004522,21,0.72315,,,,10.902184247970581,9468,9468,0,/home/ojab2/work/git/vggt/colmap_outputs/stump_2_n40_s42_default_minfarthestpose_sharedcam/eval_results.json,stump_2_n40_s42_default_minfarthestpose_sharedcam,stump_2_n40_s42_default_minfarthestpose_sharedcam_i40_gteval_steps15000_val_step14999.json,2669,,,colmap | ,40.0
colmap,40,42,,16038,,,,,0,10,minfarthestpose,40,GT Eval,,,,,False,,,,,0.0,,False,1.0,1.0,colmap,garden,,,15000,15000,default,MCMC,,,,,Shared Cam,,,,,,gsplat,,outdoor,20.569843292236328,0.3247353732585907,0.42285704612731934,1000000,0.0008048277231864631,0.07946791499853134,,,0.3341866606547509,0.364401650059608,16038,/home/ojab2/work/git/gsplat/results/colmap_outputs/garden_2_n40_s42_default_minfarthestpose_sharedcam_i40_gteval_steps15000/stats/val_step14999.json,/home/ojab2/work/git/gsplat/results/colmap_outputs/garden_2_n40_s42_default_minfarthestpose_sharedcam_i40_gteval_steps15000/stats/val_step14999.json,garden_2_n40_s42_default_minfarthestpose_sharedcam_i40_gteval_steps15000,0.0795,0.003271,40,1.029936,,,,27.414010047912598,9210,9210,0,/home/ojab2/work/git/vggt/colmap_outputs/garden_2_n40_s42_default_minfarthestpose_sharedcam/eval_results.json,garden_2_n40_s42_default_minfarthestpose_sharedcam,garden_2_n40_s42_default_minfarthestpose_sharedcam_i40_gteval_steps15000_val_step14999.json,16038,,,colmap | ,40.0
colmap,50,42,,3489,,,,,0,10,minfarthestpose,50,GT Eval,,,,,False,,,,,0.0,,False,1.0,1.0,colmap,bicycle,,,15000,15000,default,MCMC,,,,,Shared Cam,,,,,,gsplat,,outdoor,19.971603393554688,0.43686988949775696,0.37685221433639526,1000000,0.0030892484355717897,0.1497589349746704,,,0.2269858964237786,0.4121108639918377,3489,/home/ojab2/work/git/gsplat/results/colmap_outputs/bicycle_4_n50_s42_default_minfarthestpose_sharedcam_i50_gteval_steps15000/stats/val_step14999.json,/home/ojab2/work/git/gsplat/results/colmap_outputs/bicycle_4_n50_s42_default_minfarthestpose_sharedcam_i50_gteval_steps15000/stats/val_step14999.json,bicycle_4_n50_s42_default_minfarthestpose_sharedcam_i50_gteval_steps15000,0.1498,0.011463,46,0.97877,,,,10.574543714523315,7346,7346,0,/home/ojab2/work/git/vggt/colmap_outputs/bicycle_4_n50_s42_default_minfarthestpose_sharedcam/eval_results.json,bicycle_4_n50_s42_default_minfarthestpose_sharedcam,bicycle_4_n50_s42_default_minfarthestpose_sharedcam_i50_gteval_steps15000_val_step14999.json,3489,,,colmap | ,50.0
colmap,50,42,,3584,,,,,0,10,minfarthestpose,50,GT Eval,,,,,False,,,,,0.0,,False,1.0,1.0,colmap,stump,,,15000,15000,default,MCMC,,,,,Shared Cam,,,,,,gsplat,,outdoor,19.90422248840332,0.4939579367637634,0.5229108929634094,1000000,0.0017587877810001373,0.08486564457416534,,,0.27591299848017403,0.3982990982554842,3584,/home/ojab2/work/git/gsplat/results/colmap_outputs/stump_2_n50_s42_default_minfarthestpose_sharedcam_i50_gteval_steps15000/stats/val_step14999.json,/home/ojab2/work/git/gsplat/results/colmap_outputs/stump_2_n50_s42_default_minfarthestpose_sharedcam_i50_gteval_steps15000/stats/val_step14999.json,stump_2_n50_s42_default_minfarthestpose_sharedcam_i50_gteval_steps15000,0.0849,0.005529,31,0.829807,,,,15.191178798675537,9528,9528,0,/home/ojab2/work/git/vggt/colmap_outputs/stump_2_n50_s42_default_minfarthestpose_sharedcam/eval_results.json,stump_2_n50_s42_default_minfarthestpose_sharedcam,stump_2_n50_s42_default_minfarthestpose_sharedcam_i50_gteval_steps15000_val_step14999.json,3584,,,colmap | ,50.0
colmap,50,42,,25421,,,,,0,10,minfarthestpose,50,GT Eval,,,,,False,,,,,0.0,,False,1.0,1.0,colmap,garden,,,15000,15000,default,MCMC,,,,,Shared Cam,,,,,,gsplat,,outdoor,20.968908309936523,0.3062770366668701,0.4411541819572449,1000000,0.000735376204829663,0.07241864502429962,,,0.3636708679409907,0.3539457664513222,25421,/home/ojab2/work/git/gsplat/results/colmap_outputs/garden_2_n50_s42_default_minfarthestpose_sharedcam_i50_gteval_steps15000/stats/val_step14999.json,/home/ojab2/work/git/gsplat/results/colmap_outputs/garden_2_n50_s42_default_minfarthestpose_sharedcam_i50_gteval_steps15000/stats/val_step14999.json,garden_2_n50_s42_default_minfarthestpose_sharedcam_i50_gteval_steps15000,0.0724,0.003021,50,1.021916,,,,31.005630254745483,9792,9792,0,/home/ojab2/work/git/vggt/colmap_outputs/garden_2_n50_s42_default_minfarthestpose_sharedcam/eval_results.json,garden_2_n50_s42_default_minfarthestpose_sharedcam,garden_2_n50_s42_default_minfarthestpose_sharedcam_i50_gteval_steps15000_val_step14999.json,25421,,,colmap | ,50.0
colmap,60,42,,5439,,,,,0,10,minfarthestpose,60,GT Eval,,,,,False,,,,,0.0,,False,1.0,1.0,colmap,bicycle,,,15000,15000,default,MCMC,,,,,Shared Cam,,,,,,gsplat,,outdoor,19.752241134643555,0.40431737899780273,0.36857086420059204,1000000,0.0029093585908412933,0.13441917300224304,,,0.23817487983753186,0.40317653525129193,5439,/home/ojab2/work/git/gsplat/results/colmap_outputs/bicycle_4_n60_s42_default_minfarthestpose_sharedcam_i60_gteval_steps15000/stats/val_step14999.json,/home/ojab2/work/git/gsplat/results/colmap_outputs/bicycle_4_n60_s42_default_minfarthestpose_sharedcam_i60_gteval_steps15000/stats/val_step14999.json,bicycle_4_n60_s42_default_minfarthestpose_sharedcam_i60_gteval_steps15000,0.1344,0.010799,59,1.02818,,,,14.349272727966309,7410,7410,0,/home/ojab2/work/git/vggt/colmap_outputs/bicycle_4_n60_s42_default_minfarthestpose_sharedcam/eval_results.json,bicycle_4_n60_s42_default_minfarthestpose_sharedcam,bicycle_4_n60_s42_default_minfarthestpose_sharedcam_i60_gteval_steps15000_val_step14999.json,5439,,,colmap | ,60.0
colmap,60,42,,7456,,,,,0,10,minfarthestpose,60,GT Eval,,,,,False,,,,,0.0,,False,1.0,1.0,colmap,stump,,,15000,15000,default,MCMC,,,,,Shared Cam,,,,,,gsplat,,outdoor,22.481861114501953,0.4334394335746765,0.6201140880584717,1000000,0.0017187476623803377,0.05464011803269386,,,0.41784812158543694,0.35181174619674216,7456,/home/ojab2/work/git/gsplat/results/colmap_outputs/stump_2_n60_s42_default_minfarthestpose_sharedcam_i60_gteval_steps15000/stats/val_step14999.json,/home/ojab2/work/git/gsplat/results/colmap_outputs/stump_2_n60_s42_default_minfarthestpose_sharedcam_i60_gteval_steps15000/stats/val_step14999.json,stump_2_n60_s42_default_minfarthestpose_sharedcam_i60_gteval_steps15000,0.0546,0.006326,60,1.007535,,,,21.20139789581299,9592,9592,0,/home/ojab2/work/git/vggt/colmap_outputs/stump_2_n60_s42_default_minfarthestpose_sharedcam/eval_results.json,stump_2_n60_s42_default_minfarthestpose_sharedcam,stump_2_n60_s42_default_minfarthestpose_sharedcam_i60_gteval_steps15000_val_step14999.json,7456,,,colmap | ,60.0
colmap,60,42,,34210,,,,,0,10,minfarthestpose,60,GT Eval,,,,,False,,,,,0.0,,False,1.0,1.0,colmap,garden,,,15000,15000,default,MCMC,,,,,Shared Cam,,,,,,gsplat,,outdoor,21.483154296875,0.29751619696617126,0.47562894225120544,1000000,0.0007055920432321727,0.06019479036331177,,,0.3987625460488367,0.34291928808949035,34210,/home/ojab2/work/git/gsplat/results/colmap_outputs/garden_2_n60_s42_default_minfarthestpose_sharedcam_i60_gteval_steps15000/stats/val_step14999.json,/home/ojab2/work/git/gsplat/results/colmap_outputs/garden_2_n60_s42_default_minfarthestpose_sharedcam_i60_gteval_steps15000/stats/val_step14999.json,garden_2_n60_s42_default_minfarthestpose_sharedcam_i60_gteval_steps15000,0.0602,0.002877,60,1.016844,,,,48.06957793235779,9856,9856,0,/home/ojab2/work/git/vggt/colmap_outputs/garden_2_n60_s42_default_minfarthestpose_sharedcam/eval_results.json,garden_2_n60_s42_default_minfarthestpose_sharedcam,garden_2_n60_s42_default_minfarthestpose_sharedcam_i60_gteval_steps15000_val_step14999.json,34210,,,colmap | ,60.0
colmap,70,42,,8521,,,,,0,10,minfarthestpose,70,GT Eval,,,,,False,,,,,0.0,,False,1.0,1.0,colmap,bicycle,,,15000,15000,default,MCMC,,,,,Shared Cam,,,,,,gsplat,,outdoor,19.710527420043945,0.3646119236946106,0.37013497948646545,1000000,0.0026197393890470266,0.11995593458414078,,,0.26282663125353556,0.3896471779847298,8521,/home/ojab2/work/git/gsplat/results/colmap_outputs/bicycle_4_n70_s42_default_minfarthestpose_sharedcam_i70_gteval_steps15000/stats/val_step14999.json,/home/ojab2/work/git/gsplat/results/colmap_outputs/bicycle_4_n70_s42_default_minfarthestpose_sharedcam_i70_gteval_steps15000/stats/val_step14999.json,bicycle_4_n70_s42_default_minfarthestpose_sharedcam_i70_gteval_steps15000,0.12,0.009717,69,1.016821,,,,20.831656455993652,7470,7470,0,/home/ojab2/work/git/vggt/colmap_outputs/bicycle_4_n70_s42_default_minfarthestpose_sharedcam/eval_results.json,bicycle_4_n70_s42_default_minfarthestpose_sharedcam,bicycle_4_n70_s42_default_minfarthestpose_sharedcam_i70_gteval_steps15000_val_step14999.json,8521,,,colmap | ,70.0
colmap,70,42,,10379,,,,,0,10,minfarthestpose,70,GT Eval,,,,,False,,,,,0.0,,False,1.0,1.0,colmap,stump,,,15000,15000,default,MCMC,,,,,Shared Cam,,,,,,gsplat,,outdoor,23.05914306640625,0.4161098003387451,0.642978310585022,1000000,0.0013794626574963331,0.043135255575180054,,,0.4526067229352113,0.3395222675110053,10379,/home/ojab2/work/git/gsplat/results/colmap_outputs/stump_2_n70_s42_default_minfarthestpose_sharedcam_i70_gteval_steps15000/stats/val_step14999.json,/home/ojab2/work/git/gsplat/results/colmap_outputs/stump_2_n70_s42_default_minfarthestpose_sharedcam_i70_gteval_steps15000/stats/val_step14999.json,stump_2_n70_s42_default_minfarthestpose_sharedcam_i70_gteval_steps15000,0.0431,0.005018,70,0.985276,,,,28.946945190429688,9652,9652,0,/home/ojab2/work/git/vggt/colmap_outputs/stump_2_n70_s42_default_minfarthestpose_sharedcam/eval_results.json,stump_2_n70_s42_default_minfarthestpose_sharedcam,stump_2_n70_s42_default_minfarthestpose_sharedcam_i70_gteval_steps15000_val_step14999.json,10379,,,colmap | ,70.0
colmap,70,42,,43941,,,,,0,10,minfarthestpose,70,GT Eval,,,,,False,,,,,0.0,,False,1.0,1.0,colmap,garden,,,15000,15000,default,MCMC,,,,,Shared Cam,,,,,,gsplat,,outdoor,21.485448837280273,0.2839418649673462,0.46950864791870117,1000000,0.0007179754902608693,0.06462907791137695,,,0.40360513532835607,0.33979781842250706,43941,/home/ojab2/work/git/gsplat/results/colmap_outputs/garden_2_n70_s42_default_minfarthestpose_sharedcam_i70_gteval_steps15000/stats/val_step14999.json,/home/ojab2/work/git/gsplat/results/colmap_outputs/garden_2_n70_s42_default_minfarthestpose_sharedcam_i70_gteval_steps15000/stats/val_step14999.json,garden_2_n70_s42_default_minfarthestpose_sharedcam_i70_gteval_steps15000,0.0646,0.002954,70,1.033049,,,,59.864672899246216,9916,9916,0,/home/ojab2/work/git/vggt/colmap_outputs/garden_2_n70_s42_default_minfarthestpose_sharedcam/eval_results.json,garden_2_n70_s42_default_minfarthestpose_sharedcam,garden_2_n70_s42_default_minfarthestpose_sharedcam_i70_gteval_steps15000_val_step14999.json,43941,,,colmap | ,70.0
colmap,80,42,,11796,,,,,0,10,minfarthestpose,80,GT Eval,,,,,False,,,,,0.0,,False,1.0,1.0,colmap,bicycle,,,15000,15000,default,MCMC,,,,,Shared Cam,,,,,,gsplat,,outdoor,20.295074462890625,0.34108200669288635,0.40262851119041443,1000000,0.002403906313702464,0.11904101073741913,,,0.307178281939905,0.37444108347248783,11796,/home/ojab2/work/git/gsplat/results/colmap_outputs/bicycle_4_n80_s42_default_minfarthestpose_sharedcam_i80_gteval_steps15000/stats/val_step14999.json,/home/ojab2/work/git/gsplat/results/colmap_outputs/bicycle_4_n80_s42_default_minfarthestpose_sharedcam_i80_gteval_steps15000/stats/val_step14999.json,bicycle_4_n80_s42_default_minfarthestpose_sharedcam_i80_gteval_steps15000,0.119,0.008923,80,1.011902,,,,27.30118417739868,7552,7552,0,/home/ojab2/work/git/vggt/colmap_outputs/bicycle_4_n80_s42_default_minfarthestpose_sharedcam/eval_results.json,bicycle_4_n80_s42_default_minfarthestpose_sharedcam,bicycle_4_n80_s42_default_minfarthestpose_sharedcam_i80_gteval_steps15000_val_step14999.json,11796,,,colmap | ,80.0
colmap,80,42,,13289,,,,,0,10,minfarthestpose,80,GT Eval,,,,,False,,,,,0.0,,False,1.0,1.0,colmap,stump,,,15000,15000,default,MCMC,,,,,Shared Cam,,,,,,gsplat,,outdoor,23.69529914855957,0.3987574875354767,0.6667870879173279,1000000,0.0010066709946841002,0.029328374192118645,,,0.4890219569206238,0.32675795815799796,13289,/home/ojab2/work/git/gsplat/results/colmap_outputs/stump_2_n80_s42_default_minfarthestpose_sharedcam_i80_gteval_steps15000/stats/val_step14999.json,/home/ojab2/work/git/gsplat/results/colmap_outputs/stump_2_n80_s42_default_minfarthestpose_sharedcam_i80_gteval_steps15000/stats/val_step14999.json,stump_2_n80_s42_default_minfarthestpose_sharedcam_i80_gteval_steps15000,0.0293,0.003643,79,1.001219,,,,35.555680990219116,9712,9712,0,/home/ojab2/work/git/vggt/colmap_outputs/stump_2_n80_s42_default_minfarthestpose_sharedcam/eval_results.json,stump_2_n80_s42_default_minfarthestpose_sharedcam,stump_2_n80_s42_default_minfarthestpose_sharedcam_i80_gteval_steps15000_val_step14999.json,13289,,,colmap | ,80.0
colmap,80,42,,53825,,,,,0,10,minfarthestpose,80,GT Eval,,,,,False,,,,,0.0,,False,1.0,1.0,colmap,garden,,,15000,15000,default,MCMC,,,,,Shared Cam,,,,,,gsplat,,outdoor,21.558483123779297,0.2749709188938141,0.47525128722190857,1000000,0.000695251626893878,0.06090160459280014,,,0.4138535117467864,0.33545036466661493,53825,/home/ojab2/work/git/gsplat/results/colmap_outputs/garden_2_n80_s42_default_minfarthestpose_sharedcam_i80_gteval_steps15000/stats/val_step14999.json,/home/ojab2/work/git/gsplat/results/colmap_outputs/garden_2_n80_s42_default_minfarthestpose_sharedcam_i80_gteval_steps15000/stats/val_step14999.json,garden_2_n80_s42_default_minfarthestpose_sharedcam_i80_gteval_steps15000,0.0609,0.002865,80,1.02083,,,,81.6151819229126,9976,9976,0,/home/ojab2/work/git/vggt/colmap_outputs/garden_2_n80_s42_default_minfarthestpose_sharedcam/eval_results.json,garden_2_n80_s42_default_minfarthestpose_sharedcam,garden_2_n80_s42_default_minfarthestpose_sharedcam_i80_gteval_steps15000_val_step14999.json,53825,,,colmap | ,80.0
colmap,90,42,,15687,,,,,0,10,minfarthestpose,90,GT Eval,,,,,False,,,,,0.0,,False,1.0,1.0,colmap,bicycle,,,15000,15000,default,MCMC,,,,,Shared Cam,,,,,,gsplat,,outdoor,20.278013229370117,0.32080644369125366,0.4018096923828125,1000000,0.002212557476013899,0.1129547581076622,,,0.3188992713936898,0.36787132982798865,15687,/home/ojab2/work/git/gsplat/results/colmap_outputs/bicycle_4_n90_s42_default_minfarthestpose_sharedcam_i90_gteval_steps15000/stats/val_step14999.json,/home/ojab2/work/git/gsplat/results/colmap_outputs/bicycle_4_n90_s42_default_minfarthestpose_sharedcam_i90_gteval_steps15000/stats/val_step14999.json,bicycle_4_n90_s42_default_minfarthestpose_sharedcam_i90_gteval_steps15000,0.113,0.008149,89,1.011157,,,,32.59644627571106,7616,7616,0,/home/ojab2/work/git/vggt/colmap_outputs/bicycle_4_n90_s42_default_minfarthestpose_sharedcam/eval_results.json,bicycle_4_n90_s42_default_minfarthestpose_sharedcam,bicycle_4_n90_s42_default_minfarthestpose_sharedcam_i90_gteval_steps15000_val_step14999.json,15687,,,colmap | ,90.0
colmap,90,42,,16476,,,,,0,10,minfarthestpose,90,GT Eval,,,,,False,,,,,0.0,,False,1.0,1.0,colmap,stump,,,15000,15000,default,MCMC,,,,,Shared Cam,,,,,,gsplat,,outdoor,24.336627960205078,0.3709244132041931,0.6901689767837524,1000000,0.0008569591445848346,0.023860109969973564,,,0.5317529456967112,0.31041107744055035,16476,/home/ojab2/work/git/gsplat/results/colmap_outputs/stump_2_n90_s42_default_minfarthestpose_sharedcam_i90_gteval_steps15000/stats/val_step14999.json,/home/ojab2/work/git/gsplat/results/colmap_outputs/stump_2_n90_s42_default_minfarthestpose_sharedcam_i90_gteval_steps15000/stats/val_step14999.json,stump_2_n90_s42_default_minfarthestpose_sharedcam_i90_gteval_steps15000,0.0239,0.003115,90,0.978572,,,,43.148460149765015,9776,9776,0,/home/ojab2/work/git/vggt/colmap_outputs/stump_2_n90_s42_default_minfarthestpose_sharedcam/eval_results.json,stump_2_n90_s42_default_minfarthestpose_sharedcam,stump_2_n90_s42_default_minfarthestpose_sharedcam_i90_gteval_steps15000_val_step14999.json,16476,,,colmap | ,90.0
colmap,90,42,,61761,,,,,0,10,minfarthestpose,90,GT Eval,,,,,False,,,,,0.0,,False,1.0,1.0,colmap,garden,,,15000,15000,default,MCMC,,,,,Shared Cam,,,,,,gsplat,,outdoor,21.804637908935547,0.2706519365310669,0.49245256185531616,1000000,0.0006858127890154719,0.056672196835279465,,,0.43113719712146464,0.3298918186080354,61761,/home/ojab2/work/git/gsplat/results/colmap_outputs/garden_2_n90_s42_default_minfarthestpose_sharedcam_i90_gteval_steps15000/stats/val_step14999.json,/home/ojab2/work/git/gsplat/results/colmap_outputs/garden_2_n90_s42_default_minfarthestpose_sharedcam_i90_gteval_steps15000/stats/val_step14999.json,garden_2_n90_s42_default_minfarthestpose_sharedcam_i90_gteval_steps15000,0.0567,0.002798,90,1.026489,,,,96.32287335395813,10040,10040,0,/home/ojab2/work/git/vggt/colmap_outputs/garden_2_n90_s42_default_minfarthestpose_sharedcam/eval_results.json,garden_2_n90_s42_default_minfarthestpose_sharedcam,garden_2_n90_s42_default_minfarthestpose_sharedcam_i90_gteval_steps15000_val_step14999.json,61761,,,colmap | ,90.0
colmap,100,42,,18886,,,,,0,10,minfarthestpose,100,GT Eval,,,,,False,,,,,0.0,,False,1.0,1.0,colmap,stump,,,15000,15000,default,MCMC,,,,,Shared Cam,,,,,,gsplat,,outdoor,25.194372177124023,0.3494754135608673,0.7229270339012146,1000000,0.0006365892477333546,0.018427597358822823,,,0.5800339796467211,0.2929588300605882,18886,/home/ojab2/work/git/gsplat/results/colmap_outputs/stump_2_n100_s42_default_minfarthestpose_sharedcam_i100_gteval_steps15000/stats/val_step14999.json,/home/ojab2/work/git/gsplat/results/colmap_outputs/stump_2_n100_s42_default_minfarthestpose_sharedcam_i100_gteval_steps15000/stats/val_step14999.json,stump_2_n100_s42_default_minfarthestpose_sharedcam_i100_gteval_steps15000,0.0184,0.002325,100,0.978995,,,,48.896117210388184,9836,9836,0,/home/ojab2/work/git/vggt/colmap_outputs/stump_2_n100_s42_default_minfarthestpose_sharedcam/eval_results.json,stump_2_n100_s42_default_minfarthestpose_sharedcam,stump_2_n100_s42_default_minfarthestpose_sharedcam_i100_gteval_steps15000_val_step14999.json,18886,,,colmap | ,100.0
colmap,100,42,,18986,,,,,0,10,minfarthestpose,100,GT Eval,,,,,False,,,,,0.0,,False,1.0,1.0,colmap,bicycle,,,15000,15000,default,MCMC,,,,,Shared Cam,,,,,,gsplat,,outdoor,21.351070404052734,0.30705827474594116,0.48162931203842163,1000000,0.0019408967345952988,0.10879188030958176,,,0.3939353647442744,0.3447881194133031,18986,/home/ojab2/work/git/gsplat/results/colmap_outputs/bicycle_4_n100_s42_default_minfarthestpose_sharedcam_i100_gteval_steps15000/stats/val_step14999.json,/home/ojab2/work/git/gsplat/results/colmap_outputs/bicycle_4_n100_s42_default_minfarthestpose_sharedcam_i100_gteval_steps15000/stats/val_step14999.json,bicycle_4_n100_s42_default_minfarthestpose_sharedcam_i100_gteval_steps15000,0.1088,0.007262,99,1.015409,,,,45.9896764755249,7676,7676,0,/home/ojab2/work/git/vggt/colmap_outputs/bicycle_4_n100_s42_default_minfarthestpose_sharedcam/eval_results.json,bicycle_4_n100_s42_default_minfarthestpose_sharedcam,bicycle_4_n100_s42_default_minfarthestpose_sharedcam_i100_gteval_steps15000_val_step14999.json,18986,,,colmap | ,100.0
colmap,100,42,,70259,,,,,0,10,minfarthestpose,100,GT Eval,,,,,False,,,,,0.0,,False,1.0,1.0,colmap,garden,,,15000,15000,default,MCMC,,,,,Shared Cam,,,,,,gsplat,,outdoor,21.950145721435547,0.2642808258533478,0.5023620128631592,1000000,0.0006556946318596601,0.05460626631975174,,,0.4435595712001793,0.32536595174930605,70259,/home/ojab2/work/git/gsplat/results/colmap_outputs/garden_2_n100_s42_default_minfarthestpose_sharedcam_i100_gteval_steps15000/stats/val_step14999.json,/home/ojab2/work/git/gsplat/results/colmap_outputs/garden_2_n100_s42_default_minfarthestpose_sharedcam_i100_gteval_steps15000/stats/val_step14999.json,garden_2_n100_s42_default_minfarthestpose_sharedcam_i100_gteval_steps15000,0.0546,0.002627,100,1.017313,,,,146.44858503341675,10100,10100,0,/home/ojab2/work/git/vggt/colmap_outputs/garden_2_n100_s42_default_minfarthestpose_sharedcam/eval_results.json,garden_2_n100_s42_default_minfarthestpose_sharedcam,garden_2_n100_s42_default_minfarthestpose_sharedcam_i100_gteval_steps15000_val_step14999.json,70259,,,colmap | ,100.0
colmap,10,42,,,,,,,0,10,minfarthestpose,,,,,,,False,,,,,0.0,,False,1.0,1.0,vggt,bicycle,,,,,default,MCMC,,,,,Shared Cam,,,,,,failed_sfm,,outdoor,,,,,,,,,,,,/home/ojab2/work/git/vggt/colmap_outputs/bicycle_4_n10_s42_default_minfarthestpose_sharedcam/failed_eval.json,,bicycle_4_n10_s42_default_minfarthestpose_sharedcam,,,,,,,,,,,,,bicycle_4_n10_s42_default_minfarthestpose_sharedcam,,,/home/ojab2/work/git/vggt/colmap_outputs/bicycle_4_n10_s42_default_minfarthestpose_sharedcam/failed_eval.json,,colmap | ,10.0
colmap,10,42,,,,,,,0,10,minfarthestpose,,,,,,,False,,,,,0.0,,False,1.0,1.0,vggt,garden,,,,,default,MCMC,,,,,Shared Cam,,,,,,sfm,,outdoor,,,,,,,,,,,,/home/ojab2/work/git/vggt/colmap_outputs/garden_2_n10_s42_default_minfarthestpose_sharedcam/eval_results.json,,garden_2_n10_s42_default_minfarthestpose_sharedcam,8.458,0.20661,2,0.25667,,,,3.4497272968292236,3880,3880,0,/home/ojab2/work/git/vggt/colmap_outputs/garden_2_n10_s42_default_minfarthestpose_sharedcam/eval_results.json,garden_2_n10_s42_default_minfarthestpose_sharedcam,,,,,colmap | ,10.0
colmap,10,42,,,,,,,0,10,minfarthestpose,,,,,,,False,,,,,0.0,,False,1.0,1.0,vggt,stump,,,,,default,MCMC,,,,,Shared Cam,,,,,,failed_sfm,,outdoor,,,,,,,,,,,,/home/ojab2/work/git/vggt/colmap_outputs/stump_2_n10_s42_default_minfarthestpose_sharedcam/failed_eval.json,,stump_2_n10_s42_default_minfarthestpose_sharedcam,,,,,,,,,,,,,stump_2_n10_s42_default_minfarthestpose_sharedcam,,,/home/ojab2/work/git/vggt/colmap_outputs/stump_2_n10_s42_default_minfarthestpose_sharedcam/failed_eval.json,,colmap | ,10.0
vggt,10,42,0.0,100000,random,,,,0,10,minfarthestpose,10,GT Eval,,,,,False,,,,,0.0,,False,1.0,1.0,vggt,bicycle,,,15000,15000,,MCMC,,,,,,,,,,,gsplat,,outdoor,14.79854679107666,0.5090194940567017,0.1662842333316803,1000000,0.026726771146059036,1.1783794164657593,,,-0.03648741118237131,0.48507468689116895,100000,/home/ojab2/work/git/gsplat/results/vggt_outputs/bicycle_4_n10_s42_c0.0_p100000_random_minfarthestpose_i10_gteval_steps15000/stats/val_step14999.json,/home/ojab2/work/git/gsplat/results/vggt_outputs/bicycle_4_n10_s42_c0.0_p100000_random_minfarthestpose_i10_gteval_steps15000/stats/val_step14999.json,bicycle_4_n10_s42_c0.0_p100000_random_minfarthestpose_i10_gteval_steps15000,1.1783,0.108132,10,5.202234,,,,,,,,/home/ojab2/work/git/vggt/vggt_outputs/bicycle_4_n10_s42_c0.0_p100000_random_minfarthestpose/eval_results.json,bicycle_4_n10_s42_c0.0_p100000_random_minfarthestpose,bicycle_4_n10_s42_c0.0_p100000_random_minfarthestpose_i10_gteval_steps15000_val_step14999.json,100000,,,vggt | ,10.0
vggt,10,42,0.0,100000,random,,,,0,10,minfarthestpose,10,GT Eval,,,,,False,,,,,0.0,,False,1.0,1.0,vggt,garden,,,15000,15000,,MCMC,,,,,,,,,,,gsplat,,outdoor,16.450878143310547,0.420540988445282,0.25482285022735596,1000000,0.00722845271229744,0.2100435048341751,,,0.10050464799607091,0.43547309732131545,100000,/home/ojab2/work/git/gsplat/results/vggt_outputs/garden_2_n10_s42_c0.0_p100000_random_minfarthestpose_i10_gteval_steps15000/stats/val_step14999.json,/home/ojab2/work/git/gsplat/results/vggt_outputs/garden_2_n10_s42_c0.0_p100000_random_minfarthestpose_i10_gteval_steps15000/stats/val_step14999.json,garden_2_n10_s42_c0.0_p100000_random_minfarthestpose_i10_gteval_steps15000,0.2096,0.028157,10,6.431655,,,,,,,,/home/ojab2/work/git/vggt/vggt_outputs/garden_2_n10_s42_c0.0_p100000_random_minfarthestpose/eval_results.json,garden_2_n10_s42_c0.0_p100000_random_minfarthestpose,garden_2_n10_s42_c0.0_p100000_random_minfarthestpose_i10_gteval_steps15000_val_step14999.json,100000,,,vggt | ,10.0
vggt,10,42,0.0,100000,random,,,,0,10,minfarthestpose,10,GT Eval,,,,,False,,,,,0.0,,False,1.0,1.0,vggt,stump,,,15000,15000,,MCMC,,,,,,,,,,,gsplat,,outdoor,15.5799560546875,0.5609744191169739,0.28286564350128174,1000000,0.12213357537984848,2.362851619720459,,,0.014088452598195095,0.47849399093973766,100000,/home/ojab2/work/git/gsplat/results/vggt_outputs/stump_2_n10_s42_c0.0_p100000_random_minfarthestpose_i10_gteval_steps15000/stats/val_step14999.json,/home/ojab2/work/git/gsplat/results/vggt_outputs/stump_2_n10_s42_c0.0_p100000_random_minfarthestpose_i10_gteval_steps15000/stats/val_step14999.json,stump_2_n10_s42_c0.0_p100000_random_minfarthestpose_i10_gteval_steps15000,2.3628,0.517369,10,5.047308,,,,,,,,/home/ojab2/work/git/vggt/vggt_outputs/stump_2_n10_s42_c0.0_p100000_random_minfarthestpose/eval_results.json,stump_2_n10_s42_c0.0_p100000_random_minfarthestpose,stump_2_n10_s42_c0.0_p100000_random_minfarthestpose_i10_gteval_steps15000_val_step14999.json,100000,,,vggt | ,10.0
colmap,20,42,,,,,,,0,10,minfarthestpose,,,,,,,False,,,,,0.0,,False,1.0,1.0,vggt,bicycle,,,,,default,MCMC,,,,,Shared Cam,,,,,,failed_sfm,,outdoor,,,,,,,,,,,,/home/ojab2/work/git/vggt/colmap_outputs/bicycle_4_n20_s42_default_minfarthestpose_sharedcam/failed_eval.json,,bicycle_4_n20_s42_default_minfarthestpose_sharedcam,,,,,,,,,,,,,bicycle_4_n20_s42_default_minfarthestpose_sharedcam,,,/home/ojab2/work/git/vggt/colmap_outputs/bicycle_4_n20_s42_default_minfarthestpose_sharedcam/failed_eval.json,,colmap | ,20.0
vggt,20,42,0.0,100000,random,,,,0,10,minfarthestpose,20,GT Eval,,,,,False,,,,,0.0,,False,1.0,1.0,vggt,bicycle,,,15000,15000,,MCMC,,,,,,,,,,,gsplat,,outdoor,16.030118942260742,0.4482399523258209,0.1950506567955017,1000000,0.021553462371230125,1.0604829788208008,,,0.04066018600445279,0.45679163609067436,100000,/home/ojab2/work/git/gsplat/results/vggt_outputs/bicycle_4_n20_s42_c0.0_p100000_random_minfarthestpose_i20_gteval_steps15000/stats/val_step14999.json,/home/ojab2/work/git/gsplat/results/vggt_outputs/bicycle_4_n20_s42_c0.0_p100000_random_minfarthestpose_i20_gteval_steps15000/stats/val_step14999.json,bicycle_4_n20_s42_c0.0_p100000_random_minfarthestpose_i20_gteval_steps15000,1.0605,0.087384,20,4.994108,,,,,,,,/home/ojab2/work/git/vggt/vggt_outputs/bicycle_4_n20_s42_c0.0_p100000_random_minfarthestpose/eval_results.json,bicycle_4_n20_s42_c0.0_p100000_random_minfarthestpose,bicycle_4_n20_s42_c0.0_p100000_random_minfarthestpose_i20_gteval_steps15000_val_step14999.json,100000,,,vggt | ,20.0
vggt,20,42,0.0,100000,random,,,,0,10,minfarthestpose,20,GT Eval,,,,,False,,,,,0.0,,False,1.0,1.0,vggt,garden,,,15000,15000,,MCMC,,,,,,,,,,,gsplat,,outdoor,17.360763549804688,0.4006694257259369,0.2803460955619812,1000000,0.0058611538261175156,0.36186501383781433,,,0.144546648950992,0.4224519182330687,100000,/home/ojab2/work/git/gsplat/results/vggt_outputs/garden_2_n20_s42_c0.0_p100000_random_minfarthestpose_i20_gteval_steps15000/stats/val_step14999.json,/home/ojab2/work/git/gsplat/results/vggt_outputs/garden_2_n20_s42_c0.0_p100000_random_minfarthestpose_i20_gteval_steps15000/stats/val_step14999.json,garden_2_n20_s42_c0.0_p100000_random_minfarthestpose_i20_gteval_steps15000,0.362,0.024329,20,6.088637,,,,,,,,/home/ojab2/work/git/vggt/vggt_outputs/garden_2_n20_s42_c0.0_p100000_random_minfarthestpose/eval_results.json,garden_2_n20_s42_c0.0_p100000_random_minfarthestpose,garden_2_n20_s42_c0.0_p100000_random_minfarthestpose_i20_gteval_steps15000_val_step14999.json,100000,,,vggt | ,20.0
vggt,20,42,0.0,100000,random,,,,0,10,minfarthestpose,20,GT Eval,,,,,False,,,,,0.0,,False,1.0,1.0,vggt,stump,,,15000,15000,,MCMC,,,,,,,,,,,gsplat,,outdoor,16.926572799682617,0.5092761516571045,0.31959018111228943,1000000,0.0674596056342125,1.7469526529312134,,,0.09241464828964643,0.4514795211199317,100000,/home/ojab2/work/git/gsplat/results/vggt_outputs/stump_2_n20_s42_c0.0_p100000_random_minfarthestpose_i20_gteval_steps15000/stats/val_step14999.json,/home/ojab2/work/git/gsplat/results/vggt_outputs/stump_2_n20_s42_c0.0_p100000_random_minfarthestpose_i20_gteval_steps15000/stats/val_step14999.json,stump_2_n20_s42_c0.0_p100000_random_minfarthestpose_i20_gteval_steps15000,1.7469,0.244402,20,4.538237,,,,,,,,/home/ojab2/work/git/vggt/vggt_outputs/stump_2_n20_s42_c0.0_p100000_random_minfarthestpose/eval_results.json,stump_2_n20_s42_c0.0_p100000_random_minfarthestpose,stump_2_n20_s42_c0.0_p100000_random_minfarthestpose_i20_gteval_steps15000_val_step14999.json,100000,,,vggt | ,20.0
colmap,30,42,,,,,,,0,10,minfarthestpose,,,,,,,False,,,,,0.0,,False,1.0,1.0,vggt,stump,,,,,default,MCMC,,,,,Shared Cam,,,,,,sfm,,outdoor,,,,,,,,,,,,/home/ojab2/work/git/vggt/colmap_outputs/stump_2_n30_s42_default_minfarthestpose_sharedcam/eval_results.json,,stump_2_n30_s42_default_minfarthestpose_sharedcam,15.315,0.215738,2,0.221367,,,,8.046224117279053,9408,9408,0,/home/ojab2/work/git/vggt/colmap_outputs/stump_2_n30_s42_default_minfarthestpose_sharedcam/eval_results.json,stump_2_n30_s42_default_minfarthestpose_sharedcam,,,,,colmap | ,30.0
vggt,30,42,0.0,100000,random,,,,0,10,minfarthestpose,30,GT Eval,,,,,False,,,,,0.0,,False,1.0,1.0,vggt,bicycle,,,15000,15000,,MCMC,,,,,,,,,,,gsplat,,outdoor,16.636945724487305,0.41680651903152466,0.2121407836675644,1000000,0.016514483839273453,0.7505165338516235,,,0.08129529913498879,0.44203771672728653,100000,/home/ojab2/work/git/gsplat/results/vggt_outputs/bicycle_4_n30_s42_c0.0_p100000_random_minfarthestpose_i30_gteval_steps15000/stats/val_step14999.json,/home/ojab2/work/git/gsplat/results/vggt_outputs/bicycle_4_n30_s42_c0.0_p100000_random_minfarthestpose_i30_gteval_steps15000/stats/val_step14999.json,bicycle_4_n30_s42_c0.0_p100000_random_minfarthestpose_i30_gteval_steps15000,0.7506,0.068725,30,4.831484,,,,,,,,/home/ojab2/work/git/vggt/vggt_outputs/bicycle_4_n30_s42_c0.0_p100000_random_minfarthestpose/eval_results.json,bicycle_4_n30_s42_c0.0_p100000_random_minfarthestpose,bicycle_4_n30_s42_c0.0_p100000_random_minfarthestpose_i30_gteval_steps15000_val_step14999.json,100000,,,vggt | ,30.0
vggt,30,42,0.0,100000,random,,,,0,10,minfarthestpose,30,GT Eval,,,,,False,,,,,0.0,,False,1.0,1.0,vggt,garden,,,15000,15000,,MCMC,,,,,,,,,,,gsplat,,outdoor,17.984363555908203,0.3913424611091614,0.3048458695411682,1000000,0.006432095542550087,0.3259134292602539,,,0.17617953598228198,0.41366919832346927,100000,/home/ojab2/work/git/gsplat/results/vggt_outputs/garden_2_n30_s42_c0.0_p100000_random_minfarthestpose_i30_gteval_steps15000/stats/val_step14999.json,/home/ojab2/work/git/gsplat/results/vggt_outputs/garden_2_n30_s42_c0.0_p100000_random_minfarthestpose_i30_gteval_steps15000/stats/val_step14999.json,garden_2_n30_s42_c0.0_p100000_random_minfarthestpose_i30_gteval_steps15000,0.3261,0.027293,30,6.007808,,,,,,,,/home/ojab2/work/git/vggt/vggt_outputs/garden_2_n30_s42_c0.0_p100000_random_minfarthestpose/eval_results.json,garden_2_n30_s42_c0.0_p100000_random_minfarthestpose,garden_2_n30_s42_c0.0_p100000_random_minfarthestpose_i30_gteval_steps15000_val_step14999.json,100000,,,vggt | ,30.0
vggt,30,42,0.0,100000,random,,,,0,10,minfarthestpose,30,GT Eval,,,,,False,,,,,0.0,,False,1.0,1.0,vggt,stump,,,15000,15000,,MCMC,,,,,,,,,,,gsplat,,outdoor,17.359477996826172,0.5025256872177124,0.3334658443927765,1000000,0.03707844391465187,1.0962249040603638,,,0.11271278752840674,0.44576956966609727,100000,/home/ojab2/work/git/gsplat/results/vggt_outputs/stump_2_n30_s42_c0.0_p100000_random_minfarthestpose_i30_gteval_steps15000/stats/val_step14999.json,/home/ojab2/work/git/gsplat/results/vggt_outputs/stump_2_n30_s42_c0.0_p100000_random_minfarthestpose_i30_gteval_steps15000/stats/val_step14999.json,stump_2_n30_s42_c0.0_p100000_random_minfarthestpose_i30_gteval_steps15000,1.0962,0.142517,30,4.4229,,,,,,,,/home/ojab2/work/git/vggt/vggt_outputs/stump_2_n30_s42_c0.0_p100000_random_minfarthestpose/eval_results.json,stump_2_n30_s42_c0.0_p100000_random_minfarthestpose,stump_2_n30_s42_c0.0_p100000_random_minfarthestpose_i30_gteval_steps15000_val_step14999.json,100000,,,vggt | ,30.0
vggt,40,42,0.0,100000,random,,,,0,10,minfarthestpose,40,GT Eval,,,,,False,,,,,0.0,,False,1.0,1.0,vggt,bicycle,,,15000,15000,,MCMC,,,,,,,,,,,gsplat,,outdoor,16.837194442749023,0.40848785638809204,0.2244861125946045,1000000,0.01769711822271347,0.706636905670166,,,0.09735807627342681,0.43661177017663394,100000,/home/ojab2/work/git/gsplat/results/vggt_outputs/bicycle_4_n40_s42_c0.0_p100000_random_minfarthestpose_i40_gteval_steps15000/stats/val_step14999.json,/home/ojab2/work/git/gsplat/results/vggt_outputs/bicycle_4_n40_s42_c0.0_p100000_random_minfarthestpose_i40_gteval_steps15000/stats/val_step14999.json,bicycle_4_n40_s42_c0.0_p100000_random_minfarthestpose_i40_gteval_steps15000,0.7065,0.072581,40,4.875992,,,,,,,,/home/ojab2/work/git/vggt/vggt_outputs/bicycle_4_n40_s42_c0.0_p100000_random_minfarthestpose/eval_results.json,bicycle_4_n40_s42_c0.0_p100000_random_minfarthestpose,bicycle_4_n40_s42_c0.0_p100000_random_minfarthestpose_i40_gteval_steps15000_val_step14999.json,100000,,,vggt | ,40.0
vggt,40,42,0.0,100000,random,,,,0,10,minfarthestpose,40,GT Eval,,,,,False,,,,,0.0,,False,1.0,1.0,vggt,garden,,,15000,15000,,MCMC,,,,,,,,,,,gsplat,,outdoor,17.989620208740234,0.41260337829589844,0.31651806831359863,1000000,0.0062108272686600685,0.35870879888534546,,,0.16997870568566079,0.4184066318705556,100000,/home/ojab2/work/git/gsplat/results/vggt_outputs/garden_2_n40_s42_c0.0_p100000_random_minfarthestpose_i40_gteval_steps15000/stats/val_step14999.json,/home/ojab2/work/git/gsplat/results/vggt_outputs/garden_2_n40_s42_c0.0_p100000_random_minfarthestpose_i40_gteval_steps15000/stats/val_step14999.json,garden_2_n40_s42_c0.0_p100000_random_minfarthestpose_i40_gteval_steps15000,0.359,0.027795,40,5.798803,,,,,,,,/home/ojab2/work/git/vggt/vggt_outputs/garden_2_n40_s42_c0.0_p100000_random_minfarthestpose/eval_results.json,garden_2_n40_s42_c0.0_p100000_random_minfarthestpose,garden_2_n40_s42_c0.0_p100000_random_minfarthestpose_i40_gteval_steps15000_val_step14999.json,100000,,,vggt | ,40.0
vggt,40,42,0.0,100000,random,,,,0,10,minfarthestpose,40,GT Eval,,,,,False,,,,,0.0,,False,1.0,1.0,vggt,stump,,,15000,15000,,MCMC,,,,,,,,,,,gsplat,,outdoor,17.6686954498291,0.501745343208313,0.3483848571777344,1000000,0.0449981689453125,0.9921285510063171,,,0.1276452993711456,0.44202581871730795,100000,/home/ojab2/work/git/gsplat/results/vggt_outputs/stump_2_n40_s42_c0.0_p100000_random_minfarthestpose_i40_gteval_steps15000/stats/val_step14999.json,/home/ojab2/work/git/gsplat/results/vggt_outputs/stump_2_n40_s42_c0.0_p100000_random_minfarthestpose_i40_gteval_steps15000/stats/val_step14999.json,stump_2_n40_s42_c0.0_p100000_random_minfarthestpose_i40_gteval_steps15000,1.0762,0.170601,40,4.429667,,,,,,,,/home/ojab2/work/git/vggt/vggt_outputs/stump_2_n40_s42_c0.0_p100000_random_minfarthestpose/eval_results.json,stump_2_n40_s42_c0.0_p100000_random_minfarthestpose,stump_2_n40_s42_c0.0_p100000_random_minfarthestpose_i40_gteval_steps15000_val_step14999.json,100000,,,vggt | ,40.0
vggt,50,42,0.0,100000,random,,,,0,10,minfarthestpose,50,GT Eval,,,,,False,,,,,0.0,,False,1.0,1.0,vggt,bicycle,,,15000,15000,,MCMC,,,,,,,,,,,gsplat,,outdoor,17.12584686279297,0.41138193011283875,0.23516662418842316,1000000,0.017646068707108498,0.8230519890785217,,,0.10716293940999591,0.4351040676167721,100000,/home/ojab2/work/git/gsplat/results/vggt_outputs/bicycle_4_n50_s42_c0.0_p100000_random_minfarthestpose_i50_gteval_steps15000/stats/val_step14999.json,/home/ojab2/work/git/gsplat/results/vggt_outputs/bicycle_4_n50_s42_c0.0_p100000_random_minfarthestpose_i50_gteval_steps15000/stats/val_step14999.json,bicycle_4_n50_s42_c0.0_p100000_random_minfarthestpose_i50_gteval_steps15000,0.8231,0.071475,50,4.844657,,,,,,,,/home/ojab2/work/git/vggt/vggt_outputs/bicycle_4_n50_s42_c0.0_p100000_random_minfarthestpose/eval_results.json,bicycle_4_n50_s42_c0.0_p100000_random_minfarthestpose,bicycle_4_n50_s42_c0.0_p100000_random_minfarthestpose_i50_gteval_steps15000_val_step14999.json,100000,,,vggt | ,50.0
vggt,50,42,0.0,100000,random,,,,0,10,minfarthestpose,50,GT Eval,,,,,False,,,,,0.0,,False,1.0,1.0,vggt,garden,,,15000,15000,,MCMC,,,,,,,,,,,gsplat,,outdoor,18.076255798339844,0.4332265853881836,0.3282749652862549,1000000,0.006217169109731913,0.3727625906467438,,,0.16572807205428242,0.42279599815578256,100000,/home/ojab2/work/git/gsplat/results/vggt_outputs/garden_2_n50_s42_c0.0_p100000_random_minfarthestpose_i50_gteval_steps15000/stats/val_step14999.json,/home/ojab2/work/git/gsplat/results/vggt_outputs/garden_2_n50_s42_c0.0_p100000_random_minfarthestpose_i50_gteval_steps15000/stats/val_step14999.json,garden_2_n50_s42_c0.0_p100000_random_minfarthestpose_i50_gteval_steps15000,0.3727,0.027,50,5.822343,,,,,,,,/home/ojab2/work/git/vggt/vggt_outputs/garden_2_n50_s42_c0.0_p100000_random_minfarthestpose/eval_results.json,garden_2_n50_s42_c0.0_p100000_random_minfarthestpose,garden_2_n50_s42_c0.0_p100000_random_minfarthestpose_i50_gteval_steps15000_val_step14999.json,100000,,,vggt | ,50.0
vggt,50,42,0.0,100000,random,,,,0,10,minfarthestpose,50,GT Eval,,,,,False,,,,,0.0,,False,1.0,1.0,vggt,stump,,,15000,15000,,MCMC,,,,,,,,,,,gsplat,,outdoor,17.56587791442871,0.5153793096542358,0.3549039363861084,1000000,0.0475626215338707,1.166953444480896,,,0.12113756928992321,0.44535770586322,100000,/home/ojab2/work/git/gsplat/results/vggt_outputs/stump_2_n50_s42_c0.0_p100000_random_minfarthestpose_i50_gteval_steps15000/stats/val_step14999.json,/home/ojab2/work/git/gsplat/results/vggt_outputs/stump_2_n50_s42_c0.0_p100000_random_minfarthestpose_i50_gteval_steps15000/stats/val_step14999.json,stump_2_n50_s42_c0.0_p100000_random_minfarthestpose_i50_gteval_steps15000,1.1669,0.183925,50,4.730115,,,,,,,,/home/ojab2/work/git/vggt/vggt_outputs/stump_2_n50_s42_c0.0_p100000_random_minfarthestpose/eval_results.json,stump_2_n50_s42_c0.0_p100000_random_minfarthestpose,stump_2_n50_s42_c0.0_p100000_random_minfarthestpose_i50_gteval_steps15000_val_step14999.json,100000,,,vggt | ,50.0
vggt,60,42,0.0,100000,random,,,,0,10,minfarthestpose,60,GT Eval,,,,,False,,,,,0.0,,False,1.0,1.0,vggt,bicycle,,,15000,15000,,MCMC,,,,,,,,,,,gsplat,,outdoor,17.196531295776367,0.40759557485580444,0.2425255924463272,1000000,0.01598297990858555,0.7341469526290894,,,0.11511265693197321,0.4323318212266714,100000,/home/ojab2/work/git/gsplat/results/vggt_outputs/bicycle_4_n60_s42_c0.0_p100000_random_minfarthestpose_i60_gteval_steps15000/stats/val_step14999.json,/home/ojab2/work/git/gsplat/results/vggt_outputs/bicycle_4_n60_s42_c0.0_p100000_random_minfarthestpose_i60_gteval_steps15000/stats/val_step14999.json,bicycle_4_n60_s42_c0.0_p100000_random_minfarthestpose_i60_gteval_steps15000,0.7342,0.065719,60,4.937964,,,,,,,,/home/ojab2/work/git/vggt/vggt_outputs/bicycle_4_n60_s42_c0.0_p100000_random_minfarthestpose/eval_results.json,bicycle_4_n60_s42_c0.0_p100000_random_minfarthestpose,bicycle_4_n60_s42_c0.0_p100000_random_minfarthestpose_i60_gteval_steps15000_val_step14999.json,100000,,,vggt | ,60.0
vggt,60,42,0.0,100000,random,,,,0,10,minfarthestpose,60,GT Eval,,,,,False,,,,,0.0,,False,1.0,1.0,vggt,garden,,,15000,15000,,MCMC,,,,,,,,,,,gsplat,,outdoor,18.2034912109375,0.4493083655834198,0.3382323980331421,1000000,0.006612913217395544,0.38847991824150085,,,0.16398031867270815,0.4259742708606498,100000,/home/ojab2/work/git/gsplat/results/vggt_outputs/garden_2_n60_s42_c0.0_p100000_random_minfarthestpose_i60_gteval_steps15000/stats/val_step14999.json,/home/ojab2/work/git/gsplat/results/vggt_outputs/garden_2_n60_s42_c0.0_p100000_random_minfarthestpose_i60_gteval_steps15000/stats/val_step14999.json,garden_2_n60_s42_c0.0_p100000_random_minfarthestpose_i60_gteval_steps15000,0.3883,0.026865,60,5.985414,,,,,,,,/home/ojab2/work/git/vggt/vggt_outputs/garden_2_n60_s42_c0.0_p100000_random_minfarthestpose/eval_results.json,garden_2_n60_s42_c0.0_p100000_random_minfarthestpose,garden_2_n60_s42_c0.0_p100000_random_minfarthestpose_i60_gteval_steps15000_val_step14999.json,100000,,,vggt | ,60.0
vggt,60,42,0.0,100000,random,,,,0,10,minfarthestpose,60,GT Eval,,,,,False,,,,,0.0,,False,1.0,1.0,vggt,stump,,,15000,15000,,MCMC,,,,,,,,,,,gsplat,,outdoor,17.98042106628418,0.5081429481506348,0.3692970275878906,1000000,0.043745484203100204,1.0253480672836304,,,0.14169819654002447,0.4394105308790657,100000,/home/ojab2/work/git/gsplat/results/vggt_outputs/stump_2_n60_s42_c0.0_p100000_random_minfarthestpose_i60_gteval_steps15000/stats/val_step14999.json,/home/ojab2/work/git/gsplat/results/vggt_outputs/stump_2_n60_s42_c0.0_p100000_random_minfarthestpose_i60_gteval_steps15000/stats/val_step14999.json,stump_2_n60_s42_c0.0_p100000_random_minfarthestpose_i60_gteval_steps15000,1.0254,0.1691,60,4.5635,,,,,,,,/home/ojab2/work/git/vggt/vggt_outputs/stump_2_n60_s42_c0.0_p100000_random_minfarthestpose/eval_results.json,stump_2_n60_s42_c0.0_p100000_random_minfarthestpose,stump_2_n60_s42_c0.0_p100000_random_minfarthestpose_i60_gteval_steps15000_val_step14999.json,100000,,,vggt | ,60.0
vggt,70,42,0.0,100000,random,,,,0,10,minfarthestpose,70,GT Eval,,,,,False,,,,,0.0,,False,1.0,1.0,vggt,bicycle,,,15000,15000,,MCMC,,,,,,,,,,,gsplat,,outdoor,17.303333282470703,0.4162306487560272,0.24821975827217102,1000000,0.01512779202312231,0.876844584941864,,,0.11509010050496633,0.4339632838001787,100000,/home/ojab2/work/git/gsplat/results/vggt_outputs/bicycle_4_n70_s42_c0.0_p100000_random_minfarthestpose_i70_gteval_steps15000/stats/val_step14999.json,/home/ojab2/work/git/gsplat/results/vggt_outputs/bicycle_4_n70_s42_c0.0_p100000_random_minfarthestpose_i70_gteval_steps15000/stats/val_step14999.json,bicycle_4_n70_s42_c0.0_p100000_random_minfarthestpose_i70_gteval_steps15000,0.8769,0.061125,70,4.877382,,,,,,,,/home/ojab2/work/git/vggt/vggt_outputs/bicycle_4_n70_s42_c0.0_p100000_random_minfarthestpose/eval_results.json,bicycle_4_n70_s42_c0.0_p100000_random_minfarthestpose,bicycle_4_n70_s42_c0.0_p100000_random_minfarthestpose_i70_gteval_steps15000_val_step14999.json,100000,,,vggt | ,70.0
vggt,70,42,0.0,100000,random,,,,0,10,minfarthestpose,70,GT Eval,,,,,False,,,,,0.0,,False,1.0,1.0,vggt,garden,,,15000,15000,,MCMC,,,,,,,,,,,gsplat,,outdoor,18.56494140625,0.44116610288619995,0.3462892472743988,1000000,0.006993960589170456,0.38648492097854614,,,0.18041153663625342,0.42120187981302903,100000,/home/ojab2/work/git/gsplat/results/vggt_outputs/garden_2_n70_s42_c0.0_p100000_random_minfarthestpose_i70_gteval_steps15000/stats/val_step14999.json,/home/ojab2/work/git/gsplat/results/vggt_outputs/garden_2_n70_s42_c0.0_p100000_random_minfarthestpose_i70_gteval_steps15000/stats/val_step14999.json,garden_2_n70_s42_c0.0_p100000_random_minfarthestpose_i70_gteval_steps15000,0.3865,0.028024,70,6.070709,,,,,,,,/home/ojab2/work/git/vggt/vggt_outputs/garden_2_n70_s42_c0.0_p100000_random_minfarthestpose/eval_results.json,garden_2_n70_s42_c0.0_p100000_random_minfarthestpose,garden_2_n70_s42_c0.0_p100000_random_minfarthestpose_i70_gteval_steps15000_val_step14999.json,100000,,,vggt | ,70.0
vggt,70,42,0.0,100000,random,,,,0,10,minfarthestpose,70,GT Eval,,,,,False,,,,,0.0,,False,1.0,1.0,vggt,stump,,,15000,15000,,MCMC,,,,,,,,,,,gsplat,,outdoor,17.92767333984375,0.5234177112579346,0.3746194839477539,1000000,0.046015042811632156,1.1531213521957397,,,0.13440506825437792,0.44344761219736073,100000,/home/ojab2/work/git/gsplat/results/vggt_outputs/stump_2_n70_s42_c0.0_p100000_random_minfarthestpose_i70_gteval_steps15000/stats/val_step14999.json,/home/ojab2/work/git/gsplat/results/vggt_outputs/stump_2_n70_s42_c0.0_p100000_random_minfarthestpose_i70_gteval_steps15000/stats/val_step14999.json,stump_2_n70_s42_c0.0_p100000_random_minfarthestpose_i70_gteval_steps15000,1.1531,0.176857,70,4.945385,,,,,,,,/home/ojab2/work/git/vggt/vggt_outputs/stump_2_n70_s42_c0.0_p100000_random_minfarthestpose/eval_results.json,stump_2_n70_s42_c0.0_p100000_random_minfarthestpose,stump_2_n70_s42_c0.0_p100000_random_minfarthestpose_i70_gteval_steps15000_val_step14999.json,100000,,,vggt | ,70.0
vggt,80,42,0.0,100000,random,,,,0,10,minfarthestpose,80,GT Eval,,,,,False,,,,,0.0,,False,1.0,1.0,vggt,bicycle,,,15000,15000,,MCMC,,,,,,,,,,,gsplat,,outdoor,16.890607833862305,0.43058598041534424,0.24954284727573395,1000000,0.015153047628700733,0.9233492612838745,,,0.09935945706215676,0.4391122878754845,100000,/home/ojab2/work/git/gsplat/results/vggt_outputs/bicycle_4_n80_s42_c0.0_p100000_random_minfarthestpose_i80_gteval_steps15000/stats/val_step14999.json,/home/ojab2/work/git/gsplat/results/vggt_outputs/bicycle_4_n80_s42_c0.0_p100000_random_minfarthestpose_i80_gteval_steps15000/stats/val_step14999.json,bicycle_4_n80_s42_c0.0_p100000_random_minfarthestpose_i80_gteval_steps15000,0.9233,0.065463,80,5.217082,,,,,,,,/home/ojab2/work/git/vggt/vggt_outputs/bicycle_4_n80_s42_c0.0_p100000_random_minfarthestpose/eval_results.json,bicycle_4_n80_s42_c0.0_p100000_random_minfarthestpose,bicycle_4_n80_s42_c0.0_p100000_random_minfarthestpose_i80_gteval_steps15000_val_step14999.json,100000,,,vggt | ,80.0
vggt,80,42,0.0,100000,random,,,,0,10,minfarthestpose,80,GT Eval,,,,,False,,,,,0.0,,False,1.0,1.0,vggt,garden,,,15000,15000,,MCMC,,,,,,,,,,,gsplat,,outdoor,18.587688446044922,0.45329052209854126,0.3501704931259155,1000000,0.006363479886204004,0.3852617144584656,,,0.17561830313969468,0.4244178614988324,100000,/home/ojab2/work/git/gsplat/results/vggt_outputs/garden_2_n80_s42_c0.0_p100000_random_minfarthestpose_i80_gteval_steps15000/stats/val_step14999.json,/home/ojab2/work/git/gsplat/results/vggt_outputs/garden_2_n80_s42_c0.0_p100000_random_minfarthestpose_i80_gteval_steps15000/stats/val_step14999.json,garden_2_n80_s42_c0.0_p100000_random_minfarthestpose_i80_gteval_steps15000,0.3854,0.026429,80,6.047016,,,,,,,,/home/ojab2/work/git/vggt/vggt_outputs/garden_2_n80_s42_c0.0_p100000_random_minfarthestpose/eval_results.json,garden_2_n80_s42_c0.0_p100000_random_minfarthestpose,garden_2_n80_s42_c0.0_p100000_random_minfarthestpose_i80_gteval_steps15000_val_step14999.json,100000,,,vggt | ,80.0
vggt,80,42,0.0,100000,random,,,,0,10,minfarthestpose,80,GT Eval,,,,,False,,,,,0.0,,False,1.0,1.0,vggt,stump,,,15000,15000,,MCMC,,,,,,,,,,,gsplat,,outdoor,18.243080139160156,0.5205506086349487,0.38774269819259644,1000000,0.047511182725429535,1.0264698266983032,,,0.14969014563755684,0.43933518238226965,100000,/home/ojab2/work/git/gsplat/results/vggt_outputs/stump_2_n80_s42_c0.0_p100000_random_minfarthestpose_i80_gteval_steps15000/stats/val_step14999.json,/home/ojab2/work/git/gsplat/results/vggt_outputs/stump_2_n80_s42_c0.0_p100000_random_minfarthestpose_i80_gteval_steps15000/stats/val_step14999.json,stump_2_n80_s42_c0.0_p100000_random_minfarthestpose_i80_gteval_steps15000,1.0265,0.18019,80,4.726412,,,,,,,,/home/ojab2/work/git/vggt/vggt_outputs/stump_2_n80_s42_c0.0_p100000_random_minfarthestpose/eval_results.json,stump_2_n80_s42_c0.0_p100000_random_minfarthestpose,stump_2_n80_s42_c0.0_p100000_random_minfarthestpose_i80_gteval_steps15000_val_step14999.json,100000,,,vggt | ,80.0
vggt,90,42,0.0,100000,random,,,,0,10,minfarthestpose,90,GT Eval,,,,,False,,,,,0.0,,False,1.0,1.0,vggt,bicycle,,,15000,15000,,MCMC,,,,,,,,,,,gsplat,,outdoor,17.289386749267578,0.4206547141075134,0.2599956691265106,1000000,0.015102081932127476,0.7367262840270996,,,0.11898742440925783,0.43318539687181074,100000,/home/ojab2/work/git/gsplat/results/vggt_outputs/bicycle_4_n90_s42_c0.0_p100000_random_minfarthestpose_i90_gteval_steps15000/stats/val_step14999.json,/home/ojab2/work/git/gsplat/results/vggt_outputs/bicycle_4_n90_s42_c0.0_p100000_random_minfarthestpose_i90_gteval_steps15000/stats/val_step14999.json,bicycle_4_n90_s42_c0.0_p100000_random_minfarthestpose_i90_gteval_steps15000,0.7367,0.06455,90,5.282349,,,,,,,,/home/ojab2/work/git/vggt/vggt_outputs/bicycle_4_n90_s42_c0.0_p100000_random_minfarthestpose/eval_results.json,bicycle_4_n90_s42_c0.0_p100000_random_minfarthestpose,bicycle_4_n90_s42_c0.0_p100000_random_minfarthestpose_i90_gteval_steps15000_val_step14999.json,100000,,,vggt | ,90.0
vggt,90,42,0.0,100000,random,,,,0,10,minfarthestpose,90,GT Eval,,,,,False,,,,,0.0,,False,1.0,1.0,vggt,garden,,,15000,15000,,MCMC,,,,,,,,,,,gsplat,,outdoor,18.7086181640625,0.4600985050201416,0.3545231521129608,1000000,0.006414955016225576,0.3644658029079437,,,0.1762006983809691,0.42565904312737507,100000,/home/ojab2/work/git/gsplat/results/vggt_outputs/garden_2_n90_s42_c0.0_p100000_random_minfarthestpose_i90_gteval_steps15000/stats/val_step14999.json,/home/ojab2/work/git/gsplat/results/vggt_outputs/garden_2_n90_s42_c0.0_p100000_random_minfarthestpose_i90_gteval_steps15000/stats/val_step14999.json,garden_2_n90_s42_c0.0_p100000_random_minfarthestpose_i90_gteval_steps15000,0.3643,0.026694,90,6.044204,,,,,,,,/home/ojab2/work/git/vggt/vggt_outputs/garden_2_n90_s42_c0.0_p100000_random_minfarthestpose/eval_results.json,garden_2_n90_s42_c0.0_p100000_random_minfarthestpose,garden_2_n90_s42_c0.0_p100000_random_minfarthestpose_i90_gteval_steps15000_val_step14999.json,100000,,,vggt | ,90.0
vggt,90,42,0.0,100000,random,,,,0,10,minfarthestpose,90,GT Eval,,,,,False,,,,,0.0,,False,1.0,1.0,vggt,stump,,,15000,15000,,MCMC,,,,,,,,,,,gsplat,,outdoor,18.462543487548828,0.5247905254364014,0.3981894552707672,1000000,0.045708656311035156,0.8567665219306946,,,0.1572462637909362,0.4382675817046212,100000,/home/ojab2/work/git/gsplat/results/vggt_outputs/stump_2_n90_s42_c0.0_p100000_random_minfarthestpose_i90_gteval_steps15000/stats/val_step14999.json,/home/ojab2/work/git/gsplat/results/vggt_outputs/stump_2_n90_s42_c0.0_p100000_random_minfarthestpose_i90_gteval_steps15000/stats/val_step14999.json,stump_2_n90_s42_c0.0_p100000_random_minfarthestpose_i90_gteval_steps15000,0.8567,0.174147,90,4.625971,,,,,,,,/home/ojab2/work/git/vggt/vggt_outputs/stump_2_n90_s42_c0.0_p100000_random_minfarthestpose/eval_results.json,stump_2_n90_s42_c0.0_p100000_random_minfarthestpose,stump_2_n90_s42_c0.0_p100000_random_minfarthestpose_i90_gteval_steps15000_val_step14999.json,100000,,,vggt | ,90.0
vggt,100,42,0.0,100000,random,,,,0,10,minfarthestpose,100,GT Eval,,,,,False,,,,,0.0,,False,1.0,1.0,vggt,bicycle,,,15000,15000,,MCMC,,,,,,,,,,,gsplat,,outdoor,17.131547927856445,0.42457109689712524,0.26422879099845886,1000000,0.015981202945113182,0.6791287064552307,,,0.11612247289814992,0.4338998287259344,100000,/home/ojab2/work/git/gsplat/results/vggt_outputs/bicycle_4_n100_s42_c0.0_p100000_random_minfarthestpose_i100_gteval_steps15000/stats/val_step14999.json,/home/ojab2/work/git/gsplat/results/vggt_outputs/bicycle_4_n100_s42_c0.0_p100000_random_minfarthestpose_i100_gteval_steps15000/stats/val_step14999.json,bicycle_4_n100_s42_c0.0_p100000_random_minfarthestpose_i100_gteval_steps15000,0.679,0.066492,100,5.275284,,,,,,,,/home/ojab2/work/git/vggt/vggt_outputs/bicycle_4_n100_s42_c0.0_p100000_random_minfarthestpose/eval_results.json,bicycle_4_n100_s42_c0.0_p100000_random_minfarthestpose,bicycle_4_n100_s42_c0.0_p100000_random_minfarthestpose_i100_gteval_steps15000_val_step14999.json,100000,,,vggt | ,100.0
vggt,100,42,0.0,100000,random,,,,0,10,minfarthestpose,100,GT Eval,,,,,False,,,,,0.0,,False,1.0,1.0,vggt,garden,,,15000,15000,,MCMC,,,,,,,,,,,gsplat,,outdoor,18.596242904663086,0.47921639680862427,0.35522598028182983,1000000,0.006019601598381996,0.38047248125076294,,,0.16272951791315904,0.43200346835893566,100000,/home/ojab2/work/git/gsplat/results/vggt_outputs/garden_2_n100_s42_c0.0_p100000_random_minfarthestpose_i100_gteval_steps15000/stats/val_step14999.json,/home/ojab2/work/git/gsplat/results/vggt_outputs/garden_2_n100_s42_c0.0_p100000_random_minfarthestpose_i100_gteval_steps15000/stats/val_step14999.json,garden_2_n100_s42_c0.0_p100000_random_minfarthestpose_i100_gteval_steps15000,0.3804,0.027315,100,5.951851,,,,,,,,/home/ojab2/work/git/vggt/vggt_outputs/garden_2_n100_s42_c0.0_p100000_random_minfarthestpose/eval_results.json,garden_2_n100_s42_c0.0_p100000_random_minfarthestpose,garden_2_n100_s42_c0.0_p100000_random_minfarthestpose_i100_gteval_steps15000_val_step14999.json,100000,,,vggt | ,100.0
vggt,100,42,0.0,100000,random,,,,0,10,minfarthestpose,100,GT Eval,,,,,False,,,,,0.0,,False,1.0,1.0,vggt,stump,,,15000,15000,,MCMC,,,,,,,,,,,gsplat,,outdoor,18.826658248901367,0.5214320421218872,0.41401204466819763,1000000,0.040892429649829865,0.8960188031196594,,,0.17531524384618197,0.43334414671385135,100000,/home/ojab2/work/git/gsplat/results/vggt_outputs/stump_2_n100_s42_c0.0_p100000_random_minfarthestpose_i100_gteval_steps15000/stats/val_step14999.json,/home/ojab2/work/git/gsplat/results/vggt_outputs/stump_2_n100_s42_c0.0_p100000_random_minfarthestpose_i100_gteval_steps15000/stats/val_step14999.json,stump_2_n100_s42_c0.0_p100000_random_minfarthestpose_i100_gteval_steps15000,0.896,0.157243,100,4.606866,,,,,,,,/home/ojab2/work/git/vggt/vggt_outputs/stump_2_n100_s42_c0.0_p100000_random_minfarthestpose/eval_results.json,stump_2_n100_s42_c0.0_p100000_random_minfarthestpose,stump_2_n100_s42_c0.0_p100000_random_minfarthestpose_i100_gteval_steps15000_val_step14999.json,100000,,,vggt | ,100.0
colmap,10,42,,,,,,,0,10,minfarthestpose,10,GT Eval,,,,Pose Opt,False,,,,,0.0,,False,1.0,1.0,colmap,bicycle,,,15000,15000,default,MCMC,,,,,Shared Cam,,,,,,gsplat_cfg,,outdoor,,,,,,,,,,,,/home/ojab2/work/git/gsplat/results/colmap_outputs/bicycle_4_n10_s42_default_minfarthestpose_sharedcam_i10_gteval_poseopt_steps15000/stats/config.json,,bicycle_4_n10_s42_default_minfarthestpose_sharedcam_i10_gteval_poseopt_steps15000,,,,,,,,,,,,,bicycle_4_n10_s42_default_minfarthestpose_sharedcam_i10_gteval_poseopt_steps15000,,,,/home/ojab2/work/git/gsplat/results/colmap_outputs/bicycle_4_n10_s42_default_minfarthestpose_sharedcam_i10_gteval_poseopt_steps15000/stats/config.json,colmap | Pose Opt,10.0
colmap,10,42,,,,,,,0,10,minfarthestpose,10,GT Eval,,,,Pose Opt,False,,,,,0.0,,False,1.0,1.0,colmap,garden,,,15000,15000,default,MCMC,,,,,Shared Cam,,,,,,gsplat_cfg,,outdoor,,,,,,,,,,,,/home/ojab2/work/git/gsplat/results/colmap_outputs/garden_2_n10_s42_default_minfarthestpose_sharedcam_i10_gteval_poseopt_steps15000/stats/config.json,,garden_2_n10_s42_default_minfarthestpose_sharedcam_i10_gteval_poseopt_steps15000,,,,,,,,,,,,,garden_2_n10_s42_default_minfarthestpose_sharedcam_i10_gteval_poseopt_steps15000,,,,/home/ojab2/work/git/gsplat/results/colmap_outputs/garden_2_n10_s42_default_minfarthestpose_sharedcam_i10_gteval_poseopt_steps15000/stats/config.json,colmap | Pose Opt,10.0
colmap,10,42,,,,,,,0,10,minfarthestpose,10,GT Eval,,,,Pose Opt,False,,,,,0.0,,False,1.0,1.0,colmap,stump,,,15000,15000,default,MCMC,,,,,Shared Cam,,,,,,gsplat_cfg,,outdoor,,,,,,,,,,,,/home/ojab2/work/git/gsplat/results/colmap_outputs/stump_2_n10_s42_default_minfarthestpose_sharedcam_i10_gteval_poseopt_steps15000/stats/config.json,,stump_2_n10_s42_default_minfarthestpose_sharedcam_i10_gteval_poseopt_steps15000,,,,,,,,,,,,,stump_2_n10_s42_default_minfarthestpose_sharedcam_i10_gteval_poseopt_steps15000,,,,/home/ojab2/work/git/gsplat/results/colmap_outputs/stump_2_n10_s42_default_minfarthestpose_sharedcam_i10_gteval_poseopt_steps15000/stats/config.json,colmap | Pose Opt,10.0
colmap,20,42,,102,,,,,0,10,minfarthestpose,20,GT Eval,,,,Pose Opt,False,,,,,0.0,,False,1.0,1.0,colmap,stump,,,15000,15000,default,MCMC,,,,,Shared Cam,,,,,,gsplat,,outdoor,12.639976501464844,0.8002350330352783,0.3332722783088684,104743,0.019333234056830406,2.163381814956665,,,-0.15856978597386917,0.557073187140732,102,/home/ojab2/work/git/gsplat/results/colmap_outputs/stump_2_n20_s42_default_minfarthestpose_sharedcam_i20_gteval_poseopt_steps15000/stats/val_step14999.json,/home/ojab2/work/git/gsplat/results/colmap_outputs/stump_2_n20_s42_default_minfarthestpose_sharedcam_i20_gteval_poseopt_steps15000/stats/val_step14999.json,stump_2_n20_s42_default_minfarthestpose_sharedcam_i20_gteval_poseopt_steps15000,0.336,0.004538,3,0.422682,,,,3.393165349960327,9344,9344,0,/home/ojab2/work/git/vggt/colmap_outputs/stump_2_n20_s42_default_minfarthestpose_sharedcam/eval_results.json,stump_2_n20_s42_default_minfarthestpose_sharedcam,stump_2_n20_s42_default_minfarthestpose_sharedcam_i20_gteval_poseopt_steps15000_val_step14999.json,102,,,colmap | Pose Opt,20.0
colmap,20,42,,2501,,,,,0,10,minfarthestpose,20,GT Eval,,,,Pose Opt,False,,,,,0.0,,False,1.0,1.0,colmap,garden,,,15000,15000,default,MCMC,,,,,Shared Cam,,,,,,gsplat,,outdoor,19.070209503173828,0.42590469121932983,0.3585790991783142,1000000,0.0009717486682347953,0.09803225845098495,,,0.20637602562870278,0.41305987671832406,2501,/home/ojab2/work/git/gsplat/results/colmap_outputs/garden_2_n20_s42_default_minfarthestpose_sharedcam_i20_gteval_poseopt_steps15000/stats/val_step14999.json,/home/ojab2/work/git/gsplat/results/colmap_outputs/garden_2_n20_s42_default_minfarthestpose_sharedcam_i20_gteval_poseopt_steps15000/stats/val_step14999.json,garden_2_n20_s42_default_minfarthestpose_sharedcam_i20_gteval_poseopt_steps15000,0.093,0.00467,20,1.107978,,,,8.679940223693848,9086,9086,0,/home/ojab2/work/git/vggt/colmap_outputs/garden_2_n20_s42_default_minfarthestpose_sharedcam/eval_results.json,garden_2_n20_s42_default_minfarthestpose_sharedcam,garden_2_n20_s42_default_minfarthestpose_sharedcam_i20_gteval_poseopt_steps15000_val_step14999.json,2501,,,colmap | Pose Opt,20.0
colmap,20,42,,,,,,,0,10,minfarthestpose,20,GT Eval,,,,Pose Opt,False,,,,,0.0,,False,1.0,1.0,colmap,bicycle,,,15000,15000,default,MCMC,,,,,Shared Cam,,,,,,gsplat_cfg,,outdoor,,,,,,,,,,,,/home/ojab2/work/git/gsplat/results/colmap_outputs/bicycle_4_n20_s42_default_minfarthestpose_sharedcam_i20_gteval_poseopt_steps15000/stats/config.json,,bicycle_4_n20_s42_default_minfarthestpose_sharedcam_i20_gteval_poseopt_steps15000,,,,,,,,,,,,,bicycle_4_n20_s42_default_minfarthestpose_sharedcam_i20_gteval_poseopt_steps15000,,,,/home/ojab2/work/git/gsplat/results/colmap_outputs/bicycle_4_n20_s42_default_minfarthestpose_sharedcam_i20_gteval_poseopt_steps15000/stats/config.json,colmap | Pose Opt,20.0
colmap,30,42,,245,,,,,0,10,minfarthestpose,30,GT Eval,,,,Pose Opt,False,,,,,0.0,,False,1.0,1.0,colmap,bicycle,,,15000,15000,default,MCMC,,,,,Shared Cam,,,,,,gsplat,,outdoor,12.714861869812012,0.8427643179893494,0.24646849930286407,264668,0.009523027576506138,1.5431910753250122,,,-0.23419810878990366,0.5881153192416191,245,/home/ojab2/work/git/gsplat/results/colmap_outputs/bicycle_4_n30_s42_default_minfarthestpose_sharedcam_i30_gteval_poseopt_steps15000/stats/val_step14999.json,/home/ojab2/work/git/gsplat/results/colmap_outputs/bicycle_4_n30_s42_default_minfarthestpose_sharedcam_i30_gteval_poseopt_steps15000/stats/val_step14999.json,bicycle_4_n30_s42_default_minfarthestpose_sharedcam_i30_gteval_poseopt_steps15000,0.3338,0.009274,6,0.52756,,,,7.97350811958313,1434,1434,0,/home/ojab2/work/git/vggt/colmap_outputs/bicycle_4_n30_s42_default_minfarthestpose_sharedcam/eval_results.json,bicycle_4_n30_s42_default_minfarthestpose_sharedcam,bicycle_4_n30_s42_default_minfarthestpose_sharedcam_i30_gteval_poseopt_steps15000_val_step14999.json,245,,,colmap | Pose Opt,30.0
colmap,30,42,,8050,,,,,0,10,minfarthestpose,30,GT Eval,,,,Pose Opt,False,,,,,0.0,,False,1.0,1.0,colmap,garden,,,15000,15000,default,MCMC,,,,,Shared Cam,,,,,,gsplat,,outdoor,20.50806999206543,0.3532118797302246,0.4161311984062195,1000000,0.0008038428495638072,0.07326076179742813,,,0.3115313759556523,0.37540697502764875,8050,/home/ojab2/work/git/gsplat/results/colmap_outputs/garden_2_n30_s42_default_minfarthestpose_sharedcam_i30_gteval_poseopt_steps15000/stats/val_step14999.json,/home/ojab2/work/git/gsplat/results/colmap_outputs/garden_2_n30_s42_default_minfarthestpose_sharedcam_i30_gteval_poseopt_steps15000/stats/val_step14999.json,garden_2_n30_s42_default_minfarthestpose_sharedcam_i30_gteval_poseopt_steps15000,0.0819,0.003754,30,1.031037,,,,16.621281385421753,9150,9150,0,/home/ojab2/work/git/vggt/colmap_outputs/garden_2_n30_s42_default_minfarthestpose_sharedcam/eval_results.json,garden_2_n30_s42_default_minfarthestpose_sharedcam,garden_2_n30_s42_default_minfarthestpose_sharedcam_i30_gteval_poseopt_steps15000_val_step14999.json,8050,,,colmap | Pose Opt,30.0
colmap,30,42,,,,,,,0,10,minfarthestpose,30,GT Eval,,,,Pose Opt,False,,,,,0.0,,False,1.0,1.0,colmap,stump,,,15000,15000,default,MCMC,,,,,Shared Cam,,,,,,gsplat_cfg,,outdoor,,,,,,,,,,,,/home/ojab2/work/git/gsplat/results/colmap_outputs/stump_2_n30_s42_default_minfarthestpose_sharedcam_i30_gteval_poseopt_steps15000/stats/config.json,,stump_2_n30_s42_default_minfarthestpose_sharedcam_i30_gteval_poseopt_steps15000,,,,,,,,,,,,,stump_2_n30_s42_default_minfarthestpose_sharedcam_i30_gteval_poseopt_steps15000,,,,/home/ojab2/work/git/gsplat/results/colmap_outputs/stump_2_n30_s42_default_minfarthestpose_sharedcam_i30_gteval_poseopt_steps15000/stats/config.json,colmap | Pose Opt,30.0
colmap,40,42,,329,,,,,0,10,minfarthestpose,40,GT Eval,,,,Pose Opt,False,,,,,0.0,,False,1.0,1.0,colmap,bicycle,,,15000,15000,default,MCMC,,,,,Shared Cam,,,,,,gsplat,,outdoor,15.023246765136719,0.6964117288589478,0.26545462012290955,359081,0.011832396499812603,0.7102439999580383,,,-0.09000614132487664,0.5283073058326077,329,/home/ojab2/work/git/gsplat/results/colmap_outputs/bicycle_4_n40_s42_default_minfarthestpose_sharedcam_i40_gteval_poseopt_steps15000/stats/val_step14999.json,/home/ojab2/work/git/gsplat/results/colmap_outputs/bicycle_4_n40_s42_default_minfarthestpose_sharedcam_i40_gteval_poseopt_steps15000/stats/val_step14999.json,bicycle_4_n40_s42_default_minfarthestpose_sharedcam_i40_gteval_poseopt_steps15000,0.1431,0.006862,9,0.685205,,,,14.81194806098938,1434,1434,0,/home/ojab2/work/git/vggt/colmap_outputs/bicycle_4_n40_s42_default_minfarthestpose_sharedcam/eval_results.json,bicycle_4_n40_s42_default_minfarthestpose_sharedcam,bicycle_4_n40_s42_default_minfarthestpose_sharedcam_i40_gteval_poseopt_steps15000_val_step14999.json,329,,,colmap | Pose Opt,40.0
colmap,40,42,,2669,,,,,0,10,minfarthestpose,40,GT Eval,,,,Pose Opt,False,,,,,0.0,,False,1.0,1.0,colmap,stump,,,15000,15000,default,MCMC,,,,,Shared Cam,,,,,,gsplat,,outdoor,18.98233985900879,0.5031328797340393,0.4777761697769165,1000000,0.0032064495608210564,0.12824366986751556,,,0.22678297792958935,0.4128079966182435,2669,/home/ojab2/work/git/gsplat/results/colmap_outputs/stump_2_n40_s42_default_minfarthestpose_sharedcam_i40_gteval_poseopt_steps15000/stats/val_step14999.json,/home/ojab2/work/git/gsplat/results/colmap_outputs/stump_2_n40_s42_default_minfarthestpose_sharedcam_i40_gteval_poseopt_steps15000/stats/val_step14999.json,stump_2_n40_s42_default_minfarthestpose_sharedcam_i40_gteval_poseopt_steps15000,0.0678,0.004522,21,0.72315,,,,10.902184247970581,9468,9468,0,/home/ojab2/work/git/vggt/colmap_outputs/stump_2_n40_s42_default_minfarthestpose_sharedcam/eval_results.json,stump_2_n40_s42_default_minfarthestpose_sharedcam,stump_2_n40_s42_default_minfarthestpose_sharedcam_i40_gteval_poseopt_steps15000_val_step14999.json,2669,,,colmap | Pose Opt,40.0
colmap,40,42,,16038,,,,,0,10,minfarthestpose,40,GT Eval,,,,Pose Opt,False,,,,,0.0,,False,1.0,1.0,colmap,garden,,,15000,15000,default,MCMC,,,,,Shared Cam,,,,,,gsplat,,outdoor,20.649625778198242,0.3228611350059509,0.42789268493652344,1000000,0.00075173145160079,0.0748709961771965,,,0.33976586930855596,0.36261652465230504,16038,/home/ojab2/work/git/gsplat/results/colmap_outputs/garden_2_n40_s42_default_minfarthestpose_sharedcam_i40_gteval_poseopt_steps15000/stats/val_step14999.json,/home/ojab2/work/git/gsplat/results/colmap_outputs/garden_2_n40_s42_default_minfarthestpose_sharedcam_i40_gteval_poseopt_steps15000/stats/val_step14999.json,garden_2_n40_s42_default_minfarthestpose_sharedcam_i40_gteval_poseopt_steps15000,0.0795,0.003271,40,1.029936,,,,27.414010047912598,9210,9210,0,/home/ojab2/work/git/vggt/colmap_outputs/garden_2_n40_s42_default_minfarthestpose_sharedcam/eval_results.json,garden_2_n40_s42_default_minfarthestpose_sharedcam,garden_2_n40_s42_default_minfarthestpose_sharedcam_i40_gteval_poseopt_steps15000_val_step14999.json,16038,,,colmap | Pose Opt,40.0
colmap,50,42,,3489,,,,,0,10,minfarthestpose,50,GT Eval,,,,Pose Opt,False,,,,,0.0,,False,1.0,1.0,colmap,bicycle,,,15000,15000,default,MCMC,,,,,Shared Cam,,,,,,gsplat,,outdoor,21.437971115112305,0.428069531917572,0.4977536201477051,1000000,0.003008857136592269,0.139840766787529,,,0.33027575022218447,0.3813147534732438,3489,/home/ojab2/work/git/gsplat/results/colmap_outputs/bicycle_4_n50_s42_default_minfarthestpose_sharedcam_i50_gteval_poseopt_steps15000/stats/val_step14999.json,/home/ojab2/work/git/gsplat/results/colmap_outputs/bicycle_4_n50_s42_default_minfarthestpose_sharedcam_i50_gteval_poseopt_steps15000/stats/val_step14999.json,bicycle_4_n50_s42_default_minfarthestpose_sharedcam_i50_gteval_poseopt_steps15000,0.1498,0.011463,46,0.97877,,,,10.574543714523315,7346,7346,0,/home/ojab2/work/git/vggt/colmap_outputs/bicycle_4_n50_s42_default_minfarthestpose_sharedcam/eval_results.json,bicycle_4_n50_s42_default_minfarthestpose_sharedcam,bicycle_4_n50_s42_default_minfarthestpose_sharedcam_i50_gteval_poseopt_steps15000_val_step14999.json,3489,,,colmap | Pose Opt,50.0
colmap,50,42,,3584,,,,,0,10,minfarthestpose,50,GT Eval,,,,Pose Opt,False,,,,,0.0,,False,1.0,1.0,colmap,stump,,,15000,15000,default,MCMC,,,,,Shared Cam,,,,,,gsplat,,outdoor,19.863170623779297,0.4912678003311157,0.5055506825447083,1000000,0.0029356544837355614,0.13420629501342773,,,0.2666611869742609,0.40158625978526585,3584,/home/ojab2/work/git/gsplat/results/colmap_outputs/stump_2_n50_s42_default_minfarthestpose_sharedcam_i50_gteval_poseopt_steps15000/stats/val_step14999.json,/home/ojab2/work/git/gsplat/results/colmap_outputs/stump_2_n50_s42_default_minfarthestpose_sharedcam_i50_gteval_poseopt_steps15000/stats/val_step14999.json,stump_2_n50_s42_default_minfarthestpose_sharedcam_i50_gteval_poseopt_steps15000,0.0849,0.005529,31,0.829807,,,,15.191178798675537,9528,9528,0,/home/ojab2/work/git/vggt/colmap_outputs/stump_2_n50_s42_default_minfarthestpose_sharedcam/eval_results.json,stump_2_n50_s42_default_minfarthestpose_sharedcam,stump_2_n50_s42_default_minfarthestpose_sharedcam_i50_gteval_poseopt_steps15000_val_step14999.json,3584,,,colmap | Pose Opt,50.0
colmap,50,42,,25421,,,,,0,10,minfarthestpose,50,GT Eval,,,,Pose Opt,False,,,,,0.0,,False,1.0,1.0,colmap,garden,,,15000,15000,default,MCMC,,,,,Shared Cam,,,,,,gsplat,,outdoor,20.881202697753906,0.30642759799957275,0.43670809268951416,1000000,0.0007099841022863984,0.06733090430498123,,,0.35935369863999667,0.3550396377261656,25421,/home/ojab2/work/git/gsplat/results/colmap_outputs/garden_2_n50_s42_default_minfarthestpose_sharedcam_i50_gteval_poseopt_steps15000/stats/val_step14999.json,/home/ojab2/work/git/gsplat/results/colmap_outputs/garden_2_n50_s42_default_minfarthestpose_sharedcam_i50_gteval_poseopt_steps15000/stats/val_step14999.json,garden_2_n50_s42_default_minfarthestpose_sharedcam_i50_gteval_poseopt_steps15000,0.0724,0.003021,50,1.021916,,,,31.005630254745483,9792,9792,0,/home/ojab2/work/git/vggt/colmap_outputs/garden_2_n50_s42_default_minfarthestpose_sharedcam/eval_results.json,garden_2_n50_s42_default_minfarthestpose_sharedcam,garden_2_n50_s42_default_minfarthestpose_sharedcam_i50_gteval_poseopt_steps15000_val_step14999.json,25421,,,colmap | Pose Opt,50.0
colmap,60,42,,5439,,,,,0,10,minfarthestpose,60,GT Eval,,,,Pose Opt,False,,,,,0.0,,False,1.0,1.0,colmap,bicycle,,,15000,15000,default,MCMC,,,,,Shared Cam,,,,,,gsplat,,outdoor,21.727407455444336,0.3926565945148468,0.5073710680007935,1000000,0.0031262862030416727,0.14705093204975128,,,0.3631197588640501,0.3670833963291185,5439,/home/ojab2/work/git/gsplat/results/colmap_outputs/bicycle_4_n60_s42_default_minfarthestpose_sharedcam_i60_gteval_poseopt_steps15000/stats/val_step14999.json,/home/ojab2/work/git/gsplat/results/colmap_outputs/bicycle_4_n60_s42_default_minfarthestpose_sharedcam_i60_gteval_poseopt_steps15000/stats/val_step14999.json,bicycle_4_n60_s42_default_minfarthestpose_sharedcam_i60_gteval_poseopt_steps15000,0.1344,0.010799,59,1.02818,,,,14.349272727966309,7410,7410,0,/home/ojab2/work/git/vggt/colmap_outputs/bicycle_4_n60_s42_default_minfarthestpose_sharedcam/eval_results.json,bicycle_4_n60_s42_default_minfarthestpose_sharedcam,bicycle_4_n60_s42_default_minfarthestpose_sharedcam_i60_gteval_poseopt_steps15000_val_step14999.json,5439,,,colmap | Pose Opt,60.0
colmap,60,42,,7456,,,,,0,10,minfarthestpose,60,GT Eval,,,,Pose Opt,False,,,,,0.0,,False,1.0,1.0,colmap,stump,,,15000,15000,default,MCMC,,,,,Shared Cam,,,,,,gsplat,,outdoor,22.551742553710938,0.42874154448509216,0.6094676852226257,1000000,0.002392177004367113,0.08830569684505463,,,0.4158161872776396,0.35307473481003654,7456,/home/ojab2/work/git/gsplat/results/colmap_outputs/stump_2_n60_s42_default_minfarthestpose_sharedcam_i60_gteval_poseopt_steps15000/stats/val_step14999.json,/home/ojab2/work/git/gsplat/results/colmap_outputs/stump_2_n60_s42_default_minfarthestpose_sharedcam_i60_gteval_poseopt_steps15000/stats/val_step14999.json,stump_2_n60_s42_default_minfarthestpose_sharedcam_i60_gteval_poseopt_steps15000,0.0546,0.006326,60,1.007535,,,,21.20139789581299,9592,9592,0,/home/ojab2/work/git/vggt/colmap_outputs/stump_2_n60_s42_default_minfarthestpose_sharedcam/eval_results.json,stump_2_n60_s42_default_minfarthestpose_sharedcam,stump_2_n60_s42_default_minfarthestpose_sharedcam_i60_gteval_poseopt_steps15000_val_step14999.json,7456,,,colmap | Pose Opt,60.0
colmap,60,42,,34210,,,,,0,10,minfarthestpose,60,GT Eval,,,,Pose Opt,False,,,,,0.0,,False,1.0,1.0,colmap,garden,,,15000,15000,default,MCMC,,,,,Shared Cam,,,,,,gsplat,,outdoor,21.554996490478516,0.291500985622406,0.4785282015800476,1000000,0.0006719839875586331,0.05816925689578056,,,0.40550152375529236,0.3402071337450328,34210,/home/ojab2/work/git/gsplat/results/colmap_outputs/garden_2_n60_s42_default_minfarthestpose_sharedcam_i60_gteval_poseopt_steps15000/stats/val_step14999.json,/home/ojab2/work/git/gsplat/results/colmap_outputs/garden_2_n60_s42_default_minfarthestpose_sharedcam_i60_gteval_poseopt_steps15000/stats/val_step14999.json,garden_2_n60_s42_default_minfarthestpose_sharedcam_i60_gteval_poseopt_steps15000,0.0602,0.002877,60,1.016844,,,,48.06957793235779,9856,9856,0,/home/ojab2/work/git/vggt/colmap_outputs/garden_2_n60_s42_default_minfarthestpose_sharedcam/eval_results.json,garden_2_n60_s42_default_minfarthestpose_sharedcam,garden_2_n60_s42_default_minfarthestpose_sharedcam_i60_gteval_poseopt_steps15000_val_step14999.json,34210,,,colmap | Pose Opt,60.0
colmap,70,42,,8521,,,,,0,10,minfarthestpose,70,GT Eval,,,,Pose Opt,False,,,,,0.0,,False,1.0,1.0,colmap,bicycle,,,15000,15000,default,MCMC,,,,,Shared Cam,,,,,,gsplat,,outdoor,21.52686882019043,0.3516879081726074,0.4908143877983093,1000000,0.002987057901918888,0.12208812683820724,,,0.3750131238661004,0.35743204391902417,8521,/home/ojab2/work/git/gsplat/results/colmap_outputs/bicycle_4_n70_s42_default_minfarthestpose_sharedcam_i70_gteval_poseopt_steps15000/stats/val_step14999.json,/home/ojab2/work/git/gsplat/results/colmap_outputs/bicycle_4_n70_s42_default_minfarthestpose_sharedcam_i70_gteval_poseopt_steps15000/stats/val_step14999.json,bicycle_4_n70_s42_default_minfarthestpose_sharedcam_i70_gteval_poseopt_steps15000,0.12,0.009717,69,1.016821,,,,20.831656455993652,7470,7470,0,/home/ojab2/work/git/vggt/colmap_outputs/bicycle_4_n70_s42_default_minfarthestpose_sharedcam/eval_results.json,bicycle_4_n70_s42_default_minfarthestpose_sharedcam,bicycle_4_n70_s42_default_minfarthestpose_sharedcam_i70_gteval_poseopt_steps15000_val_step14999.json,8521,,,colmap | Pose Opt,70.0
colmap,70,42,,10379,,,,,0,10,minfarthestpose,70,GT Eval,,,,Pose Opt,False,,,,,0.0,,False,1.0,1.0,colmap,stump,,,15000,15000,default,MCMC,,,,,Shared Cam,,,,,,gsplat,,outdoor,22.621564865112305,0.41572538018226624,0.605821967124939,1000000,0.0021192459389567375,0.06946411728858948,,,0.4230118634795275,0.3496765203862071,10379,/home/ojab2/work/git/gsplat/results/colmap_outputs/stump_2_n70_s42_default_minfarthestpose_sharedcam_i70_gteval_poseopt_steps15000/stats/val_step14999.json,/home/ojab2/work/git/gsplat/results/colmap_outputs/stump_2_n70_s42_default_minfarthestpose_sharedcam_i70_gteval_poseopt_steps15000/stats/val_step14999.json,stump_2_n70_s42_default_minfarthestpose_sharedcam_i70_gteval_poseopt_steps15000,0.0431,0.005018,70,0.985276,,,,28.946945190429688,9652,9652,0,/home/ojab2/work/git/vggt/colmap_outputs/stump_2_n70_s42_default_minfarthestpose_sharedcam/eval_results.json,stump_2_n70_s42_default_minfarthestpose_sharedcam,stump_2_n70_s42_default_minfarthestpose_sharedcam_i70_gteval_poseopt_steps15000_val_step14999.json,10379,,,colmap | Pose Opt,70.0
colmap,70,42,,43941,,,,,0,10,minfarthestpose,70,GT Eval,,,,Pose Opt,False,,,,,0.0,,False,1.0,1.0,colmap,garden,,,15000,15000,default,MCMC,,,,,Shared Cam,,,,,,gsplat,,outdoor,21.533767700195312,0.2790137231349945,0.4719119668006897,1000000,0.0006858345004729927,0.06113029271364212,,,0.4089474415841081,0.33757833594004866,43941,/home/ojab2/work/git/gsplat/results/colmap_outputs/garden_2_n70_s42_default_minfarthestpose_sharedcam_i70_gteval_poseopt_steps15000/stats/val_step14999.json,/home/ojab2/work/git/gsplat/results/colmap_outputs/garden_2_n70_s42_default_minfarthestpose_sharedcam_i70_gteval_poseopt_steps15000/stats/val_step14999.json,garden_2_n70_s42_default_minfarthestpose_sharedcam_i70_gteval_poseopt_steps15000,0.0646,0.002954,70,1.033049,,,,59.864672899246216,9916,9916,0,/home/ojab2/work/git/vggt/colmap_outputs/garden_2_n70_s42_default_minfarthestpose_sharedcam/eval_results.json,garden_2_n70_s42_default_minfarthestpose_sharedcam,garden_2_n70_s42_default_minfarthestpose_sharedcam_i70_gteval_poseopt_steps15000_val_step14999.json,43941,,,colmap | Pose Opt,70.0
colmap,80,42,,11796,,,,,0,10,minfarthestpose,80,GT Eval,,,,Pose Opt,False,,,,,0.0,,False,1.0,1.0,colmap,bicycle,,,15000,15000,default,MCMC,,,,,Shared Cam,,,,,,gsplat,,outdoor,22.574630737304688,0.3270026445388794,0.5675908923149109,1000000,0.002837554784491658,0.11267675459384918,,,0.4545524800420194,0.3300361542358695,11796,/home/ojab2/work/git/gsplat/results/colmap_outputs/bicycle_4_n80_s42_default_minfarthestpose_sharedcam_i80_gteval_poseopt_steps15000/stats/val_step14999.json,/home/ojab2/work/git/gsplat/results/colmap_outputs/bicycle_4_n80_s42_default_minfarthestpose_sharedcam_i80_gteval_poseopt_steps15000/stats/val_step14999.json,bicycle_4_n80_s42_default_minfarthestpose_sharedcam_i80_gteval_poseopt_steps15000,0.119,0.008923,80,1.011902,,,,27.30118417739868,7552,7552,0,/home/ojab2/work/git/vggt/colmap_outputs/bicycle_4_n80_s42_default_minfarthestpose_sharedcam/eval_results.json,bicycle_4_n80_s42_default_minfarthestpose_sharedcam,bicycle_4_n80_s42_default_minfarthestpose_sharedcam_i80_gteval_poseopt_steps15000_val_step14999.json,11796,,,colmap | Pose Opt,80.0
colmap,80,42,,13289,,,,,0,10,minfarthestpose,80,GT Eval,,,,Pose Opt,False,,,,,0.0,,False,1.0,1.0,colmap,stump,,,15000,15000,default,MCMC,,,,,Shared Cam,,,,,,gsplat,,outdoor,23.250415802001953,0.39572352170944214,0.6330053806304932,1000000,0.0019388336222618818,0.043144017457962036,,,0.4629008104616825,0.335418463214463,13289,/home/ojab2/work/git/gsplat/results/colmap_outputs/stump_2_n80_s42_default_minfarthestpose_sharedcam_i80_gteval_poseopt_steps15000/stats/val_step14999.json,/home/ojab2/work/git/gsplat/results/colmap_outputs/stump_2_n80_s42_default_minfarthestpose_sharedcam_i80_gteval_poseopt_steps15000/stats/val_step14999.json,stump_2_n80_s42_default_minfarthestpose_sharedcam_i80_gteval_poseopt_steps15000,0.0293,0.003643,79,1.001219,,,,35.555680990219116,9712,9712,0,/home/ojab2/work/git/vggt/colmap_outputs/stump_2_n80_s42_default_minfarthestpose_sharedcam/eval_results.json,stump_2_n80_s42_default_minfarthestpose_sharedcam,stump_2_n80_s42_default_minfarthestpose_sharedcam_i80_gteval_poseopt_steps15000_val_step14999.json,13289,,,colmap | Pose Opt,80.0
colmap,80,42,,53825,,,,,0,10,minfarthestpose,80,GT Eval,,,,Pose Opt,False,,,,,0.0,,False,1.0,1.0,colmap,garden,,,15000,15000,default,MCMC,,,,,Shared Cam,,,,,,gsplat,,outdoor,21.722702026367188,0.2721560597419739,0.48961958289146423,1000000,0.0006833153893239796,0.056421857327222824,,,0.4270346820005897,0.3310969263467147,53825,/home/ojab2/work/git/gsplat/results/colmap_outputs/garden_2_n80_s42_default_minfarthestpose_sharedcam_i80_gteval_poseopt_steps15000/stats/val_step14999.json,/home/ojab2/work/git/gsplat/results/colmap_outputs/garden_2_n80_s42_default_minfarthestpose_sharedcam_i80_gteval_poseopt_steps15000/stats/val_step14999.json,garden_2_n80_s42_default_minfarthestpose_sharedcam_i80_gteval_poseopt_steps15000,0.0609,0.002865,80,1.02083,,,,81.6151819229126,9976,9976,0,/home/ojab2/work/git/vggt/colmap_outputs/garden_2_n80_s42_default_minfarthestpose_sharedcam/eval_results.json,garden_2_n80_s42_default_minfarthestpose_sharedcam,garden_2_n80_s42_default_minfarthestpose_sharedcam_i80_gteval_poseopt_steps15000_val_step14999.json,53825,,,colmap | Pose Opt,80.0
colmap,90,42,,15687,,,,,0,10,minfarthestpose,90,GT Eval,,,,Pose Opt,False,,,,,0.0,,False,1.0,1.0,colmap,bicycle,,,15000,15000,default,MCMC,,,,,Shared Cam,,,,,,gsplat,,outdoor,21.459110260009766,0.3108334243297577,0.49365949630737305,1000000,0.002579412655904889,0.10603902488946915,,,0.4006409590472022,0.3431853072461742,15687,/home/ojab2/work/git/gsplat/results/colmap_outputs/bicycle_4_n90_s42_default_minfarthestpose_sharedcam_i90_gteval_poseopt_steps15000/stats/val_step14999.json,/home/ojab2/work/git/gsplat/results/colmap_outputs/bicycle_4_n90_s42_default_minfarthestpose_sharedcam_i90_gteval_poseopt_steps15000/stats/val_step14999.json,bicycle_4_n90_s42_default_minfarthestpose_sharedcam_i90_gteval_poseopt_steps15000,0.113,0.008149,89,1.011157,,,,32.59644627571106,7616,7616,0,/home/ojab2/work/git/vggt/colmap_outputs/bicycle_4_n90_s42_default_minfarthestpose_sharedcam/eval_results.json,bicycle_4_n90_s42_default_minfarthestpose_sharedcam,bicycle_4_n90_s42_default_minfarthestpose_sharedcam_i90_gteval_poseopt_steps15000_val_step14999.json,15687,,,colmap | Pose Opt,90.0
colmap,90,42,,16476,,,,,0,10,minfarthestpose,90,GT Eval,,,,Pose Opt,False,,,,,0.0,,False,1.0,1.0,colmap,stump,,,15000,15000,default,MCMC,,,,,Shared Cam,,,,,,gsplat,,outdoor,23.827613830566406,0.36596763134002686,0.6508036851882935,1000000,0.0015718665672466159,0.03784298524260521,,,0.502365861642353,0.3203460844523651,16476,/home/ojab2/work/git/gsplat/results/colmap_outputs/stump_2_n90_s42_default_minfarthestpose_sharedcam_i90_gteval_poseopt_steps15000/stats/val_step14999.json,/home/ojab2/work/git/gsplat/results/colmap_outputs/stump_2_n90_s42_default_minfarthestpose_sharedcam_i90_gteval_poseopt_steps15000/stats/val_step14999.json,stump_2_n90_s42_default_minfarthestpose_sharedcam_i90_gteval_poseopt_steps15000,0.0239,0.003115,90,0.978572,,,,43.148460149765015,9776,9776,0,/home/ojab2/work/git/vggt/colmap_outputs/stump_2_n90_s42_default_minfarthestpose_sharedcam/eval_results.json,stump_2_n90_s42_default_minfarthestpose_sharedcam,stump_2_n90_s42_default_minfarthestpose_sharedcam_i90_gteval_poseopt_steps15000_val_step14999.json,16476,,,colmap | Pose Opt,90.0
colmap,90,42,,61761,,,,,0,10,minfarthestpose,90,GT Eval,,,,Pose Opt,False,,,,,0.0,,False,1.0,1.0,colmap,garden,,,15000,15000,default,MCMC,,,,,Shared Cam,,,,,,gsplat,,outdoor,21.914886474609375,0.2669680118560791,0.5015161633491516,1000000,0.0006575303268618882,0.052648063749074936,,,0.4407532165544695,0.3264787795121955,61761,/home/ojab2/work/git/gsplat/results/colmap_outputs/garden_2_n90_s42_default_minfarthestpose_sharedcam_i90_gteval_poseopt_steps15000/stats/val_step14999.json,/home/ojab2/work/git/gsplat/results/colmap_outputs/garden_2_n90_s42_default_minfarthestpose_sharedcam_i90_gteval_poseopt_steps15000/stats/val_step14999.json,garden_2_n90_s42_default_minfarthestpose_sharedcam_i90_gteval_poseopt_steps15000,0.0567,0.002798,90,1.026489,,,,96.32287335395813,10040,10040,0,/home/ojab2/work/git/vggt/colmap_outputs/garden_2_n90_s42_default_minfarthestpose_sharedcam/eval_results.json,garden_2_n90_s42_default_minfarthestpose_sharedcam,garden_2_n90_s42_default_minfarthestpose_sharedcam_i90_gteval_poseopt_steps15000_val_step14999.json,61761,,,colmap | Pose Opt,90.0
colmap,100,42,,18886,,,,,0,10,minfarthestpose,100,GT Eval,,,,Pose Opt,False,,,,,0.0,,False,1.0,1.0,colmap,stump,,,15000,15000,default,MCMC,,,,,Shared Cam,,,,,,gsplat,,outdoor,24.2586669921875,0.35060417652130127,0.6703057289123535,1000000,0.001247775973752141,0.03724125772714615,,,0.5312366456161309,0.3095150525931035,18886,/home/ojab2/work/git/gsplat/results/colmap_outputs/stump_2_n100_s42_default_minfarthestpose_sharedcam_i100_gteval_poseopt_steps15000/stats/val_step14999.json,/home/ojab2/work/git/gsplat/results/colmap_outputs/stump_2_n100_s42_default_minfarthestpose_sharedcam_i100_gteval_poseopt_steps15000/stats/val_step14999.json,stump_2_n100_s42_default_minfarthestpose_sharedcam_i100_gteval_poseopt_steps15000,0.0184,0.002325,100,0.978995,,,,48.896117210388184,9836,9836,0,/home/ojab2/work/git/vggt/colmap_outputs/stump_2_n100_s42_default_minfarthestpose_sharedcam/eval_results.json,stump_2_n100_s42_default_minfarthestpose_sharedcam,stump_2_n100_s42_default_minfarthestpose_sharedcam_i100_gteval_poseopt_steps15000_val_step14999.json,18886,,,colmap | Pose Opt,100.0
colmap,100,42,,18986,,,,,0,10,minfarthestpose,100,GT Eval,,,,Pose Opt,False,,,,,0.0,,False,1.0,1.0,colmap,bicycle,,,15000,15000,default,MCMC,,,,,Shared Cam,,,,,,gsplat,,outdoor,21.968042373657227,0.2993554472923279,0.5234760046005249,1000000,0.0024381279945373535,0.10697068274021149,,,0.4345873533866094,0.3320062652479555,18986,/home/ojab2/work/git/gsplat/results/colmap_outputs/bicycle_4_n100_s42_default_minfarthestpose_sharedcam_i100_gteval_poseopt_steps15000/stats/val_step14999.json,/home/ojab2/work/git/gsplat/results/colmap_outputs/bicycle_4_n100_s42_default_minfarthestpose_sharedcam_i100_gteval_poseopt_steps15000/stats/val_step14999.json,bicycle_4_n100_s42_default_minfarthestpose_sharedcam_i100_gteval_poseopt_steps15000,0.1088,0.007262,99,1.015409,,,,45.9896764755249,7676,7676,0,/home/ojab2/work/git/vggt/colmap_outputs/bicycle_4_n100_s42_default_minfarthestpose_sharedcam/eval_results.json,bicycle_4_n100_s42_default_minfarthestpose_sharedcam,bicycle_4_n100_s42_default_minfarthestpose_sharedcam_i100_gteval_poseopt_steps15000_val_step14999.json,18986,,,colmap | Pose Opt,100.0
colmap,100,42,,70259,,,,,0,10,minfarthestpose,100,GT Eval,,,,Pose Opt,False,,,,,0.0,,False,1.0,1.0,colmap,garden,,,15000,15000,default,MCMC,,,,,Shared Cam,,,,,,gsplat,,outdoor,21.975597381591797,0.26037198305130005,0.5067917108535767,1000000,0.0006522758048959076,0.05182267725467682,,,0.4490342308283627,0.3230016684710677,70259,/home/ojab2/work/git/gsplat/results/colmap_outputs/garden_2_n100_s42_default_minfarthestpose_sharedcam_i100_gteval_poseopt_steps15000/stats/val_step14999.json,/home/ojab2/work/git/gsplat/results/colmap_outputs/garden_2_n100_s42_default_minfarthestpose_sharedcam_i100_gteval_poseopt_steps15000/stats/val_step14999.json,garden_2_n100_s42_default_minfarthestpose_sharedcam_i100_gteval_poseopt_steps15000,0.0546,0.002627,100,1.017313,,,,146.44858503341675,10100,10100,0,/home/ojab2/work/git/vggt/colmap_outputs/garden_2_n100_s42_default_minfarthestpose_sharedcam/eval_results.json,garden_2_n100_s42_default_minfarthestpose_sharedcam,garden_2_n100_s42_default_minfarthestpose_sharedcam_i100_gteval_poseopt_steps15000_val_step14999.json,70259,,,colmap | Pose Opt,100.0
vggt,10,42,0.0,100000,random,,,,0,10,minfarthestpose,10,GT Eval,,,,Pose Opt,False,,,,,0.0,,False,1.0,1.0,vggt,bicycle,,,15000,15000,,MCMC,,,,,,,,,,,gsplat,,outdoor,14.896830558776855,0.5089909434318542,0.16888728737831116,1000000,0.027506351470947266,1.2450129985809326,,,-0.03312746373920794,0.4843425890262204,100000,/home/ojab2/work/git/gsplat/results/vggt_outputs/bicycle_4_n10_s42_c0.0_p100000_random_minfarthestpose_i10_gteval_poseopt_steps15000/stats/val_step14999.json,/home/ojab2/work/git/gsplat/results/vggt_outputs/bicycle_4_n10_s42_c0.0_p100000_random_minfarthestpose_i10_gteval_poseopt_steps15000/stats/val_step14999.json,bicycle_4_n10_s42_c0.0_p100000_random_minfarthestpose_i10_gteval_poseopt_steps15000,1.1783,0.108132,10,5.202234,,,,,,,,/home/ojab2/work/git/vggt/vggt_outputs/bicycle_4_n10_s42_c0.0_p100000_random_minfarthestpose/eval_results.json,bicycle_4_n10_s42_c0.0_p100000_random_minfarthestpose,bicycle_4_n10_s42_c0.0_p100000_random_minfarthestpose_i10_gteval_poseopt_steps15000_val_step14999.json,100000,,,vggt | Pose Opt,10.0
vggt,10,42,0.0,100000,random,,,,0,10,minfarthestpose,10,GT Eval,,,,Pose Opt,False,,,,,0.0,,False,1.0,1.0,vggt,garden,,,15000,15000,,MCMC,,,,,,,,,,,gsplat,,outdoor,16.477394104003906,0.4163527488708496,0.2557907700538635,1000000,0.00659968564286828,0.23309394717216492,,,0.10414705236210615,0.43384413888107887,100000,/home/ojab2/work/git/gsplat/results/vggt_outputs/garden_2_n10_s42_c0.0_p100000_random_minfarthestpose_i10_gteval_poseopt_steps15000/stats/val_step14999.json,/home/ojab2/work/git/gsplat/results/vggt_outputs/garden_2_n10_s42_c0.0_p100000_random_minfarthestpose_i10_gteval_poseopt_steps15000/stats/val_step14999.json,garden_2_n10_s42_c0.0_p100000_random_minfarthestpose_i10_gteval_poseopt_steps15000,0.2096,0.028157,10,6.431655,,,,,,,,/home/ojab2/work/git/vggt/vggt_outputs/garden_2_n10_s42_c0.0_p100000_random_minfarthestpose/eval_results.json,garden_2_n10_s42_c0.0_p100000_random_minfarthestpose,garden_2_n10_s42_c0.0_p100000_random_minfarthestpose_i10_gteval_poseopt_steps15000_val_step14999.json,100000,,,vggt | Pose Opt,10.0
vggt,10,42,0.0,100000,random,,,,0,10,minfarthestpose,10,GT Eval,,,,Pose Opt,False,,,,,0.0,,False,1.0,1.0,vggt,stump,,,15000,15000,,MCMC,,,,,,,,,,,gsplat,,outdoor,15.52895450592041,0.5615770220756531,0.2799173593521118,1000000,0.1220308169722557,2.341296911239624,,,0.011047859560599097,0.47938346889186845,100000,/home/ojab2/work/git/gsplat/results/vggt_outputs/stump_2_n10_s42_c0.0_p100000_random_minfarthestpose_i10_gteval_poseopt_steps15000/stats/val_step14999.json,/home/ojab2/work/git/gsplat/results/vggt_outputs/stump_2_n10_s42_c0.0_p100000_random_minfarthestpose_i10_gteval_poseopt_steps15000/stats/val_step14999.json,stump_2_n10_s42_c0.0_p100000_random_minfarthestpose_i10_gteval_poseopt_steps15000,2.3628,0.517369,10,5.047308,,,,,,,,/home/ojab2/work/git/vggt/vggt_outputs/stump_2_n10_s42_c0.0_p100000_random_minfarthestpose/eval_results.json,stump_2_n10_s42_c0.0_p100000_random_minfarthestpose,stump_2_n10_s42_c0.0_p100000_random_minfarthestpose_i10_gteval_poseopt_steps15000_val_step14999.json,100000,,,vggt | Pose Opt,10.0
vggt,20,42,0.0,100000,random,,,,0,10,minfarthestpose,20,GT Eval,,,,Pose Opt,False,,,,,0.0,,False,1.0,1.0,vggt,bicycle,,,15000,15000,,MCMC,,,,,,,,,,,gsplat,,outdoor,15.952946662902832,0.44593966007232666,0.19364745914936066,1000000,0.02215087041258812,1.009122610092163,,,0.03983041979106239,0.45643450002596364,100000,/home/ojab2/work/git/gsplat/results/vggt_outputs/bicycle_4_n20_s42_c0.0_p100000_random_minfarthestpose_i20_gteval_poseopt_steps15000/stats/val_step14999.json,/home/ojab2/work/git/gsplat/results/vggt_outputs/bicycle_4_n20_s42_c0.0_p100000_random_minfarthestpose_i20_gteval_poseopt_steps15000/stats/val_step14999.json,bicycle_4_n20_s42_c0.0_p100000_random_minfarthestpose_i20_gteval_poseopt_steps15000,1.0605,0.087384,20,4.994108,,,,,,,,/home/ojab2/work/git/vggt/vggt_outputs/bicycle_4_n20_s42_c0.0_p100000_random_minfarthestpose/eval_results.json,bicycle_4_n20_s42_c0.0_p100000_random_minfarthestpose,bicycle_4_n20_s42_c0.0_p100000_random_minfarthestpose_i20_gteval_poseopt_steps15000_val_step14999.json,100000,,,vggt | Pose Opt,20.0
vggt,20,42,0.0,100000,random,,,,0,10,minfarthestpose,20,GT Eval,,,,Pose Opt,False,,,,,0.0,,False,1.0,1.0,vggt,garden,,,15000,15000,,MCMC,,,,,,,,,,,gsplat,,outdoor,18.108144760131836,0.3363874852657318,0.30906277894973755,1000000,0.004917265847325325,0.21827539801597595,,,0.2148606339935516,0.3943576559320224,100000,/home/ojab2/work/git/gsplat/results/vggt_outputs/garden_2_n20_s42_c0.0_p100000_random_minfarthestpose_i20_gteval_poseopt_steps15000/stats/val_step14999.json,/home/ojab2/work/git/gsplat/results/vggt_outputs/garden_2_n20_s42_c0.0_p100000_random_minfarthestpose_i20_gteval_poseopt_steps15000/stats/val_step14999.json,garden_2_n20_s42_c0.0_p100000_random_minfarthestpose_i20_gteval_poseopt_steps15000,0.362,0.024329,20,6.088637,,,,,,,,/home/ojab2/work/git/vggt/vggt_outputs/garden_2_n20_s42_c0.0_p100000_random_minfarthestpose/eval_results.json,garden_2_n20_s42_c0.0_p100000_random_minfarthestpose,garden_2_n20_s42_c0.0_p100000_random_minfarthestpose_i20_gteval_poseopt_steps15000_val_step14999.json,100000,,,vggt | Pose Opt,20.0
vggt,20,42,0.0,100000,random,,,,0,10,minfarthestpose,20,GT Eval,,,,Pose Opt,False,,,,,0.0,,False,1.0,1.0,vggt,stump,,,15000,15000,,MCMC,,,,,,,,,,,gsplat,,outdoor,16.898883819580078,0.5092328190803528,0.31783527135849,1000000,0.06757359206676483,1.7324291467666626,,,0.0909023748891086,0.45186269612753327,100000,/home/ojab2/work/git/gsplat/results/vggt_outputs/stump_2_n20_s42_c0.0_p100000_random_minfarthestpose_i20_gteval_poseopt_steps15000/stats/val_step14999.json,/home/ojab2/work/git/gsplat/results/vggt_outputs/stump_2_n20_s42_c0.0_p100000_random_minfarthestpose_i20_gteval_poseopt_steps15000/stats/val_step14999.json,stump_2_n20_s42_c0.0_p100000_random_minfarthestpose_i20_gteval_poseopt_steps15000,1.7469,0.244402,20,4.538237,,,,,,,,/home/ojab2/work/git/vggt/vggt_outputs/stump_2_n20_s42_c0.0_p100000_random_minfarthestpose/eval_results.json,stump_2_n20_s42_c0.0_p100000_random_minfarthestpose,stump_2_n20_s42_c0.0_p100000_random_minfarthestpose_i20_gteval_poseopt_steps15000_val_step14999.json,100000,,,vggt | Pose Opt,20.0
vggt,30,42,0.0,100000,random,,,,0,10,minfarthestpose,30,GT Eval,,,,Pose Opt,False,,,,,0.0,,False,1.0,1.0,vggt,bicycle,,,15000,15000,,MCMC,,,,,,,,,,,gsplat,,outdoor,16.632020950317383,0.3991128206253052,0.21298068761825562,1000000,0.016577942296862602,0.749248743057251,,,0.09261730756753453,0.43599027120958544,100000,/home/ojab2/work/git/gsplat/results/vggt_outputs/bicycle_4_n30_s42_c0.0_p100000_random_minfarthestpose_i30_gteval_poseopt_steps15000/stats/val_step14999.json,/home/ojab2/work/git/gsplat/results/vggt_outputs/bicycle_4_n30_s42_c0.0_p100000_random_minfarthestpose_i30_gteval_poseopt_steps15000/stats/val_step14999.json,bicycle_4_n30_s42_c0.0_p100000_random_minfarthestpose_i30_gteval_poseopt_steps15000,0.7506,0.068725,30,4.831484,,,,,,,,/home/ojab2/work/git/vggt/vggt_outputs/bicycle_4_n30_s42_c0.0_p100000_random_minfarthestpose/eval_results.json,bicycle_4_n30_s42_c0.0_p100000_random_minfarthestpose,bicycle_4_n30_s42_c0.0_p100000_random_minfarthestpose_i30_gteval_poseopt_steps15000_val_step14999.json,100000,,,vggt | Pose Opt,30.0
vggt,30,42,0.0,100000,random,,,,0,10,minfarthestpose,30,GT Eval,,,,Pose Opt,False,,,,,0.0,,False,1.0,1.0,vggt,garden,,,15000,15000,,MCMC,,,,,,,,,,,gsplat,,outdoor,19.329191207885742,0.2900368869304657,0.3670048415660858,1000000,0.004446192178875208,0.10916682332754135,,,0.29996833284618485,0.3657723616114853,100000,/home/ojab2/work/git/gsplat/results/vggt_outputs/garden_2_n30_s42_c0.0_p100000_random_minfarthestpose_i30_gteval_poseopt_steps15000/stats/val_step14999.json,/home/ojab2/work/git/gsplat/results/vggt_outputs/garden_2_n30_s42_c0.0_p100000_random_minfarthestpose_i30_gteval_poseopt_steps15000/stats/val_step14999.json,garden_2_n30_s42_c0.0_p100000_random_minfarthestpose_i30_gteval_poseopt_steps15000,0.3261,0.027293,30,6.007808,,,,,,,,/home/ojab2/work/git/vggt/vggt_outputs/garden_2_n30_s42_c0.0_p100000_random_minfarthestpose/eval_results.json,garden_2_n30_s42_c0.0_p100000_random_minfarthestpose,garden_2_n30_s42_c0.0_p100000_random_minfarthestpose_i30_gteval_poseopt_steps15000_val_step14999.json,100000,,,vggt | Pose Opt,30.0
vggt,30,42,0.0,100000,random,,,,0,10,minfarthestpose,30,GT Eval,,,,Pose Opt,False,,,,,0.0,,False,1.0,1.0,vggt,stump,,,15000,15000,,MCMC,,,,,,,,,,,gsplat,,outdoor,17.682567596435547,0.47892525792121887,0.34118950366973877,1000000,0.0363374687731266,1.0760746002197266,,,0.13778085430540615,0.4358824732182146,100000,/home/ojab2/work/git/gsplat/results/vggt_outputs/stump_2_n30_s42_c0.0_p100000_random_minfarthestpose_i30_gteval_poseopt_steps15000/stats/val_step14999.json,/home/ojab2/work/git/gsplat/results/vggt_outputs/stump_2_n30_s42_c0.0_p100000_random_minfarthestpose_i30_gteval_poseopt_steps15000/stats/val_step14999.json,stump_2_n30_s42_c0.0_p100000_random_minfarthestpose_i30_gteval_poseopt_steps15000,1.0962,0.142517,30,4.4229,,,,,,,,/home/ojab2/work/git/vggt/vggt_outputs/stump_2_n30_s42_c0.0_p100000_random_minfarthestpose/eval_results.json,stump_2_n30_s42_c0.0_p100000_random_minfarthestpose,stump_2_n30_s42_c0.0_p100000_random_minfarthestpose_i30_gteval_poseopt_steps15000_val_step14999.json,100000,,,vggt | Pose Opt,30.0
vggt,40,42,0.0,100000,random,,,,0,10,minfarthestpose,40,GT Eval,,,,Pose Opt,False,,,,,0.0,,False,1.0,1.0,vggt,bicycle,,,15000,15000,,MCMC,,,,,,,,,,,gsplat,,outdoor,16.798080444335938,0.38010668754577637,0.22084590792655945,1000000,0.016720663756132126,0.6673091650009155,,,0.11202420833592608,0.42790198037366123,100000,/home/ojab2/work/git/gsplat/results/vggt_outputs/bicycle_4_n40_s42_c0.0_p100000_random_minfarthestpose_i40_gteval_poseopt_steps15000/stats/val_step14999.json,/home/ojab2/work/git/gsplat/results/vggt_outputs/bicycle_4_n40_s42_c0.0_p100000_random_minfarthestpose_i40_gteval_poseopt_steps15000/stats/val_step14999.json,bicycle_4_n40_s42_c0.0_p100000_random_minfarthestpose_i40_gteval_poseopt_steps15000,0.7065,0.072581,40,4.875992,,,,,,,,/home/ojab2/work/git/vggt/vggt_outputs/bicycle_4_n40_s42_c0.0_p100000_random_minfarthestpose/eval_results.json,bicycle_4_n40_s42_c0.0_p100000_random_minfarthestpose,bicycle_4_n40_s42_c0.0_p100000_random_minfarthestpose_i40_gteval_poseopt_steps15000_val_step14999.json,100000,,,vggt | Pose Opt,40.0
vggt,40,42,0.0,100000,random,,,,0,10,minfarthestpose,40,GT Eval,,,,Pose Opt,False,,,,,0.0,,False,1.0,1.0,vggt,garden,,,15000,15000,,MCMC,,,,,,,,,,,gsplat,,outdoor,18.992446899414062,0.31207770109176636,0.3590189814567566,1000000,0.004384101368486881,0.14890938997268677,,,0.27545679266225054,0.37510059028931464,100000,/home/ojab2/work/git/gsplat/results/vggt_outputs/garden_2_n40_s42_c0.0_p100000_random_minfarthestpose_i40_gteval_poseopt_steps15000/stats/val_step14999.json,/home/ojab2/work/git/gsplat/results/vggt_outputs/garden_2_n40_s42_c0.0_p100000_random_minfarthestpose_i40_gteval_poseopt_steps15000/stats/val_step14999.json,garden_2_n40_s42_c0.0_p100000_random_minfarthestpose_i40_gteval_poseopt_steps15000,0.359,0.027795,40,5.798803,,,,,,,,/home/ojab2/work/git/vggt/vggt_outputs/garden_2_n40_s42_c0.0_p100000_random_minfarthestpose/eval_results.json,garden_2_n40_s42_c0.0_p100000_random_minfarthestpose,garden_2_n40_s42_c0.0_p100000_random_minfarthestpose_i40_gteval_poseopt_steps15000_val_step14999.json,100000,,,vggt | Pose Opt,40.0
vggt,40,42,0.0,100000,random,,,,0,10,minfarthestpose,40,GT Eval,,,,Pose Opt,False,,,,,0.0,,False,1.0,1.0,vggt,stump,,,15000,15000,,MCMC,,,,,,,,,,,gsplat,,outdoor,17.501100540161133,0.49781492352485657,0.34891027212142944,1000000,0.043659694492816925,0.9945794939994812,,,0.127275135123629,0.44083150807825083,100000,/home/ojab2/work/git/gsplat/results/vggt_outputs/stump_2_n40_s42_c0.0_p100000_random_minfarthestpose_i40_gteval_poseopt_steps15000/stats/val_step14999.json,/home/ojab2/work/git/gsplat/results/vggt_outputs/stump_2_n40_s42_c0.0_p100000_random_minfarthestpose_i40_gteval_poseopt_steps15000/stats/val_step14999.json,stump_2_n40_s42_c0.0_p100000_random_minfarthestpose_i40_gteval_poseopt_steps15000,1.0762,0.170601,40,4.429667,,,,,,,,/home/ojab2/work/git/vggt/vggt_outputs/stump_2_n40_s42_c0.0_p100000_random_minfarthestpose/eval_results.json,stump_2_n40_s42_c0.0_p100000_random_minfarthestpose,stump_2_n40_s42_c0.0_p100000_random_minfarthestpose_i40_gteval_poseopt_steps15000_val_step14999.json,100000,,,vggt | Pose Opt,40.0
vggt,50,42,0.0,100000,random,,,,0,10,minfarthestpose,50,GT Eval,,,,Pose Opt,False,,,,,0.0,,False,1.0,1.0,vggt,bicycle,,,15000,15000,,MCMC,,,,,,,,,,,gsplat,,outdoor,17.60113525390625,0.356747567653656,0.2512494921684265,1000000,0.017358148470520973,0.7525553107261658,,,0.15909467733394336,0.41314158077534896,100000,/home/ojab2/work/git/gsplat/results/vggt_outputs/bicycle_4_n50_s42_c0.0_p100000_random_minfarthestpose_i50_gteval_poseopt_steps15000/stats/val_step14999.json,/home/ojab2/work/git/gsplat/results/vggt_outputs/bicycle_4_n50_s42_c0.0_p100000_random_minfarthestpose_i50_gteval_poseopt_steps15000/stats/val_step14999.json,bicycle_4_n50_s42_c0.0_p100000_random_minfarthestpose_i50_gteval_poseopt_steps15000,0.8231,0.071475,50,4.844657,,,,,,,,/home/ojab2/work/git/vggt/vggt_outputs/bicycle_4_n50_s42_c0.0_p100000_random_minfarthestpose/eval_results.json,bicycle_4_n50_s42_c0.0_p100000_random_minfarthestpose,bicycle_4_n50_s42_c0.0_p100000_random_minfarthestpose_i50_gteval_poseopt_steps15000_val_step14999.json,100000,,,vggt | Pose Opt,50.0
vggt,50,42,0.0,100000,random,,,,0,10,minfarthestpose,50,GT Eval,,,,Pose Opt,False,,,,,0.0,,False,1.0,1.0,vggt,garden,,,15000,15000,,MCMC,,,,,,,,,,,gsplat,,outdoor,18.299388885498047,0.3467324376106262,0.35025379061698914,1000000,0.00459552276879549,0.18411222100257874,,,0.23610472973482105,0.38919798938673345,100000,/home/ojab2/work/git/gsplat/results/vggt_outputs/garden_2_n50_s42_c0.0_p100000_random_minfarthestpose_i50_gteval_poseopt_steps15000/stats/val_step14999.json,/home/ojab2/work/git/gsplat/results/vggt_outputs/garden_2_n50_s42_c0.0_p100000_random_minfarthestpose_i50_gteval_poseopt_steps15000/stats/val_step14999.json,garden_2_n50_s42_c0.0_p100000_random_minfarthestpose_i50_gteval_poseopt_steps15000,0.3727,0.027,50,5.822343,,,,,,,,/home/ojab2/work/git/vggt/vggt_outputs/garden_2_n50_s42_c0.0_p100000_random_minfarthestpose/eval_results.json,garden_2_n50_s42_c0.0_p100000_random_minfarthestpose,garden_2_n50_s42_c0.0_p100000_random_minfarthestpose_i50_gteval_poseopt_steps15000_val_step14999.json,100000,,,vggt | Pose Opt,50.0
vggt,50,42,0.0,100000,random,,,,0,10,minfarthestpose,50,GT Eval,,,,Pose Opt,False,,,,,0.0,,False,1.0,1.0,vggt,stump,,,15000,15000,,MCMC,,,,,,,,,,,gsplat,,outdoor,17.594329833984375,0.5025424361228943,0.3590615689754486,1000000,0.045809440314769745,1.1298260688781738,,,0.13201981678343655,0.4401764841898399,100000,/home/ojab2/work/git/gsplat/results/vggt_outputs/stump_2_n50_s42_c0.0_p100000_random_minfarthestpose_i50_gteval_poseopt_steps15000/stats/val_step14999.json,/home/ojab2/work/git/gsplat/results/vggt_outputs/stump_2_n50_s42_c0.0_p100000_random_minfarthestpose_i50_gteval_poseopt_steps15000/stats/val_step14999.json,stump_2_n50_s42_c0.0_p100000_random_minfarthestpose_i50_gteval_poseopt_steps15000,1.1669,0.183925,50,4.730115,,,,,,,,/home/ojab2/work/git/vggt/vggt_outputs/stump_2_n50_s42_c0.0_p100000_random_minfarthestpose/eval_results.json,stump_2_n50_s42_c0.0_p100000_random_minfarthestpose,stump_2_n50_s42_c0.0_p100000_random_minfarthestpose_i50_gteval_poseopt_steps15000_val_step14999.json,100000,,,vggt | Pose Opt,50.0
vggt,60,42,0.0,100000,random,,,,0,10,minfarthestpose,60,GT Eval,,,,Pose Opt,False,,,,,0.0,,False,1.0,1.0,vggt,bicycle,,,15000,15000,,MCMC,,,,,,,,,,,gsplat,,outdoor,17.103429794311523,0.3560350835323334,0.2368587851524353,1000000,0.016013018786907196,0.6505537033081055,,,0.14190209643882623,0.41636589271486396,100000,/home/ojab2/work/git/gsplat/results/vggt_outputs/bicycle_4_n60_s42_c0.0_p100000_random_minfarthestpose_i60_gteval_poseopt_steps15000/stats/val_step14999.json,/home/ojab2/work/git/gsplat/results/vggt_outputs/bicycle_4_n60_s42_c0.0_p100000_random_minfarthestpose_i60_gteval_poseopt_steps15000/stats/val_step14999.json,bicycle_4_n60_s42_c0.0_p100000_random_minfarthestpose_i60_gteval_poseopt_steps15000,0.7342,0.065719,60,4.937964,,,,,,,,/home/ojab2/work/git/vggt/vggt_outputs/bicycle_4_n60_s42_c0.0_p100000_random_minfarthestpose/eval_results.json,bicycle_4_n60_s42_c0.0_p100000_random_minfarthestpose,bicycle_4_n60_s42_c0.0_p100000_random_minfarthestpose_i60_gteval_poseopt_steps15000_val_step14999.json,100000,,,vggt | Pose Opt,60.0
vggt,60,42,0.0,100000,random,,,,0,10,minfarthestpose,60,GT Eval,,,,Pose Opt,False,,,,,0.0,,False,1.0,1.0,vggt,garden,,,15000,15000,,MCMC,,,,,,,,,,,gsplat,,outdoor,18.93219566345215,0.3343117833137512,0.35946863889694214,1000000,0.00460260221734643,0.17831365764141083,,,0.2608792444883499,0.38247705386859776,100000,/home/ojab2/work/git/gsplat/results/vggt_outputs/garden_2_n60_s42_c0.0_p100000_random_minfarthestpose_i60_gteval_poseopt_steps15000/stats/val_step14999.json,/home/ojab2/work/git/gsplat/results/vggt_outputs/garden_2_n60_s42_c0.0_p100000_random_minfarthestpose_i60_gteval_poseopt_steps15000/stats/val_step14999.json,garden_2_n60_s42_c0.0_p100000_random_minfarthestpose_i60_gteval_poseopt_steps15000,0.3883,0.026865,60,5.985414,,,,,,,,/home/ojab2/work/git/vggt/vggt_outputs/garden_2_n60_s42_c0.0_p100000_random_minfarthestpose/eval_results.json,garden_2_n60_s42_c0.0_p100000_random_minfarthestpose,garden_2_n60_s42_c0.0_p100000_random_minfarthestpose_i60_gteval_poseopt_steps15000_val_step14999.json,100000,,,vggt | Pose Opt,60.0
vggt,60,42,0.0,100000,random,,,,0,10,minfarthestpose,60,GT Eval,,,,Pose Opt,False,,,,,0.0,,False,1.0,1.0,vggt,stump,,,15000,15000,,MCMC,,,,,,,,,,,gsplat,,outdoor,17.850574493408203,0.4865724444389343,0.3670623302459717,1000000,0.04198463633656502,0.9701524376869202,,,0.15130191557278805,0.43284999039054056,100000,/home/ojab2/work/git/gsplat/results/vggt_outputs/stump_2_n60_s42_c0.0_p100000_random_minfarthestpose_i60_gteval_poseopt_steps15000/stats/val_step14999.json,/home/ojab2/work/git/gsplat/results/vggt_outputs/stump_2_n60_s42_c0.0_p100000_random_minfarthestpose_i60_gteval_poseopt_steps15000/stats/val_step14999.json,stump_2_n60_s42_c0.0_p100000_random_minfarthestpose_i60_gteval_poseopt_steps15000,1.0254,0.1691,60,4.5635,,,,,,,,/home/ojab2/work/git/vggt/vggt_outputs/stump_2_n60_s42_c0.0_p100000_random_minfarthestpose/eval_results.json,stump_2_n60_s42_c0.0_p100000_random_minfarthestpose,stump_2_n60_s42_c0.0_p100000_random_minfarthestpose_i60_gteval_poseopt_steps15000_val_step14999.json,100000,,,vggt | Pose Opt,60.0
vggt,70,42,0.0,100000,random,,,,0,10,minfarthestpose,70,GT Eval,,,,Pose Opt,False,,,,,0.0,,False,1.0,1.0,vggt,bicycle,,,15000,15000,,MCMC,,,,,,,,,,,gsplat,,outdoor,17.13919448852539,0.35772666335105896,0.2516476511955261,1000000,0.014718033373355865,0.7395879030227661,,,0.15016868019196955,0.4140411796941301,100000,/home/ojab2/work/git/gsplat/results/vggt_outputs/bicycle_4_n70_s42_c0.0_p100000_random_minfarthestpose_i70_gteval_poseopt_steps15000/stats/val_step14999.json,/home/ojab2/work/git/gsplat/results/vggt_outputs/bicycle_4_n70_s42_c0.0_p100000_random_minfarthestpose_i70_gteval_poseopt_steps15000/stats/val_step14999.json,bicycle_4_n70_s42_c0.0_p100000_random_minfarthestpose_i70_gteval_poseopt_steps15000,0.8769,0.061125,70,4.877382,,,,,,,,/home/ojab2/work/git/vggt/vggt_outputs/bicycle_4_n70_s42_c0.0_p100000_random_minfarthestpose/eval_results.json,bicycle_4_n70_s42_c0.0_p100000_random_minfarthestpose,bicycle_4_n70_s42_c0.0_p100000_random_minfarthestpose_i70_gteval_poseopt_steps15000_val_step14999.json,100000,,,vggt | Pose Opt,70.0
vggt,70,42,0.0,100000,random,,,,0,10,minfarthestpose,70,GT Eval,,,,Pose Opt,False,,,,,0.0,,False,1.0,1.0,vggt,garden,,,15000,15000,,MCMC,,,,,,,,,,,gsplat,,outdoor,19.45583152770996,0.32168543338775635,0.37102755904197693,1000000,0.004646875895559788,0.14051368832588196,,,0.28512985052576,0.3753660463732949,100000,/home/ojab2/work/git/gsplat/results/vggt_outputs/garden_2_n70_s42_c0.0_p100000_random_minfarthestpose_i70_gteval_poseopt_steps15000/stats/val_step14999.json,/home/ojab2/work/git/gsplat/results/vggt_outputs/garden_2_n70_s42_c0.0_p100000_random_minfarthestpose_i70_gteval_poseopt_steps15000/stats/val_step14999.json,garden_2_n70_s42_c0.0_p100000_random_minfarthestpose_i70_gteval_poseopt_steps15000,0.3865,0.028024,70,6.070709,,,,,,,,/home/ojab2/work/git/vggt/vggt_outputs/garden_2_n70_s42_c0.0_p100000_random_minfarthestpose/eval_results.json,garden_2_n70_s42_c0.0_p100000_random_minfarthestpose,garden_2_n70_s42_c0.0_p100000_random_minfarthestpose_i70_gteval_poseopt_steps15000_val_step14999.json,100000,,,vggt | Pose Opt,70.0
vggt,70,42,0.0,100000,random,,,,0,10,minfarthestpose,70,GT Eval,,,,Pose Opt,False,,,,,0.0,,False,1.0,1.0,vggt,stump,,,15000,15000,,MCMC,,,,,,,,,,,gsplat,,outdoor,17.790706634521484,0.5095540285110474,0.3729522228240967,1000000,0.04393588751554489,1.1176975965499878,,,0.1394514701364875,0.43934964421519995,100000,/home/ojab2/work/git/gsplat/results/vggt_outputs/stump_2_n70_s42_c0.0_p100000_random_minfarthestpose_i70_gteval_poseopt_steps15000/stats/val_step14999.json,/home/ojab2/work/git/gsplat/results/vggt_outputs/stump_2_n70_s42_c0.0_p100000_random_minfarthestpose_i70_gteval_poseopt_steps15000/stats/val_step14999.json,stump_2_n70_s42_c0.0_p100000_random_minfarthestpose_i70_gteval_poseopt_steps15000,1.1531,0.176857,70,4.945385,,,,,,,,/home/ojab2/work/git/vggt/vggt_outputs/stump_2_n70_s42_c0.0_p100000_random_minfarthestpose/eval_results.json,stump_2_n70_s42_c0.0_p100000_random_minfarthestpose,stump_2_n70_s42_c0.0_p100000_random_minfarthestpose_i70_gteval_poseopt_steps15000_val_step14999.json,100000,,,vggt | Pose Opt,70.0
vggt,80,42,0.0,100000,random,,,,0,10,minfarthestpose,80,GT Eval,,,,Pose Opt,False,,,,,0.0,,False,1.0,1.0,vggt,bicycle,,,15000,15000,,MCMC,,,,,,,,,,,gsplat,,outdoor,16.718170166015625,0.35998520255088806,0.2463233470916748,1000000,0.01464998722076416,0.7827696800231934,,,0.13786414534802405,0.41647369556061054,100000,/home/ojab2/work/git/gsplat/results/vggt_outputs/bicycle_4_n80_s42_c0.0_p100000_random_minfarthestpose_i80_gteval_poseopt_steps15000/stats/val_step14999.json,/home/ojab2/work/git/gsplat/results/vggt_outputs/bicycle_4_n80_s42_c0.0_p100000_random_minfarthestpose_i80_gteval_poseopt_steps15000/stats/val_step14999.json,bicycle_4_n80_s42_c0.0_p100000_random_minfarthestpose_i80_gteval_poseopt_steps15000,0.9233,0.065463,80,5.217082,,,,,,,,/home/ojab2/work/git/vggt/vggt_outputs/bicycle_4_n80_s42_c0.0_p100000_random_minfarthestpose/eval_results.json,bicycle_4_n80_s42_c0.0_p100000_random_minfarthestpose,bicycle_4_n80_s42_c0.0_p100000_random_minfarthestpose_i80_gteval_poseopt_steps15000_val_step14999.json,100000,,,vggt | Pose Opt,80.0
vggt,80,42,0.0,100000,random,,,,0,10,minfarthestpose,80,GT Eval,,,,Pose Opt,False,,,,,0.0,,False,1.0,1.0,vggt,garden,,,15000,15000,,MCMC,,,,,,,,,,,gsplat,,outdoor,19.07257652282715,0.3392568528652191,0.35690009593963623,1000000,0.0042339409701526165,0.1643601953983307,,,0.2589243060586668,0.38452419040115654,100000,/home/ojab2/work/git/gsplat/results/vggt_outputs/garden_2_n80_s42_c0.0_p100000_random_minfarthestpose_i80_gteval_poseopt_steps15000/stats/val_step14999.json,/home/ojab2/work/git/gsplat/results/vggt_outputs/garden_2_n80_s42_c0.0_p100000_random_minfarthestpose_i80_gteval_poseopt_steps15000/stats/val_step14999.json,garden_2_n80_s42_c0.0_p100000_random_minfarthestpose_i80_gteval_poseopt_steps15000,0.3854,0.026429,80,6.047016,,,,,,,,/home/ojab2/work/git/vggt/vggt_outputs/garden_2_n80_s42_c0.0_p100000_random_minfarthestpose/eval_results.json,garden_2_n80_s42_c0.0_p100000_random_minfarthestpose,garden_2_n80_s42_c0.0_p100000_random_minfarthestpose_i80_gteval_poseopt_steps15000_val_step14999.json,100000,,,vggt | Pose Opt,80.0
vggt,80,42,0.0,100000,random,,,,0,10,minfarthestpose,80,GT Eval,,,,Pose Opt,False,,,,,0.0,,False,1.0,1.0,vggt,stump,,,15000,15000,,MCMC,,,,,,,,,,,gsplat,,outdoor,18.0390625,0.4933829605579376,0.3822288513183594,1000000,0.04489131644368172,0.988312840461731,,,0.15945772248634352,0.43169138999403966,100000,/home/ojab2/work/git/gsplat/results/vggt_outputs/stump_2_n80_s42_c0.0_p100000_random_minfarthestpose_i80_gteval_poseopt_steps15000/stats/val_step14999.json,/home/ojab2/work/git/gsplat/results/vggt_outputs/stump_2_n80_s42_c0.0_p100000_random_minfarthestpose_i80_gteval_poseopt_steps15000/stats/val_step14999.json,stump_2_n80_s42_c0.0_p100000_random_minfarthestpose_i80_gteval_poseopt_steps15000,1.0265,0.18019,80,4.726412,,,,,,,,/home/ojab2/work/git/vggt/vggt_outputs/stump_2_n80_s42_c0.0_p100000_random_minfarthestpose/eval_results.json,stump_2_n80_s42_c0.0_p100000_random_minfarthestpose,stump_2_n80_s42_c0.0_p100000_random_minfarthestpose_i80_gteval_poseopt_steps15000_val_step14999.json,100000,,,vggt | Pose Opt,80.0
vggt,90,42,0.0,100000,random,,,,0,10,minfarthestpose,90,GT Eval,,,,Pose Opt,False,,,,,0.0,,False,1.0,1.0,vggt,bicycle,,,15000,15000,,MCMC,,,,,,,,,,,gsplat,,outdoor,17.5150089263916,0.3229339122772217,0.26714393496513367,1000000,0.013923628255724907,0.5794520974159241,,,0.18766736790605615,0.3989084949590674,100000,/home/ojab2/work/git/gsplat/results/vggt_outputs/bicycle_4_n90_s42_c0.0_p100000_random_minfarthestpose_i90_gteval_poseopt_steps15000/stats/val_step14999.json,/home/ojab2/work/git/gsplat/results/vggt_outputs/bicycle_4_n90_s42_c0.0_p100000_random_minfarthestpose_i90_gteval_poseopt_steps15000/stats/val_step14999.json,bicycle_4_n90_s42_c0.0_p100000_random_minfarthestpose_i90_gteval_poseopt_steps15000,0.7367,0.06455,90,5.282349,,,,,,,,/home/ojab2/work/git/vggt/vggt_outputs/bicycle_4_n90_s42_c0.0_p100000_random_minfarthestpose/eval_results.json,bicycle_4_n90_s42_c0.0_p100000_random_minfarthestpose,bicycle_4_n90_s42_c0.0_p100000_random_minfarthestpose_i90_gteval_poseopt_steps15000_val_step14999.json,100000,,,vggt | Pose Opt,90.0
vggt,90,42,0.0,100000,random,,,,0,10,minfarthestpose,90,GT Eval,,,,Pose Opt,False,,,,,0.0,,False,1.0,1.0,vggt,garden,,,15000,15000,,MCMC,,,,,,,,,,,gsplat,,outdoor,19.2193660736084,0.34111863374710083,0.3669390082359314,1000000,0.004437172319740057,0.16792170703411102,,,0.26636409256038457,0.3829130287976555,100000,/home/ojab2/work/git/gsplat/results/vggt_outputs/garden_2_n90_s42_c0.0_p100000_random_minfarthestpose_i90_gteval_poseopt_steps15000/stats/val_step14999.json,/home/ojab2/work/git/gsplat/results/vggt_outputs/garden_2_n90_s42_c0.0_p100000_random_minfarthestpose_i90_gteval_poseopt_steps15000/stats/val_step14999.json,garden_2_n90_s42_c0.0_p100000_random_minfarthestpose_i90_gteval_poseopt_steps15000,0.3643,0.026694,90,6.044204,,,,,,,,/home/ojab2/work/git/vggt/vggt_outputs/garden_2_n90_s42_c0.0_p100000_random_minfarthestpose/eval_results.json,garden_2_n90_s42_c0.0_p100000_random_minfarthestpose,garden_2_n90_s42_c0.0_p100000_random_minfarthestpose_i90_gteval_poseopt_steps15000_val_step14999.json,100000,,,vggt | Pose Opt,90.0
vggt,90,42,0.0,100000,random,,,,0,10,minfarthestpose,90,GT Eval,,,,Pose Opt,False,,,,,0.0,,False,1.0,1.0,vggt,stump,,,15000,15000,,MCMC,,,,,,,,,,,gsplat,,outdoor,18.30896759033203,0.4821748733520508,0.3918646574020386,1000000,0.04124933481216431,0.7245566248893738,,,0.1770095115671536,0.4255885921776872,100000,/home/ojab2/work/git/gsplat/results/vggt_outputs/stump_2_n90_s42_c0.0_p100000_random_minfarthestpose_i90_gteval_poseopt_steps15000/stats/val_step14999.json,/home/ojab2/work/git/gsplat/results/vggt_outputs/stump_2_n90_s42_c0.0_p100000_random_minfarthestpose_i90_gteval_poseopt_steps15000/stats/val_step14999.json,stump_2_n90_s42_c0.0_p100000_random_minfarthestpose_i90_gteval_poseopt_steps15000,0.8567,0.174147,90,4.625971,,,,,,,,/home/ojab2/work/git/vggt/vggt_outputs/stump_2_n90_s42_c0.0_p100000_random_minfarthestpose/eval_results.json,stump_2_n90_s42_c0.0_p100000_random_minfarthestpose,stump_2_n90_s42_c0.0_p100000_random_minfarthestpose_i90_gteval_poseopt_steps15000_val_step14999.json,100000,,,vggt | Pose Opt,90.0
vggt,100,42,0.0,100000,random,,,,0,10,minfarthestpose,100,GT Eval,,,,Pose Opt,False,,,,,0.0,,False,1.0,1.0,vggt,bicycle,,,15000,15000,,MCMC,,,,,,,,,,,gsplat,,outdoor,17.328102111816406,0.3326731026172638,0.27215537428855896,1000000,0.014931516721844673,0.5234302878379822,,,0.18112495098120213,0.4014373255598585,100000,/home/ojab2/work/git/gsplat/results/vggt_outputs/bicycle_4_n100_s42_c0.0_p100000_random_minfarthestpose_i100_gteval_poseopt_steps15000/stats/val_step14999.json,/home/ojab2/work/git/gsplat/results/vggt_outputs/bicycle_4_n100_s42_c0.0_p100000_random_minfarthestpose_i100_gteval_poseopt_steps15000/stats/val_step14999.json,bicycle_4_n100_s42_c0.0_p100000_random_minfarthestpose_i100_gteval_poseopt_steps15000,0.679,0.066492,100,5.275284,,,,,,,,/home/ojab2/work/git/vggt/vggt_outputs/bicycle_4_n100_s42_c0.0_p100000_random_minfarthestpose/eval_results.json,bicycle_4_n100_s42_c0.0_p100000_random_minfarthestpose,bicycle_4_n100_s42_c0.0_p100000_random_minfarthestpose_i100_gteval_poseopt_steps15000_val_step14999.json,100000,,,vggt | Pose Opt,100.0
vggt,100,42,0.0,100000,random,,,,0,10,minfarthestpose,100,GT Eval,,,,Pose Opt,False,,,,,0.0,,False,1.0,1.0,vggt,garden,,,15000,15000,,MCMC,,,,,,,,,,,gsplat,,outdoor,18.967180252075195,0.35203060507774353,0.35693949460983276,1000000,0.004259878769516945,0.17594793438911438,,,0.2491105311950203,0.3888752971447188,100000,/home/ojab2/work/git/gsplat/results/vggt_outputs/garden_2_n100_s42_c0.0_p100000_random_minfarthestpose_i100_gteval_poseopt_steps15000/stats/val_step14999.json,/home/ojab2/work/git/gsplat/results/vggt_outputs/garden_2_n100_s42_c0.0_p100000_random_minfarthestpose_i100_gteval_poseopt_steps15000/stats/val_step14999.json,garden_2_n100_s42_c0.0_p100000_random_minfarthestpose_i100_gteval_poseopt_steps15000,0.3804,0.027315,100,5.951851,,,,,,,,/home/ojab2/work/git/vggt/vggt_outputs/garden_2_n100_s42_c0.0_p100000_random_minfarthestpose/eval_results.json,garden_2_n100_s42_c0.0_p100000_random_minfarthestpose,garden_2_n100_s42_c0.0_p100000_random_minfarthestpose_i100_gteval_poseopt_steps15000_val_step14999.json,100000,,,vggt | Pose Opt,100.0
vggt,100,42,0.0,100000,random,,,,0,10,minfarthestpose,100,GT Eval,,,,Pose Opt,False,,,,,0.0,,False,1.0,1.0,vggt,stump,,,15000,15000,,MCMC,,,,,,,,,,,gsplat,,outdoor,18.59891128540039,0.46518728137016296,0.40236929059028625,1000000,0.035933077335357666,0.7134338617324829,,,0.19900806748766342,0.4173534569431332,100000,/home/ojab2/work/git/gsplat/results/vggt_outputs/stump_2_n100_s42_c0.0_p100000_random_minfarthestpose_i100_gteval_poseopt_steps15000/stats/val_step14999.json,/home/ojab2/work/git/gsplat/results/vggt_outputs/stump_2_n100_s42_c0.0_p100000_random_minfarthestpose_i100_gteval_poseopt_steps15000/stats/val_step14999.json,stump_2_n100_s42_c0.0_p100000_random_minfarthestpose_i100_gteval_poseopt_steps15000,0.896,0.157243,100,4.606866,,,,,,,,/home/ojab2/work/git/vggt/vggt_outputs/stump_2_n100_s42_c0.0_p100000_random_minfarthestpose/eval_results.json,stump_2_n100_s42_c0.0_p100000_random_minfarthestpose,stump_2_n100_s42_c0.0_p100000_random_minfarthestpose_i100_gteval_poseopt_steps15000_val_step14999.json,100000,,,vggt | Pose Opt,100.0
