method,num_images,seed,conf_thres_value,num_points,sampling_mode,near_filtering_strength,near_filtering_quorum,reconstruct_pose_opt,optimisation_iterations,optimisation_neighbourhood,image_mode,num_cameras,gt_eval,use_gt_extrinsics,use_gt_intrinsics,use_gt_points,pose_opt,run_mvs,pose_opt_module,eval_opt,depth_loss_mode,error_opa,depth_lambda,depth_conf_mode,depth_conf_shifted,loss_multiplier,pose_loss_multiplier,choice,dataset,camera_type,copy_mode,val_step,num_steps,colmap_mode,splatting_strategy,camera_src,pcd_src,align_mode,align_glue,shared_camera,keep_backup_cams,random_init,use_ba,feature_extractor,max_ba_iterations,source,series_label_override,dataset_collection,psnr,lpips,ssim,num_GS,eval_rte,eval_rre,depth_l1,depth_abs_rel,quality,avge,real_num_points,file_path,gsplat_file_path,folder,rre,rte,num_aligned,alignment_scale,pred_depth_l1,pred_depth_absrel,pred_depth_rmse,inference_time,peak_memory_mb,peak_memory_reserved_mb,processing_time,sfm_file_path,input_folder,output_folder,initial_points,failed_sfm_file_path,plot_series,num_images_jitter
colmap,20,42,,67,,,,,0,10,minfarthestpose,20,GT Eval,,,,,False,,,,,0.0,,False,1.0,1.0,colmap,ship,pinhole,,15000,15000,default,MCMC,,,,,Shared Cam,,,,,,gsplat,,synthetic,14.546066284179688,0.499622642993927,0.4738180339336395,64306,0.006353143136948347,0.5407867431640625,0.08383258432149887,0.10037008672952652,0.14448187705988697,0.42003787590540853,67,/home/ojab2/work/git/gsplat/results/colmap_outputs/ship_1_n20_s42_default_mpinhole_minfarthestpose_sharedcam_i20_gteval_steps15000/stats/val_step14999.json,/home/ojab2/work/git/gsplat/results/colmap_outputs/ship_1_n20_s42_default_mpinhole_minfarthestpose_sharedcam_i20_gteval_steps15000/stats/val_step14999.json,ship_1_n20_s42_default_mpinhole_minfarthestpose_sharedcam_i20_gteval_steps15000,0.5408,0.007211,3,0.234548,,,,2.050295352935791,6468,6468,0,/home/ojab2/work/git/vggt/colmap_outputs/ship_1_n20_s42_default_mpinhole_minfarthestpose_sharedcam/eval_results.json,ship_1_n20_s42_default_mpinhole_minfarthestpose_sharedcam,ship_1_n20_s42_default_mpinhole_minfarthestpose_sharedcam_i20_gteval_steps15000_val_step14999.json,67,,colmap,20.0
colmap,20,42,,102,,,,,0,10,minfarthestpose,20,GT Eval,,,,,False,,,,,0.0,,False,1.0,1.0,colmap,stump,,,15000,15000,default,MCMC,,,,,Shared Cam,,,,,,gsplat,,outdoor,11.157958984375,0.794369637966156,0.2800576090812683,104743,0.0016782345483079553,0.3359565734863281,,,-0.213513630175451,0.5731531591508372,102,/home/ojab2/work/git/gsplat/results/colmap_outputs/stump_2_n20_s42_default_minfarthestpose_sharedcam_i20_gteval_steps15000/stats/val_step14999.json,/home/ojab2/work/git/gsplat/results/colmap_outputs/stump_2_n20_s42_default_minfarthestpose_sharedcam_i20_gteval_steps15000/stats/val_step14999.json,stump_2_n20_s42_default_minfarthestpose_sharedcam_i20_gteval_steps15000,0.336,0.004538,3,0.422682,,,,3.393165349960327,9344,9344,0,/home/ojab2/work/git/vggt/colmap_outputs/stump_2_n20_s42_default_minfarthestpose_sharedcam/eval_results.json,stump_2_n20_s42_default_minfarthestpose_sharedcam,stump_2_n20_s42_default_minfarthestpose_sharedcam_i20_gteval_steps15000_val_step14999.json,102,,colmap,20.0
colmap,20,42,,2501,,,,,0,10,minfarthestpose,20,GT Eval,,,,,False,,,,,0.0,,False,1.0,1.0,colmap,garden,,,15000,15000,default,MCMC,,,,,Shared Cam,,,,,,gsplat,,outdoor,19.223548889160156,0.4315952658653259,0.3711417615413666,1000000,0.001077398774214089,0.0929824560880661,,,0.21304952966616944,0.4121862402830013,2501,/home/ojab2/work/git/gsplat/results/colmap_outputs/garden_2_n20_s42_default_minfarthestpose_sharedcam_i20_gteval_steps15000/stats/val_step14999.json,/home/ojab2/work/git/gsplat/results/colmap_outputs/garden_2_n20_s42_default_minfarthestpose_sharedcam_i20_gteval_steps15000/stats/val_step14999.json,garden_2_n20_s42_default_minfarthestpose_sharedcam_i20_gteval_steps15000,0.093,0.00467,20,1.107978,,,,8.679940223693848,9086,9086,0,/home/ojab2/work/git/vggt/colmap_outputs/garden_2_n20_s42_default_minfarthestpose_sharedcam/eval_results.json,garden_2_n20_s42_default_minfarthestpose_sharedcam,garden_2_n20_s42_default_minfarthestpose_sharedcam_i20_gteval_steps15000_val_step14999.json,2501,,colmap,20.0
colmap,30,42,,172,,,,,0,10,minfarthestpose,30,GT Eval,,,,,False,,,,,0.0,,False,1.0,1.0,colmap,ship,pinhole,,15000,15000,default,MCMC,,,,,Shared Cam,,,,,,gsplat,,synthetic,16.88872718811035,0.4083384573459625,0.5996946692466736,183435,0.0208862517029047,3.2384636402130127,0.07897612452507019,0.05965162068605423,0.3178248165721162,0.3538352577892912,172,/home/ojab2/work/git/gsplat/results/colmap_outputs/ship_1_n30_s42_default_mpinhole_minfarthestpose_sharedcam_i30_gteval_steps15000/stats/val_step14999.json,/home/ojab2/work/git/gsplat/results/colmap_outputs/ship_1_n30_s42_default_mpinhole_minfarthestpose_sharedcam_i30_gteval_steps15000/stats/val_step14999.json,ship_1_n30_s42_default_mpinhole_minfarthestpose_sharedcam_i30_gteval_steps15000,3.2385,0.035257,6,0.5679,,,,3.161612033843994,6532,6532,0,/home/ojab2/work/git/vggt/colmap_outputs/ship_1_n30_s42_default_mpinhole_minfarthestpose_sharedcam/eval_results.json,ship_1_n30_s42_default_mpinhole_minfarthestpose_sharedcam,ship_1_n30_s42_default_mpinhole_minfarthestpose_sharedcam_i30_gteval_steps15000_val_step14999.json,172,,colmap,30.0
colmap,30,42,,245,,,,,0,10,minfarthestpose,30,GT Eval,,,,,False,,,,,0.0,,False,1.0,1.0,colmap,bicycle,,,15000,15000,default,MCMC,,,,,Shared Cam,,,,,,gsplat,,outdoor,14.077865600585938,0.784950852394104,0.2591404318809509,264668,0.006391197443008423,0.3337806165218353,,,-0.16585948763147731,0.5615953835422857,245,/home/ojab2/work/git/gsplat/results/colmap_outputs/bicycle_4_n30_s42_default_minfarthestpose_sharedcam_i30_gteval_steps15000/stats/val_step14999.json,/home/ojab2/work/git/gsplat/results/colmap_outputs/bicycle_4_n30_s42_default_minfarthestpose_sharedcam_i30_gteval_steps15000/stats/val_step14999.json,bicycle_4_n30_s42_default_minfarthestpose_sharedcam_i30_gteval_steps15000,0.3338,0.009274,6,0.52756,,,,7.97350811958313,1434,1434,0,/home/ojab2/work/git/vggt/colmap_outputs/bicycle_4_n30_s42_default_minfarthestpose_sharedcam/eval_results.json,bicycle_4_n30_s42_default_minfarthestpose_sharedcam,bicycle_4_n30_s42_default_minfarthestpose_sharedcam_i30_gteval_steps15000_val_step14999.json,245,,colmap,30.0
colmap,30,42,,413,,,,,0,10,minfarthestpose,30,GT Eval,,,,,False,,,,,0.0,,False,1.0,1.0,colmap,lego,pinhole,,15000,15000,default,MCMC,,,,,Shared Cam,,,,,,gsplat,,synthetic,16.01102066040039,0.2585829496383667,0.6198015213012695,453033,0.38668182492256165,21.29117774963379,0.06591394543647766,0.05419984459877014,0.40577105642372013,0.30008017329109027,413,/home/ojab2/work/git/gsplat/results/colmap_outputs/lego_1_n30_s42_default_mpinhole_minfarthestpose_sharedcam_i30_gteval_steps15000/stats/val_step14999.json,/home/ojab2/work/git/gsplat/results/colmap_outputs/lego_1_n30_s42_default_mpinhole_minfarthestpose_sharedcam_i30_gteval_steps15000/stats/val_step14999.json,lego_1_n30_s42_default_mpinhole_minfarthestpose_sharedcam_i30_gteval_steps15000,21.1938,0.973657,14,0.804279,,,,21.007774114608765,6010,6010,0,/home/ojab2/work/git/vggt/colmap_outputs/lego_1_n30_s42_default_mpinhole_minfarthestpose_sharedcam/eval_results.json,lego_1_n30_s42_default_mpinhole_minfarthestpose_sharedcam,lego_1_n30_s42_default_mpinhole_minfarthestpose_sharedcam_i30_gteval_steps15000_val_step14999.json,413,,colmap,30.0
colmap,30,42,,8050,,,,,0,10,minfarthestpose,30,GT Eval,,,,,False,,,,,0.0,,False,1.0,1.0,colmap,garden,,,15000,15000,default,MCMC,,,,,Shared Cam,,,,,,gsplat,,outdoor,20.411449432373047,0.3560362756252289,0.4132591187953949,1000000,0.0009017979027703404,0.08188437670469284,,,0.30631907335576336,0.377040834449024,8050,/home/ojab2/work/git/gsplat/results/colmap_outputs/garden_2_n30_s42_default_minfarthestpose_sharedcam_i30_gteval_steps15000/stats/val_step14999.json,/home/ojab2/work/git/gsplat/results/colmap_outputs/garden_2_n30_s42_default_minfarthestpose_sharedcam_i30_gteval_steps15000/stats/val_step14999.json,garden_2_n30_s42_default_minfarthestpose_sharedcam_i30_gteval_steps15000,0.0819,0.003754,30,1.031037,,,,16.621281385421753,9150,9150,0,/home/ojab2/work/git/vggt/colmap_outputs/garden_2_n30_s42_default_minfarthestpose_sharedcam/eval_results.json,garden_2_n30_s42_default_minfarthestpose_sharedcam,garden_2_n30_s42_default_minfarthestpose_sharedcam_i30_gteval_steps15000_val_step14999.json,8050,,colmap,30.0
colmap,40,42,,268,,,,,0,10,minfarthestpose,40,GT Eval,,,,,False,,,,,0.0,,False,1.0,1.0,colmap,ship,pinhole,,15000,15000,default,MCMC,,,,,Shared Cam,,,,,,gsplat,,synthetic,17.9700927734375,0.3304239511489868,0.6273350119590759,291657,0.021387474611401558,1.0151371955871582,0.06718946993350983,0.051005151122808456,0.40210942249161763,0.3189484436694192,268,/home/ojab2/work/git/gsplat/results/colmap_outputs/ship_1_n40_s42_default_mpinhole_minfarthestpose_sharedcam_i40_gteval_steps15000/stats/val_step14999.json,/home/ojab2/work/git/gsplat/results/colmap_outputs/ship_1_n40_s42_default_mpinhole_minfarthestpose_sharedcam_i40_gteval_steps15000/stats/val_step14999.json,ship_1_n40_s42_default_mpinhole_minfarthestpose_sharedcam_i40_gteval_steps15000,1.0151,0.038216,9,0.598282,,,,4.938432693481445,6592,6592,0,/home/ojab2/work/git/vggt/colmap_outputs/ship_1_n40_s42_default_mpinhole_minfarthestpose_sharedcam/eval_results.json,ship_1_n40_s42_default_mpinhole_minfarthestpose_sharedcam,ship_1_n40_s42_default_mpinhole_minfarthestpose_sharedcam_i40_gteval_steps15000_val_step14999.json,268,,colmap,40.0
colmap,40,42,,299,,,,,0,10,minfarthestpose,40,GT Eval,,,,,False,,,,,0.0,,False,1.0,1.0,colmap,drums,pinhole,,15000,15000,default,MCMC,,,,,Shared Cam,,,,,,gsplat,,synthetic,14.84659481048584,0.29656782746315,0.6821111440658569,323650,0.023211605846881866,0.9695618152618408,0.038003478199243546,0.04058633744716644,0.39719853519696235,0.2977146348938691,299,/home/ojab2/work/git/gsplat/results/colmap_outputs/drums_1_n40_s42_default_mpinhole_minfarthestpose_sharedcam_i40_gteval_steps15000/stats/val_step14999.json,/home/ojab2/work/git/gsplat/results/colmap_outputs/drums_1_n40_s42_default_mpinhole_minfarthestpose_sharedcam_i40_gteval_steps15000/stats/val_step14999.json,drums_1_n40_s42_default_mpinhole_minfarthestpose_sharedcam_i40_gteval_steps15000,0.9697,0.048106,15,0.496743,,,,15.827152490615845,6592,6592,0,/home/ojab2/work/git/vggt/colmap_outputs/drums_1_n40_s42_default_mpinhole_minfarthestpose_sharedcam/eval_results.json,drums_1_n40_s42_default_mpinhole_minfarthestpose_sharedcam,drums_1_n40_s42_default_mpinhole_minfarthestpose_sharedcam_i40_gteval_steps15000_val_step14999.json,299,,colmap,40.0
colmap,40,42,,329,,,,,0,10,minfarthestpose,40,GT Eval,,,,,False,,,,,0.0,,False,1.0,1.0,colmap,bicycle,,,15000,15000,default,MCMC,,,,,Shared Cam,,,,,,gsplat,,outdoor,15.817615509033203,0.6667900681495667,0.29693716764450073,359081,0.0037136971950531006,0.14308501780033112,,,-0.03859978678011126,0.5104915661390372,329,/home/ojab2/work/git/gsplat/results/colmap_outputs/bicycle_4_n40_s42_default_minfarthestpose_sharedcam_i40_gteval_steps15000/stats/val_step14999.json,/home/ojab2/work/git/gsplat/results/colmap_outputs/bicycle_4_n40_s42_default_minfarthestpose_sharedcam_i40_gteval_steps15000/stats/val_step14999.json,bicycle_4_n40_s42_default_minfarthestpose_sharedcam_i40_gteval_steps15000,0.1431,0.006862,9,0.685205,,,,14.81194806098938,1434,1434,0,/home/ojab2/work/git/vggt/colmap_outputs/bicycle_4_n40_s42_default_minfarthestpose_sharedcam/eval_results.json,bicycle_4_n40_s42_default_minfarthestpose_sharedcam,bicycle_4_n40_s42_default_minfarthestpose_sharedcam_i40_gteval_steps15000_val_step14999.json,329,,colmap,40.0
colmap,40,42,,1509,,,,,0,10,minfarthestpose,40,GT Eval,,,,,False,,,,,0.0,,False,1.0,1.0,colmap,lego,pinhole,,15000,15000,default,MCMC,,,,,Shared Cam,,,,,,gsplat,,synthetic,19.83553123474121,0.09924743324518204,0.7814076542854309,1000000,0.007680373732000589,0.5319482088088989,0.024425487965345383,0.026400897651910782,0.669457093868804,0.19239066740506405,1509,/home/ojab2/work/git/gsplat/results/colmap_outputs/lego_1_n40_s42_default_mpinhole_minfarthestpose_sharedcam_i40_gteval_steps15000/stats/val_step14999.json,/home/ojab2/work/git/gsplat/results/colmap_outputs/lego_1_n40_s42_default_mpinhole_minfarthestpose_sharedcam_i40_gteval_steps15000/stats/val_step14999.json,lego_1_n40_s42_default_mpinhole_minfarthestpose_sharedcam_i40_gteval_steps15000,0.5318,0.027329,36,0.864206,,,,31.72158908843994,6070,6070,0,/home/ojab2/work/git/vggt/colmap_outputs/lego_1_n40_s42_default_mpinhole_minfarthestpose_sharedcam/eval_results.json,lego_1_n40_s42_default_mpinhole_minfarthestpose_sharedcam,lego_1_n40_s42_default_mpinhole_minfarthestpose_sharedcam_i40_gteval_steps15000_val_step14999.json,1509,,colmap,40.0
colmap,40,42,,2669,,,,,0,10,minfarthestpose,40,GT Eval,,,,,False,,,,,0.0,,False,1.0,1.0,colmap,stump,,,15000,15000,default,MCMC,,,,,Shared Cam,,,,,,gsplat,,outdoor,19.4503173828125,0.5063524842262268,0.5021669864654541,1000000,0.0016637529479339719,0.06782146543264389,,,0.24772545368040905,0.4077581964913926,2669,/home/ojab2/work/git/gsplat/results/colmap_outputs/stump_2_n40_s42_default_minfarthestpose_sharedcam_i40_gteval_steps15000/stats/val_step14999.json,/home/ojab2/work/git/gsplat/results/colmap_outputs/stump_2_n40_s42_default_minfarthestpose_sharedcam_i40_gteval_steps15000/stats/val_step14999.json,stump_2_n40_s42_default_minfarthestpose_sharedcam_i40_gteval_steps15000,0.0678,0.004522,21,0.72315,,,,10.902184247970581,9468,9468,0,/home/ojab2/work/git/vggt/colmap_outputs/stump_2_n40_s42_default_minfarthestpose_sharedcam/eval_results.json,stump_2_n40_s42_default_minfarthestpose_sharedcam,stump_2_n40_s42_default_minfarthestpose_sharedcam_i40_gteval_steps15000_val_step14999.json,2669,,colmap,40.0
colmap,40,42,,16038,,,,,0,10,minfarthestpose,40,GT Eval,,,,,False,,,,,0.0,,False,1.0,1.0,colmap,garden,,,15000,15000,default,MCMC,,,,,Shared Cam,,,,,,gsplat,,outdoor,20.569843292236328,0.3247353732585907,0.42285704612731934,1000000,0.0008048277231864631,0.07946791499853134,,,0.3341866606547509,0.364401650059608,16038,/home/ojab2/work/git/gsplat/results/colmap_outputs/garden_2_n40_s42_default_minfarthestpose_sharedcam_i40_gteval_steps15000/stats/val_step14999.json,/home/ojab2/work/git/gsplat/results/colmap_outputs/garden_2_n40_s42_default_minfarthestpose_sharedcam_i40_gteval_steps15000/stats/val_step14999.json,garden_2_n40_s42_default_minfarthestpose_sharedcam_i40_gteval_steps15000,0.0795,0.003271,40,1.029936,,,,27.414010047912598,9210,9210,0,/home/ojab2/work/git/vggt/colmap_outputs/garden_2_n40_s42_default_minfarthestpose_sharedcam/eval_results.json,garden_2_n40_s42_default_minfarthestpose_sharedcam,garden_2_n40_s42_default_minfarthestpose_sharedcam_i40_gteval_steps15000_val_step14999.json,16038,,colmap,40.0
colmap,50,42,,793,,,,,0,10,minfarthestpose,50,GT Eval,,,,,False,,,,,0.0,,False,1.0,1.0,colmap,ship,pinhole,,15000,15000,default,MCMC,,,,,Shared Cam,,,,,,gsplat,,synthetic,21.458654403686523,0.20357736945152283,0.7120323777198792,881162,0.005498620215803385,0.23815003037452698,0.034165747463703156,0.0314355343580246,0.5945433979688176,0.24911689813586907,793,/home/ojab2/work/git/gsplat/results/colmap_outputs/ship_1_n50_s42_default_mpinhole_minfarthestpose_sharedcam_i50_gteval_steps15000/stats/val_step14999.json,/home/ojab2/work/git/gsplat/results/colmap_outputs/ship_1_n50_s42_default_mpinhole_minfarthestpose_sharedcam_i50_gteval_steps15000/stats/val_step14999.json,ship_1_n50_s42_default_mpinhole_minfarthestpose_sharedcam_i50_gteval_steps15000,0.2383,0.012988,27,0.661359,,,,9.553125619888306,6652,6652,0,/home/ojab2/work/git/vggt/colmap_outputs/ship_1_n50_s42_default_mpinhole_minfarthestpose_sharedcam/eval_results.json,ship_1_n50_s42_default_mpinhole_minfarthestpose_sharedcam,ship_1_n50_s42_default_mpinhole_minfarthestpose_sharedcam_i50_gteval_steps15000_val_step14999.json,793,,colmap,50.0
colmap,50,42,,803,,,,,0,10,minfarthestpose,50,GT Eval,,,,,False,,,,,0.0,,False,1.0,1.0,colmap,drums,pinhole,,15000,15000,default,MCMC,,,,,Shared Cam,,,,,,gsplat,,synthetic,19.597518920898438,0.12486504018306732,0.8350574970245361,894370,0.007081831339746714,0.3541531562805176,0.01842133328318596,0.019239824265241623,0.6806102978517049,0.18065574270670964,803,/home/ojab2/work/git/gsplat/results/colmap_outputs/drums_1_n50_s42_default_mpinhole_minfarthestpose_sharedcam_i50_gteval_steps15000/stats/val_step14999.json,/home/ojab2/work/git/gsplat/results/colmap_outputs/drums_1_n50_s42_default_mpinhole_minfarthestpose_sharedcam_i50_gteval_steps15000/stats/val_step14999.json,drums_1_n50_s42_default_mpinhole_minfarthestpose_sharedcam_i50_gteval_steps15000,0.3547,0.019978,33,0.693754,,,,26.39885139465332,6652,6652,0,/home/ojab2/work/git/vggt/colmap_outputs/drums_1_n50_s42_default_mpinhole_minfarthestpose_sharedcam/eval_results.json,drums_1_n50_s42_default_mpinhole_minfarthestpose_sharedcam,drums_1_n50_s42_default_mpinhole_minfarthestpose_sharedcam_i50_gteval_steps15000_val_step14999.json,803,,colmap,50.0
colmap,50,42,,2837,,,,,0,10,minfarthestpose,50,GT Eval,,,,,False,,,,,0.0,,False,1.0,1.0,colmap,lego,pinhole,,15000,15000,default,MCMC,,,,,Shared Cam,,,,,,gsplat,,synthetic,9.491819381713867,0.6136894226074219,0.4951036274433136,1000000,0.5288143754005432,37.20846939086914,0.6911280155181885,0.7842124104499817,-0.007079164651866939,0.4788878071427954,2837,/home/ojab2/work/git/gsplat/results/colmap_outputs/lego_1_n50_s42_default_mpinhole_minfarthestpose_sharedcam_i50_gteval_steps15000/stats/val_step14999.json,/home/ojab2/work/git/gsplat/results/colmap_outputs/lego_1_n50_s42_default_mpinhole_minfarthestpose_sharedcam_i50_gteval_steps15000/stats/val_step14999.json,lego_1_n50_s42_default_mpinhole_minfarthestpose_sharedcam_i50_gteval_steps15000,37.2085,1.621086,48,0.702186,,,,18.030107975006104,6652,6652,0,/home/ojab2/work/git/vggt/colmap_outputs/lego_1_n50_s42_default_mpinhole_minfarthestpose_sharedcam/eval_results.json,lego_1_n50_s42_default_mpinhole_minfarthestpose_sharedcam,lego_1_n50_s42_default_mpinhole_minfarthestpose_sharedcam_i50_gteval_steps15000_val_step14999.json,2837,,colmap,50.0
colmap,50,42,,3489,,,,,0,10,minfarthestpose,50,GT Eval,,,,,False,,,,,0.0,,False,1.0,1.0,colmap,bicycle,,,15000,15000,default,MCMC,,,,,Shared Cam,,,,,,gsplat,,outdoor,19.971603393554688,0.43686988949775696,0.37685221433639526,1000000,0.0030892484355717897,0.1497589349746704,,,0.2269858964237786,0.4121108639918377,3489,/home/ojab2/work/git/gsplat/results/colmap_outputs/bicycle_4_n50_s42_default_minfarthestpose_sharedcam_i50_gteval_steps15000/stats/val_step14999.json,/home/ojab2/work/git/gsplat/results/colmap_outputs/bicycle_4_n50_s42_default_minfarthestpose_sharedcam_i50_gteval_steps15000/stats/val_step14999.json,bicycle_4_n50_s42_default_minfarthestpose_sharedcam_i50_gteval_steps15000,0.1498,0.011463,46,0.97877,,,,10.574543714523315,7346,7346,0,/home/ojab2/work/git/vggt/colmap_outputs/bicycle_4_n50_s42_default_minfarthestpose_sharedcam/eval_results.json,bicycle_4_n50_s42_default_minfarthestpose_sharedcam,bicycle_4_n50_s42_default_minfarthestpose_sharedcam_i50_gteval_steps15000_val_step14999.json,3489,,colmap,50.0
colmap,50,42,,3584,,,,,0,10,minfarthestpose,50,GT Eval,,,,,False,,,,,0.0,,False,1.0,1.0,colmap,stump,,,15000,15000,default,MCMC,,,,,Shared Cam,,,,,,gsplat,,outdoor,19.90422248840332,0.4939579367637634,0.5229108929634094,1000000,0.0017587877810001373,0.08486564457416534,,,0.27591299848017403,0.3982990982554842,3584,/home/ojab2/work/git/gsplat/results/colmap_outputs/stump_2_n50_s42_default_minfarthestpose_sharedcam_i50_gteval_steps15000/stats/val_step14999.json,/home/ojab2/work/git/gsplat/results/colmap_outputs/stump_2_n50_s42_default_minfarthestpose_sharedcam_i50_gteval_steps15000/stats/val_step14999.json,stump_2_n50_s42_default_minfarthestpose_sharedcam_i50_gteval_steps15000,0.0849,0.005529,31,0.829807,,,,15.191178798675537,9528,9528,0,/home/ojab2/work/git/vggt/colmap_outputs/stump_2_n50_s42_default_minfarthestpose_sharedcam/eval_results.json,stump_2_n50_s42_default_minfarthestpose_sharedcam,stump_2_n50_s42_default_minfarthestpose_sharedcam_i50_gteval_steps15000_val_step14999.json,3584,,colmap,50.0
colmap,50,42,,25421,,,,,0,10,minfarthestpose,50,GT Eval,,,,,False,,,,,0.0,,False,1.0,1.0,colmap,garden,,,15000,15000,default,MCMC,,,,,Shared Cam,,,,,,gsplat,,outdoor,20.968908309936523,0.3062770366668701,0.4411541819572449,1000000,0.000735376204829663,0.07241864502429962,,,0.3636708679409907,0.3539457664513222,25421,/home/ojab2/work/git/gsplat/results/colmap_outputs/garden_2_n50_s42_default_minfarthestpose_sharedcam_i50_gteval_steps15000/stats/val_step14999.json,/home/ojab2/work/git/gsplat/results/colmap_outputs/garden_2_n50_s42_default_minfarthestpose_sharedcam_i50_gteval_steps15000/stats/val_step14999.json,garden_2_n50_s42_default_minfarthestpose_sharedcam_i50_gteval_steps15000,0.0724,0.003021,50,1.021916,,,,31.005630254745483,9792,9792,0,/home/ojab2/work/git/vggt/colmap_outputs/garden_2_n50_s42_default_minfarthestpose_sharedcam/eval_results.json,garden_2_n50_s42_default_minfarthestpose_sharedcam,garden_2_n50_s42_default_minfarthestpose_sharedcam_i50_gteval_steps15000_val_step14999.json,25421,,colmap,50.0
colmap,60,42,,1175,,,,,0,10,minfarthestpose,60,GT Eval,,,,,False,,,,,0.0,,False,1.0,1.0,colmap,drums,pinhole,,15000,15000,default,MCMC,,,,,Shared Cam,,,,,,gsplat,,synthetic,21.46663475036621,0.1071256473660469,0.8787174224853516,1000000,0.005875906441360712,0.2919759154319763,0.016683457419276237,0.017402132973074913,0.7517059165851259,0.1541720619725013,1175,/home/ojab2/work/git/gsplat/results/colmap_outputs/drums_1_n60_s42_default_mpinhole_minfarthestpose_sharedcam_i60_gteval_steps15000/stats/val_step14999.json,/home/ojab2/work/git/gsplat/results/colmap_outputs/drums_1_n60_s42_default_mpinhole_minfarthestpose_sharedcam_i60_gteval_steps15000/stats/val_step14999.json,drums_1_n60_s42_default_mpinhole_minfarthestpose_sharedcam_i60_gteval_steps15000,0.2927,0.018285,44,0.770645,,,,30.41712498664856,6716,6716,0,/home/ojab2/work/git/vggt/colmap_outputs/drums_1_n60_s42_default_mpinhole_minfarthestpose_sharedcam/eval_results.json,drums_1_n60_s42_default_mpinhole_minfarthestpose_sharedcam,drums_1_n60_s42_default_mpinhole_minfarthestpose_sharedcam_i60_gteval_steps15000_val_step14999.json,1175,,colmap,60.0
colmap,60,42,,1962,,,,,0,10,minfarthestpose,60,GT Eval,,,,,False,,,,,0.0,,False,1.0,1.0,colmap,ship,pinhole,,15000,15000,default,MCMC,,,,,Shared Cam,,,,,,gsplat,,synthetic,22.031282424926758,0.16121169924736023,0.7412988543510437,1000000,0.004959248472005129,0.3282996416091919,0.02898668311536312,0.030586976557970047,0.6484141674732681,0.22536757103469807,1962,/home/ojab2/work/git/gsplat/results/colmap_outputs/ship_1_n60_s42_default_mpinhole_minfarthestpose_sharedcam_i60_gteval_steps15000/stats/val_step14999.json,/home/ojab2/work/git/gsplat/results/colmap_outputs/ship_1_n60_s42_default_mpinhole_minfarthestpose_sharedcam_i60_gteval_steps15000/stats/val_step14999.json,ship_1_n60_s42_default_mpinhole_minfarthestpose_sharedcam_i60_gteval_steps15000,0.3285,0.016235,52,0.800742,,,,11.243252992630005,6716,6716,0,/home/ojab2/work/git/vggt/colmap_outputs/ship_1_n60_s42_default_mpinhole_minfarthestpose_sharedcam/eval_results.json,ship_1_n60_s42_default_mpinhole_minfarthestpose_sharedcam,ship_1_n60_s42_default_mpinhole_minfarthestpose_sharedcam_i60_gteval_steps15000_val_step14999.json,1962,,colmap,60.0
colmap,60,42,,4233,,,,,0,10,minfarthestpose,60,GT Eval,,,,,False,,,,,0.0,,False,1.0,1.0,colmap,lego,pinhole,,15000,15000,default,MCMC,,,,,Shared Cam,,,,,,gsplat,,synthetic,9.51300048828125,0.6039016842842102,0.4862987995147705,1000000,0.5501680970191956,42.754554748535156,0.5868042707443237,0.6410684585571289,-0.005794130338330428,0.47749922522954763,4233,/home/ojab2/work/git/gsplat/results/colmap_outputs/lego_1_n60_s42_default_mpinhole_minfarthestpose_sharedcam_i60_gteval_steps15000/stats/val_step14999.json,/home/ojab2/work/git/gsplat/results/colmap_outputs/lego_1_n60_s42_default_mpinhole_minfarthestpose_sharedcam_i60_gteval_steps15000/stats/val_step14999.json,lego_1_n60_s42_default_mpinhole_minfarthestpose_sharedcam_i60_gteval_steps15000,42.7544,1.76595,59,0.712957,,,,19.28944230079651,6716,6716,0,/home/ojab2/work/git/vggt/colmap_outputs/lego_1_n60_s42_default_mpinhole_minfarthestpose_sharedcam/eval_results.json,lego_1_n60_s42_default_mpinhole_minfarthestpose_sharedcam,lego_1_n60_s42_default_mpinhole_minfarthestpose_sharedcam_i60_gteval_steps15000_val_step14999.json,4233,,colmap,60.0
colmap,60,42,,5439,,,,,0,10,minfarthestpose,60,GT Eval,,,,,False,,,,,0.0,,False,1.0,1.0,colmap,bicycle,,,15000,15000,default,MCMC,,,,,Shared Cam,,,,,,gsplat,,outdoor,19.752241134643555,0.40431737899780273,0.36857086420059204,1000000,0.0029093585908412933,0.13441917300224304,,,0.23817487983753186,0.40317653525129193,5439,/home/ojab2/work/git/gsplat/results/colmap_outputs/bicycle_4_n60_s42_default_minfarthestpose_sharedcam_i60_gteval_steps15000/stats/val_step14999.json,/home/ojab2/work/git/gsplat/results/colmap_outputs/bicycle_4_n60_s42_default_minfarthestpose_sharedcam_i60_gteval_steps15000/stats/val_step14999.json,bicycle_4_n60_s42_default_minfarthestpose_sharedcam_i60_gteval_steps15000,0.1344,0.010799,59,1.02818,,,,14.349272727966309,7410,7410,0,/home/ojab2/work/git/vggt/colmap_outputs/bicycle_4_n60_s42_default_minfarthestpose_sharedcam/eval_results.json,bicycle_4_n60_s42_default_minfarthestpose_sharedcam,bicycle_4_n60_s42_default_minfarthestpose_sharedcam_i60_gteval_steps15000_val_step14999.json,5439,,colmap,60.0
colmap,60,42,,7456,,,,,0,10,minfarthestpose,60,GT Eval,,,,,False,,,,,0.0,,False,1.0,1.0,colmap,stump,,,15000,15000,default,MCMC,,,,,Shared Cam,,,,,,gsplat,,outdoor,22.481861114501953,0.4334394335746765,0.6201140880584717,1000000,0.0017187476623803377,0.05464011803269386,,,0.41784812158543694,0.35181174619674216,7456,/home/ojab2/work/git/gsplat/results/colmap_outputs/stump_2_n60_s42_default_minfarthestpose_sharedcam_i60_gteval_steps15000/stats/val_step14999.json,/home/ojab2/work/git/gsplat/results/colmap_outputs/stump_2_n60_s42_default_minfarthestpose_sharedcam_i60_gteval_steps15000/stats/val_step14999.json,stump_2_n60_s42_default_minfarthestpose_sharedcam_i60_gteval_steps15000,0.0546,0.006326,60,1.007535,,,,21.20139789581299,9592,9592,0,/home/ojab2/work/git/vggt/colmap_outputs/stump_2_n60_s42_default_minfarthestpose_sharedcam/eval_results.json,stump_2_n60_s42_default_minfarthestpose_sharedcam,stump_2_n60_s42_default_minfarthestpose_sharedcam_i60_gteval_steps15000_val_step14999.json,7456,,colmap,60.0
colmap,60,42,,34210,,,,,0,10,minfarthestpose,60,GT Eval,,,,,False,,,,,0.0,,False,1.0,1.0,colmap,garden,,,15000,15000,default,MCMC,,,,,Shared Cam,,,,,,gsplat,,outdoor,21.483154296875,0.29751619696617126,0.47562894225120544,1000000,0.0007055920432321727,0.06019479036331177,,,0.3987625460488367,0.34291928808949035,34210,/home/ojab2/work/git/gsplat/results/colmap_outputs/garden_2_n60_s42_default_minfarthestpose_sharedcam_i60_gteval_steps15000/stats/val_step14999.json,/home/ojab2/work/git/gsplat/results/colmap_outputs/garden_2_n60_s42_default_minfarthestpose_sharedcam_i60_gteval_steps15000/stats/val_step14999.json,garden_2_n60_s42_default_minfarthestpose_sharedcam_i60_gteval_steps15000,0.0602,0.002877,60,1.016844,,,,48.06957793235779,9856,9856,0,/home/ojab2/work/git/vggt/colmap_outputs/garden_2_n60_s42_default_minfarthestpose_sharedcam/eval_results.json,garden_2_n60_s42_default_minfarthestpose_sharedcam,garden_2_n60_s42_default_minfarthestpose_sharedcam_i60_gteval_steps15000_val_step14999.json,34210,,colmap,60.0
colmap,70,42,,1711,,,,,0,10,minfarthestpose,70,GT Eval,,,,,False,,,,,0.0,,False,1.0,1.0,colmap,drums,pinhole,,15000,15000,default,MCMC,,,,,Shared Cam,,,,,,gsplat,,synthetic,20.642908096313477,0.10815706104040146,0.8602676391601562,1000000,0.0048123011365532875,0.22917625308036804,0.017454026266932487,0.01790134608745575,0.7250256972064284,0.16352966318014636,1711,/home/ojab2/work/git/gsplat/results/colmap_outputs/drums_1_n70_s42_default_mpinhole_minfarthestpose_sharedcam_i70_gteval_steps15000/stats/val_step14999.json,/home/ojab2/work/git/gsplat/results/colmap_outputs/drums_1_n70_s42_default_mpinhole_minfarthestpose_sharedcam_i70_gteval_steps15000/stats/val_step14999.json,drums_1_n70_s42_default_mpinhole_minfarthestpose_sharedcam_i70_gteval_steps15000,0.2295,0.014344,53,0.75209,,,,46.39105224609375,6776,6776,0,/home/ojab2/work/git/vggt/colmap_outputs/drums_1_n70_s42_default_mpinhole_minfarthestpose_sharedcam/eval_results.json,drums_1_n70_s42_default_mpinhole_minfarthestpose_sharedcam,drums_1_n70_s42_default_mpinhole_minfarthestpose_sharedcam_i70_gteval_steps15000_val_step14999.json,1711,,colmap,70.0
colmap,70,42,,2748,,,,,0,10,minfarthestpose,70,GT Eval,,,,,False,,,,,0.0,,False,1.0,1.0,colmap,ship,pinhole,,15000,15000,default,MCMC,,,,,Shared Cam,,,,,,gsplat,,synthetic,22.920597076416016,0.1465238332748413,0.7628100514411926,1000000,0.004077303223311901,0.2112027108669281,0.02801118791103363,0.02891070395708084,0.6865291886704551,0.212883229585469,2748,/home/ojab2/work/git/gsplat/results/colmap_outputs/ship_1_n70_s42_default_mpinhole_minfarthestpose_sharedcam_i70_gteval_steps15000/stats/val_step14999.json,/home/ojab2/work/git/gsplat/results/colmap_outputs/ship_1_n70_s42_default_mpinhole_minfarthestpose_sharedcam_i70_gteval_steps15000/stats/val_step14999.json,ship_1_n70_s42_default_mpinhole_minfarthestpose_sharedcam_i70_gteval_steps15000,0.2115,0.013257,63,0.814222,,,,14.959670066833496,6776,6776,0,/home/ojab2/work/git/vggt/colmap_outputs/ship_1_n70_s42_default_mpinhole_minfarthestpose_sharedcam/eval_results.json,ship_1_n70_s42_default_mpinhole_minfarthestpose_sharedcam,ship_1_n70_s42_default_mpinhole_minfarthestpose_sharedcam_i70_gteval_steps15000_val_step14999.json,2748,,colmap,70.0
colmap,70,42,,5764,,,,,0,10,minfarthestpose,70,GT Eval,,,,,False,,,,,0.0,,False,1.0,1.0,colmap,lego,pinhole,,15000,15000,default,MCMC,,,,,Shared Cam,,,,,,gsplat,,synthetic,22.652563095092773,0.06905500590801239,0.8519454598426819,1000000,0.1379781812429428,13.015335083007812,0.021815670654177666,0.021988926455378532,0.7815118300558452,0.1530876213141112,5764,/home/ojab2/work/git/gsplat/results/colmap_outputs/lego_1_n70_s42_default_mpinhole_minfarthestpose_sharedcam_i70_gteval_steps15000/stats/val_step14999.json,/home/ojab2/work/git/gsplat/results/colmap_outputs/lego_1_n70_s42_default_mpinhole_minfarthestpose_sharedcam_i70_gteval_steps15000/stats/val_step14999.json,lego_1_n70_s42_default_mpinhole_minfarthestpose_sharedcam_i70_gteval_steps15000,13.0156,0.491599,70,0.930681,,,,33.80655479431152,6776,6776,0,/home/ojab2/work/git/vggt/colmap_outputs/lego_1_n70_s42_default_mpinhole_minfarthestpose_sharedcam/eval_results.json,lego_1_n70_s42_default_mpinhole_minfarthestpose_sharedcam,lego_1_n70_s42_default_mpinhole_minfarthestpose_sharedcam_i70_gteval_steps15000_val_step14999.json,5764,,colmap,70.0
colmap,70,42,,8521,,,,,0,10,minfarthestpose,70,GT Eval,,,,,False,,,,,0.0,,False,1.0,1.0,colmap,bicycle,,,15000,15000,default,MCMC,,,,,Shared Cam,,,,,,gsplat,,outdoor,19.710527420043945,0.3646119236946106,0.37013497948646545,1000000,0.0026197393890470266,0.11995593458414078,,,0.26282663125353556,0.3896471779847298,8521,/home/ojab2/work/git/gsplat/results/colmap_outputs/bicycle_4_n70_s42_default_minfarthestpose_sharedcam_i70_gteval_steps15000/stats/val_step14999.json,/home/ojab2/work/git/gsplat/results/colmap_outputs/bicycle_4_n70_s42_default_minfarthestpose_sharedcam_i70_gteval_steps15000/stats/val_step14999.json,bicycle_4_n70_s42_default_minfarthestpose_sharedcam_i70_gteval_steps15000,0.12,0.009717,69,1.016821,,,,20.831656455993652,7470,7470,0,/home/ojab2/work/git/vggt/colmap_outputs/bicycle_4_n70_s42_default_minfarthestpose_sharedcam/eval_results.json,bicycle_4_n70_s42_default_minfarthestpose_sharedcam,bicycle_4_n70_s42_default_minfarthestpose_sharedcam_i70_gteval_steps15000_val_step14999.json,8521,,colmap,70.0
colmap,70,42,,10379,,,,,0,10,minfarthestpose,70,GT Eval,,,,,False,,,,,0.0,,False,1.0,1.0,colmap,stump,,,15000,15000,default,MCMC,,,,,Shared Cam,,,,,,gsplat,,outdoor,23.05914306640625,0.4161098003387451,0.642978310585022,1000000,0.0013794626574963331,0.043135255575180054,,,0.4526067229352113,0.3395222675110053,10379,/home/ojab2/work/git/gsplat/results/colmap_outputs/stump_2_n70_s42_default_minfarthestpose_sharedcam_i70_gteval_steps15000/stats/val_step14999.json,/home/ojab2/work/git/gsplat/results/colmap_outputs/stump_2_n70_s42_default_minfarthestpose_sharedcam_i70_gteval_steps15000/stats/val_step14999.json,stump_2_n70_s42_default_minfarthestpose_sharedcam_i70_gteval_steps15000,0.0431,0.005018,70,0.985276,,,,28.946945190429688,9652,9652,0,/home/ojab2/work/git/vggt/colmap_outputs/stump_2_n70_s42_default_minfarthestpose_sharedcam/eval_results.json,stump_2_n70_s42_default_minfarthestpose_sharedcam,stump_2_n70_s42_default_minfarthestpose_sharedcam_i70_gteval_steps15000_val_step14999.json,10379,,colmap,70.0
colmap,70,42,,43941,,,,,0,10,minfarthestpose,70,GT Eval,,,,,False,,,,,0.0,,False,1.0,1.0,colmap,garden,,,15000,15000,default,MCMC,,,,,Shared Cam,,,,,,gsplat,,outdoor,21.485448837280273,0.2839418649673462,0.46950864791870117,1000000,0.0007179754902608693,0.06462907791137695,,,0.40360513532835607,0.33979781842250706,43941,/home/ojab2/work/git/gsplat/results/colmap_outputs/garden_2_n70_s42_default_minfarthestpose_sharedcam_i70_gteval_steps15000/stats/val_step14999.json,/home/ojab2/work/git/gsplat/results/colmap_outputs/garden_2_n70_s42_default_minfarthestpose_sharedcam_i70_gteval_steps15000/stats/val_step14999.json,garden_2_n70_s42_default_minfarthestpose_sharedcam_i70_gteval_steps15000,0.0646,0.002954,70,1.033049,,,,59.864672899246216,9916,9916,0,/home/ojab2/work/git/vggt/colmap_outputs/garden_2_n70_s42_default_minfarthestpose_sharedcam/eval_results.json,garden_2_n70_s42_default_minfarthestpose_sharedcam,garden_2_n70_s42_default_minfarthestpose_sharedcam_i70_gteval_steps15000_val_step14999.json,43941,,colmap,70.0
colmap,80,42,,2571,,,,,0,10,minfarthestpose,80,GT Eval,,,,,False,,,,,0.0,,False,1.0,1.0,colmap,drums,pinhole,,15000,15000,default,MCMC,,,,,Shared Cam,,,,,,gsplat,,synthetic,22.01573371887207,0.1012115478515625,0.8877139091491699,1000000,0.004395661875605583,0.20921207964420319,0.016546260565519333,0.017520464956760406,0.7707861980267202,0.14752982405196172,2571,/home/ojab2/work/git/gsplat/results/colmap_outputs/drums_1_n80_s42_default_mpinhole_minfarthestpose_sharedcam_i80_gteval_steps15000/stats/val_step14999.json,/home/ojab2/work/git/gsplat/results/colmap_outputs/drums_1_n80_s42_default_mpinhole_minfarthestpose_sharedcam_i80_gteval_steps15000/stats/val_step14999.json,drums_1_n80_s42_default_mpinhole_minfarthestpose_sharedcam_i80_gteval_steps15000,0.21,0.013163,61,0.73288,,,,57.9729950428009,6836,6836,0,/home/ojab2/work/git/vggt/colmap_outputs/drums_1_n80_s42_default_mpinhole_minfarthestpose_sharedcam/eval_results.json,drums_1_n80_s42_default_mpinhole_minfarthestpose_sharedcam,drums_1_n80_s42_default_mpinhole_minfarthestpose_sharedcam_i80_gteval_steps15000_val_step14999.json,2571,,colmap,80.0
colmap,80,42,,3818,,,,,0,10,minfarthestpose,80,GT Eval,,,,,False,,,,,0.0,,False,1.0,1.0,colmap,ship,pinhole,,15000,15000,default,MCMC,,,,,Shared Cam,,,,,,gsplat,,synthetic,23.95128059387207,0.1371573507785797,0.789847731590271,1000000,0.0029240939766168594,0.1490263044834137,0.027568796649575233,0.027714744210243225,0.7272092086529869,0.1998690038868526,3818,/home/ojab2/work/git/gsplat/results/colmap_outputs/ship_1_n80_s42_default_mpinhole_minfarthestpose_sharedcam_i80_gteval_steps15000/stats/val_step14999.json,/home/ojab2/work/git/gsplat/results/colmap_outputs/ship_1_n80_s42_default_mpinhole_minfarthestpose_sharedcam_i80_gteval_steps15000/stats/val_step14999.json,ship_1_n80_s42_default_mpinhole_minfarthestpose_sharedcam_i80_gteval_steps15000,0.1491,0.009487,74,0.83563,,,,19.210057735443115,6836,6836,0,/home/ojab2/work/git/vggt/colmap_outputs/ship_1_n80_s42_default_mpinhole_minfarthestpose_sharedcam/eval_results.json,ship_1_n80_s42_default_mpinhole_minfarthestpose_sharedcam,ship_1_n80_s42_default_mpinhole_minfarthestpose_sharedcam_i80_gteval_steps15000_val_step14999.json,3818,,colmap,80.0
colmap,80,42,,8189,,,,,0,10,minfarthestpose,80,GT Eval,,,,,False,,,,,0.0,,False,1.0,1.0,colmap,lego,pinhole,,15000,15000,default,MCMC,,,,,Shared Cam,,,,,,gsplat,,synthetic,11.245566368103027,0.4587663412094116,0.5789228081703186,1000000,0.20273685455322266,12.490297317504883,0.30531224608421326,0.3175135552883148,0.170046227872178,0.3942456552448541,8189,/home/ojab2/work/git/gsplat/results/colmap_outputs/lego_1_n80_s42_default_mpinhole_minfarthestpose_sharedcam_i80_gteval_steps15000/stats/val_step14999.json,/home/ojab2/work/git/gsplat/results/colmap_outputs/lego_1_n80_s42_default_mpinhole_minfarthestpose_sharedcam_i80_gteval_steps15000/stats/val_step14999.json,lego_1_n80_s42_default_mpinhole_minfarthestpose_sharedcam_i80_gteval_steps15000,12.3915,0.644267,80,0.828364,,,,36.368884801864624,6836,6836,0,/home/ojab2/work/git/vggt/colmap_outputs/lego_1_n80_s42_default_mpinhole_minfarthestpose_sharedcam/eval_results.json,lego_1_n80_s42_default_mpinhole_minfarthestpose_sharedcam,lego_1_n80_s42_default_mpinhole_minfarthestpose_sharedcam_i80_gteval_steps15000_val_step14999.json,8189,,colmap,80.0
colmap,80,42,,11796,,,,,0,10,minfarthestpose,80,GT Eval,,,,,False,,,,,0.0,,False,1.0,1.0,colmap,bicycle,,,15000,15000,default,MCMC,,,,,Shared Cam,,,,,,gsplat,,outdoor,20.295074462890625,0.34108200669288635,0.40262851119041443,1000000,0.002403906313702464,0.11904101073741913,,,0.307178281939905,0.37444108347248783,11796,/home/ojab2/work/git/gsplat/results/colmap_outputs/bicycle_4_n80_s42_default_minfarthestpose_sharedcam_i80_gteval_steps15000/stats/val_step14999.json,/home/ojab2/work/git/gsplat/results/colmap_outputs/bicycle_4_n80_s42_default_minfarthestpose_sharedcam_i80_gteval_steps15000/stats/val_step14999.json,bicycle_4_n80_s42_default_minfarthestpose_sharedcam_i80_gteval_steps15000,0.119,0.008923,80,1.011902,,,,27.30118417739868,7552,7552,0,/home/ojab2/work/git/vggt/colmap_outputs/bicycle_4_n80_s42_default_minfarthestpose_sharedcam/eval_results.json,bicycle_4_n80_s42_default_minfarthestpose_sharedcam,bicycle_4_n80_s42_default_minfarthestpose_sharedcam_i80_gteval_steps15000_val_step14999.json,11796,,colmap,80.0
colmap,80,42,,13289,,,,,0,10,minfarthestpose,80,GT Eval,,,,,False,,,,,0.0,,False,1.0,1.0,colmap,stump,,,15000,15000,default,MCMC,,,,,Shared Cam,,,,,,gsplat,,outdoor,23.69529914855957,0.3987574875354767,0.6667870879173279,1000000,0.0010066709946841002,0.029328374192118645,,,0.4890219569206238,0.32675795815799796,13289,/home/ojab2/work/git/gsplat/results/colmap_outputs/stump_2_n80_s42_default_minfarthestpose_sharedcam_i80_gteval_steps15000/stats/val_step14999.json,/home/ojab2/work/git/gsplat/results/colmap_outputs/stump_2_n80_s42_default_minfarthestpose_sharedcam_i80_gteval_steps15000/stats/val_step14999.json,stump_2_n80_s42_default_minfarthestpose_sharedcam_i80_gteval_steps15000,0.0293,0.003643,79,1.001219,,,,35.555680990219116,9712,9712,0,/home/ojab2/work/git/vggt/colmap_outputs/stump_2_n80_s42_default_minfarthestpose_sharedcam/eval_results.json,stump_2_n80_s42_default_minfarthestpose_sharedcam,stump_2_n80_s42_default_minfarthestpose_sharedcam_i80_gteval_steps15000_val_step14999.json,13289,,colmap,80.0
colmap,80,42,,53825,,,,,0,10,minfarthestpose,80,GT Eval,,,,,False,,,,,0.0,,False,1.0,1.0,colmap,garden,,,15000,15000,default,MCMC,,,,,Shared Cam,,,,,,gsplat,,outdoor,21.558483123779297,0.2749709188938141,0.47525128722190857,1000000,0.000695251626893878,0.06090160459280014,,,0.4138535117467864,0.33545036466661493,53825,/home/ojab2/work/git/gsplat/results/colmap_outputs/garden_2_n80_s42_default_minfarthestpose_sharedcam_i80_gteval_steps15000/stats/val_step14999.json,/home/ojab2/work/git/gsplat/results/colmap_outputs/garden_2_n80_s42_default_minfarthestpose_sharedcam_i80_gteval_steps15000/stats/val_step14999.json,garden_2_n80_s42_default_minfarthestpose_sharedcam_i80_gteval_steps15000,0.0609,0.002865,80,1.02083,,,,81.6151819229126,9976,9976,0,/home/ojab2/work/git/vggt/colmap_outputs/garden_2_n80_s42_default_minfarthestpose_sharedcam/eval_results.json,garden_2_n80_s42_default_minfarthestpose_sharedcam,garden_2_n80_s42_default_minfarthestpose_sharedcam_i80_gteval_steps15000_val_step14999.json,53825,,colmap,80.0
colmap,87,42,,3866,,,,,0,10,farthestpose,87,GT Eval,,,,,False,,,,,0.0,,False,1.0,1.0,colmap,drums,pinhole,,15000,15000,default,MCMC,,,,,Shared Cam,,,,,,gsplat,,synthetic,22.46944808959961,0.09344673901796341,0.898908793926239,1000000,0.0029796594753861427,0.1518741101026535,0.016105035319924355,0.016583064571022987,0.7905281241196481,0.13901942819483265,3866,/home/ojab2/work/git/gsplat/results/colmap_outputs/drums_1_n87_s42_default_mpinhole_farthestpose_sharedcam_i87_gteval_steps15000/stats/val_step14999.json,/home/ojab2/work/git/gsplat/results/colmap_outputs/drums_1_n87_s42_default_mpinhole_farthestpose_sharedcam_i87_gteval_steps15000/stats/val_step14999.json,drums_1_n87_s42_default_mpinhole_farthestpose_sharedcam_i87_gteval_steps15000,0.1528,0.009899,79,0.837402,,,,70.49110555648804,6778,6778,0,/home/ojab2/work/git/vggt/colmap_outputs/drums_1_n87_s42_default_mpinhole_farthestpose_sharedcam/eval_results.json,drums_1_n87_s42_default_mpinhole_farthestpose_sharedcam,drums_1_n87_s42_default_mpinhole_farthestpose_sharedcam_i87_gteval_steps15000_val_step14999.json,3866,,colmap,87.0
colmap,87,42,,5146,,,,,0,10,farthestpose,87,GT Eval,,,,,False,,,,,0.0,,False,1.0,1.0,colmap,ship,pinhole,,15000,15000,default,MCMC,,,,,Shared Cam,,,,,,gsplat,,synthetic,22.400592803955078,0.14908459782600403,0.7505561709403992,1000000,0.0035610124468803406,0.2434609830379486,0.031018691137433052,0.029304901137948036,0.6681527490736681,0.21809391039233772,5146,/home/ojab2/work/git/gsplat/results/colmap_outputs/ship_1_n87_s42_default_mpinhole_farthestpose_sharedcam_i87_gteval_steps15000/stats/val_step14999.json,/home/ojab2/work/git/gsplat/results/colmap_outputs/ship_1_n87_s42_default_mpinhole_farthestpose_sharedcam_i87_gteval_steps15000/stats/val_step14999.json,ship_1_n87_s42_default_mpinhole_farthestpose_sharedcam_i87_gteval_steps15000,0.2458,0.011214,80,0.865091,,,,25.509971380233765,983,983,0,/home/ojab2/work/git/vggt/colmap_outputs/ship_1_n87_s42_default_mpinhole_farthestpose_sharedcam/eval_results.json,ship_1_n87_s42_default_mpinhole_farthestpose_sharedcam,ship_1_n87_s42_default_mpinhole_farthestpose_sharedcam_i87_gteval_steps15000_val_step14999.json,5146,,colmap,87.0
colmap,87,42,,10313,,,,,0,10,farthestpose,87,GT Eval,,,,,False,,,,,0.0,,False,1.0,1.0,colmap,lego,pinhole,,15000,15000,default,MCMC,,,,,Shared Cam,,,,,,gsplat,,synthetic,22.786890029907227,0.06574113667011261,0.8507940173149109,1000000,0.11692719161510468,10.478508949279785,0.02123933658003807,0.0218884889036417,0.7853716059773675,0.15242566000284324,10313,/home/ojab2/work/git/gsplat/results/colmap_outputs/lego_1_n87_s42_default_mpinhole_farthestpose_sharedcam_i87_gteval_steps15000/stats/val_step14999.json,/home/ojab2/work/git/gsplat/results/colmap_outputs/lego_1_n87_s42_default_mpinhole_farthestpose_sharedcam_i87_gteval_steps15000/stats/val_step14999.json,lego_1_n87_s42_default_mpinhole_farthestpose_sharedcam_i87_gteval_steps15000,10.4784,0.403756,87,0.885202,,,,47.262017250061035,6778,6778,0,/home/ojab2/work/git/vggt/colmap_outputs/lego_1_n87_s42_default_mpinhole_farthestpose_sharedcam/eval_results.json,lego_1_n87_s42_default_mpinhole_farthestpose_sharedcam,lego_1_n87_s42_default_mpinhole_farthestpose_sharedcam_i87_gteval_steps15000_val_step14999.json,10313,,colmap,87.0
colmap,90,42,,15687,,,,,0,10,minfarthestpose,90,GT Eval,,,,,False,,,,,0.0,,False,1.0,1.0,colmap,bicycle,,,15000,15000,default,MCMC,,,,,Shared Cam,,,,,,gsplat,,outdoor,20.278013229370117,0.32080644369125366,0.4018096923828125,1000000,0.002212557476013899,0.1129547581076622,,,0.3188992713936898,0.36787132982798865,15687,/home/ojab2/work/git/gsplat/results/colmap_outputs/bicycle_4_n90_s42_default_minfarthestpose_sharedcam_i90_gteval_steps15000/stats/val_step14999.json,/home/ojab2/work/git/gsplat/results/colmap_outputs/bicycle_4_n90_s42_default_minfarthestpose_sharedcam_i90_gteval_steps15000/stats/val_step14999.json,bicycle_4_n90_s42_default_minfarthestpose_sharedcam_i90_gteval_steps15000,0.113,0.008149,89,1.011157,,,,32.59644627571106,7616,7616,0,/home/ojab2/work/git/vggt/colmap_outputs/bicycle_4_n90_s42_default_minfarthestpose_sharedcam/eval_results.json,bicycle_4_n90_s42_default_minfarthestpose_sharedcam,bicycle_4_n90_s42_default_minfarthestpose_sharedcam_i90_gteval_steps15000_val_step14999.json,15687,,colmap,90.0
colmap,90,42,,16476,,,,,0,10,minfarthestpose,90,GT Eval,,,,,False,,,,,0.0,,False,1.0,1.0,colmap,stump,,,15000,15000,default,MCMC,,,,,Shared Cam,,,,,,gsplat,,outdoor,24.336627960205078,0.3709244132041931,0.6901689767837524,1000000,0.0008569591445848346,0.023860109969973564,,,0.5317529456967112,0.31041107744055035,16476,/home/ojab2/work/git/gsplat/results/colmap_outputs/stump_2_n90_s42_default_minfarthestpose_sharedcam_i90_gteval_steps15000/stats/val_step14999.json,/home/ojab2/work/git/gsplat/results/colmap_outputs/stump_2_n90_s42_default_minfarthestpose_sharedcam_i90_gteval_steps15000/stats/val_step14999.json,stump_2_n90_s42_default_minfarthestpose_sharedcam_i90_gteval_steps15000,0.0239,0.003115,90,0.978572,,,,43.148460149765015,9776,9776,0,/home/ojab2/work/git/vggt/colmap_outputs/stump_2_n90_s42_default_minfarthestpose_sharedcam/eval_results.json,stump_2_n90_s42_default_minfarthestpose_sharedcam,stump_2_n90_s42_default_minfarthestpose_sharedcam_i90_gteval_steps15000_val_step14999.json,16476,,colmap,90.0
colmap,90,42,,61761,,,,,0,10,minfarthestpose,90,GT Eval,,,,,False,,,,,0.0,,False,1.0,1.0,colmap,garden,,,15000,15000,default,MCMC,,,,,Shared Cam,,,,,,gsplat,,outdoor,21.804637908935547,0.2706519365310669,0.49245256185531616,1000000,0.0006858127890154719,0.056672196835279465,,,0.43113719712146464,0.3298918186080354,61761,/home/ojab2/work/git/gsplat/results/colmap_outputs/garden_2_n90_s42_default_minfarthestpose_sharedcam_i90_gteval_steps15000/stats/val_step14999.json,/home/ojab2/work/git/gsplat/results/colmap_outputs/garden_2_n90_s42_default_minfarthestpose_sharedcam_i90_gteval_steps15000/stats/val_step14999.json,garden_2_n90_s42_default_minfarthestpose_sharedcam_i90_gteval_steps15000,0.0567,0.002798,90,1.026489,,,,96.32287335395813,10040,10040,0,/home/ojab2/work/git/vggt/colmap_outputs/garden_2_n90_s42_default_minfarthestpose_sharedcam/eval_results.json,garden_2_n90_s42_default_minfarthestpose_sharedcam,garden_2_n90_s42_default_minfarthestpose_sharedcam_i90_gteval_steps15000_val_step14999.json,61761,,colmap,90.0
colmap,100,42,,18886,,,,,0,10,minfarthestpose,100,GT Eval,,,,,False,,,,,0.0,,False,1.0,1.0,colmap,stump,,,15000,15000,default,MCMC,,,,,Shared Cam,,,,,,gsplat,,outdoor,25.194372177124023,0.3494754135608673,0.7229270339012146,1000000,0.0006365892477333546,0.018427597358822823,,,0.5800339796467211,0.2929588300605882,18886,/home/ojab2/work/git/gsplat/results/colmap_outputs/stump_2_n100_s42_default_minfarthestpose_sharedcam_i100_gteval_steps15000/stats/val_step14999.json,/home/ojab2/work/git/gsplat/results/colmap_outputs/stump_2_n100_s42_default_minfarthestpose_sharedcam_i100_gteval_steps15000/stats/val_step14999.json,stump_2_n100_s42_default_minfarthestpose_sharedcam_i100_gteval_steps15000,0.0184,0.002325,100,0.978995,,,,48.896117210388184,9836,9836,0,/home/ojab2/work/git/vggt/colmap_outputs/stump_2_n100_s42_default_minfarthestpose_sharedcam/eval_results.json,stump_2_n100_s42_default_minfarthestpose_sharedcam,stump_2_n100_s42_default_minfarthestpose_sharedcam_i100_gteval_steps15000_val_step14999.json,18886,,colmap,100.0
colmap,100,42,,18986,,,,,0,10,minfarthestpose,100,GT Eval,,,,,False,,,,,0.0,,False,1.0,1.0,colmap,bicycle,,,15000,15000,default,MCMC,,,,,Shared Cam,,,,,,gsplat,,outdoor,21.351070404052734,0.30705827474594116,0.48162931203842163,1000000,0.0019408967345952988,0.10879188030958176,,,0.3939353647442744,0.3447881194133031,18986,/home/ojab2/work/git/gsplat/results/colmap_outputs/bicycle_4_n100_s42_default_minfarthestpose_sharedcam_i100_gteval_steps15000/stats/val_step14999.json,/home/ojab2/work/git/gsplat/results/colmap_outputs/bicycle_4_n100_s42_default_minfarthestpose_sharedcam_i100_gteval_steps15000/stats/val_step14999.json,bicycle_4_n100_s42_default_minfarthestpose_sharedcam_i100_gteval_steps15000,0.1088,0.007262,99,1.015409,,,,45.9896764755249,7676,7676,0,/home/ojab2/work/git/vggt/colmap_outputs/bicycle_4_n100_s42_default_minfarthestpose_sharedcam/eval_results.json,bicycle_4_n100_s42_default_minfarthestpose_sharedcam,bicycle_4_n100_s42_default_minfarthestpose_sharedcam_i100_gteval_steps15000_val_step14999.json,18986,,colmap,100.0
colmap,100,42,,70259,,,,,0,10,minfarthestpose,100,GT Eval,,,,,False,,,,,0.0,,False,1.0,1.0,colmap,garden,,,15000,15000,default,MCMC,,,,,Shared Cam,,,,,,gsplat,,outdoor,21.950145721435547,0.2642808258533478,0.5023620128631592,1000000,0.0006556946318596601,0.05460626631975174,,,0.4435595712001793,0.32536595174930605,70259,/home/ojab2/work/git/gsplat/results/colmap_outputs/garden_2_n100_s42_default_minfarthestpose_sharedcam_i100_gteval_steps15000/stats/val_step14999.json,/home/ojab2/work/git/gsplat/results/colmap_outputs/garden_2_n100_s42_default_minfarthestpose_sharedcam_i100_gteval_steps15000/stats/val_step14999.json,garden_2_n100_s42_default_minfarthestpose_sharedcam_i100_gteval_steps15000,0.0546,0.002627,100,1.017313,,,,146.44858503341675,10100,10100,0,/home/ojab2/work/git/vggt/colmap_outputs/garden_2_n100_s42_default_minfarthestpose_sharedcam/eval_results.json,garden_2_n100_s42_default_minfarthestpose_sharedcam,garden_2_n100_s42_default_minfarthestpose_sharedcam_i100_gteval_steps15000_val_step14999.json,70259,,colmap,100.0
colmap,10,42,,,,,,,0,10,minfarthestpose,,,,,,,False,,,,,0.0,,False,1.0,1.0,vggt,bicycle,,,,,default,MCMC,,,,,Shared Cam,,,,,,failed_sfm,,outdoor,,,,,,,,,,,,/home/ojab2/work/git/vggt/colmap_outputs/bicycle_4_n10_s42_default_minfarthestpose_sharedcam/failed_eval.json,,bicycle_4_n10_s42_default_minfarthestpose_sharedcam,,,,,,,,,,,,,bicycle_4_n10_s42_default_minfarthestpose_sharedcam,,,/home/ojab2/work/git/vggt/colmap_outputs/bicycle_4_n10_s42_default_minfarthestpose_sharedcam/failed_eval.json,colmap,10.0
colmap,10,42,,,,,,,0,10,minfarthestpose,,,,,,,False,,,,,0.0,,False,1.0,1.0,vggt,garden,,,,,default,MCMC,,,,,Shared Cam,,,,,,sfm,,outdoor,,,,,,,,,,,,/home/ojab2/work/git/vggt/colmap_outputs/garden_2_n10_s42_default_minfarthestpose_sharedcam/eval_results.json,,garden_2_n10_s42_default_minfarthestpose_sharedcam,8.458,0.20661,2,0.25667,,,,3.4497272968292236,3880,3880,0,/home/ojab2/work/git/vggt/colmap_outputs/garden_2_n10_s42_default_minfarthestpose_sharedcam/eval_results.json,garden_2_n10_s42_default_minfarthestpose_sharedcam,,,,colmap,10.0
colmap,10,42,,,,,,,0,10,minfarthestpose,,,,,,,False,,,,,0.0,,False,1.0,1.0,vggt,stump,,,,,default,MCMC,,,,,Shared Cam,,,,,,failed_sfm,,outdoor,,,,,,,,,,,,/home/ojab2/work/git/vggt/colmap_outputs/stump_2_n10_s42_default_minfarthestpose_sharedcam/failed_eval.json,,stump_2_n10_s42_default_minfarthestpose_sharedcam,,,,,,,,,,,,,stump_2_n10_s42_default_minfarthestpose_sharedcam,,,/home/ojab2/work/git/vggt/colmap_outputs/stump_2_n10_s42_default_minfarthestpose_sharedcam/failed_eval.json,colmap,10.0
colmap,10,42,,,,,,,0,10,minfarthestpose,,,,,,,False,,,,,0.0,,False,1.0,1.0,vggt,lego,pinhole,,,,default,MCMC,,,,,Shared Cam,,,,,,failed_sfm,,synthetic,,,,,,,,,,,,/home/ojab2/work/git/vggt/colmap_outputs/lego_1_n10_s42_default_mpinhole_minfarthestpose_sharedcam/failed_eval.json,,lego_1_n10_s42_default_mpinhole_minfarthestpose_sharedcam,,,,,,,,,,,,,lego_1_n10_s42_default_mpinhole_minfarthestpose_sharedcam,,,/home/ojab2/work/git/vggt/colmap_outputs/lego_1_n10_s42_default_mpinhole_minfarthestpose_sharedcam/failed_eval.json,colmap,10.0
colmap,10,42,,,,,,,0,10,minfarthestpose,,,,,,,False,,,,,0.0,,False,1.0,1.0,vggt,ship,pinhole,,,,default,MCMC,,,,,Shared Cam,,,,,,failed_sfm,,synthetic,,,,,,,,,,,,/home/ojab2/work/git/vggt/colmap_outputs/ship_1_n10_s42_default_mpinhole_minfarthestpose_sharedcam/failed_eval.json,,ship_1_n10_s42_default_mpinhole_minfarthestpose_sharedcam,,,,,,,,,,,,,ship_1_n10_s42_default_mpinhole_minfarthestpose_sharedcam,,,/home/ojab2/work/git/vggt/colmap_outputs/ship_1_n10_s42_default_mpinhole_minfarthestpose_sharedcam/failed_eval.json,colmap,10.0
colmap,10,42,,,,,,,0,10,minfarthestpose,,,,,,,False,,,,,0.0,,False,1.0,1.0,vggt,drums,pinhole,,,,default,MCMC,,,,,Shared Cam,,,,,,failed_sfm,,synthetic,,,,,,,,,,,,/home/ojab2/work/git/vggt/colmap_outputs/drums_1_n10_s42_default_mpinhole_minfarthestpose_sharedcam/failed_eval.json,,drums_1_n10_s42_default_mpinhole_minfarthestpose_sharedcam,,,,,,,,,,,,,drums_1_n10_s42_default_mpinhole_minfarthestpose_sharedcam,,,/home/ojab2/work/git/vggt/colmap_outputs/drums_1_n10_s42_default_mpinhole_minfarthestpose_sharedcam/failed_eval.json,colmap,10.0
vggt,10,42,0.0,100000,random,,,,0,10,minfarthestpose,10,GT Eval,,,,,False,,,,,0.0,,False,1.0,1.0,vggt,bicycle,,,15000,15000,,MCMC,,,,,,,,,,,gsplat,,outdoor,14.79854679107666,0.5090194940567017,0.1662842333316803,1000000,0.026726771146059036,1.1783794164657593,,,-0.03648741118237131,0.48507468689116895,100000,/home/ojab2/work/git/gsplat/results/vggt_outputs/bicycle_4_n10_s42_c0.0_p100000_random_minfarthestpose_i10_gteval_steps15000/stats/val_step14999.json,/home/ojab2/work/git/gsplat/results/vggt_outputs/bicycle_4_n10_s42_c0.0_p100000_random_minfarthestpose_i10_gteval_steps15000/stats/val_step14999.json,bicycle_4_n10_s42_c0.0_p100000_random_minfarthestpose_i10_gteval_steps15000,1.1783,0.108132,10,5.202234,,,,,,,,/home/ojab2/work/git/vggt/vggt_outputs/bicycle_4_n10_s42_c0.0_p100000_random_minfarthestpose/eval_results.json,bicycle_4_n10_s42_c0.0_p100000_random_minfarthestpose,bicycle_4_n10_s42_c0.0_p100000_random_minfarthestpose_i10_gteval_steps15000_val_step14999.json,100000,,vggt,10.0
vggt,10,42,0.0,100000,random,,,,0,10,minfarthestpose,10,GT Eval,,,,,False,,,,,0.0,,False,1.0,1.0,vggt,garden,,,15000,15000,,MCMC,,,,,,,,,,,gsplat,,outdoor,16.450878143310547,0.420540988445282,0.25482285022735596,1000000,0.00722845271229744,0.2100435048341751,,,0.10050464799607091,0.43547309732131545,100000,/home/ojab2/work/git/gsplat/results/vggt_outputs/garden_2_n10_s42_c0.0_p100000_random_minfarthestpose_i10_gteval_steps15000/stats/val_step14999.json,/home/ojab2/work/git/gsplat/results/vggt_outputs/garden_2_n10_s42_c0.0_p100000_random_minfarthestpose_i10_gteval_steps15000/stats/val_step14999.json,garden_2_n10_s42_c0.0_p100000_random_minfarthestpose_i10_gteval_steps15000,0.2096,0.028157,10,6.431655,,,,,,,,/home/ojab2/work/git/vggt/vggt_outputs/garden_2_n10_s42_c0.0_p100000_random_minfarthestpose/eval_results.json,garden_2_n10_s42_c0.0_p100000_random_minfarthestpose,garden_2_n10_s42_c0.0_p100000_random_minfarthestpose_i10_gteval_steps15000_val_step14999.json,100000,,vggt,10.0
vggt,10,42,0.0,100000,random,,,,0,10,minfarthestpose,10,GT Eval,,,,,False,,,,,0.0,,False,1.0,1.0,vggt,stump,,,15000,15000,,MCMC,,,,,,,,,,,gsplat,,outdoor,15.5799560546875,0.5609744191169739,0.28286564350128174,1000000,0.12213357537984848,2.362851619720459,,,0.014088452598195095,0.47849399093973766,100000,/home/ojab2/work/git/gsplat/results/vggt_outputs/stump_2_n10_s42_c0.0_p100000_random_minfarthestpose_i10_gteval_steps15000/stats/val_step14999.json,/home/ojab2/work/git/gsplat/results/vggt_outputs/stump_2_n10_s42_c0.0_p100000_random_minfarthestpose_i10_gteval_steps15000/stats/val_step14999.json,stump_2_n10_s42_c0.0_p100000_random_minfarthestpose_i10_gteval_steps15000,2.3628,0.517369,10,5.047308,,,,,,,,/home/ojab2/work/git/vggt/vggt_outputs/stump_2_n10_s42_c0.0_p100000_random_minfarthestpose/eval_results.json,stump_2_n10_s42_c0.0_p100000_random_minfarthestpose,stump_2_n10_s42_c0.0_p100000_random_minfarthestpose_i10_gteval_steps15000_val_step14999.json,100000,,vggt,10.0
vggt,10,42,0.0,100000,random,,,,0,10,minfarthestpose,10,GT Eval,,,,,False,,,,,0.0,,False,1.0,1.0,vggt,lego,,,15000,15000,,MCMC,,,,,,,,,,,gsplat,,synthetic,15.198112487792969,0.2350117415189743,0.6856555938720703,1000000,0.009608084335923195,0.821824848651886,0.1328282207250595,0.032558828592300415,0.4437784833943712,0.2752962137103477,100000,/home/ojab2/work/git/gsplat/results/vggt_outputs/lego_1_n10_s42_c0.0_p100000_random_minfarthestpose_i10_gteval_steps15000/stats/val_step14999.json,/home/ojab2/work/git/gsplat/results/vggt_outputs/lego_1_n10_s42_c0.0_p100000_random_minfarthestpose_i10_gteval_steps15000/stats/val_step14999.json,lego_1_n10_s42_c0.0_p100000_random_minfarthestpose_i10_gteval_steps15000,0.822,0.036127,10,4.031849,0.0496,0.0138,0.1044,,,,,/home/ojab2/work/git/vggt/vggt_outputs/lego_1_n10_s42_c0.0_p100000_random_minfarthestpose/eval_results.json,lego_1_n10_s42_c0.0_p100000_random_minfarthestpose,lego_1_n10_s42_c0.0_p100000_random_minfarthestpose_i10_gteval_steps15000_val_step14999.json,100000,,vggt,10.0
vggt,10,42,0.0,100000,random,,,,0,10,minfarthestpose,10,GT Eval,,,,,False,,,,,0.0,,False,1.0,1.0,vggt,ship,,,15000,15000,,MCMC,,,,,,,,,,,gsplat,,synthetic,18.909725189208984,0.26134586334228516,0.6415600776672363,1000000,0.009871437214314938,0.7716943025588989,0.19093553721904755,0.040862467139959335,0.47046956960220776,0.29096602233620483,100000,/home/ojab2/work/git/gsplat/results/vggt_outputs/ship_1_n10_s42_c0.0_p100000_random_minfarthestpose_i10_gteval_steps15000/stats/val_step14999.json,/home/ojab2/work/git/gsplat/results/vggt_outputs/ship_1_n10_s42_c0.0_p100000_random_minfarthestpose_i10_gteval_steps15000/stats/val_step14999.json,ship_1_n10_s42_c0.0_p100000_random_minfarthestpose_i10_gteval_steps15000,0.7716,0.037021,10,4.467257,0.126,0.0336,0.2577,,,,,/home/ojab2/work/git/vggt/vggt_outputs/ship_1_n10_s42_c0.0_p100000_random_minfarthestpose/eval_results.json,ship_1_n10_s42_c0.0_p100000_random_minfarthestpose,ship_1_n10_s42_c0.0_p100000_random_minfarthestpose_i10_gteval_steps15000_val_step14999.json,100000,,vggt,10.0
vggt,10,42,0.0,100000,random,,,,0,10,minfarthestpose,10,GT Eval,,,,,False,,,,,0.0,,False,1.0,1.0,vggt,drums,,,15000,15000,,MCMC,,,,,,,,,,,gsplat,,synthetic,18.008739471435547,0.12671726942062378,0.7927219271659851,1000000,0.003714888822287321,0.3123428523540497,0.10937589406967163,0.026662355288863182,0.625287461621642,0.19927078569623435,100000,/home/ojab2/work/git/gsplat/results/vggt_outputs/drums_1_n10_s42_c0.0_p100000_random_minfarthestpose_i10_gteval_steps15000/stats/val_step14999.json,/home/ojab2/work/git/gsplat/results/vggt_outputs/drums_1_n10_s42_c0.0_p100000_random_minfarthestpose_i10_gteval_steps15000/stats/val_step14999.json,drums_1_n10_s42_c0.0_p100000_random_minfarthestpose_i10_gteval_steps15000,0.3121,0.013776,10,3.920393,0.055,0.0154,0.1418,,,,,/home/ojab2/work/git/vggt/vggt_outputs/drums_1_n10_s42_c0.0_p100000_random_minfarthestpose/eval_results.json,drums_1_n10_s42_c0.0_p100000_random_minfarthestpose,drums_1_n10_s42_c0.0_p100000_random_minfarthestpose_i10_gteval_steps15000_val_step14999.json,100000,,vggt,10.0
colmap,20,42,,,,,,,0,10,minfarthestpose,,,,,,,False,,,,,0.0,,False,1.0,1.0,vggt,bicycle,,,,,default,MCMC,,,,,Shared Cam,,,,,,failed_sfm,,outdoor,,,,,,,,,,,,/home/ojab2/work/git/vggt/colmap_outputs/bicycle_4_n20_s42_default_minfarthestpose_sharedcam/failed_eval.json,,bicycle_4_n20_s42_default_minfarthestpose_sharedcam,,,,,,,,,,,,,bicycle_4_n20_s42_default_minfarthestpose_sharedcam,,,/home/ojab2/work/git/vggt/colmap_outputs/bicycle_4_n20_s42_default_minfarthestpose_sharedcam/failed_eval.json,colmap,20.0
colmap,20,42,,,,,,,0,10,minfarthestpose,,,,,,,False,,,,,0.0,,False,1.0,1.0,vggt,lego,pinhole,,,,default,MCMC,,,,,Shared Cam,,,,,,failed_sfm,,synthetic,,,,,,,,,,,,/home/ojab2/work/git/vggt/colmap_outputs/lego_1_n20_s42_default_mpinhole_minfarthestpose_sharedcam/failed_eval.json,,lego_1_n20_s42_default_mpinhole_minfarthestpose_sharedcam,,,,,,,,,,,,,lego_1_n20_s42_default_mpinhole_minfarthestpose_sharedcam,,,/home/ojab2/work/git/vggt/colmap_outputs/lego_1_n20_s42_default_mpinhole_minfarthestpose_sharedcam/failed_eval.json,colmap,20.0
colmap,20,42,,,,,,,0,10,minfarthestpose,,,,,,,False,,,,,0.0,,False,1.0,1.0,vggt,drums,pinhole,,,,default,MCMC,,,,,Shared Cam,,,,,,failed_sfm,,synthetic,,,,,,,,,,,,/home/ojab2/work/git/vggt/colmap_outputs/drums_1_n20_s42_default_mpinhole_minfarthestpose_sharedcam/failed_eval.json,,drums_1_n20_s42_default_mpinhole_minfarthestpose_sharedcam,,,,,,,,,,,,,drums_1_n20_s42_default_mpinhole_minfarthestpose_sharedcam,,,/home/ojab2/work/git/vggt/colmap_outputs/drums_1_n20_s42_default_mpinhole_minfarthestpose_sharedcam/failed_eval.json,colmap,20.0
vggt,20,42,0.0,100000,random,,,,0,10,minfarthestpose,20,GT Eval,,,,,False,,,,,0.0,,False,1.0,1.0,vggt,bicycle,,,15000,15000,,MCMC,,,,,,,,,,,gsplat,,outdoor,16.030118942260742,0.4482399523258209,0.1950506567955017,1000000,0.021553462371230125,1.0604829788208008,,,0.04066018600445279,0.45679163609067436,100000,/home/ojab2/work/git/gsplat/results/vggt_outputs/bicycle_4_n20_s42_c0.0_p100000_random_minfarthestpose_i20_gteval_steps15000/stats/val_step14999.json,/home/ojab2/work/git/gsplat/results/vggt_outputs/bicycle_4_n20_s42_c0.0_p100000_random_minfarthestpose_i20_gteval_steps15000/stats/val_step14999.json,bicycle_4_n20_s42_c0.0_p100000_random_minfarthestpose_i20_gteval_steps15000,1.0605,0.087384,20,4.994108,,,,,,,,/home/ojab2/work/git/vggt/vggt_outputs/bicycle_4_n20_s42_c0.0_p100000_random_minfarthestpose/eval_results.json,bicycle_4_n20_s42_c0.0_p100000_random_minfarthestpose,bicycle_4_n20_s42_c0.0_p100000_random_minfarthestpose_i20_gteval_steps15000_val_step14999.json,100000,,vggt,20.0
vggt,20,42,0.0,100000,random,,,,0,10,minfarthestpose,20,GT Eval,,,,,False,,,,,0.0,,False,1.0,1.0,vggt,garden,,,15000,15000,,MCMC,,,,,,,,,,,gsplat,,outdoor,17.360763549804688,0.4006694257259369,0.2803460955619812,1000000,0.0058611538261175156,0.36186501383781433,,,0.144546648950992,0.4224519182330687,100000,/home/ojab2/work/git/gsplat/results/vggt_outputs/garden_2_n20_s42_c0.0_p100000_random_minfarthestpose_i20_gteval_steps15000/stats/val_step14999.json,/home/ojab2/work/git/gsplat/results/vggt_outputs/garden_2_n20_s42_c0.0_p100000_random_minfarthestpose_i20_gteval_steps15000/stats/val_step14999.json,garden_2_n20_s42_c0.0_p100000_random_minfarthestpose_i20_gteval_steps15000,0.362,0.024329,20,6.088637,,,,,,,,/home/ojab2/work/git/vggt/vggt_outputs/garden_2_n20_s42_c0.0_p100000_random_minfarthestpose/eval_results.json,garden_2_n20_s42_c0.0_p100000_random_minfarthestpose,garden_2_n20_s42_c0.0_p100000_random_minfarthestpose_i20_gteval_steps15000_val_step14999.json,100000,,vggt,20.0
vggt,20,42,0.0,100000,random,,,,0,10,minfarthestpose,20,GT Eval,,,,,False,,,,,0.0,,False,1.0,1.0,vggt,stump,,,15000,15000,,MCMC,,,,,,,,,,,gsplat,,outdoor,16.926572799682617,0.5092761516571045,0.31959018111228943,1000000,0.0674596056342125,1.7469526529312134,,,0.09241464828964643,0.4514795211199317,100000,/home/ojab2/work/git/gsplat/results/vggt_outputs/stump_2_n20_s42_c0.0_p100000_random_minfarthestpose_i20_gteval_steps15000/stats/val_step14999.json,/home/ojab2/work/git/gsplat/results/vggt_outputs/stump_2_n20_s42_c0.0_p100000_random_minfarthestpose_i20_gteval_steps15000/stats/val_step14999.json,stump_2_n20_s42_c0.0_p100000_random_minfarthestpose_i20_gteval_steps15000,1.7469,0.244402,20,4.538237,,,,,,,,/home/ojab2/work/git/vggt/vggt_outputs/stump_2_n20_s42_c0.0_p100000_random_minfarthestpose/eval_results.json,stump_2_n20_s42_c0.0_p100000_random_minfarthestpose,stump_2_n20_s42_c0.0_p100000_random_minfarthestpose_i20_gteval_steps15000_val_step14999.json,100000,,vggt,20.0
vggt,20,42,0.0,100000,random,,,,0,10,minfarthestpose,20,GT Eval,,,,,False,,,,,0.0,,False,1.0,1.0,vggt,lego,,,15000,15000,,MCMC,,,,,,,,,,,gsplat,,synthetic,17.199806213378906,0.1505446434020996,0.7221265435218811,1000000,0.004132038913667202,0.5013924837112427,0.10174311697483063,0.024792270734906197,0.5543151104736823,0.232245712833858,100000,/home/ojab2/work/git/gsplat/results/vggt_outputs/lego_1_n20_s42_c0.0_p100000_random_minfarthestpose_i20_gteval_steps15000/stats/val_step14999.json,/home/ojab2/work/git/gsplat/results/vggt_outputs/lego_1_n20_s42_c0.0_p100000_random_minfarthestpose_i20_gteval_steps15000/stats/val_step14999.json,lego_1_n20_s42_c0.0_p100000_random_minfarthestpose_i20_gteval_steps15000,0.5014,0.015405,20,4.007658,0.0493,0.0136,0.1096,,,,,/home/ojab2/work/git/vggt/vggt_outputs/lego_1_n20_s42_c0.0_p100000_random_minfarthestpose/eval_results.json,lego_1_n20_s42_c0.0_p100000_random_minfarthestpose,lego_1_n20_s42_c0.0_p100000_random_minfarthestpose_i20_gteval_steps15000_val_step14999.json,100000,,vggt,20.0
vggt,20,42,0.0,100000,random,,,,0,10,minfarthestpose,20,GT Eval,,,,,False,,,,,0.0,,False,1.0,1.0,vggt,ship,,,15000,15000,,MCMC,,,,,,,,,,,gsplat,,synthetic,20.027416229248047,0.186526820063591,0.6759863495826721,1000000,0.007818391546607018,0.5132545232772827,0.16111473739147186,0.03304129093885422,0.557484469199196,0.25522862002535596,100000,/home/ojab2/work/git/gsplat/results/vggt_outputs/ship_1_n20_s42_c0.0_p100000_random_minfarthestpose_i20_gteval_steps15000/stats/val_step14999.json,/home/ojab2/work/git/gsplat/results/vggt_outputs/ship_1_n20_s42_c0.0_p100000_random_minfarthestpose_i20_gteval_steps15000/stats/val_step14999.json,ship_1_n20_s42_c0.0_p100000_random_minfarthestpose_i20_gteval_steps15000,0.5132,0.028919,20,4.444803,0.1236,0.0336,0.2593,,,,,/home/ojab2/work/git/vggt/vggt_outputs/ship_1_n20_s42_c0.0_p100000_random_minfarthestpose/eval_results.json,ship_1_n20_s42_c0.0_p100000_random_minfarthestpose,ship_1_n20_s42_c0.0_p100000_random_minfarthestpose_i20_gteval_steps15000_val_step14999.json,100000,,vggt,20.0
vggt,20,42,0.0,100000,random,,,,0,10,minfarthestpose,20,GT Eval,,,,,False,,,,,0.0,,False,1.0,1.0,vggt,drums,,,15000,15000,,MCMC,,,,,,,,,,,gsplat,,synthetic,18.793230056762695,0.10228095203638077,0.8141726851463318,1000000,0.002620280021801591,0.18577632308006287,0.09022213518619537,0.02136342227458954,0.6674435144995929,0.18218700314708663,100000,/home/ojab2/work/git/gsplat/results/vggt_outputs/drums_1_n20_s42_c0.0_p100000_random_minfarthestpose_i20_gteval_steps15000/stats/val_step14999.json,/home/ojab2/work/git/gsplat/results/vggt_outputs/drums_1_n20_s42_c0.0_p100000_random_minfarthestpose_i20_gteval_steps15000/stats/val_step14999.json,drums_1_n20_s42_c0.0_p100000_random_minfarthestpose_i20_gteval_steps15000,0.1865,0.009416,20,3.894368,0.0573,0.0159,0.1381,,,,,/home/ojab2/work/git/vggt/vggt_outputs/drums_1_n20_s42_c0.0_p100000_random_minfarthestpose/eval_results.json,drums_1_n20_s42_c0.0_p100000_random_minfarthestpose,drums_1_n20_s42_c0.0_p100000_random_minfarthestpose_i20_gteval_steps15000_val_step14999.json,100000,,vggt,20.0
colmap,30,42,,,,,,,0,10,minfarthestpose,,,,,,,False,,,,,0.0,,False,1.0,1.0,vggt,stump,,,,,default,MCMC,,,,,Shared Cam,,,,,,sfm,,outdoor,,,,,,,,,,,,/home/ojab2/work/git/vggt/colmap_outputs/stump_2_n30_s42_default_minfarthestpose_sharedcam/eval_results.json,,stump_2_n30_s42_default_minfarthestpose_sharedcam,15.315,0.215738,2,0.221367,,,,8.046224117279053,9408,9408,0,/home/ojab2/work/git/vggt/colmap_outputs/stump_2_n30_s42_default_minfarthestpose_sharedcam/eval_results.json,stump_2_n30_s42_default_minfarthestpose_sharedcam,,,,colmap,30.0
colmap,30,42,,,,,,,0,10,minfarthestpose,,,,,,,False,,,,,0.0,,False,1.0,1.0,vggt,drums,pinhole,,,,default,MCMC,,,,,Shared Cam,,,,,,failed_sfm,,synthetic,,,,,,,,,,,,/home/ojab2/work/git/vggt/colmap_outputs/drums_1_n30_s42_default_mpinhole_minfarthestpose_sharedcam/failed_eval.json,,drums_1_n30_s42_default_mpinhole_minfarthestpose_sharedcam,,,,,,,,,,,,,drums_1_n30_s42_default_mpinhole_minfarthestpose_sharedcam,,,/home/ojab2/work/git/vggt/colmap_outputs/drums_1_n30_s42_default_mpinhole_minfarthestpose_sharedcam/failed_eval.json,colmap,30.0
vggt,30,42,0.0,100000,random,,,,0,10,minfarthestpose,30,GT Eval,,,,,False,,,,,0.0,,False,1.0,1.0,vggt,bicycle,,,15000,15000,,MCMC,,,,,,,,,,,gsplat,,outdoor,16.636945724487305,0.41680651903152466,0.2121407836675644,1000000,0.016514483839273453,0.7505165338516235,,,0.08129529913498879,0.44203771672728653,100000,/home/ojab2/work/git/gsplat/results/vggt_outputs/bicycle_4_n30_s42_c0.0_p100000_random_minfarthestpose_i30_gteval_steps15000/stats/val_step14999.json,/home/ojab2/work/git/gsplat/results/vggt_outputs/bicycle_4_n30_s42_c0.0_p100000_random_minfarthestpose_i30_gteval_steps15000/stats/val_step14999.json,bicycle_4_n30_s42_c0.0_p100000_random_minfarthestpose_i30_gteval_steps15000,0.7506,0.068725,30,4.831484,,,,,,,,/home/ojab2/work/git/vggt/vggt_outputs/bicycle_4_n30_s42_c0.0_p100000_random_minfarthestpose/eval_results.json,bicycle_4_n30_s42_c0.0_p100000_random_minfarthestpose,bicycle_4_n30_s42_c0.0_p100000_random_minfarthestpose_i30_gteval_steps15000_val_step14999.json,100000,,vggt,30.0
vggt,30,42,0.0,100000,random,,,,0,10,minfarthestpose,30,GT Eval,,,,,False,,,,,0.0,,False,1.0,1.0,vggt,garden,,,15000,15000,,MCMC,,,,,,,,,,,gsplat,,outdoor,17.984363555908203,0.3913424611091614,0.3048458695411682,1000000,0.006432095542550087,0.3259134292602539,,,0.17617953598228198,0.41366919832346927,100000,/home/ojab2/work/git/gsplat/results/vggt_outputs/garden_2_n30_s42_c0.0_p100000_random_minfarthestpose_i30_gteval_steps15000/stats/val_step14999.json,/home/ojab2/work/git/gsplat/results/vggt_outputs/garden_2_n30_s42_c0.0_p100000_random_minfarthestpose_i30_gteval_steps15000/stats/val_step14999.json,garden_2_n30_s42_c0.0_p100000_random_minfarthestpose_i30_gteval_steps15000,0.3261,0.027293,30,6.007808,,,,,,,,/home/ojab2/work/git/vggt/vggt_outputs/garden_2_n30_s42_c0.0_p100000_random_minfarthestpose/eval_results.json,garden_2_n30_s42_c0.0_p100000_random_minfarthestpose,garden_2_n30_s42_c0.0_p100000_random_minfarthestpose_i30_gteval_steps15000_val_step14999.json,100000,,vggt,30.0
vggt,30,42,0.0,100000,random,,,,0,10,minfarthestpose,30,GT Eval,,,,,False,,,,,0.0,,False,1.0,1.0,vggt,stump,,,15000,15000,,MCMC,,,,,,,,,,,gsplat,,outdoor,17.359477996826172,0.5025256872177124,0.3334658443927765,1000000,0.03707844391465187,1.0962249040603638,,,0.11271278752840674,0.44576956966609727,100000,/home/ojab2/work/git/gsplat/results/vggt_outputs/stump_2_n30_s42_c0.0_p100000_random_minfarthestpose_i30_gteval_steps15000/stats/val_step14999.json,/home/ojab2/work/git/gsplat/results/vggt_outputs/stump_2_n30_s42_c0.0_p100000_random_minfarthestpose_i30_gteval_steps15000/stats/val_step14999.json,stump_2_n30_s42_c0.0_p100000_random_minfarthestpose_i30_gteval_steps15000,1.0962,0.142517,30,4.4229,,,,,,,,/home/ojab2/work/git/vggt/vggt_outputs/stump_2_n30_s42_c0.0_p100000_random_minfarthestpose/eval_results.json,stump_2_n30_s42_c0.0_p100000_random_minfarthestpose,stump_2_n30_s42_c0.0_p100000_random_minfarthestpose_i30_gteval_steps15000_val_step14999.json,100000,,vggt,30.0
vggt,30,42,0.0,100000,random,,,,0,10,minfarthestpose,30,GT Eval,,,,,False,,,,,0.0,,False,1.0,1.0,vggt,lego,,,15000,15000,,MCMC,,,,,,,,,,,gsplat,,synthetic,20.691740036010742,0.09708108752965927,0.7848856449127197,1000000,0.004790305159986019,0.2589474618434906,0.08885770291090012,0.021810704842209816,0.6886839755000503,0.18980429732796003,100000,/home/ojab2/work/git/gsplat/results/vggt_outputs/lego_1_n30_s42_c0.0_p100000_random_minfarthestpose_i30_gteval_steps15000/stats/val_step14999.json,/home/ojab2/work/git/gsplat/results/vggt_outputs/lego_1_n30_s42_c0.0_p100000_random_minfarthestpose_i30_gteval_steps15000/stats/val_step14999.json,lego_1_n30_s42_c0.0_p100000_random_minfarthestpose_i30_gteval_steps15000,0.259,0.018158,30,4.059862,0.0434,0.0123,0.1108,,,,,/home/ojab2/work/git/vggt/vggt_outputs/lego_1_n30_s42_c0.0_p100000_random_minfarthestpose/eval_results.json,lego_1_n30_s42_c0.0_p100000_random_minfarthestpose,lego_1_n30_s42_c0.0_p100000_random_minfarthestpose_i30_gteval_steps15000_val_step14999.json,100000,,vggt,30.0
vggt,30,42,0.0,100000,random,,,,0,10,minfarthestpose,30,GT Eval,,,,,False,,,,,0.0,,False,1.0,1.0,vggt,ship,,,15000,15000,,MCMC,,,,,,,,,,,gsplat,,synthetic,21.102449417114258,0.1715504378080368,0.6921290755271912,1000000,0.008310580626130104,0.4880720376968384,0.1534479707479477,0.0298575758934021,0.5960773622122114,0.24472323601271284,100000,/home/ojab2/work/git/gsplat/results/vggt_outputs/ship_1_n30_s42_c0.0_p100000_random_minfarthestpose_i30_gteval_steps15000/stats/val_step14999.json,/home/ojab2/work/git/gsplat/results/vggt_outputs/ship_1_n30_s42_c0.0_p100000_random_minfarthestpose_i30_gteval_steps15000/stats/val_step14999.json,ship_1_n30_s42_c0.0_p100000_random_minfarthestpose_i30_gteval_steps15000,0.4879,0.028712,30,4.427395,0.115,0.0311,0.2507,,,,,/home/ojab2/work/git/vggt/vggt_outputs/ship_1_n30_s42_c0.0_p100000_random_minfarthestpose/eval_results.json,ship_1_n30_s42_c0.0_p100000_random_minfarthestpose,ship_1_n30_s42_c0.0_p100000_random_minfarthestpose_i30_gteval_steps15000_val_step14999.json,100000,,vggt,30.0
vggt,30,42,0.0,100000,random,,,,0,10,minfarthestpose,30,GT Eval,,,,,False,,,,,0.0,,False,1.0,1.0,vggt,drums,,,15000,15000,,MCMC,,,,,,,,,,,gsplat,,synthetic,18.900318145751953,0.09773612022399902,0.8192345499992371,1000000,0.0029104186687618494,0.20519454777240753,0.08763587474822998,0.020853891968727112,0.6751922338794314,0.17859429174836064,100000,/home/ojab2/work/git/gsplat/results/vggt_outputs/drums_1_n30_s42_c0.0_p100000_random_minfarthestpose_i30_gteval_steps15000/stats/val_step14999.json,/home/ojab2/work/git/gsplat/results/vggt_outputs/drums_1_n30_s42_c0.0_p100000_random_minfarthestpose_i30_gteval_steps15000/stats/val_step14999.json,drums_1_n30_s42_c0.0_p100000_random_minfarthestpose_i30_gteval_steps15000,0.2054,0.010519,30,3.899545,0.0605,0.0167,0.1432,,,,,/home/ojab2/work/git/vggt/vggt_outputs/drums_1_n30_s42_c0.0_p100000_random_minfarthestpose/eval_results.json,drums_1_n30_s42_c0.0_p100000_random_minfarthestpose,drums_1_n30_s42_c0.0_p100000_random_minfarthestpose_i30_gteval_steps15000_val_step14999.json,100000,,vggt,30.0
vggt,40,42,0.0,100000,random,,,,0,10,minfarthestpose,40,GT Eval,,,,,False,,,,,0.0,,False,1.0,1.0,vggt,bicycle,,,15000,15000,,MCMC,,,,,,,,,,,gsplat,,outdoor,16.837194442749023,0.40848785638809204,0.2244861125946045,1000000,0.01769711822271347,0.706636905670166,,,0.09735807627342681,0.43661177017663394,100000,/home/ojab2/work/git/gsplat/results/vggt_outputs/bicycle_4_n40_s42_c0.0_p100000_random_minfarthestpose_i40_gteval_steps15000/stats/val_step14999.json,/home/ojab2/work/git/gsplat/results/vggt_outputs/bicycle_4_n40_s42_c0.0_p100000_random_minfarthestpose_i40_gteval_steps15000/stats/val_step14999.json,bicycle_4_n40_s42_c0.0_p100000_random_minfarthestpose_i40_gteval_steps15000,0.7065,0.072581,40,4.875992,,,,,,,,/home/ojab2/work/git/vggt/vggt_outputs/bicycle_4_n40_s42_c0.0_p100000_random_minfarthestpose/eval_results.json,bicycle_4_n40_s42_c0.0_p100000_random_minfarthestpose,bicycle_4_n40_s42_c0.0_p100000_random_minfarthestpose_i40_gteval_steps15000_val_step14999.json,100000,,vggt,40.0
vggt,40,42,0.0,100000,random,,,,0,10,minfarthestpose,40,GT Eval,,,,,False,,,,,0.0,,False,1.0,1.0,vggt,garden,,,15000,15000,,MCMC,,,,,,,,,,,gsplat,,outdoor,17.989620208740234,0.41260337829589844,0.31651806831359863,1000000,0.0062108272686600685,0.35870879888534546,,,0.16997870568566079,0.4184066318705556,100000,/home/ojab2/work/git/gsplat/results/vggt_outputs/garden_2_n40_s42_c0.0_p100000_random_minfarthestpose_i40_gteval_steps15000/stats/val_step14999.json,/home/ojab2/work/git/gsplat/results/vggt_outputs/garden_2_n40_s42_c0.0_p100000_random_minfarthestpose_i40_gteval_steps15000/stats/val_step14999.json,garden_2_n40_s42_c0.0_p100000_random_minfarthestpose_i40_gteval_steps15000,0.359,0.027795,40,5.798803,,,,,,,,/home/ojab2/work/git/vggt/vggt_outputs/garden_2_n40_s42_c0.0_p100000_random_minfarthestpose/eval_results.json,garden_2_n40_s42_c0.0_p100000_random_minfarthestpose,garden_2_n40_s42_c0.0_p100000_random_minfarthestpose_i40_gteval_steps15000_val_step14999.json,100000,,vggt,40.0
vggt,40,42,0.0,100000,random,,,,0,10,minfarthestpose,40,GT Eval,,,,,False,,,,,0.0,,False,1.0,1.0,vggt,stump,,,15000,15000,,MCMC,,,,,,,,,,,gsplat,,outdoor,17.6686954498291,0.501745343208313,0.3483848571777344,1000000,0.0449981689453125,0.9921285510063171,,,0.1276452993711456,0.44202581871730795,100000,/home/ojab2/work/git/gsplat/results/vggt_outputs/stump_2_n40_s42_c0.0_p100000_random_minfarthestpose_i40_gteval_steps15000/stats/val_step14999.json,/home/ojab2/work/git/gsplat/results/vggt_outputs/stump_2_n40_s42_c0.0_p100000_random_minfarthestpose_i40_gteval_steps15000/stats/val_step14999.json,stump_2_n40_s42_c0.0_p100000_random_minfarthestpose_i40_gteval_steps15000,1.0762,0.170601,40,4.429667,,,,,,,,/home/ojab2/work/git/vggt/vggt_outputs/stump_2_n40_s42_c0.0_p100000_random_minfarthestpose/eval_results.json,stump_2_n40_s42_c0.0_p100000_random_minfarthestpose,stump_2_n40_s42_c0.0_p100000_random_minfarthestpose_i40_gteval_steps15000_val_step14999.json,100000,,vggt,40.0
vggt,40,42,0.0,100000,random,,,,0,10,minfarthestpose,40,GT Eval,,,,,False,,,,,0.0,,False,1.0,1.0,vggt,lego,,,15000,15000,,MCMC,,,,,,,,,,,gsplat,,synthetic,21.03264045715332,0.08919823169708252,0.7866431474685669,1000000,0.004924561828374863,0.31991249322891235,0.08345895260572433,0.020909225568175316,0.7008906859248546,0.1863292376956922,100000,/home/ojab2/work/git/gsplat/results/vggt_outputs/lego_1_n40_s42_c0.0_p100000_random_minfarthestpose_i40_gteval_steps15000/stats/val_step14999.json,/home/ojab2/work/git/gsplat/results/vggt_outputs/lego_1_n40_s42_c0.0_p100000_random_minfarthestpose_i40_gteval_steps15000/stats/val_step14999.json,lego_1_n40_s42_c0.0_p100000_random_minfarthestpose_i40_gteval_steps15000,0.3198,0.019067,40,4.046949,0.0449,0.0127,0.1113,,,,,/home/ojab2/work/git/vggt/vggt_outputs/lego_1_n40_s42_c0.0_p100000_random_minfarthestpose/eval_results.json,lego_1_n40_s42_c0.0_p100000_random_minfarthestpose,lego_1_n40_s42_c0.0_p100000_random_minfarthestpose_i40_gteval_steps15000_val_step14999.json,100000,,vggt,40.0
vggt,40,42,0.0,100000,random,,,,0,10,minfarthestpose,40,GT Eval,,,,,False,,,,,0.0,,False,1.0,1.0,vggt,ship,,,15000,15000,,MCMC,,,,,,,,,,,gsplat,,synthetic,21.53786849975586,0.1613789200782776,0.6977256536483765,1000000,0.0066832988522946835,0.43774279952049255,0.11549045890569687,0.02954692579805851,0.6136922459078733,0.2393972462237454,100000,/home/ojab2/work/git/gsplat/results/vggt_outputs/ship_1_n40_s42_c0.0_p100000_random_minfarthestpose_i40_gteval_steps15000/stats/val_step14999.json,/home/ojab2/work/git/gsplat/results/vggt_outputs/ship_1_n40_s42_c0.0_p100000_random_minfarthestpose_i40_gteval_steps15000/stats/val_step14999.json,ship_1_n40_s42_c0.0_p100000_random_minfarthestpose_i40_gteval_steps15000,0.4376,0.028573,40,4.214055,0.1027,0.0277,0.2431,,,,,/home/ojab2/work/git/vggt/vggt_outputs/ship_1_n40_s42_c0.0_p100000_random_minfarthestpose/eval_results.json,ship_1_n40_s42_c0.0_p100000_random_minfarthestpose,ship_1_n40_s42_c0.0_p100000_random_minfarthestpose_i40_gteval_steps15000_val_step14999.json,100000,,vggt,40.0
vggt,40,42,0.0,100000,random,,,,0,10,minfarthestpose,40,GT Eval,,,,,False,,,,,0.0,,False,1.0,1.0,vggt,drums,,,15000,15000,,MCMC,,,,,,,,,,,gsplat,,synthetic,19.272016525268555,0.09566571563482285,0.8279871344566345,1000000,0.0026842057704925537,0.16331997513771057,0.09142870455980301,0.019982587546110153,0.6884720351709182,0.17407832563670395,100000,/home/ojab2/work/git/gsplat/results/vggt_outputs/drums_1_n40_s42_c0.0_p100000_random_minfarthestpose_i40_gteval_steps15000/stats/val_step14999.json,/home/ojab2/work/git/gsplat/results/vggt_outputs/drums_1_n40_s42_c0.0_p100000_random_minfarthestpose_i40_gteval_steps15000/stats/val_step14999.json,drums_1_n40_s42_c0.0_p100000_random_minfarthestpose_i40_gteval_steps15000,0.1639,0.008827,40,3.872258,0.0601,0.0166,0.1408,,,,,/home/ojab2/work/git/vggt/vggt_outputs/drums_1_n40_s42_c0.0_p100000_random_minfarthestpose/eval_results.json,drums_1_n40_s42_c0.0_p100000_random_minfarthestpose,drums_1_n40_s42_c0.0_p100000_random_minfarthestpose_i40_gteval_steps15000_val_step14999.json,100000,,vggt,40.0
vggt,50,42,0.0,100000,random,,,,0,10,minfarthestpose,50,GT Eval,,,,,False,,,,,0.0,,False,1.0,1.0,vggt,bicycle,,,15000,15000,,MCMC,,,,,,,,,,,gsplat,,outdoor,17.12584686279297,0.41138193011283875,0.23516662418842316,1000000,0.017646068707108498,0.8230519890785217,,,0.10716293940999591,0.4351040676167721,100000,/home/ojab2/work/git/gsplat/results/vggt_outputs/bicycle_4_n50_s42_c0.0_p100000_random_minfarthestpose_i50_gteval_steps15000/stats/val_step14999.json,/home/ojab2/work/git/gsplat/results/vggt_outputs/bicycle_4_n50_s42_c0.0_p100000_random_minfarthestpose_i50_gteval_steps15000/stats/val_step14999.json,bicycle_4_n50_s42_c0.0_p100000_random_minfarthestpose_i50_gteval_steps15000,0.8231,0.071475,50,4.844657,,,,,,,,/home/ojab2/work/git/vggt/vggt_outputs/bicycle_4_n50_s42_c0.0_p100000_random_minfarthestpose/eval_results.json,bicycle_4_n50_s42_c0.0_p100000_random_minfarthestpose,bicycle_4_n50_s42_c0.0_p100000_random_minfarthestpose_i50_gteval_steps15000_val_step14999.json,100000,,vggt,50.0
vggt,50,42,0.0,100000,random,,,,0,10,minfarthestpose,50,GT Eval,,,,,False,,,,,0.0,,False,1.0,1.0,vggt,garden,,,15000,15000,,MCMC,,,,,,,,,,,gsplat,,outdoor,18.076255798339844,0.4332265853881836,0.3282749652862549,1000000,0.006217169109731913,0.3727625906467438,,,0.16572807205428242,0.42279599815578256,100000,/home/ojab2/work/git/gsplat/results/vggt_outputs/garden_2_n50_s42_c0.0_p100000_random_minfarthestpose_i50_gteval_steps15000/stats/val_step14999.json,/home/ojab2/work/git/gsplat/results/vggt_outputs/garden_2_n50_s42_c0.0_p100000_random_minfarthestpose_i50_gteval_steps15000/stats/val_step14999.json,garden_2_n50_s42_c0.0_p100000_random_minfarthestpose_i50_gteval_steps15000,0.3727,0.027,50,5.822343,,,,,,,,/home/ojab2/work/git/vggt/vggt_outputs/garden_2_n50_s42_c0.0_p100000_random_minfarthestpose/eval_results.json,garden_2_n50_s42_c0.0_p100000_random_minfarthestpose,garden_2_n50_s42_c0.0_p100000_random_minfarthestpose_i50_gteval_steps15000_val_step14999.json,100000,,vggt,50.0
vggt,50,42,0.0,100000,random,,,,0,10,minfarthestpose,50,GT Eval,,,,,False,,,,,0.0,,False,1.0,1.0,vggt,stump,,,15000,15000,,MCMC,,,,,,,,,,,gsplat,,outdoor,17.56587791442871,0.5153793096542358,0.3549039363861084,1000000,0.0475626215338707,1.166953444480896,,,0.12113756928992321,0.44535770586322,100000,/home/ojab2/work/git/gsplat/results/vggt_outputs/stump_2_n50_s42_c0.0_p100000_random_minfarthestpose_i50_gteval_steps15000/stats/val_step14999.json,/home/ojab2/work/git/gsplat/results/vggt_outputs/stump_2_n50_s42_c0.0_p100000_random_minfarthestpose_i50_gteval_steps15000/stats/val_step14999.json,stump_2_n50_s42_c0.0_p100000_random_minfarthestpose_i50_gteval_steps15000,1.1669,0.183925,50,4.730115,,,,,,,,/home/ojab2/work/git/vggt/vggt_outputs/stump_2_n50_s42_c0.0_p100000_random_minfarthestpose/eval_results.json,stump_2_n50_s42_c0.0_p100000_random_minfarthestpose,stump_2_n50_s42_c0.0_p100000_random_minfarthestpose_i50_gteval_steps15000_val_step14999.json,100000,,vggt,50.0
vggt,50,42,0.0,100000,random,,,,0,10,minfarthestpose,50,GT Eval,,,,,False,,,,,0.0,,False,1.0,1.0,vggt,lego,,,15000,15000,,MCMC,,,,,,,,,,,gsplat,,synthetic,21.419431686401367,0.08875027298927307,0.7948000431060791,1000000,0.004955286160111427,0.2916055917739868,0.08787281811237335,0.020806673914194107,0.7131001185952571,0.182984103337977,100000,/home/ojab2/work/git/gsplat/results/vggt_outputs/lego_1_n50_s42_c0.0_p100000_random_minfarthestpose_i50_gteval_steps15000/stats/val_step14999.json,/home/ojab2/work/git/gsplat/results/vggt_outputs/lego_1_n50_s42_c0.0_p100000_random_minfarthestpose_i50_gteval_steps15000/stats/val_step14999.json,lego_1_n50_s42_c0.0_p100000_random_minfarthestpose_i50_gteval_steps15000,0.2916,0.018156,50,4.0465,0.0466,0.0132,0.1167,,,,,/home/ojab2/work/git/vggt/vggt_outputs/lego_1_n50_s42_c0.0_p100000_random_minfarthestpose/eval_results.json,lego_1_n50_s42_c0.0_p100000_random_minfarthestpose,lego_1_n50_s42_c0.0_p100000_random_minfarthestpose_i50_gteval_steps15000_val_step14999.json,100000,,vggt,50.0
vggt,50,42,0.0,100000,random,,,,0,10,minfarthestpose,50,GT Eval,,,,,False,,,,,0.0,,False,1.0,1.0,vggt,ship,,,15000,15000,,MCMC,,,,,,,,,,,gsplat,,synthetic,21.57290267944336,0.15862883627414703,0.700731098651886,1000000,0.007174301892518997,0.4498891830444336,0.09724590182304382,0.0242744330316782,0.6177961797858307,0.2375483995476707,100000,/home/ojab2/work/git/gsplat/results/vggt_outputs/ship_1_n50_s42_c0.0_p100000_random_minfarthestpose_i50_gteval_steps15000/stats/val_step14999.json,/home/ojab2/work/git/gsplat/results/vggt_outputs/ship_1_n50_s42_c0.0_p100000_random_minfarthestpose_i50_gteval_steps15000/stats/val_step14999.json,ship_1_n50_s42_c0.0_p100000_random_minfarthestpose_i50_gteval_steps15000,0.4503,0.029935,50,4.216293,0.0998,0.0269,0.24,,,,,/home/ojab2/work/git/vggt/vggt_outputs/ship_1_n50_s42_c0.0_p100000_random_minfarthestpose/eval_results.json,ship_1_n50_s42_c0.0_p100000_random_minfarthestpose,ship_1_n50_s42_c0.0_p100000_random_minfarthestpose_i50_gteval_steps15000_val_step14999.json,100000,,vggt,50.0
vggt,50,42,0.0,100000,random,,,,0,10,minfarthestpose,50,GT Eval,,,,,False,,,,,0.0,,False,1.0,1.0,vggt,drums,,,15000,15000,,MCMC,,,,,,,,,,,gsplat,,synthetic,19.3359375,0.09716235846281052,0.8311501741409302,1000000,0.0027689894195646048,0.1710491180419922,0.08553019165992737,0.019335422664880753,0.6905816341372106,0.17324263923701977,100000,/home/ojab2/work/git/gsplat/results/vggt_outputs/drums_1_n50_s42_c0.0_p100000_random_minfarthestpose_i50_gteval_steps15000/stats/val_step14999.json,/home/ojab2/work/git/gsplat/results/vggt_outputs/drums_1_n50_s42_c0.0_p100000_random_minfarthestpose_i50_gteval_steps15000/stats/val_step14999.json,drums_1_n50_s42_c0.0_p100000_random_minfarthestpose_i50_gteval_steps15000,0.1715,0.009423,50,3.880713,0.0607,0.0168,0.1417,,,,,/home/ojab2/work/git/vggt/vggt_outputs/drums_1_n50_s42_c0.0_p100000_random_minfarthestpose/eval_results.json,drums_1_n50_s42_c0.0_p100000_random_minfarthestpose,drums_1_n50_s42_c0.0_p100000_random_minfarthestpose_i50_gteval_steps15000_val_step14999.json,100000,,vggt,50.0
vggt,60,42,0.0,100000,random,,,,0,10,minfarthestpose,60,GT Eval,,,,,False,,,,,0.0,,False,1.0,1.0,vggt,bicycle,,,15000,15000,,MCMC,,,,,,,,,,,gsplat,,outdoor,17.196531295776367,0.40759557485580444,0.2425255924463272,1000000,0.01598297990858555,0.7341469526290894,,,0.11511265693197321,0.4323318212266714,100000,/home/ojab2/work/git/gsplat/results/vggt_outputs/bicycle_4_n60_s42_c0.0_p100000_random_minfarthestpose_i60_gteval_steps15000/stats/val_step14999.json,/home/ojab2/work/git/gsplat/results/vggt_outputs/bicycle_4_n60_s42_c0.0_p100000_random_minfarthestpose_i60_gteval_steps15000/stats/val_step14999.json,bicycle_4_n60_s42_c0.0_p100000_random_minfarthestpose_i60_gteval_steps15000,0.7342,0.065719,60,4.937964,,,,,,,,/home/ojab2/work/git/vggt/vggt_outputs/bicycle_4_n60_s42_c0.0_p100000_random_minfarthestpose/eval_results.json,bicycle_4_n60_s42_c0.0_p100000_random_minfarthestpose,bicycle_4_n60_s42_c0.0_p100000_random_minfarthestpose_i60_gteval_steps15000_val_step14999.json,100000,,vggt,60.0
vggt,60,42,0.0,100000,random,,,,0,10,minfarthestpose,60,GT Eval,,,,,False,,,,,0.0,,False,1.0,1.0,vggt,garden,,,15000,15000,,MCMC,,,,,,,,,,,gsplat,,outdoor,18.2034912109375,0.4493083655834198,0.3382323980331421,1000000,0.006612913217395544,0.38847991824150085,,,0.16398031867270815,0.4259742708606498,100000,/home/ojab2/work/git/gsplat/results/vggt_outputs/garden_2_n60_s42_c0.0_p100000_random_minfarthestpose_i60_gteval_steps15000/stats/val_step14999.json,/home/ojab2/work/git/gsplat/results/vggt_outputs/garden_2_n60_s42_c0.0_p100000_random_minfarthestpose_i60_gteval_steps15000/stats/val_step14999.json,garden_2_n60_s42_c0.0_p100000_random_minfarthestpose_i60_gteval_steps15000,0.3883,0.026865,60,5.985414,,,,,,,,/home/ojab2/work/git/vggt/vggt_outputs/garden_2_n60_s42_c0.0_p100000_random_minfarthestpose/eval_results.json,garden_2_n60_s42_c0.0_p100000_random_minfarthestpose,garden_2_n60_s42_c0.0_p100000_random_minfarthestpose_i60_gteval_steps15000_val_step14999.json,100000,,vggt,60.0
vggt,60,42,0.0,100000,random,,,,0,10,minfarthestpose,60,GT Eval,,,,,False,,,,,0.0,,False,1.0,1.0,vggt,stump,,,15000,15000,,MCMC,,,,,,,,,,,gsplat,,outdoor,17.98042106628418,0.5081429481506348,0.3692970275878906,1000000,0.043745484203100204,1.0253480672836304,,,0.14169819654002447,0.4394105308790657,100000,/home/ojab2/work/git/gsplat/results/vggt_outputs/stump_2_n60_s42_c0.0_p100000_random_minfarthestpose_i60_gteval_steps15000/stats/val_step14999.json,/home/ojab2/work/git/gsplat/results/vggt_outputs/stump_2_n60_s42_c0.0_p100000_random_minfarthestpose_i60_gteval_steps15000/stats/val_step14999.json,stump_2_n60_s42_c0.0_p100000_random_minfarthestpose_i60_gteval_steps15000,1.0254,0.1691,60,4.5635,,,,,,,,/home/ojab2/work/git/vggt/vggt_outputs/stump_2_n60_s42_c0.0_p100000_random_minfarthestpose/eval_results.json,stump_2_n60_s42_c0.0_p100000_random_minfarthestpose,stump_2_n60_s42_c0.0_p100000_random_minfarthestpose_i60_gteval_steps15000_val_step14999.json,100000,,vggt,60.0
vggt,60,42,0.0,100000,random,,,,0,10,minfarthestpose,60,GT Eval,,,,,False,,,,,0.0,,False,1.0,1.0,vggt,lego,,,15000,15000,,MCMC,,,,,,,,,,,gsplat,,synthetic,21.653776168823242,0.08798713982105255,0.8014010190963745,1000000,0.00483406288549304,0.3386637568473816,0.08777588605880737,0.02159331738948822,0.7217711209669913,0.18015492266972,100000,/home/ojab2/work/git/gsplat/results/vggt_outputs/lego_1_n60_s42_c0.0_p100000_random_minfarthestpose_i60_gteval_steps15000/stats/val_step14999.json,/home/ojab2/work/git/gsplat/results/vggt_outputs/lego_1_n60_s42_c0.0_p100000_random_minfarthestpose_i60_gteval_steps15000/stats/val_step14999.json,lego_1_n60_s42_c0.0_p100000_random_minfarthestpose_i60_gteval_steps15000,0.3386,0.018355,60,4.043009,0.046,0.013,0.1152,,,,,/home/ojab2/work/git/vggt/vggt_outputs/lego_1_n60_s42_c0.0_p100000_random_minfarthestpose/eval_results.json,lego_1_n60_s42_c0.0_p100000_random_minfarthestpose,lego_1_n60_s42_c0.0_p100000_random_minfarthestpose_i60_gteval_steps15000_val_step14999.json,100000,,vggt,60.0
vggt,60,42,0.0,100000,random,,,,0,10,minfarthestpose,60,GT Eval,,,,,False,,,,,0.0,,False,1.0,1.0,vggt,ship,,,15000,15000,,MCMC,,,,,,,,,,,gsplat,,synthetic,21.521196365356445,0.16084079444408417,0.7061067223548889,1000000,0.006673403549939394,0.4698730707168579,0.11026576161384583,0.028913933783769608,0.6186168887655482,0.23666834362072423,100000,/home/ojab2/work/git/gsplat/results/vggt_outputs/ship_1_n60_s42_c0.0_p100000_random_minfarthestpose_i60_gteval_steps15000/stats/val_step14999.json,/home/ojab2/work/git/gsplat/results/vggt_outputs/ship_1_n60_s42_c0.0_p100000_random_minfarthestpose_i60_gteval_steps15000/stats/val_step14999.json,ship_1_n60_s42_c0.0_p100000_random_minfarthestpose_i60_gteval_steps15000,0.47,0.029124,60,4.21936,0.1007,0.0271,0.2402,,,,,/home/ojab2/work/git/vggt/vggt_outputs/ship_1_n60_s42_c0.0_p100000_random_minfarthestpose/eval_results.json,ship_1_n60_s42_c0.0_p100000_random_minfarthestpose,ship_1_n60_s42_c0.0_p100000_random_minfarthestpose_i60_gteval_steps15000_val_step14999.json,100000,,vggt,60.0
vggt,60,42,0.0,100000,random,,,,0,10,minfarthestpose,60,GT Eval,,,,,False,,,,,0.0,,False,1.0,1.0,vggt,drums,,,15000,15000,,MCMC,,,,,,,,,,,gsplat,,synthetic,19.432680130004883,0.09977434575557709,0.8312180042266846,1000000,0.0029061329551041126,0.18092001974582672,0.08373542875051498,0.018932364881038666,0.6908004932042604,0.17400022311980914,100000,/home/ojab2/work/git/gsplat/results/vggt_outputs/drums_1_n60_s42_c0.0_p100000_random_minfarthestpose_i60_gteval_steps15000/stats/val_step14999.json,/home/ojab2/work/git/gsplat/results/vggt_outputs/drums_1_n60_s42_c0.0_p100000_random_minfarthestpose_i60_gteval_steps15000/stats/val_step14999.json,drums_1_n60_s42_c0.0_p100000_random_minfarthestpose_i60_gteval_steps15000,0.1817,0.009902,60,3.883933,0.0607,0.0168,0.1421,,,,,/home/ojab2/work/git/vggt/vggt_outputs/drums_1_n60_s42_c0.0_p100000_random_minfarthestpose/eval_results.json,drums_1_n60_s42_c0.0_p100000_random_minfarthestpose,drums_1_n60_s42_c0.0_p100000_random_minfarthestpose_i60_gteval_steps15000_val_step14999.json,100000,,vggt,60.0
vggt,70,42,0.0,100000,random,,,,0,10,minfarthestpose,70,GT Eval,,,,,False,,,,,0.0,,False,1.0,1.0,vggt,bicycle,,,15000,15000,,MCMC,,,,,,,,,,,gsplat,,outdoor,17.303333282470703,0.4162306487560272,0.24821975827217102,1000000,0.01512779202312231,0.876844584941864,,,0.11509010050496633,0.4339632838001787,100000,/home/ojab2/work/git/gsplat/results/vggt_outputs/bicycle_4_n70_s42_c0.0_p100000_random_minfarthestpose_i70_gteval_steps15000/stats/val_step14999.json,/home/ojab2/work/git/gsplat/results/vggt_outputs/bicycle_4_n70_s42_c0.0_p100000_random_minfarthestpose_i70_gteval_steps15000/stats/val_step14999.json,bicycle_4_n70_s42_c0.0_p100000_random_minfarthestpose_i70_gteval_steps15000,0.8769,0.061125,70,4.877382,,,,,,,,/home/ojab2/work/git/vggt/vggt_outputs/bicycle_4_n70_s42_c0.0_p100000_random_minfarthestpose/eval_results.json,bicycle_4_n70_s42_c0.0_p100000_random_minfarthestpose,bicycle_4_n70_s42_c0.0_p100000_random_minfarthestpose_i70_gteval_steps15000_val_step14999.json,100000,,vggt,70.0
vggt,70,42,0.0,100000,random,,,,0,10,minfarthestpose,70,GT Eval,,,,,False,,,,,0.0,,False,1.0,1.0,vggt,garden,,,15000,15000,,MCMC,,,,,,,,,,,gsplat,,outdoor,18.56494140625,0.44116610288619995,0.3462892472743988,1000000,0.006993960589170456,0.38648492097854614,,,0.18041153663625342,0.42120187981302903,100000,/home/ojab2/work/git/gsplat/results/vggt_outputs/garden_2_n70_s42_c0.0_p100000_random_minfarthestpose_i70_gteval_steps15000/stats/val_step14999.json,/home/ojab2/work/git/gsplat/results/vggt_outputs/garden_2_n70_s42_c0.0_p100000_random_minfarthestpose_i70_gteval_steps15000/stats/val_step14999.json,garden_2_n70_s42_c0.0_p100000_random_minfarthestpose_i70_gteval_steps15000,0.3865,0.028024,70,6.070709,,,,,,,,/home/ojab2/work/git/vggt/vggt_outputs/garden_2_n70_s42_c0.0_p100000_random_minfarthestpose/eval_results.json,garden_2_n70_s42_c0.0_p100000_random_minfarthestpose,garden_2_n70_s42_c0.0_p100000_random_minfarthestpose_i70_gteval_steps15000_val_step14999.json,100000,,vggt,70.0
vggt,70,42,0.0,100000,random,,,,0,10,minfarthestpose,70,GT Eval,,,,,False,,,,,0.0,,False,1.0,1.0,vggt,stump,,,15000,15000,,MCMC,,,,,,,,,,,gsplat,,outdoor,17.92767333984375,0.5234177112579346,0.3746194839477539,1000000,0.046015042811632156,1.1531213521957397,,,0.13440506825437792,0.44344761219736073,100000,/home/ojab2/work/git/gsplat/results/vggt_outputs/stump_2_n70_s42_c0.0_p100000_random_minfarthestpose_i70_gteval_steps15000/stats/val_step14999.json,/home/ojab2/work/git/gsplat/results/vggt_outputs/stump_2_n70_s42_c0.0_p100000_random_minfarthestpose_i70_gteval_steps15000/stats/val_step14999.json,stump_2_n70_s42_c0.0_p100000_random_minfarthestpose_i70_gteval_steps15000,1.1531,0.176857,70,4.945385,,,,,,,,/home/ojab2/work/git/vggt/vggt_outputs/stump_2_n70_s42_c0.0_p100000_random_minfarthestpose/eval_results.json,stump_2_n70_s42_c0.0_p100000_random_minfarthestpose,stump_2_n70_s42_c0.0_p100000_random_minfarthestpose_i70_gteval_steps15000_val_step14999.json,100000,,vggt,70.0
vggt,70,42,0.0,100000,random,,,,0,10,minfarthestpose,70,GT Eval,,,,,False,,,,,0.0,,False,1.0,1.0,vggt,lego,,,15000,15000,,MCMC,,,,,,,,,,,gsplat,,synthetic,19.951635360717773,0.10068289935588837,0.766650915145874,1000000,0.004774382803589106,0.33930590748786926,0.07472193241119385,0.019496779888868332,0.6620914080725464,0.19795236036425792,100000,/home/ojab2/work/git/gsplat/results/vggt_outputs/lego_1_n70_s42_c0.0_p100000_random_minfarthestpose_i70_gteval_steps15000/stats/val_step14999.json,/home/ojab2/work/git/gsplat/results/vggt_outputs/lego_1_n70_s42_c0.0_p100000_random_minfarthestpose_i70_gteval_steps15000/stats/val_step14999.json,lego_1_n70_s42_c0.0_p100000_random_minfarthestpose_i70_gteval_steps15000,0.3397,0.018862,70,4.060608,0.0482,0.0136,0.1162,,,,,/home/ojab2/work/git/vggt/vggt_outputs/lego_1_n70_s42_c0.0_p100000_random_minfarthestpose/eval_results.json,lego_1_n70_s42_c0.0_p100000_random_minfarthestpose,lego_1_n70_s42_c0.0_p100000_random_minfarthestpose_i70_gteval_steps15000_val_step14999.json,100000,,vggt,70.0
vggt,70,42,0.0,100000,random,,,,0,10,minfarthestpose,70,GT Eval,,,,,False,,,,,0.0,,False,1.0,1.0,vggt,ship,,,15000,15000,,MCMC,,,,,,,,,,,gsplat,,synthetic,22.085920333862305,0.15144316852092743,0.7295990586280823,1000000,0.007405884098261595,0.4912509322166443,0.09484874457120895,0.02375170961022377,0.6486139520373415,0.2258766819745325,100000,/home/ojab2/work/git/gsplat/results/vggt_outputs/ship_1_n70_s42_c0.0_p100000_random_minfarthestpose_i70_gteval_steps15000/stats/val_step14999.json,/home/ojab2/work/git/gsplat/results/vggt_outputs/ship_1_n70_s42_c0.0_p100000_random_minfarthestpose_i70_gteval_steps15000/stats/val_step14999.json,ship_1_n70_s42_c0.0_p100000_random_minfarthestpose_i70_gteval_steps15000,0.4913,0.030434,70,4.211942,0.0977,0.0263,0.2382,,,,,/home/ojab2/work/git/vggt/vggt_outputs/ship_1_n70_s42_c0.0_p100000_random_minfarthestpose/eval_results.json,ship_1_n70_s42_c0.0_p100000_random_minfarthestpose,ship_1_n70_s42_c0.0_p100000_random_minfarthestpose_i70_gteval_steps15000_val_step14999.json,100000,,vggt,70.0
vggt,70,42,0.0,100000,random,,,,0,10,minfarthestpose,70,GT Eval,,,,,False,,,,,0.0,,False,1.0,1.0,vggt,drums,,,15000,15000,,MCMC,,,,,,,,,,,gsplat,,synthetic,19.56345558166504,0.10139310359954834,0.833803653717041,1000000,0.002955374540761113,0.18639010190963745,0.08448449522256851,0.018864355981349945,0.6937351033159321,0.1733741336095096,100000,/home/ojab2/work/git/gsplat/results/vggt_outputs/drums_1_n70_s42_c0.0_p100000_random_minfarthestpose_i70_gteval_steps15000/stats/val_step14999.json,/home/ojab2/work/git/gsplat/results/vggt_outputs/drums_1_n70_s42_c0.0_p100000_random_minfarthestpose_i70_gteval_steps15000/stats/val_step14999.json,drums_1_n70_s42_c0.0_p100000_random_minfarthestpose_i70_gteval_steps15000,0.1867,0.009912,70,3.879192,0.062,0.0171,0.1436,,,,,/home/ojab2/work/git/vggt/vggt_outputs/drums_1_n70_s42_c0.0_p100000_random_minfarthestpose/eval_results.json,drums_1_n70_s42_c0.0_p100000_random_minfarthestpose,drums_1_n70_s42_c0.0_p100000_random_minfarthestpose_i70_gteval_steps15000_val_step14999.json,100000,,vggt,70.0
vggt,80,42,0.0,100000,random,,,,0,10,minfarthestpose,80,GT Eval,,,,,False,,,,,0.0,,False,1.0,1.0,vggt,bicycle,,,15000,15000,,MCMC,,,,,,,,,,,gsplat,,outdoor,16.890607833862305,0.43058598041534424,0.24954284727573395,1000000,0.015153047628700733,0.9233492612838745,,,0.09935945706215676,0.4391122878754845,100000,/home/ojab2/work/git/gsplat/results/vggt_outputs/bicycle_4_n80_s42_c0.0_p100000_random_minfarthestpose_i80_gteval_steps15000/stats/val_step14999.json,/home/ojab2/work/git/gsplat/results/vggt_outputs/bicycle_4_n80_s42_c0.0_p100000_random_minfarthestpose_i80_gteval_steps15000/stats/val_step14999.json,bicycle_4_n80_s42_c0.0_p100000_random_minfarthestpose_i80_gteval_steps15000,0.9233,0.065463,80,5.217082,,,,,,,,/home/ojab2/work/git/vggt/vggt_outputs/bicycle_4_n80_s42_c0.0_p100000_random_minfarthestpose/eval_results.json,bicycle_4_n80_s42_c0.0_p100000_random_minfarthestpose,bicycle_4_n80_s42_c0.0_p100000_random_minfarthestpose_i80_gteval_steps15000_val_step14999.json,100000,,vggt,80.0
vggt,80,42,0.0,100000,random,,,,0,10,minfarthestpose,80,GT Eval,,,,,False,,,,,0.0,,False,1.0,1.0,vggt,garden,,,15000,15000,,MCMC,,,,,,,,,,,gsplat,,outdoor,18.587688446044922,0.45329052209854126,0.3501704931259155,1000000,0.006363479886204004,0.3852617144584656,,,0.17561830313969468,0.4244178614988324,100000,/home/ojab2/work/git/gsplat/results/vggt_outputs/garden_2_n80_s42_c0.0_p100000_random_minfarthestpose_i80_gteval_steps15000/stats/val_step14999.json,/home/ojab2/work/git/gsplat/results/vggt_outputs/garden_2_n80_s42_c0.0_p100000_random_minfarthestpose_i80_gteval_steps15000/stats/val_step14999.json,garden_2_n80_s42_c0.0_p100000_random_minfarthestpose_i80_gteval_steps15000,0.3854,0.026429,80,6.047016,,,,,,,,/home/ojab2/work/git/vggt/vggt_outputs/garden_2_n80_s42_c0.0_p100000_random_minfarthestpose/eval_results.json,garden_2_n80_s42_c0.0_p100000_random_minfarthestpose,garden_2_n80_s42_c0.0_p100000_random_minfarthestpose_i80_gteval_steps15000_val_step14999.json,100000,,vggt,80.0
vggt,80,42,0.0,100000,random,,,,0,10,minfarthestpose,80,GT Eval,,,,,False,,,,,0.0,,False,1.0,1.0,vggt,stump,,,15000,15000,,MCMC,,,,,,,,,,,gsplat,,outdoor,18.243080139160156,0.5205506086349487,0.38774269819259644,1000000,0.047511182725429535,1.0264698266983032,,,0.14969014563755684,0.43933518238226965,100000,/home/ojab2/work/git/gsplat/results/vggt_outputs/stump_2_n80_s42_c0.0_p100000_random_minfarthestpose_i80_gteval_steps15000/stats/val_step14999.json,/home/ojab2/work/git/gsplat/results/vggt_outputs/stump_2_n80_s42_c0.0_p100000_random_minfarthestpose_i80_gteval_steps15000/stats/val_step14999.json,stump_2_n80_s42_c0.0_p100000_random_minfarthestpose_i80_gteval_steps15000,1.0265,0.18019,80,4.726412,,,,,,,,/home/ojab2/work/git/vggt/vggt_outputs/stump_2_n80_s42_c0.0_p100000_random_minfarthestpose/eval_results.json,stump_2_n80_s42_c0.0_p100000_random_minfarthestpose,stump_2_n80_s42_c0.0_p100000_random_minfarthestpose_i80_gteval_steps15000_val_step14999.json,100000,,vggt,80.0
vggt,80,42,0.0,100000,random,,,,0,10,minfarthestpose,80,GT Eval,,,,,False,,,,,0.0,,False,1.0,1.0,vggt,lego,,,15000,15000,,MCMC,,,,,,,,,,,gsplat,,synthetic,20.84146499633789,0.09648028016090393,0.7779006958007812,1000000,0.004994303919374943,0.3266078531742096,0.08668947219848633,0.020922956988215446,0.6877427631341613,0.19199767007947957,100000,/home/ojab2/work/git/gsplat/results/vggt_outputs/lego_1_n80_s42_c0.0_p100000_random_minfarthestpose_i80_gteval_steps15000/stats/val_step14999.json,/home/ojab2/work/git/gsplat/results/vggt_outputs/lego_1_n80_s42_c0.0_p100000_random_minfarthestpose_i80_gteval_steps15000/stats/val_step14999.json,lego_1_n80_s42_c0.0_p100000_random_minfarthestpose_i80_gteval_steps15000,0.327,0.018619,80,4.050801,0.0469,0.0133,0.1179,,,,,/home/ojab2/work/git/vggt/vggt_outputs/lego_1_n80_s42_c0.0_p100000_random_minfarthestpose/eval_results.json,lego_1_n80_s42_c0.0_p100000_random_minfarthestpose,lego_1_n80_s42_c0.0_p100000_random_minfarthestpose_i80_gteval_steps15000_val_step14999.json,100000,,vggt,80.0
vggt,80,42,0.0,100000,random,,,,0,10,minfarthestpose,80,GT Eval,,,,,False,,,,,0.0,,False,1.0,1.0,vggt,ship,,,15000,15000,,MCMC,,,,,,,,,,,gsplat,,synthetic,21.362865447998047,0.1627213954925537,0.7132570147514343,1000000,0.007938144728541374,0.4597610831260681,0.1509273499250412,0.029706543311476707,0.6187054274374979,0.23517061448316717,100000,/home/ojab2/work/git/gsplat/results/vggt_outputs/ship_1_n80_s42_c0.0_p100000_random_minfarthestpose_i80_gteval_steps15000/stats/val_step14999.json,/home/ojab2/work/git/gsplat/results/vggt_outputs/ship_1_n80_s42_c0.0_p100000_random_minfarthestpose_i80_gteval_steps15000/stats/val_step14999.json,ship_1_n80_s42_c0.0_p100000_random_minfarthestpose_i80_gteval_steps15000,0.4596,0.026099,80,4.293598,0.1029,0.0277,0.2398,,,,,/home/ojab2/work/git/vggt/vggt_outputs/ship_1_n80_s42_c0.0_p100000_random_minfarthestpose/eval_results.json,ship_1_n80_s42_c0.0_p100000_random_minfarthestpose,ship_1_n80_s42_c0.0_p100000_random_minfarthestpose_i80_gteval_steps15000_val_step14999.json,100000,,vggt,80.0
vggt,80,42,0.0,100000,random,,,,0,10,minfarthestpose,80,GT Eval,,,,,False,,,,,0.0,,False,1.0,1.0,vggt,drums,,,15000,15000,,MCMC,,,,,,,,,,,gsplat,,synthetic,19.50897789001465,0.1052338108420372,0.832544207572937,1000000,0.0030238875187933445,0.19044242799282074,0.0864693894982338,0.01944432035088539,0.6896189320215239,0.1752148171539522,100000,/home/ojab2/work/git/gsplat/results/vggt_outputs/drums_1_n80_s42_c0.0_p100000_random_minfarthestpose_i80_gteval_steps15000/stats/val_step14999.json,/home/ojab2/work/git/gsplat/results/vggt_outputs/drums_1_n80_s42_c0.0_p100000_random_minfarthestpose_i80_gteval_steps15000/stats/val_step14999.json,drums_1_n80_s42_c0.0_p100000_random_minfarthestpose_i80_gteval_steps15000,0.1912,0.010174,80,3.879388,0.063,0.0174,0.1437,,,,,/home/ojab2/work/git/vggt/vggt_outputs/drums_1_n80_s42_c0.0_p100000_random_minfarthestpose/eval_results.json,drums_1_n80_s42_c0.0_p100000_random_minfarthestpose,drums_1_n80_s42_c0.0_p100000_random_minfarthestpose_i80_gteval_steps15000_val_step14999.json,100000,,vggt,80.0
vggt,87,42,0.0,100000,random,,,,0,10,farthestpose,87,GT Eval,,,,,False,,,,,0.0,,False,1.0,1.0,vggt,lego,,,15000,15000,,MCMC,,,,,,,,,,,gsplat,,synthetic,20.5725154876709,0.09495189040899277,0.7736919522285461,1000000,0.00519891083240509,0.29695671796798706,0.08478271961212158,0.019924363121390343,0.681244413590493,0.1931450915679226,100000,/home/ojab2/work/git/gsplat/results/vggt_outputs/lego_1_n87_s42_c0.0_p100000_random_farthestpose_i87_gteval_steps15000/stats/val_step14999.json,/home/ojab2/work/git/gsplat/results/vggt_outputs/lego_1_n87_s42_c0.0_p100000_random_farthestpose_i87_gteval_steps15000/stats/val_step14999.json,lego_1_n87_s42_c0.0_p100000_random_farthestpose_i87_gteval_steps15000,0.2976,0.018838,87,4.04904,0.0478,0.0135,0.118,,,,,/home/ojab2/work/git/vggt/vggt_outputs/lego_1_n87_s42_c0.0_p100000_random_farthestpose/eval_results.json,lego_1_n87_s42_c0.0_p100000_random_farthestpose,lego_1_n87_s42_c0.0_p100000_random_farthestpose_i87_gteval_steps15000_val_step14999.json,100000,,vggt,87.0
vggt,87,42,0.0,100000,random,,,,0,10,farthestpose,87,GT Eval,,,,,False,,,,,0.0,,False,1.0,1.0,vggt,ship,,,15000,15000,,MCMC,,,,,,,,,,,gsplat,,synthetic,20.870609283447266,0.17614904046058655,0.701298177242279,1000000,0.008744901046156883,0.48666468262672424,0.1624460220336914,0.030732251703739166,0.5943074305774795,0.24362291487022897,100000,/home/ojab2/work/git/gsplat/results/vggt_outputs/ship_1_n87_s42_c0.0_p100000_random_farthestpose_i87_gteval_steps15000/stats/val_step14999.json,/home/ojab2/work/git/gsplat/results/vggt_outputs/ship_1_n87_s42_c0.0_p100000_random_farthestpose_i87_gteval_steps15000/stats/val_step14999.json,ship_1_n87_s42_c0.0_p100000_random_farthestpose_i87_gteval_steps15000,0.4869,0.027807,87,4.301907,0.1056,0.0284,0.2389,,,,,/home/ojab2/work/git/vggt/vggt_outputs/ship_1_n87_s42_c0.0_p100000_random_farthestpose/eval_results.json,ship_1_n87_s42_c0.0_p100000_random_farthestpose,ship_1_n87_s42_c0.0_p100000_random_farthestpose_i87_gteval_steps15000_val_step14999.json,100000,,vggt,87.0
vggt,87,42,0.0,100000,random,,,,0,10,farthestpose,87,GT Eval,,,,,False,,,,,0.0,,False,1.0,1.0,vggt,drums,,,15000,15000,,MCMC,,,,,,,,,,,gsplat,,synthetic,19.667821884155273,0.10607661306858063,0.8355606198310852,1000000,0.0029657548293471336,0.1723455935716629,0.08291950821876526,0.0187007337808609,0.6938042229572777,0.1741275835483121,100000,/home/ojab2/work/git/gsplat/results/vggt_outputs/drums_1_n87_s42_c0.0_p100000_random_farthestpose_i87_gteval_steps15000/stats/val_step14999.json,/home/ojab2/work/git/gsplat/results/vggt_outputs/drums_1_n87_s42_c0.0_p100000_random_farthestpose_i87_gteval_steps15000/stats/val_step14999.json,drums_1_n87_s42_c0.0_p100000_random_farthestpose_i87_gteval_steps15000,0.173,0.01002,87,3.881439,0.0626,0.0172,0.1433,,,,,/home/ojab2/work/git/vggt/vggt_outputs/drums_1_n87_s42_c0.0_p100000_random_farthestpose/eval_results.json,drums_1_n87_s42_c0.0_p100000_random_farthestpose,drums_1_n87_s42_c0.0_p100000_random_farthestpose_i87_gteval_steps15000_val_step14999.json,100000,,vggt,87.0
vggt,90,42,0.0,100000,random,,,,0,10,minfarthestpose,90,GT Eval,,,,,False,,,,,0.0,,False,1.0,1.0,vggt,bicycle,,,15000,15000,,MCMC,,,,,,,,,,,gsplat,,outdoor,17.289386749267578,0.4206547141075134,0.2599956691265106,1000000,0.015102081932127476,0.7367262840270996,,,0.11898742440925783,0.43318539687181074,100000,/home/ojab2/work/git/gsplat/results/vggt_outputs/bicycle_4_n90_s42_c0.0_p100000_random_minfarthestpose_i90_gteval_steps15000/stats/val_step14999.json,/home/ojab2/work/git/gsplat/results/vggt_outputs/bicycle_4_n90_s42_c0.0_p100000_random_minfarthestpose_i90_gteval_steps15000/stats/val_step14999.json,bicycle_4_n90_s42_c0.0_p100000_random_minfarthestpose_i90_gteval_steps15000,0.7367,0.06455,90,5.282349,,,,,,,,/home/ojab2/work/git/vggt/vggt_outputs/bicycle_4_n90_s42_c0.0_p100000_random_minfarthestpose/eval_results.json,bicycle_4_n90_s42_c0.0_p100000_random_minfarthestpose,bicycle_4_n90_s42_c0.0_p100000_random_minfarthestpose_i90_gteval_steps15000_val_step14999.json,100000,,vggt,90.0
vggt,90,42,0.0,100000,random,,,,0,10,minfarthestpose,90,GT Eval,,,,,False,,,,,0.0,,False,1.0,1.0,vggt,garden,,,15000,15000,,MCMC,,,,,,,,,,,gsplat,,outdoor,18.7086181640625,0.4600985050201416,0.3545231521129608,1000000,0.006414955016225576,0.3644658029079437,,,0.1762006983809691,0.42565904312737507,100000,/home/ojab2/work/git/gsplat/results/vggt_outputs/garden_2_n90_s42_c0.0_p100000_random_minfarthestpose_i90_gteval_steps15000/stats/val_step14999.json,/home/ojab2/work/git/gsplat/results/vggt_outputs/garden_2_n90_s42_c0.0_p100000_random_minfarthestpose_i90_gteval_steps15000/stats/val_step14999.json,garden_2_n90_s42_c0.0_p100000_random_minfarthestpose_i90_gteval_steps15000,0.3643,0.026694,90,6.044204,,,,,,,,/home/ojab2/work/git/vggt/vggt_outputs/garden_2_n90_s42_c0.0_p100000_random_minfarthestpose/eval_results.json,garden_2_n90_s42_c0.0_p100000_random_minfarthestpose,garden_2_n90_s42_c0.0_p100000_random_minfarthestpose_i90_gteval_steps15000_val_step14999.json,100000,,vggt,90.0
vggt,90,42,0.0,100000,random,,,,0,10,minfarthestpose,90,GT Eval,,,,,False,,,,,0.0,,False,1.0,1.0,vggt,stump,,,15000,15000,,MCMC,,,,,,,,,,,gsplat,,outdoor,18.462543487548828,0.5247905254364014,0.3981894552707672,1000000,0.045708656311035156,0.8567665219306946,,,0.1572462637909362,0.4382675817046212,100000,/home/ojab2/work/git/gsplat/results/vggt_outputs/stump_2_n90_s42_c0.0_p100000_random_minfarthestpose_i90_gteval_steps15000/stats/val_step14999.json,/home/ojab2/work/git/gsplat/results/vggt_outputs/stump_2_n90_s42_c0.0_p100000_random_minfarthestpose_i90_gteval_steps15000/stats/val_step14999.json,stump_2_n90_s42_c0.0_p100000_random_minfarthestpose_i90_gteval_steps15000,0.8567,0.174147,90,4.625971,,,,,,,,/home/ojab2/work/git/vggt/vggt_outputs/stump_2_n90_s42_c0.0_p100000_random_minfarthestpose/eval_results.json,stump_2_n90_s42_c0.0_p100000_random_minfarthestpose,stump_2_n90_s42_c0.0_p100000_random_minfarthestpose_i90_gteval_steps15000_val_step14999.json,100000,,vggt,90.0
vggt,100,42,0.0,100000,random,,,,0,10,minfarthestpose,100,GT Eval,,,,,False,,,,,0.0,,False,1.0,1.0,vggt,bicycle,,,15000,15000,,MCMC,,,,,,,,,,,gsplat,,outdoor,17.131547927856445,0.42457109689712524,0.26422879099845886,1000000,0.015981202945113182,0.6791287064552307,,,0.11612247289814992,0.4338998287259344,100000,/home/ojab2/work/git/gsplat/results/vggt_outputs/bicycle_4_n100_s42_c0.0_p100000_random_minfarthestpose_i100_gteval_steps15000/stats/val_step14999.json,/home/ojab2/work/git/gsplat/results/vggt_outputs/bicycle_4_n100_s42_c0.0_p100000_random_minfarthestpose_i100_gteval_steps15000/stats/val_step14999.json,bicycle_4_n100_s42_c0.0_p100000_random_minfarthestpose_i100_gteval_steps15000,0.679,0.066492,100,5.275284,,,,,,,,/home/ojab2/work/git/vggt/vggt_outputs/bicycle_4_n100_s42_c0.0_p100000_random_minfarthestpose/eval_results.json,bicycle_4_n100_s42_c0.0_p100000_random_minfarthestpose,bicycle_4_n100_s42_c0.0_p100000_random_minfarthestpose_i100_gteval_steps15000_val_step14999.json,100000,,vggt,100.0
vggt,100,42,0.0,100000,random,,,,0,10,minfarthestpose,100,GT Eval,,,,,False,,,,,0.0,,False,1.0,1.0,vggt,garden,,,15000,15000,,MCMC,,,,,,,,,,,gsplat,,outdoor,18.596242904663086,0.47921639680862427,0.35522598028182983,1000000,0.006019601598381996,0.38047248125076294,,,0.16272951791315904,0.43200346835893566,100000,/home/ojab2/work/git/gsplat/results/vggt_outputs/garden_2_n100_s42_c0.0_p100000_random_minfarthestpose_i100_gteval_steps15000/stats/val_step14999.json,/home/ojab2/work/git/gsplat/results/vggt_outputs/garden_2_n100_s42_c0.0_p100000_random_minfarthestpose_i100_gteval_steps15000/stats/val_step14999.json,garden_2_n100_s42_c0.0_p100000_random_minfarthestpose_i100_gteval_steps15000,0.3804,0.027315,100,5.951851,,,,,,,,/home/ojab2/work/git/vggt/vggt_outputs/garden_2_n100_s42_c0.0_p100000_random_minfarthestpose/eval_results.json,garden_2_n100_s42_c0.0_p100000_random_minfarthestpose,garden_2_n100_s42_c0.0_p100000_random_minfarthestpose_i100_gteval_steps15000_val_step14999.json,100000,,vggt,100.0
vggt,100,42,0.0,100000,random,,,,0,10,minfarthestpose,100,GT Eval,,,,,False,,,,,0.0,,False,1.0,1.0,vggt,stump,,,15000,15000,,MCMC,,,,,,,,,,,gsplat,,outdoor,18.826658248901367,0.5214320421218872,0.41401204466819763,1000000,0.040892429649829865,0.8960188031196594,,,0.17531524384618197,0.43334414671385135,100000,/home/ojab2/work/git/gsplat/results/vggt_outputs/stump_2_n100_s42_c0.0_p100000_random_minfarthestpose_i100_gteval_steps15000/stats/val_step14999.json,/home/ojab2/work/git/gsplat/results/vggt_outputs/stump_2_n100_s42_c0.0_p100000_random_minfarthestpose_i100_gteval_steps15000/stats/val_step14999.json,stump_2_n100_s42_c0.0_p100000_random_minfarthestpose_i100_gteval_steps15000,0.896,0.157243,100,4.606866,,,,,,,,/home/ojab2/work/git/vggt/vggt_outputs/stump_2_n100_s42_c0.0_p100000_random_minfarthestpose/eval_results.json,stump_2_n100_s42_c0.0_p100000_random_minfarthestpose,stump_2_n100_s42_c0.0_p100000_random_minfarthestpose_i100_gteval_steps15000_val_step14999.json,100000,,vggt,100.0
