method,num_images,seed,conf_thres_value,num_points,sampling_mode,near_filtering_strength,near_filtering_quorum,reconstruct_pose_opt,optimisation_iterations,optimisation_neighbourhood,image_mode,num_cameras,gt_eval,use_gt_extrinsics,use_gt_intrinsics,use_gt_points,pose_opt,run_mvs,pose_opt_module,eval_opt,depth_loss_mode,error_opa,depth_lambda,depth_conf_mode,depth_conf_shifted,loss_multiplier,pose_loss_multiplier,choice,dataset,camera_type,copy_mode,val_step,num_steps,colmap_mode,splatting_strategy,camera_src,pcd_src,align_mode,align_glue,shared_camera,keep_backup_cams,random_init,use_ba,feature_extractor,max_ba_iterations,source,series_label_override,dataset_collection,psnr,lpips,ssim,num_GS,eval_rte,eval_rre,depth_l1,depth_abs_rel,quality,avge,real_num_points,file_path,gsplat_file_path,folder,rre,rte,num_aligned,alignment_scale,pred_depth_l1,pred_depth_absrel,pred_depth_rmse,inference_time,peak_memory_mb,peak_memory_reserved_mb,processing_time,sfm_file_path,input_folder,output_folder,initial_points,failed_sfm_file_path,gsplat_cfg_file_path,used_cache,cache_load_time,plot_series,num_images_jitter
colmap,10,42,,146,,,,,0,10,minfarthestpose,10,GT Eval,,,,,False,,,,,0.0,,False,1.0,1.0,colmap,counter,,,15000,15000,default,MCMC,,,,,Shared Cam,,,,,,gsplat,,indoor,12.353164672851562,0.7327916622161865,0.44888290762901306,154676,0.00241318391636014,0.14835837483406067,,,-0.05464085059323964,0.5111107307319637,146,/home/ojab2/work/git/gsplat/results/colmap_outputs/counter_2_n10_s42_default_minfarthestpose_sharedcam_i10_gteval_steps15000/stats/val_step14999.json,/home/ojab2/work/git/gsplat/results/colmap_outputs/counter_2_n10_s42_default_minfarthestpose_sharedcam_i10_gteval_steps15000/stats/val_step14999.json,counter_2_n10_s42_default_minfarthestpose_sharedcam_i10_gteval_steps15000,0.1484,0.006143,5,0.596288,,,,2.018458604812622,7172.0,7172,0.0,/home/ojab2/work/git/vggt/colmap_outputs/counter_2_n10_s42_default_minfarthestpose_sharedcam/eval_results.json,counter_2_n10_s42_default_minfarthestpose_sharedcam,counter_2_n10_s42_default_minfarthestpose_sharedcam_i10_gteval_steps15000_val_step14999.json,146,,,,,colmap,10.0
colmap,10,42,,,,,,,0,10,minfarthestpose,10,GT Eval,,,,,False,,,,,0.0,,False,1.0,1.0,colmap,bonsai,,,15000,15000,default,MCMC,,,,,Shared Cam,,,,,,gsplat_cfg,,indoor,,,,,,,,,,,,/home/ojab2/work/git/gsplat/results/colmap_outputs/bonsai_2_n10_s42_default_minfarthestpose_sharedcam_i10_gteval_steps15000/stats/config.json,,bonsai_2_n10_s42_default_minfarthestpose_sharedcam_i10_gteval_steps15000,,,,,,,,,,,,,bonsai_2_n10_s42_default_minfarthestpose_sharedcam_i10_gteval_steps15000,,,,/home/ojab2/work/git/gsplat/results/colmap_outputs/bonsai_2_n10_s42_default_minfarthestpose_sharedcam_i10_gteval_steps15000/stats/config.json,,,colmap,10.0
colmap,10,42,,,,,,,0,10,minfarthestpose,10,GT Eval,,,,,False,,,,,0.0,,False,1.0,1.0,colmap,kitchen,,,15000,15000,default,MCMC,,,,,Shared Cam,,,,,,gsplat_cfg,,indoor,,,,,,,,,,,,/home/ojab2/work/git/gsplat/results/colmap_outputs/kitchen_2_n10_s42_default_minfarthestpose_sharedcam_i10_gteval_steps15000/stats/config.json,,kitchen_2_n10_s42_default_minfarthestpose_sharedcam_i10_gteval_steps15000,,,,,,,,,,,,,kitchen_2_n10_s42_default_minfarthestpose_sharedcam_i10_gteval_steps15000,,,,/home/ojab2/work/git/gsplat/results/colmap_outputs/kitchen_2_n10_s42_default_minfarthestpose_sharedcam_i10_gteval_steps15000/stats/config.json,,,colmap,10.0
colmap,10,42,,,,,,,0,10,minfarthestpose,10,GT Eval,,,,,False,,,,,0.0,,False,1.0,1.0,colmap,bicycle,,,15000,15000,default,MCMC,,,,,Shared Cam,,,,,,gsplat_cfg,,outdoor,,,,,,,,,,,,/home/ojab2/work/git/gsplat/results/colmap_outputs/bicycle_4_n10_s42_default_minfarthestpose_sharedcam_i10_gteval_steps15000/stats/config.json,,bicycle_4_n10_s42_default_minfarthestpose_sharedcam_i10_gteval_steps15000,,,,,,,,,,,,,bicycle_4_n10_s42_default_minfarthestpose_sharedcam_i10_gteval_steps15000,,,,/home/ojab2/work/git/gsplat/results/colmap_outputs/bicycle_4_n10_s42_default_minfarthestpose_sharedcam_i10_gteval_steps15000/stats/config.json,,,colmap,10.0
colmap,10,42,,,,,,,0,10,minfarthestpose,10,GT Eval,,,,,False,,,,,0.0,,False,1.0,1.0,colmap,garden,,,15000,15000,default,MCMC,,,,,Shared Cam,,,,,,gsplat_cfg,,outdoor,,,,,,,,,,,,/home/ojab2/work/git/gsplat/results/colmap_outputs/garden_2_n10_s42_default_minfarthestpose_sharedcam_i10_gteval_steps15000/stats/config.json,,garden_2_n10_s42_default_minfarthestpose_sharedcam_i10_gteval_steps15000,,,,,,,,,,,,,garden_2_n10_s42_default_minfarthestpose_sharedcam_i10_gteval_steps15000,,,,/home/ojab2/work/git/gsplat/results/colmap_outputs/garden_2_n10_s42_default_minfarthestpose_sharedcam_i10_gteval_steps15000/stats/config.json,,,colmap,10.0
colmap,10,42,,,,,,,0,10,minfarthestpose,10,GT Eval,,,,,False,,,,,0.0,,False,1.0,1.0,colmap,stump,,,15000,15000,default,MCMC,,,,,Shared Cam,,,,,,gsplat_cfg,,outdoor,,,,,,,,,,,,/home/ojab2/work/git/gsplat/results/colmap_outputs/stump_2_n10_s42_default_minfarthestpose_sharedcam_i10_gteval_steps15000/stats/config.json,,stump_2_n10_s42_default_minfarthestpose_sharedcam_i10_gteval_steps15000,,,,,,,,,,,,,stump_2_n10_s42_default_minfarthestpose_sharedcam_i10_gteval_steps15000,,,,/home/ojab2/work/git/gsplat/results/colmap_outputs/stump_2_n10_s42_default_minfarthestpose_sharedcam_i10_gteval_steps15000/stats/config.json,,,colmap,10.0
colmap,10,42,,,,,,,0,10,minfarthestpose,10,GT Eval,,,,,False,,,,,0.0,,False,1.0,1.0,colmap,lego,pinhole,,15000,15000,default,MCMC,,,,,Shared Cam,,,,,,gsplat_cfg,,synthetic,,,,,,,,,,,,/home/ojab2/work/git/gsplat/results/colmap_outputs/lego_1_n10_s42_default_mpinhole_minfarthestpose_sharedcam_i10_gteval_steps15000/stats/config.json,,lego_1_n10_s42_default_mpinhole_minfarthestpose_sharedcam_i10_gteval_steps15000,,,,,,,,,,,,,lego_1_n10_s42_default_mpinhole_minfarthestpose_sharedcam_i10_gteval_steps15000,,,,/home/ojab2/work/git/gsplat/results/colmap_outputs/lego_1_n10_s42_default_mpinhole_minfarthestpose_sharedcam_i10_gteval_steps15000/stats/config.json,,,colmap,10.0
colmap,10,42,,,,,,,0,10,minfarthestpose,10,GT Eval,,,,,False,,,,,0.0,,False,1.0,1.0,colmap,ship,pinhole,,15000,15000,default,MCMC,,,,,Shared Cam,,,,,,gsplat_cfg,,synthetic,,,,,,,,,,,,/home/ojab2/work/git/gsplat/results/colmap_outputs/ship_1_n10_s42_default_mpinhole_minfarthestpose_sharedcam_i10_gteval_steps15000/stats/config.json,,ship_1_n10_s42_default_mpinhole_minfarthestpose_sharedcam_i10_gteval_steps15000,,,,,,,,,,,,,ship_1_n10_s42_default_mpinhole_minfarthestpose_sharedcam_i10_gteval_steps15000,,,,/home/ojab2/work/git/gsplat/results/colmap_outputs/ship_1_n10_s42_default_mpinhole_minfarthestpose_sharedcam_i10_gteval_steps15000/stats/config.json,,,colmap,10.0
colmap,10,42,,,,,,,0,10,minfarthestpose,10,GT Eval,,,,,False,,,,,0.0,,False,1.0,1.0,colmap,drums,pinhole,,15000,15000,default,MCMC,,,,,Shared Cam,,,,,,gsplat_cfg,,synthetic,,,,,,,,,,,,/home/ojab2/work/git/gsplat/results/colmap_outputs/drums_1_n10_s42_default_mpinhole_minfarthestpose_sharedcam_i10_gteval_steps15000/stats/config.json,,drums_1_n10_s42_default_mpinhole_minfarthestpose_sharedcam_i10_gteval_steps15000,,,,,,,,,,,,,drums_1_n10_s42_default_mpinhole_minfarthestpose_sharedcam_i10_gteval_steps15000,,,,/home/ojab2/work/git/gsplat/results/colmap_outputs/drums_1_n10_s42_default_mpinhole_minfarthestpose_sharedcam_i10_gteval_steps15000/stats/config.json,,,colmap,10.0
colmap,20,42,,67,,,,,0,10,minfarthestpose,20,GT Eval,,,,,False,,,,,0.0,,False,1.0,1.0,colmap,ship,pinhole,,15000,15000,default,MCMC,,,,,Shared Cam,,,,,,gsplat,,synthetic,14.546066284179688,0.499622642993927,0.4738180339336395,64306,0.006353143136948347,0.5407867431640625,0.08383258432149887,0.10037008672952652,0.14448187705988697,0.42003787590540853,67,/home/ojab2/work/git/gsplat/results/colmap_outputs/ship_1_n20_s42_default_mpinhole_minfarthestpose_sharedcam_i20_gteval_steps15000/stats/val_step14999.json,/home/ojab2/work/git/gsplat/results/colmap_outputs/ship_1_n20_s42_default_mpinhole_minfarthestpose_sharedcam_i20_gteval_steps15000/stats/val_step14999.json,ship_1_n20_s42_default_mpinhole_minfarthestpose_sharedcam_i20_gteval_steps15000,0.5408,0.007211,3,0.234548,,,,2.050295352935791,6468.0,6468,0.0,/home/ojab2/work/git/vggt/colmap_outputs/ship_1_n20_s42_default_mpinhole_minfarthestpose_sharedcam/eval_results.json,ship_1_n20_s42_default_mpinhole_minfarthestpose_sharedcam,ship_1_n20_s42_default_mpinhole_minfarthestpose_sharedcam_i20_gteval_steps15000_val_step14999.json,67,,,,,colmap,20.0
colmap,20,42,,102,,,,,0,10,minfarthestpose,20,GT Eval,,,,,False,,,,,0.0,,False,1.0,1.0,colmap,stump,,,15000,15000,default,MCMC,,,,,Shared Cam,,,,,,gsplat,,outdoor,11.157958984375,0.794369637966156,0.2800576090812683,104743,0.0016782345483079553,0.3359565734863281,,,-0.213513630175451,0.5731531591508372,102,/home/ojab2/work/git/gsplat/results/colmap_outputs/stump_2_n20_s42_default_minfarthestpose_sharedcam_i20_gteval_steps15000/stats/val_step14999.json,/home/ojab2/work/git/gsplat/results/colmap_outputs/stump_2_n20_s42_default_minfarthestpose_sharedcam_i20_gteval_steps15000/stats/val_step14999.json,stump_2_n20_s42_default_minfarthestpose_sharedcam_i20_gteval_steps15000,0.336,0.004538,3,0.422682,,,,3.393165349960327,9344.0,9344,0.0,/home/ojab2/work/git/vggt/colmap_outputs/stump_2_n20_s42_default_minfarthestpose_sharedcam/eval_results.json,stump_2_n20_s42_default_minfarthestpose_sharedcam,stump_2_n20_s42_default_minfarthestpose_sharedcam_i20_gteval_steps15000_val_step14999.json,102,,,,,colmap,20.0
colmap,20,42,,575,,,,,0,10,minfarthestpose,20,GT Eval,,,,,False,,,,,0.0,,False,1.0,1.0,colmap,kitchen,,,15000,15000,default,MCMC,,,,,Shared Cam,,,,,,gsplat,,indoor,16.582124710083008,0.4183812439441681,0.3789697289466858,636942,0.0020389107521623373,0.16731595993041992,,,0.17686882946226337,0.4094679437567417,575,/home/ojab2/work/git/gsplat/results/colmap_outputs/kitchen_2_n20_s42_default_minfarthestpose_sharedcam_i20_gteval_steps15000/stats/val_step14999.json,/home/ojab2/work/git/gsplat/results/colmap_outputs/kitchen_2_n20_s42_default_minfarthestpose_sharedcam_i20_gteval_steps15000/stats/val_step14999.json,kitchen_2_n20_s42_default_minfarthestpose_sharedcam_i20_gteval_steps15000,0.1673,0.007541,11,0.911316,,,,3.45123553276062,8822.0,8822,0.0,/home/ojab2/work/git/vggt/colmap_outputs/kitchen_2_n20_s42_default_minfarthestpose_sharedcam/eval_results.json,kitchen_2_n20_s42_default_minfarthestpose_sharedcam,kitchen_2_n20_s42_default_minfarthestpose_sharedcam_i20_gteval_steps15000_val_step14999.json,575,,,,,colmap,20.0
colmap,20,42,,600,,,,,0,10,minfarthestpose,20,GT Eval,,,,,False,,,,,0.0,,False,1.0,1.0,colmap,counter,,,15000,15000,default,MCMC,,,,,Shared Cam,,,,,,gsplat,,indoor,16.78005599975586,0.5113248825073242,0.5714883208274841,667264,0.0011932066408917308,0.12131094932556152,,,0.2357455791785703,0.39564068181976697,600,/home/ojab2/work/git/gsplat/results/colmap_outputs/counter_2_n20_s42_default_minfarthestpose_sharedcam_i20_gteval_steps15000/stats/val_step14999.json,/home/ojab2/work/git/gsplat/results/colmap_outputs/counter_2_n20_s42_default_minfarthestpose_sharedcam_i20_gteval_steps15000/stats/val_step14999.json,counter_2_n20_s42_default_minfarthestpose_sharedcam_i20_gteval_steps15000,0.1213,0.004206,13,0.894575,,,,11.622976779937744,7234.0,7234,0.0,/home/ojab2/work/git/vggt/colmap_outputs/counter_2_n20_s42_default_minfarthestpose_sharedcam/eval_results.json,counter_2_n20_s42_default_minfarthestpose_sharedcam,counter_2_n20_s42_default_minfarthestpose_sharedcam_i20_gteval_steps15000_val_step14999.json,600,,,,,colmap,20.0
colmap,20,42,,984,,,,,0,10,minfarthestpose,20,GT Eval,,,,,False,,,,,0.0,,False,1.0,1.0,colmap,bonsai,,,15000,15000,default,MCMC,,,,,Shared Cam,,,,,,gsplat,,indoor,10.349443435668945,0.7991341948509216,0.3016880452632904,1000000,0.4587344527244568,28.534330368041992,,,-0.2187778469492197,0.5756845930135115,984,/home/ojab2/work/git/gsplat/results/colmap_outputs/bonsai_2_n20_s42_default_minfarthestpose_sharedcam_i20_gteval_steps15000/stats/val_step14999.json,/home/ojab2/work/git/gsplat/results/colmap_outputs/bonsai_2_n20_s42_default_minfarthestpose_sharedcam_i20_gteval_steps15000/stats/val_step14999.json,bonsai_2_n20_s42_default_minfarthestpose_sharedcam_i20_gteval_steps15000,9.1207,2.010802,13,1.010898,,,,8.479376554489136,6712.0,6712,0.0,/home/ojab2/work/git/vggt/colmap_outputs/bonsai_2_n20_s42_default_minfarthestpose_sharedcam/eval_results.json,bonsai_2_n20_s42_default_minfarthestpose_sharedcam,bonsai_2_n20_s42_default_minfarthestpose_sharedcam_i20_gteval_steps15000_val_step14999.json,984,,,,,colmap,20.0
colmap,20,42,,2501,,,,,0,10,minfarthestpose,20,GT Eval,,,,,False,,,,,0.0,,False,1.0,1.0,colmap,garden,,,15000,15000,default,MCMC,,,,,Shared Cam,,,,,,gsplat,,outdoor,19.223548889160156,0.4315952658653259,0.3711417615413666,1000000,0.001077398774214089,0.0929824560880661,,,0.21304952966616944,0.4121862402830013,2501,/home/ojab2/work/git/gsplat/results/colmap_outputs/garden_2_n20_s42_default_minfarthestpose_sharedcam_i20_gteval_steps15000/stats/val_step14999.json,/home/ojab2/work/git/gsplat/results/colmap_outputs/garden_2_n20_s42_default_minfarthestpose_sharedcam_i20_gteval_steps15000/stats/val_step14999.json,garden_2_n20_s42_default_minfarthestpose_sharedcam_i20_gteval_steps15000,0.093,0.00467,20,1.107978,,,,8.679940223693848,9086.0,9086,0.0,/home/ojab2/work/git/vggt/colmap_outputs/garden_2_n20_s42_default_minfarthestpose_sharedcam/eval_results.json,garden_2_n20_s42_default_minfarthestpose_sharedcam,garden_2_n20_s42_default_minfarthestpose_sharedcam_i20_gteval_steps15000_val_step14999.json,2501,,,,,colmap,20.0
colmap,20,42,,,,,,,0,10,minfarthestpose,20,GT Eval,,,,,False,,,,,0.0,,False,1.0,1.0,colmap,bicycle,,,15000,15000,default,MCMC,,,,,Shared Cam,,,,,,gsplat_cfg,,outdoor,,,,,,,,,,,,/home/ojab2/work/git/gsplat/results/colmap_outputs/bicycle_4_n20_s42_default_minfarthestpose_sharedcam_i20_gteval_steps15000/stats/config.json,,bicycle_4_n20_s42_default_minfarthestpose_sharedcam_i20_gteval_steps15000,,,,,,,,,,,,,bicycle_4_n20_s42_default_minfarthestpose_sharedcam_i20_gteval_steps15000,,,,/home/ojab2/work/git/gsplat/results/colmap_outputs/bicycle_4_n20_s42_default_minfarthestpose_sharedcam_i20_gteval_steps15000/stats/config.json,,,colmap,20.0
colmap,20,42,,,,,,,0,10,minfarthestpose,20,GT Eval,,,,,False,,,,,0.0,,False,1.0,1.0,colmap,lego,pinhole,,15000,15000,default,MCMC,,,,,Shared Cam,,,,,,gsplat_cfg,,synthetic,,,,,,,,,,,,/home/ojab2/work/git/gsplat/results/colmap_outputs/lego_1_n20_s42_default_mpinhole_minfarthestpose_sharedcam_i20_gteval_steps15000/stats/config.json,,lego_1_n20_s42_default_mpinhole_minfarthestpose_sharedcam_i20_gteval_steps15000,,,,,,,,,,,,,lego_1_n20_s42_default_mpinhole_minfarthestpose_sharedcam_i20_gteval_steps15000,,,,/home/ojab2/work/git/gsplat/results/colmap_outputs/lego_1_n20_s42_default_mpinhole_minfarthestpose_sharedcam_i20_gteval_steps15000/stats/config.json,,,colmap,20.0
colmap,20,42,,,,,,,0,10,minfarthestpose,20,GT Eval,,,,,False,,,,,0.0,,False,1.0,1.0,colmap,drums,pinhole,,15000,15000,default,MCMC,,,,,Shared Cam,,,,,,gsplat_cfg,,synthetic,,,,,,,,,,,,/home/ojab2/work/git/gsplat/results/colmap_outputs/drums_1_n20_s42_default_mpinhole_minfarthestpose_sharedcam_i20_gteval_steps15000/stats/config.json,,drums_1_n20_s42_default_mpinhole_minfarthestpose_sharedcam_i20_gteval_steps15000,,,,,,,,,,,,,drums_1_n20_s42_default_mpinhole_minfarthestpose_sharedcam_i20_gteval_steps15000,,,,/home/ojab2/work/git/gsplat/results/colmap_outputs/drums_1_n20_s42_default_mpinhole_minfarthestpose_sharedcam_i20_gteval_steps15000/stats/config.json,,,colmap,20.0
colmap,30,42,,172,,,,,0,10,minfarthestpose,30,GT Eval,,,,,False,,,,,0.0,,False,1.0,1.0,colmap,ship,pinhole,,15000,15000,default,MCMC,,,,,Shared Cam,,,,,,gsplat,,synthetic,16.88872718811035,0.4083384573459625,0.5996946692466736,183435,0.0208862517029047,3.2384636402130127,0.07897612452507019,0.05965162068605423,0.3178248165721162,0.3538352577892912,172,/home/ojab2/work/git/gsplat/results/colmap_outputs/ship_1_n30_s42_default_mpinhole_minfarthestpose_sharedcam_i30_gteval_steps15000/stats/val_step14999.json,/home/ojab2/work/git/gsplat/results/colmap_outputs/ship_1_n30_s42_default_mpinhole_minfarthestpose_sharedcam_i30_gteval_steps15000/stats/val_step14999.json,ship_1_n30_s42_default_mpinhole_minfarthestpose_sharedcam_i30_gteval_steps15000,3.2385,0.035257,6,0.5679,,,,3.161612033843994,6532.0,6532,0.0,/home/ojab2/work/git/vggt/colmap_outputs/ship_1_n30_s42_default_mpinhole_minfarthestpose_sharedcam/eval_results.json,ship_1_n30_s42_default_mpinhole_minfarthestpose_sharedcam,ship_1_n30_s42_default_mpinhole_minfarthestpose_sharedcam_i30_gteval_steps15000_val_step14999.json,172,,,,,colmap,30.0
colmap,30,42,,245,,,,,0,10,minfarthestpose,30,GT Eval,,,,,False,,,,,0.0,,False,1.0,1.0,colmap,bicycle,,,15000,15000,default,MCMC,,,,,Shared Cam,,,,,,gsplat,,outdoor,14.077865600585938,0.784950852394104,0.2591404318809509,264668,0.006391197443008423,0.3337806165218353,,,-0.16585948763147731,0.5615953835422857,245,/home/ojab2/work/git/gsplat/results/colmap_outputs/bicycle_4_n30_s42_default_minfarthestpose_sharedcam_i30_gteval_steps15000/stats/val_step14999.json,/home/ojab2/work/git/gsplat/results/colmap_outputs/bicycle_4_n30_s42_default_minfarthestpose_sharedcam_i30_gteval_steps15000/stats/val_step14999.json,bicycle_4_n30_s42_default_minfarthestpose_sharedcam_i30_gteval_steps15000,0.3338,0.009274,6,0.52756,,,,7.97350811958313,1434.0,1434,0.0,/home/ojab2/work/git/vggt/colmap_outputs/bicycle_4_n30_s42_default_minfarthestpose_sharedcam/eval_results.json,bicycle_4_n30_s42_default_minfarthestpose_sharedcam,bicycle_4_n30_s42_default_minfarthestpose_sharedcam_i30_gteval_steps15000_val_step14999.json,245,,,,,colmap,30.0
colmap,30,42,,413,,,,,0,10,minfarthestpose,30,GT Eval,,,,,False,,,,,0.0,,False,1.0,1.0,colmap,lego,pinhole,,15000,15000,default,MCMC,,,,,Shared Cam,,,,,,gsplat,,synthetic,16.01102066040039,0.2585829496383667,0.6198015213012695,453033,0.38668182492256165,21.29117774963379,0.06591394543647766,0.05419984459877014,0.40577105642372013,0.30008017329109027,413,/home/ojab2/work/git/gsplat/results/colmap_outputs/lego_1_n30_s42_default_mpinhole_minfarthestpose_sharedcam_i30_gteval_steps15000/stats/val_step14999.json,/home/ojab2/work/git/gsplat/results/colmap_outputs/lego_1_n30_s42_default_mpinhole_minfarthestpose_sharedcam_i30_gteval_steps15000/stats/val_step14999.json,lego_1_n30_s42_default_mpinhole_minfarthestpose_sharedcam_i30_gteval_steps15000,21.1938,0.973657,14,0.804279,,,,21.007774114608765,6010.0,6010,0.0,/home/ojab2/work/git/vggt/colmap_outputs/lego_1_n30_s42_default_mpinhole_minfarthestpose_sharedcam/eval_results.json,lego_1_n30_s42_default_mpinhole_minfarthestpose_sharedcam,lego_1_n30_s42_default_mpinhole_minfarthestpose_sharedcam_i30_gteval_steps15000_val_step14999.json,413,,,,,colmap,30.0
colmap,30,42,,2748,,,,,0,10,minfarthestpose,30,GT Eval,,,,,False,,,,,0.0,,False,1.0,1.0,colmap,counter,,,15000,15000,default,MCMC,,,,,Shared Cam,,,,,,gsplat,,indoor,22.41564178466797,0.29226407408714294,0.7693297266960144,1000000,0.0004540314548648894,0.027827588841319084,,,0.5910277287242782,0.2594264125195249,2748,/home/ojab2/work/git/gsplat/results/colmap_outputs/counter_2_n30_s42_default_minfarthestpose_sharedcam_i30_gteval_steps15000/stats/val_step14999.json,/home/ojab2/work/git/gsplat/results/colmap_outputs/counter_2_n30_s42_default_minfarthestpose_sharedcam_i30_gteval_steps15000/stats/val_step14999.json,counter_2_n30_s42_default_minfarthestpose_sharedcam_i30_gteval_steps15000,0.0278,0.001854,30,1.015369,,,,23.2292320728302,7298.0,7298,0.0,/home/ojab2/work/git/vggt/colmap_outputs/counter_2_n30_s42_default_minfarthestpose_sharedcam/eval_results.json,counter_2_n30_s42_default_minfarthestpose_sharedcam,counter_2_n30_s42_default_minfarthestpose_sharedcam_i30_gteval_steps15000_val_step14999.json,2748,,,,,colmap,30.0
colmap,30,42,,3284,,,,,0,10,minfarthestpose,30,GT Eval,,,,,False,,,,,0.0,,False,1.0,1.0,colmap,kitchen,,,15000,15000,default,MCMC,,,,,Shared Cam,,,,,,gsplat,,indoor,20.038036346435547,0.2136961668729782,0.4459270238876343,1000000,0.0014420385705307126,0.1296732872724533,,,0.4063723189362928,0.32265658364268435,3284,/home/ojab2/work/git/gsplat/results/colmap_outputs/kitchen_2_n30_s42_default_minfarthestpose_sharedcam_i30_gteval_steps15000/stats/val_step14999.json,/home/ojab2/work/git/gsplat/results/colmap_outputs/kitchen_2_n30_s42_default_minfarthestpose_sharedcam_i30_gteval_steps15000/stats/val_step14999.json,kitchen_2_n30_s42_default_minfarthestpose_sharedcam_i30_gteval_steps15000,0.1297,0.005747,29,0.982852,,,,6.868884086608887,8886.0,8886,0.0,/home/ojab2/work/git/vggt/colmap_outputs/kitchen_2_n30_s42_default_minfarthestpose_sharedcam/eval_results.json,kitchen_2_n30_s42_default_minfarthestpose_sharedcam,kitchen_2_n30_s42_default_minfarthestpose_sharedcam_i30_gteval_steps15000_val_step14999.json,3284,,,,,colmap,30.0
colmap,30,42,,7287,,,,,0,10,minfarthestpose,30,GT Eval,,,,,False,,,,,0.0,,False,1.0,1.0,colmap,bonsai,,,15000,15000,default,MCMC,,,,,Shared Cam,,,,,,gsplat,,indoor,17.49349594116211,0.40983304381370544,0.5660527348518372,1000000,0.024453144520521164,0.8960906267166138,,,0.3084280078406455,0.36212974262939995,7287,/home/ojab2/work/git/gsplat/results/colmap_outputs/bonsai_2_n30_s42_default_minfarthestpose_sharedcam_i30_gteval_steps15000/stats/val_step14999.json,/home/ojab2/work/git/gsplat/results/colmap_outputs/bonsai_2_n30_s42_default_minfarthestpose_sharedcam_i30_gteval_steps15000/stats/val_step14999.json,bonsai_2_n30_s42_default_minfarthestpose_sharedcam_i30_gteval_steps15000,0.8961,0.102826,29,1.045893,,,,47.781490325927734,6776.0,6776,0.0,/home/ojab2/work/git/vggt/colmap_outputs/bonsai_2_n30_s42_default_minfarthestpose_sharedcam/eval_results.json,bonsai_2_n30_s42_default_minfarthestpose_sharedcam,bonsai_2_n30_s42_default_minfarthestpose_sharedcam_i30_gteval_steps15000_val_step14999.json,7287,,,,,colmap,30.0
colmap,30,42,,8050,,,,,0,10,minfarthestpose,30,GT Eval,,,,,False,,,,,0.0,,False,1.0,1.0,colmap,garden,,,15000,15000,default,MCMC,,,,,Shared Cam,,,,,,gsplat,,outdoor,20.411449432373047,0.3560362756252289,0.4132591187953949,1000000,0.0009017979027703404,0.08188437670469284,,,0.30631907335576336,0.377040834449024,8050,/home/ojab2/work/git/gsplat/results/colmap_outputs/garden_2_n30_s42_default_minfarthestpose_sharedcam_i30_gteval_steps15000/stats/val_step14999.json,/home/ojab2/work/git/gsplat/results/colmap_outputs/garden_2_n30_s42_default_minfarthestpose_sharedcam_i30_gteval_steps15000/stats/val_step14999.json,garden_2_n30_s42_default_minfarthestpose_sharedcam_i30_gteval_steps15000,0.0819,0.003754,30,1.031037,,,,16.621281385421753,9150.0,9150,0.0,/home/ojab2/work/git/vggt/colmap_outputs/garden_2_n30_s42_default_minfarthestpose_sharedcam/eval_results.json,garden_2_n30_s42_default_minfarthestpose_sharedcam,garden_2_n30_s42_default_minfarthestpose_sharedcam_i30_gteval_steps15000_val_step14999.json,8050,,,,,colmap,30.0
colmap,30,42,,,,,,,0,10,minfarthestpose,30,GT Eval,,,,,False,,,,,0.0,,False,1.0,1.0,colmap,stump,,,15000,15000,default,MCMC,,,,,Shared Cam,,,,,,gsplat_cfg,,outdoor,,,,,,,,,,,,/home/ojab2/work/git/gsplat/results/colmap_outputs/stump_2_n30_s42_default_minfarthestpose_sharedcam_i30_gteval_steps15000/stats/config.json,,stump_2_n30_s42_default_minfarthestpose_sharedcam_i30_gteval_steps15000,,,,,,,,,,,,,stump_2_n30_s42_default_minfarthestpose_sharedcam_i30_gteval_steps15000,,,,/home/ojab2/work/git/gsplat/results/colmap_outputs/stump_2_n30_s42_default_minfarthestpose_sharedcam_i30_gteval_steps15000/stats/config.json,,,colmap,30.0
colmap,30,42,,,,,,,0,10,minfarthestpose,30,GT Eval,,,,,False,,,,,0.0,,False,1.0,1.0,colmap,drums,pinhole,,15000,15000,default,MCMC,,,,,Shared Cam,,,,,,gsplat_cfg,,synthetic,,,,,,,,,,,,/home/ojab2/work/git/gsplat/results/colmap_outputs/drums_1_n30_s42_default_mpinhole_minfarthestpose_sharedcam_i30_gteval_steps15000/stats/config.json,,drums_1_n30_s42_default_mpinhole_minfarthestpose_sharedcam_i30_gteval_steps15000,,,,,,,,,,,,,drums_1_n30_s42_default_mpinhole_minfarthestpose_sharedcam_i30_gteval_steps15000,,,,/home/ojab2/work/git/gsplat/results/colmap_outputs/drums_1_n30_s42_default_mpinhole_minfarthestpose_sharedcam_i30_gteval_steps15000/stats/config.json,,,colmap,30.0
colmap,40,42,,268,,,,,0,10,minfarthestpose,40,GT Eval,,,,,False,,,,,0.0,,False,1.0,1.0,colmap,ship,pinhole,,15000,15000,default,MCMC,,,,,Shared Cam,,,,,,gsplat,,synthetic,17.9700927734375,0.3304239511489868,0.6273350119590759,291657,0.021387474611401558,1.0151371955871582,0.06718946993350983,0.051005151122808456,0.40210942249161763,0.3189484436694192,268,/home/ojab2/work/git/gsplat/results/colmap_outputs/ship_1_n40_s42_default_mpinhole_minfarthestpose_sharedcam_i40_gteval_steps15000/stats/val_step14999.json,/home/ojab2/work/git/gsplat/results/colmap_outputs/ship_1_n40_s42_default_mpinhole_minfarthestpose_sharedcam_i40_gteval_steps15000/stats/val_step14999.json,ship_1_n40_s42_default_mpinhole_minfarthestpose_sharedcam_i40_gteval_steps15000,1.0151,0.038216,9,0.598282,,,,4.938432693481445,6592.0,6592,0.0,/home/ojab2/work/git/vggt/colmap_outputs/ship_1_n40_s42_default_mpinhole_minfarthestpose_sharedcam/eval_results.json,ship_1_n40_s42_default_mpinhole_minfarthestpose_sharedcam,ship_1_n40_s42_default_mpinhole_minfarthestpose_sharedcam_i40_gteval_steps15000_val_step14999.json,268,,,,,colmap,40.0
colmap,40,42,,299,,,,,0,10,minfarthestpose,40,GT Eval,,,,,False,,,,,0.0,,False,1.0,1.0,colmap,drums,pinhole,,15000,15000,default,MCMC,,,,,Shared Cam,,,,,,gsplat,,synthetic,14.84659481048584,0.29656782746315,0.6821111440658569,323650,0.023211605846881866,0.9695618152618408,0.038003478199243546,0.04058633744716644,0.39719853519696235,0.2977146348938691,299,/home/ojab2/work/git/gsplat/results/colmap_outputs/drums_1_n40_s42_default_mpinhole_minfarthestpose_sharedcam_i40_gteval_steps15000/stats/val_step14999.json,/home/ojab2/work/git/gsplat/results/colmap_outputs/drums_1_n40_s42_default_mpinhole_minfarthestpose_sharedcam_i40_gteval_steps15000/stats/val_step14999.json,drums_1_n40_s42_default_mpinhole_minfarthestpose_sharedcam_i40_gteval_steps15000,0.9697,0.048106,15,0.496743,,,,15.827152490615845,6592.0,6592,0.0,/home/ojab2/work/git/vggt/colmap_outputs/drums_1_n40_s42_default_mpinhole_minfarthestpose_sharedcam/eval_results.json,drums_1_n40_s42_default_mpinhole_minfarthestpose_sharedcam,drums_1_n40_s42_default_mpinhole_minfarthestpose_sharedcam_i40_gteval_steps15000_val_step14999.json,299,,,,,colmap,40.0
colmap,40,42,,329,,,,,0,10,minfarthestpose,40,GT Eval,,,,,False,,,,,0.0,,False,1.0,1.0,colmap,bicycle,,,15000,15000,default,MCMC,,,,,Shared Cam,,,,,,gsplat,,outdoor,15.817615509033203,0.6667900681495667,0.29693716764450073,359081,0.0037136971950531006,0.14308501780033112,,,-0.03859978678011126,0.5104915661390372,329,/home/ojab2/work/git/gsplat/results/colmap_outputs/bicycle_4_n40_s42_default_minfarthestpose_sharedcam_i40_gteval_steps15000/stats/val_step14999.json,/home/ojab2/work/git/gsplat/results/colmap_outputs/bicycle_4_n40_s42_default_minfarthestpose_sharedcam_i40_gteval_steps15000/stats/val_step14999.json,bicycle_4_n40_s42_default_minfarthestpose_sharedcam_i40_gteval_steps15000,0.1431,0.006862,9,0.685205,,,,14.81194806098938,1434.0,1434,0.0,/home/ojab2/work/git/vggt/colmap_outputs/bicycle_4_n40_s42_default_minfarthestpose_sharedcam/eval_results.json,bicycle_4_n40_s42_default_minfarthestpose_sharedcam,bicycle_4_n40_s42_default_minfarthestpose_sharedcam_i40_gteval_steps15000_val_step14999.json,329,,,,,colmap,40.0
colmap,40,42,,1509,,,,,0,10,minfarthestpose,40,GT Eval,,,,,False,,,,,0.0,,False,1.0,1.0,colmap,lego,pinhole,,15000,15000,default,MCMC,,,,,Shared Cam,,,,,,gsplat,,synthetic,19.83553123474121,0.09924743324518204,0.7814076542854309,1000000,0.007680373732000589,0.5319482088088989,0.024425487965345383,0.026400897651910782,0.669457093868804,0.19239066740506405,1509,/home/ojab2/work/git/gsplat/results/colmap_outputs/lego_1_n40_s42_default_mpinhole_minfarthestpose_sharedcam_i40_gteval_steps15000/stats/val_step14999.json,/home/ojab2/work/git/gsplat/results/colmap_outputs/lego_1_n40_s42_default_mpinhole_minfarthestpose_sharedcam_i40_gteval_steps15000/stats/val_step14999.json,lego_1_n40_s42_default_mpinhole_minfarthestpose_sharedcam_i40_gteval_steps15000,0.5318,0.027329,36,0.864206,,,,31.72158908843994,6070.0,6070,0.0,/home/ojab2/work/git/vggt/colmap_outputs/lego_1_n40_s42_default_mpinhole_minfarthestpose_sharedcam/eval_results.json,lego_1_n40_s42_default_mpinhole_minfarthestpose_sharedcam,lego_1_n40_s42_default_mpinhole_minfarthestpose_sharedcam_i40_gteval_steps15000_val_step14999.json,1509,,,,,colmap,40.0
colmap,40,42,,2669,,,,,0,10,minfarthestpose,40,GT Eval,,,,,False,,,,,0.0,,False,1.0,1.0,colmap,stump,,,15000,15000,default,MCMC,,,,,Shared Cam,,,,,,gsplat,,outdoor,19.4503173828125,0.5063524842262268,0.5021669864654541,1000000,0.0016637529479339719,0.06782146543264389,,,0.24772545368040905,0.4077581964913926,2669,/home/ojab2/work/git/gsplat/results/colmap_outputs/stump_2_n40_s42_default_minfarthestpose_sharedcam_i40_gteval_steps15000/stats/val_step14999.json,/home/ojab2/work/git/gsplat/results/colmap_outputs/stump_2_n40_s42_default_minfarthestpose_sharedcam_i40_gteval_steps15000/stats/val_step14999.json,stump_2_n40_s42_default_minfarthestpose_sharedcam_i40_gteval_steps15000,0.0678,0.004522,21,0.72315,,,,10.902184247970581,9468.0,9468,0.0,/home/ojab2/work/git/vggt/colmap_outputs/stump_2_n40_s42_default_minfarthestpose_sharedcam/eval_results.json,stump_2_n40_s42_default_minfarthestpose_sharedcam,stump_2_n40_s42_default_minfarthestpose_sharedcam_i40_gteval_steps15000_val_step14999.json,2669,,,,,colmap,40.0
colmap,40,42,,5897,,,,,0,10,minfarthestpose,40,GT Eval,,,,,False,,,,,0.0,,False,1.0,1.0,colmap,counter,,,15000,15000,default,MCMC,,,,,Shared Cam,,,,,,gsplat,,indoor,24.299144744873047,0.23028264939785004,0.8186064958572388,1000000,0.0002846908464562148,0.023295808583498,,,0.6929843759405061,0.21996729876481713,5897,/home/ojab2/work/git/gsplat/results/colmap_outputs/counter_2_n40_s42_default_minfarthestpose_sharedcam_i40_gteval_steps15000/stats/val_step14999.json,/home/ojab2/work/git/gsplat/results/colmap_outputs/counter_2_n40_s42_default_minfarthestpose_sharedcam_i40_gteval_steps15000/stats/val_step14999.json,counter_2_n40_s42_default_minfarthestpose_sharedcam_i40_gteval_steps15000,0.0233,0.001168,40,1.031823,,,,46.28237509727478,7358.0,7358,0.0,/home/ojab2/work/git/vggt/colmap_outputs/counter_2_n40_s42_default_minfarthestpose_sharedcam/eval_results.json,counter_2_n40_s42_default_minfarthestpose_sharedcam,counter_2_n40_s42_default_minfarthestpose_sharedcam_i40_gteval_steps15000_val_step14999.json,5897,,,,,colmap,40.0
colmap,40,42,,9080,,,,,0,10,minfarthestpose,40,GT Eval,,,,,False,,,,,0.0,,False,1.0,1.0,colmap,kitchen,,,15000,15000,default,MCMC,,,,,Shared Cam,,,,,,gsplat,,indoor,20.505159378051758,0.18374058604240417,0.4611559212207794,1000000,0.0011169746285304427,0.11367348581552505,,,0.44241963263995615,0.30890083681618985,9080,/home/ojab2/work/git/gsplat/results/colmap_outputs/kitchen_2_n40_s42_default_minfarthestpose_sharedcam_i40_gteval_steps15000/stats/val_step14999.json,/home/ojab2/work/git/gsplat/results/colmap_outputs/kitchen_2_n40_s42_default_minfarthestpose_sharedcam_i40_gteval_steps15000/stats/val_step14999.json,kitchen_2_n40_s42_default_minfarthestpose_sharedcam_i40_gteval_steps15000,0.1137,0.004454,40,1.038582,,,,13.838386297225952,8946.0,8946,0.0,/home/ojab2/work/git/vggt/colmap_outputs/kitchen_2_n40_s42_default_minfarthestpose_sharedcam/eval_results.json,kitchen_2_n40_s42_default_minfarthestpose_sharedcam,kitchen_2_n40_s42_default_minfarthestpose_sharedcam_i40_gteval_steps15000_val_step14999.json,9080,,,,,colmap,40.0
colmap,40,42,,15131,,,,,0,10,minfarthestpose,40,GT Eval,,,,,False,,,,,0.0,,False,1.0,1.0,colmap,bonsai,,,15000,15000,default,MCMC,,,,,Shared Cam,,,,,,gsplat,,indoor,20.848365783691406,0.23119306564331055,0.6328006386756897,1000000,0.0552397184073925,0.5092057585716248,,,0.5198606804952441,0.28179611869185256,15131,/home/ojab2/work/git/gsplat/results/colmap_outputs/bonsai_2_n40_s42_default_minfarthestpose_sharedcam_i40_gteval_steps15000/stats/val_step14999.json,/home/ojab2/work/git/gsplat/results/colmap_outputs/bonsai_2_n40_s42_default_minfarthestpose_sharedcam_i40_gteval_steps15000/stats/val_step14999.json,bonsai_2_n40_s42_default_minfarthestpose_sharedcam_i40_gteval_steps15000,0.5092,0.2305,40,1.075613,,,,25.5097496509552,6836.0,6836,0.0,/home/ojab2/work/git/vggt/colmap_outputs/bonsai_2_n40_s42_default_minfarthestpose_sharedcam/eval_results.json,bonsai_2_n40_s42_default_minfarthestpose_sharedcam,bonsai_2_n40_s42_default_minfarthestpose_sharedcam_i40_gteval_steps15000_val_step14999.json,15131,,,,,colmap,40.0
colmap,40,42,,16038,,,,,0,10,minfarthestpose,40,GT Eval,,,,,False,,,,,0.0,,False,1.0,1.0,colmap,garden,,,15000,15000,default,MCMC,,,,,Shared Cam,,,,,,gsplat,,outdoor,20.569843292236328,0.3247353732585907,0.42285704612731934,1000000,0.0008048277231864631,0.07946791499853134,,,0.3341866606547509,0.364401650059608,16038,/home/ojab2/work/git/gsplat/results/colmap_outputs/garden_2_n40_s42_default_minfarthestpose_sharedcam_i40_gteval_steps15000/stats/val_step14999.json,/home/ojab2/work/git/gsplat/results/colmap_outputs/garden_2_n40_s42_default_minfarthestpose_sharedcam_i40_gteval_steps15000/stats/val_step14999.json,garden_2_n40_s42_default_minfarthestpose_sharedcam_i40_gteval_steps15000,0.0795,0.003271,40,1.029936,,,,27.414010047912598,9210.0,9210,0.0,/home/ojab2/work/git/vggt/colmap_outputs/garden_2_n40_s42_default_minfarthestpose_sharedcam/eval_results.json,garden_2_n40_s42_default_minfarthestpose_sharedcam,garden_2_n40_s42_default_minfarthestpose_sharedcam_i40_gteval_steps15000_val_step14999.json,16038,,,,,colmap,40.0
colmap,50,42,,793,,,,,0,10,minfarthestpose,50,GT Eval,,,,,False,,,,,0.0,,False,1.0,1.0,colmap,ship,pinhole,,15000,15000,default,MCMC,,,,,Shared Cam,,,,,,gsplat,,synthetic,21.458654403686523,0.20357736945152283,0.7120323777198792,881162,0.005498620215803385,0.23815003037452698,0.034165747463703156,0.0314355343580246,0.5945433979688176,0.24911689813586907,793,/home/ojab2/work/git/gsplat/results/colmap_outputs/ship_1_n50_s42_default_mpinhole_minfarthestpose_sharedcam_i50_gteval_steps15000/stats/val_step14999.json,/home/ojab2/work/git/gsplat/results/colmap_outputs/ship_1_n50_s42_default_mpinhole_minfarthestpose_sharedcam_i50_gteval_steps15000/stats/val_step14999.json,ship_1_n50_s42_default_mpinhole_minfarthestpose_sharedcam_i50_gteval_steps15000,0.2383,0.012988,27,0.661359,,,,9.553125619888306,6652.0,6652,0.0,/home/ojab2/work/git/vggt/colmap_outputs/ship_1_n50_s42_default_mpinhole_minfarthestpose_sharedcam/eval_results.json,ship_1_n50_s42_default_mpinhole_minfarthestpose_sharedcam,ship_1_n50_s42_default_mpinhole_minfarthestpose_sharedcam_i50_gteval_steps15000_val_step14999.json,793,,,,,colmap,50.0
colmap,50,42,,803,,,,,0,10,minfarthestpose,50,GT Eval,,,,,False,,,,,0.0,,False,1.0,1.0,colmap,drums,pinhole,,15000,15000,default,MCMC,,,,,Shared Cam,,,,,,gsplat,,synthetic,19.597518920898438,0.12486504018306732,0.8350574970245361,894370,0.007081831339746714,0.3541531562805176,0.01842133328318596,0.019239824265241623,0.6806102978517049,0.18065574270670964,803,/home/ojab2/work/git/gsplat/results/colmap_outputs/drums_1_n50_s42_default_mpinhole_minfarthestpose_sharedcam_i50_gteval_steps15000/stats/val_step14999.json,/home/ojab2/work/git/gsplat/results/colmap_outputs/drums_1_n50_s42_default_mpinhole_minfarthestpose_sharedcam_i50_gteval_steps15000/stats/val_step14999.json,drums_1_n50_s42_default_mpinhole_minfarthestpose_sharedcam_i50_gteval_steps15000,0.3547,0.019978,33,0.693754,,,,26.39885139465332,6652.0,6652,0.0,/home/ojab2/work/git/vggt/colmap_outputs/drums_1_n50_s42_default_mpinhole_minfarthestpose_sharedcam/eval_results.json,drums_1_n50_s42_default_mpinhole_minfarthestpose_sharedcam,drums_1_n50_s42_default_mpinhole_minfarthestpose_sharedcam_i50_gteval_steps15000_val_step14999.json,803,,,,,colmap,50.0
colmap,50,42,,2837,,,,,0,10,minfarthestpose,50,GT Eval,,,,,False,,,,,0.0,,False,1.0,1.0,colmap,lego,pinhole,,15000,15000,default,MCMC,,,,,Shared Cam,,,,,,gsplat,,synthetic,9.491819381713867,0.6136894226074219,0.4951036274433136,1000000,0.5288143754005432,37.20846939086914,0.6911280155181885,0.7842124104499817,-0.007079164651866939,0.4788878071427954,2837,/home/ojab2/work/git/gsplat/results/colmap_outputs/lego_1_n50_s42_default_mpinhole_minfarthestpose_sharedcam_i50_gteval_steps15000/stats/val_step14999.json,/home/ojab2/work/git/gsplat/results/colmap_outputs/lego_1_n50_s42_default_mpinhole_minfarthestpose_sharedcam_i50_gteval_steps15000/stats/val_step14999.json,lego_1_n50_s42_default_mpinhole_minfarthestpose_sharedcam_i50_gteval_steps15000,37.2085,1.621086,48,0.702186,,,,18.030107975006104,6652.0,6652,0.0,/home/ojab2/work/git/vggt/colmap_outputs/lego_1_n50_s42_default_mpinhole_minfarthestpose_sharedcam/eval_results.json,lego_1_n50_s42_default_mpinhole_minfarthestpose_sharedcam,lego_1_n50_s42_default_mpinhole_minfarthestpose_sharedcam_i50_gteval_steps15000_val_step14999.json,2837,,,,,colmap,50.0
colmap,50,42,,3489,,,,,0,10,minfarthestpose,50,GT Eval,,,,,False,,,,,0.0,,False,1.0,1.0,colmap,bicycle,,,15000,15000,default,MCMC,,,,,Shared Cam,,,,,,gsplat,,outdoor,19.971603393554688,0.43686988949775696,0.37685221433639526,1000000,0.0030892484355717897,0.1497589349746704,,,0.2269858964237786,0.4121108639918377,3489,/home/ojab2/work/git/gsplat/results/colmap_outputs/bicycle_4_n50_s42_default_minfarthestpose_sharedcam_i50_gteval_steps15000/stats/val_step14999.json,/home/ojab2/work/git/gsplat/results/colmap_outputs/bicycle_4_n50_s42_default_minfarthestpose_sharedcam_i50_gteval_steps15000/stats/val_step14999.json,bicycle_4_n50_s42_default_minfarthestpose_sharedcam_i50_gteval_steps15000,0.1498,0.011463,46,0.97877,,,,10.574543714523315,7346.0,7346,0.0,/home/ojab2/work/git/vggt/colmap_outputs/bicycle_4_n50_s42_default_minfarthestpose_sharedcam/eval_results.json,bicycle_4_n50_s42_default_minfarthestpose_sharedcam,bicycle_4_n50_s42_default_minfarthestpose_sharedcam_i50_gteval_steps15000_val_step14999.json,3489,,,,,colmap,50.0
colmap,50,42,,3584,,,,,0,10,minfarthestpose,50,GT Eval,,,,,False,,,,,0.0,,False,1.0,1.0,colmap,stump,,,15000,15000,default,MCMC,,,,,Shared Cam,,,,,,gsplat,,outdoor,19.90422248840332,0.4939579367637634,0.5229108929634094,1000000,0.0017587877810001373,0.08486564457416534,,,0.27591299848017403,0.3982990982554842,3584,/home/ojab2/work/git/gsplat/results/colmap_outputs/stump_2_n50_s42_default_minfarthestpose_sharedcam_i50_gteval_steps15000/stats/val_step14999.json,/home/ojab2/work/git/gsplat/results/colmap_outputs/stump_2_n50_s42_default_minfarthestpose_sharedcam_i50_gteval_steps15000/stats/val_step14999.json,stump_2_n50_s42_default_minfarthestpose_sharedcam_i50_gteval_steps15000,0.0849,0.005529,31,0.829807,,,,15.191178798675537,9528.0,9528,0.0,/home/ojab2/work/git/vggt/colmap_outputs/stump_2_n50_s42_default_minfarthestpose_sharedcam/eval_results.json,stump_2_n50_s42_default_minfarthestpose_sharedcam,stump_2_n50_s42_default_minfarthestpose_sharedcam_i50_gteval_steps15000_val_step14999.json,3584,,,,,colmap,50.0
colmap,50,42,,9773,,,,,0,10,minfarthestpose,50,GT Eval,,,,,False,,,,,0.0,,False,1.0,1.0,colmap,counter,,,15000,15000,default,MCMC,,,,,Shared Cam,,,,,,gsplat,,indoor,25.204635620117188,0.2012728750705719,0.8427934646606445,1000000,0.00030415455694310367,0.02628336101770401,,,0.7418044197861446,0.20026079953145293,9773,/home/ojab2/work/git/gsplat/results/colmap_outputs/counter_2_n50_s42_default_minfarthestpose_sharedcam_i50_gteval_steps15000/stats/val_step14999.json,/home/ojab2/work/git/gsplat/results/colmap_outputs/counter_2_n50_s42_default_minfarthestpose_sharedcam_i50_gteval_steps15000/stats/val_step14999.json,counter_2_n50_s42_default_minfarthestpose_sharedcam_i50_gteval_steps15000,0.0263,0.001254,50,1.017398,,,,69.99852871894836,7418.0,7418,0.0,/home/ojab2/work/git/vggt/colmap_outputs/counter_2_n50_s42_default_minfarthestpose_sharedcam/eval_results.json,counter_2_n50_s42_default_minfarthestpose_sharedcam,counter_2_n50_s42_default_minfarthestpose_sharedcam_i50_gteval_steps15000_val_step14999.json,9773,,,,,colmap,50.0
colmap,50,42,,15337,,,,,0,10,minfarthestpose,50,GT Eval,,,,,False,,,,,0.0,,False,1.0,1.0,colmap,kitchen,,,15000,15000,default,MCMC,,,,,Shared Cam,,,,,,gsplat,,indoor,20.856433868408203,0.1820361316204071,0.4923512041568756,1000000,0.0009610033011995256,0.09940201044082642,,,0.4682197036721475,0.30091371833128283,15337,/home/ojab2/work/git/gsplat/results/colmap_outputs/kitchen_2_n50_s42_default_minfarthestpose_sharedcam_i50_gteval_steps15000/stats/val_step14999.json,/home/ojab2/work/git/gsplat/results/colmap_outputs/kitchen_2_n50_s42_default_minfarthestpose_sharedcam_i50_gteval_steps15000/stats/val_step14999.json,kitchen_2_n50_s42_default_minfarthestpose_sharedcam_i50_gteval_steps15000,0.0994,0.003876,50,1.032533,,,,21.937641859054565,9432.0,9432,0.0,/home/ojab2/work/git/vggt/colmap_outputs/kitchen_2_n50_s42_default_minfarthestpose_sharedcam/eval_results.json,kitchen_2_n50_s42_default_minfarthestpose_sharedcam,kitchen_2_n50_s42_default_minfarthestpose_sharedcam_i50_gteval_steps15000_val_step14999.json,15337,,,,,colmap,50.0
colmap,50,42,,22515,,,,,0,10,minfarthestpose,50,GT Eval,,,,,False,,,,,0.0,,False,1.0,1.0,colmap,bonsai,,,15000,15000,default,MCMC,,,,,Shared Cam,,,,,,gsplat,,indoor,21.696945190429688,0.20300589501857758,0.6328594088554382,1000000,0.0033656025771051645,0.21826618909835815,,,0.5530089705194878,0.2718975855646578,22515,/home/ojab2/work/git/gsplat/results/colmap_outputs/bonsai_2_n50_s42_default_minfarthestpose_sharedcam_i50_gteval_steps15000/stats/val_step14999.json,/home/ojab2/work/git/gsplat/results/colmap_outputs/bonsai_2_n50_s42_default_minfarthestpose_sharedcam_i50_gteval_steps15000/stats/val_step14999.json,bonsai_2_n50_s42_default_minfarthestpose_sharedcam_i50_gteval_steps15000,0.2183,0.013971,50,1.048775,,,,46.97960114479065,7418.0,7418,0.0,/home/ojab2/work/git/vggt/colmap_outputs/bonsai_2_n50_s42_default_minfarthestpose_sharedcam/eval_results.json,bonsai_2_n50_s42_default_minfarthestpose_sharedcam,bonsai_2_n50_s42_default_minfarthestpose_sharedcam_i50_gteval_steps15000_val_step14999.json,22515,,,,,colmap,50.0
colmap,50,42,,25421,,,,,0,10,minfarthestpose,50,GT Eval,,,,,False,,,,,0.0,,False,1.0,1.0,colmap,garden,,,15000,15000,default,MCMC,,,,,Shared Cam,,,,,,gsplat,,outdoor,20.968908309936523,0.3062770366668701,0.4411541819572449,1000000,0.000735376204829663,0.07241864502429962,,,0.3636708679409907,0.3539457664513222,25421,/home/ojab2/work/git/gsplat/results/colmap_outputs/garden_2_n50_s42_default_minfarthestpose_sharedcam_i50_gteval_steps15000/stats/val_step14999.json,/home/ojab2/work/git/gsplat/results/colmap_outputs/garden_2_n50_s42_default_minfarthestpose_sharedcam_i50_gteval_steps15000/stats/val_step14999.json,garden_2_n50_s42_default_minfarthestpose_sharedcam_i50_gteval_steps15000,0.0724,0.003021,50,1.021916,,,,31.005630254745483,9792.0,9792,0.0,/home/ojab2/work/git/vggt/colmap_outputs/garden_2_n50_s42_default_minfarthestpose_sharedcam/eval_results.json,garden_2_n50_s42_default_minfarthestpose_sharedcam,garden_2_n50_s42_default_minfarthestpose_sharedcam_i50_gteval_steps15000_val_step14999.json,25421,,,,,colmap,50.0
colmap,60,42,,1175,,,,,0,10,minfarthestpose,60,GT Eval,,,,,False,,,,,0.0,,False,1.0,1.0,colmap,drums,pinhole,,15000,15000,default,MCMC,,,,,Shared Cam,,,,,,gsplat,,synthetic,21.46663475036621,0.1071256473660469,0.8787174224853516,1000000,0.005875906441360712,0.2919759154319763,0.016683457419276237,0.017402132973074913,0.7517059165851259,0.1541720619725013,1175,/home/ojab2/work/git/gsplat/results/colmap_outputs/drums_1_n60_s42_default_mpinhole_minfarthestpose_sharedcam_i60_gteval_steps15000/stats/val_step14999.json,/home/ojab2/work/git/gsplat/results/colmap_outputs/drums_1_n60_s42_default_mpinhole_minfarthestpose_sharedcam_i60_gteval_steps15000/stats/val_step14999.json,drums_1_n60_s42_default_mpinhole_minfarthestpose_sharedcam_i60_gteval_steps15000,0.2927,0.018285,44,0.770645,,,,30.41712498664856,6716.0,6716,0.0,/home/ojab2/work/git/vggt/colmap_outputs/drums_1_n60_s42_default_mpinhole_minfarthestpose_sharedcam/eval_results.json,drums_1_n60_s42_default_mpinhole_minfarthestpose_sharedcam,drums_1_n60_s42_default_mpinhole_minfarthestpose_sharedcam_i60_gteval_steps15000_val_step14999.json,1175,,,,,colmap,60.0
colmap,60,42,,1962,,,,,0,10,minfarthestpose,60,GT Eval,,,,,False,,,,,0.0,,False,1.0,1.0,colmap,ship,pinhole,,15000,15000,default,MCMC,,,,,Shared Cam,,,,,,gsplat,,synthetic,22.031282424926758,0.16121169924736023,0.7412988543510437,1000000,0.004959248472005129,0.3282996416091919,0.02898668311536312,0.030586976557970047,0.6484141674732681,0.22536757103469807,1962,/home/ojab2/work/git/gsplat/results/colmap_outputs/ship_1_n60_s42_default_mpinhole_minfarthestpose_sharedcam_i60_gteval_steps15000/stats/val_step14999.json,/home/ojab2/work/git/gsplat/results/colmap_outputs/ship_1_n60_s42_default_mpinhole_minfarthestpose_sharedcam_i60_gteval_steps15000/stats/val_step14999.json,ship_1_n60_s42_default_mpinhole_minfarthestpose_sharedcam_i60_gteval_steps15000,0.3285,0.016235,52,0.800742,,,,11.243252992630005,6716.0,6716,0.0,/home/ojab2/work/git/vggt/colmap_outputs/ship_1_n60_s42_default_mpinhole_minfarthestpose_sharedcam/eval_results.json,ship_1_n60_s42_default_mpinhole_minfarthestpose_sharedcam,ship_1_n60_s42_default_mpinhole_minfarthestpose_sharedcam_i60_gteval_steps15000_val_step14999.json,1962,,,,,colmap,60.0
colmap,60,42,,4233,,,,,0,10,minfarthestpose,60,GT Eval,,,,,False,,,,,0.0,,False,1.0,1.0,colmap,lego,pinhole,,15000,15000,default,MCMC,,,,,Shared Cam,,,,,,gsplat,,synthetic,9.51300048828125,0.6039016842842102,0.4862987995147705,1000000,0.5501680970191956,42.754554748535156,0.5868042707443237,0.6410684585571289,-0.005794130338330428,0.47749922522954763,4233,/home/ojab2/work/git/gsplat/results/colmap_outputs/lego_1_n60_s42_default_mpinhole_minfarthestpose_sharedcam_i60_gteval_steps15000/stats/val_step14999.json,/home/ojab2/work/git/gsplat/results/colmap_outputs/lego_1_n60_s42_default_mpinhole_minfarthestpose_sharedcam_i60_gteval_steps15000/stats/val_step14999.json,lego_1_n60_s42_default_mpinhole_minfarthestpose_sharedcam_i60_gteval_steps15000,42.7544,1.76595,59,0.712957,,,,19.28944230079651,6716.0,6716,0.0,/home/ojab2/work/git/vggt/colmap_outputs/lego_1_n60_s42_default_mpinhole_minfarthestpose_sharedcam/eval_results.json,lego_1_n60_s42_default_mpinhole_minfarthestpose_sharedcam,lego_1_n60_s42_default_mpinhole_minfarthestpose_sharedcam_i60_gteval_steps15000_val_step14999.json,4233,,,,,colmap,60.0
colmap,60,42,,5439,,,,,0,10,minfarthestpose,60,GT Eval,,,,,False,,,,,0.0,,False,1.0,1.0,colmap,bicycle,,,15000,15000,default,MCMC,,,,,Shared Cam,,,,,,gsplat,,outdoor,19.752241134643555,0.40431737899780273,0.36857086420059204,1000000,0.0029093585908412933,0.13441917300224304,,,0.23817487983753186,0.40317653525129193,5439,/home/ojab2/work/git/gsplat/results/colmap_outputs/bicycle_4_n60_s42_default_minfarthestpose_sharedcam_i60_gteval_steps15000/stats/val_step14999.json,/home/ojab2/work/git/gsplat/results/colmap_outputs/bicycle_4_n60_s42_default_minfarthestpose_sharedcam_i60_gteval_steps15000/stats/val_step14999.json,bicycle_4_n60_s42_default_minfarthestpose_sharedcam_i60_gteval_steps15000,0.1344,0.010799,59,1.02818,,,,14.349272727966309,7410.0,7410,0.0,/home/ojab2/work/git/vggt/colmap_outputs/bicycle_4_n60_s42_default_minfarthestpose_sharedcam/eval_results.json,bicycle_4_n60_s42_default_minfarthestpose_sharedcam,bicycle_4_n60_s42_default_minfarthestpose_sharedcam_i60_gteval_steps15000_val_step14999.json,5439,,,,,colmap,60.0
colmap,60,42,,7456,,,,,0,10,minfarthestpose,60,GT Eval,,,,,False,,,,,0.0,,False,1.0,1.0,colmap,stump,,,15000,15000,default,MCMC,,,,,Shared Cam,,,,,,gsplat,,outdoor,22.481861114501953,0.4334394335746765,0.6201140880584717,1000000,0.0017187476623803377,0.05464011803269386,,,0.41784812158543694,0.35181174619674216,7456,/home/ojab2/work/git/gsplat/results/colmap_outputs/stump_2_n60_s42_default_minfarthestpose_sharedcam_i60_gteval_steps15000/stats/val_step14999.json,/home/ojab2/work/git/gsplat/results/colmap_outputs/stump_2_n60_s42_default_minfarthestpose_sharedcam_i60_gteval_steps15000/stats/val_step14999.json,stump_2_n60_s42_default_minfarthestpose_sharedcam_i60_gteval_steps15000,0.0546,0.006326,60,1.007535,,,,21.20139789581299,9592.0,9592,0.0,/home/ojab2/work/git/vggt/colmap_outputs/stump_2_n60_s42_default_minfarthestpose_sharedcam/eval_results.json,stump_2_n60_s42_default_minfarthestpose_sharedcam,stump_2_n60_s42_default_minfarthestpose_sharedcam_i60_gteval_steps15000_val_step14999.json,7456,,,,,colmap,60.0
colmap,60,42,,14845,,,,,0,10,minfarthestpose,60,GT Eval,,,,,False,,,,,0.0,,False,1.0,1.0,colmap,counter,,,15000,15000,default,MCMC,,,,,Shared Cam,,,,,,gsplat,,indoor,26.158340454101562,0.1889503002166748,0.8658013939857483,1000000,0.00023013997997622937,0.019907232373952866,,,0.7805270775329608,0.1859011778767024,14845,/home/ojab2/work/git/gsplat/results/colmap_outputs/counter_2_n60_s42_default_minfarthestpose_sharedcam_i60_gteval_steps15000/stats/val_step14999.json,/home/ojab2/work/git/gsplat/results/colmap_outputs/counter_2_n60_s42_default_minfarthestpose_sharedcam_i60_gteval_steps15000/stats/val_step14999.json,counter_2_n60_s42_default_minfarthestpose_sharedcam_i60_gteval_steps15000,0.0199,0.000942,60,1.009266,,,,97.29622483253479,7482.0,7482,0.0,/home/ojab2/work/git/vggt/colmap_outputs/counter_2_n60_s42_default_minfarthestpose_sharedcam/eval_results.json,counter_2_n60_s42_default_minfarthestpose_sharedcam,counter_2_n60_s42_default_minfarthestpose_sharedcam_i60_gteval_steps15000_val_step14999.json,14845,,,,,colmap,60.0
colmap,60,42,,21813,,,,,0,10,minfarthestpose,60,GT Eval,,,,,False,,,,,0.0,,False,1.0,1.0,colmap,kitchen,,,15000,15000,default,MCMC,,,,,Shared Cam,,,,,,gsplat,,indoor,21.690927505493164,0.14895617961883545,0.5146335363388062,1000000,0.0010291609214618802,0.09628389030694962,,,0.5171236166170157,0.2841378724634757,21813,/home/ojab2/work/git/gsplat/results/colmap_outputs/kitchen_2_n60_s42_default_minfarthestpose_sharedcam_i60_gteval_steps15000/stats/val_step14999.json,/home/ojab2/work/git/gsplat/results/colmap_outputs/kitchen_2_n60_s42_default_minfarthestpose_sharedcam_i60_gteval_steps15000/stats/val_step14999.json,kitchen_2_n60_s42_default_minfarthestpose_sharedcam_i60_gteval_steps15000,0.0963,0.004149,60,0.980005,,,,32.78321099281311,9496.0,9496,0.0,/home/ojab2/work/git/vggt/colmap_outputs/kitchen_2_n60_s42_default_minfarthestpose_sharedcam/eval_results.json,kitchen_2_n60_s42_default_minfarthestpose_sharedcam,kitchen_2_n60_s42_default_minfarthestpose_sharedcam_i60_gteval_steps15000_val_step14999.json,21813,,,,,colmap,60.0
colmap,60,42,,31847,,,,,0,10,minfarthestpose,60,GT Eval,,,,,False,,,,,0.0,,False,1.0,1.0,colmap,bonsai,,,15000,15000,default,MCMC,,,,,Shared Cam,,,,,,gsplat,,indoor,22.168672561645508,0.18957126140594482,0.6651806831359863,1000000,0.003669938538223505,0.21906505525112152,,,0.5889389762791664,0.2580920723767357,31847,/home/ojab2/work/git/gsplat/results/colmap_outputs/bonsai_2_n60_s42_default_minfarthestpose_sharedcam_i60_gteval_steps15000/stats/val_step14999.json,/home/ojab2/work/git/gsplat/results/colmap_outputs/bonsai_2_n60_s42_default_minfarthestpose_sharedcam_i60_gteval_steps15000/stats/val_step14999.json,bonsai_2_n60_s42_default_minfarthestpose_sharedcam_i60_gteval_steps15000,0.2191,0.015311,60,1.047943,,,,65.64310216903687,7482.0,7482,0.0,/home/ojab2/work/git/vggt/colmap_outputs/bonsai_2_n60_s42_default_minfarthestpose_sharedcam/eval_results.json,bonsai_2_n60_s42_default_minfarthestpose_sharedcam,bonsai_2_n60_s42_default_minfarthestpose_sharedcam_i60_gteval_steps15000_val_step14999.json,31847,,,,,colmap,60.0
colmap,60,42,,34210,,,,,0,10,minfarthestpose,60,GT Eval,,,,,False,,,,,0.0,,False,1.0,1.0,colmap,garden,,,15000,15000,default,MCMC,,,,,Shared Cam,,,,,,gsplat,,outdoor,21.483154296875,0.29751619696617126,0.47562894225120544,1000000,0.0007055920432321727,0.06019479036331177,,,0.3987625460488367,0.34291928808949035,34210,/home/ojab2/work/git/gsplat/results/colmap_outputs/garden_2_n60_s42_default_minfarthestpose_sharedcam_i60_gteval_steps15000/stats/val_step14999.json,/home/ojab2/work/git/gsplat/results/colmap_outputs/garden_2_n60_s42_default_minfarthestpose_sharedcam_i60_gteval_steps15000/stats/val_step14999.json,garden_2_n60_s42_default_minfarthestpose_sharedcam_i60_gteval_steps15000,0.0602,0.002877,60,1.016844,,,,48.06957793235779,9856.0,9856,0.0,/home/ojab2/work/git/vggt/colmap_outputs/garden_2_n60_s42_default_minfarthestpose_sharedcam/eval_results.json,garden_2_n60_s42_default_minfarthestpose_sharedcam,garden_2_n60_s42_default_minfarthestpose_sharedcam_i60_gteval_steps15000_val_step14999.json,34210,,,,,colmap,60.0
colmap,70,42,,1711,,,,,0,10,minfarthestpose,70,GT Eval,,,,,False,,,,,0.0,,False,1.0,1.0,colmap,drums,pinhole,,15000,15000,default,MCMC,,,,,Shared Cam,,,,,,gsplat,,synthetic,20.642908096313477,0.10815706104040146,0.8602676391601562,1000000,0.0048123011365532875,0.22917625308036804,0.017454026266932487,0.01790134608745575,0.7250256972064284,0.16352966318014636,1711,/home/ojab2/work/git/gsplat/results/colmap_outputs/drums_1_n70_s42_default_mpinhole_minfarthestpose_sharedcam_i70_gteval_steps15000/stats/val_step14999.json,/home/ojab2/work/git/gsplat/results/colmap_outputs/drums_1_n70_s42_default_mpinhole_minfarthestpose_sharedcam_i70_gteval_steps15000/stats/val_step14999.json,drums_1_n70_s42_default_mpinhole_minfarthestpose_sharedcam_i70_gteval_steps15000,0.2295,0.014344,53,0.75209,,,,46.39105224609375,6776.0,6776,0.0,/home/ojab2/work/git/vggt/colmap_outputs/drums_1_n70_s42_default_mpinhole_minfarthestpose_sharedcam/eval_results.json,drums_1_n70_s42_default_mpinhole_minfarthestpose_sharedcam,drums_1_n70_s42_default_mpinhole_minfarthestpose_sharedcam_i70_gteval_steps15000_val_step14999.json,1711,,,,,colmap,70.0
colmap,70,42,,2748,,,,,0,10,minfarthestpose,70,GT Eval,,,,,False,,,,,0.0,,False,1.0,1.0,colmap,ship,pinhole,,15000,15000,default,MCMC,,,,,Shared Cam,,,,,,gsplat,,synthetic,22.920597076416016,0.1465238332748413,0.7628100514411926,1000000,0.004077303223311901,0.2112027108669281,0.02801118791103363,0.02891070395708084,0.6865291886704551,0.212883229585469,2748,/home/ojab2/work/git/gsplat/results/colmap_outputs/ship_1_n70_s42_default_mpinhole_minfarthestpose_sharedcam_i70_gteval_steps15000/stats/val_step14999.json,/home/ojab2/work/git/gsplat/results/colmap_outputs/ship_1_n70_s42_default_mpinhole_minfarthestpose_sharedcam_i70_gteval_steps15000/stats/val_step14999.json,ship_1_n70_s42_default_mpinhole_minfarthestpose_sharedcam_i70_gteval_steps15000,0.2115,0.013257,63,0.814222,,,,14.959670066833496,6776.0,6776,0.0,/home/ojab2/work/git/vggt/colmap_outputs/ship_1_n70_s42_default_mpinhole_minfarthestpose_sharedcam/eval_results.json,ship_1_n70_s42_default_mpinhole_minfarthestpose_sharedcam,ship_1_n70_s42_default_mpinhole_minfarthestpose_sharedcam_i70_gteval_steps15000_val_step14999.json,2748,,,,,colmap,70.0
colmap,70,42,,5764,,,,,0,10,minfarthestpose,70,GT Eval,,,,,False,,,,,0.0,,False,1.0,1.0,colmap,lego,pinhole,,15000,15000,default,MCMC,,,,,Shared Cam,,,,,,gsplat,,synthetic,22.652563095092773,0.06905500590801239,0.8519454598426819,1000000,0.1379781812429428,13.015335083007812,0.021815670654177666,0.021988926455378532,0.7815118300558452,0.1530876213141112,5764,/home/ojab2/work/git/gsplat/results/colmap_outputs/lego_1_n70_s42_default_mpinhole_minfarthestpose_sharedcam_i70_gteval_steps15000/stats/val_step14999.json,/home/ojab2/work/git/gsplat/results/colmap_outputs/lego_1_n70_s42_default_mpinhole_minfarthestpose_sharedcam_i70_gteval_steps15000/stats/val_step14999.json,lego_1_n70_s42_default_mpinhole_minfarthestpose_sharedcam_i70_gteval_steps15000,13.0156,0.491599,70,0.930681,,,,33.80655479431152,6776.0,6776,0.0,/home/ojab2/work/git/vggt/colmap_outputs/lego_1_n70_s42_default_mpinhole_minfarthestpose_sharedcam/eval_results.json,lego_1_n70_s42_default_mpinhole_minfarthestpose_sharedcam,lego_1_n70_s42_default_mpinhole_minfarthestpose_sharedcam_i70_gteval_steps15000_val_step14999.json,5764,,,,,colmap,70.0
colmap,70,42,,8521,,,,,0,10,minfarthestpose,70,GT Eval,,,,,False,,,,,0.0,,False,1.0,1.0,colmap,bicycle,,,15000,15000,default,MCMC,,,,,Shared Cam,,,,,,gsplat,,outdoor,19.710527420043945,0.3646119236946106,0.37013497948646545,1000000,0.0026197393890470266,0.11995593458414078,,,0.26282663125353556,0.3896471779847298,8521,/home/ojab2/work/git/gsplat/results/colmap_outputs/bicycle_4_n70_s42_default_minfarthestpose_sharedcam_i70_gteval_steps15000/stats/val_step14999.json,/home/ojab2/work/git/gsplat/results/colmap_outputs/bicycle_4_n70_s42_default_minfarthestpose_sharedcam_i70_gteval_steps15000/stats/val_step14999.json,bicycle_4_n70_s42_default_minfarthestpose_sharedcam_i70_gteval_steps15000,0.12,0.009717,69,1.016821,,,,20.831656455993652,7470.0,7470,0.0,/home/ojab2/work/git/vggt/colmap_outputs/bicycle_4_n70_s42_default_minfarthestpose_sharedcam/eval_results.json,bicycle_4_n70_s42_default_minfarthestpose_sharedcam,bicycle_4_n70_s42_default_minfarthestpose_sharedcam_i70_gteval_steps15000_val_step14999.json,8521,,,,,colmap,70.0
colmap,70,42,,10379,,,,,0,10,minfarthestpose,70,GT Eval,,,,,False,,,,,0.0,,False,1.0,1.0,colmap,stump,,,15000,15000,default,MCMC,,,,,Shared Cam,,,,,,gsplat,,outdoor,23.05914306640625,0.4161098003387451,0.642978310585022,1000000,0.0013794626574963331,0.043135255575180054,,,0.4526067229352113,0.3395222675110053,10379,/home/ojab2/work/git/gsplat/results/colmap_outputs/stump_2_n70_s42_default_minfarthestpose_sharedcam_i70_gteval_steps15000/stats/val_step14999.json,/home/ojab2/work/git/gsplat/results/colmap_outputs/stump_2_n70_s42_default_minfarthestpose_sharedcam_i70_gteval_steps15000/stats/val_step14999.json,stump_2_n70_s42_default_minfarthestpose_sharedcam_i70_gteval_steps15000,0.0431,0.005018,70,0.985276,,,,28.946945190429688,9652.0,9652,0.0,/home/ojab2/work/git/vggt/colmap_outputs/stump_2_n70_s42_default_minfarthestpose_sharedcam/eval_results.json,stump_2_n70_s42_default_minfarthestpose_sharedcam,stump_2_n70_s42_default_minfarthestpose_sharedcam_i70_gteval_steps15000_val_step14999.json,10379,,,,,colmap,70.0
colmap,70,42,,20431,,,,,0,10,minfarthestpose,70,GT Eval,,,,,False,,,,,0.0,,False,1.0,1.0,colmap,counter,,,15000,15000,default,MCMC,,,,,Shared Cam,,,,,,gsplat,,indoor,26.725461959838867,0.18234191834926605,0.8777703046798706,1000000,0.00021438101248349994,0.018934760242700577,,,0.8021079386845279,0.17802700660067874,20431,/home/ojab2/work/git/gsplat/results/colmap_outputs/counter_2_n70_s42_default_minfarthestpose_sharedcam_i70_gteval_steps15000/stats/val_step14999.json,/home/ojab2/work/git/gsplat/results/colmap_outputs/counter_2_n70_s42_default_minfarthestpose_sharedcam_i70_gteval_steps15000/stats/val_step14999.json,counter_2_n70_s42_default_minfarthestpose_sharedcam_i70_gteval_steps15000,0.0189,0.000872,70,0.987931,,,,136.9727382659912,7542.0,7542,0.0,/home/ojab2/work/git/vggt/colmap_outputs/counter_2_n70_s42_default_minfarthestpose_sharedcam/eval_results.json,counter_2_n70_s42_default_minfarthestpose_sharedcam,counter_2_n70_s42_default_minfarthestpose_sharedcam_i70_gteval_steps15000_val_step14999.json,20431,,,,,colmap,70.0
colmap,70,42,,35747,,,,,0,10,minfarthestpose,70,GT Eval,,,,,False,,,,,0.0,,False,1.0,1.0,colmap,kitchen,,,15000,15000,default,MCMC,,,,,Shared Cam,,,,,,gsplat,,indoor,21.534276962280273,0.14751364290714264,0.5068987011909485,1000000,0.0009965215576812625,0.09812819212675095,,,0.5105898399837919,0.2855830549902938,35747,/home/ojab2/work/git/gsplat/results/colmap_outputs/kitchen_2_n70_s42_default_minfarthestpose_sharedcam_i70_gteval_steps15000/stats/val_step14999.json,/home/ojab2/work/git/gsplat/results/colmap_outputs/kitchen_2_n70_s42_default_minfarthestpose_sharedcam_i70_gteval_steps15000/stats/val_step14999.json,kitchen_2_n70_s42_default_minfarthestpose_sharedcam_i70_gteval_steps15000,0.0981,0.003943,70,1.002625,,,,53.182297468185425,9946.0,9946,0.0,/home/ojab2/work/git/vggt/colmap_outputs/kitchen_2_n70_s42_default_minfarthestpose_sharedcam/eval_results.json,kitchen_2_n70_s42_default_minfarthestpose_sharedcam,kitchen_2_n70_s42_default_minfarthestpose_sharedcam_i70_gteval_steps15000_val_step14999.json,35747,,,,,colmap,70.0
colmap,70,42,,42091,,,,,0,10,minfarthestpose,70,GT Eval,,,,,False,,,,,0.0,,False,1.0,1.0,colmap,bonsai,,,15000,15000,default,MCMC,,,,,Shared Cam,,,,,,gsplat,,indoor,28.404136657714844,0.1480536311864853,0.8946173787117004,1000000,0.001268189400434494,0.05289151147007942,,,0.8642122066005473,0.1580415301133877,42091,/home/ojab2/work/git/gsplat/results/colmap_outputs/bonsai_2_n70_s42_default_minfarthestpose_sharedcam_i70_gteval_steps15000/stats/val_step14999.json,/home/ojab2/work/git/gsplat/results/colmap_outputs/bonsai_2_n70_s42_default_minfarthestpose_sharedcam_i70_gteval_steps15000/stats/val_step14999.json,bonsai_2_n70_s42_default_minfarthestpose_sharedcam_i70_gteval_steps15000,0.0529,0.005207,70,1.026511,,,,75.30614638328552,7542.0,7542,0.0,/home/ojab2/work/git/vggt/colmap_outputs/bonsai_2_n70_s42_default_minfarthestpose_sharedcam/eval_results.json,bonsai_2_n70_s42_default_minfarthestpose_sharedcam,bonsai_2_n70_s42_default_minfarthestpose_sharedcam_i70_gteval_steps15000_val_step14999.json,42091,,,,,colmap,70.0
colmap,70,42,,43941,,,,,0,10,minfarthestpose,70,GT Eval,,,,,False,,,,,0.0,,False,1.0,1.0,colmap,garden,,,15000,15000,default,MCMC,,,,,Shared Cam,,,,,,gsplat,,outdoor,21.485448837280273,0.2839418649673462,0.46950864791870117,1000000,0.0007179754902608693,0.06462907791137695,,,0.40360513532835607,0.33979781842250706,43941,/home/ojab2/work/git/gsplat/results/colmap_outputs/garden_2_n70_s42_default_minfarthestpose_sharedcam_i70_gteval_steps15000/stats/val_step14999.json,/home/ojab2/work/git/gsplat/results/colmap_outputs/garden_2_n70_s42_default_minfarthestpose_sharedcam_i70_gteval_steps15000/stats/val_step14999.json,garden_2_n70_s42_default_minfarthestpose_sharedcam_i70_gteval_steps15000,0.0646,0.002954,70,1.033049,,,,59.864672899246216,9916.0,9916,0.0,/home/ojab2/work/git/vggt/colmap_outputs/garden_2_n70_s42_default_minfarthestpose_sharedcam/eval_results.json,garden_2_n70_s42_default_minfarthestpose_sharedcam,garden_2_n70_s42_default_minfarthestpose_sharedcam_i70_gteval_steps15000_val_step14999.json,43941,,,,,colmap,70.0
colmap,80,42,,2571,,,,,0,10,minfarthestpose,80,GT Eval,,,,,False,,,,,0.0,,False,1.0,1.0,colmap,drums,pinhole,,15000,15000,default,MCMC,,,,,Shared Cam,,,,,,gsplat,,synthetic,22.01573371887207,0.1012115478515625,0.8877139091491699,1000000,0.004395661875605583,0.20921207964420319,0.016546260565519333,0.017520464956760406,0.7707861980267202,0.14752982405196172,2571,/home/ojab2/work/git/gsplat/results/colmap_outputs/drums_1_n80_s42_default_mpinhole_minfarthestpose_sharedcam_i80_gteval_steps15000/stats/val_step14999.json,/home/ojab2/work/git/gsplat/results/colmap_outputs/drums_1_n80_s42_default_mpinhole_minfarthestpose_sharedcam_i80_gteval_steps15000/stats/val_step14999.json,drums_1_n80_s42_default_mpinhole_minfarthestpose_sharedcam_i80_gteval_steps15000,0.21,0.013163,61,0.73288,,,,57.9729950428009,6836.0,6836,0.0,/home/ojab2/work/git/vggt/colmap_outputs/drums_1_n80_s42_default_mpinhole_minfarthestpose_sharedcam/eval_results.json,drums_1_n80_s42_default_mpinhole_minfarthestpose_sharedcam,drums_1_n80_s42_default_mpinhole_minfarthestpose_sharedcam_i80_gteval_steps15000_val_step14999.json,2571,,,,,colmap,80.0
colmap,80,42,,3818,,,,,0,10,minfarthestpose,80,GT Eval,,,,,False,,,,,0.0,,False,1.0,1.0,colmap,ship,pinhole,,15000,15000,default,MCMC,,,,,Shared Cam,,,,,,gsplat,,synthetic,23.95128059387207,0.1371573507785797,0.789847731590271,1000000,0.0029240939766168594,0.1490263044834137,0.027568796649575233,0.027714744210243225,0.7272092086529869,0.1998690038868526,3818,/home/ojab2/work/git/gsplat/results/colmap_outputs/ship_1_n80_s42_default_mpinhole_minfarthestpose_sharedcam_i80_gteval_steps15000/stats/val_step14999.json,/home/ojab2/work/git/gsplat/results/colmap_outputs/ship_1_n80_s42_default_mpinhole_minfarthestpose_sharedcam_i80_gteval_steps15000/stats/val_step14999.json,ship_1_n80_s42_default_mpinhole_minfarthestpose_sharedcam_i80_gteval_steps15000,0.1491,0.009487,74,0.83563,,,,19.210057735443115,6836.0,6836,0.0,/home/ojab2/work/git/vggt/colmap_outputs/ship_1_n80_s42_default_mpinhole_minfarthestpose_sharedcam/eval_results.json,ship_1_n80_s42_default_mpinhole_minfarthestpose_sharedcam,ship_1_n80_s42_default_mpinhole_minfarthestpose_sharedcam_i80_gteval_steps15000_val_step14999.json,3818,,,,,colmap,80.0
colmap,80,42,,8189,,,,,0,10,minfarthestpose,80,GT Eval,,,,,False,,,,,0.0,,False,1.0,1.0,colmap,lego,pinhole,,15000,15000,default,MCMC,,,,,Shared Cam,,,,,,gsplat,,synthetic,11.245566368103027,0.4587663412094116,0.5789228081703186,1000000,0.20273685455322266,12.490297317504883,0.30531224608421326,0.3175135552883148,0.170046227872178,0.3942456552448541,8189,/home/ojab2/work/git/gsplat/results/colmap_outputs/lego_1_n80_s42_default_mpinhole_minfarthestpose_sharedcam_i80_gteval_steps15000/stats/val_step14999.json,/home/ojab2/work/git/gsplat/results/colmap_outputs/lego_1_n80_s42_default_mpinhole_minfarthestpose_sharedcam_i80_gteval_steps15000/stats/val_step14999.json,lego_1_n80_s42_default_mpinhole_minfarthestpose_sharedcam_i80_gteval_steps15000,12.3915,0.644267,80,0.828364,,,,36.368884801864624,6836.0,6836,0.0,/home/ojab2/work/git/vggt/colmap_outputs/lego_1_n80_s42_default_mpinhole_minfarthestpose_sharedcam/eval_results.json,lego_1_n80_s42_default_mpinhole_minfarthestpose_sharedcam,lego_1_n80_s42_default_mpinhole_minfarthestpose_sharedcam_i80_gteval_steps15000_val_step14999.json,8189,,,,,colmap,80.0
colmap,80,42,,11796,,,,,0,10,minfarthestpose,80,GT Eval,,,,,False,,,,,0.0,,False,1.0,1.0,colmap,bicycle,,,15000,15000,default,MCMC,,,,,Shared Cam,,,,,,gsplat,,outdoor,20.295074462890625,0.34108200669288635,0.40262851119041443,1000000,0.002403906313702464,0.11904101073741913,,,0.307178281939905,0.37444108347248783,11796,/home/ojab2/work/git/gsplat/results/colmap_outputs/bicycle_4_n80_s42_default_minfarthestpose_sharedcam_i80_gteval_steps15000/stats/val_step14999.json,/home/ojab2/work/git/gsplat/results/colmap_outputs/bicycle_4_n80_s42_default_minfarthestpose_sharedcam_i80_gteval_steps15000/stats/val_step14999.json,bicycle_4_n80_s42_default_minfarthestpose_sharedcam_i80_gteval_steps15000,0.119,0.008923,80,1.011902,,,,27.30118417739868,7552.0,7552,0.0,/home/ojab2/work/git/vggt/colmap_outputs/bicycle_4_n80_s42_default_minfarthestpose_sharedcam/eval_results.json,bicycle_4_n80_s42_default_minfarthestpose_sharedcam,bicycle_4_n80_s42_default_minfarthestpose_sharedcam_i80_gteval_steps15000_val_step14999.json,11796,,,,,colmap,80.0
colmap,80,42,,13289,,,,,0,10,minfarthestpose,80,GT Eval,,,,,False,,,,,0.0,,False,1.0,1.0,colmap,stump,,,15000,15000,default,MCMC,,,,,Shared Cam,,,,,,gsplat,,outdoor,23.69529914855957,0.3987574875354767,0.6667870879173279,1000000,0.0010066709946841002,0.029328374192118645,,,0.4890219569206238,0.32675795815799796,13289,/home/ojab2/work/git/gsplat/results/colmap_outputs/stump_2_n80_s42_default_minfarthestpose_sharedcam_i80_gteval_steps15000/stats/val_step14999.json,/home/ojab2/work/git/gsplat/results/colmap_outputs/stump_2_n80_s42_default_minfarthestpose_sharedcam_i80_gteval_steps15000/stats/val_step14999.json,stump_2_n80_s42_default_minfarthestpose_sharedcam_i80_gteval_steps15000,0.0293,0.003643,79,1.001219,,,,35.555680990219116,9712.0,9712,0.0,/home/ojab2/work/git/vggt/colmap_outputs/stump_2_n80_s42_default_minfarthestpose_sharedcam/eval_results.json,stump_2_n80_s42_default_minfarthestpose_sharedcam,stump_2_n80_s42_default_minfarthestpose_sharedcam_i80_gteval_steps15000_val_step14999.json,13289,,,,,colmap,80.0
colmap,80,42,,28563,,,,,0,10,minfarthestpose,80,GT Eval,,,,,False,,,,,0.0,,False,1.0,1.0,colmap,counter,,,15000,15000,default,MCMC,,,,,Shared Cam,,,,,,gsplat,,indoor,27.375858306884766,0.1690811663866043,0.8878010511398315,1000000,0.00019333191448822618,0.01627672277390957,,,0.8282038984436582,0.1686240420885094,28563,/home/ojab2/work/git/gsplat/results/colmap_outputs/counter_2_n80_s42_default_minfarthestpose_sharedcam_i80_gteval_steps15000/stats/val_step14999.json,/home/ojab2/work/git/gsplat/results/colmap_outputs/counter_2_n80_s42_default_minfarthestpose_sharedcam_i80_gteval_steps15000/stats/val_step14999.json,counter_2_n80_s42_default_minfarthestpose_sharedcam_i80_gteval_steps15000,0.0163,0.000772,80,0.978881,,,,183.8114914894104,7602.0,7602,0.0,/home/ojab2/work/git/vggt/colmap_outputs/counter_2_n80_s42_default_minfarthestpose_sharedcam/eval_results.json,counter_2_n80_s42_default_minfarthestpose_sharedcam,counter_2_n80_s42_default_minfarthestpose_sharedcam_i80_gteval_steps15000_val_step14999.json,28563,,,,,colmap,80.0
colmap,80,42,,49366,,,,,0,10,minfarthestpose,80,GT Eval,,,,,False,,,,,0.0,,False,1.0,1.0,colmap,kitchen,,,15000,15000,default,MCMC,,,,,Shared Cam,,,,,,gsplat,,indoor,21.851726531982422,0.14010663330554962,0.5111910700798035,1000000,0.0009058652212843299,0.09917648881673813,,,0.5235509211130929,0.28192802028806074,49366,/home/ojab2/work/git/gsplat/results/colmap_outputs/kitchen_2_n80_s42_default_minfarthestpose_sharedcam_i80_gteval_steps15000/stats/val_step14999.json,/home/ojab2/work/git/gsplat/results/colmap_outputs/kitchen_2_n80_s42_default_minfarthestpose_sharedcam_i80_gteval_steps15000/stats/val_step14999.json,kitchen_2_n80_s42_default_minfarthestpose_sharedcam_i80_gteval_steps15000,0.0992,0.003674,80,0.986183,,,,73.82726502418518,10006.0,10006,0.0,/home/ojab2/work/git/vggt/colmap_outputs/kitchen_2_n80_s42_default_minfarthestpose_sharedcam/eval_results.json,kitchen_2_n80_s42_default_minfarthestpose_sharedcam,kitchen_2_n80_s42_default_minfarthestpose_sharedcam_i80_gteval_steps15000_val_step14999.json,49366,,,,,colmap,80.0
colmap,80,42,,50939,,,,,0,10,minfarthestpose,80,GT Eval,,,,,False,,,,,0.0,,False,1.0,1.0,colmap,bonsai,,,15000,15000,default,MCMC,,,,,Shared Cam,,,,,,gsplat,,indoor,28.026302337646484,0.14591750502586365,0.8840844631195068,1000000,0.0010319369612261653,0.05162372440099716,,,0.8523742713813582,0.16265217906290325,50939,/home/ojab2/work/git/gsplat/results/colmap_outputs/bonsai_2_n80_s42_default_minfarthestpose_sharedcam_i80_gteval_steps15000/stats/val_step14999.json,/home/ojab2/work/git/gsplat/results/colmap_outputs/bonsai_2_n80_s42_default_minfarthestpose_sharedcam_i80_gteval_steps15000/stats/val_step14999.json,bonsai_2_n80_s42_default_minfarthestpose_sharedcam_i80_gteval_steps15000,0.0516,0.004219,80,1.020898,,,,97.05003786087036,7602.0,7602,0.0,/home/ojab2/work/git/vggt/colmap_outputs/bonsai_2_n80_s42_default_minfarthestpose_sharedcam/eval_results.json,bonsai_2_n80_s42_default_minfarthestpose_sharedcam,bonsai_2_n80_s42_default_minfarthestpose_sharedcam_i80_gteval_steps15000_val_step14999.json,50939,,,,,colmap,80.0
colmap,80,42,,53825,,,,,0,10,minfarthestpose,80,GT Eval,,,,,False,,,,,0.0,,False,1.0,1.0,colmap,garden,,,15000,15000,default,MCMC,,,,,Shared Cam,,,,,,gsplat,,outdoor,21.558483123779297,0.2749709188938141,0.47525128722190857,1000000,0.000695251626893878,0.06090160459280014,,,0.4138535117467864,0.33545036466661493,53825,/home/ojab2/work/git/gsplat/results/colmap_outputs/garden_2_n80_s42_default_minfarthestpose_sharedcam_i80_gteval_steps15000/stats/val_step14999.json,/home/ojab2/work/git/gsplat/results/colmap_outputs/garden_2_n80_s42_default_minfarthestpose_sharedcam_i80_gteval_steps15000/stats/val_step14999.json,garden_2_n80_s42_default_minfarthestpose_sharedcam_i80_gteval_steps15000,0.0609,0.002865,80,1.02083,,,,81.6151819229126,9976.0,9976,0.0,/home/ojab2/work/git/vggt/colmap_outputs/garden_2_n80_s42_default_minfarthestpose_sharedcam/eval_results.json,garden_2_n80_s42_default_minfarthestpose_sharedcam,garden_2_n80_s42_default_minfarthestpose_sharedcam_i80_gteval_steps15000_val_step14999.json,53825,,,,,colmap,80.0
colmap,87,42,,3866,,,,,0,10,farthestpose,87,GT Eval,,,,,False,,,,,0.0,,False,1.0,1.0,colmap,drums,pinhole,,15000,15000,default,MCMC,,,,,Shared Cam,,,,,,gsplat,,synthetic,22.46944808959961,0.09344673901796341,0.898908793926239,1000000,0.0029796594753861427,0.1518741101026535,0.016105035319924355,0.016583064571022987,0.7905281241196481,0.13901942819483265,3866,/home/ojab2/work/git/gsplat/results/colmap_outputs/drums_1_n87_s42_default_mpinhole_farthestpose_sharedcam_i87_gteval_steps15000/stats/val_step14999.json,/home/ojab2/work/git/gsplat/results/colmap_outputs/drums_1_n87_s42_default_mpinhole_farthestpose_sharedcam_i87_gteval_steps15000/stats/val_step14999.json,drums_1_n87_s42_default_mpinhole_farthestpose_sharedcam_i87_gteval_steps15000,0.1528,0.009899,79,0.837402,,,,70.49110555648804,6778.0,6778,0.0,/home/ojab2/work/git/vggt/colmap_outputs/drums_1_n87_s42_default_mpinhole_farthestpose_sharedcam/eval_results.json,drums_1_n87_s42_default_mpinhole_farthestpose_sharedcam,drums_1_n87_s42_default_mpinhole_farthestpose_sharedcam_i87_gteval_steps15000_val_step14999.json,3866,,,,,colmap,87.0
colmap,87,42,,5146,,,,,0,10,farthestpose,87,GT Eval,,,,,False,,,,,0.0,,False,1.0,1.0,colmap,ship,pinhole,,15000,15000,default,MCMC,,,,,Shared Cam,,,,,,gsplat,,synthetic,22.400592803955078,0.14908459782600403,0.7505561709403992,1000000,0.0035610124468803406,0.2434609830379486,0.031018691137433052,0.029304901137948036,0.6681527490736681,0.21809391039233772,5146,/home/ojab2/work/git/gsplat/results/colmap_outputs/ship_1_n87_s42_default_mpinhole_farthestpose_sharedcam_i87_gteval_steps15000/stats/val_step14999.json,/home/ojab2/work/git/gsplat/results/colmap_outputs/ship_1_n87_s42_default_mpinhole_farthestpose_sharedcam_i87_gteval_steps15000/stats/val_step14999.json,ship_1_n87_s42_default_mpinhole_farthestpose_sharedcam_i87_gteval_steps15000,0.2458,0.011214,80,0.865091,,,,25.509971380233765,983.0,983,0.0,/home/ojab2/work/git/vggt/colmap_outputs/ship_1_n87_s42_default_mpinhole_farthestpose_sharedcam/eval_results.json,ship_1_n87_s42_default_mpinhole_farthestpose_sharedcam,ship_1_n87_s42_default_mpinhole_farthestpose_sharedcam_i87_gteval_steps15000_val_step14999.json,5146,,,,,colmap,87.0
colmap,87,42,,10313,,,,,0,10,farthestpose,87,GT Eval,,,,,False,,,,,0.0,,False,1.0,1.0,colmap,lego,pinhole,,15000,15000,default,MCMC,,,,,Shared Cam,,,,,,gsplat,,synthetic,22.786890029907227,0.06574113667011261,0.8507940173149109,1000000,0.11692719161510468,10.478508949279785,0.02123933658003807,0.0218884889036417,0.7853716059773675,0.15242566000284324,10313,/home/ojab2/work/git/gsplat/results/colmap_outputs/lego_1_n87_s42_default_mpinhole_farthestpose_sharedcam_i87_gteval_steps15000/stats/val_step14999.json,/home/ojab2/work/git/gsplat/results/colmap_outputs/lego_1_n87_s42_default_mpinhole_farthestpose_sharedcam_i87_gteval_steps15000/stats/val_step14999.json,lego_1_n87_s42_default_mpinhole_farthestpose_sharedcam_i87_gteval_steps15000,10.4784,0.403756,87,0.885202,,,,47.262017250061035,6778.0,6778,0.0,/home/ojab2/work/git/vggt/colmap_outputs/lego_1_n87_s42_default_mpinhole_farthestpose_sharedcam/eval_results.json,lego_1_n87_s42_default_mpinhole_farthestpose_sharedcam,lego_1_n87_s42_default_mpinhole_farthestpose_sharedcam_i87_gteval_steps15000_val_step14999.json,10313,,,,,colmap,87.0
colmap,90,42,,15687,,,,,0,10,minfarthestpose,90,GT Eval,,,,,False,,,,,0.0,,False,1.0,1.0,colmap,bicycle,,,15000,15000,default,MCMC,,,,,Shared Cam,,,,,,gsplat,,outdoor,20.278013229370117,0.32080644369125366,0.4018096923828125,1000000,0.002212557476013899,0.1129547581076622,,,0.3188992713936898,0.36787132982798865,15687,/home/ojab2/work/git/gsplat/results/colmap_outputs/bicycle_4_n90_s42_default_minfarthestpose_sharedcam_i90_gteval_steps15000/stats/val_step14999.json,/home/ojab2/work/git/gsplat/results/colmap_outputs/bicycle_4_n90_s42_default_minfarthestpose_sharedcam_i90_gteval_steps15000/stats/val_step14999.json,bicycle_4_n90_s42_default_minfarthestpose_sharedcam_i90_gteval_steps15000,0.113,0.008149,89,1.011157,,,,32.59644627571106,7616.0,7616,0.0,/home/ojab2/work/git/vggt/colmap_outputs/bicycle_4_n90_s42_default_minfarthestpose_sharedcam/eval_results.json,bicycle_4_n90_s42_default_minfarthestpose_sharedcam,bicycle_4_n90_s42_default_minfarthestpose_sharedcam_i90_gteval_steps15000_val_step14999.json,15687,,,,,colmap,90.0
colmap,90,42,,16476,,,,,0,10,minfarthestpose,90,GT Eval,,,,,False,,,,,0.0,,False,1.0,1.0,colmap,stump,,,15000,15000,default,MCMC,,,,,Shared Cam,,,,,,gsplat,,outdoor,24.336627960205078,0.3709244132041931,0.6901689767837524,1000000,0.0008569591445848346,0.023860109969973564,,,0.5317529456967112,0.31041107744055035,16476,/home/ojab2/work/git/gsplat/results/colmap_outputs/stump_2_n90_s42_default_minfarthestpose_sharedcam_i90_gteval_steps15000/stats/val_step14999.json,/home/ojab2/work/git/gsplat/results/colmap_outputs/stump_2_n90_s42_default_minfarthestpose_sharedcam_i90_gteval_steps15000/stats/val_step14999.json,stump_2_n90_s42_default_minfarthestpose_sharedcam_i90_gteval_steps15000,0.0239,0.003115,90,0.978572,,,,43.148460149765015,9776.0,9776,0.0,/home/ojab2/work/git/vggt/colmap_outputs/stump_2_n90_s42_default_minfarthestpose_sharedcam/eval_results.json,stump_2_n90_s42_default_minfarthestpose_sharedcam,stump_2_n90_s42_default_minfarthestpose_sharedcam_i90_gteval_steps15000_val_step14999.json,16476,,,,,colmap,90.0
colmap,90,42,,35747,,,,,0,10,minfarthestpose,90,GT Eval,,,,,False,,,,,0.0,,False,1.0,1.0,colmap,counter,,,15000,15000,default,MCMC,,,,,Shared Cam,,,,,,gsplat,,indoor,27.590927124023438,0.16619718074798584,0.8896318674087524,1000000,0.00018561838078312576,0.018596289679408073,,,0.8350375451539691,0.16671853735468584,35747,/home/ojab2/work/git/gsplat/results/colmap_outputs/counter_2_n90_s42_default_minfarthestpose_sharedcam_i90_gteval_steps15000/stats/val_step14999.json,/home/ojab2/work/git/gsplat/results/colmap_outputs/counter_2_n90_s42_default_minfarthestpose_sharedcam_i90_gteval_steps15000/stats/val_step14999.json,counter_2_n90_s42_default_minfarthestpose_sharedcam_i90_gteval_steps15000,0.0186,0.00076,90,0.994265,,,,231.36329460144043,7666.0,7666,0.0,/home/ojab2/work/git/vggt/colmap_outputs/counter_2_n90_s42_default_minfarthestpose_sharedcam/eval_results.json,counter_2_n90_s42_default_minfarthestpose_sharedcam,counter_2_n90_s42_default_minfarthestpose_sharedcam_i90_gteval_steps15000_val_step14999.json,35747,,,,,colmap,90.0
colmap,90,42,,58303,,,,,0,10,minfarthestpose,90,GT Eval,,,,,False,,,,,0.0,,False,1.0,1.0,colmap,bonsai,,,15000,15000,default,MCMC,,,,,Shared Cam,,,,,,gsplat,,indoor,26.790843963623047,0.14415143430233002,0.8368752002716064,1000000,0.000949694134760648,0.06917158514261246,,,0.8029778236650351,0.1833774174847466,58303,/home/ojab2/work/git/gsplat/results/colmap_outputs/bonsai_2_n90_s42_default_minfarthestpose_sharedcam_i90_gteval_steps15000/stats/val_step14999.json,/home/ojab2/work/git/gsplat/results/colmap_outputs/bonsai_2_n90_s42_default_minfarthestpose_sharedcam_i90_gteval_steps15000/stats/val_step14999.json,bonsai_2_n90_s42_default_minfarthestpose_sharedcam_i90_gteval_steps15000,0.0692,0.003892,90,0.998126,,,,137.66103339195251,7666.0,7666,0.0,/home/ojab2/work/git/vggt/colmap_outputs/bonsai_2_n90_s42_default_minfarthestpose_sharedcam/eval_results.json,bonsai_2_n90_s42_default_minfarthestpose_sharedcam,bonsai_2_n90_s42_default_minfarthestpose_sharedcam_i90_gteval_steps15000_val_step14999.json,58303,,,,,colmap,90.0
colmap,90,42,,58611,,,,,0,10,minfarthestpose,90,GT Eval,,,,,False,,,,,0.0,,False,1.0,1.0,colmap,kitchen,,,15000,15000,default,MCMC,,,,,Shared Cam,,,,,,gsplat,,indoor,21.455270767211914,0.14180134236812592,0.4825378954410553,1000000,0.0009046678896993399,0.1013014018535614,,,0.4984067885073228,0.2894341597363034,58611,/home/ojab2/work/git/gsplat/results/colmap_outputs/kitchen_2_n90_s42_default_minfarthestpose_sharedcam_i90_gteval_steps15000/stats/val_step14999.json,/home/ojab2/work/git/gsplat/results/colmap_outputs/kitchen_2_n90_s42_default_minfarthestpose_sharedcam_i90_gteval_steps15000/stats/val_step14999.json,kitchen_2_n90_s42_default_minfarthestpose_sharedcam_i90_gteval_steps15000,0.1013,0.003631,90,1.014718,,,,93.5088107585907,10070.0,10070,0.0,/home/ojab2/work/git/vggt/colmap_outputs/kitchen_2_n90_s42_default_minfarthestpose_sharedcam/eval_results.json,kitchen_2_n90_s42_default_minfarthestpose_sharedcam,kitchen_2_n90_s42_default_minfarthestpose_sharedcam_i90_gteval_steps15000_val_step14999.json,58611,,,,,colmap,90.0
colmap,90,42,,61761,,,,,0,10,minfarthestpose,90,GT Eval,,,,,False,,,,,0.0,,False,1.0,1.0,colmap,garden,,,15000,15000,default,MCMC,,,,,Shared Cam,,,,,,gsplat,,outdoor,21.804637908935547,0.2706519365310669,0.49245256185531616,1000000,0.0006858127890154719,0.056672196835279465,,,0.43113719712146464,0.3298918186080354,61761,/home/ojab2/work/git/gsplat/results/colmap_outputs/garden_2_n90_s42_default_minfarthestpose_sharedcam_i90_gteval_steps15000/stats/val_step14999.json,/home/ojab2/work/git/gsplat/results/colmap_outputs/garden_2_n90_s42_default_minfarthestpose_sharedcam_i90_gteval_steps15000/stats/val_step14999.json,garden_2_n90_s42_default_minfarthestpose_sharedcam_i90_gteval_steps15000,0.0567,0.002798,90,1.026489,,,,96.32287335395813,10040.0,10040,0.0,/home/ojab2/work/git/vggt/colmap_outputs/garden_2_n90_s42_default_minfarthestpose_sharedcam/eval_results.json,garden_2_n90_s42_default_minfarthestpose_sharedcam,garden_2_n90_s42_default_minfarthestpose_sharedcam_i90_gteval_steps15000_val_step14999.json,61761,,,,,colmap,90.0
colmap,100,42,,18886,,,,,0,10,minfarthestpose,100,GT Eval,,,,,False,,,,,0.0,,False,1.0,1.0,colmap,stump,,,15000,15000,default,MCMC,,,,,Shared Cam,,,,,,gsplat,,outdoor,25.194372177124023,0.3494754135608673,0.7229270339012146,1000000,0.0006365892477333546,0.018427597358822823,,,0.5800339796467211,0.2929588300605882,18886,/home/ojab2/work/git/gsplat/results/colmap_outputs/stump_2_n100_s42_default_minfarthestpose_sharedcam_i100_gteval_steps15000/stats/val_step14999.json,/home/ojab2/work/git/gsplat/results/colmap_outputs/stump_2_n100_s42_default_minfarthestpose_sharedcam_i100_gteval_steps15000/stats/val_step14999.json,stump_2_n100_s42_default_minfarthestpose_sharedcam_i100_gteval_steps15000,0.0184,0.002325,100,0.978995,,,,48.896117210388184,9836.0,9836,0.0,/home/ojab2/work/git/vggt/colmap_outputs/stump_2_n100_s42_default_minfarthestpose_sharedcam/eval_results.json,stump_2_n100_s42_default_minfarthestpose_sharedcam,stump_2_n100_s42_default_minfarthestpose_sharedcam_i100_gteval_steps15000_val_step14999.json,18886,,,,,colmap,100.0
colmap,100,42,,18986,,,,,0,10,minfarthestpose,100,GT Eval,,,,,False,,,,,0.0,,False,1.0,1.0,colmap,bicycle,,,15000,15000,default,MCMC,,,,,Shared Cam,,,,,,gsplat,,outdoor,21.351070404052734,0.30705827474594116,0.48162931203842163,1000000,0.0019408967345952988,0.10879188030958176,,,0.3939353647442744,0.3447881194133031,18986,/home/ojab2/work/git/gsplat/results/colmap_outputs/bicycle_4_n100_s42_default_minfarthestpose_sharedcam_i100_gteval_steps15000/stats/val_step14999.json,/home/ojab2/work/git/gsplat/results/colmap_outputs/bicycle_4_n100_s42_default_minfarthestpose_sharedcam_i100_gteval_steps15000/stats/val_step14999.json,bicycle_4_n100_s42_default_minfarthestpose_sharedcam_i100_gteval_steps15000,0.1088,0.007262,99,1.015409,,,,45.9896764755249,7676.0,7676,0.0,/home/ojab2/work/git/vggt/colmap_outputs/bicycle_4_n100_s42_default_minfarthestpose_sharedcam/eval_results.json,bicycle_4_n100_s42_default_minfarthestpose_sharedcam,bicycle_4_n100_s42_default_minfarthestpose_sharedcam_i100_gteval_steps15000_val_step14999.json,18986,,,,,colmap,100.0
colmap,100,42,,41914,,,,,0,10,minfarthestpose,100,GT Eval,,,,,False,,,,,0.0,,False,1.0,1.0,colmap,counter,,,15000,15000,default,MCMC,,,,,Shared Cam,,,,,,gsplat,,indoor,27.93535614013672,0.16450491547584534,0.8961127400398254,1000000,0.0001695939718047157,0.015633879229426384,,,0.8462504524546369,0.16280968081820685,41914,/home/ojab2/work/git/gsplat/results/colmap_outputs/counter_2_n100_s42_default_minfarthestpose_sharedcam_i100_gteval_steps15000/stats/val_step14999.json,/home/ojab2/work/git/gsplat/results/colmap_outputs/counter_2_n100_s42_default_minfarthestpose_sharedcam_i100_gteval_steps15000/stats/val_step14999.json,counter_2_n100_s42_default_minfarthestpose_sharedcam_i100_gteval_steps15000,0.0156,0.000691,100,0.993642,,,,292.9965500831604,7726.0,7726,0.0,/home/ojab2/work/git/vggt/colmap_outputs/counter_2_n100_s42_default_minfarthestpose_sharedcam/eval_results.json,counter_2_n100_s42_default_minfarthestpose_sharedcam,counter_2_n100_s42_default_minfarthestpose_sharedcam_i100_gteval_steps15000_val_step14999.json,41914,,,,,colmap,100.0
colmap,100,42,,66763,,,,,0,10,minfarthestpose,100,GT Eval,,,,,False,,,,,0.0,,False,1.0,1.0,colmap,bonsai,,,15000,15000,default,MCMC,,,,,Shared Cam,,,,,,gsplat,,indoor,27.826139450073242,0.13981762528419495,0.8659626841545105,1000000,0.0007070667925290763,0.05946106091141701,,,0.8418353775478633,0.1691927745954243,66763,/home/ojab2/work/git/gsplat/results/colmap_outputs/bonsai_2_n100_s42_default_minfarthestpose_sharedcam_i100_gteval_steps15000/stats/val_step14999.json,/home/ojab2/work/git/gsplat/results/colmap_outputs/bonsai_2_n100_s42_default_minfarthestpose_sharedcam_i100_gteval_steps15000/stats/val_step14999.json,bonsai_2_n100_s42_default_minfarthestpose_sharedcam_i100_gteval_steps15000,0.0595,0.002889,100,1.016141,,,,187.39341807365417,7726.0,7726,0.0,/home/ojab2/work/git/vggt/colmap_outputs/bonsai_2_n100_s42_default_minfarthestpose_sharedcam/eval_results.json,bonsai_2_n100_s42_default_minfarthestpose_sharedcam,bonsai_2_n100_s42_default_minfarthestpose_sharedcam_i100_gteval_steps15000_val_step14999.json,66763,,,,,colmap,100.0
colmap,100,42,,70259,,,,,0,10,minfarthestpose,100,GT Eval,,,,,False,,,,,0.0,,False,1.0,1.0,colmap,garden,,,15000,15000,default,MCMC,,,,,Shared Cam,,,,,,gsplat,,outdoor,21.950145721435547,0.2642808258533478,0.5023620128631592,1000000,0.0006556946318596601,0.05460626631975174,,,0.4435595712001793,0.32536595174930605,70259,/home/ojab2/work/git/gsplat/results/colmap_outputs/garden_2_n100_s42_default_minfarthestpose_sharedcam_i100_gteval_steps15000/stats/val_step14999.json,/home/ojab2/work/git/gsplat/results/colmap_outputs/garden_2_n100_s42_default_minfarthestpose_sharedcam_i100_gteval_steps15000/stats/val_step14999.json,garden_2_n100_s42_default_minfarthestpose_sharedcam_i100_gteval_steps15000,0.0546,0.002627,100,1.017313,,,,146.44858503341675,10100.0,10100,0.0,/home/ojab2/work/git/vggt/colmap_outputs/garden_2_n100_s42_default_minfarthestpose_sharedcam/eval_results.json,garden_2_n100_s42_default_minfarthestpose_sharedcam,garden_2_n100_s42_default_minfarthestpose_sharedcam_i100_gteval_steps15000_val_step14999.json,70259,,,,,colmap,100.0
colmap,100,42,,70681,,,,,0,10,minfarthestpose,100,GT Eval,,,,,False,,,,,0.0,,False,1.0,1.0,colmap,kitchen,,,15000,15000,default,MCMC,,,,,Shared Cam,,,,,,gsplat,,indoor,21.721317291259766,0.13745442032814026,0.497666597366333,1000000,0.0009086028439924121,0.10134392976760864,,,0.5148640553079076,0.28431232380636884,70681,/home/ojab2/work/git/gsplat/results/colmap_outputs/kitchen_2_n100_s42_default_minfarthestpose_sharedcam_i100_gteval_steps15000/stats/val_step14999.json,/home/ojab2/work/git/gsplat/results/colmap_outputs/kitchen_2_n100_s42_default_minfarthestpose_sharedcam_i100_gteval_steps15000/stats/val_step14999.json,kitchen_2_n100_s42_default_minfarthestpose_sharedcam_i100_gteval_steps15000,0.1013,0.003655,100,1.017479,,,,127.14479780197144,10130.0,10130,0.0,/home/ojab2/work/git/vggt/colmap_outputs/kitchen_2_n100_s42_default_minfarthestpose_sharedcam/eval_results.json,kitchen_2_n100_s42_default_minfarthestpose_sharedcam,kitchen_2_n100_s42_default_minfarthestpose_sharedcam_i100_gteval_steps15000_val_step14999.json,70681,,,,,colmap,100.0
colmap,10,42,,,,,,,0,10,minfarthestpose,,,,,,,False,,,,,0.0,,False,1.0,1.0,vggt,bonsai,,,,,default,MCMC,,,,,Shared Cam,,,,,,failed_sfm,,indoor,,,,,,,,,,,,/home/ojab2/work/git/vggt/colmap_outputs/bonsai_2_n10_s42_default_minfarthestpose_sharedcam/failed_eval.json,,bonsai_2_n10_s42_default_minfarthestpose_sharedcam,,,,,,,,,,,,,bonsai_2_n10_s42_default_minfarthestpose_sharedcam,,,/home/ojab2/work/git/vggt/colmap_outputs/bonsai_2_n10_s42_default_minfarthestpose_sharedcam/failed_eval.json,,,,colmap,10.0
colmap,10,42,,,,,,,0,10,minfarthestpose,,,,,,,False,,,,,0.0,,False,1.0,1.0,vggt,kitchen,,,,,default,MCMC,,,,,Shared Cam,,,,,,failed_sfm,,indoor,,,,,,,,,,,,/home/ojab2/work/git/vggt/colmap_outputs/kitchen_2_n10_s42_default_minfarthestpose_sharedcam/failed_eval.json,,kitchen_2_n10_s42_default_minfarthestpose_sharedcam,,,,,,,,,,,,,kitchen_2_n10_s42_default_minfarthestpose_sharedcam,,,/home/ojab2/work/git/vggt/colmap_outputs/kitchen_2_n10_s42_default_minfarthestpose_sharedcam/failed_eval.json,,,,colmap,10.0
colmap,10,42,,,,,,,0,10,minfarthestpose,,,,,,,False,,,,,0.0,,False,1.0,1.0,vggt,bicycle,,,,,default,MCMC,,,,,Shared Cam,,,,,,failed_sfm,,outdoor,,,,,,,,,,,,/home/ojab2/work/git/vggt/colmap_outputs/bicycle_4_n10_s42_default_minfarthestpose_sharedcam/failed_eval.json,,bicycle_4_n10_s42_default_minfarthestpose_sharedcam,,,,,,,,,,,,,bicycle_4_n10_s42_default_minfarthestpose_sharedcam,,,/home/ojab2/work/git/vggt/colmap_outputs/bicycle_4_n10_s42_default_minfarthestpose_sharedcam/failed_eval.json,,,,colmap,10.0
colmap,10,42,,,,,,,0,10,minfarthestpose,,,,,,,False,,,,,0.0,,False,1.0,1.0,vggt,garden,,,,,default,MCMC,,,,,Shared Cam,,,,,,sfm,,outdoor,,,,,,,,,,,,/home/ojab2/work/git/vggt/colmap_outputs/garden_2_n10_s42_default_minfarthestpose_sharedcam/eval_results.json,,garden_2_n10_s42_default_minfarthestpose_sharedcam,8.458,0.20661,2,0.25667,,,,3.4497272968292236,3880.0,3880,0.0,/home/ojab2/work/git/vggt/colmap_outputs/garden_2_n10_s42_default_minfarthestpose_sharedcam/eval_results.json,garden_2_n10_s42_default_minfarthestpose_sharedcam,,,,,,,colmap,10.0
colmap,10,42,,,,,,,0,10,minfarthestpose,,,,,,,False,,,,,0.0,,False,1.0,1.0,vggt,stump,,,,,default,MCMC,,,,,Shared Cam,,,,,,failed_sfm,,outdoor,,,,,,,,,,,,/home/ojab2/work/git/vggt/colmap_outputs/stump_2_n10_s42_default_minfarthestpose_sharedcam/failed_eval.json,,stump_2_n10_s42_default_minfarthestpose_sharedcam,,,,,,,,,,,,,stump_2_n10_s42_default_minfarthestpose_sharedcam,,,/home/ojab2/work/git/vggt/colmap_outputs/stump_2_n10_s42_default_minfarthestpose_sharedcam/failed_eval.json,,,,colmap,10.0
colmap,10,42,,,,,,,0,10,minfarthestpose,,,,,,,False,,,,,0.0,,False,1.0,1.0,vggt,lego,pinhole,,,,default,MCMC,,,,,Shared Cam,,,,,,failed_sfm,,synthetic,,,,,,,,,,,,/home/ojab2/work/git/vggt/colmap_outputs/lego_1_n10_s42_default_mpinhole_minfarthestpose_sharedcam/failed_eval.json,,lego_1_n10_s42_default_mpinhole_minfarthestpose_sharedcam,,,,,,,,,,,,,lego_1_n10_s42_default_mpinhole_minfarthestpose_sharedcam,,,/home/ojab2/work/git/vggt/colmap_outputs/lego_1_n10_s42_default_mpinhole_minfarthestpose_sharedcam/failed_eval.json,,,,colmap,10.0
colmap,10,42,,,,,,,0,10,minfarthestpose,,,,,,,False,,,,,0.0,,False,1.0,1.0,vggt,ship,pinhole,,,,default,MCMC,,,,,Shared Cam,,,,,,failed_sfm,,synthetic,,,,,,,,,,,,/home/ojab2/work/git/vggt/colmap_outputs/ship_1_n10_s42_default_mpinhole_minfarthestpose_sharedcam/failed_eval.json,,ship_1_n10_s42_default_mpinhole_minfarthestpose_sharedcam,,,,,,,,,,,,,ship_1_n10_s42_default_mpinhole_minfarthestpose_sharedcam,,,/home/ojab2/work/git/vggt/colmap_outputs/ship_1_n10_s42_default_mpinhole_minfarthestpose_sharedcam/failed_eval.json,,,,colmap,10.0
colmap,10,42,,,,,,,0,10,minfarthestpose,,,,,,,False,,,,,0.0,,False,1.0,1.0,vggt,drums,pinhole,,,,default,MCMC,,,,,Shared Cam,,,,,,failed_sfm,,synthetic,,,,,,,,,,,,/home/ojab2/work/git/vggt/colmap_outputs/drums_1_n10_s42_default_mpinhole_minfarthestpose_sharedcam/failed_eval.json,,drums_1_n10_s42_default_mpinhole_minfarthestpose_sharedcam,,,,,,,,,,,,,drums_1_n10_s42_default_mpinhole_minfarthestpose_sharedcam,,,/home/ojab2/work/git/vggt/colmap_outputs/drums_1_n10_s42_default_mpinhole_minfarthestpose_sharedcam/failed_eval.json,,,,colmap,10.0
vggt,10,42,0.0,100000,random,,,,0,10,minfarthestpose,10,GT Eval,,,,,False,,,,,0.0,,False,1.0,1.0,vggt,bonsai,,,15000,15000,,MCMC,,,,,,,,,,,gsplat,,indoor,14.598261833190918,0.532325267791748,0.4632989168167114,1000000,0.026486221700906754,1.2920042276382446,,,0.11911012539234625,0.4332038961847138,100000,/home/ojab2/work/git/gsplat/results/vggt_outputs/bonsai_2_n10_s42_c0.0_p100000_random_timing_minfarthestpose_i10_gteval_steps15000/stats/val_step14999.json,/home/ojab2/work/git/gsplat/results/vggt_outputs/bonsai_2_n10_s42_c0.0_p100000_random_timing_minfarthestpose_i10_gteval_steps15000/stats/val_step14999.json,bonsai_2_n10_s42_c0.0_p100000_random_timing_minfarthestpose_i10_gteval_steps15000,1.2921,0.111946,10,8.425772,,,,0.5429914792378744,9829.32373046875,15542,1.3086459636688232,/home/ojab2/work/git/vggt/vggt_outputs/bonsai_2_n10_s42_c0.0_p100000_random_timing_minfarthestpose/eval_results.json,bonsai_2_n10_s42_c0.0_p100000_random_timing_minfarthestpose,bonsai_2_n10_s42_c0.0_p100000_random_timing_minfarthestpose_i10_gteval_steps15000_val_step14999.json,100000,,,False,0,vggt,10.0
vggt,10,42,0.0,100000,random,,,,0,10,minfarthestpose,10,GT Eval,,,,,False,,,,,0.0,,False,1.0,1.0,vggt,kitchen,,,15000,15000,,MCMC,,,,,,,,,,,gsplat,,indoor,16.434228897094727,0.3720982074737549,0.38226115703582764,1000000,0.006696771830320358,0.29539376497268677,,,0.20462460545768513,0.3935968929206718,100000,/home/ojab2/work/git/gsplat/results/vggt_outputs/kitchen_2_n10_s42_c0.0_p100000_random_timing_minfarthestpose_i10_gteval_steps15000/stats/val_step14999.json,/home/ojab2/work/git/gsplat/results/vggt_outputs/kitchen_2_n10_s42_c0.0_p100000_random_timing_minfarthestpose_i10_gteval_steps15000/stats/val_step14999.json,kitchen_2_n10_s42_c0.0_p100000_random_timing_minfarthestpose_i10_gteval_steps15000,0.2957,0.028769,10,4.164083,,,,0.5438543160756429,9829.32373046875,15542,0.9784278869628906,/home/ojab2/work/git/vggt/vggt_outputs/kitchen_2_n10_s42_c0.0_p100000_random_timing_minfarthestpose/eval_results.json,kitchen_2_n10_s42_c0.0_p100000_random_timing_minfarthestpose,kitchen_2_n10_s42_c0.0_p100000_random_timing_minfarthestpose_i10_gteval_steps15000_val_step14999.json,100000,,,False,0,vggt,10.0
vggt,10,42,0.0,100000,random,,,,0,10,minfarthestpose,10,GT Eval,,,,,False,,,,,0.0,,False,1.0,1.0,vggt,counter,,,15000,15000,,MCMC,,,,,,,,,,,gsplat,,indoor,15.22489070892334,0.46923282742500305,0.45876002311706543,1000000,0.00834029633551836,0.6746309995651245,,,0.1670059908745427,0.4116499645722425,100000,/home/ojab2/work/git/gsplat/results/vggt_outputs/counter_2_n10_s42_c0.0_p100000_random_timing_minfarthestpose_i10_gteval_steps15000/stats/val_step14999.json,/home/ojab2/work/git/gsplat/results/vggt_outputs/counter_2_n10_s42_c0.0_p100000_random_timing_minfarthestpose_i10_gteval_steps15000/stats/val_step14999.json,counter_2_n10_s42_c0.0_p100000_random_timing_minfarthestpose_i10_gteval_steps15000,0.6747,0.046283,10,4.883596,,,,0.5433941682179769,9829.32373046875,15542,0.9865880012512207,/home/ojab2/work/git/vggt/vggt_outputs/counter_2_n10_s42_c0.0_p100000_random_timing_minfarthestpose/eval_results.json,counter_2_n10_s42_c0.0_p100000_random_timing_minfarthestpose,counter_2_n10_s42_c0.0_p100000_random_timing_minfarthestpose_i10_gteval_steps15000_val_step14999.json,100000,,,False,0,vggt,10.0
vggt,10,42,0.0,100000,random,,,,0,10,minfarthestpose,,,,,,,False,,,,,0.0,,False,1.0,1.0,vggt,bicycle,,,,,,MCMC,,,,,,,,,,,sfm,,outdoor,,,,,,,,,,,,/home/ojab2/work/git/vggt/vggt_outputs/bicycle_4_n10_s42_c0.0_p100000_random_timing_minfarthestpose/eval_results.json,,bicycle_4_n10_s42_c0.0_p100000_random_timing_minfarthestpose,1.1783,0.108131,10,5.202236,,,,0.5470399141311646,9829.32373046875,15542,0.9821915626525879,/home/ojab2/work/git/vggt/vggt_outputs/bicycle_4_n10_s42_c0.0_p100000_random_timing_minfarthestpose/eval_results.json,bicycle_4_n10_s42_c0.0_p100000_random_timing_minfarthestpose,,,,,False,0,vggt,10.0
vggt,10,42,0.0,100000,random,,,,0,10,minfarthestpose,,,,,,,False,,,,,0.0,,False,1.0,1.0,vggt,garden,,,,,,MCMC,,,,,,,,,,,sfm,,outdoor,,,,,,,,,,,,/home/ojab2/work/git/vggt/vggt_outputs/garden_2_n10_s42_c0.0_p100000_random_timing_minfarthestpose/eval_results.json,,garden_2_n10_s42_c0.0_p100000_random_timing_minfarthestpose,0.2104,0.028157,10,6.431656,,,,0.5454405943552653,9829.32373046875,15542,1.308647632598877,/home/ojab2/work/git/vggt/vggt_outputs/garden_2_n10_s42_c0.0_p100000_random_timing_minfarthestpose/eval_results.json,garden_2_n10_s42_c0.0_p100000_random_timing_minfarthestpose,,,,,False,0,vggt,10.0
vggt,10,42,0.0,100000,random,,,,0,10,minfarthestpose,,,,,,,False,,,,,0.0,,False,1.0,1.0,vggt,stump,,,,,,MCMC,,,,,,,,,,,sfm,,outdoor,,,,,,,,,,,,/home/ojab2/work/git/vggt/vggt_outputs/stump_2_n10_s42_c0.0_p100000_random_timing_minfarthestpose/eval_results.json,,stump_2_n10_s42_c0.0_p100000_random_timing_minfarthestpose,2.3628,0.517369,10,5.047308,,,,0.5446256796518961,9829.32373046875,15542,1.3447706699371338,/home/ojab2/work/git/vggt/vggt_outputs/stump_2_n10_s42_c0.0_p100000_random_timing_minfarthestpose/eval_results.json,stump_2_n10_s42_c0.0_p100000_random_timing_minfarthestpose,,,,,False,0,vggt,10.0
vggt,10,42,0.0,100000,random,,,,0,10,minfarthestpose,,,,,,,False,,,,,0.0,,False,1.0,1.0,vggt,lego,,,,,,MCMC,,,,,,,,,,,sfm,,synthetic,,,,,,,,,,,,/home/ojab2/work/git/vggt/vggt_outputs/lego_1_n10_s42_c0.0_p100000_random_timing_minfarthestpose/eval_results.json,,lego_1_n10_s42_c0.0_p100000_random_timing_minfarthestpose,0.8219,0.036127,10,4.03185,0.0496,0.0138,0.1044,0.543745756149292,9829.32373046875,15542,1.0154931545257568,/home/ojab2/work/git/vggt/vggt_outputs/lego_1_n10_s42_c0.0_p100000_random_timing_minfarthestpose/eval_results.json,lego_1_n10_s42_c0.0_p100000_random_timing_minfarthestpose,,,,,False,0,vggt,10.0
vggt,10,42,0.0,100000,random,,,,0,10,minfarthestpose,,,,,,,False,,,,,0.0,,False,1.0,1.0,vggt,ship,,,,,,MCMC,,,,,,,,,,,sfm,,synthetic,,,,,,,,,,,,/home/ojab2/work/git/vggt/vggt_outputs/ship_1_n10_s42_c0.0_p100000_random_timing_minfarthestpose/eval_results.json,,ship_1_n10_s42_c0.0_p100000_random_timing_minfarthestpose,0.7716,0.037021,10,4.467257,0.126,0.0336,0.2577,0.5444050629933676,9829.32373046875,15542,1.295665979385376,/home/ojab2/work/git/vggt/vggt_outputs/ship_1_n10_s42_c0.0_p100000_random_timing_minfarthestpose/eval_results.json,ship_1_n10_s42_c0.0_p100000_random_timing_minfarthestpose,,,,,False,0,vggt,10.0
colmap,20,42,,,,,,,0,10,minfarthestpose,,,,,,,False,,,,,0.0,,False,1.0,1.0,vggt,bicycle,,,,,default,MCMC,,,,,Shared Cam,,,,,,failed_sfm,,outdoor,,,,,,,,,,,,/home/ojab2/work/git/vggt/colmap_outputs/bicycle_4_n20_s42_default_minfarthestpose_sharedcam/failed_eval.json,,bicycle_4_n20_s42_default_minfarthestpose_sharedcam,,,,,,,,,,,,,bicycle_4_n20_s42_default_minfarthestpose_sharedcam,,,/home/ojab2/work/git/vggt/colmap_outputs/bicycle_4_n20_s42_default_minfarthestpose_sharedcam/failed_eval.json,,,,colmap,20.0
colmap,20,42,,,,,,,0,10,minfarthestpose,,,,,,,False,,,,,0.0,,False,1.0,1.0,vggt,lego,pinhole,,,,default,MCMC,,,,,Shared Cam,,,,,,failed_sfm,,synthetic,,,,,,,,,,,,/home/ojab2/work/git/vggt/colmap_outputs/lego_1_n20_s42_default_mpinhole_minfarthestpose_sharedcam/failed_eval.json,,lego_1_n20_s42_default_mpinhole_minfarthestpose_sharedcam,,,,,,,,,,,,,lego_1_n20_s42_default_mpinhole_minfarthestpose_sharedcam,,,/home/ojab2/work/git/vggt/colmap_outputs/lego_1_n20_s42_default_mpinhole_minfarthestpose_sharedcam/failed_eval.json,,,,colmap,20.0
colmap,20,42,,,,,,,0,10,minfarthestpose,,,,,,,False,,,,,0.0,,False,1.0,1.0,vggt,drums,pinhole,,,,default,MCMC,,,,,Shared Cam,,,,,,failed_sfm,,synthetic,,,,,,,,,,,,/home/ojab2/work/git/vggt/colmap_outputs/drums_1_n20_s42_default_mpinhole_minfarthestpose_sharedcam/failed_eval.json,,drums_1_n20_s42_default_mpinhole_minfarthestpose_sharedcam,,,,,,,,,,,,,drums_1_n20_s42_default_mpinhole_minfarthestpose_sharedcam,,,/home/ojab2/work/git/vggt/colmap_outputs/drums_1_n20_s42_default_mpinhole_minfarthestpose_sharedcam/failed_eval.json,,,,colmap,20.0
vggt,20,42,0.0,100000,random,,,,0,10,minfarthestpose,20,GT Eval,,,,,False,,,,,0.0,,False,1.0,1.0,vggt,bonsai,,,15000,15000,,MCMC,,,,,,,,,,,gsplat,,indoor,16.74325942993164,0.43666794896125793,0.5234509110450745,1000000,0.02212986722588539,0.9836312532424927,,,0.2530566355948172,0.38272033926963955,100000,/home/ojab2/work/git/gsplat/results/vggt_outputs/bonsai_2_n20_s42_c0.0_p100000_random_timing_minfarthestpose_i20_gteval_steps15000/stats/val_step14999.json,/home/ojab2/work/git/gsplat/results/vggt_outputs/bonsai_2_n20_s42_c0.0_p100000_random_timing_minfarthestpose_i20_gteval_steps15000/stats/val_step14999.json,bonsai_2_n20_s42_c0.0_p100000_random_timing_minfarthestpose_i20_gteval_steps15000,0.9835,0.094791,20,7.611342,,,,1.3405016263326008,12677.69287109375,17314,1.2179312705993652,/home/ojab2/work/git/vggt/vggt_outputs/bonsai_2_n20_s42_c0.0_p100000_random_timing_minfarthestpose/eval_results.json,bonsai_2_n20_s42_c0.0_p100000_random_timing_minfarthestpose,bonsai_2_n20_s42_c0.0_p100000_random_timing_minfarthestpose_i20_gteval_steps15000_val_step14999.json,100000,,,False,0,vggt,20.0
vggt,20,42,0.0,100000,random,,,,0,10,minfarthestpose,20,GT Eval,,,,,False,,,,,0.0,,False,1.0,1.0,vggt,kitchen,,,15000,15000,,MCMC,,,,,,,,,,,gsplat,,indoor,18.0681209564209,0.29310914874076843,0.42243626713752747,1000000,0.0059866574592888355,0.2696126103401184,,,0.30713476047955834,0.3562291875151454,100000,/home/ojab2/work/git/gsplat/results/vggt_outputs/kitchen_2_n20_s42_c0.0_p100000_random_timing_minfarthestpose_i20_gteval_steps15000/stats/val_step14999.json,/home/ojab2/work/git/gsplat/results/vggt_outputs/kitchen_2_n20_s42_c0.0_p100000_random_timing_minfarthestpose_i20_gteval_steps15000/stats/val_step14999.json,kitchen_2_n20_s42_c0.0_p100000_random_timing_minfarthestpose_i20_gteval_steps15000,0.2698,0.028021,20,4.159172,,,,1.343805472056071,12677.69287109375,17314,1.2523822784423828,/home/ojab2/work/git/vggt/vggt_outputs/kitchen_2_n20_s42_c0.0_p100000_random_timing_minfarthestpose/eval_results.json,kitchen_2_n20_s42_c0.0_p100000_random_timing_minfarthestpose,kitchen_2_n20_s42_c0.0_p100000_random_timing_minfarthestpose_i20_gteval_steps15000_val_step14999.json,100000,,,False,0,vggt,20.0
vggt,20,42,0.0,100000,random,,,,0,10,minfarthestpose,20,GT Eval,,,,,False,,,,,0.0,,False,1.0,1.0,vggt,counter,,,15000,15000,,MCMC,,,,,,,,,,,gsplat,,indoor,17.919803619384766,0.3653637170791626,0.5341706871986389,1000000,0.009569959715008736,0.3811827003955841,,,0.3251283238505759,0.35467497608853177,100000,/home/ojab2/work/git/gsplat/results/vggt_outputs/counter_2_n20_s42_c0.0_p100000_random_timing_minfarthestpose_i20_gteval_steps15000/stats/val_step14999.json,/home/ojab2/work/git/gsplat/results/vggt_outputs/counter_2_n20_s42_c0.0_p100000_random_timing_minfarthestpose_i20_gteval_steps15000/stats/val_step14999.json,counter_2_n20_s42_c0.0_p100000_random_timing_minfarthestpose_i20_gteval_steps15000,0.3814,0.043451,20,4.908029,,,,1.3432203928629558,12677.69287109375,17314,1.426243543624878,/home/ojab2/work/git/vggt/vggt_outputs/counter_2_n20_s42_c0.0_p100000_random_timing_minfarthestpose/eval_results.json,counter_2_n20_s42_c0.0_p100000_random_timing_minfarthestpose,counter_2_n20_s42_c0.0_p100000_random_timing_minfarthestpose_i20_gteval_steps15000_val_step14999.json,100000,,,False,0,vggt,20.0
vggt,20,42,0.0,100000,random,,,,0,10,minfarthestpose,,,,,,,False,,,,,0.0,,False,1.0,1.0,vggt,bicycle,,,,,,MCMC,,,,,,,,,,,sfm,,outdoor,,,,,,,,,,,,/home/ojab2/work/git/vggt/vggt_outputs/bicycle_4_n20_s42_c0.0_p100000_random_timing_minfarthestpose/eval_results.json,,bicycle_4_n20_s42_c0.0_p100000_random_timing_minfarthestpose,1.0604,0.087384,20,4.994108,,,,1.3625272035598754,12677.69287109375,17314,1.2213304042816162,/home/ojab2/work/git/vggt/vggt_outputs/bicycle_4_n20_s42_c0.0_p100000_random_timing_minfarthestpose/eval_results.json,bicycle_4_n20_s42_c0.0_p100000_random_timing_minfarthestpose,,,,,False,0,vggt,20.0
vggt,20,42,0.0,100000,random,,,,0,10,minfarthestpose,,,,,,,False,,,,,0.0,,False,1.0,1.0,vggt,garden,,,,,,MCMC,,,,,,,,,,,sfm,,outdoor,,,,,,,,,,,,/home/ojab2/work/git/vggt/vggt_outputs/garden_2_n20_s42_c0.0_p100000_random_timing_minfarthestpose/eval_results.json,,garden_2_n20_s42_c0.0_p100000_random_timing_minfarthestpose,0.3619,0.024328,20,6.088638,,,,1.348621924718221,12677.69287109375,17314,1.4765424728393555,/home/ojab2/work/git/vggt/vggt_outputs/garden_2_n20_s42_c0.0_p100000_random_timing_minfarthestpose/eval_results.json,garden_2_n20_s42_c0.0_p100000_random_timing_minfarthestpose,,,,,False,0,vggt,20.0
vggt,20,42,0.0,100000,random,,,,0,10,minfarthestpose,,,,,,,False,,,,,0.0,,False,1.0,1.0,vggt,stump,,,,,,MCMC,,,,,,,,,,,sfm,,outdoor,,,,,,,,,,,,/home/ojab2/work/git/vggt/vggt_outputs/stump_2_n20_s42_c0.0_p100000_random_timing_minfarthestpose/eval_results.json,,stump_2_n20_s42_c0.0_p100000_random_timing_minfarthestpose,1.7469,0.244402,20,4.538237,,,,1.340398947397868,12677.69287109375,17314,1.245159387588501,/home/ojab2/work/git/vggt/vggt_outputs/stump_2_n20_s42_c0.0_p100000_random_timing_minfarthestpose/eval_results.json,stump_2_n20_s42_c0.0_p100000_random_timing_minfarthestpose,,,,,False,0,vggt,20.0
vggt,20,42,0.0,100000,random,,,,0,10,minfarthestpose,,,,,,,False,,,,,0.0,,False,1.0,1.0,vggt,lego,,,,,,MCMC,,,,,,,,,,,sfm,,synthetic,,,,,,,,,,,,/home/ojab2/work/git/vggt/vggt_outputs/lego_1_n20_s42_c0.0_p100000_random_timing_minfarthestpose/eval_results.json,,lego_1_n20_s42_c0.0_p100000_random_timing_minfarthestpose,0.5017,0.015405,20,4.007659,0.0493,0.0136,0.1096,1.346347729365031,12677.69287109375,17314,1.2641959190368652,/home/ojab2/work/git/vggt/vggt_outputs/lego_1_n20_s42_c0.0_p100000_random_timing_minfarthestpose/eval_results.json,lego_1_n20_s42_c0.0_p100000_random_timing_minfarthestpose,,,,,False,0,vggt,20.0
vggt,20,42,0.0,100000,random,,,,0,10,minfarthestpose,,,,,,,False,,,,,0.0,,False,1.0,1.0,vggt,ship,,,,,,MCMC,,,,,,,,,,,sfm,,synthetic,,,,,,,,,,,,/home/ojab2/work/git/vggt/vggt_outputs/ship_1_n20_s42_c0.0_p100000_random_timing_minfarthestpose/eval_results.json,,ship_1_n20_s42_c0.0_p100000_random_timing_minfarthestpose,0.5132,0.028919,20,4.444803,0.1236,0.0336,0.2593,1.3443139394124348,12677.69287109375,17314,1.2278697490692139,/home/ojab2/work/git/vggt/vggt_outputs/ship_1_n20_s42_c0.0_p100000_random_timing_minfarthestpose/eval_results.json,ship_1_n20_s42_c0.0_p100000_random_timing_minfarthestpose,,,,,False,0,vggt,20.0
colmap,30,42,,,,,,,0,10,minfarthestpose,,,,,,,False,,,,,0.0,,False,1.0,1.0,vggt,stump,,,,,default,MCMC,,,,,Shared Cam,,,,,,sfm,,outdoor,,,,,,,,,,,,/home/ojab2/work/git/vggt/colmap_outputs/stump_2_n30_s42_default_minfarthestpose_sharedcam/eval_results.json,,stump_2_n30_s42_default_minfarthestpose_sharedcam,15.315,0.215738,2,0.221367,,,,8.046224117279053,9408.0,9408,0.0,/home/ojab2/work/git/vggt/colmap_outputs/stump_2_n30_s42_default_minfarthestpose_sharedcam/eval_results.json,stump_2_n30_s42_default_minfarthestpose_sharedcam,,,,,,,colmap,30.0
colmap,30,42,,,,,,,0,10,minfarthestpose,,,,,,,False,,,,,0.0,,False,1.0,1.0,vggt,drums,pinhole,,,,default,MCMC,,,,,Shared Cam,,,,,,failed_sfm,,synthetic,,,,,,,,,,,,/home/ojab2/work/git/vggt/colmap_outputs/drums_1_n30_s42_default_mpinhole_minfarthestpose_sharedcam/failed_eval.json,,drums_1_n30_s42_default_mpinhole_minfarthestpose_sharedcam,,,,,,,,,,,,,drums_1_n30_s42_default_mpinhole_minfarthestpose_sharedcam,,,/home/ojab2/work/git/vggt/colmap_outputs/drums_1_n30_s42_default_mpinhole_minfarthestpose_sharedcam/failed_eval.json,,,,colmap,30.0
vggt,30,42,0.0,100000,random,,,,0,10,minfarthestpose,30,GT Eval,,,,,False,,,,,0.0,,False,1.0,1.0,vggt,bonsai,,,15000,15000,,MCMC,,,,,,,,,,,gsplat,,indoor,17.337533950805664,0.41478732228279114,0.5404842495918274,1000000,0.02045523002743721,0.8883885741233826,,,0.28752929568678,0.3703746222510246,100000,/home/ojab2/work/git/gsplat/results/vggt_outputs/bonsai_2_n30_s42_c0.0_p100000_random_timing_minfarthestpose_i30_gteval_steps15000/stats/val_step14999.json,/home/ojab2/work/git/gsplat/results/vggt_outputs/bonsai_2_n30_s42_c0.0_p100000_random_timing_minfarthestpose_i30_gteval_steps15000/stats/val_step14999.json,bonsai_2_n30_s42_c0.0_p100000_random_timing_minfarthestpose_i30_gteval_steps15000,0.8883,0.089827,30,7.587343,,,,2.25586732228597,15754.2490234375,20588,1.5077741146087646,/home/ojab2/work/git/vggt/vggt_outputs/bonsai_2_n30_s42_c0.0_p100000_random_timing_minfarthestpose/eval_results.json,bonsai_2_n30_s42_c0.0_p100000_random_timing_minfarthestpose,bonsai_2_n30_s42_c0.0_p100000_random_timing_minfarthestpose_i30_gteval_steps15000_val_step14999.json,100000,,,False,0,vggt,30.0
vggt,30,42,0.0,100000,random,,,,0,10,minfarthestpose,30,GT Eval,,,,,False,,,,,0.0,,False,1.0,1.0,vggt,kitchen,,,15000,15000,,MCMC,,,,,,,,,,,gsplat,,indoor,18.37963104248047,0.28270530700683594,0.4412611126899719,1000000,0.005779072642326355,0.27804264426231384,,,0.3303342719136933,0.34823868098523614,100000,/home/ojab2/work/git/gsplat/results/vggt_outputs/kitchen_2_n30_s42_c0.0_p100000_random_timing_minfarthestpose_i30_gteval_steps15000/stats/val_step14999.json,/home/ojab2/work/git/gsplat/results/vggt_outputs/kitchen_2_n30_s42_c0.0_p100000_random_timing_minfarthestpose_i30_gteval_steps15000/stats/val_step14999.json,kitchen_2_n30_s42_c0.0_p100000_random_timing_minfarthestpose_i30_gteval_steps15000,0.2781,0.026317,30,4.148829,,,,2.2636771996816,15754.2490234375,20588,1.5653305053710938,/home/ojab2/work/git/vggt/vggt_outputs/kitchen_2_n30_s42_c0.0_p100000_random_timing_minfarthestpose/eval_results.json,kitchen_2_n30_s42_c0.0_p100000_random_timing_minfarthestpose,kitchen_2_n30_s42_c0.0_p100000_random_timing_minfarthestpose_i30_gteval_steps15000_val_step14999.json,100000,,,False,0,vggt,30.0
vggt,30,42,0.0,100000,random,,,,0,10,minfarthestpose,30,GT Eval,,,,,False,,,,,0.0,,False,1.0,1.0,vggt,counter,,,15000,15000,,MCMC,,,,,,,,,,,gsplat,,indoor,18.851604461669922,0.3132503926753998,0.5618565678596497,1000000,0.008692986331880093,0.34816214442253113,,,0.3907431872577308,0.3294004283204288,100000,/home/ojab2/work/git/gsplat/results/vggt_outputs/counter_2_n30_s42_c0.0_p100000_random_timing_minfarthestpose_i30_gteval_steps15000/stats/val_step14999.json,/home/ojab2/work/git/gsplat/results/vggt_outputs/counter_2_n30_s42_c0.0_p100000_random_timing_minfarthestpose_i30_gteval_steps15000/stats/val_step14999.json,counter_2_n30_s42_c0.0_p100000_random_timing_minfarthestpose_i30_gteval_steps15000,0.3487,0.036323,30,4.836201,,,,2.253292957941691,15754.2490234375,20588,1.507495641708374,/home/ojab2/work/git/vggt/vggt_outputs/counter_2_n30_s42_c0.0_p100000_random_timing_minfarthestpose/eval_results.json,counter_2_n30_s42_c0.0_p100000_random_timing_minfarthestpose,counter_2_n30_s42_c0.0_p100000_random_timing_minfarthestpose_i30_gteval_steps15000_val_step14999.json,100000,,,False,0,vggt,30.0
vggt,30,42,0.0,100000,random,,,,0,10,minfarthestpose,,,,,,,False,,,,,0.0,,False,1.0,1.0,vggt,bicycle,,,,,,MCMC,,,,,,,,,,,sfm,,outdoor,,,,,,,,,,,,/home/ojab2/work/git/vggt/vggt_outputs/bicycle_4_n30_s42_c0.0_p100000_random_timing_minfarthestpose/eval_results.json,,bicycle_4_n30_s42_c0.0_p100000_random_timing_minfarthestpose,0.7506,0.068725,30,4.831483,,,,2.2640526056289674,15754.2490234375,20588,1.4813117980957031,/home/ojab2/work/git/vggt/vggt_outputs/bicycle_4_n30_s42_c0.0_p100000_random_timing_minfarthestpose/eval_results.json,bicycle_4_n30_s42_c0.0_p100000_random_timing_minfarthestpose,,,,,False,0,vggt,30.0
vggt,30,42,0.0,100000,random,,,,0,10,minfarthestpose,,,,,,,False,,,,,0.0,,False,1.0,1.0,vggt,garden,,,,,,MCMC,,,,,,,,,,,sfm,,outdoor,,,,,,,,,,,,/home/ojab2/work/git/vggt/vggt_outputs/garden_2_n30_s42_c0.0_p100000_random_timing_minfarthestpose/eval_results.json,,garden_2_n30_s42_c0.0_p100000_random_timing_minfarthestpose,0.3262,0.027294,30,6.007808,,,,2.2569522857666016,15754.2490234375,20588,1.5739541053771973,/home/ojab2/work/git/vggt/vggt_outputs/garden_2_n30_s42_c0.0_p100000_random_timing_minfarthestpose/eval_results.json,garden_2_n30_s42_c0.0_p100000_random_timing_minfarthestpose,,,,,False,0,vggt,30.0
vggt,30,42,0.0,100000,random,,,,0,10,minfarthestpose,,,,,,,False,,,,,0.0,,False,1.0,1.0,vggt,stump,,,,,,MCMC,,,,,,,,,,,sfm,,outdoor,,,,,,,,,,,,/home/ojab2/work/git/vggt/vggt_outputs/stump_2_n30_s42_c0.0_p100000_random_timing_minfarthestpose/eval_results.json,,stump_2_n30_s42_c0.0_p100000_random_timing_minfarthestpose,1.0962,0.142517,30,4.4229,,,,2.253528118133545,15754.2490234375,20588,1.558619737625122,/home/ojab2/work/git/vggt/vggt_outputs/stump_2_n30_s42_c0.0_p100000_random_timing_minfarthestpose/eval_results.json,stump_2_n30_s42_c0.0_p100000_random_timing_minfarthestpose,,,,,False,0,vggt,30.0
vggt,30,42,0.0,100000,random,,,,0,10,minfarthestpose,,,,,,,False,,,,,0.0,,False,1.0,1.0,vggt,lego,,,,,,MCMC,,,,,,,,,,,sfm,,synthetic,,,,,,,,,,,,/home/ojab2/work/git/vggt/vggt_outputs/lego_1_n30_s42_c0.0_p100000_random_timing_minfarthestpose/eval_results.json,,lego_1_n30_s42_c0.0_p100000_random_timing_minfarthestpose,0.2594,0.018158,30,4.059862,0.0434,0.0123,0.1108,2.253129561742147,15754.2490234375,20588,1.4971678256988525,/home/ojab2/work/git/vggt/vggt_outputs/lego_1_n30_s42_c0.0_p100000_random_timing_minfarthestpose/eval_results.json,lego_1_n30_s42_c0.0_p100000_random_timing_minfarthestpose,,,,,False,0,vggt,30.0
vggt,30,42,0.0,100000,random,,,,0,10,minfarthestpose,,,,,,,False,,,,,0.0,,False,1.0,1.0,vggt,ship,,,,,,MCMC,,,,,,,,,,,sfm,,synthetic,,,,,,,,,,,,/home/ojab2/work/git/vggt/vggt_outputs/ship_1_n30_s42_c0.0_p100000_random_timing_minfarthestpose/eval_results.json,,ship_1_n30_s42_c0.0_p100000_random_timing_minfarthestpose,0.4879,0.028712,30,4.427395,0.115,0.0311,0.2507,2.256380796432495,15754.2490234375,20588,1.4852983951568604,/home/ojab2/work/git/vggt/vggt_outputs/ship_1_n30_s42_c0.0_p100000_random_timing_minfarthestpose/eval_results.json,ship_1_n30_s42_c0.0_p100000_random_timing_minfarthestpose,,,,,False,0,vggt,30.0
vggt,40,42,0.0,100000,random,,,,0,10,minfarthestpose,40,GT Eval,,,,,False,,,,,0.0,,False,1.0,1.0,vggt,bonsai,,,15000,15000,,MCMC,,,,,,,,,,,gsplat,,indoor,17.761558532714844,0.38887494802474976,0.5575435757637024,1000000,0.022790120914578438,0.7294008135795593,,,0.3213531096466491,0.35693078249967825,100000,/home/ojab2/work/git/gsplat/results/vggt_outputs/bonsai_2_n40_s42_c0.0_p100000_random_timing_minfarthestpose_i40_gteval_steps15000/stats/val_step14999.json,/home/ojab2/work/git/gsplat/results/vggt_outputs/bonsai_2_n40_s42_c0.0_p100000_random_timing_minfarthestpose_i40_gteval_steps15000/stats/val_step14999.json,bonsai_2_n40_s42_c0.0_p100000_random_timing_minfarthestpose_i40_gteval_steps15000,0.7294,0.097202,40,7.731086,,,,3.406620502471924,18836.04638671875,23526,1.8431310653686523,/home/ojab2/work/git/vggt/vggt_outputs/bonsai_2_n40_s42_c0.0_p100000_random_timing_minfarthestpose/eval_results.json,bonsai_2_n40_s42_c0.0_p100000_random_timing_minfarthestpose,bonsai_2_n40_s42_c0.0_p100000_random_timing_minfarthestpose_i40_gteval_steps15000_val_step14999.json,100000,,,False,0,vggt,40.0
vggt,40,42,0.0,100000,random,,,,0,10,minfarthestpose,40,GT Eval,,,,,False,,,,,0.0,,False,1.0,1.0,vggt,kitchen,,,15000,15000,,MCMC,,,,,,,,,,,gsplat,,indoor,18.896190643310547,0.2576102912425995,0.43554842472076416,1000000,0.005547953303903341,0.2606889605522156,,,0.3520501877209674,0.34060133835976647,100000,/home/ojab2/work/git/gsplat/results/vggt_outputs/kitchen_2_n40_s42_c0.0_p100000_random_timing_minfarthestpose_i40_gteval_steps15000/stats/val_step14999.json,/home/ojab2/work/git/gsplat/results/vggt_outputs/kitchen_2_n40_s42_c0.0_p100000_random_timing_minfarthestpose_i40_gteval_steps15000/stats/val_step14999.json,kitchen_2_n40_s42_c0.0_p100000_random_timing_minfarthestpose_i40_gteval_steps15000,0.2611,0.026452,40,4.152193,,,,3.3461454709370932,18836.04638671875,23526,1.867058515548706,/home/ojab2/work/git/vggt/vggt_outputs/kitchen_2_n40_s42_c0.0_p100000_random_timing_minfarthestpose/eval_results.json,kitchen_2_n40_s42_c0.0_p100000_random_timing_minfarthestpose,kitchen_2_n40_s42_c0.0_p100000_random_timing_minfarthestpose_i40_gteval_steps15000_val_step14999.json,100000,,,False,0,vggt,40.0
vggt,40,42,0.0,100000,random,,,,0,10,minfarthestpose,40,GT Eval,,,,,False,,,,,0.0,,False,1.0,1.0,vggt,counter,,,15000,15000,,MCMC,,,,,,,,,,,gsplat,,indoor,19.171329498291016,0.29462581872940063,0.5739027857780457,1000000,0.008003419265151024,0.38038191199302673,,,0.41520524373528556,0.3198297725417722,100000,/home/ojab2/work/git/gsplat/results/vggt_outputs/counter_2_n40_s42_c0.0_p100000_random_timing_minfarthestpose_i40_gteval_steps15000/stats/val_step14999.json,/home/ojab2/work/git/gsplat/results/vggt_outputs/counter_2_n40_s42_c0.0_p100000_random_timing_minfarthestpose_i40_gteval_steps15000/stats/val_step14999.json,counter_2_n40_s42_c0.0_p100000_random_timing_minfarthestpose_i40_gteval_steps15000,0.3803,0.032005,40,4.483415,,,,3.345441977183024,18836.04638671875,23526,1.8545587062835693,/home/ojab2/work/git/vggt/vggt_outputs/counter_2_n40_s42_c0.0_p100000_random_timing_minfarthestpose/eval_results.json,counter_2_n40_s42_c0.0_p100000_random_timing_minfarthestpose,counter_2_n40_s42_c0.0_p100000_random_timing_minfarthestpose_i40_gteval_steps15000_val_step14999.json,100000,,,False,0,vggt,40.0
vggt,40,42,0.0,100000,random,,,,0,10,minfarthestpose,,,,,,,False,,,,,0.0,,False,1.0,1.0,vggt,bicycle,,,,,,MCMC,,,,,,,,,,,sfm,,outdoor,,,,,,,,,,,,/home/ojab2/work/git/vggt/vggt_outputs/bicycle_4_n40_s42_c0.0_p100000_random_timing_minfarthestpose/eval_results.json,,bicycle_4_n40_s42_c0.0_p100000_random_timing_minfarthestpose,0.7067,0.072581,40,4.875992,,,,3.350992751121521,18836.04638671875,23526,1.8353664875030518,/home/ojab2/work/git/vggt/vggt_outputs/bicycle_4_n40_s42_c0.0_p100000_random_timing_minfarthestpose/eval_results.json,bicycle_4_n40_s42_c0.0_p100000_random_timing_minfarthestpose,,,,,False,0,vggt,40.0
vggt,40,42,0.0,100000,random,,,,0,10,minfarthestpose,,,,,,,False,,,,,0.0,,False,1.0,1.0,vggt,garden,,,,,,MCMC,,,,,,,,,,,sfm,,outdoor,,,,,,,,,,,,/home/ojab2/work/git/vggt/vggt_outputs/garden_2_n40_s42_c0.0_p100000_random_timing_minfarthestpose/eval_results.json,,garden_2_n40_s42_c0.0_p100000_random_timing_minfarthestpose,0.3587,0.027795,40,5.798803,,,,3.3427438735961914,18836.04638671875,23526,1.8660948276519775,/home/ojab2/work/git/vggt/vggt_outputs/garden_2_n40_s42_c0.0_p100000_random_timing_minfarthestpose/eval_results.json,garden_2_n40_s42_c0.0_p100000_random_timing_minfarthestpose,,,,,False,0,vggt,40.0
vggt,40,42,0.0,100000,random,,,,0,10,minfarthestpose,,,,,,,False,,,,,0.0,,False,1.0,1.0,vggt,stump,,,,,,MCMC,,,,,,,,,,,sfm,,outdoor,,,,,,,,,,,,/home/ojab2/work/git/vggt/vggt_outputs/stump_2_n40_s42_c0.0_p100000_random_timing_minfarthestpose/eval_results.json,,stump_2_n40_s42_c0.0_p100000_random_timing_minfarthestpose,1.0762,0.170601,40,4.429667,,,,3.346627950668335,18836.04638671875,23526,1.8335332870483398,/home/ojab2/work/git/vggt/vggt_outputs/stump_2_n40_s42_c0.0_p100000_random_timing_minfarthestpose/eval_results.json,stump_2_n40_s42_c0.0_p100000_random_timing_minfarthestpose,,,,,False,0,vggt,40.0
vggt,40,42,0.0,100000,random,,,,0,10,minfarthestpose,,,,,,,False,,,,,0.0,,False,1.0,1.0,vggt,lego,,,,,,MCMC,,,,,,,,,,,sfm,,synthetic,,,,,,,,,,,,/home/ojab2/work/git/vggt/vggt_outputs/lego_1_n40_s42_c0.0_p100000_random_timing_minfarthestpose/eval_results.json,,lego_1_n40_s42_c0.0_p100000_random_timing_minfarthestpose,0.3201,0.019067,40,4.046949,0.0449,0.0127,0.1113,3.350997050603231,18836.04638671875,23526,1.8367767333984375,/home/ojab2/work/git/vggt/vggt_outputs/lego_1_n40_s42_c0.0_p100000_random_timing_minfarthestpose/eval_results.json,lego_1_n40_s42_c0.0_p100000_random_timing_minfarthestpose,,,,,False,0,vggt,40.0
vggt,40,42,0.0,100000,random,,,,0,10,minfarthestpose,,,,,,,False,,,,,0.0,,False,1.0,1.0,vggt,ship,,,,,,MCMC,,,,,,,,,,,sfm,,synthetic,,,,,,,,,,,,/home/ojab2/work/git/vggt/vggt_outputs/ship_1_n40_s42_c0.0_p100000_random_timing_minfarthestpose/eval_results.json,,ship_1_n40_s42_c0.0_p100000_random_timing_minfarthestpose,0.4376,0.028573,40,4.214055,0.1027,0.0277,0.2431,3.354351043701172,18836.04638671875,23526,1.8116142749786377,/home/ojab2/work/git/vggt/vggt_outputs/ship_1_n40_s42_c0.0_p100000_random_timing_minfarthestpose/eval_results.json,ship_1_n40_s42_c0.0_p100000_random_timing_minfarthestpose,,,,,False,0,vggt,40.0
vggt,50,42,0.0,100000,random,,,,0,10,minfarthestpose,50,GT Eval,,,,,False,,,,,0.0,,False,1.0,1.0,vggt,bonsai,,,15000,15000,,MCMC,,,,,,,,,,,gsplat,,indoor,17.9671573638916,0.38996267318725586,0.5654338002204895,1000000,0.023220835253596306,0.8014442324638367,,,0.32910322647268236,0.35504942218332336,100000,/home/ojab2/work/git/gsplat/results/vggt_outputs/bonsai_2_n50_s42_c0.0_p100000_random_timing_minfarthestpose_i50_gteval_steps15000/stats/val_step14999.json,/home/ojab2/work/git/gsplat/results/vggt_outputs/bonsai_2_n50_s42_c0.0_p100000_random_timing_minfarthestpose_i50_gteval_steps15000/stats/val_step14999.json,bonsai_2_n50_s42_c0.0_p100000_random_timing_minfarthestpose_i50_gteval_steps15000,0.8014,0.095395,50,7.828728,,,,4.550992012023926,21894.99072265625,26588,2.136350393295288,/home/ojab2/work/git/vggt/vggt_outputs/bonsai_2_n50_s42_c0.0_p100000_random_timing_minfarthestpose/eval_results.json,bonsai_2_n50_s42_c0.0_p100000_random_timing_minfarthestpose,bonsai_2_n50_s42_c0.0_p100000_random_timing_minfarthestpose_i50_gteval_steps15000_val_step14999.json,100000,,,False,0,vggt,50.0
vggt,50,42,0.0,100000,random,,,,0,10,minfarthestpose,50,GT Eval,,,,,False,,,,,0.0,,False,1.0,1.0,vggt,kitchen,,,15000,15000,,MCMC,,,,,,,,,,,gsplat,,indoor,19.412288665771484,0.2456025332212448,0.4619392454624176,1000000,0.006052491255104542,0.29579412937164307,,,0.38445298332065014,0.33019262473542466,100000,/home/ojab2/work/git/gsplat/results/vggt_outputs/kitchen_2_n50_s42_c0.0_p100000_random_timing_minfarthestpose_i50_gteval_steps15000/stats/val_step14999.json,/home/ojab2/work/git/gsplat/results/vggt_outputs/kitchen_2_n50_s42_c0.0_p100000_random_timing_minfarthestpose_i50_gteval_steps15000/stats/val_step14999.json,kitchen_2_n50_s42_c0.0_p100000_random_timing_minfarthestpose_i50_gteval_steps15000,0.296,0.027378,50,4.142264,,,,4.618879477183024,21895.35009765625,26404,2.17294979095459,/home/ojab2/work/git/vggt/vggt_outputs/kitchen_2_n50_s42_c0.0_p100000_random_timing_minfarthestpose/eval_results.json,kitchen_2_n50_s42_c0.0_p100000_random_timing_minfarthestpose,kitchen_2_n50_s42_c0.0_p100000_random_timing_minfarthestpose_i50_gteval_steps15000_val_step14999.json,100000,,,False,0,vggt,50.0
vggt,50,42,0.0,100000,random,,,,0,10,minfarthestpose,50,GT Eval,,,,,False,,,,,0.0,,False,1.0,1.0,vggt,counter,,,15000,15000,,MCMC,,,,,,,,,,,gsplat,,indoor,19.033363342285156,0.3030906021595001,0.5784308910369873,1000000,0.007548722438514233,0.39263004064559937,,,0.41007315473482153,0.3216223496117265,100000,/home/ojab2/work/git/gsplat/results/vggt_outputs/counter_2_n50_s42_c0.0_p100000_random_timing_minfarthestpose_i50_gteval_steps15000/stats/val_step14999.json,/home/ojab2/work/git/gsplat/results/vggt_outputs/counter_2_n50_s42_c0.0_p100000_random_timing_minfarthestpose_i50_gteval_steps15000/stats/val_step14999.json,counter_2_n50_s42_c0.0_p100000_random_timing_minfarthestpose_i50_gteval_steps15000,0.3927,0.03126,50,4.604761,,,,4.628480593363444,21895.35009765625,26404,2.1679913997650146,/home/ojab2/work/git/vggt/vggt_outputs/counter_2_n50_s42_c0.0_p100000_random_timing_minfarthestpose/eval_results.json,counter_2_n50_s42_c0.0_p100000_random_timing_minfarthestpose,counter_2_n50_s42_c0.0_p100000_random_timing_minfarthestpose_i50_gteval_steps15000_val_step14999.json,100000,,,False,0,vggt,50.0
vggt,50,42,0.0,100000,random,,,,0,10,minfarthestpose,,,,,,,False,,,,,0.0,,False,1.0,1.0,vggt,bicycle,,,,,,MCMC,,,,,,,,,,,sfm,,outdoor,,,,,,,,,,,,/home/ojab2/work/git/vggt/vggt_outputs/bicycle_4_n50_s42_c0.0_p100000_random_timing_minfarthestpose/eval_results.json,,bicycle_4_n50_s42_c0.0_p100000_random_timing_minfarthestpose,0.8231,0.071475,50,4.844657,,,,4.672883772850037,21895.35009765625,26404,2.1477138996124268,/home/ojab2/work/git/vggt/vggt_outputs/bicycle_4_n50_s42_c0.0_p100000_random_timing_minfarthestpose/eval_results.json,bicycle_4_n50_s42_c0.0_p100000_random_timing_minfarthestpose,,,,,False,0,vggt,50.0
vggt,50,42,0.0,100000,random,,,,0,10,minfarthestpose,,,,,,,False,,,,,0.0,,False,1.0,1.0,vggt,garden,,,,,,MCMC,,,,,,,,,,,sfm,,outdoor,,,,,,,,,,,,/home/ojab2/work/git/vggt/vggt_outputs/garden_2_n50_s42_c0.0_p100000_random_timing_minfarthestpose/eval_results.json,,garden_2_n50_s42_c0.0_p100000_random_timing_minfarthestpose,0.3727,0.027,50,5.822343,,,,4.627015988032023,21895.35009765625,26404,2.1614651679992676,/home/ojab2/work/git/vggt/vggt_outputs/garden_2_n50_s42_c0.0_p100000_random_timing_minfarthestpose/eval_results.json,garden_2_n50_s42_c0.0_p100000_random_timing_minfarthestpose,,,,,False,0,vggt,50.0
vggt,50,42,0.0,100000,random,,,,0,10,minfarthestpose,,,,,,,False,,,,,0.0,,False,1.0,1.0,vggt,stump,,,,,,MCMC,,,,,,,,,,,sfm,,outdoor,,,,,,,,,,,,/home/ojab2/work/git/vggt/vggt_outputs/stump_2_n50_s42_c0.0_p100000_random_timing_minfarthestpose/eval_results.json,,stump_2_n50_s42_c0.0_p100000_random_timing_minfarthestpose,1.1669,0.183925,50,4.730115,,,,4.6161684195200605,21895.35009765625,26404,2.154021739959717,/home/ojab2/work/git/vggt/vggt_outputs/stump_2_n50_s42_c0.0_p100000_random_timing_minfarthestpose/eval_results.json,stump_2_n50_s42_c0.0_p100000_random_timing_minfarthestpose,,,,,False,0,vggt,50.0
vggt,50,42,0.0,100000,random,,,,0,10,minfarthestpose,,,,,,,False,,,,,0.0,,False,1.0,1.0,vggt,lego,,,,,,MCMC,,,,,,,,,,,sfm,,synthetic,,,,,,,,,,,,/home/ojab2/work/git/vggt/vggt_outputs/lego_1_n50_s42_c0.0_p100000_random_timing_minfarthestpose/eval_results.json,,lego_1_n50_s42_c0.0_p100000_random_timing_minfarthestpose,0.2916,0.018156,50,4.0465,0.0466,0.0132,0.1167,4.6282650629679365,21895.35009765625,26404,2.107104539871216,/home/ojab2/work/git/vggt/vggt_outputs/lego_1_n50_s42_c0.0_p100000_random_timing_minfarthestpose/eval_results.json,lego_1_n50_s42_c0.0_p100000_random_timing_minfarthestpose,,,,,False,0,vggt,50.0
vggt,50,42,0.0,100000,random,,,,0,10,minfarthestpose,,,,,,,False,,,,,0.0,,False,1.0,1.0,vggt,ship,,,,,,MCMC,,,,,,,,,,,sfm,,synthetic,,,,,,,,,,,,/home/ojab2/work/git/vggt/vggt_outputs/ship_1_n50_s42_c0.0_p100000_random_timing_minfarthestpose/eval_results.json,,ship_1_n50_s42_c0.0_p100000_random_timing_minfarthestpose,0.4503,0.029935,50,4.216293,0.0998,0.0269,0.24,4.619190454483032,21895.35009765625,26404,2.1495912075042725,/home/ojab2/work/git/vggt/vggt_outputs/ship_1_n50_s42_c0.0_p100000_random_timing_minfarthestpose/eval_results.json,ship_1_n50_s42_c0.0_p100000_random_timing_minfarthestpose,,,,,False,0,vggt,50.0
vggt,60,42,0.0,100000,random,,,,0,10,minfarthestpose,60,GT Eval,,,,,False,,,,,0.0,,False,1.0,1.0,vggt,bonsai,,,15000,15000,,MCMC,,,,,,,,,,,gsplat,,indoor,17.900564193725586,0.39097222685813904,0.5682271718978882,1000000,0.024403369054198265,0.8877549767494202,,,0.32888038902797045,0.3547608172771873,100000,/home/ojab2/work/git/gsplat/results/vggt_outputs/bonsai_2_n60_s42_c0.0_p100000_random_timing_minfarthestpose_i60_gteval_steps15000/stats/val_step14999.json,/home/ojab2/work/git/gsplat/results/vggt_outputs/bonsai_2_n60_s42_c0.0_p100000_random_timing_minfarthestpose_i60_gteval_steps15000/stats/val_step14999.json,bonsai_2_n60_s42_c0.0_p100000_random_timing_minfarthestpose_i60_gteval_steps15000,0.8878,0.10213,60,7.775817,,,,6.09878134727478,24970.4130859375,29894,2.4906563758850098,/home/ojab2/work/git/vggt/vggt_outputs/bonsai_2_n60_s42_c0.0_p100000_random_timing_minfarthestpose/eval_results.json,bonsai_2_n60_s42_c0.0_p100000_random_timing_minfarthestpose,bonsai_2_n60_s42_c0.0_p100000_random_timing_minfarthestpose_i60_gteval_steps15000_val_step14999.json,100000,,,False,0,vggt,60.0
vggt,60,42,0.0,100000,random,,,,0,10,minfarthestpose,60,GT Eval,,,,,False,,,,,0.0,,False,1.0,1.0,vggt,kitchen,,,15000,15000,,MCMC,,,,,,,,,,,gsplat,,indoor,19.573558807373047,0.24045529961585999,0.4537797272205353,1000000,0.005868461914360523,0.3243441879749298,,,0.38584512402439675,0.33018473537087517,100000,/home/ojab2/work/git/gsplat/results/vggt_outputs/kitchen_2_n60_s42_c0.0_p100000_random_timing_minfarthestpose_i60_gteval_steps15000/stats/val_step14999.json,/home/ojab2/work/git/gsplat/results/vggt_outputs/kitchen_2_n60_s42_c0.0_p100000_random_timing_minfarthestpose_i60_gteval_steps15000/stats/val_step14999.json,kitchen_2_n60_s42_c0.0_p100000_random_timing_minfarthestpose_i60_gteval_steps15000,0.3242,0.027163,60,4.162314,,,,6.110435326894124,24973.3662109375,29720,2.432969570159912,/home/ojab2/work/git/vggt/vggt_outputs/kitchen_2_n60_s42_c0.0_p100000_random_timing_minfarthestpose/eval_results.json,kitchen_2_n60_s42_c0.0_p100000_random_timing_minfarthestpose,kitchen_2_n60_s42_c0.0_p100000_random_timing_minfarthestpose_i60_gteval_steps15000_val_step14999.json,100000,,,False,0,vggt,60.0
vggt,60,42,0.0,100000,random,,,,0,10,minfarthestpose,60,GT Eval,,,,,False,,,,,0.0,,False,1.0,1.0,vggt,counter,,,15000,15000,,MCMC,,,,,,,,,,,gsplat,,indoor,19.75887680053711,0.2842962145805359,0.5983322262763977,1000000,0.007439553737640381,0.37929052114486694,,,0.4467482707034155,0.30954659156053466,100000,/home/ojab2/work/git/gsplat/results/vggt_outputs/counter_2_n60_s42_c0.0_p100000_random_timing_minfarthestpose_i60_gteval_steps15000/stats/val_step14999.json,/home/ojab2/work/git/gsplat/results/vggt_outputs/counter_2_n60_s42_c0.0_p100000_random_timing_minfarthestpose_i60_gteval_steps15000/stats/val_step14999.json,counter_2_n60_s42_c0.0_p100000_random_timing_minfarthestpose_i60_gteval_steps15000,0.3795,0.030852,60,4.485466,,,,6.115433772404988,24973.3662109375,29720,2.4448885917663574,/home/ojab2/work/git/vggt/vggt_outputs/counter_2_n60_s42_c0.0_p100000_random_timing_minfarthestpose/eval_results.json,counter_2_n60_s42_c0.0_p100000_random_timing_minfarthestpose,counter_2_n60_s42_c0.0_p100000_random_timing_minfarthestpose_i60_gteval_steps15000_val_step14999.json,100000,,,False,0,vggt,60.0
vggt,60,42,0.0,100000,random,,,,0,10,minfarthestpose,,,,,,,False,,,,,0.0,,False,1.0,1.0,vggt,bicycle,,,,,,MCMC,,,,,,,,,,,sfm,,outdoor,,,,,,,,,,,,/home/ojab2/work/git/vggt/vggt_outputs/bicycle_4_n60_s42_c0.0_p100000_random_timing_minfarthestpose/eval_results.json,,bicycle_4_n60_s42_c0.0_p100000_random_timing_minfarthestpose,0.7342,0.065719,60,4.937964,,,,6.1404965877532955,24973.3662109375,29720,2.4357259273529053,/home/ojab2/work/git/vggt/vggt_outputs/bicycle_4_n60_s42_c0.0_p100000_random_timing_minfarthestpose/eval_results.json,bicycle_4_n60_s42_c0.0_p100000_random_timing_minfarthestpose,,,,,False,0,vggt,60.0
vggt,60,42,0.0,100000,random,,,,0,10,minfarthestpose,,,,,,,False,,,,,0.0,,False,1.0,1.0,vggt,garden,,,,,,MCMC,,,,,,,,,,,sfm,,outdoor,,,,,,,,,,,,/home/ojab2/work/git/vggt/vggt_outputs/garden_2_n60_s42_c0.0_p100000_random_timing_minfarthestpose/eval_results.json,,garden_2_n60_s42_c0.0_p100000_random_timing_minfarthestpose,0.3883,0.026865,60,5.985414,,,,6.084660927454631,24973.3662109375,29720,2.4794886112213135,/home/ojab2/work/git/vggt/vggt_outputs/garden_2_n60_s42_c0.0_p100000_random_timing_minfarthestpose/eval_results.json,garden_2_n60_s42_c0.0_p100000_random_timing_minfarthestpose,,,,,False,0,vggt,60.0
vggt,60,42,0.0,100000,random,,,,0,10,minfarthestpose,,,,,,,False,,,,,0.0,,False,1.0,1.0,vggt,stump,,,,,,MCMC,,,,,,,,,,,sfm,,outdoor,,,,,,,,,,,,/home/ojab2/work/git/vggt/vggt_outputs/stump_2_n60_s42_c0.0_p100000_random_timing_minfarthestpose/eval_results.json,,stump_2_n60_s42_c0.0_p100000_random_timing_minfarthestpose,1.0254,0.1691,60,4.5635,,,,6.095558245976766,24973.3662109375,29720,2.450779914855957,/home/ojab2/work/git/vggt/vggt_outputs/stump_2_n60_s42_c0.0_p100000_random_timing_minfarthestpose/eval_results.json,stump_2_n60_s42_c0.0_p100000_random_timing_minfarthestpose,,,,,False,0,vggt,60.0
vggt,60,42,0.0,100000,random,,,,0,10,minfarthestpose,,,,,,,False,,,,,0.0,,False,1.0,1.0,vggt,lego,,,,,,MCMC,,,,,,,,,,,sfm,,synthetic,,,,,,,,,,,,/home/ojab2/work/git/vggt/vggt_outputs/lego_1_n60_s42_c0.0_p100000_random_timing_minfarthestpose/eval_results.json,,lego_1_n60_s42_c0.0_p100000_random_timing_minfarthestpose,0.3386,0.018355,60,4.043009,0.046,0.013,0.1152,6.100887775421143,24973.3662109375,29720,2.4666366577148438,/home/ojab2/work/git/vggt/vggt_outputs/lego_1_n60_s42_c0.0_p100000_random_timing_minfarthestpose/eval_results.json,lego_1_n60_s42_c0.0_p100000_random_timing_minfarthestpose,,,,,False,0,vggt,60.0
vggt,60,42,0.0,100000,random,,,,0,10,minfarthestpose,,,,,,,False,,,,,0.0,,False,1.0,1.0,vggt,ship,,,,,,MCMC,,,,,,,,,,,sfm,,synthetic,,,,,,,,,,,,/home/ojab2/work/git/vggt/vggt_outputs/ship_1_n60_s42_c0.0_p100000_random_timing_minfarthestpose/eval_results.json,,ship_1_n60_s42_c0.0_p100000_random_timing_minfarthestpose,0.47,0.029124,60,4.21936,0.1007,0.0271,0.2402,6.094626108805339,24973.3662109375,29720,2.4030187129974365,/home/ojab2/work/git/vggt/vggt_outputs/ship_1_n60_s42_c0.0_p100000_random_timing_minfarthestpose/eval_results.json,ship_1_n60_s42_c0.0_p100000_random_timing_minfarthestpose,,,,,False,0,vggt,60.0
vggt,70,42,0.0,100000,random,,,,0,10,minfarthestpose,70,GT Eval,,,,,False,,,,,0.0,,False,1.0,1.0,vggt,bonsai,,,15000,15000,,MCMC,,,,,,,,,,,gsplat,,indoor,18.372264862060547,0.37489649653434753,0.5806282162666321,1000000,0.024162106215953827,0.8060982823371887,,,0.35479094964331664,0.34567756937929667,100000,/home/ojab2/work/git/gsplat/results/vggt_outputs/bonsai_2_n70_s42_c0.0_p100000_random_timing_minfarthestpose_i70_gteval_steps15000/stats/val_step14999.json,/home/ojab2/work/git/gsplat/results/vggt_outputs/bonsai_2_n70_s42_c0.0_p100000_random_timing_minfarthestpose_i70_gteval_steps15000/stats/val_step14999.json,bonsai_2_n70_s42_c0.0_p100000_random_timing_minfarthestpose_i70_gteval_steps15000,0.806,0.10116,70,7.70233,,,,7.783740202585856,28059.81298828125,31464,2.746076822280884,/home/ojab2/work/git/vggt/vggt_outputs/bonsai_2_n70_s42_c0.0_p100000_random_timing_minfarthestpose/eval_results.json,bonsai_2_n70_s42_c0.0_p100000_random_timing_minfarthestpose,bonsai_2_n70_s42_c0.0_p100000_random_timing_minfarthestpose_i70_gteval_steps15000_val_step14999.json,100000,,,False,0,vggt,70.0
vggt,70,42,0.0,100000,random,,,,0,10,minfarthestpose,70,GT Eval,,,,,False,,,,,0.0,,False,1.0,1.0,vggt,kitchen,,,15000,15000,,MCMC,,,,,,,,,,,gsplat,,indoor,19.424427032470703,0.24606747925281525,0.4493928551673889,1000000,0.0058333734050393105,0.3231159448623657,,,0.3770536938179926,0.3331712304126716,100000,/home/ojab2/work/git/gsplat/results/vggt_outputs/kitchen_2_n70_s42_c0.0_p100000_random_timing_minfarthestpose_i70_gteval_steps15000/stats/val_step14999.json,/home/ojab2/work/git/gsplat/results/vggt_outputs/kitchen_2_n70_s42_c0.0_p100000_random_timing_minfarthestpose_i70_gteval_steps15000/stats/val_step14999.json,kitchen_2_n70_s42_c0.0_p100000_random_timing_minfarthestpose_i70_gteval_steps15000,0.3231,0.028126,70,4.16202,,,,7.766534010569255,28060.35400390625,32358,2.7247703075408936,/home/ojab2/work/git/vggt/vggt_outputs/kitchen_2_n70_s42_c0.0_p100000_random_timing_minfarthestpose/eval_results.json,kitchen_2_n70_s42_c0.0_p100000_random_timing_minfarthestpose,kitchen_2_n70_s42_c0.0_p100000_random_timing_minfarthestpose_i70_gteval_steps15000_val_step14999.json,100000,,,False,0,vggt,70.0
vggt,70,42,0.0,100000,random,,,,0,10,minfarthestpose,70,GT Eval,,,,,False,,,,,0.0,,False,1.0,1.0,vggt,counter,,,15000,15000,,MCMC,,,,,,,,,,,gsplat,,indoor,20.225595474243164,0.27885738015174866,0.6163148283958435,1000000,0.007753706071525812,0.35588815808296204,,,0.46926465589865374,0.3025914818551099,100000,/home/ojab2/work/git/gsplat/results/vggt_outputs/counter_2_n70_s42_c0.0_p100000_random_timing_minfarthestpose_i70_gteval_steps15000/stats/val_step14999.json,/home/ojab2/work/git/gsplat/results/vggt_outputs/counter_2_n70_s42_c0.0_p100000_random_timing_minfarthestpose_i70_gteval_steps15000/stats/val_step14999.json,counter_2_n70_s42_c0.0_p100000_random_timing_minfarthestpose_i70_gteval_steps15000,0.356,0.031055,70,4.444537,,,,7.787083069483439,28060.35400390625,32358,2.797414779663086,/home/ojab2/work/git/vggt/vggt_outputs/counter_2_n70_s42_c0.0_p100000_random_timing_minfarthestpose/eval_results.json,counter_2_n70_s42_c0.0_p100000_random_timing_minfarthestpose,counter_2_n70_s42_c0.0_p100000_random_timing_minfarthestpose_i70_gteval_steps15000_val_step14999.json,100000,,,False,0,vggt,70.0
vggt,70,42,0.0,100000,random,,,,0,10,minfarthestpose,,,,,,,False,,,,,0.0,,False,1.0,1.0,vggt,bicycle,,,,,,MCMC,,,,,,,,,,,sfm,,outdoor,,,,,,,,,,,,/home/ojab2/work/git/vggt/vggt_outputs/bicycle_4_n70_s42_c0.0_p100000_random_timing_minfarthestpose/eval_results.json,,bicycle_4_n70_s42_c0.0_p100000_random_timing_minfarthestpose,0.8769,0.061125,70,4.877382,,,,7.8654885530471805,28060.35400390625,32358,2.7576630115509033,/home/ojab2/work/git/vggt/vggt_outputs/bicycle_4_n70_s42_c0.0_p100000_random_timing_minfarthestpose/eval_results.json,bicycle_4_n70_s42_c0.0_p100000_random_timing_minfarthestpose,,,,,False,0,vggt,70.0
vggt,70,42,0.0,100000,random,,,,0,10,minfarthestpose,,,,,,,False,,,,,0.0,,False,1.0,1.0,vggt,garden,,,,,,MCMC,,,,,,,,,,,sfm,,outdoor,,,,,,,,,,,,/home/ojab2/work/git/vggt/vggt_outputs/garden_2_n70_s42_c0.0_p100000_random_timing_minfarthestpose/eval_results.json,,garden_2_n70_s42_c0.0_p100000_random_timing_minfarthestpose,0.3865,0.028024,70,6.070709,,,,7.756631215413411,28060.35400390625,32358,2.7527060508728027,/home/ojab2/work/git/vggt/vggt_outputs/garden_2_n70_s42_c0.0_p100000_random_timing_minfarthestpose/eval_results.json,garden_2_n70_s42_c0.0_p100000_random_timing_minfarthestpose,,,,,False,0,vggt,70.0
vggt,70,42,0.0,100000,random,,,,0,10,minfarthestpose,,,,,,,False,,,,,0.0,,False,1.0,1.0,vggt,stump,,,,,,MCMC,,,,,,,,,,,sfm,,outdoor,,,,,,,,,,,,/home/ojab2/work/git/vggt/vggt_outputs/stump_2_n70_s42_c0.0_p100000_random_timing_minfarthestpose/eval_results.json,,stump_2_n70_s42_c0.0_p100000_random_timing_minfarthestpose,1.1531,0.176857,70,4.945385,,,,7.7726790110270185,28060.35400390625,32358,2.7187423706054688,/home/ojab2/work/git/vggt/vggt_outputs/stump_2_n70_s42_c0.0_p100000_random_timing_minfarthestpose/eval_results.json,stump_2_n70_s42_c0.0_p100000_random_timing_minfarthestpose,,,,,False,0,vggt,70.0
vggt,70,42,0.0,100000,random,,,,0,10,minfarthestpose,,,,,,,False,,,,,0.0,,False,1.0,1.0,vggt,lego,,,,,,MCMC,,,,,,,,,,,sfm,,synthetic,,,,,,,,,,,,/home/ojab2/work/git/vggt/vggt_outputs/lego_1_n70_s42_c0.0_p100000_random_timing_minfarthestpose/eval_results.json,,lego_1_n70_s42_c0.0_p100000_random_timing_minfarthestpose,0.3397,0.018862,70,4.060608,0.0482,0.0136,0.1162,7.777335087458293,28060.35400390625,32358,2.6446340084075928,/home/ojab2/work/git/vggt/vggt_outputs/lego_1_n70_s42_c0.0_p100000_random_timing_minfarthestpose/eval_results.json,lego_1_n70_s42_c0.0_p100000_random_timing_minfarthestpose,,,,,False,0,vggt,70.0
vggt,70,42,0.0,100000,random,,,,0,10,minfarthestpose,,,,,,,False,,,,,0.0,,False,1.0,1.0,vggt,ship,,,,,,MCMC,,,,,,,,,,,sfm,,synthetic,,,,,,,,,,,,/home/ojab2/work/git/vggt/vggt_outputs/ship_1_n70_s42_c0.0_p100000_random_timing_minfarthestpose/eval_results.json,,ship_1_n70_s42_c0.0_p100000_random_timing_minfarthestpose,0.4913,0.030434,70,4.211942,0.0977,0.0263,0.2382,7.7743293444315595,28060.35400390625,32358,2.6634128093719482,/home/ojab2/work/git/vggt/vggt_outputs/ship_1_n70_s42_c0.0_p100000_random_timing_minfarthestpose/eval_results.json,ship_1_n70_s42_c0.0_p100000_random_timing_minfarthestpose,,,,,False,0,vggt,70.0
vggt,80,42,0.0,100000,random,,,,0,10,minfarthestpose,80,GT Eval,,,,,False,,,,,0.0,,False,1.0,1.0,vggt,bonsai,,,15000,15000,,MCMC,,,,,,,,,,,gsplat,,indoor,18.26264762878418,0.37930890917778015,0.5835748910903931,1000000,0.02335357293486595,0.8208662867546082,,,0.3517604910219699,0.3465126142655316,100000,/home/ojab2/work/git/gsplat/results/vggt_outputs/bonsai_2_n80_s42_c0.0_p100000_random_timing_minfarthestpose_i80_gteval_steps15000/stats/val_step14999.json,/home/ojab2/work/git/gsplat/results/vggt_outputs/bonsai_2_n80_s42_c0.0_p100000_random_timing_minfarthestpose_i80_gteval_steps15000/stats/val_step14999.json,bonsai_2_n80_s42_c0.0_p100000_random_timing_minfarthestpose_i80_gteval_steps15000,0.8208,0.096051,80,7.780013,,,,9.581416765848795,31121.44091796875,35196,2.999016761779785,/home/ojab2/work/git/vggt/vggt_outputs/bonsai_2_n80_s42_c0.0_p100000_random_timing_minfarthestpose/eval_results.json,bonsai_2_n80_s42_c0.0_p100000_random_timing_minfarthestpose,bonsai_2_n80_s42_c0.0_p100000_random_timing_minfarthestpose_i80_gteval_steps15000_val_step14999.json,100000,,,False,0,vggt,80.0
vggt,80,42,0.0,100000,random,,,,0,10,minfarthestpose,80,GT Eval,,,,,False,,,,,0.0,,False,1.0,1.0,vggt,kitchen,,,15000,15000,,MCMC,,,,,,,,,,,gsplat,,indoor,20.397432327270508,0.2304961085319519,0.48633238673210144,1000000,0.00570682343095541,0.2842715382575989,,,0.42628633286598216,0.3187758987599076,100000,/home/ojab2/work/git/gsplat/results/vggt_outputs/kitchen_2_n80_s42_c0.0_p100000_random_timing_minfarthestpose_i80_gteval_steps15000/stats/val_step14999.json,/home/ojab2/work/git/gsplat/results/vggt_outputs/kitchen_2_n80_s42_c0.0_p100000_random_timing_minfarthestpose_i80_gteval_steps15000/stats/val_step14999.json,kitchen_2_n80_s42_c0.0_p100000_random_timing_minfarthestpose_i80_gteval_steps15000,0.2843,0.026957,80,4.144684,,,,9.594533522923788,31121.44091796875,35196,3.0144786834716797,/home/ojab2/work/git/vggt/vggt_outputs/kitchen_2_n80_s42_c0.0_p100000_random_timing_minfarthestpose/eval_results.json,kitchen_2_n80_s42_c0.0_p100000_random_timing_minfarthestpose,kitchen_2_n80_s42_c0.0_p100000_random_timing_minfarthestpose_i80_gteval_steps15000_val_step14999.json,100000,,,False,0,vggt,80.0
vggt,80,42,0.0,100000,random,,,,0,10,minfarthestpose,80,GT Eval,,,,,False,,,,,0.0,,False,1.0,1.0,vggt,counter,,,15000,15000,,MCMC,,,,,,,,,,,gsplat,,indoor,20.56151008605957,0.27360573410987854,0.628084659576416,1000000,0.007485846523195505,0.35863402485847473,,,0.48560999588504716,0.2974138414223404,100000,/home/ojab2/work/git/gsplat/results/vggt_outputs/counter_2_n80_s42_c0.0_p100000_random_timing_minfarthestpose_i80_gteval_steps15000/stats/val_step14999.json,/home/ojab2/work/git/gsplat/results/vggt_outputs/counter_2_n80_s42_c0.0_p100000_random_timing_minfarthestpose_i80_gteval_steps15000/stats/val_step14999.json,counter_2_n80_s42_c0.0_p100000_random_timing_minfarthestpose_i80_gteval_steps15000,0.3586,0.029914,80,4.47013,,,,9.59746511777242,31121.44091796875,35196,3.036609649658203,/home/ojab2/work/git/vggt/vggt_outputs/counter_2_n80_s42_c0.0_p100000_random_timing_minfarthestpose/eval_results.json,counter_2_n80_s42_c0.0_p100000_random_timing_minfarthestpose,counter_2_n80_s42_c0.0_p100000_random_timing_minfarthestpose_i80_gteval_steps15000_val_step14999.json,100000,,,False,0,vggt,80.0
vggt,80,42,0.0,100000,random,,,,0,10,minfarthestpose,,,,,,,False,,,,,0.0,,False,1.0,1.0,vggt,bicycle,,,,,,MCMC,,,,,,,,,,,sfm,,outdoor,,,,,,,,,,,,/home/ojab2/work/git/vggt/vggt_outputs/bicycle_4_n80_s42_c0.0_p100000_random_timing_minfarthestpose/eval_results.json,,bicycle_4_n80_s42_c0.0_p100000_random_timing_minfarthestpose,0.9233,0.065463,80,5.217082,,,,9.692562007904053,31121.44091796875,35196,3.0496907234191895,/home/ojab2/work/git/vggt/vggt_outputs/bicycle_4_n80_s42_c0.0_p100000_random_timing_minfarthestpose/eval_results.json,bicycle_4_n80_s42_c0.0_p100000_random_timing_minfarthestpose,,,,,False,0,vggt,80.0
vggt,80,42,0.0,100000,random,,,,0,10,minfarthestpose,,,,,,,False,,,,,0.0,,False,1.0,1.0,vggt,garden,,,,,,MCMC,,,,,,,,,,,sfm,,outdoor,,,,,,,,,,,,/home/ojab2/work/git/vggt/vggt_outputs/garden_2_n80_s42_c0.0_p100000_random_timing_minfarthestpose/eval_results.json,,garden_2_n80_s42_c0.0_p100000_random_timing_minfarthestpose,0.3854,0.026429,80,6.047016,,,,9.55961275100708,31121.44091796875,35196,3.06177020072937,/home/ojab2/work/git/vggt/vggt_outputs/garden_2_n80_s42_c0.0_p100000_random_timing_minfarthestpose/eval_results.json,garden_2_n80_s42_c0.0_p100000_random_timing_minfarthestpose,,,,,False,0,vggt,80.0
vggt,80,42,0.0,100000,random,,,,0,10,minfarthestpose,,,,,,,False,,,,,0.0,,False,1.0,1.0,vggt,stump,,,,,,MCMC,,,,,,,,,,,sfm,,outdoor,,,,,,,,,,,,/home/ojab2/work/git/vggt/vggt_outputs/stump_2_n80_s42_c0.0_p100000_random_timing_minfarthestpose/eval_results.json,,stump_2_n80_s42_c0.0_p100000_random_timing_minfarthestpose,1.0265,0.18019,80,4.726412,,,,9.569820483525595,31121.44091796875,35196,3.02746319770813,/home/ojab2/work/git/vggt/vggt_outputs/stump_2_n80_s42_c0.0_p100000_random_timing_minfarthestpose/eval_results.json,stump_2_n80_s42_c0.0_p100000_random_timing_minfarthestpose,,,,,False,0,vggt,80.0
vggt,80,42,0.0,100000,random,,,,0,10,minfarthestpose,,,,,,,False,,,,,0.0,,False,1.0,1.0,vggt,lego,,,,,,MCMC,,,,,,,,,,,sfm,,synthetic,,,,,,,,,,,,/home/ojab2/work/git/vggt/vggt_outputs/lego_1_n80_s42_c0.0_p100000_random_timing_minfarthestpose/eval_results.json,,lego_1_n80_s42_c0.0_p100000_random_timing_minfarthestpose,0.327,0.018619,80,4.050801,0.0469,0.0133,0.1179,9.583478530248007,31121.44091796875,35196,2.968531608581543,/home/ojab2/work/git/vggt/vggt_outputs/lego_1_n80_s42_c0.0_p100000_random_timing_minfarthestpose/eval_results.json,lego_1_n80_s42_c0.0_p100000_random_timing_minfarthestpose,,,,,False,0,vggt,80.0
vggt,80,42,0.0,100000,random,,,,0,10,minfarthestpose,,,,,,,False,,,,,0.0,,False,1.0,1.0,vggt,ship,,,,,,MCMC,,,,,,,,,,,sfm,,synthetic,,,,,,,,,,,,/home/ojab2/work/git/vggt/vggt_outputs/ship_1_n80_s42_c0.0_p100000_random_timing_minfarthestpose/eval_results.json,,ship_1_n80_s42_c0.0_p100000_random_timing_minfarthestpose,0.4596,0.026099,80,4.293598,0.1029,0.0277,0.2398,9.584108829498291,31121.44091796875,35196,2.9831535816192627,/home/ojab2/work/git/vggt/vggt_outputs/ship_1_n80_s42_c0.0_p100000_random_timing_minfarthestpose/eval_results.json,ship_1_n80_s42_c0.0_p100000_random_timing_minfarthestpose,,,,,False,0,vggt,80.0
vggt,87,42,0.0,100000,random,,,,0,10,farthestpose,,,,,,,False,,,,,0.0,,False,1.0,1.0,vggt,lego,,,,,,MCMC,,,,,,,,,,,sfm,,synthetic,,,,,,,,,,,,/home/ojab2/work/git/vggt/vggt_outputs/lego_1_n87_s42_c0.0_p100000_random_timing_farthestpose/eval_results.json,,lego_1_n87_s42_c0.0_p100000_random_timing_farthestpose,0.2976,0.018838,87,4.04904,0.0478,0.0135,0.118,11.006284395853678,33275.59619140625,37374,3.1492176055908203,/home/ojab2/work/git/vggt/vggt_outputs/lego_1_n87_s42_c0.0_p100000_random_timing_farthestpose/eval_results.json,lego_1_n87_s42_c0.0_p100000_random_timing_farthestpose,,,,,False,0,vggt,87.0
vggt,87,42,0.0,100000,random,,,,0,10,farthestpose,,,,,,,False,,,,,0.0,,False,1.0,1.0,vggt,ship,,,,,,MCMC,,,,,,,,,,,sfm,,synthetic,,,,,,,,,,,,/home/ojab2/work/git/vggt/vggt_outputs/ship_1_n87_s42_c0.0_p100000_random_timing_farthestpose/eval_results.json,,ship_1_n87_s42_c0.0_p100000_random_timing_farthestpose,0.4869,0.027807,87,4.301907,0.1056,0.0284,0.2389,10.982179164886475,33275.59619140625,37374,3.1730589866638184,/home/ojab2/work/git/vggt/vggt_outputs/ship_1_n87_s42_c0.0_p100000_random_timing_farthestpose/eval_results.json,ship_1_n87_s42_c0.0_p100000_random_timing_farthestpose,,,,,False,0,vggt,87.0
vggt,90,42,0.0,100000,random,,,,0,10,minfarthestpose,90,GT Eval,,,,,False,,,,,0.0,,False,1.0,1.0,vggt,bonsai,,,15000,15000,,MCMC,,,,,,,,,,,gsplat,,indoor,18.62495994567871,0.37286102771759033,0.5919528007507324,1000000,0.023255636915564537,0.734389066696167,,,0.3673495144871941,0.3417904954640446,100000,/home/ojab2/work/git/gsplat/results/vggt_outputs/bonsai_2_n90_s42_c0.0_p100000_random_timing_minfarthestpose_i90_gteval_steps15000/stats/val_step14999.json,/home/ojab2/work/git/gsplat/results/vggt_outputs/bonsai_2_n90_s42_c0.0_p100000_random_timing_minfarthestpose_i90_gteval_steps15000/stats/val_step14999.json,bonsai_2_n90_s42_c0.0_p100000_random_timing_minfarthestpose_i90_gteval_steps15000,0.7344,0.095629,90,7.854932,,,,11.614909489949545,34199.01318359375,38508,3.293956756591797,/home/ojab2/work/git/vggt/vggt_outputs/bonsai_2_n90_s42_c0.0_p100000_random_timing_minfarthestpose/eval_results.json,bonsai_2_n90_s42_c0.0_p100000_random_timing_minfarthestpose,bonsai_2_n90_s42_c0.0_p100000_random_timing_minfarthestpose_i90_gteval_steps15000_val_step14999.json,100000,,,False,0,vggt,90.0
vggt,90,42,0.0,100000,random,,,,0,10,minfarthestpose,90,GT Eval,,,,,False,,,,,0.0,,False,1.0,1.0,vggt,kitchen,,,15000,15000,,MCMC,,,,,,,,,,,gsplat,,indoor,20.02642822265625,0.23751994967460632,0.47022202610969543,1000000,0.005717134568840265,0.3207058310508728,,,0.40565891855331576,0.32510592200679966,100000,/home/ojab2/work/git/gsplat/results/vggt_outputs/kitchen_2_n90_s42_c0.0_p100000_random_timing_minfarthestpose_i90_gteval_steps15000/stats/val_step14999.json,/home/ojab2/work/git/gsplat/results/vggt_outputs/kitchen_2_n90_s42_c0.0_p100000_random_timing_minfarthestpose_i90_gteval_steps15000/stats/val_step14999.json,kitchen_2_n90_s42_c0.0_p100000_random_timing_minfarthestpose_i90_gteval_steps15000,0.3203,0.026849,90,4.157845,,,,11.581616401672363,34199.01318359375,38508,3.3099381923675537,/home/ojab2/work/git/vggt/vggt_outputs/kitchen_2_n90_s42_c0.0_p100000_random_timing_minfarthestpose/eval_results.json,kitchen_2_n90_s42_c0.0_p100000_random_timing_minfarthestpose,kitchen_2_n90_s42_c0.0_p100000_random_timing_minfarthestpose_i90_gteval_steps15000_val_step14999.json,100000,,,False,0,vggt,90.0
vggt,90,42,0.0,100000,random,,,,0,10,minfarthestpose,90,GT Eval,,,,,False,,,,,0.0,,False,1.0,1.0,vggt,counter,,,15000,15000,,MCMC,,,,,,,,,,,gsplat,,indoor,19.92111587524414,0.29384902119636536,0.614004373550415,1000000,0.007487339898943901,0.3956444561481476,,,0.4530209022113608,0.30843926039263053,100000,/home/ojab2/work/git/gsplat/results/vggt_outputs/counter_2_n90_s42_c0.0_p100000_random_timing_minfarthestpose_i90_gteval_steps15000/stats/val_step14999.json,/home/ojab2/work/git/gsplat/results/vggt_outputs/counter_2_n90_s42_c0.0_p100000_random_timing_minfarthestpose_i90_gteval_steps15000/stats/val_step14999.json,counter_2_n90_s42_c0.0_p100000_random_timing_minfarthestpose_i90_gteval_steps15000,0.3956,0.030141,90,4.47758,,,,11.6162322362264,34199.01318359375,38508,3.359441041946411,/home/ojab2/work/git/vggt/vggt_outputs/counter_2_n90_s42_c0.0_p100000_random_timing_minfarthestpose/eval_results.json,counter_2_n90_s42_c0.0_p100000_random_timing_minfarthestpose,counter_2_n90_s42_c0.0_p100000_random_timing_minfarthestpose_i90_gteval_steps15000_val_step14999.json,100000,,,False,0,vggt,90.0
vggt,90,42,0.0,100000,random,,,,0,10,minfarthestpose,,,,,,,False,,,,,0.0,,False,1.0,1.0,vggt,bicycle,,,,,,MCMC,,,,,,,,,,,sfm,,outdoor,,,,,,,,,,,,/home/ojab2/work/git/vggt/vggt_outputs/bicycle_4_n90_s42_c0.0_p100000_random_timing_minfarthestpose/eval_results.json,,bicycle_4_n90_s42_c0.0_p100000_random_timing_minfarthestpose,0.7367,0.06455,90,5.282349,,,,11.652852654457092,34199.01318359375,38508,3.330568313598633,/home/ojab2/work/git/vggt/vggt_outputs/bicycle_4_n90_s42_c0.0_p100000_random_timing_minfarthestpose/eval_results.json,bicycle_4_n90_s42_c0.0_p100000_random_timing_minfarthestpose,,,,,False,0,vggt,90.0
vggt,90,42,0.0,100000,random,,,,0,10,minfarthestpose,,,,,,,False,,,,,0.0,,False,1.0,1.0,vggt,garden,,,,,,MCMC,,,,,,,,,,,sfm,,outdoor,,,,,,,,,,,,/home/ojab2/work/git/vggt/vggt_outputs/garden_2_n90_s42_c0.0_p100000_random_timing_minfarthestpose/eval_results.json,,garden_2_n90_s42_c0.0_p100000_random_timing_minfarthestpose,0.3643,0.026694,90,6.044204,,,,11.57028047243754,34199.01318359375,38508,3.314161539077759,/home/ojab2/work/git/vggt/vggt_outputs/garden_2_n90_s42_c0.0_p100000_random_timing_minfarthestpose/eval_results.json,garden_2_n90_s42_c0.0_p100000_random_timing_minfarthestpose,,,,,False,0,vggt,90.0
vggt,90,42,0.0,100000,random,,,,0,10,minfarthestpose,,,,,,,False,,,,,0.0,,False,1.0,1.0,vggt,stump,,,,,,MCMC,,,,,,,,,,,sfm,,outdoor,,,,,,,,,,,,/home/ojab2/work/git/vggt/vggt_outputs/stump_2_n90_s42_c0.0_p100000_random_timing_minfarthestpose/eval_results.json,,stump_2_n90_s42_c0.0_p100000_random_timing_minfarthestpose,0.8567,0.174147,90,4.625971,,,,11.622942845026651,34199.01318359375,38508,3.2828080654144287,/home/ojab2/work/git/vggt/vggt_outputs/stump_2_n90_s42_c0.0_p100000_random_timing_minfarthestpose/eval_results.json,stump_2_n90_s42_c0.0_p100000_random_timing_minfarthestpose,,,,,False,0,vggt,90.0
vggt,100,42,0.0,100000,random,,,,0,10,minfarthestpose,100,GT Eval,,,,,False,,,,,0.0,,False,1.0,1.0,vggt,bonsai,,,15000,15000,,MCMC,,,,,,,,,,,gsplat,,indoor,18.659160614013672,0.3739560544490814,0.5956034660339355,1000000,0.023722030222415924,0.7308099269866943,,,0.36944180974873575,0.3411649771651251,100000,/home/ojab2/work/git/gsplat/results/vggt_outputs/bonsai_2_n100_s42_c0.0_p100000_random_timing_minfarthestpose_i100_gteval_steps15000/stats/val_step14999.json,/home/ojab2/work/git/gsplat/results/vggt_outputs/bonsai_2_n100_s42_c0.0_p100000_random_timing_minfarthestpose_i100_gteval_steps15000/stats/val_step14999.json,bonsai_2_n100_s42_c0.0_p100000_random_timing_minfarthestpose_i100_gteval_steps15000,0.7308,0.098078,100,7.817163,,,,13.761577924092611,37285.01025390625,41472,3.6275224685668945,/home/ojab2/work/git/vggt/vggt_outputs/bonsai_2_n100_s42_c0.0_p100000_random_timing_minfarthestpose/eval_results.json,bonsai_2_n100_s42_c0.0_p100000_random_timing_minfarthestpose,bonsai_2_n100_s42_c0.0_p100000_random_timing_minfarthestpose_i100_gteval_steps15000_val_step14999.json,100000,,,False,0,vggt,100.0
vggt,100,42,0.0,100000,random,,,,0,10,minfarthestpose,100,GT Eval,,,,,False,,,,,0.0,,False,1.0,1.0,vggt,kitchen,,,15000,15000,,MCMC,,,,,,,,,,,gsplat,,indoor,20.443286895751953,0.23030945658683777,0.4850448668003082,1000000,0.005697792861610651,0.28279656171798706,,,0.4264977731590072,0.31898095287598854,100000,/home/ojab2/work/git/gsplat/results/vggt_outputs/kitchen_2_n100_s42_c0.0_p100000_random_timing_minfarthestpose_i100_gteval_steps15000/stats/val_step14999.json,/home/ojab2/work/git/gsplat/results/vggt_outputs/kitchen_2_n100_s42_c0.0_p100000_random_timing_minfarthestpose_i100_gteval_steps15000/stats/val_step14999.json,kitchen_2_n100_s42_c0.0_p100000_random_timing_minfarthestpose_i100_gteval_steps15000,0.2827,0.025851,100,4.144792,,,,13.740333080291748,37285.01025390625,41472,3.6355650424957275,/home/ojab2/work/git/vggt/vggt_outputs/kitchen_2_n100_s42_c0.0_p100000_random_timing_minfarthestpose/eval_results.json,kitchen_2_n100_s42_c0.0_p100000_random_timing_minfarthestpose,kitchen_2_n100_s42_c0.0_p100000_random_timing_minfarthestpose_i100_gteval_steps15000_val_step14999.json,100000,,,False,0,vggt,100.0
vggt,100,42,0.0,100000,random,,,,0,10,minfarthestpose,100,GT Eval,,,,,False,,,,,0.0,,False,1.0,1.0,vggt,counter,,,15000,15000,,MCMC,,,,,,,,,,,gsplat,,indoor,20.052061080932617,0.29201075434684753,0.6177919507026672,1000000,0.007659002672880888,0.3872610032558441,,,0.4587955034499512,0.30670712185015575,100000,/home/ojab2/work/git/gsplat/results/vggt_outputs/counter_2_n100_s42_c0.0_p100000_random_timing_minfarthestpose_i100_gteval_steps15000/stats/val_step14999.json,/home/ojab2/work/git/gsplat/results/vggt_outputs/counter_2_n100_s42_c0.0_p100000_random_timing_minfarthestpose_i100_gteval_steps15000/stats/val_step14999.json,counter_2_n100_s42_c0.0_p100000_random_timing_minfarthestpose_i100_gteval_steps15000,0.3873,0.030482,100,4.485239,,,,13.782190799713135,37285.01025390625,41472,3.6915767192840576,/home/ojab2/work/git/vggt/vggt_outputs/counter_2_n100_s42_c0.0_p100000_random_timing_minfarthestpose/eval_results.json,counter_2_n100_s42_c0.0_p100000_random_timing_minfarthestpose,counter_2_n100_s42_c0.0_p100000_random_timing_minfarthestpose_i100_gteval_steps15000_val_step14999.json,100000,,,False,0,vggt,100.0
vggt,100,42,0.0,100000,random,,,,0,10,minfarthestpose,,,,,,,False,,,,,0.0,,False,1.0,1.0,vggt,bicycle,,,,,,MCMC,,,,,,,,,,,sfm,,outdoor,,,,,,,,,,,,/home/ojab2/work/git/vggt/vggt_outputs/bicycle_4_n100_s42_c0.0_p100000_random_timing_minfarthestpose/eval_results.json,,bicycle_4_n100_s42_c0.0_p100000_random_timing_minfarthestpose,0.679,0.066492,100,5.275284,,,,13.795529508590699,37285.01025390625,41472,4.367720365524292,/home/ojab2/work/git/vggt/vggt_outputs/bicycle_4_n100_s42_c0.0_p100000_random_timing_minfarthestpose/eval_results.json,bicycle_4_n100_s42_c0.0_p100000_random_timing_minfarthestpose,,,,,False,0,vggt,100.0
vggt,100,42,0.0,100000,random,,,,0,10,minfarthestpose,,,,,,,False,,,,,0.0,,False,1.0,1.0,vggt,garden,,,,,,MCMC,,,,,,,,,,,sfm,,outdoor,,,,,,,,,,,,/home/ojab2/work/git/vggt/vggt_outputs/garden_2_n100_s42_c0.0_p100000_random_timing_minfarthestpose/eval_results.json,,garden_2_n100_s42_c0.0_p100000_random_timing_minfarthestpose,0.3804,0.027315,100,5.951851,,,,13.706010103225708,37285.01025390625,41472,3.602263927459717,/home/ojab2/work/git/vggt/vggt_outputs/garden_2_n100_s42_c0.0_p100000_random_timing_minfarthestpose/eval_results.json,garden_2_n100_s42_c0.0_p100000_random_timing_minfarthestpose,,,,,False,0,vggt,100.0
vggt,100,42,0.0,100000,random,,,,0,10,minfarthestpose,,,,,,,False,,,,,0.0,,False,1.0,1.0,vggt,stump,,,,,,MCMC,,,,,,,,,,,sfm,,outdoor,,,,,,,,,,,,/home/ojab2/work/git/vggt/vggt_outputs/stump_2_n100_s42_c0.0_p100000_random_timing_minfarthestpose/eval_results.json,,stump_2_n100_s42_c0.0_p100000_random_timing_minfarthestpose,0.896,0.157243,100,4.606866,,,,13.77382763226827,37285.01025390625,41472,3.600574254989624,/home/ojab2/work/git/vggt/vggt_outputs/stump_2_n100_s42_c0.0_p100000_random_timing_minfarthestpose/eval_results.json,stump_2_n100_s42_c0.0_p100000_random_timing_minfarthestpose,,,,,False,0,vggt,100.0
