method,num_images,seed,conf_thres_value,num_points,sampling_mode,near_filtering_strength,near_filtering_quorum,reconstruct_pose_opt,optimisation_iterations,optimisation_neighbourhood,image_mode,num_cameras,gt_eval,use_gt_extrinsics,use_gt_intrinsics,use_gt_points,pose_opt,run_mvs,pose_opt_module,eval_opt,depth_loss_mode,error_opa,depth_lambda,depth_conf_mode,depth_conf_shifted,loss_multiplier,pose_loss_multiplier,choice,dataset,camera_type,copy_mode,val_step,num_steps,colmap_mode,splatting_strategy,camera_src,pcd_src,align_mode,align_glue,shared_camera,keep_backup_cams,random_init,use_ba,feature_extractor,max_ba_iterations,source,series_label_override,dataset_collection,psnr,lpips,ssim,num_GS,eval_rte,eval_rre,depth_l1,depth_abs_rel,quality,avge,real_num_points,file_path,gsplat_file_path,folder,rre,rte,num_aligned,alignment_scale,pred_depth_l1,pred_depth_absrel,pred_depth_rmse,inference_time,peak_memory_mb,peak_memory_reserved_mb,processing_time,sfm_file_path,input_folder,output_folder,initial_points,failed_sfm_file_path,gsplat_cfg_file_path,plot_series,num_images_jitter
colmap,10,42,,,,,,,0,10,minfarthestpose,10,GT Eval,,,,,False,,,,,0.0,,False,1.0,1.0,colmap,lego,pinhole,,15000,15000,default,MCMC,,,,,Shared Cam,,,,,,gsplat_cfg,,synthetic,,,,,,,,,,,,/home/ojab2/work/git/gsplat/results/colmap_outputs/lego_1_n10_s42_default_mpinhole_minfarthestpose_sharedcam_i10_gteval_steps15000/stats/config.json,,lego_1_n10_s42_default_mpinhole_minfarthestpose_sharedcam_i10_gteval_steps15000,,,,,,,,,,,,,lego_1_n10_s42_default_mpinhole_minfarthestpose_sharedcam_i10_gteval_steps15000,,,,/home/ojab2/work/git/gsplat/results/colmap_outputs/lego_1_n10_s42_default_mpinhole_minfarthestpose_sharedcam_i10_gteval_steps15000/stats/config.json,colmap | ,10.0
colmap,10,42,,,,,,,0,10,minfarthestpose,10,GT Eval,,,,,False,,,,,0.0,,False,1.0,1.0,colmap,ship,pinhole,,15000,15000,default,MCMC,,,,,Shared Cam,,,,,,gsplat_cfg,,synthetic,,,,,,,,,,,,/home/ojab2/work/git/gsplat/results/colmap_outputs/ship_1_n10_s42_default_mpinhole_minfarthestpose_sharedcam_i10_gteval_steps15000/stats/config.json,,ship_1_n10_s42_default_mpinhole_minfarthestpose_sharedcam_i10_gteval_steps15000,,,,,,,,,,,,,ship_1_n10_s42_default_mpinhole_minfarthestpose_sharedcam_i10_gteval_steps15000,,,,/home/ojab2/work/git/gsplat/results/colmap_outputs/ship_1_n10_s42_default_mpinhole_minfarthestpose_sharedcam_i10_gteval_steps15000/stats/config.json,colmap | ,10.0
colmap,10,42,,,,,,,0,10,minfarthestpose,10,GT Eval,,,,,False,,,,,0.0,,False,1.0,1.0,colmap,drums,pinhole,,15000,15000,default,MCMC,,,,,Shared Cam,,,,,,gsplat_cfg,,synthetic,,,,,,,,,,,,/home/ojab2/work/git/gsplat/results/colmap_outputs/drums_1_n10_s42_default_mpinhole_minfarthestpose_sharedcam_i10_gteval_steps15000/stats/config.json,,drums_1_n10_s42_default_mpinhole_minfarthestpose_sharedcam_i10_gteval_steps15000,,,,,,,,,,,,,drums_1_n10_s42_default_mpinhole_minfarthestpose_sharedcam_i10_gteval_steps15000,,,,/home/ojab2/work/git/gsplat/results/colmap_outputs/drums_1_n10_s42_default_mpinhole_minfarthestpose_sharedcam_i10_gteval_steps15000/stats/config.json,colmap | ,10.0
colmap,20,42,,67,,,,,0,10,minfarthestpose,20,GT Eval,,,,,False,,,,,0.0,,False,1.0,1.0,colmap,ship,pinhole,,15000,15000,default,MCMC,,,,,Shared Cam,,,,,,gsplat,,synthetic,14.546066284179688,0.499622642993927,0.4738180339336395,64306,0.006353143136948347,0.5407867431640625,0.08383258432149887,0.10037008672952652,0.14448187705988697,0.42003787590540853,67,/home/ojab2/work/git/gsplat/results/colmap_outputs/ship_1_n20_s42_default_mpinhole_minfarthestpose_sharedcam_i20_gteval_steps15000/stats/val_step14999.json,/home/ojab2/work/git/gsplat/results/colmap_outputs/ship_1_n20_s42_default_mpinhole_minfarthestpose_sharedcam_i20_gteval_steps15000/stats/val_step14999.json,ship_1_n20_s42_default_mpinhole_minfarthestpose_sharedcam_i20_gteval_steps15000,0.5408,0.007211,3,0.234548,,,,2.050295352935791,6468,6468,0,/home/ojab2/work/git/vggt/colmap_outputs/ship_1_n20_s42_default_mpinhole_minfarthestpose_sharedcam/eval_results.json,ship_1_n20_s42_default_mpinhole_minfarthestpose_sharedcam,ship_1_n20_s42_default_mpinhole_minfarthestpose_sharedcam_i20_gteval_steps15000_val_step14999.json,67,,,colmap | ,20.0
colmap,20,42,,,,,,,0,10,minfarthestpose,20,GT Eval,,,,,False,,,,,0.0,,False,1.0,1.0,colmap,lego,pinhole,,15000,15000,default,MCMC,,,,,Shared Cam,,,,,,gsplat_cfg,,synthetic,,,,,,,,,,,,/home/ojab2/work/git/gsplat/results/colmap_outputs/lego_1_n20_s42_default_mpinhole_minfarthestpose_sharedcam_i20_gteval_steps15000/stats/config.json,,lego_1_n20_s42_default_mpinhole_minfarthestpose_sharedcam_i20_gteval_steps15000,,,,,,,,,,,,,lego_1_n20_s42_default_mpinhole_minfarthestpose_sharedcam_i20_gteval_steps15000,,,,/home/ojab2/work/git/gsplat/results/colmap_outputs/lego_1_n20_s42_default_mpinhole_minfarthestpose_sharedcam_i20_gteval_steps15000/stats/config.json,colmap | ,20.0
colmap,20,42,,,,,,,0,10,minfarthestpose,20,GT Eval,,,,,False,,,,,0.0,,False,1.0,1.0,colmap,drums,pinhole,,15000,15000,default,MCMC,,,,,Shared Cam,,,,,,gsplat_cfg,,synthetic,,,,,,,,,,,,/home/ojab2/work/git/gsplat/results/colmap_outputs/drums_1_n20_s42_default_mpinhole_minfarthestpose_sharedcam_i20_gteval_steps15000/stats/config.json,,drums_1_n20_s42_default_mpinhole_minfarthestpose_sharedcam_i20_gteval_steps15000,,,,,,,,,,,,,drums_1_n20_s42_default_mpinhole_minfarthestpose_sharedcam_i20_gteval_steps15000,,,,/home/ojab2/work/git/gsplat/results/colmap_outputs/drums_1_n20_s42_default_mpinhole_minfarthestpose_sharedcam_i20_gteval_steps15000/stats/config.json,colmap | ,20.0
colmap,30,42,,172,,,,,0,10,minfarthestpose,30,GT Eval,,,,,False,,,,,0.0,,False,1.0,1.0,colmap,ship,pinhole,,15000,15000,default,MCMC,,,,,Shared Cam,,,,,,gsplat,,synthetic,16.88872718811035,0.4083384573459625,0.5996946692466736,183435,0.0208862517029047,3.2384636402130127,0.07897612452507019,0.05965162068605423,0.3178248165721162,0.3538352577892912,172,/home/ojab2/work/git/gsplat/results/colmap_outputs/ship_1_n30_s42_default_mpinhole_minfarthestpose_sharedcam_i30_gteval_steps15000/stats/val_step14999.json,/home/ojab2/work/git/gsplat/results/colmap_outputs/ship_1_n30_s42_default_mpinhole_minfarthestpose_sharedcam_i30_gteval_steps15000/stats/val_step14999.json,ship_1_n30_s42_default_mpinhole_minfarthestpose_sharedcam_i30_gteval_steps15000,3.2385,0.035257,6,0.5679,,,,3.161612033843994,6532,6532,0,/home/ojab2/work/git/vggt/colmap_outputs/ship_1_n30_s42_default_mpinhole_minfarthestpose_sharedcam/eval_results.json,ship_1_n30_s42_default_mpinhole_minfarthestpose_sharedcam,ship_1_n30_s42_default_mpinhole_minfarthestpose_sharedcam_i30_gteval_steps15000_val_step14999.json,172,,,colmap | ,30.0
colmap,30,42,,413,,,,,0,10,minfarthestpose,30,GT Eval,,,,,False,,,,,0.0,,False,1.0,1.0,colmap,lego,pinhole,,15000,15000,default,MCMC,,,,,Shared Cam,,,,,,gsplat,,synthetic,16.01102066040039,0.2585829496383667,0.6198015213012695,453033,0.38668182492256165,21.29117774963379,0.06591394543647766,0.05419984459877014,0.40577105642372013,0.30008017329109027,413,/home/ojab2/work/git/gsplat/results/colmap_outputs/lego_1_n30_s42_default_mpinhole_minfarthestpose_sharedcam_i30_gteval_steps15000/stats/val_step14999.json,/home/ojab2/work/git/gsplat/results/colmap_outputs/lego_1_n30_s42_default_mpinhole_minfarthestpose_sharedcam_i30_gteval_steps15000/stats/val_step14999.json,lego_1_n30_s42_default_mpinhole_minfarthestpose_sharedcam_i30_gteval_steps15000,21.1938,0.973657,14,0.804279,,,,21.007774114608765,6010,6010,0,/home/ojab2/work/git/vggt/colmap_outputs/lego_1_n30_s42_default_mpinhole_minfarthestpose_sharedcam/eval_results.json,lego_1_n30_s42_default_mpinhole_minfarthestpose_sharedcam,lego_1_n30_s42_default_mpinhole_minfarthestpose_sharedcam_i30_gteval_steps15000_val_step14999.json,413,,,colmap | ,30.0
colmap,30,42,,,,,,,0,10,minfarthestpose,30,GT Eval,,,,,False,,,,,0.0,,False,1.0,1.0,colmap,drums,pinhole,,15000,15000,default,MCMC,,,,,Shared Cam,,,,,,gsplat_cfg,,synthetic,,,,,,,,,,,,/home/ojab2/work/git/gsplat/results/colmap_outputs/drums_1_n30_s42_default_mpinhole_minfarthestpose_sharedcam_i30_gteval_steps15000/stats/config.json,,drums_1_n30_s42_default_mpinhole_minfarthestpose_sharedcam_i30_gteval_steps15000,,,,,,,,,,,,,drums_1_n30_s42_default_mpinhole_minfarthestpose_sharedcam_i30_gteval_steps15000,,,,/home/ojab2/work/git/gsplat/results/colmap_outputs/drums_1_n30_s42_default_mpinhole_minfarthestpose_sharedcam_i30_gteval_steps15000/stats/config.json,colmap | ,30.0
colmap,40,42,,268,,,,,0,10,minfarthestpose,40,GT Eval,,,,,False,,,,,0.0,,False,1.0,1.0,colmap,ship,pinhole,,15000,15000,default,MCMC,,,,,Shared Cam,,,,,,gsplat,,synthetic,17.9700927734375,0.3304239511489868,0.6273350119590759,291657,0.021387474611401558,1.0151371955871582,0.06718946993350983,0.051005151122808456,0.40210942249161763,0.3189484436694192,268,/home/ojab2/work/git/gsplat/results/colmap_outputs/ship_1_n40_s42_default_mpinhole_minfarthestpose_sharedcam_i40_gteval_steps15000/stats/val_step14999.json,/home/ojab2/work/git/gsplat/results/colmap_outputs/ship_1_n40_s42_default_mpinhole_minfarthestpose_sharedcam_i40_gteval_steps15000/stats/val_step14999.json,ship_1_n40_s42_default_mpinhole_minfarthestpose_sharedcam_i40_gteval_steps15000,1.0151,0.038216,9,0.598282,,,,4.938432693481445,6592,6592,0,/home/ojab2/work/git/vggt/colmap_outputs/ship_1_n40_s42_default_mpinhole_minfarthestpose_sharedcam/eval_results.json,ship_1_n40_s42_default_mpinhole_minfarthestpose_sharedcam,ship_1_n40_s42_default_mpinhole_minfarthestpose_sharedcam_i40_gteval_steps15000_val_step14999.json,268,,,colmap | ,40.0
colmap,40,42,,299,,,,,0,10,minfarthestpose,40,GT Eval,,,,,False,,,,,0.0,,False,1.0,1.0,colmap,drums,pinhole,,15000,15000,default,MCMC,,,,,Shared Cam,,,,,,gsplat,,synthetic,14.84659481048584,0.29656782746315,0.6821111440658569,323650,0.023211605846881866,0.9695618152618408,0.038003478199243546,0.04058633744716644,0.39719853519696235,0.2977146348938691,299,/home/ojab2/work/git/gsplat/results/colmap_outputs/drums_1_n40_s42_default_mpinhole_minfarthestpose_sharedcam_i40_gteval_steps15000/stats/val_step14999.json,/home/ojab2/work/git/gsplat/results/colmap_outputs/drums_1_n40_s42_default_mpinhole_minfarthestpose_sharedcam_i40_gteval_steps15000/stats/val_step14999.json,drums_1_n40_s42_default_mpinhole_minfarthestpose_sharedcam_i40_gteval_steps15000,0.9697,0.048106,15,0.496743,,,,15.827152490615845,6592,6592,0,/home/ojab2/work/git/vggt/colmap_outputs/drums_1_n40_s42_default_mpinhole_minfarthestpose_sharedcam/eval_results.json,drums_1_n40_s42_default_mpinhole_minfarthestpose_sharedcam,drums_1_n40_s42_default_mpinhole_minfarthestpose_sharedcam_i40_gteval_steps15000_val_step14999.json,299,,,colmap | ,40.0
colmap,40,42,,1509,,,,,0,10,minfarthestpose,40,GT Eval,,,,,False,,,,,0.0,,False,1.0,1.0,colmap,lego,pinhole,,15000,15000,default,MCMC,,,,,Shared Cam,,,,,,gsplat,,synthetic,19.83553123474121,0.09924743324518204,0.7814076542854309,1000000,0.007680373732000589,0.5319482088088989,0.024425487965345383,0.026400897651910782,0.669457093868804,0.19239066740506405,1509,/home/ojab2/work/git/gsplat/results/colmap_outputs/lego_1_n40_s42_default_mpinhole_minfarthestpose_sharedcam_i40_gteval_steps15000/stats/val_step14999.json,/home/ojab2/work/git/gsplat/results/colmap_outputs/lego_1_n40_s42_default_mpinhole_minfarthestpose_sharedcam_i40_gteval_steps15000/stats/val_step14999.json,lego_1_n40_s42_default_mpinhole_minfarthestpose_sharedcam_i40_gteval_steps15000,0.5318,0.027329,36,0.864206,,,,31.72158908843994,6070,6070,0,/home/ojab2/work/git/vggt/colmap_outputs/lego_1_n40_s42_default_mpinhole_minfarthestpose_sharedcam/eval_results.json,lego_1_n40_s42_default_mpinhole_minfarthestpose_sharedcam,lego_1_n40_s42_default_mpinhole_minfarthestpose_sharedcam_i40_gteval_steps15000_val_step14999.json,1509,,,colmap | ,40.0
colmap,50,42,,793,,,,,0,10,minfarthestpose,50,GT Eval,,,,,False,,,,,0.0,,False,1.0,1.0,colmap,ship,pinhole,,15000,15000,default,MCMC,,,,,Shared Cam,,,,,,gsplat,,synthetic,21.458654403686523,0.20357736945152283,0.7120323777198792,881162,0.005498620215803385,0.23815003037452698,0.034165747463703156,0.0314355343580246,0.5945433979688176,0.24911689813586907,793,/home/ojab2/work/git/gsplat/results/colmap_outputs/ship_1_n50_s42_default_mpinhole_minfarthestpose_sharedcam_i50_gteval_steps15000/stats/val_step14999.json,/home/ojab2/work/git/gsplat/results/colmap_outputs/ship_1_n50_s42_default_mpinhole_minfarthestpose_sharedcam_i50_gteval_steps15000/stats/val_step14999.json,ship_1_n50_s42_default_mpinhole_minfarthestpose_sharedcam_i50_gteval_steps15000,0.2383,0.012988,27,0.661359,,,,9.553125619888306,6652,6652,0,/home/ojab2/work/git/vggt/colmap_outputs/ship_1_n50_s42_default_mpinhole_minfarthestpose_sharedcam/eval_results.json,ship_1_n50_s42_default_mpinhole_minfarthestpose_sharedcam,ship_1_n50_s42_default_mpinhole_minfarthestpose_sharedcam_i50_gteval_steps15000_val_step14999.json,793,,,colmap | ,50.0
colmap,50,42,,803,,,,,0,10,minfarthestpose,50,GT Eval,,,,,False,,,,,0.0,,False,1.0,1.0,colmap,drums,pinhole,,15000,15000,default,MCMC,,,,,Shared Cam,,,,,,gsplat,,synthetic,19.597518920898438,0.12486504018306732,0.8350574970245361,894370,0.007081831339746714,0.3541531562805176,0.01842133328318596,0.019239824265241623,0.6806102978517049,0.18065574270670964,803,/home/ojab2/work/git/gsplat/results/colmap_outputs/drums_1_n50_s42_default_mpinhole_minfarthestpose_sharedcam_i50_gteval_steps15000/stats/val_step14999.json,/home/ojab2/work/git/gsplat/results/colmap_outputs/drums_1_n50_s42_default_mpinhole_minfarthestpose_sharedcam_i50_gteval_steps15000/stats/val_step14999.json,drums_1_n50_s42_default_mpinhole_minfarthestpose_sharedcam_i50_gteval_steps15000,0.3547,0.019978,33,0.693754,,,,26.39885139465332,6652,6652,0,/home/ojab2/work/git/vggt/colmap_outputs/drums_1_n50_s42_default_mpinhole_minfarthestpose_sharedcam/eval_results.json,drums_1_n50_s42_default_mpinhole_minfarthestpose_sharedcam,drums_1_n50_s42_default_mpinhole_minfarthestpose_sharedcam_i50_gteval_steps15000_val_step14999.json,803,,,colmap | ,50.0
colmap,50,42,,2837,,,,,0,10,minfarthestpose,50,GT Eval,,,,,False,,,,,0.0,,False,1.0,1.0,colmap,lego,pinhole,,15000,15000,default,MCMC,,,,,Shared Cam,,,,,,gsplat,,synthetic,9.491819381713867,0.6136894226074219,0.4951036274433136,1000000,0.5288143754005432,37.20846939086914,0.6911280155181885,0.7842124104499817,-0.007079164651866939,0.4788878071427954,2837,/home/ojab2/work/git/gsplat/results/colmap_outputs/lego_1_n50_s42_default_mpinhole_minfarthestpose_sharedcam_i50_gteval_steps15000/stats/val_step14999.json,/home/ojab2/work/git/gsplat/results/colmap_outputs/lego_1_n50_s42_default_mpinhole_minfarthestpose_sharedcam_i50_gteval_steps15000/stats/val_step14999.json,lego_1_n50_s42_default_mpinhole_minfarthestpose_sharedcam_i50_gteval_steps15000,37.2085,1.621086,48,0.702186,,,,18.030107975006104,6652,6652,0,/home/ojab2/work/git/vggt/colmap_outputs/lego_1_n50_s42_default_mpinhole_minfarthestpose_sharedcam/eval_results.json,lego_1_n50_s42_default_mpinhole_minfarthestpose_sharedcam,lego_1_n50_s42_default_mpinhole_minfarthestpose_sharedcam_i50_gteval_steps15000_val_step14999.json,2837,,,colmap | ,50.0
colmap,60,42,,1175,,,,,0,10,minfarthestpose,60,GT Eval,,,,,False,,,,,0.0,,False,1.0,1.0,colmap,drums,pinhole,,15000,15000,default,MCMC,,,,,Shared Cam,,,,,,gsplat,,synthetic,21.46663475036621,0.1071256473660469,0.8787174224853516,1000000,0.005875906441360712,0.2919759154319763,0.016683457419276237,0.017402132973074913,0.7517059165851259,0.1541720619725013,1175,/home/ojab2/work/git/gsplat/results/colmap_outputs/drums_1_n60_s42_default_mpinhole_minfarthestpose_sharedcam_i60_gteval_steps15000/stats/val_step14999.json,/home/ojab2/work/git/gsplat/results/colmap_outputs/drums_1_n60_s42_default_mpinhole_minfarthestpose_sharedcam_i60_gteval_steps15000/stats/val_step14999.json,drums_1_n60_s42_default_mpinhole_minfarthestpose_sharedcam_i60_gteval_steps15000,0.2927,0.018285,44,0.770645,,,,30.41712498664856,6716,6716,0,/home/ojab2/work/git/vggt/colmap_outputs/drums_1_n60_s42_default_mpinhole_minfarthestpose_sharedcam/eval_results.json,drums_1_n60_s42_default_mpinhole_minfarthestpose_sharedcam,drums_1_n60_s42_default_mpinhole_minfarthestpose_sharedcam_i60_gteval_steps15000_val_step14999.json,1175,,,colmap | ,60.0
colmap,60,42,,1962,,,,,0,10,minfarthestpose,60,GT Eval,,,,,False,,,,,0.0,,False,1.0,1.0,colmap,ship,pinhole,,15000,15000,default,MCMC,,,,,Shared Cam,,,,,,gsplat,,synthetic,22.031282424926758,0.16121169924736023,0.7412988543510437,1000000,0.004959248472005129,0.3282996416091919,0.02898668311536312,0.030586976557970047,0.6484141674732681,0.22536757103469807,1962,/home/ojab2/work/git/gsplat/results/colmap_outputs/ship_1_n60_s42_default_mpinhole_minfarthestpose_sharedcam_i60_gteval_steps15000/stats/val_step14999.json,/home/ojab2/work/git/gsplat/results/colmap_outputs/ship_1_n60_s42_default_mpinhole_minfarthestpose_sharedcam_i60_gteval_steps15000/stats/val_step14999.json,ship_1_n60_s42_default_mpinhole_minfarthestpose_sharedcam_i60_gteval_steps15000,0.3285,0.016235,52,0.800742,,,,11.243252992630005,6716,6716,0,/home/ojab2/work/git/vggt/colmap_outputs/ship_1_n60_s42_default_mpinhole_minfarthestpose_sharedcam/eval_results.json,ship_1_n60_s42_default_mpinhole_minfarthestpose_sharedcam,ship_1_n60_s42_default_mpinhole_minfarthestpose_sharedcam_i60_gteval_steps15000_val_step14999.json,1962,,,colmap | ,60.0
colmap,60,42,,4233,,,,,0,10,minfarthestpose,60,GT Eval,,,,,False,,,,,0.0,,False,1.0,1.0,colmap,lego,pinhole,,15000,15000,default,MCMC,,,,,Shared Cam,,,,,,gsplat,,synthetic,9.51300048828125,0.6039016842842102,0.4862987995147705,1000000,0.5501680970191956,42.754554748535156,0.5868042707443237,0.6410684585571289,-0.005794130338330428,0.47749922522954763,4233,/home/ojab2/work/git/gsplat/results/colmap_outputs/lego_1_n60_s42_default_mpinhole_minfarthestpose_sharedcam_i60_gteval_steps15000/stats/val_step14999.json,/home/ojab2/work/git/gsplat/results/colmap_outputs/lego_1_n60_s42_default_mpinhole_minfarthestpose_sharedcam_i60_gteval_steps15000/stats/val_step14999.json,lego_1_n60_s42_default_mpinhole_minfarthestpose_sharedcam_i60_gteval_steps15000,42.7544,1.76595,59,0.712957,,,,19.28944230079651,6716,6716,0,/home/ojab2/work/git/vggt/colmap_outputs/lego_1_n60_s42_default_mpinhole_minfarthestpose_sharedcam/eval_results.json,lego_1_n60_s42_default_mpinhole_minfarthestpose_sharedcam,lego_1_n60_s42_default_mpinhole_minfarthestpose_sharedcam_i60_gteval_steps15000_val_step14999.json,4233,,,colmap | ,60.0
colmap,70,42,,1711,,,,,0,10,minfarthestpose,70,GT Eval,,,,,False,,,,,0.0,,False,1.0,1.0,colmap,drums,pinhole,,15000,15000,default,MCMC,,,,,Shared Cam,,,,,,gsplat,,synthetic,20.642908096313477,0.10815706104040146,0.8602676391601562,1000000,0.0048123011365532875,0.22917625308036804,0.017454026266932487,0.01790134608745575,0.7250256972064284,0.16352966318014636,1711,/home/ojab2/work/git/gsplat/results/colmap_outputs/drums_1_n70_s42_default_mpinhole_minfarthestpose_sharedcam_i70_gteval_steps15000/stats/val_step14999.json,/home/ojab2/work/git/gsplat/results/colmap_outputs/drums_1_n70_s42_default_mpinhole_minfarthestpose_sharedcam_i70_gteval_steps15000/stats/val_step14999.json,drums_1_n70_s42_default_mpinhole_minfarthestpose_sharedcam_i70_gteval_steps15000,0.2295,0.014344,53,0.75209,,,,46.39105224609375,6776,6776,0,/home/ojab2/work/git/vggt/colmap_outputs/drums_1_n70_s42_default_mpinhole_minfarthestpose_sharedcam/eval_results.json,drums_1_n70_s42_default_mpinhole_minfarthestpose_sharedcam,drums_1_n70_s42_default_mpinhole_minfarthestpose_sharedcam_i70_gteval_steps15000_val_step14999.json,1711,,,colmap | ,70.0
colmap,70,42,,2748,,,,,0,10,minfarthestpose,70,GT Eval,,,,,False,,,,,0.0,,False,1.0,1.0,colmap,ship,pinhole,,15000,15000,default,MCMC,,,,,Shared Cam,,,,,,gsplat,,synthetic,22.920597076416016,0.1465238332748413,0.7628100514411926,1000000,0.004077303223311901,0.2112027108669281,0.02801118791103363,0.02891070395708084,0.6865291886704551,0.212883229585469,2748,/home/ojab2/work/git/gsplat/results/colmap_outputs/ship_1_n70_s42_default_mpinhole_minfarthestpose_sharedcam_i70_gteval_steps15000/stats/val_step14999.json,/home/ojab2/work/git/gsplat/results/colmap_outputs/ship_1_n70_s42_default_mpinhole_minfarthestpose_sharedcam_i70_gteval_steps15000/stats/val_step14999.json,ship_1_n70_s42_default_mpinhole_minfarthestpose_sharedcam_i70_gteval_steps15000,0.2115,0.013257,63,0.814222,,,,14.959670066833496,6776,6776,0,/home/ojab2/work/git/vggt/colmap_outputs/ship_1_n70_s42_default_mpinhole_minfarthestpose_sharedcam/eval_results.json,ship_1_n70_s42_default_mpinhole_minfarthestpose_sharedcam,ship_1_n70_s42_default_mpinhole_minfarthestpose_sharedcam_i70_gteval_steps15000_val_step14999.json,2748,,,colmap | ,70.0
colmap,70,42,,5764,,,,,0,10,minfarthestpose,70,GT Eval,,,,,False,,,,,0.0,,False,1.0,1.0,colmap,lego,pinhole,,15000,15000,default,MCMC,,,,,Shared Cam,,,,,,gsplat,,synthetic,22.652563095092773,0.06905500590801239,0.8519454598426819,1000000,0.1379781812429428,13.015335083007812,0.021815670654177666,0.021988926455378532,0.7815118300558452,0.1530876213141112,5764,/home/ojab2/work/git/gsplat/results/colmap_outputs/lego_1_n70_s42_default_mpinhole_minfarthestpose_sharedcam_i70_gteval_steps15000/stats/val_step14999.json,/home/ojab2/work/git/gsplat/results/colmap_outputs/lego_1_n70_s42_default_mpinhole_minfarthestpose_sharedcam_i70_gteval_steps15000/stats/val_step14999.json,lego_1_n70_s42_default_mpinhole_minfarthestpose_sharedcam_i70_gteval_steps15000,13.0156,0.491599,70,0.930681,,,,33.80655479431152,6776,6776,0,/home/ojab2/work/git/vggt/colmap_outputs/lego_1_n70_s42_default_mpinhole_minfarthestpose_sharedcam/eval_results.json,lego_1_n70_s42_default_mpinhole_minfarthestpose_sharedcam,lego_1_n70_s42_default_mpinhole_minfarthestpose_sharedcam_i70_gteval_steps15000_val_step14999.json,5764,,,colmap | ,70.0
colmap,80,42,,2571,,,,,0,10,minfarthestpose,80,GT Eval,,,,,False,,,,,0.0,,False,1.0,1.0,colmap,drums,pinhole,,15000,15000,default,MCMC,,,,,Shared Cam,,,,,,gsplat,,synthetic,22.01573371887207,0.1012115478515625,0.8877139091491699,1000000,0.004395661875605583,0.20921207964420319,0.016546260565519333,0.017520464956760406,0.7707861980267202,0.14752982405196172,2571,/home/ojab2/work/git/gsplat/results/colmap_outputs/drums_1_n80_s42_default_mpinhole_minfarthestpose_sharedcam_i80_gteval_steps15000/stats/val_step14999.json,/home/ojab2/work/git/gsplat/results/colmap_outputs/drums_1_n80_s42_default_mpinhole_minfarthestpose_sharedcam_i80_gteval_steps15000/stats/val_step14999.json,drums_1_n80_s42_default_mpinhole_minfarthestpose_sharedcam_i80_gteval_steps15000,0.21,0.013163,61,0.73288,,,,57.9729950428009,6836,6836,0,/home/ojab2/work/git/vggt/colmap_outputs/drums_1_n80_s42_default_mpinhole_minfarthestpose_sharedcam/eval_results.json,drums_1_n80_s42_default_mpinhole_minfarthestpose_sharedcam,drums_1_n80_s42_default_mpinhole_minfarthestpose_sharedcam_i80_gteval_steps15000_val_step14999.json,2571,,,colmap | ,80.0
colmap,80,42,,3818,,,,,0,10,minfarthestpose,80,GT Eval,,,,,False,,,,,0.0,,False,1.0,1.0,colmap,ship,pinhole,,15000,15000,default,MCMC,,,,,Shared Cam,,,,,,gsplat,,synthetic,23.95128059387207,0.1371573507785797,0.789847731590271,1000000,0.0029240939766168594,0.1490263044834137,0.027568796649575233,0.027714744210243225,0.7272092086529869,0.1998690038868526,3818,/home/ojab2/work/git/gsplat/results/colmap_outputs/ship_1_n80_s42_default_mpinhole_minfarthestpose_sharedcam_i80_gteval_steps15000/stats/val_step14999.json,/home/ojab2/work/git/gsplat/results/colmap_outputs/ship_1_n80_s42_default_mpinhole_minfarthestpose_sharedcam_i80_gteval_steps15000/stats/val_step14999.json,ship_1_n80_s42_default_mpinhole_minfarthestpose_sharedcam_i80_gteval_steps15000,0.1491,0.009487,74,0.83563,,,,19.210057735443115,6836,6836,0,/home/ojab2/work/git/vggt/colmap_outputs/ship_1_n80_s42_default_mpinhole_minfarthestpose_sharedcam/eval_results.json,ship_1_n80_s42_default_mpinhole_minfarthestpose_sharedcam,ship_1_n80_s42_default_mpinhole_minfarthestpose_sharedcam_i80_gteval_steps15000_val_step14999.json,3818,,,colmap | ,80.0
colmap,80,42,,8189,,,,,0,10,minfarthestpose,80,GT Eval,,,,,False,,,,,0.0,,False,1.0,1.0,colmap,lego,pinhole,,15000,15000,default,MCMC,,,,,Shared Cam,,,,,,gsplat,,synthetic,11.245566368103027,0.4587663412094116,0.5789228081703186,1000000,0.20273685455322266,12.490297317504883,0.30531224608421326,0.3175135552883148,0.170046227872178,0.3942456552448541,8189,/home/ojab2/work/git/gsplat/results/colmap_outputs/lego_1_n80_s42_default_mpinhole_minfarthestpose_sharedcam_i80_gteval_steps15000/stats/val_step14999.json,/home/ojab2/work/git/gsplat/results/colmap_outputs/lego_1_n80_s42_default_mpinhole_minfarthestpose_sharedcam_i80_gteval_steps15000/stats/val_step14999.json,lego_1_n80_s42_default_mpinhole_minfarthestpose_sharedcam_i80_gteval_steps15000,12.3915,0.644267,80,0.828364,,,,36.368884801864624,6836,6836,0,/home/ojab2/work/git/vggt/colmap_outputs/lego_1_n80_s42_default_mpinhole_minfarthestpose_sharedcam/eval_results.json,lego_1_n80_s42_default_mpinhole_minfarthestpose_sharedcam,lego_1_n80_s42_default_mpinhole_minfarthestpose_sharedcam_i80_gteval_steps15000_val_step14999.json,8189,,,colmap | ,80.0
colmap,87,42,,3866,,,,,0,10,farthestpose,87,GT Eval,,,,,False,,,,,0.0,,False,1.0,1.0,colmap,drums,pinhole,,15000,15000,default,MCMC,,,,,Shared Cam,,,,,,gsplat,,synthetic,22.46944808959961,0.09344673901796341,0.898908793926239,1000000,0.0029796594753861427,0.1518741101026535,0.016105035319924355,0.016583064571022987,0.7905281241196481,0.13901942819483265,3866,/home/ojab2/work/git/gsplat/results/colmap_outputs/drums_1_n87_s42_default_mpinhole_farthestpose_sharedcam_i87_gteval_steps15000/stats/val_step14999.json,/home/ojab2/work/git/gsplat/results/colmap_outputs/drums_1_n87_s42_default_mpinhole_farthestpose_sharedcam_i87_gteval_steps15000/stats/val_step14999.json,drums_1_n87_s42_default_mpinhole_farthestpose_sharedcam_i87_gteval_steps15000,0.1528,0.009899,79,0.837402,,,,70.49110555648804,6778,6778,0,/home/ojab2/work/git/vggt/colmap_outputs/drums_1_n87_s42_default_mpinhole_farthestpose_sharedcam/eval_results.json,drums_1_n87_s42_default_mpinhole_farthestpose_sharedcam,drums_1_n87_s42_default_mpinhole_farthestpose_sharedcam_i87_gteval_steps15000_val_step14999.json,3866,,,colmap | ,87.0
colmap,87,42,,5146,,,,,0,10,farthestpose,87,GT Eval,,,,,False,,,,,0.0,,False,1.0,1.0,colmap,ship,pinhole,,15000,15000,default,MCMC,,,,,Shared Cam,,,,,,gsplat,,synthetic,22.400592803955078,0.14908459782600403,0.7505561709403992,1000000,0.0035610124468803406,0.2434609830379486,0.031018691137433052,0.029304901137948036,0.6681527490736681,0.21809391039233772,5146,/home/ojab2/work/git/gsplat/results/colmap_outputs/ship_1_n87_s42_default_mpinhole_farthestpose_sharedcam_i87_gteval_steps15000/stats/val_step14999.json,/home/ojab2/work/git/gsplat/results/colmap_outputs/ship_1_n87_s42_default_mpinhole_farthestpose_sharedcam_i87_gteval_steps15000/stats/val_step14999.json,ship_1_n87_s42_default_mpinhole_farthestpose_sharedcam_i87_gteval_steps15000,0.2458,0.011214,80,0.865091,,,,25.509971380233765,983,983,0,/home/ojab2/work/git/vggt/colmap_outputs/ship_1_n87_s42_default_mpinhole_farthestpose_sharedcam/eval_results.json,ship_1_n87_s42_default_mpinhole_farthestpose_sharedcam,ship_1_n87_s42_default_mpinhole_farthestpose_sharedcam_i87_gteval_steps15000_val_step14999.json,5146,,,colmap | ,87.0
colmap,87,42,,10313,,,,,0,10,farthestpose,87,GT Eval,,,,,False,,,,,0.0,,False,1.0,1.0,colmap,lego,pinhole,,15000,15000,default,MCMC,,,,,Shared Cam,,,,,,gsplat,,synthetic,22.786890029907227,0.06574113667011261,0.8507940173149109,1000000,0.11692719161510468,10.478508949279785,0.02123933658003807,0.0218884889036417,0.7853716059773675,0.15242566000284324,10313,/home/ojab2/work/git/gsplat/results/colmap_outputs/lego_1_n87_s42_default_mpinhole_farthestpose_sharedcam_i87_gteval_steps15000/stats/val_step14999.json,/home/ojab2/work/git/gsplat/results/colmap_outputs/lego_1_n87_s42_default_mpinhole_farthestpose_sharedcam_i87_gteval_steps15000/stats/val_step14999.json,lego_1_n87_s42_default_mpinhole_farthestpose_sharedcam_i87_gteval_steps15000,10.4784,0.403756,87,0.885202,,,,47.262017250061035,6778,6778,0,/home/ojab2/work/git/vggt/colmap_outputs/lego_1_n87_s42_default_mpinhole_farthestpose_sharedcam/eval_results.json,lego_1_n87_s42_default_mpinhole_farthestpose_sharedcam,lego_1_n87_s42_default_mpinhole_farthestpose_sharedcam_i87_gteval_steps15000_val_step14999.json,10313,,,colmap | ,87.0
colmap,10,42,,,,,,,0,10,minfarthestpose,,,,,,,False,,,,,0.0,,False,1.0,1.0,vggt,lego,pinhole,,,,default,MCMC,,,,,Shared Cam,,,,,,failed_sfm,,synthetic,,,,,,,,,,,,/home/ojab2/work/git/vggt/colmap_outputs/lego_1_n10_s42_default_mpinhole_minfarthestpose_sharedcam/failed_eval.json,,lego_1_n10_s42_default_mpinhole_minfarthestpose_sharedcam,,,,,,,,,,,,,lego_1_n10_s42_default_mpinhole_minfarthestpose_sharedcam,,,/home/ojab2/work/git/vggt/colmap_outputs/lego_1_n10_s42_default_mpinhole_minfarthestpose_sharedcam/failed_eval.json,,colmap | ,10.0
colmap,10,42,,,,,,,0,10,minfarthestpose,,,,,,,False,,,,,0.0,,False,1.0,1.0,vggt,ship,pinhole,,,,default,MCMC,,,,,Shared Cam,,,,,,failed_sfm,,synthetic,,,,,,,,,,,,/home/ojab2/work/git/vggt/colmap_outputs/ship_1_n10_s42_default_mpinhole_minfarthestpose_sharedcam/failed_eval.json,,ship_1_n10_s42_default_mpinhole_minfarthestpose_sharedcam,,,,,,,,,,,,,ship_1_n10_s42_default_mpinhole_minfarthestpose_sharedcam,,,/home/ojab2/work/git/vggt/colmap_outputs/ship_1_n10_s42_default_mpinhole_minfarthestpose_sharedcam/failed_eval.json,,colmap | ,10.0
colmap,10,42,,,,,,,0,10,minfarthestpose,,,,,,,False,,,,,0.0,,False,1.0,1.0,vggt,drums,pinhole,,,,default,MCMC,,,,,Shared Cam,,,,,,failed_sfm,,synthetic,,,,,,,,,,,,/home/ojab2/work/git/vggt/colmap_outputs/drums_1_n10_s42_default_mpinhole_minfarthestpose_sharedcam/failed_eval.json,,drums_1_n10_s42_default_mpinhole_minfarthestpose_sharedcam,,,,,,,,,,,,,drums_1_n10_s42_default_mpinhole_minfarthestpose_sharedcam,,,/home/ojab2/work/git/vggt/colmap_outputs/drums_1_n10_s42_default_mpinhole_minfarthestpose_sharedcam/failed_eval.json,,colmap | ,10.0
vggt,10,42,0.0,100000,random,,,,0,10,minfarthestpose,10,GT Eval,,,,,False,,,,,0.0,,False,1.0,1.0,vggt,lego,,,15000,15000,,MCMC,,,,,,,,,,,gsplat,,synthetic,15.198112487792969,0.2350117415189743,0.6856555938720703,1000000,0.009608084335923195,0.821824848651886,0.1328282207250595,0.032558828592300415,0.4437784833943712,0.2752962137103477,100000,/home/ojab2/work/git/gsplat/results/vggt_outputs/lego_1_n10_s42_c0.0_p100000_random_minfarthestpose_i10_gteval_steps15000/stats/val_step14999.json,/home/ojab2/work/git/gsplat/results/vggt_outputs/lego_1_n10_s42_c0.0_p100000_random_minfarthestpose_i10_gteval_steps15000/stats/val_step14999.json,lego_1_n10_s42_c0.0_p100000_random_minfarthestpose_i10_gteval_steps15000,0.822,0.036127,10,4.031849,0.0496,0.0138,0.1044,,,,,/home/ojab2/work/git/vggt/vggt_outputs/lego_1_n10_s42_c0.0_p100000_random_minfarthestpose/eval_results.json,lego_1_n10_s42_c0.0_p100000_random_minfarthestpose,lego_1_n10_s42_c0.0_p100000_random_minfarthestpose_i10_gteval_steps15000_val_step14999.json,100000,,,vggt | ,10.0
vggt,10,42,0.0,100000,random,,,,0,10,minfarthestpose,10,GT Eval,,,,,False,,,,,0.0,,False,1.0,1.0,vggt,ship,,,15000,15000,,MCMC,,,,,,,,,,,gsplat,,synthetic,18.909725189208984,0.26134586334228516,0.6415600776672363,1000000,0.009871437214314938,0.7716943025588989,0.19093553721904755,0.040862467139959335,0.47046956960220776,0.29096602233620483,100000,/home/ojab2/work/git/gsplat/results/vggt_outputs/ship_1_n10_s42_c0.0_p100000_random_minfarthestpose_i10_gteval_steps15000/stats/val_step14999.json,/home/ojab2/work/git/gsplat/results/vggt_outputs/ship_1_n10_s42_c0.0_p100000_random_minfarthestpose_i10_gteval_steps15000/stats/val_step14999.json,ship_1_n10_s42_c0.0_p100000_random_minfarthestpose_i10_gteval_steps15000,0.7716,0.037021,10,4.467257,0.126,0.0336,0.2577,,,,,/home/ojab2/work/git/vggt/vggt_outputs/ship_1_n10_s42_c0.0_p100000_random_minfarthestpose/eval_results.json,ship_1_n10_s42_c0.0_p100000_random_minfarthestpose,ship_1_n10_s42_c0.0_p100000_random_minfarthestpose_i10_gteval_steps15000_val_step14999.json,100000,,,vggt | ,10.0
vggt,10,42,0.0,100000,random,,,,0,10,minfarthestpose,10,GT Eval,,,,,False,,,,,0.0,,False,1.0,1.0,vggt,drums,,,15000,15000,,MCMC,,,,,,,,,,,gsplat,,synthetic,18.008739471435547,0.12671726942062378,0.7927219271659851,1000000,0.003714888822287321,0.3123428523540497,0.10937589406967163,0.026662355288863182,0.625287461621642,0.19927078569623435,100000,/home/ojab2/work/git/gsplat/results/vggt_outputs/drums_1_n10_s42_c0.0_p100000_random_minfarthestpose_i10_gteval_steps15000/stats/val_step14999.json,/home/ojab2/work/git/gsplat/results/vggt_outputs/drums_1_n10_s42_c0.0_p100000_random_minfarthestpose_i10_gteval_steps15000/stats/val_step14999.json,drums_1_n10_s42_c0.0_p100000_random_minfarthestpose_i10_gteval_steps15000,0.3121,0.013776,10,3.920393,0.055,0.0154,0.1418,,,,,/home/ojab2/work/git/vggt/vggt_outputs/drums_1_n10_s42_c0.0_p100000_random_minfarthestpose/eval_results.json,drums_1_n10_s42_c0.0_p100000_random_minfarthestpose,drums_1_n10_s42_c0.0_p100000_random_minfarthestpose_i10_gteval_steps15000_val_step14999.json,100000,,,vggt | ,10.0
colmap,20,42,,,,,,,0,10,minfarthestpose,,,,,,,False,,,,,0.0,,False,1.0,1.0,vggt,lego,pinhole,,,,default,MCMC,,,,,Shared Cam,,,,,,failed_sfm,,synthetic,,,,,,,,,,,,/home/ojab2/work/git/vggt/colmap_outputs/lego_1_n20_s42_default_mpinhole_minfarthestpose_sharedcam/failed_eval.json,,lego_1_n20_s42_default_mpinhole_minfarthestpose_sharedcam,,,,,,,,,,,,,lego_1_n20_s42_default_mpinhole_minfarthestpose_sharedcam,,,/home/ojab2/work/git/vggt/colmap_outputs/lego_1_n20_s42_default_mpinhole_minfarthestpose_sharedcam/failed_eval.json,,colmap | ,20.0
colmap,20,42,,,,,,,0,10,minfarthestpose,,,,,,,False,,,,,0.0,,False,1.0,1.0,vggt,drums,pinhole,,,,default,MCMC,,,,,Shared Cam,,,,,,failed_sfm,,synthetic,,,,,,,,,,,,/home/ojab2/work/git/vggt/colmap_outputs/drums_1_n20_s42_default_mpinhole_minfarthestpose_sharedcam/failed_eval.json,,drums_1_n20_s42_default_mpinhole_minfarthestpose_sharedcam,,,,,,,,,,,,,drums_1_n20_s42_default_mpinhole_minfarthestpose_sharedcam,,,/home/ojab2/work/git/vggt/colmap_outputs/drums_1_n20_s42_default_mpinhole_minfarthestpose_sharedcam/failed_eval.json,,colmap | ,20.0
vggt,20,42,0.0,100000,random,,,,0,10,minfarthestpose,20,GT Eval,,,,,False,,,,,0.0,,False,1.0,1.0,vggt,lego,,,15000,15000,,MCMC,,,,,,,,,,,gsplat,,synthetic,17.199806213378906,0.1505446434020996,0.7221265435218811,1000000,0.004132038913667202,0.5013924837112427,0.10174311697483063,0.024792270734906197,0.5543151104736823,0.232245712833858,100000,/home/ojab2/work/git/gsplat/results/vggt_outputs/lego_1_n20_s42_c0.0_p100000_random_minfarthestpose_i20_gteval_steps15000/stats/val_step14999.json,/home/ojab2/work/git/gsplat/results/vggt_outputs/lego_1_n20_s42_c0.0_p100000_random_minfarthestpose_i20_gteval_steps15000/stats/val_step14999.json,lego_1_n20_s42_c0.0_p100000_random_minfarthestpose_i20_gteval_steps15000,0.5014,0.015405,20,4.007658,0.0493,0.0136,0.1096,,,,,/home/ojab2/work/git/vggt/vggt_outputs/lego_1_n20_s42_c0.0_p100000_random_minfarthestpose/eval_results.json,lego_1_n20_s42_c0.0_p100000_random_minfarthestpose,lego_1_n20_s42_c0.0_p100000_random_minfarthestpose_i20_gteval_steps15000_val_step14999.json,100000,,,vggt | ,20.0
vggt,20,42,0.0,100000,random,,,,0,10,minfarthestpose,20,GT Eval,,,,,False,,,,,0.0,,False,1.0,1.0,vggt,ship,,,15000,15000,,MCMC,,,,,,,,,,,gsplat,,synthetic,20.027416229248047,0.186526820063591,0.6759863495826721,1000000,0.007818391546607018,0.5132545232772827,0.16111473739147186,0.03304129093885422,0.557484469199196,0.25522862002535596,100000,/home/ojab2/work/git/gsplat/results/vggt_outputs/ship_1_n20_s42_c0.0_p100000_random_minfarthestpose_i20_gteval_steps15000/stats/val_step14999.json,/home/ojab2/work/git/gsplat/results/vggt_outputs/ship_1_n20_s42_c0.0_p100000_random_minfarthestpose_i20_gteval_steps15000/stats/val_step14999.json,ship_1_n20_s42_c0.0_p100000_random_minfarthestpose_i20_gteval_steps15000,0.5132,0.028919,20,4.444803,0.1236,0.0336,0.2593,,,,,/home/ojab2/work/git/vggt/vggt_outputs/ship_1_n20_s42_c0.0_p100000_random_minfarthestpose/eval_results.json,ship_1_n20_s42_c0.0_p100000_random_minfarthestpose,ship_1_n20_s42_c0.0_p100000_random_minfarthestpose_i20_gteval_steps15000_val_step14999.json,100000,,,vggt | ,20.0
vggt,20,42,0.0,100000,random,,,,0,10,minfarthestpose,20,GT Eval,,,,,False,,,,,0.0,,False,1.0,1.0,vggt,drums,,,15000,15000,,MCMC,,,,,,,,,,,gsplat,,synthetic,18.793230056762695,0.10228095203638077,0.8141726851463318,1000000,0.002620280021801591,0.18577632308006287,0.09022213518619537,0.02136342227458954,0.6674435144995929,0.18218700314708663,100000,/home/ojab2/work/git/gsplat/results/vggt_outputs/drums_1_n20_s42_c0.0_p100000_random_minfarthestpose_i20_gteval_steps15000/stats/val_step14999.json,/home/ojab2/work/git/gsplat/results/vggt_outputs/drums_1_n20_s42_c0.0_p100000_random_minfarthestpose_i20_gteval_steps15000/stats/val_step14999.json,drums_1_n20_s42_c0.0_p100000_random_minfarthestpose_i20_gteval_steps15000,0.1865,0.009416,20,3.894368,0.0573,0.0159,0.1381,,,,,/home/ojab2/work/git/vggt/vggt_outputs/drums_1_n20_s42_c0.0_p100000_random_minfarthestpose/eval_results.json,drums_1_n20_s42_c0.0_p100000_random_minfarthestpose,drums_1_n20_s42_c0.0_p100000_random_minfarthestpose_i20_gteval_steps15000_val_step14999.json,100000,,,vggt | ,20.0
colmap,30,42,,,,,,,0,10,minfarthestpose,,,,,,,False,,,,,0.0,,False,1.0,1.0,vggt,drums,pinhole,,,,default,MCMC,,,,,Shared Cam,,,,,,failed_sfm,,synthetic,,,,,,,,,,,,/home/ojab2/work/git/vggt/colmap_outputs/drums_1_n30_s42_default_mpinhole_minfarthestpose_sharedcam/failed_eval.json,,drums_1_n30_s42_default_mpinhole_minfarthestpose_sharedcam,,,,,,,,,,,,,drums_1_n30_s42_default_mpinhole_minfarthestpose_sharedcam,,,/home/ojab2/work/git/vggt/colmap_outputs/drums_1_n30_s42_default_mpinhole_minfarthestpose_sharedcam/failed_eval.json,,colmap | ,30.0
vggt,30,42,0.0,100000,random,,,,0,10,minfarthestpose,30,GT Eval,,,,,False,,,,,0.0,,False,1.0,1.0,vggt,lego,,,15000,15000,,MCMC,,,,,,,,,,,gsplat,,synthetic,20.691740036010742,0.09708108752965927,0.7848856449127197,1000000,0.004790305159986019,0.2589474618434906,0.08885770291090012,0.021810704842209816,0.6886839755000503,0.18980429732796003,100000,/home/ojab2/work/git/gsplat/results/vggt_outputs/lego_1_n30_s42_c0.0_p100000_random_minfarthestpose_i30_gteval_steps15000/stats/val_step14999.json,/home/ojab2/work/git/gsplat/results/vggt_outputs/lego_1_n30_s42_c0.0_p100000_random_minfarthestpose_i30_gteval_steps15000/stats/val_step14999.json,lego_1_n30_s42_c0.0_p100000_random_minfarthestpose_i30_gteval_steps15000,0.259,0.018158,30,4.059862,0.0434,0.0123,0.1108,,,,,/home/ojab2/work/git/vggt/vggt_outputs/lego_1_n30_s42_c0.0_p100000_random_minfarthestpose/eval_results.json,lego_1_n30_s42_c0.0_p100000_random_minfarthestpose,lego_1_n30_s42_c0.0_p100000_random_minfarthestpose_i30_gteval_steps15000_val_step14999.json,100000,,,vggt | ,30.0
vggt,30,42,0.0,100000,random,,,,0,10,minfarthestpose,30,GT Eval,,,,,False,,,,,0.0,,False,1.0,1.0,vggt,ship,,,15000,15000,,MCMC,,,,,,,,,,,gsplat,,synthetic,21.102449417114258,0.1715504378080368,0.6921290755271912,1000000,0.008310580626130104,0.4880720376968384,0.1534479707479477,0.0298575758934021,0.5960773622122114,0.24472323601271284,100000,/home/ojab2/work/git/gsplat/results/vggt_outputs/ship_1_n30_s42_c0.0_p100000_random_minfarthestpose_i30_gteval_steps15000/stats/val_step14999.json,/home/ojab2/work/git/gsplat/results/vggt_outputs/ship_1_n30_s42_c0.0_p100000_random_minfarthestpose_i30_gteval_steps15000/stats/val_step14999.json,ship_1_n30_s42_c0.0_p100000_random_minfarthestpose_i30_gteval_steps15000,0.4879,0.028712,30,4.427395,0.115,0.0311,0.2507,,,,,/home/ojab2/work/git/vggt/vggt_outputs/ship_1_n30_s42_c0.0_p100000_random_minfarthestpose/eval_results.json,ship_1_n30_s42_c0.0_p100000_random_minfarthestpose,ship_1_n30_s42_c0.0_p100000_random_minfarthestpose_i30_gteval_steps15000_val_step14999.json,100000,,,vggt | ,30.0
vggt,30,42,0.0,100000,random,,,,0,10,minfarthestpose,30,GT Eval,,,,,False,,,,,0.0,,False,1.0,1.0,vggt,drums,,,15000,15000,,MCMC,,,,,,,,,,,gsplat,,synthetic,18.900318145751953,0.09773612022399902,0.8192345499992371,1000000,0.0029104186687618494,0.20519454777240753,0.08763587474822998,0.020853891968727112,0.6751922338794314,0.17859429174836064,100000,/home/ojab2/work/git/gsplat/results/vggt_outputs/drums_1_n30_s42_c0.0_p100000_random_minfarthestpose_i30_gteval_steps15000/stats/val_step14999.json,/home/ojab2/work/git/gsplat/results/vggt_outputs/drums_1_n30_s42_c0.0_p100000_random_minfarthestpose_i30_gteval_steps15000/stats/val_step14999.json,drums_1_n30_s42_c0.0_p100000_random_minfarthestpose_i30_gteval_steps15000,0.2054,0.010519,30,3.899545,0.0605,0.0167,0.1432,,,,,/home/ojab2/work/git/vggt/vggt_outputs/drums_1_n30_s42_c0.0_p100000_random_minfarthestpose/eval_results.json,drums_1_n30_s42_c0.0_p100000_random_minfarthestpose,drums_1_n30_s42_c0.0_p100000_random_minfarthestpose_i30_gteval_steps15000_val_step14999.json,100000,,,vggt | ,30.0
vggt,40,42,0.0,100000,random,,,,0,10,minfarthestpose,40,GT Eval,,,,,False,,,,,0.0,,False,1.0,1.0,vggt,lego,,,15000,15000,,MCMC,,,,,,,,,,,gsplat,,synthetic,21.03264045715332,0.08919823169708252,0.7866431474685669,1000000,0.004924561828374863,0.31991249322891235,0.08345895260572433,0.020909225568175316,0.7008906859248546,0.1863292376956922,100000,/home/ojab2/work/git/gsplat/results/vggt_outputs/lego_1_n40_s42_c0.0_p100000_random_minfarthestpose_i40_gteval_steps15000/stats/val_step14999.json,/home/ojab2/work/git/gsplat/results/vggt_outputs/lego_1_n40_s42_c0.0_p100000_random_minfarthestpose_i40_gteval_steps15000/stats/val_step14999.json,lego_1_n40_s42_c0.0_p100000_random_minfarthestpose_i40_gteval_steps15000,0.3198,0.019067,40,4.046949,0.0449,0.0127,0.1113,,,,,/home/ojab2/work/git/vggt/vggt_outputs/lego_1_n40_s42_c0.0_p100000_random_minfarthestpose/eval_results.json,lego_1_n40_s42_c0.0_p100000_random_minfarthestpose,lego_1_n40_s42_c0.0_p100000_random_minfarthestpose_i40_gteval_steps15000_val_step14999.json,100000,,,vggt | ,40.0
vggt,40,42,0.0,100000,random,,,,0,10,minfarthestpose,40,GT Eval,,,,,False,,,,,0.0,,False,1.0,1.0,vggt,ship,,,15000,15000,,MCMC,,,,,,,,,,,gsplat,,synthetic,21.53786849975586,0.1613789200782776,0.6977256536483765,1000000,0.0066832988522946835,0.43774279952049255,0.11549045890569687,0.02954692579805851,0.6136922459078733,0.2393972462237454,100000,/home/ojab2/work/git/gsplat/results/vggt_outputs/ship_1_n40_s42_c0.0_p100000_random_minfarthestpose_i40_gteval_steps15000/stats/val_step14999.json,/home/ojab2/work/git/gsplat/results/vggt_outputs/ship_1_n40_s42_c0.0_p100000_random_minfarthestpose_i40_gteval_steps15000/stats/val_step14999.json,ship_1_n40_s42_c0.0_p100000_random_minfarthestpose_i40_gteval_steps15000,0.4376,0.028573,40,4.214055,0.1027,0.0277,0.2431,,,,,/home/ojab2/work/git/vggt/vggt_outputs/ship_1_n40_s42_c0.0_p100000_random_minfarthestpose/eval_results.json,ship_1_n40_s42_c0.0_p100000_random_minfarthestpose,ship_1_n40_s42_c0.0_p100000_random_minfarthestpose_i40_gteval_steps15000_val_step14999.json,100000,,,vggt | ,40.0
vggt,40,42,0.0,100000,random,,,,0,10,minfarthestpose,40,GT Eval,,,,,False,,,,,0.0,,False,1.0,1.0,vggt,drums,,,15000,15000,,MCMC,,,,,,,,,,,gsplat,,synthetic,19.272016525268555,0.09566571563482285,0.8279871344566345,1000000,0.0026842057704925537,0.16331997513771057,0.09142870455980301,0.019982587546110153,0.6884720351709182,0.17407832563670395,100000,/home/ojab2/work/git/gsplat/results/vggt_outputs/drums_1_n40_s42_c0.0_p100000_random_minfarthestpose_i40_gteval_steps15000/stats/val_step14999.json,/home/ojab2/work/git/gsplat/results/vggt_outputs/drums_1_n40_s42_c0.0_p100000_random_minfarthestpose_i40_gteval_steps15000/stats/val_step14999.json,drums_1_n40_s42_c0.0_p100000_random_minfarthestpose_i40_gteval_steps15000,0.1639,0.008827,40,3.872258,0.0601,0.0166,0.1408,,,,,/home/ojab2/work/git/vggt/vggt_outputs/drums_1_n40_s42_c0.0_p100000_random_minfarthestpose/eval_results.json,drums_1_n40_s42_c0.0_p100000_random_minfarthestpose,drums_1_n40_s42_c0.0_p100000_random_minfarthestpose_i40_gteval_steps15000_val_step14999.json,100000,,,vggt | ,40.0
vggt,50,42,0.0,100000,random,,,,0,10,minfarthestpose,50,GT Eval,,,,,False,,,,,0.0,,False,1.0,1.0,vggt,lego,,,15000,15000,,MCMC,,,,,,,,,,,gsplat,,synthetic,21.419431686401367,0.08875027298927307,0.7948000431060791,1000000,0.004955286160111427,0.2916055917739868,0.08787281811237335,0.020806673914194107,0.7131001185952571,0.182984103337977,100000,/home/ojab2/work/git/gsplat/results/vggt_outputs/lego_1_n50_s42_c0.0_p100000_random_minfarthestpose_i50_gteval_steps15000/stats/val_step14999.json,/home/ojab2/work/git/gsplat/results/vggt_outputs/lego_1_n50_s42_c0.0_p100000_random_minfarthestpose_i50_gteval_steps15000/stats/val_step14999.json,lego_1_n50_s42_c0.0_p100000_random_minfarthestpose_i50_gteval_steps15000,0.2916,0.018156,50,4.0465,0.0466,0.0132,0.1167,,,,,/home/ojab2/work/git/vggt/vggt_outputs/lego_1_n50_s42_c0.0_p100000_random_minfarthestpose/eval_results.json,lego_1_n50_s42_c0.0_p100000_random_minfarthestpose,lego_1_n50_s42_c0.0_p100000_random_minfarthestpose_i50_gteval_steps15000_val_step14999.json,100000,,,vggt | ,50.0
vggt,50,42,0.0,100000,random,,,,0,10,minfarthestpose,50,GT Eval,,,,,False,,,,,0.0,,False,1.0,1.0,vggt,ship,,,15000,15000,,MCMC,,,,,,,,,,,gsplat,,synthetic,21.57290267944336,0.15862883627414703,0.700731098651886,1000000,0.007174301892518997,0.4498891830444336,0.09724590182304382,0.0242744330316782,0.6177961797858307,0.2375483995476707,100000,/home/ojab2/work/git/gsplat/results/vggt_outputs/ship_1_n50_s42_c0.0_p100000_random_minfarthestpose_i50_gteval_steps15000/stats/val_step14999.json,/home/ojab2/work/git/gsplat/results/vggt_outputs/ship_1_n50_s42_c0.0_p100000_random_minfarthestpose_i50_gteval_steps15000/stats/val_step14999.json,ship_1_n50_s42_c0.0_p100000_random_minfarthestpose_i50_gteval_steps15000,0.4503,0.029935,50,4.216293,0.0998,0.0269,0.24,,,,,/home/ojab2/work/git/vggt/vggt_outputs/ship_1_n50_s42_c0.0_p100000_random_minfarthestpose/eval_results.json,ship_1_n50_s42_c0.0_p100000_random_minfarthestpose,ship_1_n50_s42_c0.0_p100000_random_minfarthestpose_i50_gteval_steps15000_val_step14999.json,100000,,,vggt | ,50.0
vggt,50,42,0.0,100000,random,,,,0,10,minfarthestpose,50,GT Eval,,,,,False,,,,,0.0,,False,1.0,1.0,vggt,drums,,,15000,15000,,MCMC,,,,,,,,,,,gsplat,,synthetic,19.3359375,0.09716235846281052,0.8311501741409302,1000000,0.0027689894195646048,0.1710491180419922,0.08553019165992737,0.019335422664880753,0.6905816341372106,0.17324263923701977,100000,/home/ojab2/work/git/gsplat/results/vggt_outputs/drums_1_n50_s42_c0.0_p100000_random_minfarthestpose_i50_gteval_steps15000/stats/val_step14999.json,/home/ojab2/work/git/gsplat/results/vggt_outputs/drums_1_n50_s42_c0.0_p100000_random_minfarthestpose_i50_gteval_steps15000/stats/val_step14999.json,drums_1_n50_s42_c0.0_p100000_random_minfarthestpose_i50_gteval_steps15000,0.1715,0.009423,50,3.880713,0.0607,0.0168,0.1417,,,,,/home/ojab2/work/git/vggt/vggt_outputs/drums_1_n50_s42_c0.0_p100000_random_minfarthestpose/eval_results.json,drums_1_n50_s42_c0.0_p100000_random_minfarthestpose,drums_1_n50_s42_c0.0_p100000_random_minfarthestpose_i50_gteval_steps15000_val_step14999.json,100000,,,vggt | ,50.0
vggt,60,42,0.0,100000,random,,,,0,10,minfarthestpose,60,GT Eval,,,,,False,,,,,0.0,,False,1.0,1.0,vggt,lego,,,15000,15000,,MCMC,,,,,,,,,,,gsplat,,synthetic,21.653776168823242,0.08798713982105255,0.8014010190963745,1000000,0.00483406288549304,0.3386637568473816,0.08777588605880737,0.02159331738948822,0.7217711209669913,0.18015492266972,100000,/home/ojab2/work/git/gsplat/results/vggt_outputs/lego_1_n60_s42_c0.0_p100000_random_minfarthestpose_i60_gteval_steps15000/stats/val_step14999.json,/home/ojab2/work/git/gsplat/results/vggt_outputs/lego_1_n60_s42_c0.0_p100000_random_minfarthestpose_i60_gteval_steps15000/stats/val_step14999.json,lego_1_n60_s42_c0.0_p100000_random_minfarthestpose_i60_gteval_steps15000,0.3386,0.018355,60,4.043009,0.046,0.013,0.1152,,,,,/home/ojab2/work/git/vggt/vggt_outputs/lego_1_n60_s42_c0.0_p100000_random_minfarthestpose/eval_results.json,lego_1_n60_s42_c0.0_p100000_random_minfarthestpose,lego_1_n60_s42_c0.0_p100000_random_minfarthestpose_i60_gteval_steps15000_val_step14999.json,100000,,,vggt | ,60.0
vggt,60,42,0.0,100000,random,,,,0,10,minfarthestpose,60,GT Eval,,,,,False,,,,,0.0,,False,1.0,1.0,vggt,ship,,,15000,15000,,MCMC,,,,,,,,,,,gsplat,,synthetic,21.521196365356445,0.16084079444408417,0.7061067223548889,1000000,0.006673403549939394,0.4698730707168579,0.11026576161384583,0.028913933783769608,0.6186168887655482,0.23666834362072423,100000,/home/ojab2/work/git/gsplat/results/vggt_outputs/ship_1_n60_s42_c0.0_p100000_random_minfarthestpose_i60_gteval_steps15000/stats/val_step14999.json,/home/ojab2/work/git/gsplat/results/vggt_outputs/ship_1_n60_s42_c0.0_p100000_random_minfarthestpose_i60_gteval_steps15000/stats/val_step14999.json,ship_1_n60_s42_c0.0_p100000_random_minfarthestpose_i60_gteval_steps15000,0.47,0.029124,60,4.21936,0.1007,0.0271,0.2402,,,,,/home/ojab2/work/git/vggt/vggt_outputs/ship_1_n60_s42_c0.0_p100000_random_minfarthestpose/eval_results.json,ship_1_n60_s42_c0.0_p100000_random_minfarthestpose,ship_1_n60_s42_c0.0_p100000_random_minfarthestpose_i60_gteval_steps15000_val_step14999.json,100000,,,vggt | ,60.0
vggt,60,42,0.0,100000,random,,,,0,10,minfarthestpose,60,GT Eval,,,,,False,,,,,0.0,,False,1.0,1.0,vggt,drums,,,15000,15000,,MCMC,,,,,,,,,,,gsplat,,synthetic,19.432680130004883,0.09977434575557709,0.8312180042266846,1000000,0.0029061329551041126,0.18092001974582672,0.08373542875051498,0.018932364881038666,0.6908004932042604,0.17400022311980914,100000,/home/ojab2/work/git/gsplat/results/vggt_outputs/drums_1_n60_s42_c0.0_p100000_random_minfarthestpose_i60_gteval_steps15000/stats/val_step14999.json,/home/ojab2/work/git/gsplat/results/vggt_outputs/drums_1_n60_s42_c0.0_p100000_random_minfarthestpose_i60_gteval_steps15000/stats/val_step14999.json,drums_1_n60_s42_c0.0_p100000_random_minfarthestpose_i60_gteval_steps15000,0.1817,0.009902,60,3.883933,0.0607,0.0168,0.1421,,,,,/home/ojab2/work/git/vggt/vggt_outputs/drums_1_n60_s42_c0.0_p100000_random_minfarthestpose/eval_results.json,drums_1_n60_s42_c0.0_p100000_random_minfarthestpose,drums_1_n60_s42_c0.0_p100000_random_minfarthestpose_i60_gteval_steps15000_val_step14999.json,100000,,,vggt | ,60.0
vggt,70,42,0.0,100000,random,,,,0,10,minfarthestpose,70,GT Eval,,,,,False,,,,,0.0,,False,1.0,1.0,vggt,lego,,,15000,15000,,MCMC,,,,,,,,,,,gsplat,,synthetic,19.951635360717773,0.10068289935588837,0.766650915145874,1000000,0.004774382803589106,0.33930590748786926,0.07472193241119385,0.019496779888868332,0.6620914080725464,0.19795236036425792,100000,/home/ojab2/work/git/gsplat/results/vggt_outputs/lego_1_n70_s42_c0.0_p100000_random_minfarthestpose_i70_gteval_steps15000/stats/val_step14999.json,/home/ojab2/work/git/gsplat/results/vggt_outputs/lego_1_n70_s42_c0.0_p100000_random_minfarthestpose_i70_gteval_steps15000/stats/val_step14999.json,lego_1_n70_s42_c0.0_p100000_random_minfarthestpose_i70_gteval_steps15000,0.3397,0.018862,70,4.060608,0.0482,0.0136,0.1162,,,,,/home/ojab2/work/git/vggt/vggt_outputs/lego_1_n70_s42_c0.0_p100000_random_minfarthestpose/eval_results.json,lego_1_n70_s42_c0.0_p100000_random_minfarthestpose,lego_1_n70_s42_c0.0_p100000_random_minfarthestpose_i70_gteval_steps15000_val_step14999.json,100000,,,vggt | ,70.0
vggt,70,42,0.0,100000,random,,,,0,10,minfarthestpose,70,GT Eval,,,,,False,,,,,0.0,,False,1.0,1.0,vggt,ship,,,15000,15000,,MCMC,,,,,,,,,,,gsplat,,synthetic,22.085920333862305,0.15144316852092743,0.7295990586280823,1000000,0.007405884098261595,0.4912509322166443,0.09484874457120895,0.02375170961022377,0.6486139520373415,0.2258766819745325,100000,/home/ojab2/work/git/gsplat/results/vggt_outputs/ship_1_n70_s42_c0.0_p100000_random_minfarthestpose_i70_gteval_steps15000/stats/val_step14999.json,/home/ojab2/work/git/gsplat/results/vggt_outputs/ship_1_n70_s42_c0.0_p100000_random_minfarthestpose_i70_gteval_steps15000/stats/val_step14999.json,ship_1_n70_s42_c0.0_p100000_random_minfarthestpose_i70_gteval_steps15000,0.4913,0.030434,70,4.211942,0.0977,0.0263,0.2382,,,,,/home/ojab2/work/git/vggt/vggt_outputs/ship_1_n70_s42_c0.0_p100000_random_minfarthestpose/eval_results.json,ship_1_n70_s42_c0.0_p100000_random_minfarthestpose,ship_1_n70_s42_c0.0_p100000_random_minfarthestpose_i70_gteval_steps15000_val_step14999.json,100000,,,vggt | ,70.0
vggt,70,42,0.0,100000,random,,,,0,10,minfarthestpose,70,GT Eval,,,,,False,,,,,0.0,,False,1.0,1.0,vggt,drums,,,15000,15000,,MCMC,,,,,,,,,,,gsplat,,synthetic,19.56345558166504,0.10139310359954834,0.833803653717041,1000000,0.002955374540761113,0.18639010190963745,0.08448449522256851,0.018864355981349945,0.6937351033159321,0.1733741336095096,100000,/home/ojab2/work/git/gsplat/results/vggt_outputs/drums_1_n70_s42_c0.0_p100000_random_minfarthestpose_i70_gteval_steps15000/stats/val_step14999.json,/home/ojab2/work/git/gsplat/results/vggt_outputs/drums_1_n70_s42_c0.0_p100000_random_minfarthestpose_i70_gteval_steps15000/stats/val_step14999.json,drums_1_n70_s42_c0.0_p100000_random_minfarthestpose_i70_gteval_steps15000,0.1867,0.009912,70,3.879192,0.062,0.0171,0.1436,,,,,/home/ojab2/work/git/vggt/vggt_outputs/drums_1_n70_s42_c0.0_p100000_random_minfarthestpose/eval_results.json,drums_1_n70_s42_c0.0_p100000_random_minfarthestpose,drums_1_n70_s42_c0.0_p100000_random_minfarthestpose_i70_gteval_steps15000_val_step14999.json,100000,,,vggt | ,70.0
vggt,80,42,0.0,100000,random,,,,0,10,minfarthestpose,80,GT Eval,,,,,False,,,,,0.0,,False,1.0,1.0,vggt,lego,,,15000,15000,,MCMC,,,,,,,,,,,gsplat,,synthetic,20.84146499633789,0.09648028016090393,0.7779006958007812,1000000,0.004994303919374943,0.3266078531742096,0.08668947219848633,0.020922956988215446,0.6877427631341613,0.19199767007947957,100000,/home/ojab2/work/git/gsplat/results/vggt_outputs/lego_1_n80_s42_c0.0_p100000_random_minfarthestpose_i80_gteval_steps15000/stats/val_step14999.json,/home/ojab2/work/git/gsplat/results/vggt_outputs/lego_1_n80_s42_c0.0_p100000_random_minfarthestpose_i80_gteval_steps15000/stats/val_step14999.json,lego_1_n80_s42_c0.0_p100000_random_minfarthestpose_i80_gteval_steps15000,0.327,0.018619,80,4.050801,0.0469,0.0133,0.1179,,,,,/home/ojab2/work/git/vggt/vggt_outputs/lego_1_n80_s42_c0.0_p100000_random_minfarthestpose/eval_results.json,lego_1_n80_s42_c0.0_p100000_random_minfarthestpose,lego_1_n80_s42_c0.0_p100000_random_minfarthestpose_i80_gteval_steps15000_val_step14999.json,100000,,,vggt | ,80.0
vggt,80,42,0.0,100000,random,,,,0,10,minfarthestpose,80,GT Eval,,,,,False,,,,,0.0,,False,1.0,1.0,vggt,ship,,,15000,15000,,MCMC,,,,,,,,,,,gsplat,,synthetic,21.362865447998047,0.1627213954925537,0.7132570147514343,1000000,0.007938144728541374,0.4597610831260681,0.1509273499250412,0.029706543311476707,0.6187054274374979,0.23517061448316717,100000,/home/ojab2/work/git/gsplat/results/vggt_outputs/ship_1_n80_s42_c0.0_p100000_random_minfarthestpose_i80_gteval_steps15000/stats/val_step14999.json,/home/ojab2/work/git/gsplat/results/vggt_outputs/ship_1_n80_s42_c0.0_p100000_random_minfarthestpose_i80_gteval_steps15000/stats/val_step14999.json,ship_1_n80_s42_c0.0_p100000_random_minfarthestpose_i80_gteval_steps15000,0.4596,0.026099,80,4.293598,0.1029,0.0277,0.2398,,,,,/home/ojab2/work/git/vggt/vggt_outputs/ship_1_n80_s42_c0.0_p100000_random_minfarthestpose/eval_results.json,ship_1_n80_s42_c0.0_p100000_random_minfarthestpose,ship_1_n80_s42_c0.0_p100000_random_minfarthestpose_i80_gteval_steps15000_val_step14999.json,100000,,,vggt | ,80.0
vggt,80,42,0.0,100000,random,,,,0,10,minfarthestpose,80,GT Eval,,,,,False,,,,,0.0,,False,1.0,1.0,vggt,drums,,,15000,15000,,MCMC,,,,,,,,,,,gsplat,,synthetic,19.50897789001465,0.1052338108420372,0.832544207572937,1000000,0.0030238875187933445,0.19044242799282074,0.0864693894982338,0.01944432035088539,0.6896189320215239,0.1752148171539522,100000,/home/ojab2/work/git/gsplat/results/vggt_outputs/drums_1_n80_s42_c0.0_p100000_random_minfarthestpose_i80_gteval_steps15000/stats/val_step14999.json,/home/ojab2/work/git/gsplat/results/vggt_outputs/drums_1_n80_s42_c0.0_p100000_random_minfarthestpose_i80_gteval_steps15000/stats/val_step14999.json,drums_1_n80_s42_c0.0_p100000_random_minfarthestpose_i80_gteval_steps15000,0.1912,0.010174,80,3.879388,0.063,0.0174,0.1437,,,,,/home/ojab2/work/git/vggt/vggt_outputs/drums_1_n80_s42_c0.0_p100000_random_minfarthestpose/eval_results.json,drums_1_n80_s42_c0.0_p100000_random_minfarthestpose,drums_1_n80_s42_c0.0_p100000_random_minfarthestpose_i80_gteval_steps15000_val_step14999.json,100000,,,vggt | ,80.0
vggt,87,42,0.0,100000,random,,,,0,10,farthestpose,87,GT Eval,,,,,False,,,,,0.0,,False,1.0,1.0,vggt,lego,,,15000,15000,,MCMC,,,,,,,,,,,gsplat,,synthetic,20.5725154876709,0.09495189040899277,0.7736919522285461,1000000,0.00519891083240509,0.29695671796798706,0.08478271961212158,0.019924363121390343,0.681244413590493,0.1931450915679226,100000,/home/ojab2/work/git/gsplat/results/vggt_outputs/lego_1_n87_s42_c0.0_p100000_random_farthestpose_i87_gteval_steps15000/stats/val_step14999.json,/home/ojab2/work/git/gsplat/results/vggt_outputs/lego_1_n87_s42_c0.0_p100000_random_farthestpose_i87_gteval_steps15000/stats/val_step14999.json,lego_1_n87_s42_c0.0_p100000_random_farthestpose_i87_gteval_steps15000,0.2976,0.018838,87,4.04904,0.0478,0.0135,0.118,,,,,/home/ojab2/work/git/vggt/vggt_outputs/lego_1_n87_s42_c0.0_p100000_random_farthestpose/eval_results.json,lego_1_n87_s42_c0.0_p100000_random_farthestpose,lego_1_n87_s42_c0.0_p100000_random_farthestpose_i87_gteval_steps15000_val_step14999.json,100000,,,vggt | ,87.0
vggt,87,42,0.0,100000,random,,,,0,10,farthestpose,87,GT Eval,,,,,False,,,,,0.0,,False,1.0,1.0,vggt,ship,,,15000,15000,,MCMC,,,,,,,,,,,gsplat,,synthetic,20.870609283447266,0.17614904046058655,0.701298177242279,1000000,0.008744901046156883,0.48666468262672424,0.1624460220336914,0.030732251703739166,0.5943074305774795,0.24362291487022897,100000,/home/ojab2/work/git/gsplat/results/vggt_outputs/ship_1_n87_s42_c0.0_p100000_random_farthestpose_i87_gteval_steps15000/stats/val_step14999.json,/home/ojab2/work/git/gsplat/results/vggt_outputs/ship_1_n87_s42_c0.0_p100000_random_farthestpose_i87_gteval_steps15000/stats/val_step14999.json,ship_1_n87_s42_c0.0_p100000_random_farthestpose_i87_gteval_steps15000,0.4869,0.027807,87,4.301907,0.1056,0.0284,0.2389,,,,,/home/ojab2/work/git/vggt/vggt_outputs/ship_1_n87_s42_c0.0_p100000_random_farthestpose/eval_results.json,ship_1_n87_s42_c0.0_p100000_random_farthestpose,ship_1_n87_s42_c0.0_p100000_random_farthestpose_i87_gteval_steps15000_val_step14999.json,100000,,,vggt | ,87.0
vggt,87,42,0.0,100000,random,,,,0,10,farthestpose,87,GT Eval,,,,,False,,,,,0.0,,False,1.0,1.0,vggt,drums,,,15000,15000,,MCMC,,,,,,,,,,,gsplat,,synthetic,19.667821884155273,0.10607661306858063,0.8355606198310852,1000000,0.0029657548293471336,0.1723455935716629,0.08291950821876526,0.0187007337808609,0.6938042229572777,0.1741275835483121,100000,/home/ojab2/work/git/gsplat/results/vggt_outputs/drums_1_n87_s42_c0.0_p100000_random_farthestpose_i87_gteval_steps15000/stats/val_step14999.json,/home/ojab2/work/git/gsplat/results/vggt_outputs/drums_1_n87_s42_c0.0_p100000_random_farthestpose_i87_gteval_steps15000/stats/val_step14999.json,drums_1_n87_s42_c0.0_p100000_random_farthestpose_i87_gteval_steps15000,0.173,0.01002,87,3.881439,0.0626,0.0172,0.1433,,,,,/home/ojab2/work/git/vggt/vggt_outputs/drums_1_n87_s42_c0.0_p100000_random_farthestpose/eval_results.json,drums_1_n87_s42_c0.0_p100000_random_farthestpose,drums_1_n87_s42_c0.0_p100000_random_farthestpose_i87_gteval_steps15000_val_step14999.json,100000,,,vggt | ,87.0
colmap,10,42,,,,,,,0,10,minfarthestpose,10,GT Eval,,,,Pose Opt,False,,,,,0.0,,False,1.0,1.0,colmap,lego,pinhole,,15000,15000,default,MCMC,,,,,Shared Cam,,,,,,gsplat_cfg,,synthetic,,,,,,,,,,,,/home/ojab2/work/git/gsplat/results/colmap_outputs/lego_1_n10_s42_default_mpinhole_minfarthestpose_sharedcam_i10_gteval_poseopt_steps15000/stats/config.json,,lego_1_n10_s42_default_mpinhole_minfarthestpose_sharedcam_i10_gteval_poseopt_steps15000,,,,,,,,,,,,,lego_1_n10_s42_default_mpinhole_minfarthestpose_sharedcam_i10_gteval_poseopt_steps15000,,,,/home/ojab2/work/git/gsplat/results/colmap_outputs/lego_1_n10_s42_default_mpinhole_minfarthestpose_sharedcam_i10_gteval_poseopt_steps15000/stats/config.json,colmap | Pose Opt,10.0
colmap,10,42,,,,,,,0,10,minfarthestpose,10,GT Eval,,,,Pose Opt,False,,,,,0.0,,False,1.0,1.0,colmap,ship,pinhole,,15000,15000,default,MCMC,,,,,Shared Cam,,,,,,gsplat_cfg,,synthetic,,,,,,,,,,,,/home/ojab2/work/git/gsplat/results/colmap_outputs/ship_1_n10_s42_default_mpinhole_minfarthestpose_sharedcam_i10_gteval_poseopt_steps15000/stats/config.json,,ship_1_n10_s42_default_mpinhole_minfarthestpose_sharedcam_i10_gteval_poseopt_steps15000,,,,,,,,,,,,,ship_1_n10_s42_default_mpinhole_minfarthestpose_sharedcam_i10_gteval_poseopt_steps15000,,,,/home/ojab2/work/git/gsplat/results/colmap_outputs/ship_1_n10_s42_default_mpinhole_minfarthestpose_sharedcam_i10_gteval_poseopt_steps15000/stats/config.json,colmap | Pose Opt,10.0
colmap,10,42,,,,,,,0,10,minfarthestpose,10,GT Eval,,,,Pose Opt,False,,,,,0.0,,False,1.0,1.0,colmap,drums,pinhole,,15000,15000,default,MCMC,,,,,Shared Cam,,,,,,gsplat_cfg,,synthetic,,,,,,,,,,,,/home/ojab2/work/git/gsplat/results/colmap_outputs/drums_1_n10_s42_default_mpinhole_minfarthestpose_sharedcam_i10_gteval_poseopt_steps15000/stats/config.json,,drums_1_n10_s42_default_mpinhole_minfarthestpose_sharedcam_i10_gteval_poseopt_steps15000,,,,,,,,,,,,,drums_1_n10_s42_default_mpinhole_minfarthestpose_sharedcam_i10_gteval_poseopt_steps15000,,,,/home/ojab2/work/git/gsplat/results/colmap_outputs/drums_1_n10_s42_default_mpinhole_minfarthestpose_sharedcam_i10_gteval_poseopt_steps15000/stats/config.json,colmap | Pose Opt,10.0
colmap,20,42,,67,,,,,0,10,minfarthestpose,20,GT Eval,,,,Pose Opt,False,,,,,0.0,,False,1.0,1.0,colmap,ship,pinhole,,15000,15000,default,MCMC,,,,,Shared Cam,,,,,,gsplat,,synthetic,15.517499923706055,0.4813767075538635,0.4968340992927551,64306,0.014915050007402897,0.9553890228271484,0.08178585767745972,0.09800693392753601,0.18719399935863018,0.4062630256765445,67,/home/ojab2/work/git/gsplat/results/colmap_outputs/ship_1_n20_s42_default_mpinhole_minfarthestpose_sharedcam_i20_gteval_poseopt_steps15000/stats/val_step14999.json,/home/ojab2/work/git/gsplat/results/colmap_outputs/ship_1_n20_s42_default_mpinhole_minfarthestpose_sharedcam_i20_gteval_poseopt_steps15000/stats/val_step14999.json,ship_1_n20_s42_default_mpinhole_minfarthestpose_sharedcam_i20_gteval_poseopt_steps15000,0.5408,0.007211,3,0.234548,,,,2.050295352935791,6468,6468,0,/home/ojab2/work/git/vggt/colmap_outputs/ship_1_n20_s42_default_mpinhole_minfarthestpose_sharedcam/eval_results.json,ship_1_n20_s42_default_mpinhole_minfarthestpose_sharedcam,ship_1_n20_s42_default_mpinhole_minfarthestpose_sharedcam_i20_gteval_poseopt_steps15000_val_step14999.json,67,,,colmap | Pose Opt,20.0
colmap,20,42,,,,,,,0,10,minfarthestpose,20,GT Eval,,,,Pose Opt,False,,,,,0.0,,False,1.0,1.0,colmap,lego,pinhole,,15000,15000,default,MCMC,,,,,Shared Cam,,,,,,gsplat_cfg,,synthetic,,,,,,,,,,,,/home/ojab2/work/git/gsplat/results/colmap_outputs/lego_1_n20_s42_default_mpinhole_minfarthestpose_sharedcam_i20_gteval_poseopt_steps15000/stats/config.json,,lego_1_n20_s42_default_mpinhole_minfarthestpose_sharedcam_i20_gteval_poseopt_steps15000,,,,,,,,,,,,,lego_1_n20_s42_default_mpinhole_minfarthestpose_sharedcam_i20_gteval_poseopt_steps15000,,,,/home/ojab2/work/git/gsplat/results/colmap_outputs/lego_1_n20_s42_default_mpinhole_minfarthestpose_sharedcam_i20_gteval_poseopt_steps15000/stats/config.json,colmap | Pose Opt,20.0
colmap,20,42,,,,,,,0,10,minfarthestpose,20,GT Eval,,,,Pose Opt,False,,,,,0.0,,False,1.0,1.0,colmap,drums,pinhole,,15000,15000,default,MCMC,,,,,Shared Cam,,,,,,gsplat_cfg,,synthetic,,,,,,,,,,,,/home/ojab2/work/git/gsplat/results/colmap_outputs/drums_1_n20_s42_default_mpinhole_minfarthestpose_sharedcam_i20_gteval_poseopt_steps15000/stats/config.json,,drums_1_n20_s42_default_mpinhole_minfarthestpose_sharedcam_i20_gteval_poseopt_steps15000,,,,,,,,,,,,,drums_1_n20_s42_default_mpinhole_minfarthestpose_sharedcam_i20_gteval_poseopt_steps15000,,,,/home/ojab2/work/git/gsplat/results/colmap_outputs/drums_1_n20_s42_default_mpinhole_minfarthestpose_sharedcam_i20_gteval_poseopt_steps15000/stats/config.json,colmap | Pose Opt,20.0
colmap,30,42,,172,,,,,0,10,minfarthestpose,30,GT Eval,,,,Pose Opt,False,,,,,0.0,,False,1.0,1.0,colmap,ship,pinhole,,15000,15000,default,MCMC,,,,,Shared Cam,,,,,,gsplat,,synthetic,17.583341598510742,0.3620989918708801,0.6054853200912476,183435,0.01162265706807375,0.7627747654914856,0.09144324064254761,0.0676516443490982,0.3626172718403787,0.3358826071857009,172,/home/ojab2/work/git/gsplat/results/colmap_outputs/ship_1_n30_s42_default_mpinhole_minfarthestpose_sharedcam_i30_gteval_poseopt_steps15000/stats/val_step14999.json,/home/ojab2/work/git/gsplat/results/colmap_outputs/ship_1_n30_s42_default_mpinhole_minfarthestpose_sharedcam_i30_gteval_poseopt_steps15000/stats/val_step14999.json,ship_1_n30_s42_default_mpinhole_minfarthestpose_sharedcam_i30_gteval_poseopt_steps15000,3.2385,0.035257,6,0.5679,,,,3.161612033843994,6532,6532,0,/home/ojab2/work/git/vggt/colmap_outputs/ship_1_n30_s42_default_mpinhole_minfarthestpose_sharedcam/eval_results.json,ship_1_n30_s42_default_mpinhole_minfarthestpose_sharedcam,ship_1_n30_s42_default_mpinhole_minfarthestpose_sharedcam_i30_gteval_poseopt_steps15000_val_step14999.json,172,,,colmap | Pose Opt,30.0
colmap,30,42,,413,,,,,0,10,minfarthestpose,30,GT Eval,,,,Pose Opt,False,,,,,0.0,,False,1.0,1.0,colmap,lego,pinhole,,15000,15000,default,MCMC,,,,,Shared Cam,,,,,,gsplat,,synthetic,16.640348434448242,0.24023938179016113,0.6694571375846863,453033,0.378519207239151,21.10939598083496,0.05122794955968857,0.04222974181175232,0.4577868365869652,0.2789477517786564,413,/home/ojab2/work/git/gsplat/results/colmap_outputs/lego_1_n30_s42_default_mpinhole_minfarthestpose_sharedcam_i30_gteval_poseopt_steps15000/stats/val_step14999.json,/home/ojab2/work/git/gsplat/results/colmap_outputs/lego_1_n30_s42_default_mpinhole_minfarthestpose_sharedcam_i30_gteval_poseopt_steps15000/stats/val_step14999.json,lego_1_n30_s42_default_mpinhole_minfarthestpose_sharedcam_i30_gteval_poseopt_steps15000,21.1938,0.973657,14,0.804279,,,,21.007774114608765,6010,6010,0,/home/ojab2/work/git/vggt/colmap_outputs/lego_1_n30_s42_default_mpinhole_minfarthestpose_sharedcam/eval_results.json,lego_1_n30_s42_default_mpinhole_minfarthestpose_sharedcam,lego_1_n30_s42_default_mpinhole_minfarthestpose_sharedcam_i30_gteval_poseopt_steps15000_val_step14999.json,413,,,colmap | Pose Opt,30.0
colmap,30,42,,,,,,,0,10,minfarthestpose,30,GT Eval,,,,Pose Opt,False,,,,,0.0,,False,1.0,1.0,colmap,drums,pinhole,,15000,15000,default,MCMC,,,,,Shared Cam,,,,,,gsplat_cfg,,synthetic,,,,,,,,,,,,/home/ojab2/work/git/gsplat/results/colmap_outputs/drums_1_n30_s42_default_mpinhole_minfarthestpose_sharedcam_i30_gteval_poseopt_steps15000/stats/config.json,,drums_1_n30_s42_default_mpinhole_minfarthestpose_sharedcam_i30_gteval_poseopt_steps15000,,,,,,,,,,,,,drums_1_n30_s42_default_mpinhole_minfarthestpose_sharedcam_i30_gteval_poseopt_steps15000,,,,/home/ojab2/work/git/gsplat/results/colmap_outputs/drums_1_n30_s42_default_mpinhole_minfarthestpose_sharedcam_i30_gteval_poseopt_steps15000/stats/config.json,colmap | Pose Opt,30.0
colmap,40,42,,268,,,,,0,10,minfarthestpose,40,GT Eval,,,,Pose Opt,False,,,,,0.0,,False,1.0,1.0,colmap,ship,pinhole,,15000,15000,default,MCMC,,,,,Shared Cam,,,,,,gsplat,,synthetic,19.099550247192383,0.29181015491485596,0.6571395993232727,291657,0.012607472017407417,0.49933284521102905,0.05599997937679291,0.04268219694495201,0.464290561576878,0.2965523141345437,268,/home/ojab2/work/git/gsplat/results/colmap_outputs/ship_1_n40_s42_default_mpinhole_minfarthestpose_sharedcam_i40_gteval_poseopt_steps15000/stats/val_step14999.json,/home/ojab2/work/git/gsplat/results/colmap_outputs/ship_1_n40_s42_default_mpinhole_minfarthestpose_sharedcam_i40_gteval_poseopt_steps15000/stats/val_step14999.json,ship_1_n40_s42_default_mpinhole_minfarthestpose_sharedcam_i40_gteval_poseopt_steps15000,1.0151,0.038216,9,0.598282,,,,4.938432693481445,6592,6592,0,/home/ojab2/work/git/vggt/colmap_outputs/ship_1_n40_s42_default_mpinhole_minfarthestpose_sharedcam/eval_results.json,ship_1_n40_s42_default_mpinhole_minfarthestpose_sharedcam,ship_1_n40_s42_default_mpinhole_minfarthestpose_sharedcam_i40_gteval_poseopt_steps15000_val_step14999.json,268,,,colmap | Pose Opt,40.0
colmap,40,42,,299,,,,,0,10,minfarthestpose,40,GT Eval,,,,Pose Opt,False,,,,,0.0,,False,1.0,1.0,colmap,drums,pinhole,,15000,15000,default,MCMC,,,,,Shared Cam,,,,,,gsplat,,synthetic,15.964738845825195,0.23876352608203888,0.7240808606147766,323650,0.011252613738179207,0.36892667412757874,0.034133974462747574,0.036642350256443024,0.4781302676292268,0.26312240774164,299,/home/ojab2/work/git/gsplat/results/colmap_outputs/drums_1_n40_s42_default_mpinhole_minfarthestpose_sharedcam_i40_gteval_poseopt_steps15000/stats/val_step14999.json,/home/ojab2/work/git/gsplat/results/colmap_outputs/drums_1_n40_s42_default_mpinhole_minfarthestpose_sharedcam_i40_gteval_poseopt_steps15000/stats/val_step14999.json,drums_1_n40_s42_default_mpinhole_minfarthestpose_sharedcam_i40_gteval_poseopt_steps15000,0.9697,0.048106,15,0.496743,,,,15.827152490615845,6592,6592,0,/home/ojab2/work/git/vggt/colmap_outputs/drums_1_n40_s42_default_mpinhole_minfarthestpose_sharedcam/eval_results.json,drums_1_n40_s42_default_mpinhole_minfarthestpose_sharedcam,drums_1_n40_s42_default_mpinhole_minfarthestpose_sharedcam_i40_gteval_poseopt_steps15000_val_step14999.json,299,,,colmap | Pose Opt,40.0
colmap,40,42,,1509,,,,,0,10,minfarthestpose,40,GT Eval,,,,Pose Opt,False,,,,,0.0,,False,1.0,1.0,colmap,lego,pinhole,,15000,15000,default,MCMC,,,,,Shared Cam,,,,,,gsplat,,synthetic,20.579362869262695,0.08492744714021683,0.8054192066192627,1000000,0.0058824848383665085,0.34170886874198914,0.022941691800951958,0.024804549291729927,0.7061130948330847,0.17826389951386515,1509,/home/ojab2/work/git/gsplat/results/colmap_outputs/lego_1_n40_s42_default_mpinhole_minfarthestpose_sharedcam_i40_gteval_poseopt_steps15000/stats/val_step14999.json,/home/ojab2/work/git/gsplat/results/colmap_outputs/lego_1_n40_s42_default_mpinhole_minfarthestpose_sharedcam_i40_gteval_poseopt_steps15000/stats/val_step14999.json,lego_1_n40_s42_default_mpinhole_minfarthestpose_sharedcam_i40_gteval_poseopt_steps15000,0.5318,0.027329,36,0.864206,,,,31.72158908843994,6070,6070,0,/home/ojab2/work/git/vggt/colmap_outputs/lego_1_n40_s42_default_mpinhole_minfarthestpose_sharedcam/eval_results.json,lego_1_n40_s42_default_mpinhole_minfarthestpose_sharedcam,lego_1_n40_s42_default_mpinhole_minfarthestpose_sharedcam_i40_gteval_poseopt_steps15000_val_step14999.json,1509,,,colmap | Pose Opt,40.0
colmap,50,42,,793,,,,,0,10,minfarthestpose,50,GT Eval,,,,Pose Opt,False,,,,,0.0,,False,1.0,1.0,colmap,ship,pinhole,,15000,15000,default,MCMC,,,,,Shared Cam,,,,,,gsplat,,synthetic,22.347625732421875,0.19340598583221436,0.7339017987251282,881162,0.001952750259079039,0.09447245299816132,0.03326558321714401,0.030468901619315147,0.6300735969369949,0.23835909093588517,793,/home/ojab2/work/git/gsplat/results/colmap_outputs/ship_1_n50_s42_default_mpinhole_minfarthestpose_sharedcam_i50_gteval_poseopt_steps15000/stats/val_step14999.json,/home/ojab2/work/git/gsplat/results/colmap_outputs/ship_1_n50_s42_default_mpinhole_minfarthestpose_sharedcam_i50_gteval_poseopt_steps15000/stats/val_step14999.json,ship_1_n50_s42_default_mpinhole_minfarthestpose_sharedcam_i50_gteval_poseopt_steps15000,0.2383,0.012988,27,0.661359,,,,9.553125619888306,6652,6652,0,/home/ojab2/work/git/vggt/colmap_outputs/ship_1_n50_s42_default_mpinhole_minfarthestpose_sharedcam/eval_results.json,ship_1_n50_s42_default_mpinhole_minfarthestpose_sharedcam,ship_1_n50_s42_default_mpinhole_minfarthestpose_sharedcam_i50_gteval_poseopt_steps15000_val_step14999.json,793,,,colmap | Pose Opt,50.0
colmap,50,42,,803,,,,,0,10,minfarthestpose,50,GT Eval,,,,Pose Opt,False,,,,,0.0,,False,1.0,1.0,colmap,drums,pinhole,,15000,15000,default,MCMC,,,,,Shared Cam,,,,,,gsplat,,synthetic,19.63103675842285,0.11928069591522217,0.8347940444946289,894370,0.0031282654963433743,0.17420293390750885,0.018865061923861504,0.019724704325199127,0.6845240588309007,0.1788742508372541,803,/home/ojab2/work/git/gsplat/results/colmap_outputs/drums_1_n50_s42_default_mpinhole_minfarthestpose_sharedcam_i50_gteval_poseopt_steps15000/stats/val_step14999.json,/home/ojab2/work/git/gsplat/results/colmap_outputs/drums_1_n50_s42_default_mpinhole_minfarthestpose_sharedcam_i50_gteval_poseopt_steps15000/stats/val_step14999.json,drums_1_n50_s42_default_mpinhole_minfarthestpose_sharedcam_i50_gteval_poseopt_steps15000,0.3547,0.019978,33,0.693754,,,,26.39885139465332,6652,6652,0,/home/ojab2/work/git/vggt/colmap_outputs/drums_1_n50_s42_default_mpinhole_minfarthestpose_sharedcam/eval_results.json,drums_1_n50_s42_default_mpinhole_minfarthestpose_sharedcam,drums_1_n50_s42_default_mpinhole_minfarthestpose_sharedcam_i50_gteval_poseopt_steps15000_val_step14999.json,803,,,colmap | Pose Opt,50.0
colmap,50,42,,2837,,,,,0,10,minfarthestpose,50,GT Eval,,,,Pose Opt,False,,,,,0.0,,False,1.0,1.0,colmap,lego,pinhole,,15000,15000,default,MCMC,,,,,Shared Cam,,,,,,gsplat,,synthetic,9.463221549987793,0.6135508418083191,0.49587282538414,1000000,0.5301606059074402,37.08479690551758,0.61783766746521,0.7075128555297852,-0.007073387067917454,0.4789086819426361,2837,/home/ojab2/work/git/gsplat/results/colmap_outputs/lego_1_n50_s42_default_mpinhole_minfarthestpose_sharedcam_i50_gteval_poseopt_steps15000/stats/val_step14999.json,/home/ojab2/work/git/gsplat/results/colmap_outputs/lego_1_n50_s42_default_mpinhole_minfarthestpose_sharedcam_i50_gteval_poseopt_steps15000/stats/val_step14999.json,lego_1_n50_s42_default_mpinhole_minfarthestpose_sharedcam_i50_gteval_poseopt_steps15000,37.2085,1.621086,48,0.702186,,,,18.030107975006104,6652,6652,0,/home/ojab2/work/git/vggt/colmap_outputs/lego_1_n50_s42_default_mpinhole_minfarthestpose_sharedcam/eval_results.json,lego_1_n50_s42_default_mpinhole_minfarthestpose_sharedcam,lego_1_n50_s42_default_mpinhole_minfarthestpose_sharedcam_i50_gteval_poseopt_steps15000_val_step14999.json,2837,,,colmap | Pose Opt,50.0
colmap,60,42,,1175,,,,,0,10,minfarthestpose,60,GT Eval,,,,Pose Opt,False,,,,,0.0,,False,1.0,1.0,colmap,drums,pinhole,,15000,15000,default,MCMC,,,,,Shared Cam,,,,,,gsplat,,synthetic,22.69240951538086,0.09686394035816193,0.904207706451416,1000000,0.003082908922806382,0.14730142056941986,0.01630687154829502,0.017062576487660408,0.7956464351230507,0.1372489846608921,1175,/home/ojab2/work/git/gsplat/results/colmap_outputs/drums_1_n60_s42_default_mpinhole_minfarthestpose_sharedcam_i60_gteval_poseopt_steps15000/stats/val_step14999.json,/home/ojab2/work/git/gsplat/results/colmap_outputs/drums_1_n60_s42_default_mpinhole_minfarthestpose_sharedcam_i60_gteval_poseopt_steps15000/stats/val_step14999.json,drums_1_n60_s42_default_mpinhole_minfarthestpose_sharedcam_i60_gteval_poseopt_steps15000,0.2927,0.018285,44,0.770645,,,,30.41712498664856,6716,6716,0,/home/ojab2/work/git/vggt/colmap_outputs/drums_1_n60_s42_default_mpinhole_minfarthestpose_sharedcam/eval_results.json,drums_1_n60_s42_default_mpinhole_minfarthestpose_sharedcam,drums_1_n60_s42_default_mpinhole_minfarthestpose_sharedcam_i60_gteval_poseopt_steps15000_val_step14999.json,1175,,,colmap | Pose Opt,60.0
colmap,60,42,,1962,,,,,0,10,minfarthestpose,60,GT Eval,,,,Pose Opt,False,,,,,0.0,,False,1.0,1.0,colmap,ship,pinhole,,15000,15000,default,MCMC,,,,,Shared Cam,,,,,,gsplat,,synthetic,22.472400665283203,0.15170033276081085,0.7520791292190552,1000000,0.002685156650841236,0.1464224010705948,0.027460584416985512,0.02909757010638714,0.66875849196553,0.218425375476067,1962,/home/ojab2/work/git/gsplat/results/colmap_outputs/ship_1_n60_s42_default_mpinhole_minfarthestpose_sharedcam_i60_gteval_poseopt_steps15000/stats/val_step14999.json,/home/ojab2/work/git/gsplat/results/colmap_outputs/ship_1_n60_s42_default_mpinhole_minfarthestpose_sharedcam_i60_gteval_poseopt_steps15000/stats/val_step14999.json,ship_1_n60_s42_default_mpinhole_minfarthestpose_sharedcam_i60_gteval_poseopt_steps15000,0.3285,0.016235,52,0.800742,,,,11.243252992630005,6716,6716,0,/home/ojab2/work/git/vggt/colmap_outputs/ship_1_n60_s42_default_mpinhole_minfarthestpose_sharedcam/eval_results.json,ship_1_n60_s42_default_mpinhole_minfarthestpose_sharedcam,ship_1_n60_s42_default_mpinhole_minfarthestpose_sharedcam_i60_gteval_poseopt_steps15000_val_step14999.json,1962,,,colmap | Pose Opt,60.0
colmap,60,42,,4233,,,,,0,10,minfarthestpose,60,GT Eval,,,,Pose Opt,False,,,,,0.0,,False,1.0,1.0,colmap,lego,pinhole,,15000,15000,default,MCMC,,,,,Shared Cam,,,,,,gsplat,,synthetic,9.542238235473633,0.6051451563835144,0.48717615008354187,1000000,0.552520215511322,42.823490142822266,0.5752184391021729,0.6314521431922913,-0.005507195437395936,0.47745941742808473,4233,/home/ojab2/work/git/gsplat/results/colmap_outputs/lego_1_n60_s42_default_mpinhole_minfarthestpose_sharedcam_i60_gteval_poseopt_steps15000/stats/val_step14999.json,/home/ojab2/work/git/gsplat/results/colmap_outputs/lego_1_n60_s42_default_mpinhole_minfarthestpose_sharedcam_i60_gteval_poseopt_steps15000/stats/val_step14999.json,lego_1_n60_s42_default_mpinhole_minfarthestpose_sharedcam_i60_gteval_poseopt_steps15000,42.7544,1.76595,59,0.712957,,,,19.28944230079651,6716,6716,0,/home/ojab2/work/git/vggt/colmap_outputs/lego_1_n60_s42_default_mpinhole_minfarthestpose_sharedcam/eval_results.json,lego_1_n60_s42_default_mpinhole_minfarthestpose_sharedcam,lego_1_n60_s42_default_mpinhole_minfarthestpose_sharedcam_i60_gteval_poseopt_steps15000_val_step14999.json,4233,,,colmap | Pose Opt,60.0
colmap,70,42,,1711,,,,,0,10,minfarthestpose,70,GT Eval,,,,Pose Opt,False,,,,,0.0,,False,1.0,1.0,colmap,drums,pinhole,,15000,15000,default,MCMC,,,,,Shared Cam,,,,,,gsplat,,synthetic,21.484983444213867,0.09945327043533325,0.8802432417869568,1000000,0.002935430034995079,0.1408967822790146,0.01710200123488903,0.017567763105034828,0.7576740343435928,0.15087204778531638,1711,/home/ojab2/work/git/gsplat/results/colmap_outputs/drums_1_n70_s42_default_mpinhole_minfarthestpose_sharedcam_i70_gteval_poseopt_steps15000/stats/val_step14999.json,/home/ojab2/work/git/gsplat/results/colmap_outputs/drums_1_n70_s42_default_mpinhole_minfarthestpose_sharedcam_i70_gteval_poseopt_steps15000/stats/val_step14999.json,drums_1_n70_s42_default_mpinhole_minfarthestpose_sharedcam_i70_gteval_poseopt_steps15000,0.2295,0.014344,53,0.75209,,,,46.39105224609375,6776,6776,0,/home/ojab2/work/git/vggt/colmap_outputs/drums_1_n70_s42_default_mpinhole_minfarthestpose_sharedcam/eval_results.json,drums_1_n70_s42_default_mpinhole_minfarthestpose_sharedcam,drums_1_n70_s42_default_mpinhole_minfarthestpose_sharedcam_i70_gteval_poseopt_steps15000_val_step14999.json,1711,,,colmap | Pose Opt,70.0
colmap,70,42,,2748,,,,,0,10,minfarthestpose,70,GT Eval,,,,Pose Opt,False,,,,,0.0,,False,1.0,1.0,colmap,ship,pinhole,,15000,15000,default,MCMC,,,,,Shared Cam,,,,,,gsplat,,synthetic,23.042526245117188,0.1402909904718399,0.7677865028381348,1000000,0.0022099970374256372,0.1227233037352562,0.027415085583925247,0.028327401727437973,0.6955447755632964,0.20904646092241555,2748,/home/ojab2/work/git/gsplat/results/colmap_outputs/ship_1_n70_s42_default_mpinhole_minfarthestpose_sharedcam_i70_gteval_poseopt_steps15000/stats/val_step14999.json,/home/ojab2/work/git/gsplat/results/colmap_outputs/ship_1_n70_s42_default_mpinhole_minfarthestpose_sharedcam_i70_gteval_poseopt_steps15000/stats/val_step14999.json,ship_1_n70_s42_default_mpinhole_minfarthestpose_sharedcam_i70_gteval_poseopt_steps15000,0.2115,0.013257,63,0.814222,,,,14.959670066833496,6776,6776,0,/home/ojab2/work/git/vggt/colmap_outputs/ship_1_n70_s42_default_mpinhole_minfarthestpose_sharedcam/eval_results.json,ship_1_n70_s42_default_mpinhole_minfarthestpose_sharedcam,ship_1_n70_s42_default_mpinhole_minfarthestpose_sharedcam_i70_gteval_poseopt_steps15000_val_step14999.json,2748,,,colmap | Pose Opt,70.0
colmap,70,42,,5764,,,,,0,10,minfarthestpose,70,GT Eval,,,,Pose Opt,False,,,,,0.0,,False,1.0,1.0,colmap,lego,pinhole,,15000,15000,default,MCMC,,,,,Shared Cam,,,,,,gsplat,,synthetic,23.030803680419922,0.06395122408866882,0.8600674271583557,1000000,0.13778789341449738,12.94489574432373,0.021692808717489243,0.021853160113096237,0.7964164564329126,0.14766776614514976,5764,/home/ojab2/work/git/gsplat/results/colmap_outputs/lego_1_n70_s42_default_mpinhole_minfarthestpose_sharedcam_i70_gteval_poseopt_steps15000/stats/val_step14999.json,/home/ojab2/work/git/gsplat/results/colmap_outputs/lego_1_n70_s42_default_mpinhole_minfarthestpose_sharedcam_i70_gteval_poseopt_steps15000/stats/val_step14999.json,lego_1_n70_s42_default_mpinhole_minfarthestpose_sharedcam_i70_gteval_poseopt_steps15000,13.0156,0.491599,70,0.930681,,,,33.80655479431152,6776,6776,0,/home/ojab2/work/git/vggt/colmap_outputs/lego_1_n70_s42_default_mpinhole_minfarthestpose_sharedcam/eval_results.json,lego_1_n70_s42_default_mpinhole_minfarthestpose_sharedcam,lego_1_n70_s42_default_mpinhole_minfarthestpose_sharedcam_i70_gteval_poseopt_steps15000_val_step14999.json,5764,,,colmap | Pose Opt,70.0
colmap,80,42,,2571,,,,,0,10,minfarthestpose,80,GT Eval,,,,Pose Opt,False,,,,,0.0,,False,1.0,1.0,colmap,drums,pinhole,,15000,15000,default,MCMC,,,,,Shared Cam,,,,,,gsplat,,synthetic,23.19012451171875,0.09324557334184647,0.9124147891998291,1000000,0.0026813126169145107,0.12056569755077362,0.016409829258918762,0.01745455339550972,0.811896402981856,0.13133025231258627,2571,/home/ojab2/work/git/gsplat/results/colmap_outputs/drums_1_n80_s42_default_mpinhole_minfarthestpose_sharedcam_i80_gteval_poseopt_steps15000/stats/val_step14999.json,/home/ojab2/work/git/gsplat/results/colmap_outputs/drums_1_n80_s42_default_mpinhole_minfarthestpose_sharedcam_i80_gteval_poseopt_steps15000/stats/val_step14999.json,drums_1_n80_s42_default_mpinhole_minfarthestpose_sharedcam_i80_gteval_poseopt_steps15000,0.21,0.013163,61,0.73288,,,,57.9729950428009,6836,6836,0,/home/ojab2/work/git/vggt/colmap_outputs/drums_1_n80_s42_default_mpinhole_minfarthestpose_sharedcam/eval_results.json,drums_1_n80_s42_default_mpinhole_minfarthestpose_sharedcam,drums_1_n80_s42_default_mpinhole_minfarthestpose_sharedcam_i80_gteval_poseopt_steps15000_val_step14999.json,2571,,,colmap | Pose Opt,80.0
colmap,80,42,,3818,,,,,0,10,minfarthestpose,80,GT Eval,,,,Pose Opt,False,,,,,0.0,,False,1.0,1.0,colmap,ship,pinhole,,15000,15000,default,MCMC,,,,,Shared Cam,,,,,,gsplat,,synthetic,23.868526458740234,0.13344396650791168,0.7936931848526001,1000000,0.0018086765194311738,0.0848613828420639,0.027716100215911865,0.02784142829477787,0.7302177402592076,0.1972524999345751,3818,/home/ojab2/work/git/gsplat/results/colmap_outputs/ship_1_n80_s42_default_mpinhole_minfarthestpose_sharedcam_i80_gteval_poseopt_steps15000/stats/val_step14999.json,/home/ojab2/work/git/gsplat/results/colmap_outputs/ship_1_n80_s42_default_mpinhole_minfarthestpose_sharedcam_i80_gteval_poseopt_steps15000/stats/val_step14999.json,ship_1_n80_s42_default_mpinhole_minfarthestpose_sharedcam_i80_gteval_poseopt_steps15000,0.1491,0.009487,74,0.83563,,,,19.210057735443115,6836,6836,0,/home/ojab2/work/git/vggt/colmap_outputs/ship_1_n80_s42_default_mpinhole_minfarthestpose_sharedcam/eval_results.json,ship_1_n80_s42_default_mpinhole_minfarthestpose_sharedcam,ship_1_n80_s42_default_mpinhole_minfarthestpose_sharedcam_i80_gteval_poseopt_steps15000_val_step14999.json,3818,,,colmap | Pose Opt,80.0
colmap,80,42,,8189,,,,,0,10,minfarthestpose,80,GT Eval,,,,Pose Opt,False,,,,,0.0,,False,1.0,1.0,colmap,lego,pinhole,,15000,15000,default,MCMC,,,,,Shared Cam,,,,,,gsplat,,synthetic,11.222736358642578,0.4583715796470642,0.5785467624664307,1000000,0.20302371680736542,12.498674392700195,0.2865879535675049,0.29804930090904236,0.16964722012760886,0.3943425133553851,8189,/home/ojab2/work/git/gsplat/results/colmap_outputs/lego_1_n80_s42_default_mpinhole_minfarthestpose_sharedcam_i80_gteval_poseopt_steps15000/stats/val_step14999.json,/home/ojab2/work/git/gsplat/results/colmap_outputs/lego_1_n80_s42_default_mpinhole_minfarthestpose_sharedcam_i80_gteval_poseopt_steps15000/stats/val_step14999.json,lego_1_n80_s42_default_mpinhole_minfarthestpose_sharedcam_i80_gteval_poseopt_steps15000,12.3915,0.644267,80,0.828364,,,,36.368884801864624,6836,6836,0,/home/ojab2/work/git/vggt/colmap_outputs/lego_1_n80_s42_default_mpinhole_minfarthestpose_sharedcam/eval_results.json,lego_1_n80_s42_default_mpinhole_minfarthestpose_sharedcam,lego_1_n80_s42_default_mpinhole_minfarthestpose_sharedcam_i80_gteval_poseopt_steps15000_val_step14999.json,8189,,,colmap | Pose Opt,80.0
colmap,87,42,,3866,,,,,0,10,farthestpose,87,GT Eval,,,,Pose Opt,False,,,,,0.0,,False,1.0,1.0,colmap,drums,pinhole,,15000,15000,default,MCMC,,,,,Shared Cam,,,,,,gsplat,,synthetic,22.8007869720459,0.08921363204717636,0.906125545501709,1000000,0.0019269566982984543,0.09517744928598404,0.015581444837152958,0.016012171283364296,0.8034973809032024,0.13361671317880486,3866,/home/ojab2/work/git/gsplat/results/colmap_outputs/drums_1_n87_s42_default_mpinhole_farthestpose_sharedcam_i87_gteval_poseopt_steps15000/stats/val_step14999.json,/home/ojab2/work/git/gsplat/results/colmap_outputs/drums_1_n87_s42_default_mpinhole_farthestpose_sharedcam_i87_gteval_poseopt_steps15000/stats/val_step14999.json,drums_1_n87_s42_default_mpinhole_farthestpose_sharedcam_i87_gteval_poseopt_steps15000,0.1528,0.009899,79,0.837402,,,,70.49110555648804,6778,6778,0,/home/ojab2/work/git/vggt/colmap_outputs/drums_1_n87_s42_default_mpinhole_farthestpose_sharedcam/eval_results.json,drums_1_n87_s42_default_mpinhole_farthestpose_sharedcam,drums_1_n87_s42_default_mpinhole_farthestpose_sharedcam_i87_gteval_poseopt_steps15000_val_step14999.json,3866,,,colmap | Pose Opt,87.0
colmap,87,42,,5146,,,,,0,10,farthestpose,87,GT Eval,,,,Pose Opt,False,,,,,0.0,,False,1.0,1.0,colmap,ship,pinhole,,15000,15000,default,MCMC,,,,,Shared Cam,,,,,,gsplat,,synthetic,22.677448272705078,0.14222858846187592,0.7592695951461792,1000000,0.0022772701922804117,0.12901882827281952,0.03049098327755928,0.028810393065214157,0.6826073764554086,0.21275657137381176,5146,/home/ojab2/work/git/gsplat/results/colmap_outputs/ship_1_n87_s42_default_mpinhole_farthestpose_sharedcam_i87_gteval_poseopt_steps15000/stats/val_step14999.json,/home/ojab2/work/git/gsplat/results/colmap_outputs/ship_1_n87_s42_default_mpinhole_farthestpose_sharedcam_i87_gteval_poseopt_steps15000/stats/val_step14999.json,ship_1_n87_s42_default_mpinhole_farthestpose_sharedcam_i87_gteval_poseopt_steps15000,0.2458,0.011214,80,0.865091,,,,25.509971380233765,983,983,0,/home/ojab2/work/git/vggt/colmap_outputs/ship_1_n87_s42_default_mpinhole_farthestpose_sharedcam/eval_results.json,ship_1_n87_s42_default_mpinhole_farthestpose_sharedcam,ship_1_n87_s42_default_mpinhole_farthestpose_sharedcam_i87_gteval_poseopt_steps15000_val_step14999.json,5146,,,colmap | Pose Opt,87.0
colmap,87,42,,10313,,,,,0,10,farthestpose,87,GT Eval,,,,Pose Opt,False,,,,,0.0,,False,1.0,1.0,colmap,lego,pinhole,,15000,15000,default,MCMC,,,,,Shared Cam,,,,,,gsplat,,synthetic,23.415613174438477,0.06068120896816254,0.8655398488044739,1000000,0.11611875891685486,10.428851127624512,0.020421398803591728,0.021033968776464462,0.8087613326028387,0.14397459069395593,10313,/home/ojab2/work/git/gsplat/results/colmap_outputs/lego_1_n87_s42_default_mpinhole_farthestpose_sharedcam_i87_gteval_poseopt_steps15000/stats/val_step14999.json,/home/ojab2/work/git/gsplat/results/colmap_outputs/lego_1_n87_s42_default_mpinhole_farthestpose_sharedcam_i87_gteval_poseopt_steps15000/stats/val_step14999.json,lego_1_n87_s42_default_mpinhole_farthestpose_sharedcam_i87_gteval_poseopt_steps15000,10.4784,0.403756,87,0.885202,,,,47.262017250061035,6778,6778,0,/home/ojab2/work/git/vggt/colmap_outputs/lego_1_n87_s42_default_mpinhole_farthestpose_sharedcam/eval_results.json,lego_1_n87_s42_default_mpinhole_farthestpose_sharedcam,lego_1_n87_s42_default_mpinhole_farthestpose_sharedcam_i87_gteval_poseopt_steps15000_val_step14999.json,10313,,,colmap | Pose Opt,87.0
vggt,10,42,0.0,100000,random,,,,0,10,minfarthestpose,10,GT Eval,,,,Pose Opt,False,,,,,0.0,,False,1.0,1.0,vggt,lego,,,15000,15000,,MCMC,,,,,,,,,,,gsplat,,synthetic,15.18364143371582,0.23343288898468018,0.6851939558982849,1000000,0.00866832584142685,0.7114669680595398,0.13306991755962372,0.032544270157814026,0.4442151375139124,0.2749407216499484,100000,/home/ojab2/work/git/gsplat/results/vggt_outputs/lego_1_n10_s42_c0.0_p100000_random_minfarthestpose_i10_gteval_poseopt_steps15000/stats/val_step14999.json,/home/ojab2/work/git/gsplat/results/vggt_outputs/lego_1_n10_s42_c0.0_p100000_random_minfarthestpose_i10_gteval_poseopt_steps15000/stats/val_step14999.json,lego_1_n10_s42_c0.0_p100000_random_minfarthestpose_i10_gteval_poseopt_steps15000,0.822,0.036127,10,4.031849,0.0496,0.0138,0.1044,,,,,/home/ojab2/work/git/vggt/vggt_outputs/lego_1_n10_s42_c0.0_p100000_random_minfarthestpose/eval_results.json,lego_1_n10_s42_c0.0_p100000_random_minfarthestpose,lego_1_n10_s42_c0.0_p100000_random_minfarthestpose_i10_gteval_poseopt_steps15000_val_step14999.json,100000,,,vggt | Pose Opt,10.0
vggt,10,42,0.0,100000,random,,,,0,10,minfarthestpose,10,GT Eval,,,,Pose Opt,False,,,,,0.0,,False,1.0,1.0,vggt,ship,,,15000,15000,,MCMC,,,,,,,,,,,gsplat,,synthetic,19.667362213134766,0.22302782535552979,0.6599054336547852,1000000,0.009353033266961575,0.694637656211853,0.1580275595188141,0.033768825232982635,0.5188812730837518,0.27233337387229195,100000,/home/ojab2/work/git/gsplat/results/vggt_outputs/ship_1_n10_s42_c0.0_p100000_random_minfarthestpose_i10_gteval_poseopt_steps15000/stats/val_step14999.json,/home/ojab2/work/git/gsplat/results/vggt_outputs/ship_1_n10_s42_c0.0_p100000_random_minfarthestpose_i10_gteval_poseopt_steps15000/stats/val_step14999.json,ship_1_n10_s42_c0.0_p100000_random_minfarthestpose_i10_gteval_poseopt_steps15000,0.7716,0.037021,10,4.467257,0.126,0.0336,0.2577,,,,,/home/ojab2/work/git/vggt/vggt_outputs/ship_1_n10_s42_c0.0_p100000_random_minfarthestpose/eval_results.json,ship_1_n10_s42_c0.0_p100000_random_minfarthestpose,ship_1_n10_s42_c0.0_p100000_random_minfarthestpose_i10_gteval_poseopt_steps15000_val_step14999.json,100000,,,vggt | Pose Opt,10.0
vggt,10,42,0.0,100000,random,,,,0,10,minfarthestpose,10,GT Eval,,,,Pose Opt,False,,,,,0.0,,False,1.0,1.0,vggt,drums,,,15000,15000,,MCMC,,,,,,,,,,,gsplat,,synthetic,17.697195053100586,0.1162111759185791,0.7935676574707031,1000000,0.005914987064898014,0.31230735778808594,0.12736013531684875,0.031164109706878662,0.6264979425694277,0.19585094853093024,100000,/home/ojab2/work/git/gsplat/results/vggt_outputs/drums_1_n10_s42_c0.0_p100000_random_minfarthestpose_i10_gteval_poseopt_steps15000/stats/val_step14999.json,/home/ojab2/work/git/gsplat/results/vggt_outputs/drums_1_n10_s42_c0.0_p100000_random_minfarthestpose_i10_gteval_poseopt_steps15000/stats/val_step14999.json,drums_1_n10_s42_c0.0_p100000_random_minfarthestpose_i10_gteval_poseopt_steps15000,0.3121,0.013776,10,3.920393,0.055,0.0154,0.1418,,,,,/home/ojab2/work/git/vggt/vggt_outputs/drums_1_n10_s42_c0.0_p100000_random_minfarthestpose/eval_results.json,drums_1_n10_s42_c0.0_p100000_random_minfarthestpose,drums_1_n10_s42_c0.0_p100000_random_minfarthestpose_i10_gteval_poseopt_steps15000_val_step14999.json,100000,,,vggt | Pose Opt,10.0
vggt,20,42,0.0,100000,random,,,,0,10,minfarthestpose,20,GT Eval,,,,Pose Opt,False,,,,,0.0,,False,1.0,1.0,vggt,lego,,,15000,15000,,MCMC,,,,,,,,,,,gsplat,,synthetic,17.186931610107422,0.1361658275127411,0.7241392135620117,1000000,0.00562636461108923,0.39562955498695374,0.10389357060194016,0.02517762966454029,0.5641295041954308,0.22683412297473726,100000,/home/ojab2/work/git/gsplat/results/vggt_outputs/lego_1_n20_s42_c0.0_p100000_random_minfarthestpose_i20_gteval_poseopt_steps15000/stats/val_step14999.json,/home/ojab2/work/git/gsplat/results/vggt_outputs/lego_1_n20_s42_c0.0_p100000_random_minfarthestpose_i20_gteval_poseopt_steps15000/stats/val_step14999.json,lego_1_n20_s42_c0.0_p100000_random_minfarthestpose_i20_gteval_poseopt_steps15000,0.5014,0.015405,20,4.007658,0.0493,0.0136,0.1096,,,,,/home/ojab2/work/git/vggt/vggt_outputs/lego_1_n20_s42_c0.0_p100000_random_minfarthestpose/eval_results.json,lego_1_n20_s42_c0.0_p100000_random_minfarthestpose,lego_1_n20_s42_c0.0_p100000_random_minfarthestpose_i20_gteval_poseopt_steps15000_val_step14999.json,100000,,,vggt | Pose Opt,20.0
vggt,20,42,0.0,100000,random,,,,0,10,minfarthestpose,20,GT Eval,,,,Pose Opt,False,,,,,0.0,,False,1.0,1.0,vggt,ship,,,15000,15000,,MCMC,,,,,,,,,,,gsplat,,synthetic,20.521488189697266,0.1393253058195114,0.693988025188446,1000000,0.006142750848084688,0.3893606960773468,0.14944122731685638,0.03084743581712246,0.6062979828118503,0.2337924391817387,100000,/home/ojab2/work/git/gsplat/results/vggt_outputs/ship_1_n20_s42_c0.0_p100000_random_minfarthestpose_i20_gteval_poseopt_steps15000/stats/val_step14999.json,/home/ojab2/work/git/gsplat/results/vggt_outputs/ship_1_n20_s42_c0.0_p100000_random_minfarthestpose_i20_gteval_poseopt_steps15000/stats/val_step14999.json,ship_1_n20_s42_c0.0_p100000_random_minfarthestpose_i20_gteval_poseopt_steps15000,0.5132,0.028919,20,4.444803,0.1236,0.0336,0.2593,,,,,/home/ojab2/work/git/vggt/vggt_outputs/ship_1_n20_s42_c0.0_p100000_random_minfarthestpose/eval_results.json,ship_1_n20_s42_c0.0_p100000_random_minfarthestpose,ship_1_n20_s42_c0.0_p100000_random_minfarthestpose_i20_gteval_poseopt_steps15000_val_step14999.json,100000,,,vggt | Pose Opt,20.0
vggt,20,42,0.0,100000,random,,,,0,10,minfarthestpose,20,GT Eval,,,,Pose Opt,False,,,,,0.0,,False,1.0,1.0,vggt,drums,,,15000,15000,,MCMC,,,,,,,,,,,gsplat,,synthetic,18.906269073486328,0.08894771337509155,0.822964072227478,1000000,0.0028560669161379337,0.15259207785129547,0.09244886040687561,0.02201221138238907,0.6829083858952264,0.17418933404121195,100000,/home/ojab2/work/git/gsplat/results/vggt_outputs/drums_1_n20_s42_c0.0_p100000_random_minfarthestpose_i20_gteval_poseopt_steps15000/stats/val_step14999.json,/home/ojab2/work/git/gsplat/results/vggt_outputs/drums_1_n20_s42_c0.0_p100000_random_minfarthestpose_i20_gteval_poseopt_steps15000/stats/val_step14999.json,drums_1_n20_s42_c0.0_p100000_random_minfarthestpose_i20_gteval_poseopt_steps15000,0.1865,0.009416,20,3.894368,0.0573,0.0159,0.1381,,,,,/home/ojab2/work/git/vggt/vggt_outputs/drums_1_n20_s42_c0.0_p100000_random_minfarthestpose/eval_results.json,drums_1_n20_s42_c0.0_p100000_random_minfarthestpose,drums_1_n20_s42_c0.0_p100000_random_minfarthestpose_i20_gteval_poseopt_steps15000_val_step14999.json,100000,,,vggt | Pose Opt,20.0
vggt,30,42,0.0,100000,random,,,,0,10,minfarthestpose,30,GT Eval,,,,Pose Opt,False,,,,,0.0,,False,1.0,1.0,vggt,lego,,,15000,15000,,MCMC,,,,,,,,,,,gsplat,,synthetic,19.936996459960938,0.07395301014184952,0.7796687483787537,1000000,0.007107160519808531,0.2529734969139099,0.08083806931972504,0.019872426986694336,0.6859330169038388,0.18449789903913874,100000,/home/ojab2/work/git/gsplat/results/vggt_outputs/lego_1_n30_s42_c0.0_p100000_random_minfarthestpose_i30_gteval_poseopt_steps15000/stats/val_step14999.json,/home/ojab2/work/git/gsplat/results/vggt_outputs/lego_1_n30_s42_c0.0_p100000_random_minfarthestpose_i30_gteval_poseopt_steps15000/stats/val_step14999.json,lego_1_n30_s42_c0.0_p100000_random_minfarthestpose_i30_gteval_poseopt_steps15000,0.259,0.018158,30,4.059862,0.0434,0.0123,0.1108,,,,,/home/ojab2/work/git/vggt/vggt_outputs/lego_1_n30_s42_c0.0_p100000_random_minfarthestpose/eval_results.json,lego_1_n30_s42_c0.0_p100000_random_minfarthestpose,lego_1_n30_s42_c0.0_p100000_random_minfarthestpose_i30_gteval_poseopt_steps15000_val_step14999.json,100000,,,vggt | Pose Opt,30.0
vggt,30,42,0.0,100000,random,,,,0,10,minfarthestpose,30,GT Eval,,,,Pose Opt,False,,,,,0.0,,False,1.0,1.0,vggt,ship,,,15000,15000,,MCMC,,,,,,,,,,,gsplat,,synthetic,21.540739059448242,0.1261262446641922,0.7158617377281189,1000000,0.0061832512728869915,0.3367137014865875,0.14005282521247864,0.02751457504928112,0.6461122122927869,0.22206193810323044,100000,/home/ojab2/work/git/gsplat/results/vggt_outputs/ship_1_n30_s42_c0.0_p100000_random_minfarthestpose_i30_gteval_poseopt_steps15000/stats/val_step14999.json,/home/ojab2/work/git/gsplat/results/vggt_outputs/ship_1_n30_s42_c0.0_p100000_random_minfarthestpose_i30_gteval_poseopt_steps15000/stats/val_step14999.json,ship_1_n30_s42_c0.0_p100000_random_minfarthestpose_i30_gteval_poseopt_steps15000,0.4879,0.028712,30,4.427395,0.115,0.0311,0.2507,,,,,/home/ojab2/work/git/vggt/vggt_outputs/ship_1_n30_s42_c0.0_p100000_random_minfarthestpose/eval_results.json,ship_1_n30_s42_c0.0_p100000_random_minfarthestpose,ship_1_n30_s42_c0.0_p100000_random_minfarthestpose_i30_gteval_poseopt_steps15000_val_step14999.json,100000,,,vggt | Pose Opt,30.0
vggt,30,42,0.0,100000,random,,,,0,10,minfarthestpose,30,GT Eval,,,,Pose Opt,False,,,,,0.0,,False,1.0,1.0,vggt,drums,,,15000,15000,,MCMC,,,,,,,,,,,gsplat,,synthetic,19.72763442993164,0.0801970437169075,0.8434895873069763,1000000,0.0032104365527629852,0.12574003636837006,0.08237149566411972,0.019696738570928574,0.7155237285888683,0.16215274702373234,100000,/home/ojab2/work/git/gsplat/results/vggt_outputs/drums_1_n30_s42_c0.0_p100000_random_minfarthestpose_i30_gteval_poseopt_steps15000/stats/val_step14999.json,/home/ojab2/work/git/gsplat/results/vggt_outputs/drums_1_n30_s42_c0.0_p100000_random_minfarthestpose_i30_gteval_poseopt_steps15000/stats/val_step14999.json,drums_1_n30_s42_c0.0_p100000_random_minfarthestpose_i30_gteval_poseopt_steps15000,0.2054,0.010519,30,3.899545,0.0605,0.0167,0.1432,,,,,/home/ojab2/work/git/vggt/vggt_outputs/drums_1_n30_s42_c0.0_p100000_random_minfarthestpose/eval_results.json,drums_1_n30_s42_c0.0_p100000_random_minfarthestpose,drums_1_n30_s42_c0.0_p100000_random_minfarthestpose_i30_gteval_poseopt_steps15000_val_step14999.json,100000,,,vggt | Pose Opt,30.0
vggt,40,42,0.0,100000,random,,,,0,10,minfarthestpose,40,GT Eval,,,,Pose Opt,False,,,,,0.0,,False,1.0,1.0,vggt,lego,,,15000,15000,,MCMC,,,,,,,,,,,gsplat,,synthetic,20.60838508605957,0.06841015815734863,0.7821428179740906,1000000,0.005965971853584051,0.2731589674949646,0.090948186814785,0.0227441918104887,0.703234477504807,0.18128490971783862,100000,/home/ojab2/work/git/gsplat/results/vggt_outputs/lego_1_n40_s42_c0.0_p100000_random_minfarthestpose_i40_gteval_poseopt_steps15000/stats/val_step14999.json,/home/ojab2/work/git/gsplat/results/vggt_outputs/lego_1_n40_s42_c0.0_p100000_random_minfarthestpose_i40_gteval_poseopt_steps15000/stats/val_step14999.json,lego_1_n40_s42_c0.0_p100000_random_minfarthestpose_i40_gteval_poseopt_steps15000,0.3198,0.019067,40,4.046949,0.0449,0.0127,0.1113,,,,,/home/ojab2/work/git/vggt/vggt_outputs/lego_1_n40_s42_c0.0_p100000_random_minfarthestpose/eval_results.json,lego_1_n40_s42_c0.0_p100000_random_minfarthestpose,lego_1_n40_s42_c0.0_p100000_random_minfarthestpose_i40_gteval_poseopt_steps15000_val_step14999.json,100000,,,vggt | Pose Opt,40.0
vggt,40,42,0.0,100000,random,,,,0,10,minfarthestpose,40,GT Eval,,,,Pose Opt,False,,,,,0.0,,False,1.0,1.0,vggt,ship,,,15000,15000,,MCMC,,,,,,,,,,,gsplat,,synthetic,22.013240814208984,0.12751184403896332,0.7179772257804871,1000000,0.005630281288176775,0.3488243520259857,0.10563945770263672,0.027295464649796486,0.6552440640483295,0.22162012490545208,100000,/home/ojab2/work/git/gsplat/results/vggt_outputs/ship_1_n40_s42_c0.0_p100000_random_minfarthestpose_i40_gteval_poseopt_steps15000/stats/val_step14999.json,/home/ojab2/work/git/gsplat/results/vggt_outputs/ship_1_n40_s42_c0.0_p100000_random_minfarthestpose_i40_gteval_poseopt_steps15000/stats/val_step14999.json,ship_1_n40_s42_c0.0_p100000_random_minfarthestpose_i40_gteval_poseopt_steps15000,0.4376,0.028573,40,4.214055,0.1027,0.0277,0.2431,,,,,/home/ojab2/work/git/vggt/vggt_outputs/ship_1_n40_s42_c0.0_p100000_random_minfarthestpose/eval_results.json,ship_1_n40_s42_c0.0_p100000_random_minfarthestpose,ship_1_n40_s42_c0.0_p100000_random_minfarthestpose_i40_gteval_poseopt_steps15000_val_step14999.json,100000,,,vggt | Pose Opt,40.0
vggt,40,42,0.0,100000,random,,,,0,10,minfarthestpose,40,GT Eval,,,,Pose Opt,False,,,,,0.0,,False,1.0,1.0,vggt,drums,,,15000,15000,,MCMC,,,,,,,,,,,gsplat,,synthetic,19.894113540649414,0.08041171729564667,0.8467379212379456,1000000,0.0025033338461071253,0.10812430083751678,0.08746505528688431,0.019192229956388474,0.7203737710148115,0.16071517870283342,100000,/home/ojab2/work/git/gsplat/results/vggt_outputs/drums_1_n40_s42_c0.0_p100000_random_minfarthestpose_i40_gteval_poseopt_steps15000/stats/val_step14999.json,/home/ojab2/work/git/gsplat/results/vggt_outputs/drums_1_n40_s42_c0.0_p100000_random_minfarthestpose_i40_gteval_poseopt_steps15000/stats/val_step14999.json,drums_1_n40_s42_c0.0_p100000_random_minfarthestpose_i40_gteval_poseopt_steps15000,0.1639,0.008827,40,3.872258,0.0601,0.0166,0.1408,,,,,/home/ojab2/work/git/vggt/vggt_outputs/drums_1_n40_s42_c0.0_p100000_random_minfarthestpose/eval_results.json,drums_1_n40_s42_c0.0_p100000_random_minfarthestpose,drums_1_n40_s42_c0.0_p100000_random_minfarthestpose_i40_gteval_poseopt_steps15000_val_step14999.json,100000,,,vggt | Pose Opt,40.0
vggt,50,42,0.0,100000,random,,,,0,10,minfarthestpose,50,GT Eval,,,,Pose Opt,False,,,,,0.0,,False,1.0,1.0,vggt,lego,,,15000,15000,,MCMC,,,,,,,,,,,gsplat,,synthetic,21.455944061279297,0.06419885158538818,0.8034981489181519,1000000,0.005693141836673021,0.18456335365772247,0.08612430095672607,0.020472461357712746,0.7340180836690564,0.17154526128353734,100000,/home/ojab2/work/git/gsplat/results/vggt_outputs/lego_1_n50_s42_c0.0_p100000_random_minfarthestpose_i50_gteval_poseopt_steps15000/stats/val_step14999.json,/home/ojab2/work/git/gsplat/results/vggt_outputs/lego_1_n50_s42_c0.0_p100000_random_minfarthestpose_i50_gteval_poseopt_steps15000/stats/val_step14999.json,lego_1_n50_s42_c0.0_p100000_random_minfarthestpose_i50_gteval_poseopt_steps15000,0.2916,0.018156,50,4.0465,0.0466,0.0132,0.1167,,,,,/home/ojab2/work/git/vggt/vggt_outputs/lego_1_n50_s42_c0.0_p100000_random_minfarthestpose/eval_results.json,lego_1_n50_s42_c0.0_p100000_random_minfarthestpose,lego_1_n50_s42_c0.0_p100000_random_minfarthestpose_i50_gteval_poseopt_steps15000_val_step14999.json,100000,,,vggt | Pose Opt,50.0
vggt,50,42,0.0,100000,random,,,,0,10,minfarthestpose,50,GT Eval,,,,Pose Opt,False,,,,,0.0,,False,1.0,1.0,vggt,ship,,,15000,15000,,MCMC,,,,,,,,,,,gsplat,,synthetic,21.420772552490234,0.1336999237537384,0.7058918476104736,1000000,0.006130015477538109,0.36711937189102173,0.09583405405282974,0.024209976196289062,0.6333851546649424,0.2277423689093893,100000,/home/ojab2/work/git/gsplat/results/vggt_outputs/ship_1_n50_s42_c0.0_p100000_random_minfarthestpose_i50_gteval_poseopt_steps15000/stats/val_step14999.json,/home/ojab2/work/git/gsplat/results/vggt_outputs/ship_1_n50_s42_c0.0_p100000_random_minfarthestpose_i50_gteval_poseopt_steps15000/stats/val_step14999.json,ship_1_n50_s42_c0.0_p100000_random_minfarthestpose_i50_gteval_poseopt_steps15000,0.4503,0.029935,50,4.216293,0.0998,0.0269,0.24,,,,,/home/ojab2/work/git/vggt/vggt_outputs/ship_1_n50_s42_c0.0_p100000_random_minfarthestpose/eval_results.json,ship_1_n50_s42_c0.0_p100000_random_minfarthestpose,ship_1_n50_s42_c0.0_p100000_random_minfarthestpose_i50_gteval_poseopt_steps15000_val_step14999.json,100000,,,vggt | Pose Opt,50.0
vggt,50,42,0.0,100000,random,,,,0,10,minfarthestpose,50,GT Eval,,,,Pose Opt,False,,,,,0.0,,False,1.0,1.0,vggt,drums,,,15000,15000,,MCMC,,,,,,,,,,,gsplat,,synthetic,20.036693572998047,0.08149280399084091,0.8511020541191101,1000000,0.0026705549098551273,0.1001499816775322,0.08181129395961761,0.018547168001532555,0.7248989290099704,0.15909387861027774,100000,/home/ojab2/work/git/gsplat/results/vggt_outputs/drums_1_n50_s42_c0.0_p100000_random_minfarthestpose_i50_gteval_poseopt_steps15000/stats/val_step14999.json,/home/ojab2/work/git/gsplat/results/vggt_outputs/drums_1_n50_s42_c0.0_p100000_random_minfarthestpose_i50_gteval_poseopt_steps15000/stats/val_step14999.json,drums_1_n50_s42_c0.0_p100000_random_minfarthestpose_i50_gteval_poseopt_steps15000,0.1715,0.009423,50,3.880713,0.0607,0.0168,0.1417,,,,,/home/ojab2/work/git/vggt/vggt_outputs/drums_1_n50_s42_c0.0_p100000_random_minfarthestpose/eval_results.json,drums_1_n50_s42_c0.0_p100000_random_minfarthestpose,drums_1_n50_s42_c0.0_p100000_random_minfarthestpose_i50_gteval_poseopt_steps15000_val_step14999.json,100000,,,vggt | Pose Opt,50.0
vggt,60,42,0.0,100000,random,,,,0,10,minfarthestpose,60,GT Eval,,,,Pose Opt,False,,,,,0.0,,False,1.0,1.0,vggt,lego,,,15000,15000,,MCMC,,,,,,,,,,,gsplat,,synthetic,20.83013153076172,0.06939548999071121,0.7845409512519836,1000000,0.0055316416546702385,0.24866129457950592,0.09546675533056259,0.023466862738132477,0.7081350807422472,0.18061042838167296,100000,/home/ojab2/work/git/gsplat/results/vggt_outputs/lego_1_n60_s42_c0.0_p100000_random_minfarthestpose_i60_gteval_poseopt_steps15000/stats/val_step14999.json,/home/ojab2/work/git/gsplat/results/vggt_outputs/lego_1_n60_s42_c0.0_p100000_random_minfarthestpose_i60_gteval_poseopt_steps15000/stats/val_step14999.json,lego_1_n60_s42_c0.0_p100000_random_minfarthestpose_i60_gteval_poseopt_steps15000,0.3386,0.018355,60,4.043009,0.046,0.013,0.1152,,,,,/home/ojab2/work/git/vggt/vggt_outputs/lego_1_n60_s42_c0.0_p100000_random_minfarthestpose/eval_results.json,lego_1_n60_s42_c0.0_p100000_random_minfarthestpose,lego_1_n60_s42_c0.0_p100000_random_minfarthestpose_i60_gteval_poseopt_steps15000_val_step14999.json,100000,,,vggt | Pose Opt,60.0
vggt,60,42,0.0,100000,random,,,,0,10,minfarthestpose,60,GT Eval,,,,Pose Opt,False,,,,,0.0,,False,1.0,1.0,vggt,ship,,,15000,15000,,MCMC,,,,,,,,,,,gsplat,,synthetic,21.38827133178711,0.13837109506130219,0.7133898138999939,1000000,0.005784155800938606,0.3833847939968109,0.1058792918920517,0.028066078200936317,0.6342846167366407,0.22699830379507374,100000,/home/ojab2/work/git/gsplat/results/vggt_outputs/ship_1_n60_s42_c0.0_p100000_random_minfarthestpose_i60_gteval_poseopt_steps15000/stats/val_step14999.json,/home/ojab2/work/git/gsplat/results/vggt_outputs/ship_1_n60_s42_c0.0_p100000_random_minfarthestpose_i60_gteval_poseopt_steps15000/stats/val_step14999.json,ship_1_n60_s42_c0.0_p100000_random_minfarthestpose_i60_gteval_poseopt_steps15000,0.47,0.029124,60,4.21936,0.1007,0.0271,0.2402,,,,,/home/ojab2/work/git/vggt/vggt_outputs/ship_1_n60_s42_c0.0_p100000_random_minfarthestpose/eval_results.json,ship_1_n60_s42_c0.0_p100000_random_minfarthestpose,ship_1_n60_s42_c0.0_p100000_random_minfarthestpose_i60_gteval_poseopt_steps15000_val_step14999.json,100000,,,vggt | Pose Opt,60.0
vggt,60,42,0.0,100000,random,,,,0,10,minfarthestpose,60,GT Eval,,,,Pose Opt,False,,,,,0.0,,False,1.0,1.0,vggt,drums,,,15000,15000,,MCMC,,,,,,,,,,,gsplat,,synthetic,20.309505462646484,0.08241722732782364,0.856533944606781,1000000,0.0028493276331573725,0.12530018389225006,0.08380420506000519,0.01900409162044525,0.7325569134958383,0.15683283281928226,100000,/home/ojab2/work/git/gsplat/results/vggt_outputs/drums_1_n60_s42_c0.0_p100000_random_minfarthestpose_i60_gteval_poseopt_steps15000/stats/val_step14999.json,/home/ojab2/work/git/gsplat/results/vggt_outputs/drums_1_n60_s42_c0.0_p100000_random_minfarthestpose_i60_gteval_poseopt_steps15000/stats/val_step14999.json,drums_1_n60_s42_c0.0_p100000_random_minfarthestpose_i60_gteval_poseopt_steps15000,0.1817,0.009902,60,3.883933,0.0607,0.0168,0.1421,,,,,/home/ojab2/work/git/vggt/vggt_outputs/drums_1_n60_s42_c0.0_p100000_random_minfarthestpose/eval_results.json,drums_1_n60_s42_c0.0_p100000_random_minfarthestpose,drums_1_n60_s42_c0.0_p100000_random_minfarthestpose_i60_gteval_poseopt_steps15000_val_step14999.json,100000,,,vggt | Pose Opt,60.0
vggt,70,42,0.0,100000,random,,,,0,10,minfarthestpose,70,GT Eval,,,,Pose Opt,False,,,,,0.0,,False,1.0,1.0,vggt,lego,,,15000,15000,,MCMC,,,,,,,,,,,gsplat,,synthetic,19.61846923828125,0.08370392769575119,0.76264488697052,1000000,0.005610478110611439,0.2906137704849243,0.09008211642503738,0.023164143785834312,0.6640598052329564,0.19393774080504755,100000,/home/ojab2/work/git/gsplat/results/vggt_outputs/lego_1_n70_s42_c0.0_p100000_random_minfarthestpose_i70_gteval_poseopt_steps15000/stats/val_step14999.json,/home/ojab2/work/git/gsplat/results/vggt_outputs/lego_1_n70_s42_c0.0_p100000_random_minfarthestpose_i70_gteval_poseopt_steps15000/stats/val_step14999.json,lego_1_n70_s42_c0.0_p100000_random_minfarthestpose_i70_gteval_poseopt_steps15000,0.3397,0.018862,70,4.060608,0.0482,0.0136,0.1162,,,,,/home/ojab2/work/git/vggt/vggt_outputs/lego_1_n70_s42_c0.0_p100000_random_minfarthestpose/eval_results.json,lego_1_n70_s42_c0.0_p100000_random_minfarthestpose,lego_1_n70_s42_c0.0_p100000_random_minfarthestpose_i70_gteval_poseopt_steps15000_val_step14999.json,100000,,,vggt | Pose Opt,70.0
vggt,70,42,0.0,100000,random,,,,0,10,minfarthestpose,70,GT Eval,,,,Pose Opt,False,,,,,0.0,,False,1.0,1.0,vggt,ship,,,15000,15000,,MCMC,,,,,,,,,,,gsplat,,synthetic,21.930416107177734,0.13071301579475403,0.7310290336608887,1000000,0.006531286984682083,0.4017370641231537,0.09947289526462555,0.025176674127578735,0.659366877416731,0.21858286871315472,100000,/home/ojab2/work/git/gsplat/results/vggt_outputs/ship_1_n70_s42_c0.0_p100000_random_minfarthestpose_i70_gteval_poseopt_steps15000/stats/val_step14999.json,/home/ojab2/work/git/gsplat/results/vggt_outputs/ship_1_n70_s42_c0.0_p100000_random_minfarthestpose_i70_gteval_poseopt_steps15000/stats/val_step14999.json,ship_1_n70_s42_c0.0_p100000_random_minfarthestpose_i70_gteval_poseopt_steps15000,0.4913,0.030434,70,4.211942,0.0977,0.0263,0.2382,,,,,/home/ojab2/work/git/vggt/vggt_outputs/ship_1_n70_s42_c0.0_p100000_random_minfarthestpose/eval_results.json,ship_1_n70_s42_c0.0_p100000_random_minfarthestpose,ship_1_n70_s42_c0.0_p100000_random_minfarthestpose_i70_gteval_poseopt_steps15000_val_step14999.json,100000,,,vggt | Pose Opt,70.0
vggt,70,42,0.0,100000,random,,,,0,10,minfarthestpose,70,GT Eval,,,,Pose Opt,False,,,,,0.0,,False,1.0,1.0,vggt,drums,,,15000,15000,,MCMC,,,,,,,,,,,gsplat,,synthetic,20.454763412475586,0.0843178853392601,0.8596317768096924,1000000,0.002991884248331189,0.10711624473333359,0.08283812552690506,0.01855308935046196,0.7358852276231189,0.1559937293487651,100000,/home/ojab2/work/git/gsplat/results/vggt_outputs/drums_1_n70_s42_c0.0_p100000_random_minfarthestpose_i70_gteval_poseopt_steps15000/stats/val_step14999.json,/home/ojab2/work/git/gsplat/results/vggt_outputs/drums_1_n70_s42_c0.0_p100000_random_minfarthestpose_i70_gteval_poseopt_steps15000/stats/val_step14999.json,drums_1_n70_s42_c0.0_p100000_random_minfarthestpose_i70_gteval_poseopt_steps15000,0.1867,0.009912,70,3.879192,0.062,0.0171,0.1436,,,,,/home/ojab2/work/git/vggt/vggt_outputs/drums_1_n70_s42_c0.0_p100000_random_minfarthestpose/eval_results.json,drums_1_n70_s42_c0.0_p100000_random_minfarthestpose,drums_1_n70_s42_c0.0_p100000_random_minfarthestpose_i70_gteval_poseopt_steps15000_val_step14999.json,100000,,,vggt | Pose Opt,70.0
vggt,80,42,0.0,100000,random,,,,0,10,minfarthestpose,80,GT Eval,,,,Pose Opt,False,,,,,0.0,,False,1.0,1.0,vggt,lego,,,15000,15000,,MCMC,,,,,,,,,,,gsplat,,synthetic,19.876724243164062,0.0802513137459755,0.7603952288627625,1000000,0.005768506787717342,0.2824135422706604,0.10345224291086197,0.024969344958662987,0.6696579589655525,0.1933445457536847,100000,/home/ojab2/work/git/gsplat/results/vggt_outputs/lego_1_n80_s42_c0.0_p100000_random_minfarthestpose_i80_gteval_poseopt_steps15000/stats/val_step14999.json,/home/ojab2/work/git/gsplat/results/vggt_outputs/lego_1_n80_s42_c0.0_p100000_random_minfarthestpose_i80_gteval_poseopt_steps15000/stats/val_step14999.json,lego_1_n80_s42_c0.0_p100000_random_minfarthestpose_i80_gteval_poseopt_steps15000,0.327,0.018619,80,4.050801,0.0469,0.0133,0.1179,,,,,/home/ojab2/work/git/vggt/vggt_outputs/lego_1_n80_s42_c0.0_p100000_random_minfarthestpose/eval_results.json,lego_1_n80_s42_c0.0_p100000_random_minfarthestpose,lego_1_n80_s42_c0.0_p100000_random_minfarthestpose_i80_gteval_poseopt_steps15000_val_step14999.json,100000,,,vggt | Pose Opt,80.0
vggt,80,42,0.0,100000,random,,,,0,10,minfarthestpose,80,GT Eval,,,,Pose Opt,False,,,,,0.0,,False,1.0,1.0,vggt,ship,,,15000,15000,,MCMC,,,,,,,,,,,gsplat,,synthetic,21.678415298461914,0.1358487457036972,0.724343478679657,1000000,0.007507939822971821,0.3739777207374573,0.14248505234718323,0.02837970480322838,0.6476203108507754,0.22255776009398123,100000,/home/ojab2/work/git/gsplat/results/vggt_outputs/ship_1_n80_s42_c0.0_p100000_random_minfarthestpose_i80_gteval_poseopt_steps15000/stats/val_step14999.json,/home/ojab2/work/git/gsplat/results/vggt_outputs/ship_1_n80_s42_c0.0_p100000_random_minfarthestpose_i80_gteval_poseopt_steps15000/stats/val_step14999.json,ship_1_n80_s42_c0.0_p100000_random_minfarthestpose_i80_gteval_poseopt_steps15000,0.4596,0.026099,80,4.293598,0.1029,0.0277,0.2398,,,,,/home/ojab2/work/git/vggt/vggt_outputs/ship_1_n80_s42_c0.0_p100000_random_minfarthestpose/eval_results.json,ship_1_n80_s42_c0.0_p100000_random_minfarthestpose,ship_1_n80_s42_c0.0_p100000_random_minfarthestpose_i80_gteval_poseopt_steps15000_val_step14999.json,100000,,,vggt | Pose Opt,80.0
vggt,80,42,0.0,100000,random,,,,0,10,minfarthestpose,80,GT Eval,,,,Pose Opt,False,,,,,0.0,,False,1.0,1.0,vggt,drums,,,15000,15000,,MCMC,,,,,,,,,,,gsplat,,synthetic,20.192258834838867,0.08715112507343292,0.8529407978057861,1000000,0.00312549015507102,0.1427355706691742,0.0922391414642334,0.020723145455121994,0.725362265106143,0.16006702556791924,100000,/home/ojab2/work/git/gsplat/results/vggt_outputs/drums_1_n80_s42_c0.0_p100000_random_minfarthestpose_i80_gteval_poseopt_steps15000/stats/val_step14999.json,/home/ojab2/work/git/gsplat/results/vggt_outputs/drums_1_n80_s42_c0.0_p100000_random_minfarthestpose_i80_gteval_poseopt_steps15000/stats/val_step14999.json,drums_1_n80_s42_c0.0_p100000_random_minfarthestpose_i80_gteval_poseopt_steps15000,0.1912,0.010174,80,3.879388,0.063,0.0174,0.1437,,,,,/home/ojab2/work/git/vggt/vggt_outputs/drums_1_n80_s42_c0.0_p100000_random_minfarthestpose/eval_results.json,drums_1_n80_s42_c0.0_p100000_random_minfarthestpose,drums_1_n80_s42_c0.0_p100000_random_minfarthestpose_i80_gteval_poseopt_steps15000_val_step14999.json,100000,,,vggt | Pose Opt,80.0
vggt,87,42,0.0,100000,random,,,,0,10,farthestpose,87,GT Eval,,,,Pose Opt,False,,,,,0.0,,False,1.0,1.0,vggt,lego,,,15000,15000,,MCMC,,,,,,,,,,,gsplat,,synthetic,20.352569580078125,0.07587305456399918,0.773491382598877,1000000,0.006157866213470697,0.2516995370388031,0.08927708864212036,0.02102166973054409,0.6888311082101471,0.1870075088630269,100000,/home/ojab2/work/git/gsplat/results/vggt_outputs/lego_1_n87_s42_c0.0_p100000_random_farthestpose_i87_gteval_poseopt_steps15000/stats/val_step14999.json,/home/ojab2/work/git/gsplat/results/vggt_outputs/lego_1_n87_s42_c0.0_p100000_random_farthestpose_i87_gteval_poseopt_steps15000/stats/val_step14999.json,lego_1_n87_s42_c0.0_p100000_random_farthestpose_i87_gteval_poseopt_steps15000,0.2976,0.018838,87,4.04904,0.0478,0.0135,0.118,,,,,/home/ojab2/work/git/vggt/vggt_outputs/lego_1_n87_s42_c0.0_p100000_random_farthestpose/eval_results.json,lego_1_n87_s42_c0.0_p100000_random_farthestpose,lego_1_n87_s42_c0.0_p100000_random_farthestpose_i87_gteval_poseopt_steps15000_val_step14999.json,100000,,,vggt | Pose Opt,87.0
vggt,87,42,0.0,100000,random,,,,0,10,farthestpose,87,GT Eval,,,,Pose Opt,False,,,,,0.0,,False,1.0,1.0,vggt,ship,,,15000,15000,,MCMC,,,,,,,,,,,gsplat,,synthetic,22.858901977539062,0.1296185404062271,0.748465359210968,1000000,0.008311179466545582,0.3772093653678894,0.14261142909526825,0.027311956509947777,0.6874333439011167,0.21210940347301177,100000,/home/ojab2/work/git/gsplat/results/vggt_outputs/ship_1_n87_s42_c0.0_p100000_random_farthestpose_i87_gteval_poseopt_steps15000/stats/val_step14999.json,/home/ojab2/work/git/gsplat/results/vggt_outputs/ship_1_n87_s42_c0.0_p100000_random_farthestpose_i87_gteval_poseopt_steps15000/stats/val_step14999.json,ship_1_n87_s42_c0.0_p100000_random_farthestpose_i87_gteval_poseopt_steps15000,0.4869,0.027807,87,4.301907,0.1056,0.0284,0.2389,,,,,/home/ojab2/work/git/vggt/vggt_outputs/ship_1_n87_s42_c0.0_p100000_random_farthestpose/eval_results.json,ship_1_n87_s42_c0.0_p100000_random_farthestpose,ship_1_n87_s42_c0.0_p100000_random_farthestpose_i87_gteval_poseopt_steps15000_val_step14999.json,100000,,,vggt | Pose Opt,87.0
vggt,87,42,0.0,100000,random,,,,0,10,farthestpose,87,GT Eval,,,,Pose Opt,False,,,,,0.0,,False,1.0,1.0,vggt,drums,,,15000,15000,,MCMC,,,,,,,,,,,gsplat,,synthetic,20.899389266967773,0.08484406024217606,0.8690087795257568,1000000,0.0031003891490399837,0.11593722552061081,0.07793186604976654,0.017566045746207237,0.749277867739893,0.15163353376661962,100000,/home/ojab2/work/git/gsplat/results/vggt_outputs/drums_1_n87_s42_c0.0_p100000_random_farthestpose_i87_gteval_poseopt_steps15000/stats/val_step14999.json,/home/ojab2/work/git/gsplat/results/vggt_outputs/drums_1_n87_s42_c0.0_p100000_random_farthestpose_i87_gteval_poseopt_steps15000/stats/val_step14999.json,drums_1_n87_s42_c0.0_p100000_random_farthestpose_i87_gteval_poseopt_steps15000,0.173,0.01002,87,3.881439,0.0626,0.0172,0.1433,,,,,/home/ojab2/work/git/vggt/vggt_outputs/drums_1_n87_s42_c0.0_p100000_random_farthestpose/eval_results.json,drums_1_n87_s42_c0.0_p100000_random_farthestpose,drums_1_n87_s42_c0.0_p100000_random_farthestpose_i87_gteval_poseopt_steps15000_val_step14999.json,100000,,,vggt | Pose Opt,87.0
