method,num_images,seed,conf_thres_value,num_points,sampling_mode,near_filtering_strength,near_filtering_quorum,reconstruct_pose_opt,optimisation_iterations,optimisation_neighbourhood,image_mode,num_cameras,gt_eval,use_gt_extrinsics,use_gt_intrinsics,use_gt_points,pose_opt,pose_opt_module,eval_opt,depth_loss_mode,error_opa,depth_lambda,depth_conf_mode,choice,dataset,camera_type,copy_mode,val_step,num_steps,colmap_mode,splatting_strategy,camera_src,pcd_src,align_mode,align_glue,shared_camera,keep_backup_cams,random_init,use_ba,feature_extractor,max_ba_iterations,source,psnr,lpips,ssim,num_GS,eval_rte,eval_rre,depth_l1,depth_abs_rel,quality,avge,real_num_points,file_path,gsplat_file_path,folder,rre,rte,num_aligned,pred_depth_l1,pred_depth_absrel,pred_depth_rmse,sfm_file_path,input_folder,output_folder,initial_points,plot_series,num_points_jitter
vggt,100,42,,23220,ba,,,,0,10,farthestpose,100,GT Eval,,,,,,,,,0.0,,vggt,bonsai,radial,,15000,15000,,MCMC,,,,,Shared Cam,,,Use BA,aliked+sp,250,gsplat,19.14580726623535,0.3529313802719116,0.6036095023155212,1000000,0.008138056844472885,0.5792208313941956,,,0.3961138712887333,0.33156683012954014,23220,/home/ojab2/work/git/gsplat/results/vggt_outputs/bonsai_2_n100_s42_mradial_aliked-sp_ba_farthestpose_useba_maxba250_sharedcam_i100_gteval_steps15000/stats/val_step14999.json,/home/ojab2/work/git/gsplat/results/vggt_outputs/bonsai_2_n100_s42_mradial_aliked-sp_ba_farthestpose_useba_maxba250_sharedcam_i100_gteval_steps15000/stats/val_step14999.json,bonsai_2_n100_s42_mradial_aliked-sp_ba_farthestpose_useba_maxba250_sharedcam_i100_gteval_steps15000,0.5792,0.034349,100,,,,/home/ojab2/work/git/vggt/vggt_outputs/bonsai_2_n100_s42_mradial_aliked-sp_ba_farthestpose_useba_maxba250_sharedcam/eval_results.json,bonsai_2_n100_s42_mradial_aliked-sp_ba_farthestpose_useba_maxba250_sharedcam,bonsai_2_n100_s42_mradial_aliked-sp_ba_farthestpose_useba_maxba250_sharedcam_i100_gteval_steps15000_val_step14999.json,23220,vggt | ba,20317.5
vggt,100,42,,23814,ba,,,,0,10,farthestpose,100,GT Eval,,,,,,,,,0.0,,vggt,bicycle,radial,,15000,15000,,MCMC,,,,,Shared Cam,,,Use BA,aliked+sp,250,gsplat,17.808753967285156,0.5057863593101501,0.30061763525009155,1000000,0.008761336095631123,0.5899117588996887,,,0.09981047332557946,0.45287988253611067,23814,/home/ojab2/work/git/gsplat/results/vggt_outputs/bicycle_4_n100_s42_mradial_aliked-sp_ba_farthestpose_useba_maxba250_sharedcam_i100_gteval_steps15000/stats/val_step14999.json,/home/ojab2/work/git/gsplat/results/vggt_outputs/bicycle_4_n100_s42_mradial_aliked-sp_ba_farthestpose_useba_maxba250_sharedcam_i100_gteval_steps15000/stats/val_step14999.json,bicycle_4_n100_s42_mradial_aliked-sp_ba_farthestpose_useba_maxba250_sharedcam_i100_gteval_steps15000,0.5899,0.03799,100,,,,/home/ojab2/work/git/vggt/vggt_outputs/bicycle_4_n100_s42_mradial_aliked-sp_ba_farthestpose_useba_maxba250_sharedcam/eval_results.json,bicycle_4_n100_s42_mradial_aliked-sp_ba_farthestpose_useba_maxba250_sharedcam,bicycle_4_n100_s42_mradial_aliked-sp_ba_farthestpose_useba_maxba250_sharedcam_i100_gteval_steps15000_val_step14999.json,23814,vggt | ba,20837.25
vggt,87,42,,,ba,,,,0,10,farthestpose,,,,,,,,,,,0.0,,vggt,lego,pinhole,,,,,MCMC,,,,,Shared Cam,,,Use BA,aliked+sp,250,sfm,,,,,,,,,,,,/home/ojab2/work/git/vggt/vggt_outputs/lego_1_n87_s42_mpinhole_aliked-sp_ba_farthestpose_useba_maxba250_sharedcam/eval_results.json,,lego_1_n87_s42_mpinhole_aliked-sp_ba_farthestpose_useba_maxba250_sharedcam,0.2685,0.015949,87,0.0438,0.0124,0.1148,/home/ojab2/work/git/vggt/vggt_outputs/lego_1_n87_s42_mpinhole_aliked-sp_ba_farthestpose_useba_maxba250_sharedcam/eval_results.json,lego_1_n87_s42_mpinhole_aliked-sp_ba_farthestpose_useba_maxba250_sharedcam,,,vggt | ba,
vggt,87,42,0.0,870,confidence,,,,0,10,farthestpose,87,GT Eval,,,,,,,,,0.0,,vggt,lego,,,15000,15000,,MCMC,,,,,,,,,,,gsplat,20.780302047729492,0.12734241783618927,0.7848520278930664,968555,0.00519891083240509,0.2969588041305542,0.0908031165599823,0.021352574229240417,0.6716245201557314,0.19984610888032145,870,/home/ojab2/work/git/gsplat/results/vggt_outputs/lego_1_n87_s42_c0.0_p870_confidence_farthestpose_i87_gteval_steps15000/stats/val_step14999.json,/home/ojab2/work/git/gsplat/results/vggt_outputs/lego_1_n87_s42_c0.0_p870_confidence_farthestpose_i87_gteval_steps15000/stats/val_step14999.json,lego_1_n87_s42_c0.0_p870_confidence_farthestpose_i87_gteval_steps15000,0.3306,0.018825,87,0.0469,0.0133,0.1174,/home/ojab2/work/git/vggt/vggt_outputs/lego_1_n87_s42_c0.0_p870_confidence_farthestpose/eval_results.json,lego_1_n87_s42_c0.0_p870_confidence_farthestpose,lego_1_n87_s42_c0.0_p870_confidence_farthestpose_i87_gteval_steps15000_val_step14999.json,870,vggt | confidence,804.75
vggt,100,42,0.0,1000,confidence,,,,0,10,farthestpose,100,GT Eval,,,,,,,,,0.0,,vggt,bicycle,,,15000,15000,,MCMC,,,,,,,,,,,gsplat,18.248929977416992,0.6796619892120361,0.3301962912082672,1000000,0.015081527642905712,0.7160590291023254,,,0.017928704803372643,0.5043477990480585,1000,/home/ojab2/work/git/gsplat/results/vggt_outputs/bicycle_4_n100_s42_c0.0_p1000_confidence_farthestpose_i100_gteval_steps15000/stats/val_step14999.json,/home/ojab2/work/git/gsplat/results/vggt_outputs/bicycle_4_n100_s42_c0.0_p1000_confidence_farthestpose_i100_gteval_steps15000/stats/val_step14999.json,bicycle_4_n100_s42_c0.0_p1000_confidence_farthestpose_i100_gteval_steps15000,0.857,0.067143,100,,,,/home/ojab2/work/git/vggt/vggt_outputs/bicycle_4_n100_s42_c0.0_p1000_confidence_farthestpose/eval_results.json,bicycle_4_n100_s42_c0.0_p1000_confidence_farthestpose,bicycle_4_n100_s42_c0.0_p1000_confidence_farthestpose_i100_gteval_steps15000_val_step14999.json,1000,vggt | confidence,925.0
vggt,100,42,0.0,1000,confidence,,,,0,10,farthestpose,100,GT Eval,,,,,,,,,0.0,,vggt,bonsai,,,15000,15000,,MCMC,,,,,,,,,,,gsplat,17.988094329833984,0.5428732633590698,0.608706533908844,1000000,0.024335382506251335,0.7215029001235962,,,0.2604073870871422,0.39476674904976244,1000,/home/ojab2/work/git/gsplat/results/vggt_outputs/bonsai_2_n100_s42_c0.0_p1000_confidence_farthestpose_i100_gteval_steps15000/stats/val_step14999.json,/home/ojab2/work/git/gsplat/results/vggt_outputs/bonsai_2_n100_s42_c0.0_p1000_confidence_farthestpose_i100_gteval_steps15000/stats/val_step14999.json,bonsai_2_n100_s42_c0.0_p1000_confidence_farthestpose_i100_gteval_steps15000,0.7897,0.107121,100,,,,/home/ojab2/work/git/vggt/vggt_outputs/bonsai_2_n100_s42_c0.0_p1000_confidence_farthestpose/eval_results.json,bonsai_2_n100_s42_c0.0_p1000_confidence_farthestpose,bonsai_2_n100_s42_c0.0_p1000_confidence_farthestpose_i100_gteval_steps15000_val_step14999.json,1000,vggt | confidence,925.0
vggt,87,42,0.0,4350,confidence,,,,0,10,farthestpose,87,GT Eval,,,,,,,,,0.0,,vggt,lego,,,15000,15000,,MCMC,,,,,,,,,,,gsplat,20.556303024291992,0.10778746008872986,0.7760626077651978,1000000,0.00519891083240509,0.2969509959220886,0.08607099950313568,0.020249154418706894,0.6744073398938962,0.19660180257090226,4350,/home/ojab2/work/git/gsplat/results/vggt_outputs/lego_1_n87_s42_c0.0_p4350_confidence_farthestpose_i87_gteval_steps15000/stats/val_step14999.json,/home/ojab2/work/git/gsplat/results/vggt_outputs/lego_1_n87_s42_c0.0_p4350_confidence_farthestpose_i87_gteval_steps15000/stats/val_step14999.json,lego_1_n87_s42_c0.0_p4350_confidence_farthestpose_i87_gteval_steps15000,0.3306,0.018825,87,0.0469,0.0133,0.1174,/home/ojab2/work/git/vggt/vggt_outputs/lego_1_n87_s42_c0.0_p4350_confidence_farthestpose/eval_results.json,lego_1_n87_s42_c0.0_p4350_confidence_farthestpose,lego_1_n87_s42_c0.0_p4350_confidence_farthestpose_i87_gteval_steps15000_val_step14999.json,4350,vggt | confidence,4023.75
vggt,100,42,0.0,5000,confidence,,,,0,10,farthestpose,100,GT Eval,,,,,,,,,0.0,,vggt,bicycle,,,15000,15000,,MCMC,,,,,,,,,,,gsplat,17.83434295654297,0.5569833517074585,0.30621522665023804,1000000,0.015081527642905712,0.7160590887069702,,,0.07195470703353046,0.4687953129428075,5000,/home/ojab2/work/git/gsplat/results/vggt_outputs/bicycle_4_n100_s42_c0.0_p5000_confidence_farthestpose_i100_gteval_steps15000/stats/val_step14999.json,/home/ojab2/work/git/gsplat/results/vggt_outputs/bicycle_4_n100_s42_c0.0_p5000_confidence_farthestpose_i100_gteval_steps15000/stats/val_step14999.json,bicycle_4_n100_s42_c0.0_p5000_confidence_farthestpose_i100_gteval_steps15000,0.857,0.067143,100,,,,/home/ojab2/work/git/vggt/vggt_outputs/bicycle_4_n100_s42_c0.0_p5000_confidence_farthestpose/eval_results.json,bicycle_4_n100_s42_c0.0_p5000_confidence_farthestpose,bicycle_4_n100_s42_c0.0_p5000_confidence_farthestpose_i100_gteval_steps15000_val_step14999.json,5000,vggt | confidence,4625.0
vggt,100,42,0.0,5000,confidence,,,,0,10,farthestpose,100,GT Eval,,,,,,,,,0.0,,vggt,bonsai,,,15000,15000,,MCMC,,,,,,,,,,,gsplat,17.85919761657715,0.47532233595848083,0.5968945622444153,1000000,0.024335382506251335,0.7215029001235962,,,0.2928109284807444,0.37553312502772856,5000,/home/ojab2/work/git/gsplat/results/vggt_outputs/bonsai_2_n100_s42_c0.0_p5000_confidence_farthestpose_i100_gteval_steps15000/stats/val_step14999.json,/home/ojab2/work/git/gsplat/results/vggt_outputs/bonsai_2_n100_s42_c0.0_p5000_confidence_farthestpose_i100_gteval_steps15000/stats/val_step14999.json,bonsai_2_n100_s42_c0.0_p5000_confidence_farthestpose_i100_gteval_steps15000,0.7897,0.107121,100,,,,/home/ojab2/work/git/vggt/vggt_outputs/bonsai_2_n100_s42_c0.0_p5000_confidence_farthestpose/eval_results.json,bonsai_2_n100_s42_c0.0_p5000_confidence_farthestpose,bonsai_2_n100_s42_c0.0_p5000_confidence_farthestpose_i100_gteval_steps15000_val_step14999.json,5000,vggt | confidence,4625.0
vggt,87,42,0.0,8700,confidence,,,,0,10,farthestpose,87,GT Eval,,,,,,,,,0.0,,vggt,lego,,,15000,15000,,MCMC,,,,,,,,,,,gsplat,20.55951499938965,0.10312128812074661,0.7754286527633667,1000000,0.00519891083240509,0.29695188999176025,0.08498282730579376,0.019994206726551056,0.67697644006168,0.19526736297613034,8700,/home/ojab2/work/git/gsplat/results/vggt_outputs/lego_1_n87_s42_c0.0_p8700_confidence_farthestpose_i87_gteval_steps15000/stats/val_step14999.json,/home/ojab2/work/git/gsplat/results/vggt_outputs/lego_1_n87_s42_c0.0_p8700_confidence_farthestpose_i87_gteval_steps15000/stats/val_step14999.json,lego_1_n87_s42_c0.0_p8700_confidence_farthestpose_i87_gteval_steps15000,0.3306,0.018825,87,0.0469,0.0133,0.1174,/home/ojab2/work/git/vggt/vggt_outputs/lego_1_n87_s42_c0.0_p8700_confidence_farthestpose/eval_results.json,lego_1_n87_s42_c0.0_p8700_confidence_farthestpose,lego_1_n87_s42_c0.0_p8700_confidence_farthestpose_i87_gteval_steps15000_val_step14999.json,8700,vggt | confidence,8047.5
vggt,100,42,0.0,10000,confidence,,,,0,10,farthestpose,100,GT Eval,,,,,,,,,0.0,,vggt,bicycle,,,15000,15000,,MCMC,,,,,,,,,,,gsplat,17.82270050048828,0.520179033279419,0.2980472445487976,1000000,0.015081527642905712,0.7160583734512329,,,0.08968122335437681,0.4581715302398622,10000,/home/ojab2/work/git/gsplat/results/vggt_outputs/bicycle_4_n100_s42_c0.0_p10000_confidence_farthestpose_i100_gteval_steps15000/stats/val_step14999.json,/home/ojab2/work/git/gsplat/results/vggt_outputs/bicycle_4_n100_s42_c0.0_p10000_confidence_farthestpose_i100_gteval_steps15000/stats/val_step14999.json,bicycle_4_n100_s42_c0.0_p10000_confidence_farthestpose_i100_gteval_steps15000,0.857,0.067143,100,,,,/home/ojab2/work/git/vggt/vggt_outputs/bicycle_4_n100_s42_c0.0_p10000_confidence_farthestpose/eval_results.json,bicycle_4_n100_s42_c0.0_p10000_confidence_farthestpose,bicycle_4_n100_s42_c0.0_p10000_confidence_farthestpose_i100_gteval_steps15000_val_step14999.json,10000,vggt | confidence,9250.0
vggt,100,42,0.0,10000,confidence,,,,0,10,farthestpose,100,GT Eval,,,,,,,,,0.0,,vggt,bonsai,,,15000,15000,,MCMC,,,,,,,,,,,gsplat,17.83123779296875,0.4545397460460663,0.5916619300842285,1000000,0.024335382506251335,0.7215029001235962,,,0.3020618943675452,0.3700100099220325,10000,/home/ojab2/work/git/gsplat/results/vggt_outputs/bonsai_2_n100_s42_c0.0_p10000_confidence_farthestpose_i100_gteval_steps15000/stats/val_step14999.json,/home/ojab2/work/git/gsplat/results/vggt_outputs/bonsai_2_n100_s42_c0.0_p10000_confidence_farthestpose_i100_gteval_steps15000/stats/val_step14999.json,bonsai_2_n100_s42_c0.0_p10000_confidence_farthestpose_i100_gteval_steps15000,0.7897,0.107121,100,,,,/home/ojab2/work/git/vggt/vggt_outputs/bonsai_2_n100_s42_c0.0_p10000_confidence_farthestpose/eval_results.json,bonsai_2_n100_s42_c0.0_p10000_confidence_farthestpose,bonsai_2_n100_s42_c0.0_p10000_confidence_farthestpose_i100_gteval_steps15000_val_step14999.json,10000,vggt | confidence,9250.0
vggt,87,42,0.0,17400,confidence,,,,0,10,farthestpose,87,GT Eval,,,,,,,,,0.0,,vggt,lego,,,15000,15000,,MCMC,,,,,,,,,,,gsplat,20.572647094726562,0.09940683841705322,0.7750058174133301,1000000,0.00519891083240509,0.2969515919685364,0.08455952256917953,0.01989184506237507,0.6792652250653044,0.19416900656323424,17400,/home/ojab2/work/git/gsplat/results/vggt_outputs/lego_1_n87_s42_c0.0_p17400_confidence_farthestpose_i87_gteval_steps15000/stats/val_step14999.json,/home/ojab2/work/git/gsplat/results/vggt_outputs/lego_1_n87_s42_c0.0_p17400_confidence_farthestpose_i87_gteval_steps15000/stats/val_step14999.json,lego_1_n87_s42_c0.0_p17400_confidence_farthestpose_i87_gteval_steps15000,0.3306,0.018825,87,0.0469,0.0133,0.1174,/home/ojab2/work/git/vggt/vggt_outputs/lego_1_n87_s42_c0.0_p17400_confidence_farthestpose/eval_results.json,lego_1_n87_s42_c0.0_p17400_confidence_farthestpose,lego_1_n87_s42_c0.0_p17400_confidence_farthestpose_i87_gteval_steps15000_val_step14999.json,17400,vggt | confidence,16095.0
vggt,100,42,0.0,20000,confidence,,,,0,10,farthestpose,100,GT Eval,,,,,,,,,0.0,,vggt,bicycle,,,15000,15000,,MCMC,,,,,,,,,,,gsplat,17.686187744140625,0.5012032985687256,0.28853654861450195,1000000,0.015081527642905712,0.7160581946372986,,,0.09330481534812884,0.4539075869191782,20000,/home/ojab2/work/git/gsplat/results/vggt_outputs/bicycle_4_n100_s42_c0.0_p20000_confidence_farthestpose_i100_gteval_steps15000/stats/val_step14999.json,/home/ojab2/work/git/gsplat/results/vggt_outputs/bicycle_4_n100_s42_c0.0_p20000_confidence_farthestpose_i100_gteval_steps15000/stats/val_step14999.json,bicycle_4_n100_s42_c0.0_p20000_confidence_farthestpose_i100_gteval_steps15000,0.857,0.067143,100,,,,/home/ojab2/work/git/vggt/vggt_outputs/bicycle_4_n100_s42_c0.0_p20000_confidence_farthestpose/eval_results.json,bicycle_4_n100_s42_c0.0_p20000_confidence_farthestpose,bicycle_4_n100_s42_c0.0_p20000_confidence_farthestpose_i100_gteval_steps15000_val_step14999.json,20000,vggt | confidence,18500.0
vggt,100,42,0.0,20000,confidence,,,,0,10,farthestpose,100,GT Eval,,,,,,,,,0.0,,vggt,bonsai,,,15000,15000,,MCMC,,,,,,,,,,,gsplat,17.810731887817383,0.4375877380371094,0.5853814482688904,1000000,0.024335382506251335,0.7215029001235962,,,0.3084735614746867,0.3660171515154305,20000,/home/ojab2/work/git/gsplat/results/vggt_outputs/bonsai_2_n100_s42_c0.0_p20000_confidence_farthestpose_i100_gteval_steps15000/stats/val_step14999.json,/home/ojab2/work/git/gsplat/results/vggt_outputs/bonsai_2_n100_s42_c0.0_p20000_confidence_farthestpose_i100_gteval_steps15000/stats/val_step14999.json,bonsai_2_n100_s42_c0.0_p20000_confidence_farthestpose_i100_gteval_steps15000,0.7897,0.107121,100,,,,/home/ojab2/work/git/vggt/vggt_outputs/bonsai_2_n100_s42_c0.0_p20000_confidence_farthestpose/eval_results.json,bonsai_2_n100_s42_c0.0_p20000_confidence_farthestpose,bonsai_2_n100_s42_c0.0_p20000_confidence_farthestpose_i100_gteval_steps15000_val_step14999.json,20000,vggt | confidence,18500.0
vggt,87,42,0.0,26100,confidence,,,,0,10,farthestpose,87,GT Eval,,,,,,,,,0.0,,vggt,lego,,,15000,15000,,MCMC,,,,,,,,,,,gsplat,20.593427658081055,0.09806253761053085,0.7748075127601624,1000000,0.00519891083240509,0.29694899916648865,0.08395956456661224,0.019752100110054016,0.6803638979918466,0.1937766230411132,26100,/home/ojab2/work/git/gsplat/results/vggt_outputs/lego_1_n87_s42_c0.0_p26100_confidence_farthestpose_i87_gteval_steps15000/stats/val_step14999.json,/home/ojab2/work/git/gsplat/results/vggt_outputs/lego_1_n87_s42_c0.0_p26100_confidence_farthestpose_i87_gteval_steps15000/stats/val_step14999.json,lego_1_n87_s42_c0.0_p26100_confidence_farthestpose_i87_gteval_steps15000,0.3306,0.018825,87,0.0469,0.0133,0.1174,/home/ojab2/work/git/vggt/vggt_outputs/lego_1_n87_s42_c0.0_p26100_confidence_farthestpose/eval_results.json,lego_1_n87_s42_c0.0_p26100_confidence_farthestpose,lego_1_n87_s42_c0.0_p26100_confidence_farthestpose_i87_gteval_steps15000_val_step14999.json,26100,vggt | confidence,24142.5
vggt,100,42,0.0,30000,confidence,,,,0,10,farthestpose,100,GT Eval,,,,,,,,,0.0,,vggt,bicycle,,,15000,15000,,MCMC,,,,,,,,,,,gsplat,17.685256958007812,0.4898262917995453,0.28608405590057373,1000000,0.015081527642905712,0.7160582542419434,,,0.09887621598711567,0.45060064805578337,30000,/home/ojab2/work/git/gsplat/results/vggt_outputs/bicycle_4_n100_s42_c0.0_p30000_confidence_farthestpose_i100_gteval_steps15000/stats/val_step14999.json,/home/ojab2/work/git/gsplat/results/vggt_outputs/bicycle_4_n100_s42_c0.0_p30000_confidence_farthestpose_i100_gteval_steps15000/stats/val_step14999.json,bicycle_4_n100_s42_c0.0_p30000_confidence_farthestpose_i100_gteval_steps15000,0.857,0.067143,100,,,,/home/ojab2/work/git/vggt/vggt_outputs/bicycle_4_n100_s42_c0.0_p30000_confidence_farthestpose/eval_results.json,bicycle_4_n100_s42_c0.0_p30000_confidence_farthestpose,bicycle_4_n100_s42_c0.0_p30000_confidence_farthestpose_i100_gteval_steps15000_val_step14999.json,30000,vggt | confidence,27750.0
vggt,100,42,0.0,30000,confidence,,,,0,10,farthestpose,100,GT Eval,,,,,,,,,0.0,,vggt,bonsai,,,15000,15000,,MCMC,,,,,,,,,,,gsplat,17.776697158813477,0.4301118850708008,0.5823490023612976,1000000,0.024335382506251335,0.7215028405189514,,,0.3106846525887532,0.36435209187981005,30000,/home/ojab2/work/git/gsplat/results/vggt_outputs/bonsai_2_n100_s42_c0.0_p30000_confidence_farthestpose_i100_gteval_steps15000/stats/val_step14999.json,/home/ojab2/work/git/gsplat/results/vggt_outputs/bonsai_2_n100_s42_c0.0_p30000_confidence_farthestpose_i100_gteval_steps15000/stats/val_step14999.json,bonsai_2_n100_s42_c0.0_p30000_confidence_farthestpose_i100_gteval_steps15000,0.7897,0.107121,100,,,,/home/ojab2/work/git/vggt/vggt_outputs/bonsai_2_n100_s42_c0.0_p30000_confidence_farthestpose/eval_results.json,bonsai_2_n100_s42_c0.0_p30000_confidence_farthestpose,bonsai_2_n100_s42_c0.0_p30000_confidence_farthestpose_i100_gteval_steps15000_val_step14999.json,30000,vggt | confidence,27750.0
vggt,87,42,0.0,43500,confidence,,,,0,10,farthestpose,87,GT Eval,,,,,,,,,0.0,,vggt,lego,,,15000,15000,,MCMC,,,,,,,,,,,gsplat,20.570556640625,0.09688160568475723,0.7743114829063416,1000000,0.00519891083240509,0.296952486038208,0.08394887298345566,0.019743550568819046,0.680379255018194,0.1935724484330315,43500,/home/ojab2/work/git/gsplat/results/vggt_outputs/lego_1_n87_s42_c0.0_p43500_confidence_farthestpose_i87_gteval_steps15000/stats/val_step14999.json,/home/ojab2/work/git/gsplat/results/vggt_outputs/lego_1_n87_s42_c0.0_p43500_confidence_farthestpose_i87_gteval_steps15000/stats/val_step14999.json,lego_1_n87_s42_c0.0_p43500_confidence_farthestpose_i87_gteval_steps15000,0.3306,0.018825,87,0.0469,0.0133,0.1174,/home/ojab2/work/git/vggt/vggt_outputs/lego_1_n87_s42_c0.0_p43500_confidence_farthestpose/eval_results.json,lego_1_n87_s42_c0.0_p43500_confidence_farthestpose,lego_1_n87_s42_c0.0_p43500_confidence_farthestpose_i87_gteval_steps15000_val_step14999.json,43500,vggt | confidence,40237.5
vggt,100,42,0.0,50000,confidence,,,,0,10,farthestpose,100,GT Eval,,,,,,,,,0.0,,vggt,bicycle,,,15000,15000,,MCMC,,,,,,,,,,,gsplat,17.645341873168945,0.48337990045547485,0.2811870276927948,1000000,0.015081527642905712,0.7160581946372986,,,0.09925254247961612,0.4494686020524449,50000,/home/ojab2/work/git/gsplat/results/vggt_outputs/bicycle_4_n100_s42_c0.0_p50000_confidence_farthestpose_i100_gteval_steps15000/stats/val_step14999.json,/home/ojab2/work/git/gsplat/results/vggt_outputs/bicycle_4_n100_s42_c0.0_p50000_confidence_farthestpose_i100_gteval_steps15000/stats/val_step14999.json,bicycle_4_n100_s42_c0.0_p50000_confidence_farthestpose_i100_gteval_steps15000,0.857,0.067143,100,,,,/home/ojab2/work/git/vggt/vggt_outputs/bicycle_4_n100_s42_c0.0_p50000_confidence_farthestpose/eval_results.json,bicycle_4_n100_s42_c0.0_p50000_confidence_farthestpose,bicycle_4_n100_s42_c0.0_p50000_confidence_farthestpose_i100_gteval_steps15000_val_step14999.json,50000,vggt | confidence,46250.0
vggt,100,42,0.0,50000,confidence,,,,0,10,farthestpose,100,GT Eval,,,,,,,,,0.0,,vggt,bonsai,,,15000,15000,,MCMC,,,,,,,,,,,gsplat,17.73988151550293,0.42416703701019287,0.5793397426605225,1000000,0.024335382506251335,0.7215030193328857,,,0.3119127397184019,0.363192502030218,50000,/home/ojab2/work/git/gsplat/results/vggt_outputs/bonsai_2_n100_s42_c0.0_p50000_confidence_farthestpose_i100_gteval_steps15000/stats/val_step14999.json,/home/ojab2/work/git/gsplat/results/vggt_outputs/bonsai_2_n100_s42_c0.0_p50000_confidence_farthestpose_i100_gteval_steps15000/stats/val_step14999.json,bonsai_2_n100_s42_c0.0_p50000_confidence_farthestpose_i100_gteval_steps15000,0.7897,0.107121,100,,,,/home/ojab2/work/git/vggt/vggt_outputs/bonsai_2_n100_s42_c0.0_p50000_confidence_farthestpose/eval_results.json,bonsai_2_n100_s42_c0.0_p50000_confidence_farthestpose,bonsai_2_n100_s42_c0.0_p50000_confidence_farthestpose_i100_gteval_steps15000_val_step14999.json,50000,vggt | confidence,46250.0
vggt,87,42,0.0,65250,confidence,,,,0,10,farthestpose,87,GT Eval,,,,,,,,,0.0,,vggt,lego,,,15000,15000,,MCMC,,,,,,,,,,,gsplat,20.526926040649414,0.09613573551177979,0.7733032703399658,1000000,0.00519891083240509,0.2969520092010498,0.08395793288946152,0.01973669044673443,0.6794420966395625,0.19370665290127764,65250,/home/ojab2/work/git/gsplat/results/vggt_outputs/lego_1_n87_s42_c0.0_p65250_confidence_farthestpose_i87_gteval_steps15000/stats/val_step14999.json,/home/ojab2/work/git/gsplat/results/vggt_outputs/lego_1_n87_s42_c0.0_p65250_confidence_farthestpose_i87_gteval_steps15000/stats/val_step14999.json,lego_1_n87_s42_c0.0_p65250_confidence_farthestpose_i87_gteval_steps15000,0.3306,0.018825,87,0.0469,0.0133,0.1174,/home/ojab2/work/git/vggt/vggt_outputs/lego_1_n87_s42_c0.0_p65250_confidence_farthestpose/eval_results.json,lego_1_n87_s42_c0.0_p65250_confidence_farthestpose,lego_1_n87_s42_c0.0_p65250_confidence_farthestpose_i87_gteval_steps15000_val_step14999.json,65250,vggt | confidence,60356.25
vggt,100,42,0.0,75000,confidence,,,,0,10,farthestpose,100,GT Eval,,,,,,,,,0.0,,vggt,bicycle,,,15000,15000,,MCMC,,,,,,,,,,,gsplat,17.61536979675293,0.4818606376647949,0.2755573093891144,1000000,0.015081527642905712,0.7160580158233643,,,0.09634308763879554,0.4501064151526313,75000,/home/ojab2/work/git/gsplat/results/vggt_outputs/bicycle_4_n100_s42_c0.0_p75000_confidence_farthestpose_i100_gteval_steps15000/stats/val_step14999.json,/home/ojab2/work/git/gsplat/results/vggt_outputs/bicycle_4_n100_s42_c0.0_p75000_confidence_farthestpose_i100_gteval_steps15000/stats/val_step14999.json,bicycle_4_n100_s42_c0.0_p75000_confidence_farthestpose_i100_gteval_steps15000,0.857,0.067143,100,,,,/home/ojab2/work/git/vggt/vggt_outputs/bicycle_4_n100_s42_c0.0_p75000_confidence_farthestpose/eval_results.json,bicycle_4_n100_s42_c0.0_p75000_confidence_farthestpose,bicycle_4_n100_s42_c0.0_p75000_confidence_farthestpose_i100_gteval_steps15000_val_step14999.json,75000,vggt | confidence,69375.0
vggt,100,42,0.0,75000,confidence,,,,0,10,farthestpose,100,GT Eval,,,,,,,,,0.0,,vggt,bonsai,,,15000,15000,,MCMC,,,,,,,,,,,gsplat,17.741613388061523,0.42073947191238403,0.5763416290283203,1000000,0.024335382506251335,0.7215029001235962,,,0.312307309531174,0.36281680242952596,75000,/home/ojab2/work/git/gsplat/results/vggt_outputs/bonsai_2_n100_s42_c0.0_p75000_confidence_farthestpose_i100_gteval_steps15000/stats/val_step14999.json,/home/ojab2/work/git/gsplat/results/vggt_outputs/bonsai_2_n100_s42_c0.0_p75000_confidence_farthestpose_i100_gteval_steps15000/stats/val_step14999.json,bonsai_2_n100_s42_c0.0_p75000_confidence_farthestpose_i100_gteval_steps15000,0.7897,0.107121,100,,,,/home/ojab2/work/git/vggt/vggt_outputs/bonsai_2_n100_s42_c0.0_p75000_confidence_farthestpose/eval_results.json,bonsai_2_n100_s42_c0.0_p75000_confidence_farthestpose,bonsai_2_n100_s42_c0.0_p75000_confidence_farthestpose_i100_gteval_steps15000_val_step14999.json,75000,vggt | confidence,69375.0
vggt,87,42,0.0,87000,confidence,,,,0,10,farthestpose,87,GT Eval,,,,,,,,,0.0,,vggt,lego,,,15000,15000,,MCMC,,,,,,,,,,,gsplat,20.61271095275879,0.09457694739103317,0.7749558687210083,1000000,0.00519891083240509,0.29695290327072144,0.08350450545549393,0.019638851284980774,0.6829593528141984,0.19254976478307856,87000,/home/ojab2/work/git/gsplat/results/vggt_outputs/lego_1_n87_s42_c0.0_p87000_confidence_farthestpose_i87_gteval_steps15000/stats/val_step14999.json,/home/ojab2/work/git/gsplat/results/vggt_outputs/lego_1_n87_s42_c0.0_p87000_confidence_farthestpose_i87_gteval_steps15000/stats/val_step14999.json,lego_1_n87_s42_c0.0_p87000_confidence_farthestpose_i87_gteval_steps15000,0.3306,0.018825,87,0.0469,0.0133,0.1174,/home/ojab2/work/git/vggt/vggt_outputs/lego_1_n87_s42_c0.0_p87000_confidence_farthestpose/eval_results.json,lego_1_n87_s42_c0.0_p87000_confidence_farthestpose,lego_1_n87_s42_c0.0_p87000_confidence_farthestpose_i87_gteval_steps15000_val_step14999.json,87000,vggt | confidence,80475.0
vggt,100,42,0.0,100000,confidence,,,,0,10,farthestpose,100,GT Eval,,,,,,,,,0.0,,vggt,bicycle,,,15000,15000,,MCMC,,,,,,,,,,,gsplat,17.63112449645996,0.47884395718574524,0.2726677358150482,1000000,0.015081527642905712,0.7160580158233643,,,0.09680718067329071,0.4496452131258174,100000,/home/ojab2/work/git/gsplat/results/vggt_outputs/bicycle_4_n100_s42_c0.0_p100000_confidence_farthestpose_i100_gteval_steps15000/stats/val_step14999.json,/home/ojab2/work/git/gsplat/results/vggt_outputs/bicycle_4_n100_s42_c0.0_p100000_confidence_farthestpose_i100_gteval_steps15000/stats/val_step14999.json,bicycle_4_n100_s42_c0.0_p100000_confidence_farthestpose_i100_gteval_steps15000,0.857,0.067143,100,,,,/home/ojab2/work/git/vggt/vggt_outputs/bicycle_4_n100_s42_c0.0_p100000_confidence_farthestpose/eval_results.json,bicycle_4_n100_s42_c0.0_p100000_confidence_farthestpose,bicycle_4_n100_s42_c0.0_p100000_confidence_farthestpose_i100_gteval_steps15000_val_step14999.json,100000,vggt | confidence,92500.0
vggt,100,42,0.0,100000,confidence,,,,0,10,farthestpose,100,GT Eval,,,,,,,,,0.0,,vggt,bonsai,,,15000,15000,,MCMC,,,,,,,,,,,gsplat,17.729904174804688,0.4186680316925049,0.5755217671394348,1000000,0.024335382506251335,0.7215029001235962,,,0.31288968765402553,0.3623512915248486,100000,/home/ojab2/work/git/gsplat/results/vggt_outputs/bonsai_2_n100_s42_c0.0_p100000_confidence_farthestpose_i100_gteval_steps15000/stats/val_step14999.json,/home/ojab2/work/git/gsplat/results/vggt_outputs/bonsai_2_n100_s42_c0.0_p100000_confidence_farthestpose_i100_gteval_steps15000/stats/val_step14999.json,bonsai_2_n100_s42_c0.0_p100000_confidence_farthestpose_i100_gteval_steps15000,0.7897,0.107121,100,,,,/home/ojab2/work/git/vggt/vggt_outputs/bonsai_2_n100_s42_c0.0_p100000_confidence_farthestpose/eval_results.json,bonsai_2_n100_s42_c0.0_p100000_confidence_farthestpose,bonsai_2_n100_s42_c0.0_p100000_confidence_farthestpose_i100_gteval_steps15000_val_step14999.json,100000,vggt | confidence,92500.0
vggt,87,42,0.0,217500,confidence,,,,0,10,farthestpose,87,GT Eval,,,,,,,,,0.0,,vggt,lego,,,15000,15000,,MCMC,,,,,,,,,,,gsplat,20.57243537902832,0.09445471316576004,0.7730950117111206,1000000,0.00519891083240509,0.2969527542591095,0.08382038027048111,0.019705358892679214,0.6812007416080854,0.19318841846917856,217500,/home/ojab2/work/git/gsplat/results/vggt_outputs/lego_1_n87_s42_c0.0_p217500_confidence_farthestpose_i87_gteval_steps15000/stats/val_step14999.json,/home/ojab2/work/git/gsplat/results/vggt_outputs/lego_1_n87_s42_c0.0_p217500_confidence_farthestpose_i87_gteval_steps15000/stats/val_step14999.json,lego_1_n87_s42_c0.0_p217500_confidence_farthestpose_i87_gteval_steps15000,0.3306,0.018825,87,0.0469,0.0133,0.1174,/home/ojab2/work/git/vggt/vggt_outputs/lego_1_n87_s42_c0.0_p217500_confidence_farthestpose/eval_results.json,lego_1_n87_s42_c0.0_p217500_confidence_farthestpose,lego_1_n87_s42_c0.0_p217500_confidence_farthestpose_i87_gteval_steps15000_val_step14999.json,217500,vggt | confidence,201187.5
vggt,100,42,0.0,250000,confidence,,,,0,10,farthestpose,100,GT Eval,,,,,,,,,0.0,,vggt,bicycle,,,15000,15000,,MCMC,,,,,,,,,,,gsplat,17.560136795043945,0.48522788286209106,0.2649173438549042,1000000,0.015081527642905712,0.7160580158233643,,,0.08701950578894069,0.45337858336989545,250000,/home/ojab2/work/git/gsplat/results/vggt_outputs/bicycle_4_n100_s42_c0.0_p250000_confidence_farthestpose_i100_gteval_steps15000/stats/val_step14999.json,/home/ojab2/work/git/gsplat/results/vggt_outputs/bicycle_4_n100_s42_c0.0_p250000_confidence_farthestpose_i100_gteval_steps15000/stats/val_step14999.json,bicycle_4_n100_s42_c0.0_p250000_confidence_farthestpose_i100_gteval_steps15000,0.857,0.067143,100,,,,/home/ojab2/work/git/vggt/vggt_outputs/bicycle_4_n100_s42_c0.0_p250000_confidence_farthestpose/eval_results.json,bicycle_4_n100_s42_c0.0_p250000_confidence_farthestpose,bicycle_4_n100_s42_c0.0_p250000_confidence_farthestpose_i100_gteval_steps15000_val_step14999.json,250000,vggt | confidence,231250.0
vggt,100,42,0.0,250000,confidence,,,,0,10,farthestpose,100,GT Eval,,,,,,,,,0.0,,vggt,bonsai,,,15000,15000,,MCMC,,,,,,,,,,,gsplat,17.700563430786133,0.41702401638031006,0.5705552101135254,1000000,0.024335382506251335,0.7215029001235962,,,0.31045674549596036,0.3631082072604106,250000,/home/ojab2/work/git/gsplat/results/vggt_outputs/bonsai_2_n100_s42_c0.0_p250000_confidence_farthestpose_i100_gteval_steps15000/stats/val_step14999.json,/home/ojab2/work/git/gsplat/results/vggt_outputs/bonsai_2_n100_s42_c0.0_p250000_confidence_farthestpose_i100_gteval_steps15000/stats/val_step14999.json,bonsai_2_n100_s42_c0.0_p250000_confidence_farthestpose_i100_gteval_steps15000,0.7897,0.107121,100,,,,/home/ojab2/work/git/vggt/vggt_outputs/bonsai_2_n100_s42_c0.0_p250000_confidence_farthestpose/eval_results.json,bonsai_2_n100_s42_c0.0_p250000_confidence_farthestpose,bonsai_2_n100_s42_c0.0_p250000_confidence_farthestpose_i100_gteval_steps15000_val_step14999.json,250000,vggt | confidence,231250.0
vggt,87,42,0.0,435000,confidence,,,,0,10,farthestpose,87,GT Eval,,,,,,,,,0.0,,vggt,lego,,,15000,15000,,MCMC,,,,,,,,,,,gsplat,20.577228546142578,0.09318794310092926,0.7730429768562317,1000000,0.00519891083240509,0.2969530522823334,0.08422750979661942,0.01980157196521759,0.6820410310524947,0.192781144207753,435000,/home/ojab2/work/git/gsplat/results/vggt_outputs/lego_1_n87_s42_c0.0_p435000_confidence_farthestpose_i87_gteval_steps15000/stats/val_step14999.json,/home/ojab2/work/git/gsplat/results/vggt_outputs/lego_1_n87_s42_c0.0_p435000_confidence_farthestpose_i87_gteval_steps15000/stats/val_step14999.json,lego_1_n87_s42_c0.0_p435000_confidence_farthestpose_i87_gteval_steps15000,0.3306,0.018825,87,0.0469,0.0133,0.1174,/home/ojab2/work/git/vggt/vggt_outputs/lego_1_n87_s42_c0.0_p435000_confidence_farthestpose/eval_results.json,lego_1_n87_s42_c0.0_p435000_confidence_farthestpose,lego_1_n87_s42_c0.0_p435000_confidence_farthestpose_i87_gteval_steps15000_val_step14999.json,435000,vggt | confidence,402375.0
vggt,100,42,0.0,500000,confidence,,,,0,10,farthestpose,100,GT Eval,,,,,,,,,0.0,,vggt,bicycle,,,15000,15000,,MCMC,,,,,,,,,,,gsplat,17.478744506835938,0.48836278915405273,0.2627239525318146,1000000,0.015081527642905712,0.7160580158233643,,,0.08229442886751615,0.4549602106435314,500000,/home/ojab2/work/git/gsplat/results/vggt_outputs/bicycle_4_n100_s42_c0.0_p500000_confidence_farthestpose_i100_gteval_steps15000/stats/val_step14999.json,/home/ojab2/work/git/gsplat/results/vggt_outputs/bicycle_4_n100_s42_c0.0_p500000_confidence_farthestpose_i100_gteval_steps15000/stats/val_step14999.json,bicycle_4_n100_s42_c0.0_p500000_confidence_farthestpose_i100_gteval_steps15000,0.857,0.067143,100,,,,/home/ojab2/work/git/vggt/vggt_outputs/bicycle_4_n100_s42_c0.0_p500000_confidence_farthestpose/eval_results.json,bicycle_4_n100_s42_c0.0_p500000_confidence_farthestpose,bicycle_4_n100_s42_c0.0_p500000_confidence_farthestpose_i100_gteval_steps15000_val_step14999.json,500000,vggt | confidence,462500.0
vggt,100,42,0.0,500000,confidence,,,,0,10,farthestpose,100,GT Eval,,,,,,,,,0.0,,vggt,bonsai,,,15000,15000,,MCMC,,,,,,,,,,,gsplat,17.68769645690918,0.4167061746120453,0.5684430003166199,1000000,0.024335382506251335,0.7215029001235962,,,0.30917945641678135,0.3635555904412501,500000,/home/ojab2/work/git/gsplat/results/vggt_outputs/bonsai_2_n100_s42_c0.0_p500000_confidence_farthestpose_i100_gteval_steps15000/stats/val_step14999.json,/home/ojab2/work/git/gsplat/results/vggt_outputs/bonsai_2_n100_s42_c0.0_p500000_confidence_farthestpose_i100_gteval_steps15000/stats/val_step14999.json,bonsai_2_n100_s42_c0.0_p500000_confidence_farthestpose_i100_gteval_steps15000,0.7897,0.107121,100,,,,/home/ojab2/work/git/vggt/vggt_outputs/bonsai_2_n100_s42_c0.0_p500000_confidence_farthestpose/eval_results.json,bonsai_2_n100_s42_c0.0_p500000_confidence_farthestpose,bonsai_2_n100_s42_c0.0_p500000_confidence_farthestpose_i100_gteval_steps15000_val_step14999.json,500000,vggt | confidence,462500.0
vggt,87,42,0.0,870000,confidence,,,,0,10,farthestpose,87,GT Eval,,,,,,,,,0.0,,vggt,lego,,,15000,15000,,MCMC,,,,,,,,,,,gsplat,20.598743438720703,0.09230045229196548,0.7735089063644409,1000000,0.00519891083240509,0.29695308208465576,0.08430488407611847,0.019817113876342773,0.6832597622184338,0.19230780427822025,870000,/home/ojab2/work/git/gsplat/results/vggt_outputs/lego_1_n87_s42_c0.0_p870000_confidence_farthestpose_i87_gteval_steps15000/stats/val_step14999.json,/home/ojab2/work/git/gsplat/results/vggt_outputs/lego_1_n87_s42_c0.0_p870000_confidence_farthestpose_i87_gteval_steps15000/stats/val_step14999.json,lego_1_n87_s42_c0.0_p870000_confidence_farthestpose_i87_gteval_steps15000,0.3306,0.018825,87,0.0469,0.0133,0.1174,/home/ojab2/work/git/vggt/vggt_outputs/lego_1_n87_s42_c0.0_p870000_confidence_farthestpose/eval_results.json,lego_1_n87_s42_c0.0_p870000_confidence_farthestpose,lego_1_n87_s42_c0.0_p870000_confidence_farthestpose_i87_gteval_steps15000_val_step14999.json,870000,vggt | confidence,804750.0
vggt,100,42,0.0,1000000,confidence,,,,0,10,farthestpose,100,GT Eval,,,,,,,,,0.0,,vggt,bicycle,,,15000,15000,,MCMC,,,,,,,,,,,gsplat,17.415529251098633,0.49945589900016785,0.264018177986145,1000000,0.015081527642905712,0.7160581946372986,,,0.07503303430388708,0.4584939283574723,1000000,/home/ojab2/work/git/gsplat/results/vggt_outputs/bicycle_4_n100_s42_c0.0_p1000000_confidence_farthestpose_i100_gteval_steps15000/stats/val_step14999.json,/home/ojab2/work/git/gsplat/results/vggt_outputs/bicycle_4_n100_s42_c0.0_p1000000_confidence_farthestpose_i100_gteval_steps15000/stats/val_step14999.json,bicycle_4_n100_s42_c0.0_p1000000_confidence_farthestpose_i100_gteval_steps15000,0.857,0.067143,100,,,,/home/ojab2/work/git/vggt/vggt_outputs/bicycle_4_n100_s42_c0.0_p1000000_confidence_farthestpose/eval_results.json,bicycle_4_n100_s42_c0.0_p1000000_confidence_farthestpose,bicycle_4_n100_s42_c0.0_p1000000_confidence_farthestpose_i100_gteval_steps15000_val_step14999.json,1000000,vggt | confidence,925000.0
vggt,100,42,0.0,1000000,confidence,,,,0,10,farthestpose,100,GT Eval,,,,,,,,,0.0,,vggt,bonsai,,,15000,15000,,MCMC,,,,,,,,,,,gsplat,17.688114166259766,0.4190678596496582,0.5680431723594666,1000000,0.024335382506251335,0.7215029001235962,,,0.307495543986191,0.3644436878226761,1000000,/home/ojab2/work/git/gsplat/results/vggt_outputs/bonsai_2_n100_s42_c0.0_p1000000_confidence_farthestpose_i100_gteval_steps15000/stats/val_step14999.json,/home/ojab2/work/git/gsplat/results/vggt_outputs/bonsai_2_n100_s42_c0.0_p1000000_confidence_farthestpose_i100_gteval_steps15000/stats/val_step14999.json,bonsai_2_n100_s42_c0.0_p1000000_confidence_farthestpose_i100_gteval_steps15000,0.7897,0.107121,100,,,,/home/ojab2/work/git/vggt/vggt_outputs/bonsai_2_n100_s42_c0.0_p1000000_confidence_farthestpose/eval_results.json,bonsai_2_n100_s42_c0.0_p1000000_confidence_farthestpose,bonsai_2_n100_s42_c0.0_p1000000_confidence_farthestpose_i100_gteval_steps15000_val_step14999.json,1000000,vggt | confidence,925000.0
vggt,87,42,0.0,870,imagefps,,,,0,10,farthestpose,87,GT Eval,,,,,,,,,0.0,,vggt,lego,,,15000,15000,,MCMC,,,,,,,,,,,gsplat,20.732013702392578,0.1312786191701889,0.7838835716247559,920002,0.00519891083240509,0.29696762561798096,0.09078209847211838,0.02134539559483528,0.6677341889335862,0.20153691028895976,827,/home/ojab2/work/git/gsplat/results/vggt_outputs/lego_1_n87_s42_c0.0_p870_imagefps_farthestpose_i87_gteval_steps15000/stats/val_step14999.json,/home/ojab2/work/git/gsplat/results/vggt_outputs/lego_1_n87_s42_c0.0_p870_imagefps_farthestpose_i87_gteval_steps15000/stats/val_step14999.json,lego_1_n87_s42_c0.0_p870_imagefps_farthestpose_i87_gteval_steps15000,0.2976,0.018838,87,0.0478,0.0135,0.118,/home/ojab2/work/git/vggt/vggt_outputs/lego_1_n87_s42_c0.0_p870_imagefps_farthestpose/eval_results.json,lego_1_n87_s42_c0.0_p870_imagefps_farthestpose,lego_1_n87_s42_c0.0_p870_imagefps_farthestpose_i87_gteval_steps15000_val_step14999.json,827,vggt | imagefps,848.25
vggt,100,42,0.0,1000,imagefps,,,,0,10,farthestpose,100,GT Eval,,,,,,,,,0.0,,vggt,bicycle,,,15000,15000,,MCMC,,,,,,,,,,,gsplat,18.239673614501953,0.6945605278015137,0.3313649594783783,1000000,0.015081527642905712,0.7160578966140747,,,0.009244093653286637,0.5090865245501542,1000,/home/ojab2/work/git/gsplat/results/vggt_outputs/bicycle_4_n100_s42_c0.0_p1000_imagefps_farthestpose_i100_gteval_steps15000/stats/val_step14999.json,/home/ojab2/work/git/gsplat/results/vggt_outputs/bicycle_4_n100_s42_c0.0_p1000_imagefps_farthestpose_i100_gteval_steps15000/stats/val_step14999.json,bicycle_4_n100_s42_c0.0_p1000_imagefps_farthestpose_i100_gteval_steps15000,0.7161,0.065623,100,,,,/home/ojab2/work/git/vggt/vggt_outputs/bicycle_4_n100_s42_c0.0_p1000_imagefps_farthestpose/eval_results.json,bicycle_4_n100_s42_c0.0_p1000_imagefps_farthestpose,bicycle_4_n100_s42_c0.0_p1000_imagefps_farthestpose_i100_gteval_steps15000_val_step14999.json,1000,vggt | imagefps,975.0
vggt,100,42,0.0,1000,imagefps,,,,0,10,farthestpose,100,GT Eval,,,,,,,,,0.0,,vggt,bonsai,,,15000,15000,,MCMC,,,,,,,,,,,gsplat,18.063308715820312,0.5464736223220825,0.6130127906799316,1000000,0.024335382506251335,0.7215034365653992,,,0.26209608109606175,0.39472538481551367,1000,/home/ojab2/work/git/gsplat/results/vggt_outputs/bonsai_2_n100_s42_c0.0_p1000_imagefps_farthestpose_i100_gteval_steps15000/stats/val_step14999.json,/home/ojab2/work/git/gsplat/results/vggt_outputs/bonsai_2_n100_s42_c0.0_p1000_imagefps_farthestpose_i100_gteval_steps15000/stats/val_step14999.json,bonsai_2_n100_s42_c0.0_p1000_imagefps_farthestpose_i100_gteval_steps15000,0.7215,0.105749,100,,,,/home/ojab2/work/git/vggt/vggt_outputs/bonsai_2_n100_s42_c0.0_p1000_imagefps_farthestpose/eval_results.json,bonsai_2_n100_s42_c0.0_p1000_imagefps_farthestpose,bonsai_2_n100_s42_c0.0_p1000_imagefps_farthestpose_i100_gteval_steps15000_val_step14999.json,1000,vggt | imagefps,975.0
vggt,87,42,0.0,4350,imagefps,,,,0,10,farthestpose,87,GT Eval,,,,,,,,,0.0,,vggt,lego,,,15000,15000,,MCMC,,,,,,,,,,,gsplat,20.58719825744629,0.10751638561487198,0.7772645950317383,1000000,0.00519891083240509,0.2969661056995392,0.0862385556101799,0.020291239023208618,0.6758497202934732,0.19606675075916902,4307,/home/ojab2/work/git/gsplat/results/vggt_outputs/lego_1_n87_s42_c0.0_p4350_imagefps_farthestpose_i87_gteval_steps15000/stats/val_step14999.json,/home/ojab2/work/git/gsplat/results/vggt_outputs/lego_1_n87_s42_c0.0_p4350_imagefps_farthestpose_i87_gteval_steps15000/stats/val_step14999.json,lego_1_n87_s42_c0.0_p4350_imagefps_farthestpose_i87_gteval_steps15000,0.2976,0.018838,87,0.0478,0.0135,0.118,/home/ojab2/work/git/vggt/vggt_outputs/lego_1_n87_s42_c0.0_p4350_imagefps_farthestpose/eval_results.json,lego_1_n87_s42_c0.0_p4350_imagefps_farthestpose,lego_1_n87_s42_c0.0_p4350_imagefps_farthestpose_i87_gteval_steps15000_val_step14999.json,4307,vggt | imagefps,4241.25
vggt,100,42,0.0,5000,imagefps,,,,0,10,farthestpose,100,GT Eval,,,,,,,,,0.0,,vggt,bicycle,,,15000,15000,,MCMC,,,,,,,,,,,gsplat,17.939878463745117,0.5742349624633789,0.30846455693244934,1000000,0.015081527642905712,0.7160577178001404,,,0.06457532366194307,0.4739636418375715,5000,/home/ojab2/work/git/gsplat/results/vggt_outputs/bicycle_4_n100_s42_c0.0_p5000_imagefps_farthestpose_i100_gteval_steps15000/stats/val_step14999.json,/home/ojab2/work/git/gsplat/results/vggt_outputs/bicycle_4_n100_s42_c0.0_p5000_imagefps_farthestpose_i100_gteval_steps15000/stats/val_step14999.json,bicycle_4_n100_s42_c0.0_p5000_imagefps_farthestpose_i100_gteval_steps15000,0.7161,0.065623,100,,,,/home/ojab2/work/git/vggt/vggt_outputs/bicycle_4_n100_s42_c0.0_p5000_imagefps_farthestpose/eval_results.json,bicycle_4_n100_s42_c0.0_p5000_imagefps_farthestpose,bicycle_4_n100_s42_c0.0_p5000_imagefps_farthestpose_i100_gteval_steps15000_val_step14999.json,5000,vggt | imagefps,4875.0
vggt,100,42,0.0,5000,imagefps,,,,0,10,farthestpose,100,GT Eval,,,,,,,,,0.0,,vggt,bonsai,,,15000,15000,,MCMC,,,,,,,,,,,gsplat,17.858966827392578,0.48267611861228943,0.5963529944419861,1000000,0.024335382506251335,0.7215033769607544,,,0.2879505762812222,0.3781267930563216,5000,/home/ojab2/work/git/gsplat/results/vggt_outputs/bonsai_2_n100_s42_c0.0_p5000_imagefps_farthestpose_i100_gteval_steps15000/stats/val_step14999.json,/home/ojab2/work/git/gsplat/results/vggt_outputs/bonsai_2_n100_s42_c0.0_p5000_imagefps_farthestpose_i100_gteval_steps15000/stats/val_step14999.json,bonsai_2_n100_s42_c0.0_p5000_imagefps_farthestpose_i100_gteval_steps15000,0.7215,0.105749,100,,,,/home/ojab2/work/git/vggt/vggt_outputs/bonsai_2_n100_s42_c0.0_p5000_imagefps_farthestpose/eval_results.json,bonsai_2_n100_s42_c0.0_p5000_imagefps_farthestpose,bonsai_2_n100_s42_c0.0_p5000_imagefps_farthestpose_i100_gteval_steps15000_val_step14999.json,5000,vggt | imagefps,4875.0
vggt,87,42,0.0,8700,imagefps,,,,0,10,farthestpose,87,GT Eval,,,,,,,,,0.0,,vggt,lego,,,15000,15000,,MCMC,,,,,,,,,,,gsplat,20.51663589477539,0.10324668139219284,0.77437424659729,1000000,0.00519891083240509,0.2969646751880646,0.08558133244514465,0.02014181762933731,0.6754883675218171,0.19570863642101505,8657,/home/ojab2/work/git/gsplat/results/vggt_outputs/lego_1_n87_s42_c0.0_p8700_imagefps_farthestpose_i87_gteval_steps15000/stats/val_step14999.json,/home/ojab2/work/git/gsplat/results/vggt_outputs/lego_1_n87_s42_c0.0_p8700_imagefps_farthestpose_i87_gteval_steps15000/stats/val_step14999.json,lego_1_n87_s42_c0.0_p8700_imagefps_farthestpose_i87_gteval_steps15000,0.2976,0.018838,87,0.0478,0.0135,0.118,/home/ojab2/work/git/vggt/vggt_outputs/lego_1_n87_s42_c0.0_p8700_imagefps_farthestpose/eval_results.json,lego_1_n87_s42_c0.0_p8700_imagefps_farthestpose,lego_1_n87_s42_c0.0_p8700_imagefps_farthestpose_i87_gteval_steps15000_val_step14999.json,8657,vggt | imagefps,8482.5
vggt,100,42,0.0,10000,imagefps,,,,0,10,farthestpose,100,GT Eval,,,,,,,,,0.0,,vggt,bicycle,,,15000,15000,,MCMC,,,,,,,,,,,gsplat,17.84850311279297,0.536382794380188,0.30037569999694824,1000000,0.015081527642905712,0.7160576581954956,,,0.08151839769374558,0.4630766068105082,10000,/home/ojab2/work/git/gsplat/results/vggt_outputs/bicycle_4_n100_s42_c0.0_p10000_imagefps_farthestpose_i100_gteval_steps15000/stats/val_step14999.json,/home/ojab2/work/git/gsplat/results/vggt_outputs/bicycle_4_n100_s42_c0.0_p10000_imagefps_farthestpose_i100_gteval_steps15000/stats/val_step14999.json,bicycle_4_n100_s42_c0.0_p10000_imagefps_farthestpose_i100_gteval_steps15000,0.7161,0.065623,100,,,,/home/ojab2/work/git/vggt/vggt_outputs/bicycle_4_n100_s42_c0.0_p10000_imagefps_farthestpose/eval_results.json,bicycle_4_n100_s42_c0.0_p10000_imagefps_farthestpose,bicycle_4_n100_s42_c0.0_p10000_imagefps_farthestpose_i100_gteval_steps15000_val_step14999.json,10000,vggt | imagefps,9750.0
vggt,100,42,0.0,10000,imagefps,,,,0,10,farthestpose,100,GT Eval,,,,,,,,,0.0,,vggt,bonsai,,,15000,15000,,MCMC,,,,,,,,,,,gsplat,17.823955535888672,0.46750667691230774,0.5920202732086182,1000000,0.024335382506251335,0.7215033769607544,,,0.2941323168251404,0.3742480543286327,10000,/home/ojab2/work/git/gsplat/results/vggt_outputs/bonsai_2_n100_s42_c0.0_p10000_imagefps_farthestpose_i100_gteval_steps15000/stats/val_step14999.json,/home/ojab2/work/git/gsplat/results/vggt_outputs/bonsai_2_n100_s42_c0.0_p10000_imagefps_farthestpose_i100_gteval_steps15000/stats/val_step14999.json,bonsai_2_n100_s42_c0.0_p10000_imagefps_farthestpose_i100_gteval_steps15000,0.7215,0.105749,100,,,,/home/ojab2/work/git/vggt/vggt_outputs/bonsai_2_n100_s42_c0.0_p10000_imagefps_farthestpose/eval_results.json,bonsai_2_n100_s42_c0.0_p10000_imagefps_farthestpose,bonsai_2_n100_s42_c0.0_p10000_imagefps_farthestpose_i100_gteval_steps15000_val_step14999.json,10000,vggt | imagefps,9750.0
vggt,87,42,0.0,17400,imagefps,,,,0,10,farthestpose,87,GT Eval,,,,,,,,,0.0,,vggt,lego,,,15000,15000,,MCMC,,,,,,,,,,,gsplat,20.56129264831543,0.1004195362329483,0.7750515341758728,1000000,0.00519891083240509,0.29696542024612427,0.085345558822155,0.0200735405087471,0.6784565703794505,0.19449815652086005,17360,/home/ojab2/work/git/gsplat/results/vggt_outputs/lego_1_n87_s42_c0.0_p17400_imagefps_farthestpose_i87_gteval_steps15000/stats/val_step14999.json,/home/ojab2/work/git/gsplat/results/vggt_outputs/lego_1_n87_s42_c0.0_p17400_imagefps_farthestpose_i87_gteval_steps15000/stats/val_step14999.json,lego_1_n87_s42_c0.0_p17400_imagefps_farthestpose_i87_gteval_steps15000,0.2976,0.018838,87,0.0478,0.0135,0.118,/home/ojab2/work/git/vggt/vggt_outputs/lego_1_n87_s42_c0.0_p17400_imagefps_farthestpose/eval_results.json,lego_1_n87_s42_c0.0_p17400_imagefps_farthestpose,lego_1_n87_s42_c0.0_p17400_imagefps_farthestpose_i87_gteval_steps15000_val_step14999.json,17360,vggt | imagefps,16965.0
vggt,100,42,0.0,20000,imagefps,,,,0,10,farthestpose,100,GT Eval,,,,,,,,,0.0,,vggt,bicycle,,,15000,15000,,MCMC,,,,,,,,,,,gsplat,17.69634437561035,0.5015345215797424,0.2887648046016693,1000000,0.015081527642905712,0.7160577178001404,,,0.09342192550074213,0.4539596237763755,20000,/home/ojab2/work/git/gsplat/results/vggt_outputs/bicycle_4_n100_s42_c0.0_p20000_imagefps_farthestpose_i100_gteval_steps15000/stats/val_step14999.json,/home/ojab2/work/git/gsplat/results/vggt_outputs/bicycle_4_n100_s42_c0.0_p20000_imagefps_farthestpose_i100_gteval_steps15000/stats/val_step14999.json,bicycle_4_n100_s42_c0.0_p20000_imagefps_farthestpose_i100_gteval_steps15000,0.7161,0.065623,100,,,,/home/ojab2/work/git/vggt/vggt_outputs/bicycle_4_n100_s42_c0.0_p20000_imagefps_farthestpose/eval_results.json,bicycle_4_n100_s42_c0.0_p20000_imagefps_farthestpose,bicycle_4_n100_s42_c0.0_p20000_imagefps_farthestpose_i100_gteval_steps15000_val_step14999.json,20000,vggt | imagefps,19500.0
vggt,100,42,0.0,20000,imagefps,,,,0,10,farthestpose,100,GT Eval,,,,,,,,,0.0,,vggt,bonsai,,,15000,15000,,MCMC,,,,,,,,,,,gsplat,17.792949676513672,0.4517325460910797,0.5852896571159363,1000000,0.024335382506251335,0.7215033769607544,,,0.2993592192322655,0.3707784861001088,20000,/home/ojab2/work/git/gsplat/results/vggt_outputs/bonsai_2_n100_s42_c0.0_p20000_imagefps_farthestpose_i100_gteval_steps15000/stats/val_step14999.json,/home/ojab2/work/git/gsplat/results/vggt_outputs/bonsai_2_n100_s42_c0.0_p20000_imagefps_farthestpose_i100_gteval_steps15000/stats/val_step14999.json,bonsai_2_n100_s42_c0.0_p20000_imagefps_farthestpose_i100_gteval_steps15000,0.7215,0.105749,100,,,,/home/ojab2/work/git/vggt/vggt_outputs/bonsai_2_n100_s42_c0.0_p20000_imagefps_farthestpose/eval_results.json,bonsai_2_n100_s42_c0.0_p20000_imagefps_farthestpose,bonsai_2_n100_s42_c0.0_p20000_imagefps_farthestpose_i100_gteval_steps15000_val_step14999.json,20000,vggt | imagefps,19500.0
vggt,87,42,0.0,26100,imagefps,,,,0,10,farthestpose,87,GT Eval,,,,,,,,,0.0,,vggt,lego,,,15000,15000,,MCMC,,,,,,,,,,,gsplat,20.543729782104492,0.0984129011631012,0.7738483548164368,1000000,0.00519891083240509,0.296962708234787,0.08555803447961807,0.020117249339818954,0.6786663820791584,0.19426338654776337,26056,/home/ojab2/work/git/gsplat/results/vggt_outputs/lego_1_n87_s42_c0.0_p26100_imagefps_farthestpose_i87_gteval_steps15000/stats/val_step14999.json,/home/ojab2/work/git/gsplat/results/vggt_outputs/lego_1_n87_s42_c0.0_p26100_imagefps_farthestpose_i87_gteval_steps15000/stats/val_step14999.json,lego_1_n87_s42_c0.0_p26100_imagefps_farthestpose_i87_gteval_steps15000,0.2976,0.018838,87,0.0478,0.0135,0.118,/home/ojab2/work/git/vggt/vggt_outputs/lego_1_n87_s42_c0.0_p26100_imagefps_farthestpose/eval_results.json,lego_1_n87_s42_c0.0_p26100_imagefps_farthestpose,lego_1_n87_s42_c0.0_p26100_imagefps_farthestpose_i87_gteval_steps15000_val_step14999.json,26056,vggt | imagefps,25447.5
vggt,100,42,0.0,30000,imagefps,,,,0,10,farthestpose,100,GT Eval,,,,,,,,,0.0,,vggt,bicycle,,,15000,15000,,MCMC,,,,,,,,,,,gsplat,17.688344955444336,0.4831617772579193,0.2843153774738312,1000000,0.015081527642905712,0.7160577178001404,,,0.10201298412059019,0.4487237684972929,30000,/home/ojab2/work/git/gsplat/results/vggt_outputs/bicycle_4_n100_s42_c0.0_p30000_imagefps_farthestpose_i100_gteval_steps15000/stats/val_step14999.json,/home/ojab2/work/git/gsplat/results/vggt_outputs/bicycle_4_n100_s42_c0.0_p30000_imagefps_farthestpose_i100_gteval_steps15000/stats/val_step14999.json,bicycle_4_n100_s42_c0.0_p30000_imagefps_farthestpose_i100_gteval_steps15000,0.7161,0.065623,100,,,,/home/ojab2/work/git/vggt/vggt_outputs/bicycle_4_n100_s42_c0.0_p30000_imagefps_farthestpose/eval_results.json,bicycle_4_n100_s42_c0.0_p30000_imagefps_farthestpose,bicycle_4_n100_s42_c0.0_p30000_imagefps_farthestpose_i100_gteval_steps15000_val_step14999.json,30000,vggt | imagefps,29250.0
vggt,100,42,0.0,30000,imagefps,,,,0,10,farthestpose,100,GT Eval,,,,,,,,,0.0,,vggt,bonsai,,,15000,15000,,MCMC,,,,,,,,,,,gsplat,17.74942398071289,0.4472324252128601,0.5817670226097107,1000000,0.024335382506251335,0.7215033769607544,,,0.29927102004343076,0.3702440125222388,30000,/home/ojab2/work/git/gsplat/results/vggt_outputs/bonsai_2_n100_s42_c0.0_p30000_imagefps_farthestpose_i100_gteval_steps15000/stats/val_step14999.json,/home/ojab2/work/git/gsplat/results/vggt_outputs/bonsai_2_n100_s42_c0.0_p30000_imagefps_farthestpose_i100_gteval_steps15000/stats/val_step14999.json,bonsai_2_n100_s42_c0.0_p30000_imagefps_farthestpose_i100_gteval_steps15000,0.7215,0.105749,100,,,,/home/ojab2/work/git/vggt/vggt_outputs/bonsai_2_n100_s42_c0.0_p30000_imagefps_farthestpose/eval_results.json,bonsai_2_n100_s42_c0.0_p30000_imagefps_farthestpose,bonsai_2_n100_s42_c0.0_p30000_imagefps_farthestpose_i100_gteval_steps15000_val_step14999.json,30000,vggt | imagefps,29250.0
vggt,87,42,0.0,43500,imagefps,,,,0,10,farthestpose,87,GT Eval,,,,,,,,,0.0,,vggt,lego,,,15000,15000,,MCMC,,,,,,,,,,,gsplat,20.61343765258789,0.09669386595487595,0.7750223875045776,1000000,0.00519891083240509,0.29696330428123474,0.08613818138837814,0.02024645358324051,0.6817049702376493,0.19323154822003286,43454,/home/ojab2/work/git/gsplat/results/vggt_outputs/lego_1_n87_s42_c0.0_p43500_imagefps_farthestpose_i87_gteval_steps15000/stats/val_step14999.json,/home/ojab2/work/git/gsplat/results/vggt_outputs/lego_1_n87_s42_c0.0_p43500_imagefps_farthestpose_i87_gteval_steps15000/stats/val_step14999.json,lego_1_n87_s42_c0.0_p43500_imagefps_farthestpose_i87_gteval_steps15000,0.2976,0.018838,87,0.0478,0.0135,0.118,/home/ojab2/work/git/vggt/vggt_outputs/lego_1_n87_s42_c0.0_p43500_imagefps_farthestpose/eval_results.json,lego_1_n87_s42_c0.0_p43500_imagefps_farthestpose,lego_1_n87_s42_c0.0_p43500_imagefps_farthestpose_i87_gteval_steps15000_val_step14999.json,43454,vggt | imagefps,42412.5
vggt,100,42,0.0,50000,imagefps,,,,0,10,farthestpose,100,GT Eval,,,,,,,,,0.0,,vggt,bicycle,,,15000,15000,,MCMC,,,,,,,,,,,gsplat,17.63716697692871,0.4633345603942871,0.276795357465744,1000000,0.015081527642905712,0.7160577178001404,,,0.10890659401368755,0.44365962554285276,50000,/home/ojab2/work/git/gsplat/results/vggt_outputs/bicycle_4_n100_s42_c0.0_p50000_imagefps_farthestpose_i100_gteval_steps15000/stats/val_step14999.json,/home/ojab2/work/git/gsplat/results/vggt_outputs/bicycle_4_n100_s42_c0.0_p50000_imagefps_farthestpose_i100_gteval_steps15000/stats/val_step14999.json,bicycle_4_n100_s42_c0.0_p50000_imagefps_farthestpose_i100_gteval_steps15000,0.7161,0.065623,100,,,,/home/ojab2/work/git/vggt/vggt_outputs/bicycle_4_n100_s42_c0.0_p50000_imagefps_farthestpose/eval_results.json,bicycle_4_n100_s42_c0.0_p50000_imagefps_farthestpose,bicycle_4_n100_s42_c0.0_p50000_imagefps_farthestpose_i100_gteval_steps15000_val_step14999.json,50000,vggt | imagefps,48750.0
vggt,100,42,0.0,50000,imagefps,,,,0,10,farthestpose,100,GT Eval,,,,,,,,,0.0,,vggt,bonsai,,,15000,15000,,MCMC,,,,,,,,,,,gsplat,17.715805053710938,0.4414813816547394,0.5793818235397339,1000000,0.024335382506251335,0.7215033769607544,,,0.3008036209516048,0.36898431839054047,50000,/home/ojab2/work/git/gsplat/results/vggt_outputs/bonsai_2_n100_s42_c0.0_p50000_imagefps_farthestpose_i100_gteval_steps15000/stats/val_step14999.json,/home/ojab2/work/git/gsplat/results/vggt_outputs/bonsai_2_n100_s42_c0.0_p50000_imagefps_farthestpose_i100_gteval_steps15000/stats/val_step14999.json,bonsai_2_n100_s42_c0.0_p50000_imagefps_farthestpose_i100_gteval_steps15000,0.7215,0.105749,100,,,,/home/ojab2/work/git/vggt/vggt_outputs/bonsai_2_n100_s42_c0.0_p50000_imagefps_farthestpose/eval_results.json,bonsai_2_n100_s42_c0.0_p50000_imagefps_farthestpose,bonsai_2_n100_s42_c0.0_p50000_imagefps_farthestpose_i100_gteval_steps15000_val_step14999.json,50000,vggt | imagefps,48750.0
vggt,87,42,0.0,65250,imagefps,,,,0,10,farthestpose,87,GT Eval,,,,,,,,,0.0,,vggt,lego,,,15000,15000,,MCMC,,,,,,,,,,,gsplat,20.629531860351562,0.09603768587112427,0.7750570774078369,1000000,0.00519891083240509,0.2969624698162079,0.08653787523508072,0.02033211849629879,0.6824283470497107,0.19298992594126077,65209,/home/ojab2/work/git/gsplat/results/vggt_outputs/lego_1_n87_s42_c0.0_p65250_imagefps_farthestpose_i87_gteval_steps15000/stats/val_step14999.json,/home/ojab2/work/git/gsplat/results/vggt_outputs/lego_1_n87_s42_c0.0_p65250_imagefps_farthestpose_i87_gteval_steps15000/stats/val_step14999.json,lego_1_n87_s42_c0.0_p65250_imagefps_farthestpose_i87_gteval_steps15000,0.2976,0.018838,87,0.0478,0.0135,0.118,/home/ojab2/work/git/vggt/vggt_outputs/lego_1_n87_s42_c0.0_p65250_imagefps_farthestpose/eval_results.json,lego_1_n87_s42_c0.0_p65250_imagefps_farthestpose,lego_1_n87_s42_c0.0_p65250_imagefps_farthestpose_i87_gteval_steps15000_val_step14999.json,65209,vggt | imagefps,63618.75
vggt,100,42,0.0,75000,imagefps,,,,0,10,farthestpose,100,GT Eval,,,,,,,,,0.0,,vggt,bicycle,,,15000,15000,,MCMC,,,,,,,,,,,gsplat,17.579275131225586,0.44719237089157104,0.2690461277961731,1000000,0.015081527642905712,0.7160577178001404,,,0.11326712404775344,0.439870636784206,75000,/home/ojab2/work/git/gsplat/results/vggt_outputs/bicycle_4_n100_s42_c0.0_p75000_imagefps_farthestpose_i100_gteval_steps15000/stats/val_step14999.json,/home/ojab2/work/git/gsplat/results/vggt_outputs/bicycle_4_n100_s42_c0.0_p75000_imagefps_farthestpose_i100_gteval_steps15000/stats/val_step14999.json,bicycle_4_n100_s42_c0.0_p75000_imagefps_farthestpose_i100_gteval_steps15000,0.7161,0.065623,100,,,,/home/ojab2/work/git/vggt/vggt_outputs/bicycle_4_n100_s42_c0.0_p75000_imagefps_farthestpose/eval_results.json,bicycle_4_n100_s42_c0.0_p75000_imagefps_farthestpose,bicycle_4_n100_s42_c0.0_p75000_imagefps_farthestpose_i100_gteval_steps15000_val_step14999.json,75000,vggt | imagefps,73125.0
vggt,100,42,0.0,75000,imagefps,,,,0,10,farthestpose,100,GT Eval,,,,,,,,,0.0,,vggt,bonsai,,,15000,15000,,MCMC,,,,,,,,,,,gsplat,17.7097110748291,0.43637606501579285,0.5755258202552795,1000000,0.024335382506251335,0.7215033769607544,,,0.3015872268339037,0.36827913341203156,75000,/home/ojab2/work/git/gsplat/results/vggt_outputs/bonsai_2_n100_s42_c0.0_p75000_imagefps_farthestpose_i100_gteval_steps15000/stats/val_step14999.json,/home/ojab2/work/git/gsplat/results/vggt_outputs/bonsai_2_n100_s42_c0.0_p75000_imagefps_farthestpose_i100_gteval_steps15000/stats/val_step14999.json,bonsai_2_n100_s42_c0.0_p75000_imagefps_farthestpose_i100_gteval_steps15000,0.7215,0.105749,100,,,,/home/ojab2/work/git/vggt/vggt_outputs/bonsai_2_n100_s42_c0.0_p75000_imagefps_farthestpose/eval_results.json,bonsai_2_n100_s42_c0.0_p75000_imagefps_farthestpose,bonsai_2_n100_s42_c0.0_p75000_imagefps_farthestpose_i100_gteval_steps15000_val_step14999.json,75000,vggt | imagefps,73125.0
vggt,87,42,0.0,87000,imagefps,,,,0,10,farthestpose,87,GT Eval,,,,,,,,,0.0,,vggt,lego,,,15000,15000,,MCMC,,,,,,,,,,,gsplat,20.58357048034668,0.09591566771268845,0.7741469144821167,1000000,0.00519891083240509,0.29696226119995117,0.08718214184045792,0.020474104210734367,0.6811202712129508,0.1932994480863334,86956,/home/ojab2/work/git/gsplat/results/vggt_outputs/lego_1_n87_s42_c0.0_p87000_imagefps_farthestpose_i87_gteval_steps15000/stats/val_step14999.json,/home/ojab2/work/git/gsplat/results/vggt_outputs/lego_1_n87_s42_c0.0_p87000_imagefps_farthestpose_i87_gteval_steps15000/stats/val_step14999.json,lego_1_n87_s42_c0.0_p87000_imagefps_farthestpose_i87_gteval_steps15000,0.2976,0.018838,87,0.0478,0.0135,0.118,/home/ojab2/work/git/vggt/vggt_outputs/lego_1_n87_s42_c0.0_p87000_imagefps_farthestpose/eval_results.json,lego_1_n87_s42_c0.0_p87000_imagefps_farthestpose,lego_1_n87_s42_c0.0_p87000_imagefps_farthestpose_i87_gteval_steps15000_val_step14999.json,86956,vggt | imagefps,84825.0
vggt,100,42,0.0,100000,imagefps,,,,0,10,farthestpose,100,GT Eval,,,,,,,,,0.0,,vggt,bicycle,,,15000,15000,,MCMC,,,,,,,,,,,gsplat,17.572731018066406,0.43997159600257874,0.26474905014038086,1000000,0.015081527642905712,0.7160577178001404,,,0.11509029430720315,0.4383089390077589,100000,/home/ojab2/work/git/gsplat/results/vggt_outputs/bicycle_4_n100_s42_c0.0_p100000_imagefps_farthestpose_i100_gteval_steps15000/stats/val_step14999.json,/home/ojab2/work/git/gsplat/results/vggt_outputs/bicycle_4_n100_s42_c0.0_p100000_imagefps_farthestpose_i100_gteval_steps15000/stats/val_step14999.json,bicycle_4_n100_s42_c0.0_p100000_imagefps_farthestpose_i100_gteval_steps15000,0.7161,0.065623,100,,,,/home/ojab2/work/git/vggt/vggt_outputs/bicycle_4_n100_s42_c0.0_p100000_imagefps_farthestpose/eval_results.json,bicycle_4_n100_s42_c0.0_p100000_imagefps_farthestpose,bicycle_4_n100_s42_c0.0_p100000_imagefps_farthestpose_i100_gteval_steps15000_val_step14999.json,100000,vggt | imagefps,97500.0
vggt,100,42,0.0,100000,imagefps,,,,0,10,farthestpose,100,GT Eval,,,,,,,,,0.0,,vggt,bonsai,,,15000,15000,,MCMC,,,,,,,,,,,gsplat,17.69141387939453,0.4343869090080261,0.5734401345252991,1000000,0.024335382506251335,0.7215033769607544,,,0.30125656470298146,0.36817282015925346,100000,/home/ojab2/work/git/gsplat/results/vggt_outputs/bonsai_2_n100_s42_c0.0_p100000_imagefps_farthestpose_i100_gteval_steps15000/stats/val_step14999.json,/home/ojab2/work/git/gsplat/results/vggt_outputs/bonsai_2_n100_s42_c0.0_p100000_imagefps_farthestpose_i100_gteval_steps15000/stats/val_step14999.json,bonsai_2_n100_s42_c0.0_p100000_imagefps_farthestpose_i100_gteval_steps15000,0.7215,0.105749,100,,,,/home/ojab2/work/git/vggt/vggt_outputs/bonsai_2_n100_s42_c0.0_p100000_imagefps_farthestpose/eval_results.json,bonsai_2_n100_s42_c0.0_p100000_imagefps_farthestpose,bonsai_2_n100_s42_c0.0_p100000_imagefps_farthestpose_i100_gteval_steps15000_val_step14999.json,100000,vggt | imagefps,97500.0
vggt,87,42,0.0,217500,imagefps,,,,0,10,farthestpose,87,GT Eval,,,,,,,,,0.0,,vggt,lego,,,15000,15000,,MCMC,,,,,,,,,,,gsplat,20.61112403869629,0.09431952983140945,0.7741431593894958,1000000,0.00519891083240509,0.296962708234787,0.08773040771484375,0.0205936711281538,0.682613596629988,0.19275028848837678,217457,/home/ojab2/work/git/gsplat/results/vggt_outputs/lego_1_n87_s42_c0.0_p217500_imagefps_farthestpose_i87_gteval_steps15000/stats/val_step14999.json,/home/ojab2/work/git/gsplat/results/vggt_outputs/lego_1_n87_s42_c0.0_p217500_imagefps_farthestpose_i87_gteval_steps15000/stats/val_step14999.json,lego_1_n87_s42_c0.0_p217500_imagefps_farthestpose_i87_gteval_steps15000,0.2976,0.018838,87,0.0478,0.0135,0.118,/home/ojab2/work/git/vggt/vggt_outputs/lego_1_n87_s42_c0.0_p217500_imagefps_farthestpose/eval_results.json,lego_1_n87_s42_c0.0_p217500_imagefps_farthestpose,lego_1_n87_s42_c0.0_p217500_imagefps_farthestpose_i87_gteval_steps15000_val_step14999.json,217457,vggt | imagefps,212062.5
vggt,100,42,0.0,250000,imagefps,,,,0,10,farthestpose,100,GT Eval,,,,,,,,,0.0,,vggt,bicycle,,,15000,15000,,MCMC,,,,,,,,,,,gsplat,17.490278244018555,0.4300729036331177,0.2510835528373718,1000000,0.015081527642905712,0.7160577178001404,,,0.11168217612521225,0.43776504585147924,250000,/home/ojab2/work/git/gsplat/results/vggt_outputs/bicycle_4_n100_s42_c0.0_p250000_imagefps_farthestpose_i100_gteval_steps15000/stats/val_step14999.json,/home/ojab2/work/git/gsplat/results/vggt_outputs/bicycle_4_n100_s42_c0.0_p250000_imagefps_farthestpose_i100_gteval_steps15000/stats/val_step14999.json,bicycle_4_n100_s42_c0.0_p250000_imagefps_farthestpose_i100_gteval_steps15000,0.7161,0.065623,100,,,,/home/ojab2/work/git/vggt/vggt_outputs/bicycle_4_n100_s42_c0.0_p250000_imagefps_farthestpose/eval_results.json,bicycle_4_n100_s42_c0.0_p250000_imagefps_farthestpose,bicycle_4_n100_s42_c0.0_p250000_imagefps_farthestpose_i100_gteval_steps15000_val_step14999.json,250000,vggt | imagefps,243750.0
vggt,100,42,0.0,250000,imagefps,,,,0,10,farthestpose,100,GT Eval,,,,,,,,,0.0,,vggt,bonsai,,,15000,15000,,MCMC,,,,,,,,,,,gsplat,17.599802017211914,0.4318593740463257,0.5632104277610779,1000000,0.024335382506251335,0.7215033769607544,,,0.29513797084567917,0.37004625041136846,250000,/home/ojab2/work/git/gsplat/results/vggt_outputs/bonsai_2_n100_s42_c0.0_p250000_imagefps_farthestpose_i100_gteval_steps15000/stats/val_step14999.json,/home/ojab2/work/git/gsplat/results/vggt_outputs/bonsai_2_n100_s42_c0.0_p250000_imagefps_farthestpose_i100_gteval_steps15000/stats/val_step14999.json,bonsai_2_n100_s42_c0.0_p250000_imagefps_farthestpose_i100_gteval_steps15000,0.7215,0.105749,100,,,,/home/ojab2/work/git/vggt/vggt_outputs/bonsai_2_n100_s42_c0.0_p250000_imagefps_farthestpose/eval_results.json,bonsai_2_n100_s42_c0.0_p250000_imagefps_farthestpose,bonsai_2_n100_s42_c0.0_p250000_imagefps_farthestpose_i100_gteval_steps15000_val_step14999.json,250000,vggt | imagefps,243750.0
vggt,87,42,0.0,435000,imagefps,,,,0,10,farthestpose,87,GT Eval,,,,,,,,,0.0,,vggt,lego,,,15000,15000,,MCMC,,,,,,,,,,,gsplat,20.610553741455078,0.09459139406681061,0.7736690640449524,1000000,0.00519891083240509,0.2969622015953064,0.08845263719558716,0.020753568038344383,0.6821579694012065,0.1930074668715133,434958,/home/ojab2/work/git/gsplat/results/vggt_outputs/lego_1_n87_s42_c0.0_p435000_imagefps_farthestpose_i87_gteval_steps15000/stats/val_step14999.json,/home/ojab2/work/git/gsplat/results/vggt_outputs/lego_1_n87_s42_c0.0_p435000_imagefps_farthestpose_i87_gteval_steps15000/stats/val_step14999.json,lego_1_n87_s42_c0.0_p435000_imagefps_farthestpose_i87_gteval_steps15000,0.2976,0.018838,87,0.0478,0.0135,0.118,/home/ojab2/work/git/vggt/vggt_outputs/lego_1_n87_s42_c0.0_p435000_imagefps_farthestpose/eval_results.json,lego_1_n87_s42_c0.0_p435000_imagefps_farthestpose,lego_1_n87_s42_c0.0_p435000_imagefps_farthestpose_i87_gteval_steps15000_val_step14999.json,434958,vggt | imagefps,424125.0
vggt,100,42,0.0,500000,imagefps,,,,0,10,farthestpose,100,GT Eval,,,,,,,,,0.0,,vggt,bicycle,,,15000,15000,,MCMC,,,,,,,,,,,gsplat,17.416305541992188,0.4346194267272949,0.24428988993167877,1000000,0.015081527642905712,0.7160577178001404,,,0.10353291325169467,0.4406880430545992,500000,/home/ojab2/work/git/gsplat/results/vggt_outputs/bicycle_4_n100_s42_c0.0_p500000_imagefps_farthestpose_i100_gteval_steps15000/stats/val_step14999.json,/home/ojab2/work/git/gsplat/results/vggt_outputs/bicycle_4_n100_s42_c0.0_p500000_imagefps_farthestpose_i100_gteval_steps15000/stats/val_step14999.json,bicycle_4_n100_s42_c0.0_p500000_imagefps_farthestpose_i100_gteval_steps15000,0.7161,0.065623,100,,,,/home/ojab2/work/git/vggt/vggt_outputs/bicycle_4_n100_s42_c0.0_p500000_imagefps_farthestpose/eval_results.json,bicycle_4_n100_s42_c0.0_p500000_imagefps_farthestpose,bicycle_4_n100_s42_c0.0_p500000_imagefps_farthestpose_i100_gteval_steps15000_val_step14999.json,500000,vggt | imagefps,487500.0
vggt,100,42,0.0,500000,imagefps,,,,0,10,farthestpose,100,GT Eval,,,,,,,,,0.0,,vggt,bonsai,,,15000,15000,,MCMC,,,,,,,,,,,gsplat,17.610759735107422,0.4331241548061371,0.5586441159248352,1000000,0.024335382506251335,0.7215033769607544,,,0.29188980488439437,0.3716017900013642,500000,/home/ojab2/work/git/gsplat/results/vggt_outputs/bonsai_2_n100_s42_c0.0_p500000_imagefps_farthestpose_i100_gteval_steps15000/stats/val_step14999.json,/home/ojab2/work/git/gsplat/results/vggt_outputs/bonsai_2_n100_s42_c0.0_p500000_imagefps_farthestpose_i100_gteval_steps15000/stats/val_step14999.json,bonsai_2_n100_s42_c0.0_p500000_imagefps_farthestpose_i100_gteval_steps15000,0.7215,0.105749,100,,,,/home/ojab2/work/git/vggt/vggt_outputs/bonsai_2_n100_s42_c0.0_p500000_imagefps_farthestpose/eval_results.json,bonsai_2_n100_s42_c0.0_p500000_imagefps_farthestpose,bonsai_2_n100_s42_c0.0_p500000_imagefps_farthestpose_i100_gteval_steps15000_val_step14999.json,500000,vggt | imagefps,487500.0
vggt,87,42,0.0,870000,imagefps,,,,0,10,farthestpose,87,GT Eval,,,,,,,,,0.0,,vggt,lego,,,15000,15000,,MCMC,,,,,,,,,,,gsplat,20.605642318725586,0.09272468090057373,0.7730685472488403,1000000,0.00519891083240509,0.2969609498977661,0.08887256681919098,0.020844854414463043,0.6828681297934309,0.19259874569156904,869958,/home/ojab2/work/git/gsplat/results/vggt_outputs/lego_1_n87_s42_c0.0_p870000_imagefps_farthestpose_i87_gteval_steps15000/stats/val_step14999.json,/home/ojab2/work/git/gsplat/results/vggt_outputs/lego_1_n87_s42_c0.0_p870000_imagefps_farthestpose_i87_gteval_steps15000/stats/val_step14999.json,lego_1_n87_s42_c0.0_p870000_imagefps_farthestpose_i87_gteval_steps15000,0.2976,0.018838,87,0.0478,0.0135,0.118,/home/ojab2/work/git/vggt/vggt_outputs/lego_1_n87_s42_c0.0_p870000_imagefps_farthestpose/eval_results.json,lego_1_n87_s42_c0.0_p870000_imagefps_farthestpose,lego_1_n87_s42_c0.0_p870000_imagefps_farthestpose_i87_gteval_steps15000_val_step14999.json,869958,vggt | imagefps,848250.0
vggt,100,42,0.0,1000000,imagefps,,,,0,10,farthestpose,100,GT Eval,,,,,,,,,0.0,,vggt,bicycle,,,15000,15000,,MCMC,,,,,,,,,,,gsplat,17.42530059814453,0.45269572734832764,0.24213017523288727,1000000,0.015081527642905712,0.7160577178001404,,,0.09127828705380539,0.44711474211380275,1000000,/home/ojab2/work/git/gsplat/results/vggt_outputs/bicycle_4_n100_s42_c0.0_p1000000_imagefps_farthestpose_i100_gteval_steps15000/stats/val_step14999.json,/home/ojab2/work/git/gsplat/results/vggt_outputs/bicycle_4_n100_s42_c0.0_p1000000_imagefps_farthestpose_i100_gteval_steps15000/stats/val_step14999.json,bicycle_4_n100_s42_c0.0_p1000000_imagefps_farthestpose_i100_gteval_steps15000,0.7161,0.065623,100,,,,/home/ojab2/work/git/vggt/vggt_outputs/bicycle_4_n100_s42_c0.0_p1000000_imagefps_farthestpose/eval_results.json,bicycle_4_n100_s42_c0.0_p1000000_imagefps_farthestpose,bicycle_4_n100_s42_c0.0_p1000000_imagefps_farthestpose_i100_gteval_steps15000_val_step14999.json,1000000,vggt | imagefps,975000.0
vggt,100,42,0.0,1000000,imagefps,,,,0,10,farthestpose,100,GT Eval,,,,,,,,,0.0,,vggt,bonsai,,,15000,15000,,MCMC,,,,,,,,,,,gsplat,17.569461822509766,0.4340345561504364,0.5553447008132935,1000000,0.024335382506251335,0.7215033769607544,,,0.28863357006535273,0.37278666018383055,1000000,/home/ojab2/work/git/gsplat/results/vggt_outputs/bonsai_2_n100_s42_c0.0_p1000000_imagefps_farthestpose_i100_gteval_steps15000/stats/val_step14999.json,/home/ojab2/work/git/gsplat/results/vggt_outputs/bonsai_2_n100_s42_c0.0_p1000000_imagefps_farthestpose_i100_gteval_steps15000/stats/val_step14999.json,bonsai_2_n100_s42_c0.0_p1000000_imagefps_farthestpose_i100_gteval_steps15000,0.7215,0.105749,100,,,,/home/ojab2/work/git/vggt/vggt_outputs/bonsai_2_n100_s42_c0.0_p1000000_imagefps_farthestpose/eval_results.json,bonsai_2_n100_s42_c0.0_p1000000_imagefps_farthestpose,bonsai_2_n100_s42_c0.0_p1000000_imagefps_farthestpose_i100_gteval_steps15000_val_step14999.json,1000000,vggt | imagefps,975000.0
vggt,87,42,0.0,870,random,,,,0,10,farthestpose,87,GT Eval,,,,,,,,,0.0,,vggt,lego,,,15000,15000,,MCMC,,,,,,,,,,,gsplat,20.786884307861328,0.12797991931438446,0.784991979598999,968555,0.00519891083240509,0.2969542145729065,0.09055328369140625,0.02129828743636608,0.6714347375337761,0.20000409585740622,870,/home/ojab2/work/git/gsplat/results/vggt_outputs/lego_1_n87_s42_c0.0_p870_random_farthestpose_i87_gteval_steps15000/stats/val_step14999.json,/home/ojab2/work/git/gsplat/results/vggt_outputs/lego_1_n87_s42_c0.0_p870_random_farthestpose_i87_gteval_steps15000/stats/val_step14999.json,lego_1_n87_s42_c0.0_p870_random_farthestpose_i87_gteval_steps15000,0.3306,0.018825,87,0.0469,0.0133,0.1174,/home/ojab2/work/git/vggt/vggt_outputs/lego_1_n87_s42_c0.0_p870_random_farthestpose/eval_results.json,lego_1_n87_s42_c0.0_p870_random_farthestpose,lego_1_n87_s42_c0.0_p870_random_farthestpose_i87_gteval_steps15000_val_step14999.json,870,vggt | random,891.7499999999999
vggt,100,42,0.0,1000,random,,,,0,10,farthestpose,100,GT Eval,,,,,,,,,0.0,,vggt,bicycle,,,15000,15000,,MCMC,,,,,,,,,,,gsplat,18.250102996826172,0.6826565265655518,0.3305303752422333,1000000,0.015081527642905712,0.7160573601722717,,,0.016297318317272175,0.5052765876959886,1000,/home/ojab2/work/git/gsplat/results/vggt_outputs/bicycle_4_n100_s42_c0.0_p1000_random_farthestpose_i100_gteval_steps15000/stats/val_step14999.json,/home/ojab2/work/git/gsplat/results/vggt_outputs/bicycle_4_n100_s42_c0.0_p1000_random_farthestpose_i100_gteval_steps15000/stats/val_step14999.json,bicycle_4_n100_s42_c0.0_p1000_random_farthestpose_i100_gteval_steps15000,0.857,0.067143,100,,,,/home/ojab2/work/git/vggt/vggt_outputs/bicycle_4_n100_s42_c0.0_p1000_random_farthestpose/eval_results.json,bicycle_4_n100_s42_c0.0_p1000_random_farthestpose,bicycle_4_n100_s42_c0.0_p1000_random_farthestpose_i100_gteval_steps15000_val_step14999.json,1000,vggt | random,1025.0
vggt,100,42,0.0,1000,random,,,,0,10,farthestpose,100,GT Eval,,,,,,,,,0.0,,vggt,bonsai,,,15000,15000,,MCMC,,,,,,,,,,,gsplat,17.979167938232422,0.5369040369987488,0.6107745170593262,1000000,0.024335382506251335,0.7215031385421753,,,0.2651361380404199,0.3922361855957915,1000,/home/ojab2/work/git/gsplat/results/vggt_outputs/bonsai_2_n100_s42_c0.0_p1000_random_farthestpose_i100_gteval_steps15000/stats/val_step14999.json,/home/ojab2/work/git/gsplat/results/vggt_outputs/bonsai_2_n100_s42_c0.0_p1000_random_farthestpose_i100_gteval_steps15000/stats/val_step14999.json,bonsai_2_n100_s42_c0.0_p1000_random_farthestpose_i100_gteval_steps15000,0.7897,0.107121,100,,,,/home/ojab2/work/git/vggt/vggt_outputs/bonsai_2_n100_s42_c0.0_p1000_random_farthestpose/eval_results.json,bonsai_2_n100_s42_c0.0_p1000_random_farthestpose,bonsai_2_n100_s42_c0.0_p1000_random_farthestpose_i100_gteval_steps15000_val_step14999.json,1000,vggt | random,1025.0
vggt,87,42,0.0,4350,random,,,,0,10,farthestpose,87,GT Eval,,,,,,,,,0.0,,vggt,lego,,,15000,15000,,MCMC,,,,,,,,,,,gsplat,20.566364288330078,0.10723959654569626,0.7763004302978516,1000000,0.00519891083240509,0.29696160554885864,0.08576436340808868,0.020178297534585,0.675070924475024,0.1963286128000089,4350,/home/ojab2/work/git/gsplat/results/vggt_outputs/lego_1_n87_s42_c0.0_p4350_random_farthestpose_i87_gteval_steps15000/stats/val_step14999.json,/home/ojab2/work/git/gsplat/results/vggt_outputs/lego_1_n87_s42_c0.0_p4350_random_farthestpose_i87_gteval_steps15000/stats/val_step14999.json,lego_1_n87_s42_c0.0_p4350_random_farthestpose_i87_gteval_steps15000,0.3306,0.018825,87,0.0469,0.0133,0.1174,/home/ojab2/work/git/vggt/vggt_outputs/lego_1_n87_s42_c0.0_p4350_random_farthestpose/eval_results.json,lego_1_n87_s42_c0.0_p4350_random_farthestpose,lego_1_n87_s42_c0.0_p4350_random_farthestpose_i87_gteval_steps15000_val_step14999.json,4350,vggt | random,4458.75
vggt,100,42,0.0,5000,random,,,,0,10,farthestpose,100,GT Eval,,,,,,,,,0.0,,vggt,bicycle,,,15000,15000,,MCMC,,,,,,,,,,,gsplat,17.85049819946289,0.5575035810470581,0.30527377128601074,1000000,0.015081527642905712,0.716057538986206,,,0.07138219028420847,0.4691366612125162,5000,/home/ojab2/work/git/gsplat/results/vggt_outputs/bicycle_4_n100_s42_c0.0_p5000_random_farthestpose_i100_gteval_steps15000/stats/val_step14999.json,/home/ojab2/work/git/gsplat/results/vggt_outputs/bicycle_4_n100_s42_c0.0_p5000_random_farthestpose_i100_gteval_steps15000/stats/val_step14999.json,bicycle_4_n100_s42_c0.0_p5000_random_farthestpose_i100_gteval_steps15000,0.857,0.067143,100,,,,/home/ojab2/work/git/vggt/vggt_outputs/bicycle_4_n100_s42_c0.0_p5000_random_farthestpose/eval_results.json,bicycle_4_n100_s42_c0.0_p5000_random_farthestpose,bicycle_4_n100_s42_c0.0_p5000_random_farthestpose_i100_gteval_steps15000_val_step14999.json,5000,vggt | random,5125.0
vggt,100,42,0.0,5000,random,,,,0,10,farthestpose,100,GT Eval,,,,,,,,,0.0,,vggt,bonsai,,,15000,15000,,MCMC,,,,,,,,,,,gsplat,17.889978408813477,0.4770657420158386,0.5969281792640686,1000000,0.024335382506251335,0.7215033173561096,,,0.29232442564899225,0.37606689511260677,5000,/home/ojab2/work/git/gsplat/results/vggt_outputs/bonsai_2_n100_s42_c0.0_p5000_random_farthestpose_i100_gteval_steps15000/stats/val_step14999.json,/home/ojab2/work/git/gsplat/results/vggt_outputs/bonsai_2_n100_s42_c0.0_p5000_random_farthestpose_i100_gteval_steps15000/stats/val_step14999.json,bonsai_2_n100_s42_c0.0_p5000_random_farthestpose_i100_gteval_steps15000,0.7897,0.107121,100,,,,/home/ojab2/work/git/vggt/vggt_outputs/bonsai_2_n100_s42_c0.0_p5000_random_farthestpose/eval_results.json,bonsai_2_n100_s42_c0.0_p5000_random_farthestpose,bonsai_2_n100_s42_c0.0_p5000_random_farthestpose_i100_gteval_steps15000_val_step14999.json,5000,vggt | random,5125.0
vggt,87,42,0.0,8700,random,,,,0,10,farthestpose,87,GT Eval,,,,,,,,,0.0,,vggt,lego,,,15000,15000,,MCMC,,,,,,,,,,,gsplat,20.553205490112305,0.10303780436515808,0.7753878831863403,1000000,0.00519891083240509,0.29696112871170044,0.08498157560825348,0.01999529078602791,0.6768872886218367,0.19525813347686954,8700,/home/ojab2/work/git/gsplat/results/vggt_outputs/lego_1_n87_s42_c0.0_p8700_random_farthestpose_i87_gteval_steps15000/stats/val_step14999.json,/home/ojab2/work/git/gsplat/results/vggt_outputs/lego_1_n87_s42_c0.0_p8700_random_farthestpose_i87_gteval_steps15000/stats/val_step14999.json,lego_1_n87_s42_c0.0_p8700_random_farthestpose_i87_gteval_steps15000,0.3306,0.018825,87,0.0469,0.0133,0.1174,/home/ojab2/work/git/vggt/vggt_outputs/lego_1_n87_s42_c0.0_p8700_random_farthestpose/eval_results.json,lego_1_n87_s42_c0.0_p8700_random_farthestpose,lego_1_n87_s42_c0.0_p8700_random_farthestpose_i87_gteval_steps15000_val_step14999.json,8700,vggt | random,8917.5
vggt,100,42,0.0,10000,random,,,,0,10,farthestpose,100,GT Eval,,,,,,,,,0.0,,vggt,bicycle,,,15000,15000,,MCMC,,,,,,,,,,,gsplat,17.79636001586914,0.5176759958267212,0.29754316806793213,1000000,0.015081527642905712,0.7160574197769165,,,0.0904437398817572,0.4574709195850314,10000,/home/ojab2/work/git/gsplat/results/vggt_outputs/bicycle_4_n100_s42_c0.0_p10000_random_farthestpose_i100_gteval_steps15000/stats/val_step14999.json,/home/ojab2/work/git/gsplat/results/vggt_outputs/bicycle_4_n100_s42_c0.0_p10000_random_farthestpose_i100_gteval_steps15000/stats/val_step14999.json,bicycle_4_n100_s42_c0.0_p10000_random_farthestpose_i100_gteval_steps15000,0.857,0.067143,100,,,,/home/ojab2/work/git/vggt/vggt_outputs/bicycle_4_n100_s42_c0.0_p10000_random_farthestpose/eval_results.json,bicycle_4_n100_s42_c0.0_p10000_random_farthestpose,bicycle_4_n100_s42_c0.0_p10000_random_farthestpose_i100_gteval_steps15000_val_step14999.json,10000,vggt | random,10250.0
vggt,100,42,0.0,10000,random,,,,0,10,farthestpose,100,GT Eval,,,,,,,,,0.0,,vggt,bonsai,,,15000,15000,,MCMC,,,,,,,,,,,gsplat,17.87259292602539,0.45988789200782776,0.592063844203949,1000000,0.024335382506251335,0.7215033173561096,,,0.29976144299404894,0.3716358211107602,10000,/home/ojab2/work/git/gsplat/results/vggt_outputs/bonsai_2_n100_s42_c0.0_p10000_random_farthestpose_i100_gteval_steps15000/stats/val_step14999.json,/home/ojab2/work/git/gsplat/results/vggt_outputs/bonsai_2_n100_s42_c0.0_p10000_random_farthestpose_i100_gteval_steps15000/stats/val_step14999.json,bonsai_2_n100_s42_c0.0_p10000_random_farthestpose_i100_gteval_steps15000,0.7897,0.107121,100,,,,/home/ojab2/work/git/vggt/vggt_outputs/bonsai_2_n100_s42_c0.0_p10000_random_farthestpose/eval_results.json,bonsai_2_n100_s42_c0.0_p10000_random_farthestpose,bonsai_2_n100_s42_c0.0_p10000_random_farthestpose_i100_gteval_steps15000_val_step14999.json,10000,vggt | random,10250.0
vggt,87,42,0.0,17400,random,,,,0,10,farthestpose,87,GT Eval,,,,,,,,,0.0,,vggt,lego,,,15000,15000,,MCMC,,,,,,,,,,,gsplat,20.56607437133789,0.09993284195661545,0.7748802304267883,1000000,0.00519891083240509,0.29695695638656616,0.08477343618869781,0.01993987336754799,0.6787453717403863,0.19439288716300088,17400,/home/ojab2/work/git/gsplat/results/vggt_outputs/lego_1_n87_s42_c0.0_p17400_random_farthestpose_i87_gteval_steps15000/stats/val_step14999.json,/home/ojab2/work/git/gsplat/results/vggt_outputs/lego_1_n87_s42_c0.0_p17400_random_farthestpose_i87_gteval_steps15000/stats/val_step14999.json,lego_1_n87_s42_c0.0_p17400_random_farthestpose_i87_gteval_steps15000,0.3306,0.018825,87,0.0469,0.0133,0.1174,/home/ojab2/work/git/vggt/vggt_outputs/lego_1_n87_s42_c0.0_p17400_random_farthestpose/eval_results.json,lego_1_n87_s42_c0.0_p17400_random_farthestpose,lego_1_n87_s42_c0.0_p17400_random_farthestpose_i87_gteval_steps15000_val_step14999.json,17400,vggt | random,17835.0
vggt,100,42,0.0,20000,random,,,,0,10,farthestpose,100,GT Eval,,,,,,,,,0.0,,vggt,bicycle,,,15000,15000,,MCMC,,,,,,,,,,,gsplat,17.7264461517334,0.48495185375213623,0.28816816210746765,1000000,0.015081527642905712,0.7160574197769165,,,0.10386666676841674,0.4485108212271876,20000,/home/ojab2/work/git/gsplat/results/vggt_outputs/bicycle_4_n100_s42_c0.0_p20000_random_farthestpose_i100_gteval_steps15000/stats/val_step14999.json,/home/ojab2/work/git/gsplat/results/vggt_outputs/bicycle_4_n100_s42_c0.0_p20000_random_farthestpose_i100_gteval_steps15000/stats/val_step14999.json,bicycle_4_n100_s42_c0.0_p20000_random_farthestpose_i100_gteval_steps15000,0.857,0.067143,100,,,,/home/ojab2/work/git/vggt/vggt_outputs/bicycle_4_n100_s42_c0.0_p20000_random_farthestpose/eval_results.json,bicycle_4_n100_s42_c0.0_p20000_random_farthestpose,bicycle_4_n100_s42_c0.0_p20000_random_farthestpose_i100_gteval_steps15000_val_step14999.json,20000,vggt | random,20500.0
vggt,100,42,0.0,20000,random,,,,0,10,farthestpose,100,GT Eval,,,,,,,,,0.0,,vggt,bonsai,,,15000,15000,,MCMC,,,,,,,,,,,gsplat,17.795364379882812,0.4417356550693512,0.5856538414955139,1000000,0.024335382506251335,0.7215033769607544,,,0.3057878296664971,0.367348834918001,20000,/home/ojab2/work/git/gsplat/results/vggt_outputs/bonsai_2_n100_s42_c0.0_p20000_random_farthestpose_i100_gteval_steps15000/stats/val_step14999.json,/home/ojab2/work/git/gsplat/results/vggt_outputs/bonsai_2_n100_s42_c0.0_p20000_random_farthestpose_i100_gteval_steps15000/stats/val_step14999.json,bonsai_2_n100_s42_c0.0_p20000_random_farthestpose_i100_gteval_steps15000,0.7897,0.107121,100,,,,/home/ojab2/work/git/vggt/vggt_outputs/bonsai_2_n100_s42_c0.0_p20000_random_farthestpose/eval_results.json,bonsai_2_n100_s42_c0.0_p20000_random_farthestpose,bonsai_2_n100_s42_c0.0_p20000_random_farthestpose_i100_gteval_steps15000_val_step14999.json,20000,vggt | random,20500.0
vggt,87,42,0.0,26100,random,,,,0,10,farthestpose,87,GT Eval,,,,,,,,,0.0,,vggt,lego,,,15000,15000,,MCMC,,,,,,,,,,,gsplat,20.600393295288086,0.09798990190029144,0.7748597264289856,1000000,0.00519891083240509,0.2969595491886139,0.08418050408363342,0.01980230025947094,0.680568262440884,0.19372941213600764,26100,/home/ojab2/work/git/gsplat/results/vggt_outputs/lego_1_n87_s42_c0.0_p26100_random_farthestpose_i87_gteval_steps15000/stats/val_step14999.json,/home/ojab2/work/git/gsplat/results/vggt_outputs/lego_1_n87_s42_c0.0_p26100_random_farthestpose_i87_gteval_steps15000/stats/val_step14999.json,lego_1_n87_s42_c0.0_p26100_random_farthestpose_i87_gteval_steps15000,0.3306,0.018825,87,0.0469,0.0133,0.1174,/home/ojab2/work/git/vggt/vggt_outputs/lego_1_n87_s42_c0.0_p26100_random_farthestpose/eval_results.json,lego_1_n87_s42_c0.0_p26100_random_farthestpose,lego_1_n87_s42_c0.0_p26100_random_farthestpose_i87_gteval_steps15000_val_step14999.json,26100,vggt | random,26752.499999999996
vggt,100,42,0.0,30000,random,,,,0,10,farthestpose,100,GT Eval,,,,,,,,,0.0,,vggt,bicycle,,,15000,15000,,MCMC,,,,,,,,,,,gsplat,17.651588439941406,0.46718549728393555,0.2817900478839874,1000000,0.015081527642905712,0.716057538986206,,,0.1097174081963483,0.4439436613991166,30000,/home/ojab2/work/git/gsplat/results/vggt_outputs/bicycle_4_n100_s42_c0.0_p30000_random_farthestpose_i100_gteval_steps15000/stats/val_step14999.json,/home/ojab2/work/git/gsplat/results/vggt_outputs/bicycle_4_n100_s42_c0.0_p30000_random_farthestpose_i100_gteval_steps15000/stats/val_step14999.json,bicycle_4_n100_s42_c0.0_p30000_random_farthestpose_i100_gteval_steps15000,0.857,0.067143,100,,,,/home/ojab2/work/git/vggt/vggt_outputs/bicycle_4_n100_s42_c0.0_p30000_random_farthestpose/eval_results.json,bicycle_4_n100_s42_c0.0_p30000_random_farthestpose,bicycle_4_n100_s42_c0.0_p30000_random_farthestpose_i100_gteval_steps15000_val_step14999.json,30000,vggt | random,30749.999999999996
vggt,100,42,0.0,30000,random,,,,0,10,farthestpose,100,GT Eval,,,,,,,,,0.0,,vggt,bonsai,,,15000,15000,,MCMC,,,,,,,,,,,gsplat,17.78561782836914,0.4346408545970917,0.5830560922622681,1000000,0.024335382506251335,0.7215033769607544,,,0.3084676928377678,0.3656679042033886,30000,/home/ojab2/work/git/gsplat/results/vggt_outputs/bonsai_2_n100_s42_c0.0_p30000_random_farthestpose_i100_gteval_steps15000/stats/val_step14999.json,/home/ojab2/work/git/gsplat/results/vggt_outputs/bonsai_2_n100_s42_c0.0_p30000_random_farthestpose_i100_gteval_steps15000/stats/val_step14999.json,bonsai_2_n100_s42_c0.0_p30000_random_farthestpose_i100_gteval_steps15000,0.7897,0.107121,100,,,,/home/ojab2/work/git/vggt/vggt_outputs/bonsai_2_n100_s42_c0.0_p30000_random_farthestpose/eval_results.json,bonsai_2_n100_s42_c0.0_p30000_random_farthestpose,bonsai_2_n100_s42_c0.0_p30000_random_farthestpose_i100_gteval_steps15000_val_step14999.json,30000,vggt | random,30749.999999999996
vggt,87,42,0.0,43500,random,,,,0,10,farthestpose,87,GT Eval,,,,,,,,,0.0,,vggt,lego,,,15000,15000,,MCMC,,,,,,,,,,,gsplat,20.576627731323242,0.09749816358089447,0.7743308544158936,1000000,0.00519891083240509,0.29695695638656616,0.0844588652253151,0.019862189888954163,0.680122419697964,0.19376708830914297,43500,/home/ojab2/work/git/gsplat/results/vggt_outputs/lego_1_n87_s42_c0.0_p43500_random_farthestpose_i87_gteval_steps15000/stats/val_step14999.json,/home/ojab2/work/git/gsplat/results/vggt_outputs/lego_1_n87_s42_c0.0_p43500_random_farthestpose_i87_gteval_steps15000/stats/val_step14999.json,lego_1_n87_s42_c0.0_p43500_random_farthestpose_i87_gteval_steps15000,0.3306,0.018825,87,0.0469,0.0133,0.1174,/home/ojab2/work/git/vggt/vggt_outputs/lego_1_n87_s42_c0.0_p43500_random_farthestpose/eval_results.json,lego_1_n87_s42_c0.0_p43500_random_farthestpose,lego_1_n87_s42_c0.0_p43500_random_farthestpose_i87_gteval_steps15000_val_step14999.json,43500,vggt | random,44587.49999999999
vggt,100,42,0.0,50000,random,,,,0,10,farthestpose,100,GT Eval,,,,,,,,,0.0,,vggt,bicycle,,,15000,15000,,MCMC,,,,,,,,,,,gsplat,17.59831428527832,0.44869765639305115,0.27449196577072144,1000000,0.015081527642905712,0.7160574197769165,,,0.1158752129634067,0.4392833350967972,50000,/home/ojab2/work/git/gsplat/results/vggt_outputs/bicycle_4_n100_s42_c0.0_p50000_random_farthestpose_i100_gteval_steps15000/stats/val_step14999.json,/home/ojab2/work/git/gsplat/results/vggt_outputs/bicycle_4_n100_s42_c0.0_p50000_random_farthestpose_i100_gteval_steps15000/stats/val_step14999.json,bicycle_4_n100_s42_c0.0_p50000_random_farthestpose_i100_gteval_steps15000,0.857,0.067143,100,,,,/home/ojab2/work/git/vggt/vggt_outputs/bicycle_4_n100_s42_c0.0_p50000_random_farthestpose/eval_results.json,bicycle_4_n100_s42_c0.0_p50000_random_farthestpose,bicycle_4_n100_s42_c0.0_p50000_random_farthestpose_i100_gteval_steps15000_val_step14999.json,50000,vggt | random,51249.99999999999
vggt,100,42,0.0,50000,random,,,,0,10,farthestpose,100,GT Eval,,,,,,,,,0.0,,vggt,bonsai,,,15000,15000,,MCMC,,,,,,,,,,,gsplat,17.745101928710938,0.42596033215522766,0.5798444151878357,1000000,0.024335382506251335,0.7215033769607544,,,0.3111975718582505,0.36365380398780867,50000,/home/ojab2/work/git/gsplat/results/vggt_outputs/bonsai_2_n100_s42_c0.0_p50000_random_farthestpose_i100_gteval_steps15000/stats/val_step14999.json,/home/ojab2/work/git/gsplat/results/vggt_outputs/bonsai_2_n100_s42_c0.0_p50000_random_farthestpose_i100_gteval_steps15000/stats/val_step14999.json,bonsai_2_n100_s42_c0.0_p50000_random_farthestpose_i100_gteval_steps15000,0.7897,0.107121,100,,,,/home/ojab2/work/git/vggt/vggt_outputs/bonsai_2_n100_s42_c0.0_p50000_random_farthestpose/eval_results.json,bonsai_2_n100_s42_c0.0_p50000_random_farthestpose,bonsai_2_n100_s42_c0.0_p50000_random_farthestpose_i100_gteval_steps15000_val_step14999.json,50000,vggt | random,51249.99999999999
vggt,87,42,0.0,65250,random,,,,0,10,farthestpose,87,GT Eval,,,,,,,,,0.0,,vggt,lego,,,15000,15000,,MCMC,,,,,,,,,,,gsplat,20.534372329711914,0.09588713943958282,0.7734276056289673,1000000,0.00519891083240509,0.2969573140144348,0.084368996322155,0.019829953089356422,0.6798061559423367,0.19357520051250132,65250,/home/ojab2/work/git/gsplat/results/vggt_outputs/lego_1_n87_s42_c0.0_p65250_random_farthestpose_i87_gteval_steps15000/stats/val_step14999.json,/home/ojab2/work/git/gsplat/results/vggt_outputs/lego_1_n87_s42_c0.0_p65250_random_farthestpose_i87_gteval_steps15000/stats/val_step14999.json,lego_1_n87_s42_c0.0_p65250_random_farthestpose_i87_gteval_steps15000,0.3306,0.018825,87,0.0469,0.0133,0.1174,/home/ojab2/work/git/vggt/vggt_outputs/lego_1_n87_s42_c0.0_p65250_random_farthestpose/eval_results.json,lego_1_n87_s42_c0.0_p65250_random_farthestpose,lego_1_n87_s42_c0.0_p65250_random_farthestpose_i87_gteval_steps15000_val_step14999.json,65250,vggt | random,66881.25
vggt,100,42,0.0,75000,random,,,,0,10,farthestpose,100,GT Eval,,,,,,,,,0.0,,vggt,bicycle,,,15000,15000,,MCMC,,,,,,,,,,,gsplat,17.592985153198242,0.4344175159931183,0.2684631943702698,1000000,0.015081527642905712,0.7160574197769165,,,0.12106582950352851,0.43570762185999345,75000,/home/ojab2/work/git/gsplat/results/vggt_outputs/bicycle_4_n100_s42_c0.0_p75000_random_farthestpose_i100_gteval_steps15000/stats/val_step14999.json,/home/ojab2/work/git/gsplat/results/vggt_outputs/bicycle_4_n100_s42_c0.0_p75000_random_farthestpose_i100_gteval_steps15000/stats/val_step14999.json,bicycle_4_n100_s42_c0.0_p75000_random_farthestpose_i100_gteval_steps15000,0.857,0.067143,100,,,,/home/ojab2/work/git/vggt/vggt_outputs/bicycle_4_n100_s42_c0.0_p75000_random_farthestpose/eval_results.json,bicycle_4_n100_s42_c0.0_p75000_random_farthestpose,bicycle_4_n100_s42_c0.0_p75000_random_farthestpose_i100_gteval_steps15000_val_step14999.json,75000,vggt | random,76875.0
vggt,100,42,0.0,75000,random,,,,0,10,farthestpose,100,GT Eval,,,,,,,,,0.0,,vggt,bonsai,,,15000,15000,,MCMC,,,,,,,,,,,gsplat,17.754104614257812,0.4208928346633911,0.5767653584480286,1000000,0.024335382506251335,0.7215033769607544,,,0.3126917551522754,0.36274329301174246,75000,/home/ojab2/work/git/gsplat/results/vggt_outputs/bonsai_2_n100_s42_c0.0_p75000_random_farthestpose_i100_gteval_steps15000/stats/val_step14999.json,/home/ojab2/work/git/gsplat/results/vggt_outputs/bonsai_2_n100_s42_c0.0_p75000_random_farthestpose_i100_gteval_steps15000/stats/val_step14999.json,bonsai_2_n100_s42_c0.0_p75000_random_farthestpose_i100_gteval_steps15000,0.7897,0.107121,100,,,,/home/ojab2/work/git/vggt/vggt_outputs/bonsai_2_n100_s42_c0.0_p75000_random_farthestpose/eval_results.json,bonsai_2_n100_s42_c0.0_p75000_random_farthestpose,bonsai_2_n100_s42_c0.0_p75000_random_farthestpose_i100_gteval_steps15000_val_step14999.json,75000,vggt | random,76875.0
vggt,87,42,0.0,87000,random,,,,0,10,farthestpose,87,GT Eval,,,,,,,,,0.0,,vggt,lego,,,15000,15000,,MCMC,,,,,,,,,,,gsplat,20.619525909423828,0.0951065868139267,0.7748908996582031,1000000,0.00519891083240509,0.2969570457935333,0.0841107964515686,0.019769152626395226,0.6827206241960568,0.19274459632460222,87000,/home/ojab2/work/git/gsplat/results/vggt_outputs/lego_1_n87_s42_c0.0_p87000_random_farthestpose_i87_gteval_steps15000/stats/val_step14999.json,/home/ojab2/work/git/gsplat/results/vggt_outputs/lego_1_n87_s42_c0.0_p87000_random_farthestpose_i87_gteval_steps15000/stats/val_step14999.json,lego_1_n87_s42_c0.0_p87000_random_farthestpose_i87_gteval_steps15000,0.3306,0.018825,87,0.0469,0.0133,0.1174,/home/ojab2/work/git/vggt/vggt_outputs/lego_1_n87_s42_c0.0_p87000_random_farthestpose/eval_results.json,lego_1_n87_s42_c0.0_p87000_random_farthestpose,lego_1_n87_s42_c0.0_p87000_random_farthestpose_i87_gteval_steps15000_val_step14999.json,87000,vggt | random,89174.99999999999
vggt,100,42,0.0,100000,random,,,,0,10,farthestpose,100,GT Eval,,,,,,,,,0.0,,vggt,bicycle,,,15000,15000,,MCMC,,,,,,,,,,,gsplat,17.17383575439453,0.44064733386039734,0.25722789764404297,1000000,0.015425998717546463,0.8569999933242798,,,0.10288788805231015,0.44055311836517685,100000,/home/ojab2/work/git/gsplat/results/vggt_outputs/bicycle_4_n100_s42_c0.0_p100000_random_farthestpose_i100_gteval_steps15000/stats/val_step14999.json,/home/ojab2/work/git/gsplat/results/vggt_outputs/bicycle_4_n100_s42_c0.0_p100000_random_farthestpose_i100_gteval_steps15000/stats/val_step14999.json,bicycle_4_n100_s42_c0.0_p100000_random_farthestpose_i100_gteval_steps15000,0.7161,0.065623,100,,,,/home/ojab2/work/git/vggt/vggt_outputs/bicycle_4_n100_s42_c0.0_p100000_random_farthestpose/eval_results.json,bicycle_4_n100_s42_c0.0_p100000_random_farthestpose,bicycle_4_n100_s42_c0.0_p100000_random_farthestpose_i100_gteval_steps15000_val_step14999.json,100000,vggt | random,102499.99999999999
vggt,100,42,0.0,100000,random,,,,0,10,farthestpose,100,GT Eval,,,,,,,,,0.0,,vggt,bonsai,,,15000,15000,,MCMC,,,,,,,,,,,gsplat,17.731338500976562,0.4183982312679291,0.5749688744544983,1000000,0.024335382506251335,0.7215033769607544,,,0.31275946366624285,0.3624008922107585,100000,/home/ojab2/work/git/gsplat/results/vggt_outputs/bonsai_2_n100_s42_c0.0_p100000_random_farthestpose_i100_gteval_steps15000/stats/val_step14999.json,/home/ojab2/work/git/gsplat/results/vggt_outputs/bonsai_2_n100_s42_c0.0_p100000_random_farthestpose_i100_gteval_steps15000/stats/val_step14999.json,bonsai_2_n100_s42_c0.0_p100000_random_farthestpose_i100_gteval_steps15000,0.7897,0.107121,100,,,,/home/ojab2/work/git/vggt/vggt_outputs/bonsai_2_n100_s42_c0.0_p100000_random_farthestpose/eval_results.json,bonsai_2_n100_s42_c0.0_p100000_random_farthestpose,bonsai_2_n100_s42_c0.0_p100000_random_farthestpose_i100_gteval_steps15000_val_step14999.json,100000,vggt | random,102499.99999999999
vggt,87,42,0.0,217500,random,,,,0,10,farthestpose,87,GT Eval,,,,,,,,,0.0,,vggt,lego,,,15000,15000,,MCMC,,,,,,,,,,,gsplat,20.5678768157959,0.09471122175455093,0.7729755640029907,1000000,0.00519891083240509,0.2969570457935333,0.08463022112846375,0.01988605037331581,0.6808881326744972,0.1933187772934366,217500,/home/ojab2/work/git/gsplat/results/vggt_outputs/lego_1_n87_s42_c0.0_p217500_random_farthestpose_i87_gteval_steps15000/stats/val_step14999.json,/home/ojab2/work/git/gsplat/results/vggt_outputs/lego_1_n87_s42_c0.0_p217500_random_farthestpose_i87_gteval_steps15000/stats/val_step14999.json,lego_1_n87_s42_c0.0_p217500_random_farthestpose_i87_gteval_steps15000,0.3306,0.018825,87,0.0469,0.0133,0.1174,/home/ojab2/work/git/vggt/vggt_outputs/lego_1_n87_s42_c0.0_p217500_random_farthestpose/eval_results.json,lego_1_n87_s42_c0.0_p217500_random_farthestpose,lego_1_n87_s42_c0.0_p217500_random_farthestpose_i87_gteval_steps15000_val_step14999.json,217500,vggt | random,222937.49999999997
vggt,100,42,0.0,250000,random,,,,0,10,farthestpose,100,GT Eval,,,,,,,,,0.0,,vggt,bicycle,,,15000,15000,,MCMC,,,,,,,,,,,gsplat,17.52067756652832,0.41010862588882446,0.2515217065811157,1000000,0.015081527642905712,0.7160574197769165,,,0.12482498503877718,0.43098445134522345,250000,/home/ojab2/work/git/gsplat/results/vggt_outputs/bicycle_4_n100_s42_c0.0_p250000_random_farthestpose_i100_gteval_steps15000/stats/val_step14999.json,/home/ojab2/work/git/gsplat/results/vggt_outputs/bicycle_4_n100_s42_c0.0_p250000_random_farthestpose_i100_gteval_steps15000/stats/val_step14999.json,bicycle_4_n100_s42_c0.0_p250000_random_farthestpose_i100_gteval_steps15000,0.857,0.067143,100,,,,/home/ojab2/work/git/vggt/vggt_outputs/bicycle_4_n100_s42_c0.0_p250000_random_farthestpose/eval_results.json,bicycle_4_n100_s42_c0.0_p250000_random_farthestpose,bicycle_4_n100_s42_c0.0_p250000_random_farthestpose_i100_gteval_steps15000_val_step14999.json,250000,vggt | random,256249.99999999997
vggt,100,42,0.0,250000,random,,,,0,10,farthestpose,100,GT Eval,,,,,,,,,0.0,,vggt,bonsai,,,15000,15000,,MCMC,,,,,,,,,,,gsplat,17.680803298950195,0.4166371822357178,0.5684237480163574,1000000,0.024335382506251335,0.7215033769607544,,,0.3090831345749645,0.3635464948726724,250000,/home/ojab2/work/git/gsplat/results/vggt_outputs/bonsai_2_n100_s42_c0.0_p250000_random_farthestpose_i100_gteval_steps15000/stats/val_step14999.json,/home/ojab2/work/git/gsplat/results/vggt_outputs/bonsai_2_n100_s42_c0.0_p250000_random_farthestpose_i100_gteval_steps15000/stats/val_step14999.json,bonsai_2_n100_s42_c0.0_p250000_random_farthestpose_i100_gteval_steps15000,0.7897,0.107121,100,,,,/home/ojab2/work/git/vggt/vggt_outputs/bonsai_2_n100_s42_c0.0_p250000_random_farthestpose/eval_results.json,bonsai_2_n100_s42_c0.0_p250000_random_farthestpose,bonsai_2_n100_s42_c0.0_p250000_random_farthestpose_i100_gteval_steps15000_val_step14999.json,250000,vggt | random,256249.99999999997
vggt,87,42,0.0,435000,random,,,,0,10,farthestpose,87,GT Eval,,,,,,,,,0.0,,vggt,lego,,,15000,15000,,MCMC,,,,,,,,,,,gsplat,20.58102798461914,0.09375450015068054,0.7730345129966736,1000000,0.00519891083240509,0.2969563901424408,0.08530877530574799,0.020040426403284073,0.6817567148248896,0.192970405457949,435000,/home/ojab2/work/git/gsplat/results/vggt_outputs/lego_1_n87_s42_c0.0_p435000_random_farthestpose_i87_gteval_steps15000/stats/val_step14999.json,/home/ojab2/work/git/gsplat/results/vggt_outputs/lego_1_n87_s42_c0.0_p435000_random_farthestpose_i87_gteval_steps15000/stats/val_step14999.json,lego_1_n87_s42_c0.0_p435000_random_farthestpose_i87_gteval_steps15000,0.3306,0.018825,87,0.0469,0.0133,0.1174,/home/ojab2/work/git/vggt/vggt_outputs/lego_1_n87_s42_c0.0_p435000_random_farthestpose/eval_results.json,lego_1_n87_s42_c0.0_p435000_random_farthestpose,lego_1_n87_s42_c0.0_p435000_random_farthestpose_i87_gteval_steps15000_val_step14999.json,435000,vggt | random,445874.99999999994
vggt,100,42,0.0,500000,random,,,,0,10,farthestpose,100,GT Eval,,,,,,,,,0.0,,vggt,bicycle,,,15000,15000,,MCMC,,,,,,,,,,,gsplat,17.479581832885742,0.40770307183265686,0.24472229182720184,1000000,0.015081527642905712,0.7160574197769165,,,0.12157259690753822,0.431545605354705,500000,/home/ojab2/work/git/gsplat/results/vggt_outputs/bicycle_4_n100_s42_c0.0_p500000_random_farthestpose_i100_gteval_steps15000/stats/val_step14999.json,/home/ojab2/work/git/gsplat/results/vggt_outputs/bicycle_4_n100_s42_c0.0_p500000_random_farthestpose_i100_gteval_steps15000/stats/val_step14999.json,bicycle_4_n100_s42_c0.0_p500000_random_farthestpose_i100_gteval_steps15000,0.857,0.067143,100,,,,/home/ojab2/work/git/vggt/vggt_outputs/bicycle_4_n100_s42_c0.0_p500000_random_farthestpose/eval_results.json,bicycle_4_n100_s42_c0.0_p500000_random_farthestpose,bicycle_4_n100_s42_c0.0_p500000_random_farthestpose_i100_gteval_steps15000_val_step14999.json,500000,vggt | random,512499.99999999994
vggt,100,42,0.0,500000,random,,,,0,10,farthestpose,100,GT Eval,,,,,,,,,0.0,,vggt,bonsai,,,15000,15000,,MCMC,,,,,,,,,,,gsplat,17.64688491821289,0.4154469966888428,0.5641154646873474,1000000,0.024335382506251335,0.7215033769607544,,,0.3066702349144116,0.3642846429860871,500000,/home/ojab2/work/git/gsplat/results/vggt_outputs/bonsai_2_n100_s42_c0.0_p500000_random_farthestpose_i100_gteval_steps15000/stats/val_step14999.json,/home/ojab2/work/git/gsplat/results/vggt_outputs/bonsai_2_n100_s42_c0.0_p500000_random_farthestpose_i100_gteval_steps15000/stats/val_step14999.json,bonsai_2_n100_s42_c0.0_p500000_random_farthestpose_i100_gteval_steps15000,0.7897,0.107121,100,,,,/home/ojab2/work/git/vggt/vggt_outputs/bonsai_2_n100_s42_c0.0_p500000_random_farthestpose/eval_results.json,bonsai_2_n100_s42_c0.0_p500000_random_farthestpose,bonsai_2_n100_s42_c0.0_p500000_random_farthestpose_i100_gteval_steps15000_val_step14999.json,500000,vggt | random,512499.99999999994
vggt,87,42,0.0,870000,random,,,,0,10,farthestpose,87,GT Eval,,,,,,,,,0.0,,vggt,lego,,,15000,15000,,MCMC,,,,,,,,,,,gsplat,20.606740951538086,0.09257781505584717,0.7733564376831055,1000000,0.00519891083240509,0.2969568073749542,0.08591707050800323,0.020170927047729492,0.6831474897534604,0.19244830207035385,870000,/home/ojab2/work/git/gsplat/results/vggt_outputs/lego_1_n87_s42_c0.0_p870000_random_farthestpose_i87_gteval_steps15000/stats/val_step14999.json,/home/ojab2/work/git/gsplat/results/vggt_outputs/lego_1_n87_s42_c0.0_p870000_random_farthestpose_i87_gteval_steps15000/stats/val_step14999.json,lego_1_n87_s42_c0.0_p870000_random_farthestpose_i87_gteval_steps15000,0.3306,0.018825,87,0.0469,0.0133,0.1174,/home/ojab2/work/git/vggt/vggt_outputs/lego_1_n87_s42_c0.0_p870000_random_farthestpose/eval_results.json,lego_1_n87_s42_c0.0_p870000_random_farthestpose,lego_1_n87_s42_c0.0_p870000_random_farthestpose_i87_gteval_steps15000_val_step14999.json,870000,vggt | random,891749.9999999999
vggt,100,42,0.0,1000000,random,,,,0,10,farthestpose,100,GT Eval,,,,,,,,,0.0,,vggt,bicycle,,,15000,15000,,MCMC,,,,,,,,,,,gsplat,17.43742561340332,0.4110182821750641,0.23839884996414185,1000000,0.015081527642905712,0.7160574197769165,,,0.11504758082093014,0.4339189262160589,1000000,/home/ojab2/work/git/gsplat/results/vggt_outputs/bicycle_4_n100_s42_c0.0_p1000000_random_farthestpose_i100_gteval_steps15000/stats/val_step14999.json,/home/ojab2/work/git/gsplat/results/vggt_outputs/bicycle_4_n100_s42_c0.0_p1000000_random_farthestpose_i100_gteval_steps15000/stats/val_step14999.json,bicycle_4_n100_s42_c0.0_p1000000_random_farthestpose_i100_gteval_steps15000,0.857,0.067143,100,,,,/home/ojab2/work/git/vggt/vggt_outputs/bicycle_4_n100_s42_c0.0_p1000000_random_farthestpose/eval_results.json,bicycle_4_n100_s42_c0.0_p1000000_random_farthestpose,bicycle_4_n100_s42_c0.0_p1000000_random_farthestpose_i100_gteval_steps15000_val_step14999.json,1000000,vggt | random,1024999.9999999999
vggt,100,42,0.0,1000000,random,,,,0,10,farthestpose,100,GT Eval,,,,,,,,,0.0,,vggt,bonsai,,,15000,15000,,MCMC,,,,,,,,,,,gsplat,17.634593963623047,0.4154748320579529,0.5606600642204285,1000000,0.024335382506251335,0.7215033769607544,,,0.3044047402901801,0.3651807313127726,1000000,/home/ojab2/work/git/gsplat/results/vggt_outputs/bonsai_2_n100_s42_c0.0_p1000000_random_farthestpose_i100_gteval_steps15000/stats/val_step14999.json,/home/ojab2/work/git/gsplat/results/vggt_outputs/bonsai_2_n100_s42_c0.0_p1000000_random_farthestpose_i100_gteval_steps15000/stats/val_step14999.json,bonsai_2_n100_s42_c0.0_p1000000_random_farthestpose_i100_gteval_steps15000,0.7897,0.107121,100,,,,/home/ojab2/work/git/vggt/vggt_outputs/bonsai_2_n100_s42_c0.0_p1000000_random_farthestpose/eval_results.json,bonsai_2_n100_s42_c0.0_p1000000_random_farthestpose,bonsai_2_n100_s42_c0.0_p1000000_random_farthestpose_i100_gteval_steps15000_val_step14999.json,1000000,vggt | random,1024999.9999999999
vggt,87,42,0.0,870,voxels,,,,0,10,farthestpose,87,GT Eval,,,,,,,,,0.0,,vggt,lego,,,15000,15000,,MCMC,,,,,,,,,,,gsplat,20.66238784790039,0.12895366549491882,0.7830423712730408,951553,0.00519891083240509,0.2969657778739929,0.09071540832519531,0.021343085914850235,0.6673880478172352,0.2011087285387534,855,/home/ojab2/work/git/gsplat/results/vggt_outputs/lego_1_n87_s42_c0.0_p870_voxels_farthestpose_i87_gteval_steps15000/stats/val_step14999.json,/home/ojab2/work/git/gsplat/results/vggt_outputs/lego_1_n87_s42_c0.0_p870_voxels_farthestpose_i87_gteval_steps15000/stats/val_step14999.json,lego_1_n87_s42_c0.0_p870_voxels_farthestpose_i87_gteval_steps15000,0.2976,0.018838,87,0.0478,0.0135,0.118,/home/ojab2/work/git/vggt/vggt_outputs/lego_1_n87_s42_c0.0_p870_voxels_farthestpose/eval_results.json,lego_1_n87_s42_c0.0_p870_voxels_farthestpose,lego_1_n87_s42_c0.0_p870_voxels_farthestpose_i87_gteval_steps15000_val_step14999.json,855,vggt | voxels,935.25
vggt,100,42,0.0,1000,voxels,,,,0,10,farthestpose,100,GT Eval,,,,,,,,,0.0,,vggt,bicycle,,,15000,15000,,MCMC,,,,,,,,,,,gsplat,18.17292022705078,0.6976091861724854,0.33221903443336487,1000000,0.015081527642905712,0.7160571217536926,,,0.006625490966286321,0.5100060437593626,947,/home/ojab2/work/git/gsplat/results/vggt_outputs/bicycle_4_n100_s42_c0.0_p1000_voxels_farthestpose_i100_gteval_steps15000/stats/val_step14999.json,/home/ojab2/work/git/gsplat/results/vggt_outputs/bicycle_4_n100_s42_c0.0_p1000_voxels_farthestpose_i100_gteval_steps15000/stats/val_step14999.json,bicycle_4_n100_s42_c0.0_p1000_voxels_farthestpose_i100_gteval_steps15000,0.7161,0.065623,100,,,,/home/ojab2/work/git/vggt/vggt_outputs/bicycle_4_n100_s42_c0.0_p1000_voxels_farthestpose/eval_results.json,bicycle_4_n100_s42_c0.0_p1000_voxels_farthestpose,bicycle_4_n100_s42_c0.0_p1000_voxels_farthestpose_i100_gteval_steps15000_val_step14999.json,947,vggt | voxels,1075.0
vggt,100,42,0.0,1000,voxels,,,,0,10,farthestpose,100,GT Eval,,,,,,,,,0.0,,vggt,bonsai,,,15000,15000,,MCMC,,,,,,,,,,,gsplat,18.032917022705078,0.5445523858070374,0.6130148768424988,1000000,0.024335382506251335,0.7215033173561096,,,0.2627204404084848,0.3941209764807947,971,/home/ojab2/work/git/gsplat/results/vggt_outputs/bonsai_2_n100_s42_c0.0_p1000_voxels_farthestpose_i100_gteval_steps15000/stats/val_step14999.json,/home/ojab2/work/git/gsplat/results/vggt_outputs/bonsai_2_n100_s42_c0.0_p1000_voxels_farthestpose_i100_gteval_steps15000/stats/val_step14999.json,bonsai_2_n100_s42_c0.0_p1000_voxels_farthestpose_i100_gteval_steps15000,0.7215,0.105749,100,,,,/home/ojab2/work/git/vggt/vggt_outputs/bonsai_2_n100_s42_c0.0_p1000_voxels_farthestpose/eval_results.json,bonsai_2_n100_s42_c0.0_p1000_voxels_farthestpose,bonsai_2_n100_s42_c0.0_p1000_voxels_farthestpose_i100_gteval_steps15000_val_step14999.json,971,vggt | voxels,1075.0
vggt,87,42,0.0,4350,voxels,,,,0,10,farthestpose,87,GT Eval,,,,,,,,,0.0,,vggt,lego,,,15000,15000,,MCMC,,,,,,,,,,,gsplat,20.553871154785156,0.10797790437936783,0.7756953239440918,1000000,0.00519891083240509,0.29696184396743774,0.0863095074892044,0.020301638171076775,0.6740299612090059,0.1967962297797834,4042,/home/ojab2/work/git/gsplat/results/vggt_outputs/lego_1_n87_s42_c0.0_p4350_voxels_farthestpose_i87_gteval_steps15000/stats/val_step14999.json,/home/ojab2/work/git/gsplat/results/vggt_outputs/lego_1_n87_s42_c0.0_p4350_voxels_farthestpose_i87_gteval_steps15000/stats/val_step14999.json,lego_1_n87_s42_c0.0_p4350_voxels_farthestpose_i87_gteval_steps15000,0.2976,0.018838,87,0.0478,0.0135,0.118,/home/ojab2/work/git/vggt/vggt_outputs/lego_1_n87_s42_c0.0_p4350_voxels_farthestpose/eval_results.json,lego_1_n87_s42_c0.0_p4350_voxels_farthestpose,lego_1_n87_s42_c0.0_p4350_voxels_farthestpose_i87_gteval_steps15000_val_step14999.json,4042,vggt | voxels,4676.25
vggt,100,42,0.0,5000,voxels,,,,0,10,farthestpose,100,GT Eval,,,,,,,,,0.0,,vggt,bicycle,,,15000,15000,,MCMC,,,,,,,,,,,gsplat,17.95667839050293,0.5852620005607605,0.31117650866508484,1000000,0.015081527642905712,0.7160571813583374,,,0.059665556462110136,0.4770745761902634,4925,/home/ojab2/work/git/gsplat/results/vggt_outputs/bicycle_4_n100_s42_c0.0_p5000_voxels_farthestpose_i100_gteval_steps15000/stats/val_step14999.json,/home/ojab2/work/git/gsplat/results/vggt_outputs/bicycle_4_n100_s42_c0.0_p5000_voxels_farthestpose_i100_gteval_steps15000/stats/val_step14999.json,bicycle_4_n100_s42_c0.0_p5000_voxels_farthestpose_i100_gteval_steps15000,0.7161,0.065623,100,,,,/home/ojab2/work/git/vggt/vggt_outputs/bicycle_4_n100_s42_c0.0_p5000_voxels_farthestpose/eval_results.json,bicycle_4_n100_s42_c0.0_p5000_voxels_farthestpose,bicycle_4_n100_s42_c0.0_p5000_voxels_farthestpose_i100_gteval_steps15000_val_step14999.json,4925,vggt | voxels,5375.0
vggt,100,42,0.0,5000,voxels,,,,0,10,farthestpose,100,GT Eval,,,,,,,,,0.0,,vggt,bonsai,,,15000,15000,,MCMC,,,,,,,,,,,gsplat,17.909542083740234,0.485567569732666,0.5993819832801819,1000000,0.024335382506251335,0.7215033769607544,,,0.28887364723374115,0.37823133495440453,4948,/home/ojab2/work/git/gsplat/results/vggt_outputs/bonsai_2_n100_s42_c0.0_p5000_voxels_farthestpose_i100_gteval_steps15000/stats/val_step14999.json,/home/ojab2/work/git/gsplat/results/vggt_outputs/bonsai_2_n100_s42_c0.0_p5000_voxels_farthestpose_i100_gteval_steps15000/stats/val_step14999.json,bonsai_2_n100_s42_c0.0_p5000_voxels_farthestpose_i100_gteval_steps15000,0.7215,0.105749,100,,,,/home/ojab2/work/git/vggt/vggt_outputs/bonsai_2_n100_s42_c0.0_p5000_voxels_farthestpose/eval_results.json,bonsai_2_n100_s42_c0.0_p5000_voxels_farthestpose,bonsai_2_n100_s42_c0.0_p5000_voxels_farthestpose_i100_gteval_steps15000_val_step14999.json,4948,vggt | voxels,5375.0
vggt,87,42,0.0,8700,voxels,,,,0,10,farthestpose,87,GT Eval,,,,,,,,,0.0,,vggt,lego,,,15000,15000,,MCMC,,,,,,,,,,,gsplat,20.601343154907227,0.10275178402662277,0.7772859930992126,1000000,0.00519891083240509,0.29696327447891235,0.08500519394874573,0.020007209852337837,0.679065288420309,0.19446152521067275,8550,/home/ojab2/work/git/gsplat/results/vggt_outputs/lego_1_n87_s42_c0.0_p8700_voxels_farthestpose_i87_gteval_steps15000/stats/val_step14999.json,/home/ojab2/work/git/gsplat/results/vggt_outputs/lego_1_n87_s42_c0.0_p8700_voxels_farthestpose_i87_gteval_steps15000/stats/val_step14999.json,lego_1_n87_s42_c0.0_p8700_voxels_farthestpose_i87_gteval_steps15000,0.2976,0.018838,87,0.0478,0.0135,0.118,/home/ojab2/work/git/vggt/vggt_outputs/lego_1_n87_s42_c0.0_p8700_voxels_farthestpose/eval_results.json,lego_1_n87_s42_c0.0_p8700_voxels_farthestpose,lego_1_n87_s42_c0.0_p8700_voxels_farthestpose_i87_gteval_steps15000_val_step14999.json,8550,vggt | voxels,9352.5
vggt,100,42,0.0,10000,voxels,,,,0,10,farthestpose,100,GT Eval,,,,,,,,,0.0,,vggt,bicycle,,,15000,15000,,MCMC,,,,,,,,,,,gsplat,17.848243713378906,0.548616349697113,0.3017392158508301,1000000,0.015081527642905712,0.7160571217536926,,,0.07475939433709458,0.466882961054918,9795,/home/ojab2/work/git/gsplat/results/vggt_outputs/bicycle_4_n100_s42_c0.0_p10000_voxels_farthestpose_i100_gteval_steps15000/stats/val_step14999.json,/home/ojab2/work/git/gsplat/results/vggt_outputs/bicycle_4_n100_s42_c0.0_p10000_voxels_farthestpose_i100_gteval_steps15000/stats/val_step14999.json,bicycle_4_n100_s42_c0.0_p10000_voxels_farthestpose_i100_gteval_steps15000,0.7161,0.065623,100,,,,/home/ojab2/work/git/vggt/vggt_outputs/bicycle_4_n100_s42_c0.0_p10000_voxels_farthestpose/eval_results.json,bicycle_4_n100_s42_c0.0_p10000_voxels_farthestpose,bicycle_4_n100_s42_c0.0_p10000_voxels_farthestpose_i100_gteval_steps15000_val_step14999.json,9795,vggt | voxels,10750.0
vggt,100,42,0.0,10000,voxels,,,,0,10,farthestpose,100,GT Eval,,,,,,,,,0.0,,vggt,bonsai,,,15000,15000,,MCMC,,,,,,,,,,,gsplat,17.83707618713379,0.47007468342781067,0.5937869548797607,1000000,0.024335382506251335,0.7215033173561096,,,0.2938232498172043,0.3746259745279934,9447,/home/ojab2/work/git/gsplat/results/vggt_outputs/bonsai_2_n100_s42_c0.0_p10000_voxels_farthestpose_i100_gteval_steps15000/stats/val_step14999.json,/home/ojab2/work/git/gsplat/results/vggt_outputs/bonsai_2_n100_s42_c0.0_p10000_voxels_farthestpose_i100_gteval_steps15000/stats/val_step14999.json,bonsai_2_n100_s42_c0.0_p10000_voxels_farthestpose_i100_gteval_steps15000,0.7215,0.105749,100,,,,/home/ojab2/work/git/vggt/vggt_outputs/bonsai_2_n100_s42_c0.0_p10000_voxels_farthestpose/eval_results.json,bonsai_2_n100_s42_c0.0_p10000_voxels_farthestpose,bonsai_2_n100_s42_c0.0_p10000_voxels_farthestpose_i100_gteval_steps15000_val_step14999.json,9447,vggt | voxels,10750.0
vggt,87,42,0.0,17400,voxels,,,,0,10,farthestpose,87,GT Eval,,,,,,,,,0.0,,vggt,lego,,,15000,15000,,MCMC,,,,,,,,,,,gsplat,20.58060073852539,0.0994957908987999,0.7752681374549866,1000000,0.00519891083240509,0.29696008563041687,0.08413699269294739,0.019796013832092285,0.6795110093590654,0.19410111382832335,16987,/home/ojab2/work/git/gsplat/results/vggt_outputs/lego_1_n87_s42_c0.0_p17400_voxels_farthestpose_i87_gteval_steps15000/stats/val_step14999.json,/home/ojab2/work/git/gsplat/results/vggt_outputs/lego_1_n87_s42_c0.0_p17400_voxels_farthestpose_i87_gteval_steps15000/stats/val_step14999.json,lego_1_n87_s42_c0.0_p17400_voxels_farthestpose_i87_gteval_steps15000,0.2976,0.018838,87,0.0478,0.0135,0.118,/home/ojab2/work/git/vggt/vggt_outputs/lego_1_n87_s42_c0.0_p17400_voxels_farthestpose/eval_results.json,lego_1_n87_s42_c0.0_p17400_voxels_farthestpose,lego_1_n87_s42_c0.0_p17400_voxels_farthestpose_i87_gteval_steps15000_val_step14999.json,16987,vggt | voxels,18705.0
vggt,100,42,0.0,20000,voxels,,,,0,10,farthestpose,100,GT Eval,,,,,,,,,0.0,,vggt,bicycle,,,15000,15000,,MCMC,,,,,,,,,,,gsplat,17.762632369995117,0.5180127024650574,0.2943577170372009,1000000,0.015081527642905712,0.7160571217536926,,,0.08774847338306513,0.45825905003242023,19616,/home/ojab2/work/git/gsplat/results/vggt_outputs/bicycle_4_n100_s42_c0.0_p20000_voxels_farthestpose_i100_gteval_steps15000/stats/val_step14999.json,/home/ojab2/work/git/gsplat/results/vggt_outputs/bicycle_4_n100_s42_c0.0_p20000_voxels_farthestpose_i100_gteval_steps15000/stats/val_step14999.json,bicycle_4_n100_s42_c0.0_p20000_voxels_farthestpose_i100_gteval_steps15000,0.7161,0.065623,100,,,,/home/ojab2/work/git/vggt/vggt_outputs/bicycle_4_n100_s42_c0.0_p20000_voxels_farthestpose/eval_results.json,bicycle_4_n100_s42_c0.0_p20000_voxels_farthestpose,bicycle_4_n100_s42_c0.0_p20000_voxels_farthestpose_i100_gteval_steps15000_val_step14999.json,19616,vggt | voxels,21500.0
vggt,100,42,0.0,20000,voxels,,,,0,10,farthestpose,100,GT Eval,,,,,,,,,0.0,,vggt,bonsai,,,15000,15000,,MCMC,,,,,,,,,,,gsplat,17.81175422668457,0.4552098512649536,0.5879702568054199,1000000,0.024335382506251335,0.7215033173561096,,,0.29912856912519964,0.3712187647599705,19629,/home/ojab2/work/git/gsplat/results/vggt_outputs/bonsai_2_n100_s42_c0.0_p20000_voxels_farthestpose_i100_gteval_steps15000/stats/val_step14999.json,/home/ojab2/work/git/gsplat/results/vggt_outputs/bonsai_2_n100_s42_c0.0_p20000_voxels_farthestpose_i100_gteval_steps15000/stats/val_step14999.json,bonsai_2_n100_s42_c0.0_p20000_voxels_farthestpose_i100_gteval_steps15000,0.7215,0.105749,100,,,,/home/ojab2/work/git/vggt/vggt_outputs/bonsai_2_n100_s42_c0.0_p20000_voxels_farthestpose/eval_results.json,bonsai_2_n100_s42_c0.0_p20000_voxels_farthestpose,bonsai_2_n100_s42_c0.0_p20000_voxels_farthestpose_i100_gteval_steps15000_val_step14999.json,19629,vggt | voxels,21500.0
vggt,87,42,0.0,26100,voxels,,,,0,10,farthestpose,87,GT Eval,,,,,,,,,0.0,,vggt,lego,,,15000,15000,,MCMC,,,,,,,,,,,gsplat,20.503889083862305,0.0981697216629982,0.7732874155044556,1000000,0.00519891083240509,0.29696008563041687,0.08414479345083237,0.019788673147559166,0.6777506674881334,0.19440590100192282,25832,/home/ojab2/work/git/gsplat/results/vggt_outputs/lego_1_n87_s42_c0.0_p26100_voxels_farthestpose_i87_gteval_steps15000/stats/val_step14999.json,/home/ojab2/work/git/gsplat/results/vggt_outputs/lego_1_n87_s42_c0.0_p26100_voxels_farthestpose_i87_gteval_steps15000/stats/val_step14999.json,lego_1_n87_s42_c0.0_p26100_voxels_farthestpose_i87_gteval_steps15000,0.2976,0.018838,87,0.0478,0.0135,0.118,/home/ojab2/work/git/vggt/vggt_outputs/lego_1_n87_s42_c0.0_p26100_voxels_farthestpose/eval_results.json,lego_1_n87_s42_c0.0_p26100_voxels_farthestpose,lego_1_n87_s42_c0.0_p26100_voxels_farthestpose_i87_gteval_steps15000_val_step14999.json,25832,vggt | voxels,28057.5
vggt,100,42,0.0,30000,voxels,,,,0,10,farthestpose,100,GT Eval,,,,,,,,,0.0,,vggt,bicycle,,,15000,15000,,MCMC,,,,,,,,,,,gsplat,17.71851921081543,0.5034853219985962,0.2900615632534027,1000000,0.015081527642905712,0.7160570621490479,,,0.0933867112005431,0.45432464718458654,29913,/home/ojab2/work/git/gsplat/results/vggt_outputs/bicycle_4_n100_s42_c0.0_p30000_voxels_farthestpose_i100_gteval_steps15000/stats/val_step14999.json,/home/ojab2/work/git/gsplat/results/vggt_outputs/bicycle_4_n100_s42_c0.0_p30000_voxels_farthestpose_i100_gteval_steps15000/stats/val_step14999.json,bicycle_4_n100_s42_c0.0_p30000_voxels_farthestpose_i100_gteval_steps15000,0.7161,0.065623,100,,,,/home/ojab2/work/git/vggt/vggt_outputs/bicycle_4_n100_s42_c0.0_p30000_voxels_farthestpose/eval_results.json,bicycle_4_n100_s42_c0.0_p30000_voxels_farthestpose,bicycle_4_n100_s42_c0.0_p30000_voxels_farthestpose_i100_gteval_steps15000_val_step14999.json,29913,vggt | voxels,32250.0
vggt,100,42,0.0,30000,voxels,,,,0,10,farthestpose,100,GT Eval,,,,,,,,,0.0,,vggt,bonsai,,,15000,15000,,MCMC,,,,,,,,,,,gsplat,17.809328079223633,0.4483852982521057,0.5862211585044861,1000000,0.024335382506251335,0.7215033173561096,,,0.30227346301001334,0.369400665023745,29730,/home/ojab2/work/git/gsplat/results/vggt_outputs/bonsai_2_n100_s42_c0.0_p30000_voxels_farthestpose_i100_gteval_steps15000/stats/val_step14999.json,/home/ojab2/work/git/gsplat/results/vggt_outputs/bonsai_2_n100_s42_c0.0_p30000_voxels_farthestpose_i100_gteval_steps15000/stats/val_step14999.json,bonsai_2_n100_s42_c0.0_p30000_voxels_farthestpose_i100_gteval_steps15000,0.7215,0.105749,100,,,,/home/ojab2/work/git/vggt/vggt_outputs/bonsai_2_n100_s42_c0.0_p30000_voxels_farthestpose/eval_results.json,bonsai_2_n100_s42_c0.0_p30000_voxels_farthestpose,bonsai_2_n100_s42_c0.0_p30000_voxels_farthestpose_i100_gteval_steps15000_val_step14999.json,29730,vggt | voxels,32250.0
vggt,87,42,0.0,43500,voxels,,,,0,10,farthestpose,87,GT Eval,,,,,,,,,0.0,,vggt,lego,,,15000,15000,,MCMC,,,,,,,,,,,gsplat,20.54008674621582,0.09730445593595505,0.7736892104148865,1000000,0.00519891083240509,0.2969597578048706,0.08405923843383789,0.019765770062804222,0.6791900769989547,0.1939521382058559,42004,/home/ojab2/work/git/gsplat/results/vggt_outputs/lego_1_n87_s42_c0.0_p43500_voxels_farthestpose_i87_gteval_steps15000/stats/val_step14999.json,/home/ojab2/work/git/gsplat/results/vggt_outputs/lego_1_n87_s42_c0.0_p43500_voxels_farthestpose_i87_gteval_steps15000/stats/val_step14999.json,lego_1_n87_s42_c0.0_p43500_voxels_farthestpose_i87_gteval_steps15000,0.2976,0.018838,87,0.0478,0.0135,0.118,/home/ojab2/work/git/vggt/vggt_outputs/lego_1_n87_s42_c0.0_p43500_voxels_farthestpose/eval_results.json,lego_1_n87_s42_c0.0_p43500_voxels_farthestpose,lego_1_n87_s42_c0.0_p43500_voxels_farthestpose_i87_gteval_steps15000_val_step14999.json,42004,vggt | voxels,46762.5
vggt,100,42,0.0,50000,voxels,,,,0,10,farthestpose,100,GT Eval,,,,,,,,,0.0,,vggt,bicycle,,,15000,15000,,MCMC,,,,,,,,,,,gsplat,17.71558952331543,0.49058446288108826,0.2859232723712921,1000000,0.015081527642905712,0.7160570621490479,,,0.09887589786330009,0.4508455518989498,48986,/home/ojab2/work/git/gsplat/results/vggt_outputs/bicycle_4_n100_s42_c0.0_p50000_voxels_farthestpose_i100_gteval_steps15000/stats/val_step14999.json,/home/ojab2/work/git/gsplat/results/vggt_outputs/bicycle_4_n100_s42_c0.0_p50000_voxels_farthestpose_i100_gteval_steps15000/stats/val_step14999.json,bicycle_4_n100_s42_c0.0_p50000_voxels_farthestpose_i100_gteval_steps15000,0.7161,0.065623,100,,,,/home/ojab2/work/git/vggt/vggt_outputs/bicycle_4_n100_s42_c0.0_p50000_voxels_farthestpose/eval_results.json,bicycle_4_n100_s42_c0.0_p50000_voxels_farthestpose,bicycle_4_n100_s42_c0.0_p50000_voxels_farthestpose_i100_gteval_steps15000_val_step14999.json,48986,vggt | voxels,53750.0
vggt,100,42,0.0,50000,voxels,,,,0,10,farthestpose,100,GT Eval,,,,,,,,,0.0,,vggt,bonsai,,,15000,15000,,MCMC,,,,,,,,,,,gsplat,17.758358001708984,0.4413530230522156,0.583223283290863,1000000,0.024335382506251335,0.7215033173561096,,,0.3039173399031046,0.36789708294614076,48798,/home/ojab2/work/git/gsplat/results/vggt_outputs/bonsai_2_n100_s42_c0.0_p50000_voxels_farthestpose_i100_gteval_steps15000/stats/val_step14999.json,/home/ojab2/work/git/gsplat/results/vggt_outputs/bonsai_2_n100_s42_c0.0_p50000_voxels_farthestpose_i100_gteval_steps15000/stats/val_step14999.json,bonsai_2_n100_s42_c0.0_p50000_voxels_farthestpose_i100_gteval_steps15000,0.7215,0.105749,100,,,,/home/ojab2/work/git/vggt/vggt_outputs/bonsai_2_n100_s42_c0.0_p50000_voxels_farthestpose/eval_results.json,bonsai_2_n100_s42_c0.0_p50000_voxels_farthestpose,bonsai_2_n100_s42_c0.0_p50000_voxels_farthestpose_i100_gteval_steps15000_val_step14999.json,48798,vggt | voxels,53750.0
vggt,87,42,0.0,65250,voxels,,,,0,10,farthestpose,87,GT Eval,,,,,,,,,0.0,,vggt,lego,,,15000,15000,,MCMC,,,,,,,,,,,gsplat,20.584272384643555,0.09516170620918274,0.7738458514213562,1000000,0.00519891083240509,0.2969593107700348,0.08367902785539627,0.019675040617585182,0.6814226175067174,0.19315320427521324,64372,/home/ojab2/work/git/gsplat/results/vggt_outputs/lego_1_n87_s42_c0.0_p65250_voxels_farthestpose_i87_gteval_steps15000/stats/val_step14999.json,/home/ojab2/work/git/gsplat/results/vggt_outputs/lego_1_n87_s42_c0.0_p65250_voxels_farthestpose_i87_gteval_steps15000/stats/val_step14999.json,lego_1_n87_s42_c0.0_p65250_voxels_farthestpose_i87_gteval_steps15000,0.2976,0.018838,87,0.0478,0.0135,0.118,/home/ojab2/work/git/vggt/vggt_outputs/lego_1_n87_s42_c0.0_p65250_voxels_farthestpose/eval_results.json,lego_1_n87_s42_c0.0_p65250_voxels_farthestpose,lego_1_n87_s42_c0.0_p65250_voxels_farthestpose_i87_gteval_steps15000_val_step14999.json,64372,vggt | voxels,70143.75
vggt,100,42,0.0,75000,voxels,,,,0,10,farthestpose,100,GT Eval,,,,,,,,,0.0,,vggt,bicycle,,,15000,15000,,MCMC,,,,,,,,,,,gsplat,17.672155380249023,0.4788699150085449,0.2811574637889862,1000000,0.015081527642905712,0.7160570621490479,,,0.1025157417082957,0.44793580152157153,74111,/home/ojab2/work/git/gsplat/results/vggt_outputs/bicycle_4_n100_s42_c0.0_p75000_voxels_farthestpose_i100_gteval_steps15000/stats/val_step14999.json,/home/ojab2/work/git/gsplat/results/vggt_outputs/bicycle_4_n100_s42_c0.0_p75000_voxels_farthestpose_i100_gteval_steps15000/stats/val_step14999.json,bicycle_4_n100_s42_c0.0_p75000_voxels_farthestpose_i100_gteval_steps15000,0.7161,0.065623,100,,,,/home/ojab2/work/git/vggt/vggt_outputs/bicycle_4_n100_s42_c0.0_p75000_voxels_farthestpose/eval_results.json,bicycle_4_n100_s42_c0.0_p75000_voxels_farthestpose,bicycle_4_n100_s42_c0.0_p75000_voxels_farthestpose_i100_gteval_steps15000_val_step14999.json,74111,vggt | voxels,80625.0
vggt,100,42,0.0,75000,voxels,,,,0,10,farthestpose,100,GT Eval,,,,,,,,,0.0,,vggt,bonsai,,,15000,15000,,MCMC,,,,,,,,,,,gsplat,17.74480438232422,0.43624404072761536,0.5803236961364746,1000000,0.024335382506251335,0.7215033173561096,,,0.30512437474193166,0.3669588205876984,74288,/home/ojab2/work/git/gsplat/results/vggt_outputs/bonsai_2_n100_s42_c0.0_p75000_voxels_farthestpose_i100_gteval_steps15000/stats/val_step14999.json,/home/ojab2/work/git/gsplat/results/vggt_outputs/bonsai_2_n100_s42_c0.0_p75000_voxels_farthestpose_i100_gteval_steps15000/stats/val_step14999.json,bonsai_2_n100_s42_c0.0_p75000_voxels_farthestpose_i100_gteval_steps15000,0.7215,0.105749,100,,,,/home/ojab2/work/git/vggt/vggt_outputs/bonsai_2_n100_s42_c0.0_p75000_voxels_farthestpose/eval_results.json,bonsai_2_n100_s42_c0.0_p75000_voxels_farthestpose,bonsai_2_n100_s42_c0.0_p75000_voxels_farthestpose_i100_gteval_steps15000_val_step14999.json,74288,vggt | voxels,80625.0
vggt,87,42,0.0,87000,voxels,,,,0,10,farthestpose,87,GT Eval,,,,,,,,,0.0,,vggt,lego,,,15000,15000,,MCMC,,,,,,,,,,,gsplat,20.561214447021484,0.09585598111152649,0.7731336951255798,1000000,0.00519891083240509,0.29695895314216614,0.08374326676130295,0.01968727447092533,0.6801505882372867,0.1936495310108875,86657,/home/ojab2/work/git/gsplat/results/vggt_outputs/lego_1_n87_s42_c0.0_p87000_voxels_farthestpose_i87_gteval_steps15000/stats/val_step14999.json,/home/ojab2/work/git/gsplat/results/vggt_outputs/lego_1_n87_s42_c0.0_p87000_voxels_farthestpose_i87_gteval_steps15000/stats/val_step14999.json,lego_1_n87_s42_c0.0_p87000_voxels_farthestpose_i87_gteval_steps15000,0.2976,0.018838,87,0.0478,0.0135,0.118,/home/ojab2/work/git/vggt/vggt_outputs/lego_1_n87_s42_c0.0_p87000_voxels_farthestpose/eval_results.json,lego_1_n87_s42_c0.0_p87000_voxels_farthestpose,lego_1_n87_s42_c0.0_p87000_voxels_farthestpose_i87_gteval_steps15000_val_step14999.json,86657,vggt | voxels,93525.0
vggt,100,42,0.0,100000,voxels,,,,0,10,farthestpose,100,GT Eval,,,,,,,,,0.0,,vggt,bicycle,,,15000,15000,,MCMC,,,,,,,,,,,gsplat,17.701284408569336,0.4775100648403168,0.27940016984939575,1000000,0.015081527642905712,0.7160570621490479,,,0.10286692456814901,0.44778966558831945,99373,/home/ojab2/work/git/gsplat/results/vggt_outputs/bicycle_4_n100_s42_c0.0_p100000_voxels_farthestpose_i100_gteval_steps15000/stats/val_step14999.json,/home/ojab2/work/git/gsplat/results/vggt_outputs/bicycle_4_n100_s42_c0.0_p100000_voxels_farthestpose_i100_gteval_steps15000/stats/val_step14999.json,bicycle_4_n100_s42_c0.0_p100000_voxels_farthestpose_i100_gteval_steps15000,0.7161,0.065623,100,,,,/home/ojab2/work/git/vggt/vggt_outputs/bicycle_4_n100_s42_c0.0_p100000_voxels_farthestpose/eval_results.json,bicycle_4_n100_s42_c0.0_p100000_voxels_farthestpose,bicycle_4_n100_s42_c0.0_p100000_voxels_farthestpose_i100_gteval_steps15000_val_step14999.json,99373,vggt | voxels,107500.0
vggt,100,42,0.0,100000,voxels,,,,0,10,farthestpose,100,GT Eval,,,,,,,,,0.0,,vggt,bonsai,,,15000,15000,,MCMC,,,,,,,,,,,gsplat,17.696062088012695,0.43298473954200745,0.5782884359359741,1000000,0.024335382506251335,0.7215033173561096,,,0.30504344333062466,0.36645860309161843,99753,/home/ojab2/work/git/gsplat/results/vggt_outputs/bonsai_2_n100_s42_c0.0_p100000_voxels_farthestpose_i100_gteval_steps15000/stats/val_step14999.json,/home/ojab2/work/git/gsplat/results/vggt_outputs/bonsai_2_n100_s42_c0.0_p100000_voxels_farthestpose_i100_gteval_steps15000/stats/val_step14999.json,bonsai_2_n100_s42_c0.0_p100000_voxels_farthestpose_i100_gteval_steps15000,0.7215,0.105749,100,,,,/home/ojab2/work/git/vggt/vggt_outputs/bonsai_2_n100_s42_c0.0_p100000_voxels_farthestpose/eval_results.json,bonsai_2_n100_s42_c0.0_p100000_voxels_farthestpose,bonsai_2_n100_s42_c0.0_p100000_voxels_farthestpose_i100_gteval_steps15000_val_step14999.json,99753,vggt | voxels,107500.0
vggt,87,42,0.0,217500,voxels,,,,0,10,farthestpose,87,GT Eval,,,,,,,,,0.0,,vggt,lego,,,15000,15000,,MCMC,,,,,,,,,,,gsplat,20.530048370361328,0.09463634341955185,0.7728222608566284,1000000,0.00519891083240509,0.29695606231689453,0.08388520777225494,0.019718188792467117,0.6801441761388493,0.19337302025254444,210628,/home/ojab2/work/git/gsplat/results/vggt_outputs/lego_1_n87_s42_c0.0_p217500_voxels_farthestpose_i87_gteval_steps15000/stats/val_step14999.json,/home/ojab2/work/git/gsplat/results/vggt_outputs/lego_1_n87_s42_c0.0_p217500_voxels_farthestpose_i87_gteval_steps15000/stats/val_step14999.json,lego_1_n87_s42_c0.0_p217500_voxels_farthestpose_i87_gteval_steps15000,0.2976,0.018838,87,0.0478,0.0135,0.118,/home/ojab2/work/git/vggt/vggt_outputs/lego_1_n87_s42_c0.0_p217500_voxels_farthestpose/eval_results.json,lego_1_n87_s42_c0.0_p217500_voxels_farthestpose,lego_1_n87_s42_c0.0_p217500_voxels_farthestpose_i87_gteval_steps15000_val_step14999.json,210628,vggt | voxels,233812.5
vggt,100,42,0.0,250000,voxels,,,,0,10,farthestpose,100,GT Eval,,,,,,,,,0.0,,vggt,bicycle,,,15000,15000,,MCMC,,,,,,,,,,,gsplat,17.653547286987305,0.4606269598007202,0.26951372623443604,1000000,0.015081527642905712,0.7160570025444031,,,0.1066230276019795,0.4441589716666289,247987,/home/ojab2/work/git/gsplat/results/vggt_outputs/bicycle_4_n100_s42_c0.0_p250000_voxels_farthestpose_i100_gteval_steps15000/stats/val_step14999.json,/home/ojab2/work/git/gsplat/results/vggt_outputs/bicycle_4_n100_s42_c0.0_p250000_voxels_farthestpose_i100_gteval_steps15000/stats/val_step14999.json,bicycle_4_n100_s42_c0.0_p250000_voxels_farthestpose_i100_gteval_steps15000,0.7161,0.065623,100,,,,/home/ojab2/work/git/vggt/vggt_outputs/bicycle_4_n100_s42_c0.0_p250000_voxels_farthestpose/eval_results.json,bicycle_4_n100_s42_c0.0_p250000_voxels_farthestpose,bicycle_4_n100_s42_c0.0_p250000_voxels_farthestpose_i100_gteval_steps15000_val_step14999.json,247987,vggt | voxels,268750.0
vggt,100,42,0.0,250000,voxels,,,,0,10,farthestpose,100,GT Eval,,,,,,,,,0.0,,vggt,bonsai,,,15000,15000,,MCMC,,,,,,,,,,,gsplat,17.64324378967285,0.4249444603919983,0.5720645189285278,1000000,0.024335382506251335,0.7215033173561096,,,0.3053887444242709,0.365439355865157,249299,/home/ojab2/work/git/gsplat/results/vggt_outputs/bonsai_2_n100_s42_c0.0_p250000_voxels_farthestpose_i100_gteval_steps15000/stats/val_step14999.json,/home/ojab2/work/git/gsplat/results/vggt_outputs/bonsai_2_n100_s42_c0.0_p250000_voxels_farthestpose_i100_gteval_steps15000/stats/val_step14999.json,bonsai_2_n100_s42_c0.0_p250000_voxels_farthestpose_i100_gteval_steps15000,0.7215,0.105749,100,,,,/home/ojab2/work/git/vggt/vggt_outputs/bonsai_2_n100_s42_c0.0_p250000_voxels_farthestpose/eval_results.json,bonsai_2_n100_s42_c0.0_p250000_voxels_farthestpose,bonsai_2_n100_s42_c0.0_p250000_voxels_farthestpose_i100_gteval_steps15000_val_step14999.json,249299,vggt | voxels,268750.0
vggt,87,42,0.0,435000,voxels,,,,0,10,farthestpose,87,GT Eval,,,,,,,,,0.0,,vggt,lego,,,15000,15000,,MCMC,,,,,,,,,,,gsplat,20.573318481445312,0.09295640140771866,0.7737110257148743,1000000,0.00519891083240509,0.2969556748867035,0.08382173627614975,0.019704893231391907,0.6825022212652666,0.19247270593196775,385832,/home/ojab2/work/git/gsplat/results/vggt_outputs/lego_1_n87_s42_c0.0_p435000_voxels_farthestpose_i87_gteval_steps15000/stats/val_step14999.json,/home/ojab2/work/git/gsplat/results/vggt_outputs/lego_1_n87_s42_c0.0_p435000_voxels_farthestpose_i87_gteval_steps15000/stats/val_step14999.json,lego_1_n87_s42_c0.0_p435000_voxels_farthestpose_i87_gteval_steps15000,0.2976,0.018838,87,0.0478,0.0135,0.118,/home/ojab2/work/git/vggt/vggt_outputs/lego_1_n87_s42_c0.0_p435000_voxels_farthestpose/eval_results.json,lego_1_n87_s42_c0.0_p435000_voxels_farthestpose,lego_1_n87_s42_c0.0_p435000_voxels_farthestpose_i87_gteval_steps15000_val_step14999.json,385832,vggt | voxels,467625.0
vggt,100,42,0.0,500000,voxels,,,,0,10,farthestpose,100,GT Eval,,,,,,,,,0.0,,vggt,bicycle,,,15000,15000,,MCMC,,,,,,,,,,,gsplat,17.65646743774414,0.4586644172668457,0.2626705467700958,1000000,0.015081527642905712,0.7160571217536926,,,0.1038866911405399,0.4448322791138353,453587,/home/ojab2/work/git/gsplat/results/vggt_outputs/bicycle_4_n100_s42_c0.0_p500000_voxels_farthestpose_i100_gteval_steps15000/stats/val_step14999.json,/home/ojab2/work/git/gsplat/results/vggt_outputs/bicycle_4_n100_s42_c0.0_p500000_voxels_farthestpose_i100_gteval_steps15000/stats/val_step14999.json,bicycle_4_n100_s42_c0.0_p500000_voxels_farthestpose_i100_gteval_steps15000,0.7161,0.065623,100,,,,/home/ojab2/work/git/vggt/vggt_outputs/bicycle_4_n100_s42_c0.0_p500000_voxels_farthestpose/eval_results.json,bicycle_4_n100_s42_c0.0_p500000_voxels_farthestpose,bicycle_4_n100_s42_c0.0_p500000_voxels_farthestpose_i100_gteval_steps15000_val_step14999.json,453587,vggt | voxels,537500.0
vggt,100,42,0.0,500000,voxels,,,,0,10,farthestpose,100,GT Eval,,,,,,,,,0.0,,vggt,bonsai,,,15000,15000,,MCMC,,,,,,,,,,,gsplat,17.621179580688477,0.4225020706653595,0.5687911510467529,1000000,0.024335382506251335,0.7215033173561096,,,0.30457354571774375,0.36548682692552587,490211,/home/ojab2/work/git/gsplat/results/vggt_outputs/bonsai_2_n100_s42_c0.0_p500000_voxels_farthestpose_i100_gteval_steps15000/stats/val_step14999.json,/home/ojab2/work/git/gsplat/results/vggt_outputs/bonsai_2_n100_s42_c0.0_p500000_voxels_farthestpose_i100_gteval_steps15000/stats/val_step14999.json,bonsai_2_n100_s42_c0.0_p500000_voxels_farthestpose_i100_gteval_steps15000,0.7215,0.105749,100,,,,/home/ojab2/work/git/vggt/vggt_outputs/bonsai_2_n100_s42_c0.0_p500000_voxels_farthestpose/eval_results.json,bonsai_2_n100_s42_c0.0_p500000_voxels_farthestpose,bonsai_2_n100_s42_c0.0_p500000_voxels_farthestpose_i100_gteval_steps15000_val_step14999.json,490211,vggt | voxels,537500.0
vggt,87,42,0.0,870000,voxels,,,,0,10,farthestpose,87,GT Eval,,,,,,,,,0.0,,vggt,lego,,,15000,15000,,MCMC,,,,,,,,,,,gsplat,20.55267333984375,0.09211361408233643,0.7727274298667908,1000000,0.00519891083240509,0.29695138335227966,0.0840948149561882,0.019767438992857933,0.6820649406676016,0.1925499369723064,706364,/home/ojab2/work/git/gsplat/results/vggt_outputs/lego_1_n87_s42_c0.0_p870000_voxels_farthestpose_i87_gteval_steps15000/stats/val_step14999.json,/home/ojab2/work/git/gsplat/results/vggt_outputs/lego_1_n87_s42_c0.0_p870000_voxels_farthestpose_i87_gteval_steps15000/stats/val_step14999.json,lego_1_n87_s42_c0.0_p870000_voxels_farthestpose_i87_gteval_steps15000,0.2976,0.018838,87,0.0478,0.0135,0.118,/home/ojab2/work/git/vggt/vggt_outputs/lego_1_n87_s42_c0.0_p870000_voxels_farthestpose/eval_results.json,lego_1_n87_s42_c0.0_p870000_voxels_farthestpose,lego_1_n87_s42_c0.0_p870000_voxels_farthestpose_i87_gteval_steps15000_val_step14999.json,706364,vggt | voxels,935250.0
vggt,100,42,0.0,1000000,voxels,,,,0,10,farthestpose,100,GT Eval,,,,,,,,,0.0,,vggt,bicycle,,,15000,15000,,MCMC,,,,,,,,,,,gsplat,17.626007080078125,0.4595857858657837,0.255382776260376,1000000,0.015081527642905712,0.7160571813583374,,,0.09849201029504251,0.44659069991990213,864636,/home/ojab2/work/git/gsplat/results/vggt_outputs/bicycle_4_n100_s42_c0.0_p1000000_voxels_farthestpose_i100_gteval_steps15000/stats/val_step14999.json,/home/ojab2/work/git/gsplat/results/vggt_outputs/bicycle_4_n100_s42_c0.0_p1000000_voxels_farthestpose_i100_gteval_steps15000/stats/val_step14999.json,bicycle_4_n100_s42_c0.0_p1000000_voxels_farthestpose_i100_gteval_steps15000,0.7161,0.065623,100,,,,/home/ojab2/work/git/vggt/vggt_outputs/bicycle_4_n100_s42_c0.0_p1000000_voxels_farthestpose/eval_results.json,bicycle_4_n100_s42_c0.0_p1000000_voxels_farthestpose,bicycle_4_n100_s42_c0.0_p1000000_voxels_farthestpose_i100_gteval_steps15000_val_step14999.json,864636,vggt | voxels,1075000.0
vggt,100,42,0.0,1000000,voxels,,,,0,10,farthestpose,100,GT Eval,,,,,,,,,0.0,,vggt,bonsai,,,15000,15000,,MCMC,,,,,,,,,,,gsplat,17.607959747314453,0.42158353328704834,0.5656386017799377,1000000,0.024335382506251335,0.7215033769607544,,,0.3030521363078037,0.3659969058942106,798462,/home/ojab2/work/git/gsplat/results/vggt_outputs/bonsai_2_n100_s42_c0.0_p1000000_voxels_farthestpose_i100_gteval_steps15000/stats/val_step14999.json,/home/ojab2/work/git/gsplat/results/vggt_outputs/bonsai_2_n100_s42_c0.0_p1000000_voxels_farthestpose_i100_gteval_steps15000/stats/val_step14999.json,bonsai_2_n100_s42_c0.0_p1000000_voxels_farthestpose_i100_gteval_steps15000,0.7215,0.105749,100,,,,/home/ojab2/work/git/vggt/vggt_outputs/bonsai_2_n100_s42_c0.0_p1000000_voxels_farthestpose/eval_results.json,bonsai_2_n100_s42_c0.0_p1000000_voxels_farthestpose,bonsai_2_n100_s42_c0.0_p1000000_voxels_farthestpose_i100_gteval_steps15000_val_step14999.json,798462,vggt | voxels,1075000.0
colmap,87,42,,10069,,,,,0,10,farthestpose,87,GT Eval,,,,,,,,,0.0,,colmap,lego,pinhole,,15000,15000,default,MCMC,,,,,Shared Cam,,,,,,gsplat,24.951248168945312,0.057750023901462555,0.8941664099693298,1000000,0.11273074895143509,10.430866241455078,0.018897393718361855,0.01987577974796295,0.8557490702280368,0.12875624974605693,10069,/home/ojab2/work/git/gsplat/results/colmap_outputs/lego_1_n87_s42_default_mpinhole_farthestpose_sharedcam_i87_gteval_steps15000/stats/val_step14999.json,/home/ojab2/work/git/gsplat/results/colmap_outputs/lego_1_n87_s42_default_mpinhole_farthestpose_sharedcam_i87_gteval_steps15000/stats/val_step14999.json,lego_1_n87_s42_default_mpinhole_farthestpose_sharedcam_i87_gteval_steps15000,10.4269,0.396164,87,,,,/home/ojab2/work/git/vggt/colmap_outputs/lego_1_n87_s42_default_mpinhole_farthestpose_sharedcam/eval_results.json,lego_1_n87_s42_default_mpinhole_farthestpose_sharedcam,lego_1_n87_s42_default_mpinhole_farthestpose_sharedcam_i87_gteval_steps15000_val_step14999.json,10069,colmap | ,11327.625
colmap,100,42,,17352,,,,,0,10,farthestpose,100,GT Eval,,,,,,,,,0.0,,colmap,bicycle,,,15000,15000,default,MCMC,,,,,Shared Cam,,,,,,gsplat,21.33245086669922,0.36376556754112244,0.4795043170452118,1000000,0.0017129764892160892,0.09855562448501587,,,0.3573433696410345,0.364192450848629,17352,/home/ojab2/work/git/gsplat/results/colmap_outputs/bicycle_4_n100_s42_default_farthestpose_sharedcam_i100_gteval_steps15000/stats/val_step14999.json,/home/ojab2/work/git/gsplat/results/colmap_outputs/bicycle_4_n100_s42_default_farthestpose_sharedcam_i100_gteval_steps15000/stats/val_step14999.json,bicycle_4_n100_s42_default_farthestpose_sharedcam_i100_gteval_steps15000,0.0986,0.006893,100,,,,/home/ojab2/work/git/vggt/colmap_outputs/bicycle_4_n100_s42_default_farthestpose_sharedcam/eval_results.json,bicycle_4_n100_s42_default_farthestpose_sharedcam,bicycle_4_n100_s42_default_farthestpose_sharedcam_i100_gteval_steps15000_val_step14999.json,17352,colmap | ,19521.0
colmap,100,42,,80892,,,,,0,10,farthestpose,100,GT Eval,,,,,,,,,0.0,,colmap,bonsai,,,15000,15000,default,MCMC,,,,,Shared Cam,,,,,,gsplat,22.422779083251953,0.20355287194252014,0.6968405842781067,1000000,0.003077009692788124,0.1581190675497055,,,0.6035285908886177,0.2532921035199582,80892,/home/ojab2/work/git/gsplat/results/colmap_outputs/bonsai_2_n100_s42_default_farthestpose_sharedcam_i100_gteval_steps15000/stats/val_step14999.json,/home/ojab2/work/git/gsplat/results/colmap_outputs/bonsai_2_n100_s42_default_farthestpose_sharedcam_i100_gteval_steps15000/stats/val_step14999.json,bonsai_2_n100_s42_default_farthestpose_sharedcam_i100_gteval_steps15000,0.1581,0.013152,100,,,,/home/ojab2/work/git/vggt/colmap_outputs/bonsai_2_n100_s42_default_farthestpose_sharedcam/eval_results.json,bonsai_2_n100_s42_default_farthestpose_sharedcam,bonsai_2_n100_s42_default_farthestpose_sharedcam_i100_gteval_steps15000_val_step14999.json,80892,colmap | ,91003.5
