method,num_images,seed,conf_thres_value,num_points,sampling_mode,near_filtering_strength,near_filtering_quorum,reconstruct_pose_opt,optimisation_iterations,optimisation_neighbourhood,image_mode,num_cameras,gt_eval,use_gt_extrinsics,use_gt_intrinsics,use_gt_points,pose_opt,run_mvs,pose_opt_module,eval_opt,depth_loss_mode,error_opa,depth_lambda,depth_conf_mode,depth_conf_shifted,loss_multiplier,pose_loss_multiplier,choice,dataset,camera_type,copy_mode,val_step,num_steps,colmap_mode,splatting_strategy,camera_src,pcd_src,align_mode,align_glue,shared_camera,keep_backup_cams,random_init,use_ba,feature_extractor,max_ba_iterations,source,series_label_override,dataset_collection,psnr,lpips,ssim,num_GS,eval_rte,eval_rre,depth_l1,depth_abs_rel,quality,avge,real_num_points,file_path,gsplat_file_path,folder,rre,rte,num_aligned,alignment_scale,pred_depth_l1,pred_depth_absrel,pred_depth_rmse,inference_time,peak_memory_mb,peak_memory_reserved_mb,processing_time,sfm_file_path,input_folder,output_folder,initial_points,gsplat_cfg_file_path,used_cache,cache_load_time,plot_series,num_points_jitter
vggt,100,42,,23313,ba,,,,0,10,minfarthestpose,100,GT Eval,,,,,False,,,,,0.0,,False,1.0,1.0,vggt,bonsai,radial,,15000,15000,,MCMC,,,,,Shared Cam,,,Use BA,aliked+sp,250,gsplat,,indoor,19.836795806884766,0.31888073682785034,0.6203422546386719,1000000,0.006302782334387302,0.49784496426582336,,,0.43971410635774055,0.31514247040382526,23313,/home/ojab2/work/git/gsplat/results/vggt_outputs/bonsai_2_n100_s42_mradial_aliked-sp_ba_minfarthestpose_useba_maxba250_sharedcam_i100_gteval_steps15000/stats/val_step14999.json,/home/ojab2/work/git/gsplat/results/vggt_outputs/bonsai_2_n100_s42_mradial_aliked-sp_ba_minfarthestpose_useba_maxba250_sharedcam_i100_gteval_steps15000/stats/val_step14999.json,bonsai_2_n100_s42_mradial_aliked-sp_ba_minfarthestpose_useba_maxba250_sharedcam_i100_gteval_steps15000,0.4978,0.026013,100,8.293748,,,,0.0,0,0,150.04613089561462,/home/ojab2/work/git/vggt/vggt_outputs/bonsai_2_n100_s42_mradial_aliked-sp_ba_minfarthestpose_useba_maxba250_sharedcam/eval_results.json,bonsai_2_n100_s42_mradial_aliked-sp_ba_minfarthestpose_useba_maxba250_sharedcam,bonsai_2_n100_s42_mradial_aliked-sp_ba_minfarthestpose_useba_maxba250_sharedcam_i100_gteval_steps15000_val_step14999.json,23313,,True,1.627924919128418,vggt | ba,20398.875
vggt,100,42,0.0,1000,confidence,,,,0,10,minfarthestpose,100,GT Eval,,,,,False,,,,,0.0,,False,1.0,1.0,vggt,bonsai,,,15000,15000,,MCMC,,,,,,,,,,,gsplat,,indoor,18.876129150390625,0.5203519463539124,0.6276289224624634,1000000,0.023722030222415924,0.7308065295219421,,,0.30182024819111963,0.3811758664257055,1000,/home/ojab2/work/git/gsplat/results/vggt_outputs/bonsai_2_n100_s42_c0.0_p1000_confidence_minfarthestpose_i100_gteval_steps15000/stats/val_step14999.json,/home/ojab2/work/git/gsplat/results/vggt_outputs/bonsai_2_n100_s42_c0.0_p1000_confidence_minfarthestpose_i100_gteval_steps15000/stats/val_step14999.json,bonsai_2_n100_s42_c0.0_p1000_confidence_minfarthestpose_i100_gteval_steps15000,0.7308,0.098078,100,7.817163,,,,0.0,0,0,2.812422037124634,/home/ojab2/work/git/vggt/vggt_outputs/bonsai_2_n100_s42_c0.0_p1000_confidence_minfarthestpose/eval_results.json,bonsai_2_n100_s42_c0.0_p1000_confidence_minfarthestpose,bonsai_2_n100_s42_c0.0_p1000_confidence_minfarthestpose_i100_gteval_steps15000_val_step14999.json,1000,,True,1.0751354694366455,vggt | confidence,925.0
vggt,100,42,0.0,5000,confidence,,,,0,10,minfarthestpose,100,GT Eval,,,,,False,,,,,0.0,,False,1.0,1.0,vggt,bonsai,,,15000,15000,,MCMC,,,,,,,,,,,gsplat,,indoor,18.782283782958984,0.4409349858760834,0.6141523718833923,1000000,0.023722030222415924,0.7308084964752197,,,0.34122416239577974,0.3584459279449537,5000,/home/ojab2/work/git/gsplat/results/vggt_outputs/bonsai_2_n100_s42_c0.0_p5000_confidence_minfarthestpose_i100_gteval_steps15000/stats/val_step14999.json,/home/ojab2/work/git/gsplat/results/vggt_outputs/bonsai_2_n100_s42_c0.0_p5000_confidence_minfarthestpose_i100_gteval_steps15000/stats/val_step14999.json,bonsai_2_n100_s42_c0.0_p5000_confidence_minfarthestpose_i100_gteval_steps15000,0.7308,0.098078,100,7.817163,,,,2.384185791015625e-07,0,0,2.5464656352996826,/home/ojab2/work/git/vggt/vggt_outputs/bonsai_2_n100_s42_c0.0_p5000_confidence_minfarthestpose/eval_results.json,bonsai_2_n100_s42_c0.0_p5000_confidence_minfarthestpose,bonsai_2_n100_s42_c0.0_p5000_confidence_minfarthestpose_i100_gteval_steps15000_val_step14999.json,5000,,True,0.7692127227783203,vggt | confidence,4625.0
vggt,100,42,0.0,10000,confidence,,,,0,10,minfarthestpose,100,GT Eval,,,,,False,,,,,0.0,,False,1.0,1.0,vggt,bonsai,,,15000,15000,,MCMC,,,,,,,,,,,gsplat,,indoor,18.746261596679688,0.4177006185054779,0.6098120808601379,1000000,0.023722030222415924,0.7308091521263123,,,0.3523611050677656,0.3518991847184567,10000,/home/ojab2/work/git/gsplat/results/vggt_outputs/bonsai_2_n100_s42_c0.0_p10000_confidence_minfarthestpose_i100_gteval_steps15000/stats/val_step14999.json,/home/ojab2/work/git/gsplat/results/vggt_outputs/bonsai_2_n100_s42_c0.0_p10000_confidence_minfarthestpose_i100_gteval_steps15000/stats/val_step14999.json,bonsai_2_n100_s42_c0.0_p10000_confidence_minfarthestpose_i100_gteval_steps15000,0.7308,0.098078,100,7.817163,,,,0.0,0,0,2.5440776348114014,/home/ojab2/work/git/vggt/vggt_outputs/bonsai_2_n100_s42_c0.0_p10000_confidence_minfarthestpose/eval_results.json,bonsai_2_n100_s42_c0.0_p10000_confidence_minfarthestpose,bonsai_2_n100_s42_c0.0_p10000_confidence_minfarthestpose_i100_gteval_steps15000_val_step14999.json,10000,,True,0.9270739555358887,vggt | confidence,9250.0
vggt,100,42,0.0,50000,confidence,,,,0,10,minfarthestpose,100,GT Eval,,,,,False,,,,,0.0,,False,1.0,1.0,vggt,bonsai,,,15000,15000,,MCMC,,,,,,,,,,,gsplat,,indoor,18.65011215209961,0.38171955943107605,0.5984364151954651,1000000,0.023722030222415924,0.7308088541030884,,,0.36613865402939255,0.3430184957121021,50000,/home/ojab2/work/git/gsplat/results/vggt_outputs/bonsai_2_n100_s42_c0.0_p50000_confidence_minfarthestpose_i100_gteval_steps15000/stats/val_step14999.json,/home/ojab2/work/git/gsplat/results/vggt_outputs/bonsai_2_n100_s42_c0.0_p50000_confidence_minfarthestpose_i100_gteval_steps15000/stats/val_step14999.json,bonsai_2_n100_s42_c0.0_p50000_confidence_minfarthestpose_i100_gteval_steps15000,0.7308,0.098078,100,7.817163,,,,2.384185791015625e-07,0,0,2.8524317741394043,/home/ojab2/work/git/vggt/vggt_outputs/bonsai_2_n100_s42_c0.0_p50000_confidence_minfarthestpose/eval_results.json,bonsai_2_n100_s42_c0.0_p50000_confidence_minfarthestpose,bonsai_2_n100_s42_c0.0_p50000_confidence_minfarthestpose_i100_gteval_steps15000_val_step14999.json,50000,,True,0.773667573928833,vggt | confidence,46250.0
vggt,100,42,0.0,100000,confidence,,,,0,10,minfarthestpose,100,GT Eval,,,,,False,,,,,0.0,,False,1.0,1.0,vggt,bonsai,,,15000,15000,,MCMC,,,,,,,,,,,gsplat,,indoor,18.66271209716797,0.37440311908721924,0.5955115556716919,1000000,0.023722030222415924,0.7308088541030884,,,0.3691778633794357,0.3413343755160203,100000,/home/ojab2/work/git/gsplat/results/vggt_outputs/bonsai_2_n100_s42_c0.0_p100000_confidence_minfarthestpose_i100_gteval_steps15000/stats/val_step14999.json,/home/ojab2/work/git/gsplat/results/vggt_outputs/bonsai_2_n100_s42_c0.0_p100000_confidence_minfarthestpose_i100_gteval_steps15000/stats/val_step14999.json,bonsai_2_n100_s42_c0.0_p100000_confidence_minfarthestpose_i100_gteval_steps15000,0.7308,0.098078,100,7.817163,,,,2.384185791015625e-07,0,0,3.221172571182251,/home/ojab2/work/git/vggt/vggt_outputs/bonsai_2_n100_s42_c0.0_p100000_confidence_minfarthestpose/eval_results.json,bonsai_2_n100_s42_c0.0_p100000_confidence_minfarthestpose,bonsai_2_n100_s42_c0.0_p100000_confidence_minfarthestpose_i100_gteval_steps15000_val_step14999.json,100000,,True,0.7660601139068604,vggt | confidence,92500.0
vggt,100,42,0.0,500000,confidence,,,,0,10,minfarthestpose,100,GT Eval,,,,,False,,,,,0.0,,False,1.0,1.0,vggt,bonsai,,,15000,15000,,MCMC,,,,,,,,,,,gsplat,,indoor,18.674161911010742,0.3715610206127167,0.5911532044410706,1000000,0.023722030222415924,0.7308090329170227,,,0.3685955353337809,0.34151414421669557,500000,/home/ojab2/work/git/gsplat/results/vggt_outputs/bonsai_2_n100_s42_c0.0_p500000_confidence_minfarthestpose_i100_gteval_steps15000/stats/val_step14999.json,/home/ojab2/work/git/gsplat/results/vggt_outputs/bonsai_2_n100_s42_c0.0_p500000_confidence_minfarthestpose_i100_gteval_steps15000/stats/val_step14999.json,bonsai_2_n100_s42_c0.0_p500000_confidence_minfarthestpose_i100_gteval_steps15000,0.7308,0.098078,100,7.817163,,,,0.0,0,0,6.446620464324951,/home/ojab2/work/git/vggt/vggt_outputs/bonsai_2_n100_s42_c0.0_p500000_confidence_minfarthestpose/eval_results.json,bonsai_2_n100_s42_c0.0_p500000_confidence_minfarthestpose,bonsai_2_n100_s42_c0.0_p500000_confidence_minfarthestpose_i100_gteval_steps15000_val_step14999.json,500000,,True,0.7811918258666992,vggt | confidence,462500.0
vggt,100,42,0.0,1000000,confidence,,,,0,10,minfarthestpose,100,GT Eval,,,,,False,,,,,0.0,,False,1.0,1.0,vggt,bonsai,,,15000,15000,,MCMC,,,,,,,,,,,gsplat,,indoor,18.684310913085938,0.37439167499542236,0.5911149978637695,1000000,0.023722030222415924,0.7308090329170227,,,0.3670138192688047,0.34245709592944884,1000000,/home/ojab2/work/git/gsplat/results/vggt_outputs/bonsai_2_n100_s42_c0.0_p1000000_confidence_minfarthestpose_i100_gteval_steps15000/stats/val_step14999.json,/home/ojab2/work/git/gsplat/results/vggt_outputs/bonsai_2_n100_s42_c0.0_p1000000_confidence_minfarthestpose_i100_gteval_steps15000/stats/val_step14999.json,bonsai_2_n100_s42_c0.0_p1000000_confidence_minfarthestpose_i100_gteval_steps15000,0.7308,0.098078,100,7.817163,,,,0.0,0,0,10.468301773071289,/home/ojab2/work/git/vggt/vggt_outputs/bonsai_2_n100_s42_c0.0_p1000000_confidence_minfarthestpose/eval_results.json,bonsai_2_n100_s42_c0.0_p1000000_confidence_minfarthestpose,bonsai_2_n100_s42_c0.0_p1000000_confidence_minfarthestpose_i100_gteval_steps15000_val_step14999.json,1000000,,True,0.9272911548614502,vggt | confidence,925000.0
vggt,100,42,0.0,1000,imagefps,,,,0,10,minfarthestpose,100,GT Eval,,,,,False,,,,,0.0,,False,1.0,1.0,vggt,bonsai,,,15000,15000,,MCMC,,,,,,,,,,,gsplat,,indoor,18.935312271118164,0.5219901204109192,0.6271079182624817,1000000,0.023722030222415924,0.7308099865913391,,,0.30160033253588564,0.381805731955561,1000,/home/ojab2/work/git/gsplat/results/vggt_outputs/bonsai_2_n100_s42_c0.0_p1000_imagefps_minfarthestpose_i100_gteval_steps15000/stats/val_step14999.json,/home/ojab2/work/git/gsplat/results/vggt_outputs/bonsai_2_n100_s42_c0.0_p1000_imagefps_minfarthestpose_i100_gteval_steps15000/stats/val_step14999.json,bonsai_2_n100_s42_c0.0_p1000_imagefps_minfarthestpose_i100_gteval_steps15000,0.7308,0.098078,100,7.817163,,,,0.0,0,0,2.6525774002075195,/home/ojab2/work/git/vggt/vggt_outputs/bonsai_2_n100_s42_c0.0_p1000_imagefps_minfarthestpose/eval_results.json,bonsai_2_n100_s42_c0.0_p1000_imagefps_minfarthestpose,bonsai_2_n100_s42_c0.0_p1000_imagefps_minfarthestpose_i100_gteval_steps15000_val_step14999.json,1000,/home/ojab2/work/git/gsplat/results/vggt_outputs/bonsai_2_n100_s42_c0.0_p1000_imagefps_minfarthestpose_i100_gteval_steps15000/stats/config.json,True,0.940467119216919,vggt | imagefps,975.0
vggt,100,42,0.0,5000,imagefps,,,,0,10,minfarthestpose,100,GT Eval,,,,,False,,,,,0.0,,False,1.0,1.0,vggt,bonsai,,,15000,15000,,MCMC,,,,,,,,,,,gsplat,,indoor,18.773334503173828,0.4516836702823639,0.6151878237724304,1000000,0.023722030222415924,0.7308099865913391,,,0.3350289720385938,0.3617599127310829,5000,/home/ojab2/work/git/gsplat/results/vggt_outputs/bonsai_2_n100_s42_c0.0_p5000_imagefps_minfarthestpose_i100_gteval_steps15000/stats/val_step14999.json,/home/ojab2/work/git/gsplat/results/vggt_outputs/bonsai_2_n100_s42_c0.0_p5000_imagefps_minfarthestpose_i100_gteval_steps15000/stats/val_step14999.json,bonsai_2_n100_s42_c0.0_p5000_imagefps_minfarthestpose_i100_gteval_steps15000,0.7308,0.098078,100,7.817163,,,,2.384185791015625e-07,0,0,3.519029140472412,/home/ojab2/work/git/vggt/vggt_outputs/bonsai_2_n100_s42_c0.0_p5000_imagefps_minfarthestpose/eval_results.json,bonsai_2_n100_s42_c0.0_p5000_imagefps_minfarthestpose,bonsai_2_n100_s42_c0.0_p5000_imagefps_minfarthestpose_i100_gteval_steps15000_val_step14999.json,5000,/home/ojab2/work/git/gsplat/results/vggt_outputs/bonsai_2_n100_s42_c0.0_p5000_imagefps_minfarthestpose_i100_gteval_steps15000/stats/config.json,True,0.7656471729278564,vggt | imagefps,4875.0
vggt,100,42,0.0,10000,imagefps,,,,0,10,minfarthestpose,100,GT Eval,,,,,False,,,,,0.0,,False,1.0,1.0,vggt,bonsai,,,15000,15000,,MCMC,,,,,,,,,,,gsplat,,indoor,18.74159812927246,0.4294964671134949,0.6105761528015137,1000000,0.023722030222415924,0.7308099865913391,,,0.3454401822272953,0.3556319475549894,10000,/home/ojab2/work/git/gsplat/results/vggt_outputs/bonsai_2_n100_s42_c0.0_p10000_imagefps_minfarthestpose_i100_gteval_steps15000/stats/val_step14999.json,/home/ojab2/work/git/gsplat/results/vggt_outputs/bonsai_2_n100_s42_c0.0_p10000_imagefps_minfarthestpose_i100_gteval_steps15000/stats/val_step14999.json,bonsai_2_n100_s42_c0.0_p10000_imagefps_minfarthestpose_i100_gteval_steps15000,0.7308,0.098078,100,7.817163,,,,0.0,0,0,4.8639891147613525,/home/ojab2/work/git/vggt/vggt_outputs/bonsai_2_n100_s42_c0.0_p10000_imagefps_minfarthestpose/eval_results.json,bonsai_2_n100_s42_c0.0_p10000_imagefps_minfarthestpose,bonsai_2_n100_s42_c0.0_p10000_imagefps_minfarthestpose_i100_gteval_steps15000_val_step14999.json,10000,/home/ojab2/work/git/gsplat/results/vggt_outputs/bonsai_2_n100_s42_c0.0_p10000_imagefps_minfarthestpose_i100_gteval_steps15000/stats/config.json,True,0.765918493270874,vggt | imagefps,9750.0
vggt,100,42,0.0,50000,imagefps,,,,0,10,minfarthestpose,100,GT Eval,,,,,False,,,,,0.0,,False,1.0,1.0,vggt,bonsai,,,15000,15000,,MCMC,,,,,,,,,,,gsplat,,indoor,18.615671157836914,0.3981151282787323,0.5980117917060852,1000000,0.023722030222415924,0.7308099865913391,,,0.35513181849839703,0.34863155033725507,50000,/home/ojab2/work/git/gsplat/results/vggt_outputs/bonsai_2_n100_s42_c0.0_p50000_imagefps_minfarthestpose_i100_gteval_steps15000/stats/val_step14999.json,/home/ojab2/work/git/gsplat/results/vggt_outputs/bonsai_2_n100_s42_c0.0_p50000_imagefps_minfarthestpose_i100_gteval_steps15000/stats/val_step14999.json,bonsai_2_n100_s42_c0.0_p50000_imagefps_minfarthestpose_i100_gteval_steps15000,0.7308,0.098078,100,7.817163,,,,0.0,0,0,13.771031618118286,/home/ojab2/work/git/vggt/vggt_outputs/bonsai_2_n100_s42_c0.0_p50000_imagefps_minfarthestpose/eval_results.json,bonsai_2_n100_s42_c0.0_p50000_imagefps_minfarthestpose,bonsai_2_n100_s42_c0.0_p50000_imagefps_minfarthestpose_i100_gteval_steps15000_val_step14999.json,50000,/home/ojab2/work/git/gsplat/results/vggt_outputs/bonsai_2_n100_s42_c0.0_p50000_imagefps_minfarthestpose_i100_gteval_steps15000/stats/config.json,True,0.7664999961853027,vggt | imagefps,48750.0
vggt,100,42,0.0,100000,imagefps,,,,0,10,minfarthestpose,100,GT Eval,,,,,False,,,,,0.0,,False,1.0,1.0,vggt,bonsai,,,15000,15000,,MCMC,,,,,,,,,,,gsplat,,indoor,18.59635353088379,0.3913305103778839,0.5943297743797302,1000000,0.023722030222415924,0.7308099865913391,,,0.3568088939005559,0.34735613746325283,100000,/home/ojab2/work/git/gsplat/results/vggt_outputs/bonsai_2_n100_s42_c0.0_p100000_imagefps_minfarthestpose_i100_gteval_steps15000/stats/val_step14999.json,/home/ojab2/work/git/gsplat/results/vggt_outputs/bonsai_2_n100_s42_c0.0_p100000_imagefps_minfarthestpose_i100_gteval_steps15000/stats/val_step14999.json,bonsai_2_n100_s42_c0.0_p100000_imagefps_minfarthestpose_i100_gteval_steps15000,0.7308,0.098078,100,7.817163,,,,0.0,0,0,25.221018314361572,/home/ojab2/work/git/vggt/vggt_outputs/bonsai_2_n100_s42_c0.0_p100000_imagefps_minfarthestpose/eval_results.json,bonsai_2_n100_s42_c0.0_p100000_imagefps_minfarthestpose,bonsai_2_n100_s42_c0.0_p100000_imagefps_minfarthestpose_i100_gteval_steps15000_val_step14999.json,100000,/home/ojab2/work/git/gsplat/results/vggt_outputs/bonsai_2_n100_s42_c0.0_p100000_imagefps_minfarthestpose_i100_gteval_steps15000/stats/config.json,True,0.7698090076446533,vggt | imagefps,97500.0
vggt,100,42,0.0,500000,imagefps,,,,0,10,minfarthestpose,100,GT Eval,,,,,False,,,,,0.0,,False,1.0,1.0,vggt,bonsai,,,15000,15000,,MCMC,,,,,,,,,,,gsplat_cfg,,indoor,18.535001754760742,0.3893390893936157,0.585231602191925,1000000,0.023722030222415924,0.7308098673820496,,,0.3515814535799083,0.3491254108893261,500000,/home/ojab2/work/git/gsplat/results/vggt_outputs/bonsai_2_n100_s42_c0.0_p500000_imagefps_minfarthestpose_i100_gteval_steps15000/stats/config.json,/home/ojab2/work/git/gsplat/results/vggt_outputs/bonsai_2_n100_s42_c0.0_p500000_imagefps_minfarthestpose_i100_gteval_steps15000/stats/val_step14999.json,bonsai_2_n100_s42_c0.0_p500000_imagefps_minfarthestpose_i100_gteval_steps15000,0.7308,0.098078,100,7.817163,,,,2.384185791015625e-07,0,0,117.0951566696167,/home/ojab2/work/git/vggt/vggt_outputs/bonsai_2_n100_s42_c0.0_p500000_imagefps_minfarthestpose/eval_results.json,bonsai_2_n100_s42_c0.0_p500000_imagefps_minfarthestpose_i100_gteval_steps15000,,500000,/home/ojab2/work/git/gsplat/results/vggt_outputs/bonsai_2_n100_s42_c0.0_p500000_imagefps_minfarthestpose_i100_gteval_steps15000/stats/config.json,True,0.7716097831726074,vggt | imagefps,487500.0
vggt,100,42,0.0,1000000,imagefps,,,,0,10,minfarthestpose,100,GT Eval,,,,,False,,,,,0.0,,False,1.0,1.0,vggt,bonsai,,,15000,15000,,MCMC,,,,,,,,,,,gsplat,,indoor,18.532958984375,0.39099782705307007,0.583855926990509,1000000,0.023722030222415924,0.7308099269866943,,,0.3497152239413444,0.35003623586645916,1000000,/home/ojab2/work/git/gsplat/results/vggt_outputs/bonsai_2_n100_s42_c0.0_p1000000_imagefps_minfarthestpose_i100_gteval_steps15000/stats/val_step14999.json,/home/ojab2/work/git/gsplat/results/vggt_outputs/bonsai_2_n100_s42_c0.0_p1000000_imagefps_minfarthestpose_i100_gteval_steps15000/stats/val_step14999.json,bonsai_2_n100_s42_c0.0_p1000000_imagefps_minfarthestpose_i100_gteval_steps15000,0.7308,0.098078,100,7.817163,,,,0.0,0,0,277.8327798843384,/home/ojab2/work/git/vggt/vggt_outputs/bonsai_2_n100_s42_c0.0_p1000000_imagefps_minfarthestpose/eval_results.json,bonsai_2_n100_s42_c0.0_p1000000_imagefps_minfarthestpose,bonsai_2_n100_s42_c0.0_p1000000_imagefps_minfarthestpose_i100_gteval_steps15000_val_step14999.json,1000000,/home/ojab2/work/git/gsplat/results/vggt_outputs/bonsai_2_n100_s42_c0.0_p1000000_imagefps_minfarthestpose_i100_gteval_steps15000/stats/config.json,True,3.5970184803009033,vggt | imagefps,975000.0
vggt,100,42,0.0,1000,random,,,,0,10,minfarthestpose,100,GT Eval,,,,,False,,,,,0.0,,False,1.0,1.0,vggt,bonsai,,,15000,15000,,MCMC,,,,,,,,,,,gsplat,,indoor,18.893980026245117,0.5161561369895935,0.6270450949668884,1000000,0.023722030222415924,0.7308095693588257,,,0.30439940615859107,0.3799189472543663,1000,/home/ojab2/work/git/gsplat/results/vggt_outputs/bonsai_2_n100_s42_c0.0_p1000_random_minfarthestpose_i100_gteval_steps15000/stats/val_step14999.json,/home/ojab2/work/git/gsplat/results/vggt_outputs/bonsai_2_n100_s42_c0.0_p1000_random_minfarthestpose_i100_gteval_steps15000/stats/val_step14999.json,bonsai_2_n100_s42_c0.0_p1000_random_minfarthestpose_i100_gteval_steps15000,0.7308,0.098078,100,7.817163,,,,0.0,0,0,2.678046226501465,/home/ojab2/work/git/vggt/vggt_outputs/bonsai_2_n100_s42_c0.0_p1000_random_minfarthestpose/eval_results.json,bonsai_2_n100_s42_c0.0_p1000_random_minfarthestpose,bonsai_2_n100_s42_c0.0_p1000_random_minfarthestpose_i100_gteval_steps15000_val_step14999.json,1000,,True,0.7768316268920898,vggt | random,1025.0
vggt,100,42,0.0,5000,random,,,,0,10,minfarthestpose,100,GT Eval,,,,,False,,,,,0.0,,False,1.0,1.0,vggt,bonsai,,,15000,15000,,MCMC,,,,,,,,,,,gsplat,,indoor,18.781780242919922,0.44203418493270874,0.614663302898407,1000000,0.023722030222415924,0.7308096885681152,,,0.340835109711313,0.35867570465685433,5000,/home/ojab2/work/git/gsplat/results/vggt_outputs/bonsai_2_n100_s42_c0.0_p5000_random_minfarthestpose_i100_gteval_steps15000/stats/val_step14999.json,/home/ojab2/work/git/gsplat/results/vggt_outputs/bonsai_2_n100_s42_c0.0_p5000_random_minfarthestpose_i100_gteval_steps15000/stats/val_step14999.json,bonsai_2_n100_s42_c0.0_p5000_random_minfarthestpose_i100_gteval_steps15000,0.7308,0.098078,100,7.817163,,,,2.384185791015625e-07,0,0,2.6465210914611816,/home/ojab2/work/git/vggt/vggt_outputs/bonsai_2_n100_s42_c0.0_p5000_random_minfarthestpose/eval_results.json,bonsai_2_n100_s42_c0.0_p5000_random_minfarthestpose,bonsai_2_n100_s42_c0.0_p5000_random_minfarthestpose_i100_gteval_steps15000_val_step14999.json,5000,,True,0.9679863452911377,vggt | random,5125.0
vggt,100,42,0.0,10000,random,,,,0,10,minfarthestpose,100,GT Eval,,,,,False,,,,,0.0,,False,1.0,1.0,vggt,bonsai,,,15000,15000,,MCMC,,,,,,,,,,,gsplat,,indoor,18.74721908569336,0.42076340317726135,0.6099975109100342,1000000,0.023722030222415924,0.7308099269866943,,,0.3505966671493783,0.3528696506212643,10000,/home/ojab2/work/git/gsplat/results/vggt_outputs/bonsai_2_n100_s42_c0.0_p10000_random_minfarthestpose_i100_gteval_steps15000/stats/val_step14999.json,/home/ojab2/work/git/gsplat/results/vggt_outputs/bonsai_2_n100_s42_c0.0_p10000_random_minfarthestpose_i100_gteval_steps15000/stats/val_step14999.json,bonsai_2_n100_s42_c0.0_p10000_random_minfarthestpose_i100_gteval_steps15000,0.7308,0.098078,100,7.817163,,,,2.384185791015625e-07,0,0,2.646557092666626,/home/ojab2/work/git/vggt/vggt_outputs/bonsai_2_n100_s42_c0.0_p10000_random_minfarthestpose/eval_results.json,bonsai_2_n100_s42_c0.0_p10000_random_minfarthestpose,bonsai_2_n100_s42_c0.0_p10000_random_minfarthestpose_i100_gteval_steps15000_val_step14999.json,10000,,True,0.782041072845459,vggt | random,10250.0
vggt,100,42,0.0,50000,random,,,,0,10,minfarthestpose,100,GT Eval,,,,,False,,,,,0.0,,False,1.0,1.0,vggt,bonsai,,,15000,15000,,MCMC,,,,,,,,,,,gsplat,,indoor,18.67145347595215,0.3810364007949829,0.5987895131111145,1000000,0.023722030222415924,0.7308098673820496,,,0.3671620566013032,0.34267559103972733,50000,/home/ojab2/work/git/gsplat/results/vggt_outputs/bonsai_2_n100_s42_c0.0_p50000_random_minfarthestpose_i100_gteval_steps15000/stats/val_step14999.json,/home/ojab2/work/git/gsplat/results/vggt_outputs/bonsai_2_n100_s42_c0.0_p50000_random_minfarthestpose_i100_gteval_steps15000/stats/val_step14999.json,bonsai_2_n100_s42_c0.0_p50000_random_minfarthestpose_i100_gteval_steps15000,0.7308,0.098078,100,7.817163,,,,2.384185791015625e-07,0,0,3.6118240356445312,/home/ojab2/work/git/vggt/vggt_outputs/bonsai_2_n100_s42_c0.0_p50000_random_minfarthestpose/eval_results.json,bonsai_2_n100_s42_c0.0_p50000_random_minfarthestpose,bonsai_2_n100_s42_c0.0_p50000_random_minfarthestpose_i100_gteval_steps15000_val_step14999.json,50000,,True,1.2283594608306885,vggt | random,51249.99999999999
vggt,100,42,0.0,100000,random,,,,0,10,minfarthestpose,100,GT Eval,,,,,False,,,,,0.0,,False,1.0,1.0,vggt,bonsai,,,15000,15000,,MCMC,,,,,,,,,,,gsplat,,indoor,18.664011001586914,0.373970091342926,0.595427930355072,1000000,0.023722030222415924,0.7308099269866943,,,0.3694203145477662,0.3412105901612084,100000,/home/ojab2/work/git/gsplat/results/vggt_outputs/bonsai_2_n100_s42_c0.0_p100000_random_minfarthestpose_i100_gteval_steps15000/stats/val_step14999.json,/home/ojab2/work/git/gsplat/results/vggt_outputs/bonsai_2_n100_s42_c0.0_p100000_random_minfarthestpose_i100_gteval_steps15000/stats/val_step14999.json,bonsai_2_n100_s42_c0.0_p100000_random_minfarthestpose_i100_gteval_steps15000,0.7308,0.098078,100,7.817163,,,,,,,,/home/ojab2/work/git/vggt/vggt_outputs/bonsai_2_n100_s42_c0.0_p100000_random_minfarthestpose/eval_results.json,bonsai_2_n100_s42_c0.0_p100000_random_minfarthestpose,bonsai_2_n100_s42_c0.0_p100000_random_minfarthestpose_i100_gteval_steps15000_val_step14999.json,100000,,,,vggt | random,102499.99999999999
vggt,100,42,0.0,500000,random,,,,0,10,minfarthestpose,100,GT Eval,,,,,False,,,,,0.0,,False,1.0,1.0,vggt,bonsai,,,15000,15000,,MCMC,,,,,,,,,,,gsplat,,indoor,18.621164321899414,0.36897432804107666,0.589486837387085,1000000,0.023722030222415924,0.7308099269866943,,,0.3682363386507387,0.3411413585541512,500000,/home/ojab2/work/git/gsplat/results/vggt_outputs/bonsai_2_n100_s42_c0.0_p500000_random_minfarthestpose_i100_gteval_steps15000/stats/val_step14999.json,/home/ojab2/work/git/gsplat/results/vggt_outputs/bonsai_2_n100_s42_c0.0_p500000_random_minfarthestpose_i100_gteval_steps15000/stats/val_step14999.json,bonsai_2_n100_s42_c0.0_p500000_random_minfarthestpose_i100_gteval_steps15000,0.7308,0.098078,100,7.817163,,,,0.0,0,0,6.348800182342529,/home/ojab2/work/git/vggt/vggt_outputs/bonsai_2_n100_s42_c0.0_p500000_random_minfarthestpose/eval_results.json,bonsai_2_n100_s42_c0.0_p500000_random_minfarthestpose,bonsai_2_n100_s42_c0.0_p500000_random_minfarthestpose_i100_gteval_steps15000_val_step14999.json,500000,,True,1.4336357116699219,vggt | random,512499.99999999994
vggt,100,42,0.0,1000000,random,,,,0,10,minfarthestpose,100,GT Eval,,,,,False,,,,,0.0,,False,1.0,1.0,vggt,bonsai,,,15000,15000,,MCMC,,,,,,,,,,,gsplat,,indoor,18.65015983581543,0.36905771493911743,0.5884458422660828,1000000,0.023722030222415924,0.7308098673820496,,,0.3681130501416846,0.3414093044153326,1000000,/home/ojab2/work/git/gsplat/results/vggt_outputs/bonsai_2_n100_s42_c0.0_p1000000_random_minfarthestpose_i100_gteval_steps15000/stats/val_step14999.json,/home/ojab2/work/git/gsplat/results/vggt_outputs/bonsai_2_n100_s42_c0.0_p1000000_random_minfarthestpose_i100_gteval_steps15000/stats/val_step14999.json,bonsai_2_n100_s42_c0.0_p1000000_random_minfarthestpose_i100_gteval_steps15000,0.7308,0.098078,100,7.817163,,,,2.384185791015625e-07,0,0,9.591556072235107,/home/ojab2/work/git/vggt/vggt_outputs/bonsai_2_n100_s42_c0.0_p1000000_random_minfarthestpose/eval_results.json,bonsai_2_n100_s42_c0.0_p1000000_random_minfarthestpose,bonsai_2_n100_s42_c0.0_p1000000_random_minfarthestpose_i100_gteval_steps15000_val_step14999.json,1000000,,True,1.0026795864105225,vggt | random,1024999.9999999999
vggt,100,42,0.0,1000,voxels,,,,0,10,minfarthestpose,100,GT Eval,,,,,False,,,,,0.0,,False,1.0,1.0,vggt,bonsai,,,15000,15000,,MCMC,,,,,,,,,,,gsplat,,indoor,18.921648025512695,0.5306356549263,0.6288805603981018,991119,0.023722030222415924,0.7308101058006287,,,0.29704717407759473,0.38421660911926814,890,/home/ojab2/work/git/gsplat/results/vggt_outputs/bonsai_2_n100_s42_c0.0_p1000_voxels_minfarthestpose_i100_gteval_steps15000/stats/val_step14999.json,/home/ojab2/work/git/gsplat/results/vggt_outputs/bonsai_2_n100_s42_c0.0_p1000_voxels_minfarthestpose_i100_gteval_steps15000/stats/val_step14999.json,bonsai_2_n100_s42_c0.0_p1000_voxels_minfarthestpose_i100_gteval_steps15000,0.7308,0.098078,100,7.817163,,,,0.0,0,0,12.86483645439148,/home/ojab2/work/git/vggt/vggt_outputs/bonsai_2_n100_s42_c0.0_p1000_voxels_minfarthestpose/eval_results.json,bonsai_2_n100_s42_c0.0_p1000_voxels_minfarthestpose,bonsai_2_n100_s42_c0.0_p1000_voxels_minfarthestpose_i100_gteval_steps15000_val_step14999.json,890,,True,0.8806562423706055,vggt | voxels,1075.0
vggt,100,42,0.0,5000,voxels,,,,0,10,minfarthestpose,100,GT Eval,,,,,False,,,,,0.0,,False,1.0,1.0,vggt,bonsai,,,15000,15000,,MCMC,,,,,,,,,,,gsplat,,indoor,18.771345138549805,0.45035240054130554,0.6150991916656494,1000000,0.023722030222415924,0.7308101058006287,,,0.335762071756669,0.36134199355007485,4809,/home/ojab2/work/git/gsplat/results/vggt_outputs/bonsai_2_n100_s42_c0.0_p5000_voxels_minfarthestpose_i100_gteval_steps15000/stats/val_step14999.json,/home/ojab2/work/git/gsplat/results/vggt_outputs/bonsai_2_n100_s42_c0.0_p5000_voxels_minfarthestpose_i100_gteval_steps15000/stats/val_step14999.json,bonsai_2_n100_s42_c0.0_p5000_voxels_minfarthestpose_i100_gteval_steps15000,0.7308,0.098078,100,7.817163,,,,2.384185791015625e-07,0,0,13.01966643333435,/home/ojab2/work/git/vggt/vggt_outputs/bonsai_2_n100_s42_c0.0_p5000_voxels_minfarthestpose/eval_results.json,bonsai_2_n100_s42_c0.0_p5000_voxels_minfarthestpose,bonsai_2_n100_s42_c0.0_p5000_voxels_minfarthestpose_i100_gteval_steps15000_val_step14999.json,4809,,True,0.9715795516967773,vggt | voxels,5375.0
vggt,100,42,0.0,10000,voxels,,,,0,10,minfarthestpose,100,GT Eval,,,,,False,,,,,0.0,,False,1.0,1.0,vggt,bonsai,,,15000,15000,,MCMC,,,,,,,,,,,gsplat,,indoor,18.747312545776367,0.4305923283100128,0.6109285354614258,1000000,0.023722030222415924,0.7308099865913391,,,0.34507561895737326,0.35589724353611657,9739,/home/ojab2/work/git/gsplat/results/vggt_outputs/bonsai_2_n100_s42_c0.0_p10000_voxels_minfarthestpose_i100_gteval_steps15000/stats/val_step14999.json,/home/ojab2/work/git/gsplat/results/vggt_outputs/bonsai_2_n100_s42_c0.0_p10000_voxels_minfarthestpose_i100_gteval_steps15000/stats/val_step14999.json,bonsai_2_n100_s42_c0.0_p10000_voxels_minfarthestpose_i100_gteval_steps15000,0.7308,0.098078,100,7.817163,,,,0.0,0,0,12.91697072982788,/home/ojab2/work/git/vggt/vggt_outputs/bonsai_2_n100_s42_c0.0_p10000_voxels_minfarthestpose/eval_results.json,bonsai_2_n100_s42_c0.0_p10000_voxels_minfarthestpose,bonsai_2_n100_s42_c0.0_p10000_voxels_minfarthestpose_i100_gteval_steps15000_val_step14999.json,9739,,True,0.7741565704345703,vggt | voxels,10750.0
vggt,100,42,0.0,50000,voxels,,,,0,10,minfarthestpose,100,GT Eval,,,,,False,,,,,0.0,,False,1.0,1.0,vggt,bonsai,,,15000,15000,,MCMC,,,,,,,,,,,gsplat,,indoor,18.660747528076172,0.39734700322151184,0.601768434047699,1000000,0.023722030222415924,0.7308101058006287,,,0.3586375842317504,0.3473383401188415,49692,/home/ojab2/work/git/gsplat/results/vggt_outputs/bonsai_2_n100_s42_c0.0_p50000_voxels_minfarthestpose_i100_gteval_steps15000/stats/val_step14999.json,/home/ojab2/work/git/gsplat/results/vggt_outputs/bonsai_2_n100_s42_c0.0_p50000_voxels_minfarthestpose_i100_gteval_steps15000/stats/val_step14999.json,bonsai_2_n100_s42_c0.0_p50000_voxels_minfarthestpose_i100_gteval_steps15000,0.7308,0.098078,100,7.817163,,,,0.0,0,0,13.772696495056152,/home/ojab2/work/git/vggt/vggt_outputs/bonsai_2_n100_s42_c0.0_p50000_voxels_minfarthestpose/eval_results.json,bonsai_2_n100_s42_c0.0_p50000_voxels_minfarthestpose,bonsai_2_n100_s42_c0.0_p50000_voxels_minfarthestpose_i100_gteval_steps15000_val_step14999.json,49692,,True,0.7731978893280029,vggt | voxels,53750.0
vggt,100,42,0.0,100000,voxels,,,,0,10,minfarthestpose,100,GT Eval,,,,,False,,,,,0.0,,False,1.0,1.0,vggt,bonsai,,,15000,15000,,MCMC,,,,,,,,,,,gsplat,,indoor,18.647470474243164,0.387416809797287,0.5992074012756348,1000000,0.023722030222415924,0.7308101654052734,,,0.3630237819081084,0.34471747255642554,99440,/home/ojab2/work/git/gsplat/results/vggt_outputs/bonsai_2_n100_s42_c0.0_p100000_voxels_minfarthestpose_i100_gteval_steps15000/stats/val_step14999.json,/home/ojab2/work/git/gsplat/results/vggt_outputs/bonsai_2_n100_s42_c0.0_p100000_voxels_minfarthestpose_i100_gteval_steps15000/stats/val_step14999.json,bonsai_2_n100_s42_c0.0_p100000_voxels_minfarthestpose_i100_gteval_steps15000,0.7308,0.098078,100,7.817163,,,,2.384185791015625e-07,0,0,14.295294284820557,/home/ojab2/work/git/vggt/vggt_outputs/bonsai_2_n100_s42_c0.0_p100000_voxels_minfarthestpose/eval_results.json,bonsai_2_n100_s42_c0.0_p100000_voxels_minfarthestpose,bonsai_2_n100_s42_c0.0_p100000_voxels_minfarthestpose_i100_gteval_steps15000_val_step14999.json,99440,,True,0.8796279430389404,vggt | voxels,107500.0
vggt,100,42,0.0,500000,voxels,,,,0,10,minfarthestpose,100,GT Eval,,,,,False,,,,,0.0,,False,1.0,1.0,vggt,bonsai,,,15000,15000,,MCMC,,,,,,,,,,,gsplat,,indoor,18.647125244140625,0.37760400772094727,0.5954120755195618,1000000,0.023722030222415924,0.7308106422424316,,,0.3668551852441283,0.34244371277520846,468370,/home/ojab2/work/git/gsplat/results/vggt_outputs/bonsai_2_n100_s42_c0.0_p500000_voxels_minfarthestpose_i100_gteval_steps15000/stats/val_step14999.json,/home/ojab2/work/git/gsplat/results/vggt_outputs/bonsai_2_n100_s42_c0.0_p500000_voxels_minfarthestpose_i100_gteval_steps15000/stats/val_step14999.json,bonsai_2_n100_s42_c0.0_p500000_voxels_minfarthestpose_i100_gteval_steps15000,0.7308,0.098078,100,7.817163,,,,0.0,0,0,17.259203910827637,/home/ojab2/work/git/vggt/vggt_outputs/bonsai_2_n100_s42_c0.0_p500000_voxels_minfarthestpose/eval_results.json,bonsai_2_n100_s42_c0.0_p500000_voxels_minfarthestpose,bonsai_2_n100_s42_c0.0_p500000_voxels_minfarthestpose_i100_gteval_steps15000_val_step14999.json,468370,,True,0.8282418251037598,vggt | voxels,537500.0
vggt,100,42,0.0,1000000,voxels,,,,0,10,minfarthestpose,100,GT Eval,,,,,False,,,,,0.0,,False,1.0,1.0,vggt,bonsai,,,15000,15000,,MCMC,,,,,,,,,,,gsplat,,indoor,18.647062301635742,0.37938597798347473,0.5947018265724182,1000000,0.023722030222415924,0.7308107018470764,,,0.36533868773716316,0.34322379001898107,802891,/home/ojab2/work/git/gsplat/results/vggt_outputs/bonsai_2_n100_s42_c0.0_p1000000_voxels_minfarthestpose_i100_gteval_steps15000/stats/val_step14999.json,/home/ojab2/work/git/gsplat/results/vggt_outputs/bonsai_2_n100_s42_c0.0_p1000000_voxels_minfarthestpose_i100_gteval_steps15000/stats/val_step14999.json,bonsai_2_n100_s42_c0.0_p1000000_voxels_minfarthestpose_i100_gteval_steps15000,0.7308,0.098078,100,7.817163,,,,0.0,0,0,19.96575951576233,/home/ojab2/work/git/vggt/vggt_outputs/bonsai_2_n100_s42_c0.0_p1000000_voxels_minfarthestpose/eval_results.json,bonsai_2_n100_s42_c0.0_p1000000_voxels_minfarthestpose,bonsai_2_n100_s42_c0.0_p1000000_voxels_minfarthestpose_i100_gteval_steps15000_val_step14999.json,802891,,True,0.763953685760498,vggt | voxels,1075000.0
colmap,100,42,,66763,,,,,0,10,minfarthestpose,100,GT Eval,,,,,False,,,,,0.0,,False,1.0,1.0,colmap,bonsai,,,15000,15000,default,MCMC,,,,,Shared Cam,,,,,,gsplat,,indoor,27.826139450073242,0.13981762528419495,0.8659626841545105,1000000,0.0007070667925290763,0.05946106091141701,,,0.8418353775478633,0.1691927745954243,66763,/home/ojab2/work/git/gsplat/results/colmap_outputs/bonsai_2_n100_s42_default_minfarthestpose_sharedcam_i100_gteval_steps15000/stats/val_step14999.json,/home/ojab2/work/git/gsplat/results/colmap_outputs/bonsai_2_n100_s42_default_minfarthestpose_sharedcam_i100_gteval_steps15000/stats/val_step14999.json,bonsai_2_n100_s42_default_minfarthestpose_sharedcam_i100_gteval_steps15000,0.0595,0.002889,100,1.016141,,,,187.39341807365417,7726,7726,0.0,/home/ojab2/work/git/vggt/colmap_outputs/bonsai_2_n100_s42_default_minfarthestpose_sharedcam/eval_results.json,bonsai_2_n100_s42_default_minfarthestpose_sharedcam,bonsai_2_n100_s42_default_minfarthestpose_sharedcam_i100_gteval_steps15000_val_step14999.json,66763,,,,colmap | ,75108.375
vggt,100,42,,20722,ba,,,,0,10,minfarthestpose,100,GT Eval,,,,,False,,,,,0.0,,False,1.0,1.0,vggt,kitchen,radial,,15000,15000,,MCMC,,,,,Shared Cam,,,Use BA,aliked+sp,250,gsplat,,indoor,18.964597702026367,0.2633562386035919,0.4266534447669983,1000000,0.00439399853348732,0.34589701890945435,,,0.34456836135454033,0.34441501534268826,20722,/home/ojab2/work/git/gsplat/results/vggt_outputs/kitchen_2_n100_s42_mradial_aliked-sp_ba_minfarthestpose_useba_maxba250_sharedcam_i100_gteval_steps15000/stats/val_step14999.json,/home/ojab2/work/git/gsplat/results/vggt_outputs/kitchen_2_n100_s42_mradial_aliked-sp_ba_minfarthestpose_useba_maxba250_sharedcam_i100_gteval_steps15000/stats/val_step14999.json,kitchen_2_n100_s42_mradial_aliked-sp_ba_minfarthestpose_useba_maxba250_sharedcam_i100_gteval_steps15000,0.3459,0.019721,100,4.160002,,,,0.0,0,0,142.1715395450592,/home/ojab2/work/git/vggt/vggt_outputs/kitchen_2_n100_s42_mradial_aliked-sp_ba_minfarthestpose_useba_maxba250_sharedcam/eval_results.json,kitchen_2_n100_s42_mradial_aliked-sp_ba_minfarthestpose_useba_maxba250_sharedcam,kitchen_2_n100_s42_mradial_aliked-sp_ba_minfarthestpose_useba_maxba250_sharedcam_i100_gteval_steps15000_val_step14999.json,20722,,True,3.684368133544922,vggt | ba,18131.75
vggt,100,42,0.0,1000,confidence,,,,0,10,minfarthestpose,100,GT Eval,,,,,False,,,,,0.0,,False,1.0,1.0,vggt,kitchen,,,15000,15000,,MCMC,,,,,,,,,,,gsplat,,indoor,21.012767791748047,0.43533560633659363,0.5310202240943909,1000000,0.005697792861610651,0.2827950417995453,,,0.337370537836262,0.3760255171657777,1000,/home/ojab2/work/git/gsplat/results/vggt_outputs/kitchen_2_n100_s42_c0.0_p1000_confidence_minfarthestpose_i100_gteval_steps15000/stats/val_step14999.json,/home/ojab2/work/git/gsplat/results/vggt_outputs/kitchen_2_n100_s42_c0.0_p1000_confidence_minfarthestpose_i100_gteval_steps15000/stats/val_step14999.json,kitchen_2_n100_s42_c0.0_p1000_confidence_minfarthestpose_i100_gteval_steps15000,0.2827,0.025851,100,4.144792,,,,0.0,0,0,2.7857391834259033,/home/ojab2/work/git/vggt/vggt_outputs/kitchen_2_n100_s42_c0.0_p1000_confidence_minfarthestpose/eval_results.json,kitchen_2_n100_s42_c0.0_p1000_confidence_minfarthestpose,kitchen_2_n100_s42_c0.0_p1000_confidence_minfarthestpose_i100_gteval_steps15000_val_step14999.json,1000,,True,0.993988037109375,vggt | confidence,925.0
vggt,100,42,0.0,5000,confidence,,,,0,10,minfarthestpose,100,GT Eval,,,,,False,,,,,0.0,,False,1.0,1.0,vggt,kitchen,,,15000,15000,,MCMC,,,,,,,,,,,gsplat,,indoor,20.739633560180664,0.31010064482688904,0.5063709616661072,1000000,0.005697792861610651,0.2827954590320587,,,0.3952032549571805,0.34037403080076223,5000,/home/ojab2/work/git/gsplat/results/vggt_outputs/kitchen_2_n100_s42_c0.0_p5000_confidence_minfarthestpose_i100_gteval_steps15000/stats/val_step14999.json,/home/ojab2/work/git/gsplat/results/vggt_outputs/kitchen_2_n100_s42_c0.0_p5000_confidence_minfarthestpose_i100_gteval_steps15000/stats/val_step14999.json,kitchen_2_n100_s42_c0.0_p5000_confidence_minfarthestpose_i100_gteval_steps15000,0.2827,0.025851,100,4.144792,,,,0.0,0,0,2.677196741104126,/home/ojab2/work/git/vggt/vggt_outputs/kitchen_2_n100_s42_c0.0_p5000_confidence_minfarthestpose/eval_results.json,kitchen_2_n100_s42_c0.0_p5000_confidence_minfarthestpose,kitchen_2_n100_s42_c0.0_p5000_confidence_minfarthestpose_i100_gteval_steps15000_val_step14999.json,5000,,True,0.7729508876800537,vggt | confidence,4625.0
vggt,100,42,0.0,10000,confidence,,,,0,10,minfarthestpose,100,GT Eval,,,,,False,,,,,0.0,,False,1.0,1.0,vggt,kitchen,,,15000,15000,,MCMC,,,,,,,,,,,gsplat,,indoor,20.64032554626465,0.28404197096824646,0.4998956024646759,1000000,0.005697792861610651,0.28279557824134827,,,0.40566305904283084,0.3332839023739936,10000,/home/ojab2/work/git/gsplat/results/vggt_outputs/kitchen_2_n100_s42_c0.0_p10000_confidence_minfarthestpose_i100_gteval_steps15000/stats/val_step14999.json,/home/ojab2/work/git/gsplat/results/vggt_outputs/kitchen_2_n100_s42_c0.0_p10000_confidence_minfarthestpose_i100_gteval_steps15000/stats/val_step14999.json,kitchen_2_n100_s42_c0.0_p10000_confidence_minfarthestpose_i100_gteval_steps15000,0.2827,0.025851,100,4.144792,,,,2.384185791015625e-07,0,0,2.6264874935150146,/home/ojab2/work/git/vggt/vggt_outputs/kitchen_2_n100_s42_c0.0_p10000_confidence_minfarthestpose/eval_results.json,kitchen_2_n100_s42_c0.0_p10000_confidence_minfarthestpose,kitchen_2_n100_s42_c0.0_p10000_confidence_minfarthestpose_i100_gteval_steps15000_val_step14999.json,10000,,True,0.7506198883056641,vggt | confidence,9250.0
vggt,100,42,0.0,50000,confidence,,,,0,10,minfarthestpose,100,GT Eval,,,,,False,,,,,0.0,,False,1.0,1.0,vggt,kitchen,,,15000,15000,,MCMC,,,,,,,,,,,gsplat,,indoor,20.36192512512207,0.25969618558883667,0.4890950918197632,1000000,0.005697792861610651,0.28279566764831543,,,0.409219670171781,0.32789090886397787,50000,/home/ojab2/work/git/gsplat/results/vggt_outputs/kitchen_2_n100_s42_c0.0_p50000_confidence_minfarthestpose_i100_gteval_steps15000/stats/val_step14999.json,/home/ojab2/work/git/gsplat/results/vggt_outputs/kitchen_2_n100_s42_c0.0_p50000_confidence_minfarthestpose_i100_gteval_steps15000/stats/val_step14999.json,kitchen_2_n100_s42_c0.0_p50000_confidence_minfarthestpose_i100_gteval_steps15000,0.2827,0.025851,100,4.144792,,,,0.0,0,0,2.8323984146118164,/home/ojab2/work/git/vggt/vggt_outputs/kitchen_2_n100_s42_c0.0_p50000_confidence_minfarthestpose/eval_results.json,kitchen_2_n100_s42_c0.0_p50000_confidence_minfarthestpose,kitchen_2_n100_s42_c0.0_p50000_confidence_minfarthestpose_i100_gteval_steps15000_val_step14999.json,50000,,True,0.7777647972106934,vggt | confidence,46250.0
vggt,100,42,0.0,100000,confidence,,,,0,10,minfarthestpose,100,GT Eval,,,,,False,,,,,0.0,,False,1.0,1.0,vggt,kitchen,,,15000,15000,,MCMC,,,,,,,,,,,gsplat,,indoor,20.318248748779297,0.2591908574104309,0.48527342081069946,1000000,0.005697792861610651,0.2827957272529602,,,0.4064878840350423,0.32864291537511237,100000,/home/ojab2/work/git/gsplat/results/vggt_outputs/kitchen_2_n100_s42_c0.0_p100000_confidence_minfarthestpose_i100_gteval_steps15000/stats/val_step14999.json,/home/ojab2/work/git/gsplat/results/vggt_outputs/kitchen_2_n100_s42_c0.0_p100000_confidence_minfarthestpose_i100_gteval_steps15000/stats/val_step14999.json,kitchen_2_n100_s42_c0.0_p100000_confidence_minfarthestpose_i100_gteval_steps15000,0.2827,0.025851,100,4.144792,,,,0.0,0,0,3.2319090366363525,/home/ojab2/work/git/vggt/vggt_outputs/kitchen_2_n100_s42_c0.0_p100000_confidence_minfarthestpose/eval_results.json,kitchen_2_n100_s42_c0.0_p100000_confidence_minfarthestpose,kitchen_2_n100_s42_c0.0_p100000_confidence_minfarthestpose_i100_gteval_steps15000_val_step14999.json,100000,,True,0.72882080078125,vggt | confidence,92500.0
vggt,100,42,0.0,500000,confidence,,,,0,10,minfarthestpose,100,GT Eval,,,,,False,,,,,0.0,,False,1.0,1.0,vggt,kitchen,,,15000,15000,,MCMC,,,,,,,,,,,gsplat,,indoor,19.725194931030273,0.27033793926239014,0.47914832830429077,1000000,0.005697792861610651,0.2827957272529602,,,0.38504256576280305,0.33423056376311644,500000,/home/ojab2/work/git/gsplat/results/vggt_outputs/kitchen_2_n100_s42_c0.0_p500000_confidence_minfarthestpose_i100_gteval_steps15000/stats/val_step14999.json,/home/ojab2/work/git/gsplat/results/vggt_outputs/kitchen_2_n100_s42_c0.0_p500000_confidence_minfarthestpose_i100_gteval_steps15000/stats/val_step14999.json,kitchen_2_n100_s42_c0.0_p500000_confidence_minfarthestpose_i100_gteval_steps15000,0.2827,0.025851,100,4.144792,,,,0.0,0,0,6.494320392608643,/home/ojab2/work/git/vggt/vggt_outputs/kitchen_2_n100_s42_c0.0_p500000_confidence_minfarthestpose/eval_results.json,kitchen_2_n100_s42_c0.0_p500000_confidence_minfarthestpose,kitchen_2_n100_s42_c0.0_p500000_confidence_minfarthestpose_i100_gteval_steps15000_val_step14999.json,500000,,True,0.7433485984802246,vggt | confidence,462500.0
vggt,100,42,0.0,1000000,confidence,,,,0,10,minfarthestpose,100,GT Eval,,,,,False,,,,,0.0,,False,1.0,1.0,vggt,kitchen,,,15000,15000,,MCMC,,,,,,,,,,,gsplat,,indoor,19.600431442260742,0.2736700773239136,0.47512730956077576,1000000,0.005697792861610651,0.2827957570552826,,,0.378323782489546,0.33637158336733763,1000000,/home/ojab2/work/git/gsplat/results/vggt_outputs/kitchen_2_n100_s42_c0.0_p1000000_confidence_minfarthestpose_i100_gteval_steps15000/stats/val_step14999.json,/home/ojab2/work/git/gsplat/results/vggt_outputs/kitchen_2_n100_s42_c0.0_p1000000_confidence_minfarthestpose_i100_gteval_steps15000/stats/val_step14999.json,kitchen_2_n100_s42_c0.0_p1000000_confidence_minfarthestpose_i100_gteval_steps15000,0.2827,0.025851,100,4.144792,,,,0.0,0,0,10.543241262435913,/home/ojab2/work/git/vggt/vggt_outputs/kitchen_2_n100_s42_c0.0_p1000000_confidence_minfarthestpose/eval_results.json,kitchen_2_n100_s42_c0.0_p1000000_confidence_minfarthestpose,kitchen_2_n100_s42_c0.0_p1000000_confidence_minfarthestpose_i100_gteval_steps15000_val_step14999.json,1000000,,True,0.7649364471435547,vggt | confidence,925000.0
vggt,100,42,0.0,1000,imagefps,,,,0,10,minfarthestpose,100,GT Eval,,,,,False,,,,,0.0,,False,1.0,1.0,vggt,kitchen,,,15000,15000,,MCMC,,,,,,,,,,,gsplat,,indoor,21.1422061920166,0.43448302149772644,0.5335012674331665,1000000,0.005697792861610651,0.2827974855899811,,,0.34174473472351063,0.3750591815271189,1000,/home/ojab2/work/git/gsplat/results/vggt_outputs/kitchen_2_n100_s42_c0.0_p1000_imagefps_minfarthestpose_i100_gteval_steps15000/stats/val_step14999.json,/home/ojab2/work/git/gsplat/results/vggt_outputs/kitchen_2_n100_s42_c0.0_p1000_imagefps_minfarthestpose_i100_gteval_steps15000/stats/val_step14999.json,kitchen_2_n100_s42_c0.0_p1000_imagefps_minfarthestpose_i100_gteval_steps15000,0.2827,0.025851,100,4.144792,,,,0.0,0,0,4.317743539810181,/home/ojab2/work/git/vggt/vggt_outputs/kitchen_2_n100_s42_c0.0_p1000_imagefps_minfarthestpose/eval_results.json,kitchen_2_n100_s42_c0.0_p1000_imagefps_minfarthestpose,kitchen_2_n100_s42_c0.0_p1000_imagefps_minfarthestpose_i100_gteval_steps15000_val_step14999.json,1000,/home/ojab2/work/git/gsplat/results/vggt_outputs/kitchen_2_n100_s42_c0.0_p1000_imagefps_minfarthestpose_i100_gteval_steps15000/stats/config.json,True,3.9376964569091797,vggt | imagefps,975.0
vggt,100,42,0.0,5000,imagefps,,,,0,10,minfarthestpose,100,GT Eval,,,,,False,,,,,0.0,,False,1.0,1.0,vggt,kitchen,,,15000,15000,,MCMC,,,,,,,,,,,gsplat,,indoor,20.972524642944336,0.30450737476348877,0.512479305267334,1000000,0.005697792861610651,0.2827973961830139,,,0.4065408193886939,0.3369092969670476,5000,/home/ojab2/work/git/gsplat/results/vggt_outputs/kitchen_2_n100_s42_c0.0_p5000_imagefps_minfarthestpose_i100_gteval_steps15000/stats/val_step14999.json,/home/ojab2/work/git/gsplat/results/vggt_outputs/kitchen_2_n100_s42_c0.0_p5000_imagefps_minfarthestpose_i100_gteval_steps15000/stats/val_step14999.json,kitchen_2_n100_s42_c0.0_p5000_imagefps_minfarthestpose_i100_gteval_steps15000,0.2827,0.025851,100,4.144792,,,,0.0,0,0,5.997166156768799,/home/ojab2/work/git/vggt/vggt_outputs/kitchen_2_n100_s42_c0.0_p5000_imagefps_minfarthestpose/eval_results.json,kitchen_2_n100_s42_c0.0_p5000_imagefps_minfarthestpose,kitchen_2_n100_s42_c0.0_p5000_imagefps_minfarthestpose_i100_gteval_steps15000_val_step14999.json,5000,/home/ojab2/work/git/gsplat/results/vggt_outputs/kitchen_2_n100_s42_c0.0_p5000_imagefps_minfarthestpose_i100_gteval_steps15000/stats/config.json,True,1.7297589778900146,vggt | imagefps,4875.0
vggt,100,42,0.0,10000,imagefps,,,,0,10,minfarthestpose,100,GT Eval,,,,,False,,,,,0.0,,False,1.0,1.0,vggt,kitchen,,,15000,15000,,MCMC,,,,,,,,,,,gsplat,,indoor,20.92801284790039,0.2737444341182709,0.5048477053642273,1000000,0.005697792861610651,0.28279733657836914,,,0.4202430725020197,0.32849702185823515,10000,/home/ojab2/work/git/gsplat/results/vggt_outputs/kitchen_2_n100_s42_c0.0_p10000_imagefps_minfarthestpose_i100_gteval_steps15000/stats/val_step14999.json,/home/ojab2/work/git/gsplat/results/vggt_outputs/kitchen_2_n100_s42_c0.0_p10000_imagefps_minfarthestpose_i100_gteval_steps15000/stats/val_step14999.json,kitchen_2_n100_s42_c0.0_p10000_imagefps_minfarthestpose_i100_gteval_steps15000,0.2827,0.025851,100,4.144792,,,,0.0,0,0,8.08956003189087,/home/ojab2/work/git/vggt/vggt_outputs/kitchen_2_n100_s42_c0.0_p10000_imagefps_minfarthestpose/eval_results.json,kitchen_2_n100_s42_c0.0_p10000_imagefps_minfarthestpose,kitchen_2_n100_s42_c0.0_p10000_imagefps_minfarthestpose_i100_gteval_steps15000_val_step14999.json,10000,/home/ojab2/work/git/gsplat/results/vggt_outputs/kitchen_2_n100_s42_c0.0_p10000_imagefps_minfarthestpose_i100_gteval_steps15000/stats/config.json,True,1.7227132320404053,vggt | imagefps,9750.0
vggt,100,42,0.0,50000,imagefps,,,,0,10,minfarthestpose,100,GT Eval,,,,,False,,,,,0.0,,False,1.0,1.0,vggt,kitchen,,,15000,15000,,MCMC,,,,,,,,,,,gsplat,,indoor,20.44630241394043,0.24313141405582428,0.48844560980796814,1000000,0.005697792861610651,0.28279727697372437,,,0.42062756612829144,0.3224617034610878,50000,/home/ojab2/work/git/gsplat/results/vggt_outputs/kitchen_2_n100_s42_c0.0_p50000_imagefps_minfarthestpose_i100_gteval_steps15000/stats/val_step14999.json,/home/ojab2/work/git/gsplat/results/vggt_outputs/kitchen_2_n100_s42_c0.0_p50000_imagefps_minfarthestpose_i100_gteval_steps15000/stats/val_step14999.json,kitchen_2_n100_s42_c0.0_p50000_imagefps_minfarthestpose_i100_gteval_steps15000,0.2827,0.025851,100,4.144792,,,,0.0,0,0,17.928441762924194,/home/ojab2/work/git/vggt/vggt_outputs/kitchen_2_n100_s42_c0.0_p50000_imagefps_minfarthestpose/eval_results.json,kitchen_2_n100_s42_c0.0_p50000_imagefps_minfarthestpose,kitchen_2_n100_s42_c0.0_p50000_imagefps_minfarthestpose_i100_gteval_steps15000_val_step14999.json,50000,/home/ojab2/work/git/gsplat/results/vggt_outputs/kitchen_2_n100_s42_c0.0_p50000_imagefps_minfarthestpose_i100_gteval_steps15000/stats/config.json,True,1.6323411464691162,vggt | imagefps,48750.0
vggt,100,42,0.0,100000,imagefps,,,,0,10,minfarthestpose,100,GT Eval,,,,,False,,,,,0.0,,False,1.0,1.0,vggt,kitchen,,,15000,15000,,MCMC,,,,,,,,,,,gsplat,,indoor,20.390846252441406,0.2403416782617569,0.48252978920936584,1000000,0.005697792861610651,0.2827972173690796,,,0.4178631150970372,0.3229450176350309,100000,/home/ojab2/work/git/gsplat/results/vggt_outputs/kitchen_2_n100_s42_c0.0_p100000_imagefps_minfarthestpose_i100_gteval_steps15000/stats/val_step14999.json,/home/ojab2/work/git/gsplat/results/vggt_outputs/kitchen_2_n100_s42_c0.0_p100000_imagefps_minfarthestpose_i100_gteval_steps15000/stats/val_step14999.json,kitchen_2_n100_s42_c0.0_p100000_imagefps_minfarthestpose_i100_gteval_steps15000,0.2827,0.025851,100,4.144792,,,,0.0,0,0,31.50548791885376,/home/ojab2/work/git/vggt/vggt_outputs/kitchen_2_n100_s42_c0.0_p100000_imagefps_minfarthestpose/eval_results.json,kitchen_2_n100_s42_c0.0_p100000_imagefps_minfarthestpose,kitchen_2_n100_s42_c0.0_p100000_imagefps_minfarthestpose_i100_gteval_steps15000_val_step14999.json,100000,/home/ojab2/work/git/gsplat/results/vggt_outputs/kitchen_2_n100_s42_c0.0_p100000_imagefps_minfarthestpose_i100_gteval_steps15000/stats/config.json,True,1.6750173568725586,vggt | imagefps,97500.0
vggt,100,42,0.0,500000,imagefps,,,,0,10,minfarthestpose,100,GT Eval,,,,,False,,,,,0.0,,False,1.0,1.0,vggt,kitchen,,,15000,15000,,MCMC,,,,,,,,,,,gsplat,,indoor,20.115571975708008,0.2484835833311081,0.47444066405296326,1000000,0.005697792861610651,0.2827971279621124,,,0.4030090934313141,0.3277252305648819,500000,/home/ojab2/work/git/gsplat/results/vggt_outputs/kitchen_2_n100_s42_c0.0_p500000_imagefps_minfarthestpose_i100_gteval_steps15000/stats/val_step14999.json,/home/ojab2/work/git/gsplat/results/vggt_outputs/kitchen_2_n100_s42_c0.0_p500000_imagefps_minfarthestpose_i100_gteval_steps15000/stats/val_step14999.json,kitchen_2_n100_s42_c0.0_p500000_imagefps_minfarthestpose_i100_gteval_steps15000,0.2827,0.025851,100,4.144792,,,,4.76837158203125e-07,0,0,141.30404019355774,/home/ojab2/work/git/vggt/vggt_outputs/kitchen_2_n100_s42_c0.0_p500000_imagefps_minfarthestpose/eval_results.json,kitchen_2_n100_s42_c0.0_p500000_imagefps_minfarthestpose,kitchen_2_n100_s42_c0.0_p500000_imagefps_minfarthestpose_i100_gteval_steps15000_val_step14999.json,500000,/home/ojab2/work/git/gsplat/results/vggt_outputs/kitchen_2_n100_s42_c0.0_p500000_imagefps_minfarthestpose_i100_gteval_steps15000/stats/config.json,True,1.6301896572113037,vggt | imagefps,487500.0
vggt,100,42,0.0,1000000,imagefps,,,,0,10,minfarthestpose,100,GT Eval,,,,,False,,,,,0.0,,False,1.0,1.0,vggt,kitchen,,,15000,15000,,MCMC,,,,,,,,,,,gsplat,,indoor,19.940673828125,0.26386550068855286,0.46661365032196045,1000000,0.005697792861610651,0.28279703855514526,,,0.38569802711968915,0.33477869392843274,1000000,/home/ojab2/work/git/gsplat/results/vggt_outputs/kitchen_2_n100_s42_c0.0_p1000000_imagefps_minfarthestpose_i100_gteval_steps15000/stats/val_step14999.json,/home/ojab2/work/git/gsplat/results/vggt_outputs/kitchen_2_n100_s42_c0.0_p1000000_imagefps_minfarthestpose_i100_gteval_steps15000/stats/val_step14999.json,kitchen_2_n100_s42_c0.0_p1000000_imagefps_minfarthestpose_i100_gteval_steps15000,0.2827,0.025851,100,4.144792,,,,2.384185791015625e-07,0,0,278.2953288555145,/home/ojab2/work/git/vggt/vggt_outputs/kitchen_2_n100_s42_c0.0_p1000000_imagefps_minfarthestpose/eval_results.json,kitchen_2_n100_s42_c0.0_p1000000_imagefps_minfarthestpose,kitchen_2_n100_s42_c0.0_p1000000_imagefps_minfarthestpose_i100_gteval_steps15000_val_step14999.json,1000000,/home/ojab2/work/git/gsplat/results/vggt_outputs/kitchen_2_n100_s42_c0.0_p1000000_imagefps_minfarthestpose_i100_gteval_steps15000/stats/config.json,True,1.7646639347076416,vggt | imagefps,975000.0
vggt,100,42,0.0,1000,random,,,,0,10,minfarthestpose,100,GT Eval,,,,,False,,,,,0.0,,False,1.0,1.0,vggt,kitchen,,,15000,15000,,MCMC,,,,,,,,,,,gsplat,,indoor,21.008859634399414,0.4288669526576996,0.5320281982421875,1000000,0.005697792861610651,0.2827966511249542,,,0.34188061921607377,0.3736262307824014,1000,/home/ojab2/work/git/gsplat/results/vggt_outputs/kitchen_2_n100_s42_c0.0_p1000_random_minfarthestpose_i100_gteval_steps15000/stats/val_step14999.json,/home/ojab2/work/git/gsplat/results/vggt_outputs/kitchen_2_n100_s42_c0.0_p1000_random_minfarthestpose_i100_gteval_steps15000/stats/val_step14999.json,kitchen_2_n100_s42_c0.0_p1000_random_minfarthestpose_i100_gteval_steps15000,0.2827,0.025851,100,4.144792,,,,0.0,0,0,2.6552157402038574,/home/ojab2/work/git/vggt/vggt_outputs/kitchen_2_n100_s42_c0.0_p1000_random_minfarthestpose/eval_results.json,kitchen_2_n100_s42_c0.0_p1000_random_minfarthestpose,kitchen_2_n100_s42_c0.0_p1000_random_minfarthestpose_i100_gteval_steps15000_val_step14999.json,1000,,True,0.7549920082092285,vggt | random,1025.0
vggt,100,42,0.0,5000,random,,,,0,10,minfarthestpose,100,GT Eval,,,,,False,,,,,0.0,,False,1.0,1.0,vggt,kitchen,,,15000,15000,,MCMC,,,,,,,,,,,gsplat,,indoor,20.97922134399414,0.29624590277671814,0.5099262595176697,1000000,0.005697792861610651,0.2827971577644348,,,0.4102714972266755,0.3347599834370849,5000,/home/ojab2/work/git/gsplat/results/vggt_outputs/kitchen_2_n100_s42_c0.0_p5000_random_minfarthestpose_i100_gteval_steps15000/stats/val_step14999.json,/home/ojab2/work/git/gsplat/results/vggt_outputs/kitchen_2_n100_s42_c0.0_p5000_random_minfarthestpose_i100_gteval_steps15000/stats/val_step14999.json,kitchen_2_n100_s42_c0.0_p5000_random_minfarthestpose_i100_gteval_steps15000,0.2827,0.025851,100,4.144792,,,,0.0,0,0,2.630373954772949,/home/ojab2/work/git/vggt/vggt_outputs/kitchen_2_n100_s42_c0.0_p5000_random_minfarthestpose/eval_results.json,kitchen_2_n100_s42_c0.0_p5000_random_minfarthestpose,kitchen_2_n100_s42_c0.0_p5000_random_minfarthestpose_i100_gteval_steps15000_val_step14999.json,5000,,True,0.724337100982666,vggt | random,5125.0
vggt,100,42,0.0,10000,random,,,,0,10,minfarthestpose,100,GT Eval,,,,,False,,,,,0.0,,False,1.0,1.0,vggt,kitchen,,,15000,15000,,MCMC,,,,,,,,,,,gsplat,,indoor,20.83428192138672,0.27028828859329224,0.5021673440933228,1000000,0.005697792861610651,0.2827967405319214,,,0.4190732750356624,0.3280377002960355,10000,/home/ojab2/work/git/gsplat/results/vggt_outputs/kitchen_2_n100_s42_c0.0_p10000_random_minfarthestpose_i100_gteval_steps15000/stats/val_step14999.json,/home/ojab2/work/git/gsplat/results/vggt_outputs/kitchen_2_n100_s42_c0.0_p10000_random_minfarthestpose_i100_gteval_steps15000/stats/val_step14999.json,kitchen_2_n100_s42_c0.0_p10000_random_minfarthestpose_i100_gteval_steps15000,0.2827,0.025851,100,4.144792,,,,0.0,0,0,2.695605516433716,/home/ojab2/work/git/vggt/vggt_outputs/kitchen_2_n100_s42_c0.0_p10000_random_minfarthestpose/eval_results.json,kitchen_2_n100_s42_c0.0_p10000_random_minfarthestpose,kitchen_2_n100_s42_c0.0_p10000_random_minfarthestpose_i100_gteval_steps15000_val_step14999.json,10000,,True,0.7696542739868164,vggt | random,10250.0
vggt,100,42,0.0,50000,random,,,,0,10,minfarthestpose,100,GT Eval,,,,,False,,,,,0.0,,False,1.0,1.0,vggt,kitchen,,,15000,15000,,MCMC,,,,,,,,,,,gsplat,,indoor,20.64128875732422,0.23624452948570251,0.49083322286605835,1000000,0.005697792861610651,0.2827965021133423,,,0.4298858526002439,0.3194769953900525,50000,/home/ojab2/work/git/gsplat/results/vggt_outputs/kitchen_2_n100_s42_c0.0_p50000_random_minfarthestpose_i100_gteval_steps15000/stats/val_step14999.json,/home/ojab2/work/git/gsplat/results/vggt_outputs/kitchen_2_n100_s42_c0.0_p50000_random_minfarthestpose_i100_gteval_steps15000/stats/val_step14999.json,kitchen_2_n100_s42_c0.0_p50000_random_minfarthestpose_i100_gteval_steps15000,0.2827,0.025851,100,4.144792,,,,2.384185791015625e-07,0,0,2.9416112899780273,/home/ojab2/work/git/vggt/vggt_outputs/kitchen_2_n100_s42_c0.0_p50000_random_minfarthestpose/eval_results.json,kitchen_2_n100_s42_c0.0_p50000_random_minfarthestpose,kitchen_2_n100_s42_c0.0_p50000_random_minfarthestpose_i100_gteval_steps15000_val_step14999.json,50000,,True,0.7778463363647461,vggt | random,51249.99999999999
vggt,100,42,0.0,100000,random,,,,0,10,minfarthestpose,100,GT Eval,,,,,False,,,,,0.0,,False,1.0,1.0,vggt,kitchen,,,15000,15000,,MCMC,,,,,,,,,,,gsplat,,indoor,20.49005699157715,0.22959475219249725,0.4848734140396118,1000000,0.005697792861610651,0.28279656171798706,,,0.42770479682438395,0.3187502952410298,100000,/home/ojab2/work/git/gsplat/results/vggt_outputs/kitchen_2_n100_s42_c0.0_p100000_random_minfarthestpose_i100_gteval_steps15000/stats/val_step14999.json,/home/ojab2/work/git/gsplat/results/vggt_outputs/kitchen_2_n100_s42_c0.0_p100000_random_minfarthestpose_i100_gteval_steps15000/stats/val_step14999.json,kitchen_2_n100_s42_c0.0_p100000_random_minfarthestpose_i100_gteval_steps15000,0.2827,0.025851,100,4.144792,,,,,,,,/home/ojab2/work/git/vggt/vggt_outputs/kitchen_2_n100_s42_c0.0_p100000_random_minfarthestpose/eval_results.json,kitchen_2_n100_s42_c0.0_p100000_random_minfarthestpose,kitchen_2_n100_s42_c0.0_p100000_random_minfarthestpose_i100_gteval_steps15000_val_step14999.json,100000,,,,vggt | random,102499.99999999999
vggt,100,42,0.0,500000,random,,,,0,10,minfarthestpose,100,GT Eval,,,,,False,,,,,0.0,,False,1.0,1.0,vggt,kitchen,,,15000,15000,,MCMC,,,,,,,,,,,gsplat,,indoor,20.12639808654785,0.23041480779647827,0.4776942729949951,1000000,0.005697792861610651,0.2827964723110199,,,0.41626583739795653,0.32094506024800085,500000,/home/ojab2/work/git/gsplat/results/vggt_outputs/kitchen_2_n100_s42_c0.0_p500000_random_minfarthestpose_i100_gteval_steps15000/stats/val_step14999.json,/home/ojab2/work/git/gsplat/results/vggt_outputs/kitchen_2_n100_s42_c0.0_p500000_random_minfarthestpose_i100_gteval_steps15000/stats/val_step14999.json,kitchen_2_n100_s42_c0.0_p500000_random_minfarthestpose_i100_gteval_steps15000,0.2827,0.025851,100,4.144792,,,,0.0,0,0,6.049306154251099,/home/ojab2/work/git/vggt/vggt_outputs/kitchen_2_n100_s42_c0.0_p500000_random_minfarthestpose/eval_results.json,kitchen_2_n100_s42_c0.0_p500000_random_minfarthestpose,kitchen_2_n100_s42_c0.0_p500000_random_minfarthestpose_i100_gteval_steps15000_val_step14999.json,500000,,True,0.7335402965545654,vggt | random,512499.99999999994
vggt,100,42,0.0,1000000,random,,,,0,10,minfarthestpose,100,GT Eval,,,,,False,,,,,0.0,,False,1.0,1.0,vggt,kitchen,,,15000,15000,,MCMC,,,,,,,,,,,gsplat,,indoor,19.999990463256836,0.23696142435073853,0.47009435296058655,1000000,0.005697792861610651,0.2827964425086975,,,0.4054394364744289,0.32496921015808616,1000000,/home/ojab2/work/git/gsplat/results/vggt_outputs/kitchen_2_n100_s42_c0.0_p1000000_random_minfarthestpose_i100_gteval_steps15000/stats/val_step14999.json,/home/ojab2/work/git/gsplat/results/vggt_outputs/kitchen_2_n100_s42_c0.0_p1000000_random_minfarthestpose_i100_gteval_steps15000/stats/val_step14999.json,kitchen_2_n100_s42_c0.0_p1000000_random_minfarthestpose_i100_gteval_steps15000,0.2827,0.025851,100,4.144792,,,,0.0,0,0,9.437143564224243,/home/ojab2/work/git/vggt/vggt_outputs/kitchen_2_n100_s42_c0.0_p1000000_random_minfarthestpose/eval_results.json,kitchen_2_n100_s42_c0.0_p1000000_random_minfarthestpose,kitchen_2_n100_s42_c0.0_p1000000_random_minfarthestpose_i100_gteval_steps15000_val_step14999.json,1000000,,True,0.7315318584442139,vggt | random,1024999.9999999999
vggt,100,42,0.0,1000,voxels,,,,0,10,minfarthestpose,100,GT Eval,,,,,False,,,,,0.0,,False,1.0,1.0,vggt,kitchen,,,15000,15000,,MCMC,,,,,,,,,,,gsplat,,indoor,20.918622970581055,0.44738391041755676,0.5296737551689148,1000000,0.005697792861610651,0.28279605507850647,,,0.3274024817523746,0.38042693083336665,916,/home/ojab2/work/git/gsplat/results/vggt_outputs/kitchen_2_n100_s42_c0.0_p1000_voxels_minfarthestpose_i100_gteval_steps15000/stats/val_step14999.json,/home/ojab2/work/git/gsplat/results/vggt_outputs/kitchen_2_n100_s42_c0.0_p1000_voxels_minfarthestpose_i100_gteval_steps15000/stats/val_step14999.json,kitchen_2_n100_s42_c0.0_p1000_voxels_minfarthestpose_i100_gteval_steps15000,0.2827,0.025851,100,4.144792,,,,2.384185791015625e-07,0,0,11.817140102386475,/home/ojab2/work/git/vggt/vggt_outputs/kitchen_2_n100_s42_c0.0_p1000_voxels_minfarthestpose/eval_results.json,kitchen_2_n100_s42_c0.0_p1000_voxels_minfarthestpose,kitchen_2_n100_s42_c0.0_p1000_voxels_minfarthestpose_i100_gteval_steps15000_val_step14999.json,916,,True,0.7665183544158936,vggt | voxels,1075.0
vggt,100,42,0.0,5000,voxels,,,,0,10,minfarthestpose,100,GT Eval,,,,,False,,,,,0.0,,False,1.0,1.0,vggt,kitchen,,,15000,15000,,MCMC,,,,,,,,,,,gsplat,,indoor,20.738309860229492,0.31785011291503906,0.5065983533859253,1000000,0.005697792861610651,0.2827960252761841,,,0.3905280973324146,0.3429040961251092,4905,/home/ojab2/work/git/gsplat/results/vggt_outputs/kitchen_2_n100_s42_c0.0_p5000_voxels_minfarthestpose_i100_gteval_steps15000/stats/val_step14999.json,/home/ojab2/work/git/gsplat/results/vggt_outputs/kitchen_2_n100_s42_c0.0_p5000_voxels_minfarthestpose_i100_gteval_steps15000/stats/val_step14999.json,kitchen_2_n100_s42_c0.0_p5000_voxels_minfarthestpose_i100_gteval_steps15000,0.2827,0.025851,100,4.144792,,,,0.0,0,0,12.358691215515137,/home/ojab2/work/git/vggt/vggt_outputs/kitchen_2_n100_s42_c0.0_p5000_voxels_minfarthestpose/eval_results.json,kitchen_2_n100_s42_c0.0_p5000_voxels_minfarthestpose,kitchen_2_n100_s42_c0.0_p5000_voxels_minfarthestpose_i100_gteval_steps15000_val_step14999.json,4905,,True,0.742969274520874,vggt | voxels,5375.0
vggt,100,42,0.0,10000,voxels,,,,0,10,minfarthestpose,100,GT Eval,,,,,False,,,,,0.0,,False,1.0,1.0,vggt,kitchen,,,15000,15000,,MCMC,,,,,,,,,,,gsplat,,indoor,20.762035369873047,0.28554871678352356,0.5006712675094604,1000000,0.005697792861610651,0.2827960252761841,,,0.4074404599451259,0.3335237824357886,9787,/home/ojab2/work/git/gsplat/results/vggt_outputs/kitchen_2_n100_s42_c0.0_p10000_voxels_minfarthestpose_i100_gteval_steps15000/stats/val_step14999.json,/home/ojab2/work/git/gsplat/results/vggt_outputs/kitchen_2_n100_s42_c0.0_p10000_voxels_minfarthestpose_i100_gteval_steps15000/stats/val_step14999.json,kitchen_2_n100_s42_c0.0_p10000_voxels_minfarthestpose_i100_gteval_steps15000,0.2827,0.025851,100,4.144792,,,,2.384185791015625e-07,0,0,12.024406671524048,/home/ojab2/work/git/vggt/vggt_outputs/kitchen_2_n100_s42_c0.0_p10000_voxels_minfarthestpose/eval_results.json,kitchen_2_n100_s42_c0.0_p10000_voxels_minfarthestpose,kitchen_2_n100_s42_c0.0_p10000_voxels_minfarthestpose_i100_gteval_steps15000_val_step14999.json,9787,,True,0.8161442279815674,vggt | voxels,10750.0
vggt,100,42,0.0,50000,voxels,,,,0,10,minfarthestpose,100,GT Eval,,,,,False,,,,,0.0,,False,1.0,1.0,vggt,kitchen,,,15000,15000,,MCMC,,,,,,,,,,,gsplat,,indoor,20.45781898498535,0.254117488861084,0.4875398874282837,1000000,0.005697792861610651,0.282796710729599,,,0.4135296460945471,0.326326725698841,48936,/home/ojab2/work/git/gsplat/results/vggt_outputs/kitchen_2_n100_s42_c0.0_p50000_voxels_minfarthestpose_i100_gteval_steps15000/stats/val_step14999.json,/home/ojab2/work/git/gsplat/results/vggt_outputs/kitchen_2_n100_s42_c0.0_p50000_voxels_minfarthestpose_i100_gteval_steps15000/stats/val_step14999.json,kitchen_2_n100_s42_c0.0_p50000_voxels_minfarthestpose_i100_gteval_steps15000,0.2827,0.025851,100,4.144792,,,,0.0,0,0,12.809751749038696,/home/ojab2/work/git/vggt/vggt_outputs/kitchen_2_n100_s42_c0.0_p50000_voxels_minfarthestpose/eval_results.json,kitchen_2_n100_s42_c0.0_p50000_voxels_minfarthestpose,kitchen_2_n100_s42_c0.0_p50000_voxels_minfarthestpose_i100_gteval_steps15000_val_step14999.json,48936,,True,0.7644267082214355,vggt | voxels,53750.0
vggt,100,42,0.0,100000,voxels,,,,0,10,minfarthestpose,100,GT Eval,,,,,False,,,,,0.0,,False,1.0,1.0,vggt,kitchen,,,15000,15000,,MCMC,,,,,,,,,,,gsplat,,indoor,20.264362335205078,0.25194111466407776,0.4869026243686676,1000000,0.005697792861610651,0.28280097246170044,,,0.41091788794949435,0.32588623710758874,99824,/home/ojab2/work/git/gsplat/results/vggt_outputs/kitchen_2_n100_s42_c0.0_p100000_voxels_minfarthestpose_i100_gteval_steps15000/stats/val_step14999.json,/home/ojab2/work/git/gsplat/results/vggt_outputs/kitchen_2_n100_s42_c0.0_p100000_voxels_minfarthestpose_i100_gteval_steps15000/stats/val_step14999.json,kitchen_2_n100_s42_c0.0_p100000_voxels_minfarthestpose_i100_gteval_steps15000,0.2827,0.025851,100,4.144792,,,,0.0,0,0,13.38945460319519,/home/ojab2/work/git/vggt/vggt_outputs/kitchen_2_n100_s42_c0.0_p100000_voxels_minfarthestpose/eval_results.json,kitchen_2_n100_s42_c0.0_p100000_voxels_minfarthestpose,kitchen_2_n100_s42_c0.0_p100000_voxels_minfarthestpose_i100_gteval_steps15000_val_step14999.json,99824,,True,0.7585244178771973,vggt | voxels,107500.0
vggt,100,42,0.0,500000,voxels,,,,0,10,minfarthestpose,100,GT Eval,,,,,False,,,,,0.0,,False,1.0,1.0,vggt,kitchen,,,15000,15000,,MCMC,,,,,,,,,,,gsplat,,indoor,19.510787963867188,0.26581186056137085,0.47623541951179504,1000000,0.005697792861610651,0.2828007936477661,,,0.38216248667805597,0.3335733410841309,451475,/home/ojab2/work/git/gsplat/results/vggt_outputs/kitchen_2_n100_s42_c0.0_p500000_voxels_minfarthestpose_i100_gteval_steps15000/stats/val_step14999.json,/home/ojab2/work/git/gsplat/results/vggt_outputs/kitchen_2_n100_s42_c0.0_p500000_voxels_minfarthestpose_i100_gteval_steps15000/stats/val_step14999.json,kitchen_2_n100_s42_c0.0_p500000_voxels_minfarthestpose_i100_gteval_steps15000,0.2827,0.025851,100,4.144792,,,,0.0,0,0,16.670735120773315,/home/ojab2/work/git/vggt/vggt_outputs/kitchen_2_n100_s42_c0.0_p500000_voxels_minfarthestpose/eval_results.json,kitchen_2_n100_s42_c0.0_p500000_voxels_minfarthestpose,kitchen_2_n100_s42_c0.0_p500000_voxels_minfarthestpose_i100_gteval_steps15000_val_step14999.json,451475,,True,0.7270081043243408,vggt | voxels,537500.0
vggt,100,42,0.0,1000000,voxels,,,,0,10,minfarthestpose,100,GT Eval,,,,,False,,,,,0.0,,False,1.0,1.0,vggt,kitchen,,,15000,15000,,MCMC,,,,,,,,,,,gsplat,,indoor,19.455049514770508,0.26906731724739075,0.4731311798095703,1000000,0.005697792861610651,0.2828008234500885,,,0.3773054071569536,0.3354205121765733,999057,/home/ojab2/work/git/gsplat/results/vggt_outputs/kitchen_2_n100_s42_c0.0_p1000000_voxels_minfarthestpose_i100_gteval_steps15000/stats/val_step14999.json,/home/ojab2/work/git/gsplat/results/vggt_outputs/kitchen_2_n100_s42_c0.0_p1000000_voxels_minfarthestpose_i100_gteval_steps15000/stats/val_step14999.json,kitchen_2_n100_s42_c0.0_p1000000_voxels_minfarthestpose_i100_gteval_steps15000,0.2827,0.025851,100,4.144792,,,,0.0,0,0,20.859253883361816,/home/ojab2/work/git/vggt/vggt_outputs/kitchen_2_n100_s42_c0.0_p1000000_voxels_minfarthestpose/eval_results.json,kitchen_2_n100_s42_c0.0_p1000000_voxels_minfarthestpose,kitchen_2_n100_s42_c0.0_p1000000_voxels_minfarthestpose_i100_gteval_steps15000_val_step14999.json,999057,,True,0.775031566619873,vggt | voxels,1075000.0
colmap,100,42,,70681,,,,,0,10,minfarthestpose,100,GT Eval,,,,,False,,,,,0.0,,False,1.0,1.0,colmap,kitchen,,,15000,15000,default,MCMC,,,,,Shared Cam,,,,,,gsplat,,indoor,21.721317291259766,0.13745442032814026,0.497666597366333,1000000,0.0009086028439924121,0.10134392976760864,,,0.5148640553079076,0.28431232380636884,70681,/home/ojab2/work/git/gsplat/results/colmap_outputs/kitchen_2_n100_s42_default_minfarthestpose_sharedcam_i100_gteval_steps15000/stats/val_step14999.json,/home/ojab2/work/git/gsplat/results/colmap_outputs/kitchen_2_n100_s42_default_minfarthestpose_sharedcam_i100_gteval_steps15000/stats/val_step14999.json,kitchen_2_n100_s42_default_minfarthestpose_sharedcam_i100_gteval_steps15000,0.1013,0.003655,100,1.017479,,,,127.14479780197144,10130,10130,0.0,/home/ojab2/work/git/vggt/colmap_outputs/kitchen_2_n100_s42_default_minfarthestpose_sharedcam/eval_results.json,kitchen_2_n100_s42_default_minfarthestpose_sharedcam,kitchen_2_n100_s42_default_minfarthestpose_sharedcam_i100_gteval_steps15000_val_step14999.json,70681,,,,colmap | ,79516.125
vggt,100,42,,26540,ba,,,,0,10,minfarthestpose,100,GT Eval,,,,,False,,,,,0.0,,False,1.0,1.0,vggt,counter,radial,,15000,15000,,MCMC,,,,,Shared Cam,,,Use BA,aliked+sp,250,gsplat,,indoor,19.20227813720703,0.3469636142253876,0.6140293478965759,1000000,0.004877034574747086,0.4512208104133606,,,0.40693691130812254,0.32674843909909157,26540,/home/ojab2/work/git/gsplat/results/vggt_outputs/counter_2_n100_s42_mradial_aliked-sp_ba_minfarthestpose_useba_maxba250_sharedcam_i100_gteval_steps15000/stats/val_step14999.json,/home/ojab2/work/git/gsplat/results/vggt_outputs/counter_2_n100_s42_mradial_aliked-sp_ba_minfarthestpose_useba_maxba250_sharedcam_i100_gteval_steps15000/stats/val_step14999.json,counter_2_n100_s42_mradial_aliked-sp_ba_minfarthestpose_useba_maxba250_sharedcam_i100_gteval_steps15000,0.4512,0.019227,100,4.516334,,,,0.0,0,0,163.89044737815857,/home/ojab2/work/git/vggt/vggt_outputs/counter_2_n100_s42_mradial_aliked-sp_ba_minfarthestpose_useba_maxba250_sharedcam/eval_results.json,counter_2_n100_s42_mradial_aliked-sp_ba_minfarthestpose_useba_maxba250_sharedcam,counter_2_n100_s42_mradial_aliked-sp_ba_minfarthestpose_useba_maxba250_sharedcam_i100_gteval_steps15000_val_step14999.json,26540,,True,1.6277790069580078,vggt | ba,23222.5
vggt,100,42,0.0,1000,confidence,,,,0,10,minfarthestpose,100,GT Eval,,,,,False,,,,,0.0,,False,1.0,1.0,vggt,counter,,,15000,15000,,MCMC,,,,,,,,,,,gsplat,,indoor,20.298433303833008,0.4537251889705658,0.6581417322158813,1000000,0.007659002672880888,0.3872617483139038,,,0.38713059040383135,0.34924918963289847,1000,/home/ojab2/work/git/gsplat/results/vggt_outputs/counter_2_n100_s42_c0.0_p1000_confidence_minfarthestpose_i100_gteval_steps15000/stats/val_step14999.json,/home/ojab2/work/git/gsplat/results/vggt_outputs/counter_2_n100_s42_c0.0_p1000_confidence_minfarthestpose_i100_gteval_steps15000/stats/val_step14999.json,counter_2_n100_s42_c0.0_p1000_confidence_minfarthestpose_i100_gteval_steps15000,0.3873,0.030482,100,4.485239,,,,0.0,0,0,3.0573837757110596,/home/ojab2/work/git/vggt/vggt_outputs/counter_2_n100_s42_c0.0_p1000_confidence_minfarthestpose/eval_results.json,counter_2_n100_s42_c0.0_p1000_confidence_minfarthestpose,counter_2_n100_s42_c0.0_p1000_confidence_minfarthestpose_i100_gteval_steps15000_val_step14999.json,1000,,True,1.0863912105560303,vggt | confidence,925.0
vggt,100,42,0.0,5000,confidence,,,,0,10,minfarthestpose,100,GT Eval,,,,,False,,,,,0.0,,False,1.0,1.0,vggt,counter,,,15000,15000,,MCMC,,,,,,,,,,,gsplat,,indoor,20.222375869750977,0.36185190081596375,0.6439658999443054,1000000,0.007659002672880888,0.3872615694999695,,,0.43414406527785065,0.3226795601967881,5000,/home/ojab2/work/git/gsplat/results/vggt_outputs/counter_2_n100_s42_c0.0_p5000_confidence_minfarthestpose_i100_gteval_steps15000/stats/val_step14999.json,/home/ojab2/work/git/gsplat/results/vggt_outputs/counter_2_n100_s42_c0.0_p5000_confidence_minfarthestpose_i100_gteval_steps15000/stats/val_step14999.json,counter_2_n100_s42_c0.0_p5000_confidence_minfarthestpose_i100_gteval_steps15000,0.3873,0.030482,100,4.485239,,,,0.0,0,0,3.168391227722168,/home/ojab2/work/git/vggt/vggt_outputs/counter_2_n100_s42_c0.0_p5000_confidence_minfarthestpose/eval_results.json,counter_2_n100_s42_c0.0_p5000_confidence_minfarthestpose,counter_2_n100_s42_c0.0_p5000_confidence_minfarthestpose_i100_gteval_steps15000_val_step14999.json,5000,,True,1.0648550987243652,vggt | confidence,4625.0
vggt,100,42,0.0,10000,confidence,,,,0,10,minfarthestpose,100,GT Eval,,,,,False,,,,,0.0,,False,1.0,1.0,vggt,counter,,,15000,15000,,MCMC,,,,,,,,,,,gsplat,,indoor,20.158292770385742,0.3362121880054474,0.6360782384872437,1000000,0.007659002672880888,0.3872615396976471,,,0.44417165691315,0.31637118333293535,10000,/home/ojab2/work/git/gsplat/results/vggt_outputs/counter_2_n100_s42_c0.0_p10000_confidence_minfarthestpose_i100_gteval_steps15000/stats/val_step14999.json,/home/ojab2/work/git/gsplat/results/vggt_outputs/counter_2_n100_s42_c0.0_p10000_confidence_minfarthestpose_i100_gteval_steps15000/stats/val_step14999.json,counter_2_n100_s42_c0.0_p10000_confidence_minfarthestpose_i100_gteval_steps15000,0.3873,0.030482,100,4.485239,,,,2.384185791015625e-07,0,0,2.4963345527648926,/home/ojab2/work/git/vggt/vggt_outputs/counter_2_n100_s42_c0.0_p10000_confidence_minfarthestpose/eval_results.json,counter_2_n100_s42_c0.0_p10000_confidence_minfarthestpose,counter_2_n100_s42_c0.0_p10000_confidence_minfarthestpose_i100_gteval_steps15000_val_step14999.json,10000,,True,0.838965654373169,vggt | confidence,9250.0
vggt,100,42,0.0,50000,confidence,,,,0,10,minfarthestpose,100,GT Eval,,,,,False,,,,,0.0,,False,1.0,1.0,vggt,counter,,,15000,15000,,MCMC,,,,,,,,,,,gsplat,,indoor,20.098201751708984,0.3046751618385315,0.6225287914276123,1000000,0.007659002672880888,0.3872615098953247,,,0.454602507122776,0.309612812349195,50000,/home/ojab2/work/git/gsplat/results/vggt_outputs/counter_2_n100_s42_c0.0_p50000_confidence_minfarthestpose_i100_gteval_steps15000/stats/val_step14999.json,/home/ojab2/work/git/gsplat/results/vggt_outputs/counter_2_n100_s42_c0.0_p50000_confidence_minfarthestpose_i100_gteval_steps15000/stats/val_step14999.json,counter_2_n100_s42_c0.0_p50000_confidence_minfarthestpose_i100_gteval_steps15000,0.3873,0.030482,100,4.485239,,,,0.0,0,0,2.861292600631714,/home/ojab2/work/git/vggt/vggt_outputs/counter_2_n100_s42_c0.0_p50000_confidence_minfarthestpose/eval_results.json,counter_2_n100_s42_c0.0_p50000_confidence_minfarthestpose,counter_2_n100_s42_c0.0_p50000_confidence_minfarthestpose_i100_gteval_steps15000_val_step14999.json,50000,,True,0.7956511974334717,vggt | confidence,46250.0
vggt,100,42,0.0,100000,confidence,,,,0,10,minfarthestpose,100,GT Eval,,,,,False,,,,,0.0,,False,1.0,1.0,vggt,counter,,,15000,15000,,MCMC,,,,,,,,,,,gsplat,,indoor,20.104398727416992,0.2985679507255554,0.6186600923538208,1000000,0.007659002672880888,0.38726142048835754,,,0.4562247522160788,0.3086192275355719,100000,/home/ojab2/work/git/gsplat/results/vggt_outputs/counter_2_n100_s42_c0.0_p100000_confidence_minfarthestpose_i100_gteval_steps15000/stats/val_step14999.json,/home/ojab2/work/git/gsplat/results/vggt_outputs/counter_2_n100_s42_c0.0_p100000_confidence_minfarthestpose_i100_gteval_steps15000/stats/val_step14999.json,counter_2_n100_s42_c0.0_p100000_confidence_minfarthestpose_i100_gteval_steps15000,0.3873,0.030482,100,4.485239,,,,0.0,0,0,3.2635350227355957,/home/ojab2/work/git/vggt/vggt_outputs/counter_2_n100_s42_c0.0_p100000_confidence_minfarthestpose/eval_results.json,counter_2_n100_s42_c0.0_p100000_confidence_minfarthestpose,counter_2_n100_s42_c0.0_p100000_confidence_minfarthestpose_i100_gteval_steps15000_val_step14999.json,100000,,True,0.8075981140136719,vggt | confidence,92500.0
vggt,100,42,0.0,500000,confidence,,,,0,10,minfarthestpose,100,GT Eval,,,,,False,,,,,0.0,,False,1.0,1.0,vggt,counter,,,15000,15000,,MCMC,,,,,,,,,,,gsplat,,indoor,20.06814956665039,0.29317721724510193,0.613149106502533,1000000,0.007659002672880888,0.38726142048835754,,,0.4556582859772378,0.30833163611253545,500000,/home/ojab2/work/git/gsplat/results/vggt_outputs/counter_2_n100_s42_c0.0_p500000_confidence_minfarthestpose_i100_gteval_steps15000/stats/val_step14999.json,/home/ojab2/work/git/gsplat/results/vggt_outputs/counter_2_n100_s42_c0.0_p500000_confidence_minfarthestpose_i100_gteval_steps15000/stats/val_step14999.json,counter_2_n100_s42_c0.0_p500000_confidence_minfarthestpose_i100_gteval_steps15000,0.3873,0.030482,100,4.485239,,,,0.0,0,0,6.628199338912964,/home/ojab2/work/git/vggt/vggt_outputs/counter_2_n100_s42_c0.0_p500000_confidence_minfarthestpose/eval_results.json,counter_2_n100_s42_c0.0_p500000_confidence_minfarthestpose,counter_2_n100_s42_c0.0_p500000_confidence_minfarthestpose_i100_gteval_steps15000_val_step14999.json,500000,,True,0.85202956199646,vggt | confidence,462500.0
vggt,100,42,0.0,1000000,confidence,,,,0,10,minfarthestpose,100,GT Eval,,,,,False,,,,,0.0,,False,1.0,1.0,vggt,counter,,,15000,15000,,MCMC,,,,,,,,,,,gsplat,,indoor,20.0633602142334,0.2952800989151001,0.6122857928276062,1000000,0.007659002672880888,0.3872614800930023,,,0.453766657362672,0.30926742572372784,1000000,/home/ojab2/work/git/gsplat/results/vggt_outputs/counter_2_n100_s42_c0.0_p1000000_confidence_minfarthestpose_i100_gteval_steps15000/stats/val_step14999.json,/home/ojab2/work/git/gsplat/results/vggt_outputs/counter_2_n100_s42_c0.0_p1000000_confidence_minfarthestpose_i100_gteval_steps15000/stats/val_step14999.json,counter_2_n100_s42_c0.0_p1000000_confidence_minfarthestpose_i100_gteval_steps15000,0.3873,0.030482,100,4.485239,,,,2.384185791015625e-07,0,0,10.455135822296143,/home/ojab2/work/git/vggt/vggt_outputs/counter_2_n100_s42_c0.0_p1000000_confidence_minfarthestpose/eval_results.json,counter_2_n100_s42_c0.0_p1000000_confidence_minfarthestpose,counter_2_n100_s42_c0.0_p1000000_confidence_minfarthestpose_i100_gteval_steps15000_val_step14999.json,1000000,,True,0.7880196571350098,vggt | confidence,925000.0
vggt,100,42,0.0,1000,imagefps,,,,0,10,minfarthestpose,100,GT Eval,,,,,False,,,,,0.0,,False,1.0,1.0,vggt,counter,,,15000,15000,,MCMC,,,,,,,,,,,gsplat,,indoor,20.379301071166992,0.45736226439476013,0.6598588824272156,1000000,0.007659002672880888,0.3872610330581665,,,0.3873872147743542,0.34991404272639653,1000,/home/ojab2/work/git/gsplat/results/vggt_outputs/counter_2_n100_s42_c0.0_p1000_imagefps_minfarthestpose_i100_gteval_steps15000/stats/val_step14999.json,/home/ojab2/work/git/gsplat/results/vggt_outputs/counter_2_n100_s42_c0.0_p1000_imagefps_minfarthestpose_i100_gteval_steps15000/stats/val_step14999.json,counter_2_n100_s42_c0.0_p1000_imagefps_minfarthestpose_i100_gteval_steps15000,0.3873,0.030482,100,4.485239,,,,0.0,0,0,4.157998323440552,/home/ojab2/work/git/vggt/vggt_outputs/counter_2_n100_s42_c0.0_p1000_imagefps_minfarthestpose/eval_results.json,counter_2_n100_s42_c0.0_p1000_imagefps_minfarthestpose,counter_2_n100_s42_c0.0_p1000_imagefps_minfarthestpose_i100_gteval_steps15000_val_step14999.json,1000,/home/ojab2/work/git/gsplat/results/vggt_outputs/counter_2_n100_s42_c0.0_p1000_imagefps_minfarthestpose_i100_gteval_steps15000/stats/config.json,True,3.7052133083343506,vggt | imagefps,975.0
vggt,100,42,0.0,5000,imagefps,,,,0,10,minfarthestpose,100,GT Eval,,,,,False,,,,,0.0,,False,1.0,1.0,vggt,counter,,,15000,15000,,MCMC,,,,,,,,,,,gsplat,,indoor,20.270261764526367,0.36358171701431274,0.6446800827980042,1000000,0.007659002672880888,0.3872610032558441,,,0.43438070412190266,0.32302185207283585,5000,/home/ojab2/work/git/gsplat/results/vggt_outputs/counter_2_n100_s42_c0.0_p5000_imagefps_minfarthestpose_i100_gteval_steps15000/stats/val_step14999.json,/home/ojab2/work/git/gsplat/results/vggt_outputs/counter_2_n100_s42_c0.0_p5000_imagefps_minfarthestpose_i100_gteval_steps15000/stats/val_step14999.json,counter_2_n100_s42_c0.0_p5000_imagefps_minfarthestpose_i100_gteval_steps15000,0.3873,0.030482,100,4.485239,,,,0.0,0,0,5.059723138809204,/home/ojab2/work/git/vggt/vggt_outputs/counter_2_n100_s42_c0.0_p5000_imagefps_minfarthestpose/eval_results.json,counter_2_n100_s42_c0.0_p5000_imagefps_minfarthestpose,counter_2_n100_s42_c0.0_p5000_imagefps_minfarthestpose_i100_gteval_steps15000_val_step14999.json,5000,/home/ojab2/work/git/gsplat/results/vggt_outputs/counter_2_n100_s42_c0.0_p5000_imagefps_minfarthestpose_i100_gteval_steps15000/stats/config.json,True,1.7771973609924316,vggt | imagefps,4875.0
vggt,100,42,0.0,10000,imagefps,,,,0,10,minfarthestpose,100,GT Eval,,,,,False,,,,,0.0,,False,1.0,1.0,vggt,counter,,,15000,15000,,MCMC,,,,,,,,,,,gsplat,,indoor,20.165157318115234,0.34084072709083557,0.6371438503265381,1000000,0.007659002672880888,0.3872610032558441,,,0.4420648200934858,0.31761433367571656,10000,/home/ojab2/work/git/gsplat/results/vggt_outputs/counter_2_n100_s42_c0.0_p10000_imagefps_minfarthestpose_i100_gteval_steps15000/stats/val_step14999.json,/home/ojab2/work/git/gsplat/results/vggt_outputs/counter_2_n100_s42_c0.0_p10000_imagefps_minfarthestpose_i100_gteval_steps15000/stats/val_step14999.json,counter_2_n100_s42_c0.0_p10000_imagefps_minfarthestpose_i100_gteval_steps15000,0.3873,0.030482,100,4.485239,,,,0.0,0,0,6.62986159324646,/home/ojab2/work/git/vggt/vggt_outputs/counter_2_n100_s42_c0.0_p10000_imagefps_minfarthestpose/eval_results.json,counter_2_n100_s42_c0.0_p10000_imagefps_minfarthestpose,counter_2_n100_s42_c0.0_p10000_imagefps_minfarthestpose_i100_gteval_steps15000_val_step14999.json,10000,/home/ojab2/work/git/gsplat/results/vggt_outputs/counter_2_n100_s42_c0.0_p10000_imagefps_minfarthestpose_i100_gteval_steps15000/stats/config.json,True,1.8079872131347656,vggt | imagefps,9750.0
vggt,100,42,0.0,50000,imagefps,,,,0,10,minfarthestpose,100,GT Eval,,,,,False,,,,,0.0,,False,1.0,1.0,vggt,counter,,,15000,15000,,MCMC,,,,,,,,,,,gsplat,,indoor,20.005346298217773,0.3079538941383362,0.6209235787391663,1000000,0.007659002672880888,0.3872610032558441,,,0.44992033199027737,0.31121113823050073,50000,/home/ojab2/work/git/gsplat/results/vggt_outputs/counter_2_n100_s42_c0.0_p50000_imagefps_minfarthestpose_i100_gteval_steps15000/stats/val_step14999.json,/home/ojab2/work/git/gsplat/results/vggt_outputs/counter_2_n100_s42_c0.0_p50000_imagefps_minfarthestpose_i100_gteval_steps15000/stats/val_step14999.json,counter_2_n100_s42_c0.0_p50000_imagefps_minfarthestpose_i100_gteval_steps15000,0.3873,0.030482,100,4.485239,,,,0.0,0,0,17.533140897750854,/home/ojab2/work/git/vggt/vggt_outputs/counter_2_n100_s42_c0.0_p50000_imagefps_minfarthestpose/eval_results.json,counter_2_n100_s42_c0.0_p50000_imagefps_minfarthestpose,counter_2_n100_s42_c0.0_p50000_imagefps_minfarthestpose_i100_gteval_steps15000_val_step14999.json,50000,/home/ojab2/work/git/gsplat/results/vggt_outputs/counter_2_n100_s42_c0.0_p50000_imagefps_minfarthestpose_i100_gteval_steps15000/stats/config.json,True,1.7645113468170166,vggt | imagefps,48750.0
vggt,100,42,0.0,100000,imagefps,,,,0,10,minfarthestpose,100,GT Eval,,,,,False,,,,,0.0,,False,1.0,1.0,vggt,counter,,,15000,15000,,MCMC,,,,,,,,,,,gsplat,,indoor,19.98298454284668,0.3024696409702301,0.6149505376815796,1000000,0.007659002672880888,0.3872610032558441,,,0.44939856040470005,0.3110108120839527,100000,/home/ojab2/work/git/gsplat/results/vggt_outputs/counter_2_n100_s42_c0.0_p100000_imagefps_minfarthestpose_i100_gteval_steps15000/stats/val_step14999.json,/home/ojab2/work/git/gsplat/results/vggt_outputs/counter_2_n100_s42_c0.0_p100000_imagefps_minfarthestpose_i100_gteval_steps15000/stats/val_step14999.json,counter_2_n100_s42_c0.0_p100000_imagefps_minfarthestpose_i100_gteval_steps15000,0.3873,0.030482,100,4.485239,,,,2.384185791015625e-07,0,0,31.63153862953186,/home/ojab2/work/git/vggt/vggt_outputs/counter_2_n100_s42_c0.0_p100000_imagefps_minfarthestpose/eval_results.json,counter_2_n100_s42_c0.0_p100000_imagefps_minfarthestpose,counter_2_n100_s42_c0.0_p100000_imagefps_minfarthestpose_i100_gteval_steps15000_val_step14999.json,100000,/home/ojab2/work/git/gsplat/results/vggt_outputs/counter_2_n100_s42_c0.0_p100000_imagefps_minfarthestpose_i100_gteval_steps15000/stats/config.json,True,1.7847161293029785,vggt | imagefps,97500.0
vggt,100,42,0.0,500000,imagefps,,,,0,10,minfarthestpose,100,GT Eval,,,,,False,,,,,0.0,,False,1.0,1.0,vggt,counter,,,15000,15000,,MCMC,,,,,,,,,,,gsplat,,indoor,19.90083885192871,0.3044550120830536,0.603634774684906,1000000,0.007659002672880888,0.38726097345352173,,,0.4400344009210414,0.3147537994210408,500000,/home/ojab2/work/git/gsplat/results/vggt_outputs/counter_2_n100_s42_c0.0_p500000_imagefps_minfarthestpose_i100_gteval_steps15000/stats/val_step14999.json,/home/ojab2/work/git/gsplat/results/vggt_outputs/counter_2_n100_s42_c0.0_p500000_imagefps_minfarthestpose_i100_gteval_steps15000/stats/val_step14999.json,counter_2_n100_s42_c0.0_p500000_imagefps_minfarthestpose_i100_gteval_steps15000,0.3873,0.030482,100,4.485239,,,,0.0,0,0,141.851904630661,/home/ojab2/work/git/vggt/vggt_outputs/counter_2_n100_s42_c0.0_p500000_imagefps_minfarthestpose/eval_results.json,counter_2_n100_s42_c0.0_p500000_imagefps_minfarthestpose,counter_2_n100_s42_c0.0_p500000_imagefps_minfarthestpose_i100_gteval_steps15000_val_step14999.json,500000,/home/ojab2/work/git/gsplat/results/vggt_outputs/counter_2_n100_s42_c0.0_p500000_imagefps_minfarthestpose_i100_gteval_steps15000/stats/config.json,True,1.8802084922790527,vggt | imagefps,487500.0
vggt,100,42,0.0,1000000,imagefps,,,,0,10,minfarthestpose,100,GT Eval,,,,,False,,,,,0.0,,False,1.0,1.0,vggt,counter,,,15000,15000,,MCMC,,,,,,,,,,,gsplat,,indoor,19.88835334777832,0.3046422600746155,0.6011669635772705,1000000,0.007659002672880888,0.38726097345352173,,,0.43824443831081283,0.3154783204514617,1000000,/home/ojab2/work/git/gsplat/results/vggt_outputs/counter_2_n100_s42_c0.0_p1000000_imagefps_minfarthestpose_i100_gteval_steps15000/stats/val_step14999.json,/home/ojab2/work/git/gsplat/results/vggt_outputs/counter_2_n100_s42_c0.0_p1000000_imagefps_minfarthestpose_i100_gteval_steps15000/stats/val_step14999.json,counter_2_n100_s42_c0.0_p1000000_imagefps_minfarthestpose_i100_gteval_steps15000,0.3873,0.030482,100,4.485239,,,,2.384185791015625e-07,0,0,278.0781478881836,/home/ojab2/work/git/vggt/vggt_outputs/counter_2_n100_s42_c0.0_p1000000_imagefps_minfarthestpose/eval_results.json,counter_2_n100_s42_c0.0_p1000000_imagefps_minfarthestpose,counter_2_n100_s42_c0.0_p1000000_imagefps_minfarthestpose_i100_gteval_steps15000_val_step14999.json,1000000,/home/ojab2/work/git/gsplat/results/vggt_outputs/counter_2_n100_s42_c0.0_p1000000_imagefps_minfarthestpose_i100_gteval_steps15000/stats/config.json,True,1.8622174263000488,vggt | imagefps,975000.0
vggt,100,42,0.0,1000,random,,,,0,10,minfarthestpose,100,GT Eval,,,,,False,,,,,0.0,,False,1.0,1.0,vggt,counter,,,15000,15000,,MCMC,,,,,,,,,,,gsplat,,indoor,20.29102325439453,0.44877734780311584,0.6576958298683167,1000000,0.007659002672880888,0.38726094365119934,,,0.38978682860218916,0.3477322879109047,1000,/home/ojab2/work/git/gsplat/results/vggt_outputs/counter_2_n100_s42_c0.0_p1000_random_minfarthestpose_i100_gteval_steps15000/stats/val_step14999.json,/home/ojab2/work/git/gsplat/results/vggt_outputs/counter_2_n100_s42_c0.0_p1000_random_minfarthestpose_i100_gteval_steps15000/stats/val_step14999.json,counter_2_n100_s42_c0.0_p1000_random_minfarthestpose_i100_gteval_steps15000,0.3873,0.030482,100,4.485239,,,,0.0,0,0,2.6617510318756104,/home/ojab2/work/git/vggt/vggt_outputs/counter_2_n100_s42_c0.0_p1000_random_minfarthestpose/eval_results.json,counter_2_n100_s42_c0.0_p1000_random_minfarthestpose,counter_2_n100_s42_c0.0_p1000_random_minfarthestpose_i100_gteval_steps15000_val_step14999.json,1000,,True,0.7929377555847168,vggt | random,1025.0
vggt,100,42,0.0,5000,random,,,,0,10,minfarthestpose,100,GT Eval,,,,,False,,,,,0.0,,False,1.0,1.0,vggt,counter,,,15000,15000,,MCMC,,,,,,,,,,,gsplat,,indoor,20.272565841674805,0.3572046458721161,0.6438339948654175,1000000,0.007659002672880888,0.3872610330581665,,,0.4378650476205961,0.3211309268933119,5000,/home/ojab2/work/git/gsplat/results/vggt_outputs/counter_2_n100_s42_c0.0_p5000_random_minfarthestpose_i100_gteval_steps15000/stats/val_step14999.json,/home/ojab2/work/git/gsplat/results/vggt_outputs/counter_2_n100_s42_c0.0_p5000_random_minfarthestpose_i100_gteval_steps15000/stats/val_step14999.json,counter_2_n100_s42_c0.0_p5000_random_minfarthestpose_i100_gteval_steps15000,0.3873,0.030482,100,4.485239,,,,0.0,0,0,2.6689023971557617,/home/ojab2/work/git/vggt/vggt_outputs/counter_2_n100_s42_c0.0_p5000_random_minfarthestpose/eval_results.json,counter_2_n100_s42_c0.0_p5000_random_minfarthestpose,counter_2_n100_s42_c0.0_p5000_random_minfarthestpose_i100_gteval_steps15000_val_step14999.json,5000,,True,0.8033347129821777,vggt | random,5125.0
vggt,100,42,0.0,10000,random,,,,0,10,minfarthestpose,100,GT Eval,,,,,False,,,,,0.0,,False,1.0,1.0,vggt,counter,,,15000,15000,,MCMC,,,,,,,,,,,gsplat,,indoor,20.17613983154297,0.3326956331729889,0.6362737417221069,1000000,0.007659002672880888,0.3872610330581665,,,0.4467872002823466,0.315131797344009,10000,/home/ojab2/work/git/gsplat/results/vggt_outputs/counter_2_n100_s42_c0.0_p10000_random_minfarthestpose_i100_gteval_steps15000/stats/val_step14999.json,/home/ojab2/work/git/gsplat/results/vggt_outputs/counter_2_n100_s42_c0.0_p10000_random_minfarthestpose_i100_gteval_steps15000/stats/val_step14999.json,counter_2_n100_s42_c0.0_p10000_random_minfarthestpose_i100_gteval_steps15000,0.3873,0.030482,100,4.485239,,,,0.0,0,0,2.7145462036132812,/home/ojab2/work/git/vggt/vggt_outputs/counter_2_n100_s42_c0.0_p10000_random_minfarthestpose/eval_results.json,counter_2_n100_s42_c0.0_p10000_random_minfarthestpose,counter_2_n100_s42_c0.0_p10000_random_minfarthestpose_i100_gteval_steps15000_val_step14999.json,10000,,True,0.8463554382324219,vggt | random,10250.0
vggt,100,42,0.0,50000,random,,,,0,10,minfarthestpose,100,GT Eval,,,,,False,,,,,0.0,,False,1.0,1.0,vggt,counter,,,15000,15000,,MCMC,,,,,,,,,,,gsplat,,indoor,20.092493057250977,0.2989586591720581,0.622032642364502,1000000,0.007659002672880888,0.38726097345352173,,,0.457735350257472,0.30784614562667306,50000,/home/ojab2/work/git/gsplat/results/vggt_outputs/counter_2_n100_s42_c0.0_p50000_random_minfarthestpose_i100_gteval_steps15000/stats/val_step14999.json,/home/ojab2/work/git/gsplat/results/vggt_outputs/counter_2_n100_s42_c0.0_p50000_random_minfarthestpose_i100_gteval_steps15000/stats/val_step14999.json,counter_2_n100_s42_c0.0_p50000_random_minfarthestpose_i100_gteval_steps15000,0.3873,0.030482,100,4.485239,,,,2.384185791015625e-07,0,0,3.044579267501831,/home/ojab2/work/git/vggt/vggt_outputs/counter_2_n100_s42_c0.0_p50000_random_minfarthestpose/eval_results.json,counter_2_n100_s42_c0.0_p50000_random_minfarthestpose,counter_2_n100_s42_c0.0_p50000_random_minfarthestpose_i100_gteval_steps15000_val_step14999.json,50000,,True,0.7892751693725586,vggt | random,51249.99999999999
vggt,100,42,0.0,100000,random,,,,0,10,minfarthestpose,100,GT Eval,,,,,False,,,,,0.0,,False,1.0,1.0,vggt,counter,,,15000,15000,,MCMC,,,,,,,,,,,gsplat,,indoor,20.050086975097656,0.291461318731308,0.6177743673324585,1000000,0.007659002672880888,0.3872610032558441,,,0.4590878210492224,0.30653021430498645,100000,/home/ojab2/work/git/gsplat/results/vggt_outputs/counter_2_n100_s42_c0.0_p100000_random_minfarthestpose_i100_gteval_steps15000/stats/val_step14999.json,/home/ojab2/work/git/gsplat/results/vggt_outputs/counter_2_n100_s42_c0.0_p100000_random_minfarthestpose_i100_gteval_steps15000/stats/val_step14999.json,counter_2_n100_s42_c0.0_p100000_random_minfarthestpose_i100_gteval_steps15000,0.3873,0.030482,100,4.485239,,,,,,,,/home/ojab2/work/git/vggt/vggt_outputs/counter_2_n100_s42_c0.0_p100000_random_minfarthestpose/eval_results.json,counter_2_n100_s42_c0.0_p100000_random_minfarthestpose,counter_2_n100_s42_c0.0_p100000_random_minfarthestpose_i100_gteval_steps15000_val_step14999.json,100000,,,,vggt | random,102499.99999999999
vggt,100,42,0.0,500000,random,,,,0,10,minfarthestpose,100,GT Eval,,,,,False,,,,,0.0,,False,1.0,1.0,vggt,counter,,,15000,15000,,MCMC,,,,,,,,,,,gsplat,,indoor,20.014636993408203,0.2875474989414215,0.609620213508606,1000000,0.007659002672880888,0.38726094365119934,,,0.45607876704062944,0.307439217048751,500000,/home/ojab2/work/git/gsplat/results/vggt_outputs/counter_2_n100_s42_c0.0_p500000_random_minfarthestpose_i100_gteval_steps15000/stats/val_step14999.json,/home/ojab2/work/git/gsplat/results/vggt_outputs/counter_2_n100_s42_c0.0_p500000_random_minfarthestpose_i100_gteval_steps15000/stats/val_step14999.json,counter_2_n100_s42_c0.0_p500000_random_minfarthestpose_i100_gteval_steps15000,0.3873,0.030482,100,4.485239,,,,0.0,0,0,5.889886379241943,/home/ojab2/work/git/vggt/vggt_outputs/counter_2_n100_s42_c0.0_p500000_random_minfarthestpose/eval_results.json,counter_2_n100_s42_c0.0_p500000_random_minfarthestpose,counter_2_n100_s42_c0.0_p500000_random_minfarthestpose_i100_gteval_steps15000_val_step14999.json,500000,,True,0.8331103324890137,vggt | random,512499.99999999994
vggt,100,42,0.0,1000000,random,,,,0,10,minfarthestpose,100,GT Eval,,,,,False,,,,,0.0,,False,1.0,1.0,vggt,counter,,,15000,15000,,MCMC,,,,,,,,,,,gsplat,,indoor,20.013124465942383,0.2851201295852661,0.6079085469245911,1000000,0.007659002672880888,0.38726094365119934,,,0.45654815880798383,0.3070873394922636,1000000,/home/ojab2/work/git/gsplat/results/vggt_outputs/counter_2_n100_s42_c0.0_p1000000_random_minfarthestpose_i100_gteval_steps15000/stats/val_step14999.json,/home/ojab2/work/git/gsplat/results/vggt_outputs/counter_2_n100_s42_c0.0_p1000000_random_minfarthestpose_i100_gteval_steps15000/stats/val_step14999.json,counter_2_n100_s42_c0.0_p1000000_random_minfarthestpose_i100_gteval_steps15000,0.3873,0.030482,100,4.485239,,,,0.0,0,0,9.476220846176147,/home/ojab2/work/git/vggt/vggt_outputs/counter_2_n100_s42_c0.0_p1000000_random_minfarthestpose/eval_results.json,counter_2_n100_s42_c0.0_p1000000_random_minfarthestpose,counter_2_n100_s42_c0.0_p1000000_random_minfarthestpose_i100_gteval_steps15000_val_step14999.json,1000000,,True,0.8289692401885986,vggt | random,1024999.9999999999
vggt,100,42,0.0,1000,voxels,,,,0,10,minfarthestpose,100,GT Eval,,,,,False,,,,,0.0,,False,1.0,1.0,vggt,counter,,,15000,15000,,MCMC,,,,,,,,,,,gsplat,,indoor,20.39375877380371,0.4556995630264282,0.6599545478820801,1000000,0.007659002672880888,0.38726088404655457,,,0.3887372535881553,0.3493223167866445,944,/home/ojab2/work/git/gsplat/results/vggt_outputs/counter_2_n100_s42_c0.0_p1000_voxels_minfarthestpose_i100_gteval_steps15000/stats/val_step14999.json,/home/ojab2/work/git/gsplat/results/vggt_outputs/counter_2_n100_s42_c0.0_p1000_voxels_minfarthestpose_i100_gteval_steps15000/stats/val_step14999.json,counter_2_n100_s42_c0.0_p1000_voxels_minfarthestpose_i100_gteval_steps15000,0.3873,0.030482,100,4.485239,,,,0.0,0,0,13.003377199172974,/home/ojab2/work/git/vggt/vggt_outputs/counter_2_n100_s42_c0.0_p1000_voxels_minfarthestpose/eval_results.json,counter_2_n100_s42_c0.0_p1000_voxels_minfarthestpose,counter_2_n100_s42_c0.0_p1000_voxels_minfarthestpose_i100_gteval_steps15000_val_step14999.json,944,,True,0.7912523746490479,vggt | voxels,1075.0
vggt,100,42,0.0,5000,voxels,,,,0,10,minfarthestpose,100,GT Eval,,,,,False,,,,,0.0,,False,1.0,1.0,vggt,counter,,,15000,15000,,MCMC,,,,,,,,,,,gsplat,,indoor,20.237531661987305,0.36845988035202026,0.6451529860496521,1000000,0.007659002672880888,0.38726094365119934,,,0.4310399307842143,0.3245393330011734,4828,/home/ojab2/work/git/gsplat/results/vggt_outputs/counter_2_n100_s42_c0.0_p5000_voxels_minfarthestpose_i100_gteval_steps15000/stats/val_step14999.json,/home/ojab2/work/git/gsplat/results/vggt_outputs/counter_2_n100_s42_c0.0_p5000_voxels_minfarthestpose_i100_gteval_steps15000/stats/val_step14999.json,counter_2_n100_s42_c0.0_p5000_voxels_minfarthestpose_i100_gteval_steps15000,0.3873,0.030482,100,4.485239,,,,4.76837158203125e-07,0,0,13.222695112228394,/home/ojab2/work/git/vggt/vggt_outputs/counter_2_n100_s42_c0.0_p5000_voxels_minfarthestpose/eval_results.json,counter_2_n100_s42_c0.0_p5000_voxels_minfarthestpose,counter_2_n100_s42_c0.0_p5000_voxels_minfarthestpose_i100_gteval_steps15000_val_step14999.json,4828,,True,0.878704309463501,vggt | voxels,5375.0
vggt,100,42,0.0,10000,voxels,,,,0,10,minfarthestpose,100,GT Eval,,,,,False,,,,,0.0,,False,1.0,1.0,vggt,counter,,,15000,15000,,MCMC,,,,,,,,,,,gsplat,,indoor,20.141611099243164,0.34261858463287354,0.6378473043441772,1000000,0.007659002672880888,0.38726094365119934,,,0.44094271269458085,0.3180296703709167,9965,/home/ojab2/work/git/gsplat/results/vggt_outputs/counter_2_n100_s42_c0.0_p10000_voxels_minfarthestpose_i100_gteval_steps15000/stats/val_step14999.json,/home/ojab2/work/git/gsplat/results/vggt_outputs/counter_2_n100_s42_c0.0_p10000_voxels_minfarthestpose_i100_gteval_steps15000/stats/val_step14999.json,counter_2_n100_s42_c0.0_p10000_voxels_minfarthestpose_i100_gteval_steps15000,0.3873,0.030482,100,4.485239,,,,0.0,0,0,13.531251192092896,/home/ojab2/work/git/vggt/vggt_outputs/counter_2_n100_s42_c0.0_p10000_voxels_minfarthestpose/eval_results.json,counter_2_n100_s42_c0.0_p10000_voxels_minfarthestpose,counter_2_n100_s42_c0.0_p10000_voxels_minfarthestpose_i100_gteval_steps15000_val_step14999.json,9965,,True,0.8410439491271973,vggt | voxels,10750.0
vggt,100,42,0.0,50000,voxels,,,,0,10,minfarthestpose,100,GT Eval,,,,,False,,,,,0.0,,False,1.0,1.0,vggt,counter,,,15000,15000,,MCMC,,,,,,,,,,,gsplat,,indoor,20.07815170288086,0.30640915036201477,0.6249388456344604,1000000,0.007659002672880888,0.3872610926628113,,,0.45457023506121175,0.3095510582850703,49688,/home/ojab2/work/git/gsplat/results/vggt_outputs/counter_2_n100_s42_c0.0_p50000_voxels_minfarthestpose_i100_gteval_steps15000/stats/val_step14999.json,/home/ojab2/work/git/gsplat/results/vggt_outputs/counter_2_n100_s42_c0.0_p50000_voxels_minfarthestpose_i100_gteval_steps15000/stats/val_step14999.json,counter_2_n100_s42_c0.0_p50000_voxels_minfarthestpose_i100_gteval_steps15000,0.3873,0.030482,100,4.485239,,,,2.384185791015625e-07,0,0,14.275999307632446,/home/ojab2/work/git/vggt/vggt_outputs/counter_2_n100_s42_c0.0_p50000_voxels_minfarthestpose/eval_results.json,counter_2_n100_s42_c0.0_p50000_voxels_minfarthestpose,counter_2_n100_s42_c0.0_p50000_voxels_minfarthestpose_i100_gteval_steps15000_val_step14999.json,49688,,True,0.8070628643035889,vggt | voxels,53750.0
vggt,100,42,0.0,100000,voxels,,,,0,10,minfarthestpose,100,GT Eval,,,,,False,,,,,0.0,,False,1.0,1.0,vggt,counter,,,15000,15000,,MCMC,,,,,,,,,,,gsplat,,indoor,20.045886993408203,0.30151015520095825,0.6204531788825989,1000000,0.007659002672880888,0.387261301279068,,,0.45437361459750647,0.3091595889167636,96189,/home/ojab2/work/git/gsplat/results/vggt_outputs/counter_2_n100_s42_c0.0_p100000_voxels_minfarthestpose_i100_gteval_steps15000/stats/val_step14999.json,/home/ojab2/work/git/gsplat/results/vggt_outputs/counter_2_n100_s42_c0.0_p100000_voxels_minfarthestpose_i100_gteval_steps15000/stats/val_step14999.json,counter_2_n100_s42_c0.0_p100000_voxels_minfarthestpose_i100_gteval_steps15000,0.3873,0.030482,100,4.485239,,,,0.0,0,0,14.835629940032959,/home/ojab2/work/git/vggt/vggt_outputs/counter_2_n100_s42_c0.0_p100000_voxels_minfarthestpose/eval_results.json,counter_2_n100_s42_c0.0_p100000_voxels_minfarthestpose,counter_2_n100_s42_c0.0_p100000_voxels_minfarthestpose_i100_gteval_steps15000_val_step14999.json,96189,,True,0.7979423999786377,vggt | voxels,107500.0
vggt,100,42,0.0,500000,voxels,,,,0,10,minfarthestpose,100,GT Eval,,,,,False,,,,,0.0,,False,1.0,1.0,vggt,counter,,,15000,15000,,MCMC,,,,,,,,,,,gsplat,,indoor,20.017574310302734,0.300271213054657,0.6125339269638062,1000000,0.007659002672880888,0.3872619569301605,,,0.4499829432807858,0.3108995189951645,499266,/home/ojab2/work/git/gsplat/results/vggt_outputs/counter_2_n100_s42_c0.0_p500000_voxels_minfarthestpose_i100_gteval_steps15000/stats/val_step14999.json,/home/ojab2/work/git/gsplat/results/vggt_outputs/counter_2_n100_s42_c0.0_p500000_voxels_minfarthestpose_i100_gteval_steps15000/stats/val_step14999.json,counter_2_n100_s42_c0.0_p500000_voxels_minfarthestpose_i100_gteval_steps15000,0.3873,0.030482,100,4.485239,,,,4.76837158203125e-07,0,0,18.357791423797607,/home/ojab2/work/git/vggt/vggt_outputs/counter_2_n100_s42_c0.0_p500000_voxels_minfarthestpose/eval_results.json,counter_2_n100_s42_c0.0_p500000_voxels_minfarthestpose,counter_2_n100_s42_c0.0_p500000_voxels_minfarthestpose_i100_gteval_steps15000_val_step14999.json,499266,,True,0.9125287532806396,vggt | voxels,537500.0
vggt,100,42,0.0,1000000,voxels,,,,0,10,minfarthestpose,100,GT Eval,,,,,False,,,,,0.0,,False,1.0,1.0,vggt,counter,,,15000,15000,,MCMC,,,,,,,,,,,gsplat,,indoor,19.889249801635742,0.32176369428634644,0.6119847893714905,1000000,0.007659002672880888,0.38726097345352173,,,0.4340184666724698,0.3183102183269757,906150,/home/ojab2/work/git/gsplat/results/vggt_outputs/counter_2_n100_s42_c0.0_p1000000_voxels_minfarthestpose_i100_gteval_steps15000/stats/val_step14999.json,/home/ojab2/work/git/gsplat/results/vggt_outputs/counter_2_n100_s42_c0.0_p1000000_voxels_minfarthestpose_i100_gteval_steps15000/stats/val_step14999.json,counter_2_n100_s42_c0.0_p1000000_voxels_minfarthestpose_i100_gteval_steps15000,0.3873,0.030482,100,4.485239,,,,2.384185791015625e-07,0,0,21.473013877868652,/home/ojab2/work/git/vggt/vggt_outputs/counter_2_n100_s42_c0.0_p1000000_voxels_minfarthestpose/eval_results.json,counter_2_n100_s42_c0.0_p1000000_voxels_minfarthestpose,counter_2_n100_s42_c0.0_p1000000_voxels_minfarthestpose_i100_gteval_steps15000_val_step14999.json,906150,,True,0.8017005920410156,vggt | voxels,1075000.0
colmap,100,42,,41914,,,,,0,10,minfarthestpose,100,GT Eval,,,,,False,,,,,0.0,,False,1.0,1.0,colmap,counter,,,15000,15000,default,MCMC,,,,,Shared Cam,,,,,,gsplat,,indoor,27.93535614013672,0.16450491547584534,0.8961127400398254,1000000,0.0001695939718047157,0.015633879229426384,,,0.8462504524546369,0.16280968081820685,41914,/home/ojab2/work/git/gsplat/results/colmap_outputs/counter_2_n100_s42_default_minfarthestpose_sharedcam_i100_gteval_steps15000/stats/val_step14999.json,/home/ojab2/work/git/gsplat/results/colmap_outputs/counter_2_n100_s42_default_minfarthestpose_sharedcam_i100_gteval_steps15000/stats/val_step14999.json,counter_2_n100_s42_default_minfarthestpose_sharedcam_i100_gteval_steps15000,0.0156,0.000691,100,0.993642,,,,292.9965500831604,7726,7726,0.0,/home/ojab2/work/git/vggt/colmap_outputs/counter_2_n100_s42_default_minfarthestpose_sharedcam/eval_results.json,counter_2_n100_s42_default_minfarthestpose_sharedcam,counter_2_n100_s42_default_minfarthestpose_sharedcam_i100_gteval_steps15000_val_step14999.json,41914,,,,colmap | ,47153.25
vggt,100,42,,23814,ba,,,,0,10,farthestpose,100,GT Eval,,,,,False,,,,,0.0,,False,1.0,1.0,vggt,bicycle,radial,,15000,15000,,MCMC,,,,,Shared Cam,,,Use BA,aliked+sp,250,gsplat,,outdoor,17.808753967285156,0.5057863593101501,0.30061763525009155,1000000,0.008761336095631123,0.5899117588996887,,,0.09981047332557946,0.45287988253611067,23814,/home/ojab2/work/git/gsplat/results/vggt_outputs/bicycle_4_n100_s42_mradial_aliked-sp_ba_farthestpose_useba_maxba250_sharedcam_i100_gteval_steps15000/stats/val_step14999.json,/home/ojab2/work/git/gsplat/results/vggt_outputs/bicycle_4_n100_s42_mradial_aliked-sp_ba_farthestpose_useba_maxba250_sharedcam_i100_gteval_steps15000/stats/val_step14999.json,bicycle_4_n100_s42_mradial_aliked-sp_ba_farthestpose_useba_maxba250_sharedcam_i100_gteval_steps15000,0.5899,0.03799,100,5.634601,,,,,,,,/home/ojab2/work/git/vggt/vggt_outputs/bicycle_4_n100_s42_mradial_aliked-sp_ba_farthestpose_useba_maxba250_sharedcam/eval_results.json,bicycle_4_n100_s42_mradial_aliked-sp_ba_farthestpose_useba_maxba250_sharedcam,bicycle_4_n100_s42_mradial_aliked-sp_ba_farthestpose_useba_maxba250_sharedcam_i100_gteval_steps15000_val_step14999.json,23814,,,,vggt | ba,20837.25
vggt,100,42,0.0,1000,confidence,,,,0,10,farthestpose,100,GT Eval,,,,,False,,,,,0.0,,False,1.0,1.0,vggt,bicycle,,,15000,15000,,MCMC,,,,,,,,,,,gsplat,,outdoor,18.248929977416992,0.6796619892120361,0.3301962912082672,1000000,0.015081527642905712,0.7160590291023254,,,0.017928704803372643,0.5043477990480585,1000,/home/ojab2/work/git/gsplat/results/vggt_outputs/bicycle_4_n100_s42_c0.0_p1000_confidence_farthestpose_i100_gteval_steps15000/stats/val_step14999.json,/home/ojab2/work/git/gsplat/results/vggt_outputs/bicycle_4_n100_s42_c0.0_p1000_confidence_farthestpose_i100_gteval_steps15000/stats/val_step14999.json,bicycle_4_n100_s42_c0.0_p1000_confidence_farthestpose_i100_gteval_steps15000,0.857,0.067143,100,5.77909,,,,,,,,/home/ojab2/work/git/vggt/vggt_outputs/bicycle_4_n100_s42_c0.0_p1000_confidence_farthestpose/eval_results.json,bicycle_4_n100_s42_c0.0_p1000_confidence_farthestpose,bicycle_4_n100_s42_c0.0_p1000_confidence_farthestpose_i100_gteval_steps15000_val_step14999.json,1000,,,,vggt | confidence,925.0
vggt,100,42,0.0,5000,confidence,,,,0,10,farthestpose,100,GT Eval,,,,,False,,,,,0.0,,False,1.0,1.0,vggt,bicycle,,,15000,15000,,MCMC,,,,,,,,,,,gsplat,,outdoor,17.83434295654297,0.5569833517074585,0.30621522665023804,1000000,0.015081527642905712,0.7160590887069702,,,0.07195470703353046,0.4687953129428075,5000,/home/ojab2/work/git/gsplat/results/vggt_outputs/bicycle_4_n100_s42_c0.0_p5000_confidence_farthestpose_i100_gteval_steps15000/stats/val_step14999.json,/home/ojab2/work/git/gsplat/results/vggt_outputs/bicycle_4_n100_s42_c0.0_p5000_confidence_farthestpose_i100_gteval_steps15000/stats/val_step14999.json,bicycle_4_n100_s42_c0.0_p5000_confidence_farthestpose_i100_gteval_steps15000,0.857,0.067143,100,5.77909,,,,,,,,/home/ojab2/work/git/vggt/vggt_outputs/bicycle_4_n100_s42_c0.0_p5000_confidence_farthestpose/eval_results.json,bicycle_4_n100_s42_c0.0_p5000_confidence_farthestpose,bicycle_4_n100_s42_c0.0_p5000_confidence_farthestpose_i100_gteval_steps15000_val_step14999.json,5000,,,,vggt | confidence,4625.0
vggt,100,42,0.0,10000,confidence,,,,0,10,farthestpose,100,GT Eval,,,,,False,,,,,0.0,,False,1.0,1.0,vggt,bicycle,,,15000,15000,,MCMC,,,,,,,,,,,gsplat,,outdoor,17.82270050048828,0.520179033279419,0.2980472445487976,1000000,0.015081527642905712,0.7160583734512329,,,0.08968122335437681,0.4581715302398622,10000,/home/ojab2/work/git/gsplat/results/vggt_outputs/bicycle_4_n100_s42_c0.0_p10000_confidence_farthestpose_i100_gteval_steps15000/stats/val_step14999.json,/home/ojab2/work/git/gsplat/results/vggt_outputs/bicycle_4_n100_s42_c0.0_p10000_confidence_farthestpose_i100_gteval_steps15000/stats/val_step14999.json,bicycle_4_n100_s42_c0.0_p10000_confidence_farthestpose_i100_gteval_steps15000,0.857,0.067143,100,5.77909,,,,,,,,/home/ojab2/work/git/vggt/vggt_outputs/bicycle_4_n100_s42_c0.0_p10000_confidence_farthestpose/eval_results.json,bicycle_4_n100_s42_c0.0_p10000_confidence_farthestpose,bicycle_4_n100_s42_c0.0_p10000_confidence_farthestpose_i100_gteval_steps15000_val_step14999.json,10000,,,,vggt | confidence,9250.0
vggt,100,42,0.0,50000,confidence,,,,0,10,farthestpose,100,GT Eval,,,,,False,,,,,0.0,,False,1.0,1.0,vggt,bicycle,,,15000,15000,,MCMC,,,,,,,,,,,gsplat,,outdoor,17.645341873168945,0.48337990045547485,0.2811870276927948,1000000,0.015081527642905712,0.7160581946372986,,,0.09925254247961612,0.4494686020524449,50000,/home/ojab2/work/git/gsplat/results/vggt_outputs/bicycle_4_n100_s42_c0.0_p50000_confidence_farthestpose_i100_gteval_steps15000/stats/val_step14999.json,/home/ojab2/work/git/gsplat/results/vggt_outputs/bicycle_4_n100_s42_c0.0_p50000_confidence_farthestpose_i100_gteval_steps15000/stats/val_step14999.json,bicycle_4_n100_s42_c0.0_p50000_confidence_farthestpose_i100_gteval_steps15000,0.857,0.067143,100,5.77909,,,,,,,,/home/ojab2/work/git/vggt/vggt_outputs/bicycle_4_n100_s42_c0.0_p50000_confidence_farthestpose/eval_results.json,bicycle_4_n100_s42_c0.0_p50000_confidence_farthestpose,bicycle_4_n100_s42_c0.0_p50000_confidence_farthestpose_i100_gteval_steps15000_val_step14999.json,50000,,,,vggt | confidence,46250.0
vggt,100,42,0.0,100000,confidence,,,,0,10,farthestpose,100,GT Eval,,,,,False,,,,,0.0,,False,1.0,1.0,vggt,bicycle,,,15000,15000,,MCMC,,,,,,,,,,,gsplat,,outdoor,17.63112449645996,0.47884395718574524,0.2726677358150482,1000000,0.015081527642905712,0.7160580158233643,,,0.09680718067329071,0.4496452131258174,100000,/home/ojab2/work/git/gsplat/results/vggt_outputs/bicycle_4_n100_s42_c0.0_p100000_confidence_farthestpose_i100_gteval_steps15000/stats/val_step14999.json,/home/ojab2/work/git/gsplat/results/vggt_outputs/bicycle_4_n100_s42_c0.0_p100000_confidence_farthestpose_i100_gteval_steps15000/stats/val_step14999.json,bicycle_4_n100_s42_c0.0_p100000_confidence_farthestpose_i100_gteval_steps15000,0.857,0.067143,100,5.77909,,,,,,,,/home/ojab2/work/git/vggt/vggt_outputs/bicycle_4_n100_s42_c0.0_p100000_confidence_farthestpose/eval_results.json,bicycle_4_n100_s42_c0.0_p100000_confidence_farthestpose,bicycle_4_n100_s42_c0.0_p100000_confidence_farthestpose_i100_gteval_steps15000_val_step14999.json,100000,,,,vggt | confidence,92500.0
vggt,100,42,0.0,500000,confidence,,,,0,10,farthestpose,100,GT Eval,,,,,False,,,,,0.0,,False,1.0,1.0,vggt,bicycle,,,15000,15000,,MCMC,,,,,,,,,,,gsplat,,outdoor,17.478744506835938,0.48836278915405273,0.2627239525318146,1000000,0.015081527642905712,0.7160580158233643,,,0.08229442886751615,0.4549602106435314,500000,/home/ojab2/work/git/gsplat/results/vggt_outputs/bicycle_4_n100_s42_c0.0_p500000_confidence_farthestpose_i100_gteval_steps15000/stats/val_step14999.json,/home/ojab2/work/git/gsplat/results/vggt_outputs/bicycle_4_n100_s42_c0.0_p500000_confidence_farthestpose_i100_gteval_steps15000/stats/val_step14999.json,bicycle_4_n100_s42_c0.0_p500000_confidence_farthestpose_i100_gteval_steps15000,0.857,0.067143,100,5.77909,,,,,,,,/home/ojab2/work/git/vggt/vggt_outputs/bicycle_4_n100_s42_c0.0_p500000_confidence_farthestpose/eval_results.json,bicycle_4_n100_s42_c0.0_p500000_confidence_farthestpose,bicycle_4_n100_s42_c0.0_p500000_confidence_farthestpose_i100_gteval_steps15000_val_step14999.json,500000,,,,vggt | confidence,462500.0
vggt,100,42,0.0,1000000,confidence,,,,0,10,farthestpose,100,GT Eval,,,,,False,,,,,0.0,,False,1.0,1.0,vggt,bicycle,,,15000,15000,,MCMC,,,,,,,,,,,gsplat,,outdoor,17.415529251098633,0.49945589900016785,0.264018177986145,1000000,0.015081527642905712,0.7160581946372986,,,0.07503303430388708,0.4584939283574723,1000000,/home/ojab2/work/git/gsplat/results/vggt_outputs/bicycle_4_n100_s42_c0.0_p1000000_confidence_farthestpose_i100_gteval_steps15000/stats/val_step14999.json,/home/ojab2/work/git/gsplat/results/vggt_outputs/bicycle_4_n100_s42_c0.0_p1000000_confidence_farthestpose_i100_gteval_steps15000/stats/val_step14999.json,bicycle_4_n100_s42_c0.0_p1000000_confidence_farthestpose_i100_gteval_steps15000,0.857,0.067143,100,5.77909,,,,,,,,/home/ojab2/work/git/vggt/vggt_outputs/bicycle_4_n100_s42_c0.0_p1000000_confidence_farthestpose/eval_results.json,bicycle_4_n100_s42_c0.0_p1000000_confidence_farthestpose,bicycle_4_n100_s42_c0.0_p1000000_confidence_farthestpose_i100_gteval_steps15000_val_step14999.json,1000000,,,,vggt | confidence,925000.0
vggt,100,42,0.0,1000,imagefps,,,,0,10,farthestpose,100,GT Eval,,,,,False,,,,,0.0,,False,1.0,1.0,vggt,bicycle,,,15000,15000,,MCMC,,,,,,,,,,,gsplat,,outdoor,18.239673614501953,0.6945605278015137,0.3313649594783783,1000000,0.015081527642905712,0.7160578966140747,,,0.009244093653286637,0.5090865245501542,1000,/home/ojab2/work/git/gsplat/results/vggt_outputs/bicycle_4_n100_s42_c0.0_p1000_imagefps_farthestpose_i100_gteval_steps15000/stats/val_step14999.json,/home/ojab2/work/git/gsplat/results/vggt_outputs/bicycle_4_n100_s42_c0.0_p1000_imagefps_farthestpose_i100_gteval_steps15000/stats/val_step14999.json,bicycle_4_n100_s42_c0.0_p1000_imagefps_farthestpose_i100_gteval_steps15000,0.7161,0.065623,100,5.788567,,,,,,,,/home/ojab2/work/git/vggt/vggt_outputs/bicycle_4_n100_s42_c0.0_p1000_imagefps_farthestpose/eval_results.json,bicycle_4_n100_s42_c0.0_p1000_imagefps_farthestpose,bicycle_4_n100_s42_c0.0_p1000_imagefps_farthestpose_i100_gteval_steps15000_val_step14999.json,1000,,,,vggt | imagefps,975.0
vggt,100,42,0.0,5000,imagefps,,,,0,10,farthestpose,100,GT Eval,,,,,False,,,,,0.0,,False,1.0,1.0,vggt,bicycle,,,15000,15000,,MCMC,,,,,,,,,,,gsplat,,outdoor,17.939878463745117,0.5742349624633789,0.30846455693244934,1000000,0.015081527642905712,0.7160577178001404,,,0.06457532366194307,0.4739636418375715,5000,/home/ojab2/work/git/gsplat/results/vggt_outputs/bicycle_4_n100_s42_c0.0_p5000_imagefps_farthestpose_i100_gteval_steps15000/stats/val_step14999.json,/home/ojab2/work/git/gsplat/results/vggt_outputs/bicycle_4_n100_s42_c0.0_p5000_imagefps_farthestpose_i100_gteval_steps15000/stats/val_step14999.json,bicycle_4_n100_s42_c0.0_p5000_imagefps_farthestpose_i100_gteval_steps15000,0.7161,0.065623,100,5.788567,,,,,,,,/home/ojab2/work/git/vggt/vggt_outputs/bicycle_4_n100_s42_c0.0_p5000_imagefps_farthestpose/eval_results.json,bicycle_4_n100_s42_c0.0_p5000_imagefps_farthestpose,bicycle_4_n100_s42_c0.0_p5000_imagefps_farthestpose_i100_gteval_steps15000_val_step14999.json,5000,,,,vggt | imagefps,4875.0
vggt,100,42,0.0,10000,imagefps,,,,0,10,farthestpose,100,GT Eval,,,,,False,,,,,0.0,,False,1.0,1.0,vggt,bicycle,,,15000,15000,,MCMC,,,,,,,,,,,gsplat,,outdoor,17.84850311279297,0.536382794380188,0.30037569999694824,1000000,0.015081527642905712,0.7160576581954956,,,0.08151839769374558,0.4630766068105082,10000,/home/ojab2/work/git/gsplat/results/vggt_outputs/bicycle_4_n100_s42_c0.0_p10000_imagefps_farthestpose_i100_gteval_steps15000/stats/val_step14999.json,/home/ojab2/work/git/gsplat/results/vggt_outputs/bicycle_4_n100_s42_c0.0_p10000_imagefps_farthestpose_i100_gteval_steps15000/stats/val_step14999.json,bicycle_4_n100_s42_c0.0_p10000_imagefps_farthestpose_i100_gteval_steps15000,0.7161,0.065623,100,5.788567,,,,,,,,/home/ojab2/work/git/vggt/vggt_outputs/bicycle_4_n100_s42_c0.0_p10000_imagefps_farthestpose/eval_results.json,bicycle_4_n100_s42_c0.0_p10000_imagefps_farthestpose,bicycle_4_n100_s42_c0.0_p10000_imagefps_farthestpose_i100_gteval_steps15000_val_step14999.json,10000,,,,vggt | imagefps,9750.0
vggt,100,42,0.0,50000,imagefps,,,,0,10,farthestpose,100,GT Eval,,,,,False,,,,,0.0,,False,1.0,1.0,vggt,bicycle,,,15000,15000,,MCMC,,,,,,,,,,,gsplat,,outdoor,17.63716697692871,0.4633345603942871,0.276795357465744,1000000,0.015081527642905712,0.7160577178001404,,,0.10890659401368755,0.44365962554285276,50000,/home/ojab2/work/git/gsplat/results/vggt_outputs/bicycle_4_n100_s42_c0.0_p50000_imagefps_farthestpose_i100_gteval_steps15000/stats/val_step14999.json,/home/ojab2/work/git/gsplat/results/vggt_outputs/bicycle_4_n100_s42_c0.0_p50000_imagefps_farthestpose_i100_gteval_steps15000/stats/val_step14999.json,bicycle_4_n100_s42_c0.0_p50000_imagefps_farthestpose_i100_gteval_steps15000,0.7161,0.065623,100,5.788567,,,,,,,,/home/ojab2/work/git/vggt/vggt_outputs/bicycle_4_n100_s42_c0.0_p50000_imagefps_farthestpose/eval_results.json,bicycle_4_n100_s42_c0.0_p50000_imagefps_farthestpose,bicycle_4_n100_s42_c0.0_p50000_imagefps_farthestpose_i100_gteval_steps15000_val_step14999.json,50000,,,,vggt | imagefps,48750.0
vggt,100,42,0.0,100000,imagefps,,,,0,10,farthestpose,100,GT Eval,,,,,False,,,,,0.0,,False,1.0,1.0,vggt,bicycle,,,15000,15000,,MCMC,,,,,,,,,,,gsplat,,outdoor,17.572731018066406,0.43997159600257874,0.26474905014038086,1000000,0.015081527642905712,0.7160577178001404,,,0.11509029430720315,0.4383089390077589,100000,/home/ojab2/work/git/gsplat/results/vggt_outputs/bicycle_4_n100_s42_c0.0_p100000_imagefps_farthestpose_i100_gteval_steps15000/stats/val_step14999.json,/home/ojab2/work/git/gsplat/results/vggt_outputs/bicycle_4_n100_s42_c0.0_p100000_imagefps_farthestpose_i100_gteval_steps15000/stats/val_step14999.json,bicycle_4_n100_s42_c0.0_p100000_imagefps_farthestpose_i100_gteval_steps15000,0.7161,0.065623,100,5.788567,,,,,,,,/home/ojab2/work/git/vggt/vggt_outputs/bicycle_4_n100_s42_c0.0_p100000_imagefps_farthestpose/eval_results.json,bicycle_4_n100_s42_c0.0_p100000_imagefps_farthestpose,bicycle_4_n100_s42_c0.0_p100000_imagefps_farthestpose_i100_gteval_steps15000_val_step14999.json,100000,,,,vggt | imagefps,97500.0
vggt,100,42,0.0,500000,imagefps,,,,0,10,farthestpose,100,GT Eval,,,,,False,,,,,0.0,,False,1.0,1.0,vggt,bicycle,,,15000,15000,,MCMC,,,,,,,,,,,gsplat,,outdoor,17.416305541992188,0.4346194267272949,0.24428988993167877,1000000,0.015081527642905712,0.7160577178001404,,,0.10353291325169467,0.4406880430545992,500000,/home/ojab2/work/git/gsplat/results/vggt_outputs/bicycle_4_n100_s42_c0.0_p500000_imagefps_farthestpose_i100_gteval_steps15000/stats/val_step14999.json,/home/ojab2/work/git/gsplat/results/vggt_outputs/bicycle_4_n100_s42_c0.0_p500000_imagefps_farthestpose_i100_gteval_steps15000/stats/val_step14999.json,bicycle_4_n100_s42_c0.0_p500000_imagefps_farthestpose_i100_gteval_steps15000,0.7161,0.065623,100,5.788567,,,,,,,,/home/ojab2/work/git/vggt/vggt_outputs/bicycle_4_n100_s42_c0.0_p500000_imagefps_farthestpose/eval_results.json,bicycle_4_n100_s42_c0.0_p500000_imagefps_farthestpose,bicycle_4_n100_s42_c0.0_p500000_imagefps_farthestpose_i100_gteval_steps15000_val_step14999.json,500000,,,,vggt | imagefps,487500.0
vggt,100,42,0.0,1000000,imagefps,,,,0,10,farthestpose,100,GT Eval,,,,,False,,,,,0.0,,False,1.0,1.0,vggt,bicycle,,,15000,15000,,MCMC,,,,,,,,,,,gsplat,,outdoor,17.42530059814453,0.45269572734832764,0.24213017523288727,1000000,0.015081527642905712,0.7160577178001404,,,0.09127828705380539,0.44711474211380275,1000000,/home/ojab2/work/git/gsplat/results/vggt_outputs/bicycle_4_n100_s42_c0.0_p1000000_imagefps_farthestpose_i100_gteval_steps15000/stats/val_step14999.json,/home/ojab2/work/git/gsplat/results/vggt_outputs/bicycle_4_n100_s42_c0.0_p1000000_imagefps_farthestpose_i100_gteval_steps15000/stats/val_step14999.json,bicycle_4_n100_s42_c0.0_p1000000_imagefps_farthestpose_i100_gteval_steps15000,0.7161,0.065623,100,5.788567,,,,,,,,/home/ojab2/work/git/vggt/vggt_outputs/bicycle_4_n100_s42_c0.0_p1000000_imagefps_farthestpose/eval_results.json,bicycle_4_n100_s42_c0.0_p1000000_imagefps_farthestpose,bicycle_4_n100_s42_c0.0_p1000000_imagefps_farthestpose_i100_gteval_steps15000_val_step14999.json,1000000,,,,vggt | imagefps,975000.0
vggt,100,42,0.0,1000,random,,,,0,10,farthestpose,100,GT Eval,,,,,False,,,,,0.0,,False,1.0,1.0,vggt,bicycle,,,15000,15000,,MCMC,,,,,,,,,,,gsplat,,outdoor,18.250102996826172,0.6826565265655518,0.3305303752422333,1000000,0.015081527642905712,0.7160573601722717,,,0.016297318317272175,0.5052765876959886,1000,/home/ojab2/work/git/gsplat/results/vggt_outputs/bicycle_4_n100_s42_c0.0_p1000_random_farthestpose_i100_gteval_steps15000/stats/val_step14999.json,/home/ojab2/work/git/gsplat/results/vggt_outputs/bicycle_4_n100_s42_c0.0_p1000_random_farthestpose_i100_gteval_steps15000/stats/val_step14999.json,bicycle_4_n100_s42_c0.0_p1000_random_farthestpose_i100_gteval_steps15000,0.857,0.067143,100,5.77909,,,,,,,,/home/ojab2/work/git/vggt/vggt_outputs/bicycle_4_n100_s42_c0.0_p1000_random_farthestpose/eval_results.json,bicycle_4_n100_s42_c0.0_p1000_random_farthestpose,bicycle_4_n100_s42_c0.0_p1000_random_farthestpose_i100_gteval_steps15000_val_step14999.json,1000,,,,vggt | random,1025.0
vggt,100,42,0.0,5000,random,,,,0,10,farthestpose,100,GT Eval,,,,,False,,,,,0.0,,False,1.0,1.0,vggt,bicycle,,,15000,15000,,MCMC,,,,,,,,,,,gsplat,,outdoor,17.85049819946289,0.5575035810470581,0.30527377128601074,1000000,0.015081527642905712,0.716057538986206,,,0.07138219028420847,0.4691366612125162,5000,/home/ojab2/work/git/gsplat/results/vggt_outputs/bicycle_4_n100_s42_c0.0_p5000_random_farthestpose_i100_gteval_steps15000/stats/val_step14999.json,/home/ojab2/work/git/gsplat/results/vggt_outputs/bicycle_4_n100_s42_c0.0_p5000_random_farthestpose_i100_gteval_steps15000/stats/val_step14999.json,bicycle_4_n100_s42_c0.0_p5000_random_farthestpose_i100_gteval_steps15000,0.857,0.067143,100,5.77909,,,,,,,,/home/ojab2/work/git/vggt/vggt_outputs/bicycle_4_n100_s42_c0.0_p5000_random_farthestpose/eval_results.json,bicycle_4_n100_s42_c0.0_p5000_random_farthestpose,bicycle_4_n100_s42_c0.0_p5000_random_farthestpose_i100_gteval_steps15000_val_step14999.json,5000,,,,vggt | random,5125.0
vggt,100,42,0.0,10000,random,,,,0,10,farthestpose,100,GT Eval,,,,,False,,,,,0.0,,False,1.0,1.0,vggt,bicycle,,,15000,15000,,MCMC,,,,,,,,,,,gsplat,,outdoor,17.79636001586914,0.5176759958267212,0.29754316806793213,1000000,0.015081527642905712,0.7160574197769165,,,0.0904437398817572,0.4574709195850314,10000,/home/ojab2/work/git/gsplat/results/vggt_outputs/bicycle_4_n100_s42_c0.0_p10000_random_farthestpose_i100_gteval_steps15000/stats/val_step14999.json,/home/ojab2/work/git/gsplat/results/vggt_outputs/bicycle_4_n100_s42_c0.0_p10000_random_farthestpose_i100_gteval_steps15000/stats/val_step14999.json,bicycle_4_n100_s42_c0.0_p10000_random_farthestpose_i100_gteval_steps15000,0.857,0.067143,100,5.77909,,,,,,,,/home/ojab2/work/git/vggt/vggt_outputs/bicycle_4_n100_s42_c0.0_p10000_random_farthestpose/eval_results.json,bicycle_4_n100_s42_c0.0_p10000_random_farthestpose,bicycle_4_n100_s42_c0.0_p10000_random_farthestpose_i100_gteval_steps15000_val_step14999.json,10000,,,,vggt | random,10250.0
vggt,100,42,0.0,50000,random,,,,0,10,farthestpose,100,GT Eval,,,,,False,,,,,0.0,,False,1.0,1.0,vggt,bicycle,,,15000,15000,,MCMC,,,,,,,,,,,gsplat,,outdoor,17.59831428527832,0.44869765639305115,0.27449196577072144,1000000,0.015081527642905712,0.7160574197769165,,,0.1158752129634067,0.4392833350967972,50000,/home/ojab2/work/git/gsplat/results/vggt_outputs/bicycle_4_n100_s42_c0.0_p50000_random_farthestpose_i100_gteval_steps15000/stats/val_step14999.json,/home/ojab2/work/git/gsplat/results/vggt_outputs/bicycle_4_n100_s42_c0.0_p50000_random_farthestpose_i100_gteval_steps15000/stats/val_step14999.json,bicycle_4_n100_s42_c0.0_p50000_random_farthestpose_i100_gteval_steps15000,0.857,0.067143,100,5.77909,,,,,,,,/home/ojab2/work/git/vggt/vggt_outputs/bicycle_4_n100_s42_c0.0_p50000_random_farthestpose/eval_results.json,bicycle_4_n100_s42_c0.0_p50000_random_farthestpose,bicycle_4_n100_s42_c0.0_p50000_random_farthestpose_i100_gteval_steps15000_val_step14999.json,50000,,,,vggt | random,51249.99999999999
vggt,100,42,0.0,100000,random,,,,0,10,farthestpose,100,GT Eval,,,,,False,,,,,0.0,,False,1.0,1.0,vggt,bicycle,,,15000,15000,,MCMC,,,,,,,,,,,gsplat,,outdoor,17.558757781982422,0.4272405803203583,0.26381954550743103,1000000,0.015081527642905712,0.7160574197769165,,,0.12214661237092046,0.43426466383817025,100000,/home/ojab2/work/git/gsplat/results/vggt_outputs/bicycle_4_n100_s42_c0.0_p100000_random_farthestpose_i100_gteval_steps15000/stats/val_step14999.json,/home/ojab2/work/git/gsplat/results/vggt_outputs/bicycle_4_n100_s42_c0.0_p100000_random_farthestpose_i100_gteval_steps15000/stats/val_step14999.json,bicycle_4_n100_s42_c0.0_p100000_random_farthestpose_i100_gteval_steps15000,0.7161,0.065623,100,5.788567,,,,,,,,/home/ojab2/work/git/vggt/vggt_outputs/bicycle_4_n100_s42_c0.0_p100000_random_farthestpose/eval_results.json,bicycle_4_n100_s42_c0.0_p100000_random_farthestpose,bicycle_4_n100_s42_c0.0_p100000_random_farthestpose_i100_gteval_steps15000_val_step14999.json,100000,,,,vggt | random,102499.99999999999
vggt,100,42,0.0,500000,random,,,,0,10,farthestpose,100,GT Eval,,,,,False,,,,,0.0,,False,1.0,1.0,vggt,bicycle,,,15000,15000,,MCMC,,,,,,,,,,,gsplat,,outdoor,17.479581832885742,0.40770307183265686,0.24472229182720184,1000000,0.015081527642905712,0.7160574197769165,,,0.12157259690753822,0.431545605354705,500000,/home/ojab2/work/git/gsplat/results/vggt_outputs/bicycle_4_n100_s42_c0.0_p500000_random_farthestpose_i100_gteval_steps15000/stats/val_step14999.json,/home/ojab2/work/git/gsplat/results/vggt_outputs/bicycle_4_n100_s42_c0.0_p500000_random_farthestpose_i100_gteval_steps15000/stats/val_step14999.json,bicycle_4_n100_s42_c0.0_p500000_random_farthestpose_i100_gteval_steps15000,0.857,0.067143,100,5.77909,,,,,,,,/home/ojab2/work/git/vggt/vggt_outputs/bicycle_4_n100_s42_c0.0_p500000_random_farthestpose/eval_results.json,bicycle_4_n100_s42_c0.0_p500000_random_farthestpose,bicycle_4_n100_s42_c0.0_p500000_random_farthestpose_i100_gteval_steps15000_val_step14999.json,500000,,,,vggt | random,512499.99999999994
vggt,100,42,0.0,1000000,random,,,,0,10,farthestpose,100,GT Eval,,,,,False,,,,,0.0,,False,1.0,1.0,vggt,bicycle,,,15000,15000,,MCMC,,,,,,,,,,,gsplat,,outdoor,17.43742561340332,0.4110182821750641,0.23839884996414185,1000000,0.015081527642905712,0.7160574197769165,,,0.11504758082093014,0.4339189262160589,1000000,/home/ojab2/work/git/gsplat/results/vggt_outputs/bicycle_4_n100_s42_c0.0_p1000000_random_farthestpose_i100_gteval_steps15000/stats/val_step14999.json,/home/ojab2/work/git/gsplat/results/vggt_outputs/bicycle_4_n100_s42_c0.0_p1000000_random_farthestpose_i100_gteval_steps15000/stats/val_step14999.json,bicycle_4_n100_s42_c0.0_p1000000_random_farthestpose_i100_gteval_steps15000,0.857,0.067143,100,5.77909,,,,,,,,/home/ojab2/work/git/vggt/vggt_outputs/bicycle_4_n100_s42_c0.0_p1000000_random_farthestpose/eval_results.json,bicycle_4_n100_s42_c0.0_p1000000_random_farthestpose,bicycle_4_n100_s42_c0.0_p1000000_random_farthestpose_i100_gteval_steps15000_val_step14999.json,1000000,,,,vggt | random,1024999.9999999999
vggt,100,42,0.0,1000,voxels,,,,0,10,farthestpose,100,GT Eval,,,,,False,,,,,0.0,,False,1.0,1.0,vggt,bicycle,,,15000,15000,,MCMC,,,,,,,,,,,gsplat,,outdoor,18.17292022705078,0.6976091861724854,0.33221903443336487,1000000,0.015081527642905712,0.7160571217536926,,,0.006625490966286321,0.5100060437593626,947,/home/ojab2/work/git/gsplat/results/vggt_outputs/bicycle_4_n100_s42_c0.0_p1000_voxels_farthestpose_i100_gteval_steps15000/stats/val_step14999.json,/home/ojab2/work/git/gsplat/results/vggt_outputs/bicycle_4_n100_s42_c0.0_p1000_voxels_farthestpose_i100_gteval_steps15000/stats/val_step14999.json,bicycle_4_n100_s42_c0.0_p1000_voxels_farthestpose_i100_gteval_steps15000,0.7161,0.065623,100,5.788567,,,,,,,,/home/ojab2/work/git/vggt/vggt_outputs/bicycle_4_n100_s42_c0.0_p1000_voxels_farthestpose/eval_results.json,bicycle_4_n100_s42_c0.0_p1000_voxels_farthestpose,bicycle_4_n100_s42_c0.0_p1000_voxels_farthestpose_i100_gteval_steps15000_val_step14999.json,947,,,,vggt | voxels,1075.0
vggt,100,42,0.0,5000,voxels,,,,0,10,farthestpose,100,GT Eval,,,,,False,,,,,0.0,,False,1.0,1.0,vggt,bicycle,,,15000,15000,,MCMC,,,,,,,,,,,gsplat,,outdoor,17.95667839050293,0.5852620005607605,0.31117650866508484,1000000,0.015081527642905712,0.7160571813583374,,,0.059665556462110136,0.4770745761902634,4925,/home/ojab2/work/git/gsplat/results/vggt_outputs/bicycle_4_n100_s42_c0.0_p5000_voxels_farthestpose_i100_gteval_steps15000/stats/val_step14999.json,/home/ojab2/work/git/gsplat/results/vggt_outputs/bicycle_4_n100_s42_c0.0_p5000_voxels_farthestpose_i100_gteval_steps15000/stats/val_step14999.json,bicycle_4_n100_s42_c0.0_p5000_voxels_farthestpose_i100_gteval_steps15000,0.7161,0.065623,100,5.788567,,,,,,,,/home/ojab2/work/git/vggt/vggt_outputs/bicycle_4_n100_s42_c0.0_p5000_voxels_farthestpose/eval_results.json,bicycle_4_n100_s42_c0.0_p5000_voxels_farthestpose,bicycle_4_n100_s42_c0.0_p5000_voxels_farthestpose_i100_gteval_steps15000_val_step14999.json,4925,,,,vggt | voxels,5375.0
vggt,100,42,0.0,10000,voxels,,,,0,10,farthestpose,100,GT Eval,,,,,False,,,,,0.0,,False,1.0,1.0,vggt,bicycle,,,15000,15000,,MCMC,,,,,,,,,,,gsplat,,outdoor,17.848243713378906,0.548616349697113,0.3017392158508301,1000000,0.015081527642905712,0.7160571217536926,,,0.07475939433709458,0.466882961054918,9795,/home/ojab2/work/git/gsplat/results/vggt_outputs/bicycle_4_n100_s42_c0.0_p10000_voxels_farthestpose_i100_gteval_steps15000/stats/val_step14999.json,/home/ojab2/work/git/gsplat/results/vggt_outputs/bicycle_4_n100_s42_c0.0_p10000_voxels_farthestpose_i100_gteval_steps15000/stats/val_step14999.json,bicycle_4_n100_s42_c0.0_p10000_voxels_farthestpose_i100_gteval_steps15000,0.7161,0.065623,100,5.788567,,,,,,,,/home/ojab2/work/git/vggt/vggt_outputs/bicycle_4_n100_s42_c0.0_p10000_voxels_farthestpose/eval_results.json,bicycle_4_n100_s42_c0.0_p10000_voxels_farthestpose,bicycle_4_n100_s42_c0.0_p10000_voxels_farthestpose_i100_gteval_steps15000_val_step14999.json,9795,,,,vggt | voxels,10750.0
vggt,100,42,0.0,50000,voxels,,,,0,10,farthestpose,100,GT Eval,,,,,False,,,,,0.0,,False,1.0,1.0,vggt,bicycle,,,15000,15000,,MCMC,,,,,,,,,,,gsplat,,outdoor,17.71558952331543,0.49058446288108826,0.2859232723712921,1000000,0.015081527642905712,0.7160570621490479,,,0.09887589786330009,0.4508455518989498,48986,/home/ojab2/work/git/gsplat/results/vggt_outputs/bicycle_4_n100_s42_c0.0_p50000_voxels_farthestpose_i100_gteval_steps15000/stats/val_step14999.json,/home/ojab2/work/git/gsplat/results/vggt_outputs/bicycle_4_n100_s42_c0.0_p50000_voxels_farthestpose_i100_gteval_steps15000/stats/val_step14999.json,bicycle_4_n100_s42_c0.0_p50000_voxels_farthestpose_i100_gteval_steps15000,0.7161,0.065623,100,5.788567,,,,,,,,/home/ojab2/work/git/vggt/vggt_outputs/bicycle_4_n100_s42_c0.0_p50000_voxels_farthestpose/eval_results.json,bicycle_4_n100_s42_c0.0_p50000_voxels_farthestpose,bicycle_4_n100_s42_c0.0_p50000_voxels_farthestpose_i100_gteval_steps15000_val_step14999.json,48986,,,,vggt | voxels,53750.0
vggt,100,42,0.0,100000,voxels,,,,0,10,farthestpose,100,GT Eval,,,,,False,,,,,0.0,,False,1.0,1.0,vggt,bicycle,,,15000,15000,,MCMC,,,,,,,,,,,gsplat,,outdoor,17.701284408569336,0.4775100648403168,0.27940016984939575,1000000,0.015081527642905712,0.7160570621490479,,,0.10286692456814901,0.44778966558831945,99373,/home/ojab2/work/git/gsplat/results/vggt_outputs/bicycle_4_n100_s42_c0.0_p100000_voxels_farthestpose_i100_gteval_steps15000/stats/val_step14999.json,/home/ojab2/work/git/gsplat/results/vggt_outputs/bicycle_4_n100_s42_c0.0_p100000_voxels_farthestpose_i100_gteval_steps15000/stats/val_step14999.json,bicycle_4_n100_s42_c0.0_p100000_voxels_farthestpose_i100_gteval_steps15000,0.7161,0.065623,100,5.788567,,,,,,,,/home/ojab2/work/git/vggt/vggt_outputs/bicycle_4_n100_s42_c0.0_p100000_voxels_farthestpose/eval_results.json,bicycle_4_n100_s42_c0.0_p100000_voxels_farthestpose,bicycle_4_n100_s42_c0.0_p100000_voxels_farthestpose_i100_gteval_steps15000_val_step14999.json,99373,,,,vggt | voxels,107500.0
vggt,100,42,0.0,500000,voxels,,,,0,10,farthestpose,100,GT Eval,,,,,False,,,,,0.0,,False,1.0,1.0,vggt,bicycle,,,15000,15000,,MCMC,,,,,,,,,,,gsplat,,outdoor,17.65646743774414,0.4586644172668457,0.2626705467700958,1000000,0.015081527642905712,0.7160571217536926,,,0.1038866911405399,0.4448322791138353,453587,/home/ojab2/work/git/gsplat/results/vggt_outputs/bicycle_4_n100_s42_c0.0_p500000_voxels_farthestpose_i100_gteval_steps15000/stats/val_step14999.json,/home/ojab2/work/git/gsplat/results/vggt_outputs/bicycle_4_n100_s42_c0.0_p500000_voxels_farthestpose_i100_gteval_steps15000/stats/val_step14999.json,bicycle_4_n100_s42_c0.0_p500000_voxels_farthestpose_i100_gteval_steps15000,0.7161,0.065623,100,5.788567,,,,,,,,/home/ojab2/work/git/vggt/vggt_outputs/bicycle_4_n100_s42_c0.0_p500000_voxels_farthestpose/eval_results.json,bicycle_4_n100_s42_c0.0_p500000_voxels_farthestpose,bicycle_4_n100_s42_c0.0_p500000_voxels_farthestpose_i100_gteval_steps15000_val_step14999.json,453587,,,,vggt | voxels,537500.0
vggt,100,42,0.0,1000000,voxels,,,,0,10,farthestpose,100,GT Eval,,,,,False,,,,,0.0,,False,1.0,1.0,vggt,bicycle,,,15000,15000,,MCMC,,,,,,,,,,,gsplat,,outdoor,17.626007080078125,0.4595857858657837,0.255382776260376,1000000,0.015081527642905712,0.7160571813583374,,,0.09849201029504251,0.44659069991990213,864636,/home/ojab2/work/git/gsplat/results/vggt_outputs/bicycle_4_n100_s42_c0.0_p1000000_voxels_farthestpose_i100_gteval_steps15000/stats/val_step14999.json,/home/ojab2/work/git/gsplat/results/vggt_outputs/bicycle_4_n100_s42_c0.0_p1000000_voxels_farthestpose_i100_gteval_steps15000/stats/val_step14999.json,bicycle_4_n100_s42_c0.0_p1000000_voxels_farthestpose_i100_gteval_steps15000,0.7161,0.065623,100,5.788567,,,,,,,,/home/ojab2/work/git/vggt/vggt_outputs/bicycle_4_n100_s42_c0.0_p1000000_voxels_farthestpose/eval_results.json,bicycle_4_n100_s42_c0.0_p1000000_voxels_farthestpose,bicycle_4_n100_s42_c0.0_p1000000_voxels_farthestpose_i100_gteval_steps15000_val_step14999.json,864636,,,,vggt | voxels,1075000.0
colmap,100,42,,17352,,,,,0,10,farthestpose,100,GT Eval,,,,,False,,,,,0.0,,False,1.0,1.0,colmap,bicycle,,,15000,15000,default,MCMC,,,,,Shared Cam,,,,,,gsplat,,outdoor,21.33245086669922,0.36376556754112244,0.4795043170452118,1000000,0.0017129764892160892,0.09855562448501587,,,0.3573433696410345,0.364192450848629,17352,/home/ojab2/work/git/gsplat/results/colmap_outputs/bicycle_4_n100_s42_default_farthestpose_sharedcam_i100_gteval_steps15000/stats/val_step14999.json,/home/ojab2/work/git/gsplat/results/colmap_outputs/bicycle_4_n100_s42_default_farthestpose_sharedcam_i100_gteval_steps15000/stats/val_step14999.json,bicycle_4_n100_s42_default_farthestpose_sharedcam_i100_gteval_steps15000,0.0986,0.006893,100,1.077433,,,,48.263854026794434,1699,1699,0.0,/home/ojab2/work/git/vggt/colmap_outputs/bicycle_4_n100_s42_default_farthestpose_sharedcam/eval_results.json,bicycle_4_n100_s42_default_farthestpose_sharedcam,bicycle_4_n100_s42_default_farthestpose_sharedcam_i100_gteval_steps15000_val_step14999.json,17352,,,,colmap | ,19521.0
vggt,100,42,,21147,ba,,,,0,10,farthestpose,100,GT Eval,,,,,False,,,,,0.0,,False,1.0,1.0,vggt,garden,radial,,15000,15000,,MCMC,,,,,Shared Cam,,,Use BA,aliked+sp,250,gsplat,,outdoor,18.608190536499023,0.4627842605113983,0.3600336015224457,1000000,0.0032176014501601458,0.3292217552661896,,,0.17590553877491547,0.4255136977447923,21147,/home/ojab2/work/git/gsplat/results/vggt_outputs/garden_2_n100_s42_mradial_aliked-sp_ba_farthestpose_useba_maxba250_sharedcam_i100_gteval_steps15000/stats/val_step14999.json,/home/ojab2/work/git/gsplat/results/vggt_outputs/garden_2_n100_s42_mradial_aliked-sp_ba_farthestpose_useba_maxba250_sharedcam_i100_gteval_steps15000/stats/val_step14999.json,garden_2_n100_s42_mradial_aliked-sp_ba_farthestpose_useba_maxba250_sharedcam_i100_gteval_steps15000,0.3292,0.014488,100,6.036735,,,,,,,,/home/ojab2/work/git/vggt/vggt_outputs/garden_2_n100_s42_mradial_aliked-sp_ba_farthestpose_useba_maxba250_sharedcam/eval_results.json,garden_2_n100_s42_mradial_aliked-sp_ba_farthestpose_useba_maxba250_sharedcam,garden_2_n100_s42_mradial_aliked-sp_ba_farthestpose_useba_maxba250_sharedcam_i100_gteval_steps15000_val_step14999.json,21147,,,,vggt | ba,18503.625
vggt,100,42,0.0,1000,confidence,,,,0,10,farthestpose,100,GT Eval,,,,,False,,,,,0.0,,False,1.0,1.0,vggt,garden,,,15000,15000,,MCMC,,,,,,,,,,,gsplat,,outdoor,19.119855880737305,0.6995779275894165,0.39822810888290405,1000000,0.005971261765807867,0.3733392357826233,,,0.06154786184904563,0.4958546909468029,1000,/home/ojab2/work/git/gsplat/results/vggt_outputs/garden_2_n100_s42_c0.0_p1000_confidence_farthestpose_i100_gteval_steps15000/stats/val_step14999.json,/home/ojab2/work/git/gsplat/results/vggt_outputs/garden_2_n100_s42_c0.0_p1000_confidence_farthestpose_i100_gteval_steps15000/stats/val_step14999.json,garden_2_n100_s42_c0.0_p1000_confidence_farthestpose_i100_gteval_steps15000,0.3733,0.026869,100,6.069829,,,,,,,,/home/ojab2/work/git/vggt/vggt_outputs/garden_2_n100_s42_c0.0_p1000_confidence_farthestpose/eval_results.json,garden_2_n100_s42_c0.0_p1000_confidence_farthestpose,garden_2_n100_s42_c0.0_p1000_confidence_farthestpose_i100_gteval_steps15000_val_step14999.json,1000,,,,vggt | confidence,925.0
vggt,100,42,0.0,5000,confidence,,,,0,10,farthestpose,100,GT Eval,,,,,False,,,,,0.0,,False,1.0,1.0,vggt,garden,,,15000,15000,,MCMC,,,,,,,,,,,gsplat,,outdoor,18.9310302734375,0.588935136795044,0.3803024888038635,1000000,0.005971261765807867,0.37333884835243225,,,0.11586629159269282,0.4629781995049478,5000,/home/ojab2/work/git/gsplat/results/vggt_outputs/garden_2_n100_s42_c0.0_p5000_confidence_farthestpose_i100_gteval_steps15000/stats/val_step14999.json,/home/ojab2/work/git/gsplat/results/vggt_outputs/garden_2_n100_s42_c0.0_p5000_confidence_farthestpose_i100_gteval_steps15000/stats/val_step14999.json,garden_2_n100_s42_c0.0_p5000_confidence_farthestpose_i100_gteval_steps15000,0.3733,0.026869,100,6.069829,,,,,,,,/home/ojab2/work/git/vggt/vggt_outputs/garden_2_n100_s42_c0.0_p5000_confidence_farthestpose/eval_results.json,garden_2_n100_s42_c0.0_p5000_confidence_farthestpose,garden_2_n100_s42_c0.0_p5000_confidence_farthestpose_i100_gteval_steps15000_val_step14999.json,5000,,,,vggt | confidence,4625.0
vggt,100,42,0.0,10000,confidence,,,,0,10,farthestpose,100,GT Eval,,,,,False,,,,,0.0,,False,1.0,1.0,vggt,garden,,,15000,15000,,MCMC,,,,,,,,,,,gsplat,,outdoor,18.900447845458984,0.5618516206741333,0.37539228796958923,1000000,0.005971261765807867,0.3733389973640442,,,0.1291467076853702,0.45501801973854833,10000,/home/ojab2/work/git/gsplat/results/vggt_outputs/garden_2_n100_s42_c0.0_p10000_confidence_farthestpose_i100_gteval_steps15000/stats/val_step14999.json,/home/ojab2/work/git/gsplat/results/vggt_outputs/garden_2_n100_s42_c0.0_p10000_confidence_farthestpose_i100_gteval_steps15000/stats/val_step14999.json,garden_2_n100_s42_c0.0_p10000_confidence_farthestpose_i100_gteval_steps15000,0.3733,0.026869,100,6.069829,,,,,,,,/home/ojab2/work/git/vggt/vggt_outputs/garden_2_n100_s42_c0.0_p10000_confidence_farthestpose/eval_results.json,garden_2_n100_s42_c0.0_p10000_confidence_farthestpose,garden_2_n100_s42_c0.0_p10000_confidence_farthestpose_i100_gteval_steps15000_val_step14999.json,10000,,,,vggt | confidence,9250.0
vggt,100,42,0.0,50000,confidence,,,,0,10,farthestpose,100,GT Eval,,,,,False,,,,,0.0,,False,1.0,1.0,vggt,garden,,,15000,15000,,MCMC,,,,,,,,,,,gsplat,,outdoor,18.806325912475586,0.5237365961074829,0.36581891775131226,1000000,0.005971261765807867,0.37333908677101135,,,0.14533303975284373,0.44441828262119,50000,/home/ojab2/work/git/gsplat/results/vggt_outputs/garden_2_n100_s42_c0.0_p50000_confidence_farthestpose_i100_gteval_steps15000/stats/val_step14999.json,/home/ojab2/work/git/gsplat/results/vggt_outputs/garden_2_n100_s42_c0.0_p50000_confidence_farthestpose_i100_gteval_steps15000/stats/val_step14999.json,garden_2_n100_s42_c0.0_p50000_confidence_farthestpose_i100_gteval_steps15000,0.3733,0.026869,100,6.069829,,,,,,,,/home/ojab2/work/git/vggt/vggt_outputs/garden_2_n100_s42_c0.0_p50000_confidence_farthestpose/eval_results.json,garden_2_n100_s42_c0.0_p50000_confidence_farthestpose,garden_2_n100_s42_c0.0_p50000_confidence_farthestpose_i100_gteval_steps15000_val_step14999.json,50000,,,,vggt | confidence,46250.0
vggt,100,42,0.0,100000,confidence,,,,0,10,farthestpose,100,GT Eval,,,,,False,,,,,0.0,,False,1.0,1.0,vggt,garden,,,15000,15000,,MCMC,,,,,,,,,,,gsplat,,outdoor,18.731151580810547,0.5131998062133789,0.36053428053855896,1000000,0.005971261765807867,0.37333914637565613,,,0.14735468267387503,0.44208634206588837,100000,/home/ojab2/work/git/gsplat/results/vggt_outputs/garden_2_n100_s42_c0.0_p100000_confidence_farthestpose_i100_gteval_steps15000/stats/val_step14999.json,/home/ojab2/work/git/gsplat/results/vggt_outputs/garden_2_n100_s42_c0.0_p100000_confidence_farthestpose_i100_gteval_steps15000/stats/val_step14999.json,garden_2_n100_s42_c0.0_p100000_confidence_farthestpose_i100_gteval_steps15000,0.3733,0.026869,100,6.069829,,,,,,,,/home/ojab2/work/git/vggt/vggt_outputs/garden_2_n100_s42_c0.0_p100000_confidence_farthestpose/eval_results.json,garden_2_n100_s42_c0.0_p100000_confidence_farthestpose,garden_2_n100_s42_c0.0_p100000_confidence_farthestpose_i100_gteval_steps15000_val_step14999.json,100000,,,,vggt | confidence,92500.0
vggt,100,42,0.0,500000,confidence,,,,0,10,farthestpose,100,GT Eval,,,,,False,,,,,0.0,,False,1.0,1.0,vggt,garden,,,15000,15000,,MCMC,,,,,,,,,,,gsplat,,outdoor,18.604413986206055,0.4967137277126312,0.3518092632293701,1000000,0.005971261765807867,0.37333911657333374,,,0.15008193254470828,0.4385354944512936,500000,/home/ojab2/work/git/gsplat/results/vggt_outputs/garden_2_n100_s42_c0.0_p500000_confidence_farthestpose_i100_gteval_steps15000/stats/val_step14999.json,/home/ojab2/work/git/gsplat/results/vggt_outputs/garden_2_n100_s42_c0.0_p500000_confidence_farthestpose_i100_gteval_steps15000/stats/val_step14999.json,garden_2_n100_s42_c0.0_p500000_confidence_farthestpose_i100_gteval_steps15000,0.3733,0.026869,100,6.069829,,,,,,,,/home/ojab2/work/git/vggt/vggt_outputs/garden_2_n100_s42_c0.0_p500000_confidence_farthestpose/eval_results.json,garden_2_n100_s42_c0.0_p500000_confidence_farthestpose,garden_2_n100_s42_c0.0_p500000_confidence_farthestpose_i100_gteval_steps15000_val_step14999.json,500000,,,,vggt | confidence,462500.0
vggt,100,42,0.0,1000000,confidence,,,,0,10,farthestpose,100,GT Eval,,,,,False,,,,,0.0,,False,1.0,1.0,vggt,garden,,,15000,15000,,MCMC,,,,,,,,,,,gsplat,,outdoor,18.53057098388672,0.5021331310272217,0.3503827750682831,1000000,0.005971261765807867,0.37333908677101135,,,0.14453495524780097,0.4407159255704546,1000000,/home/ojab2/work/git/gsplat/results/vggt_outputs/garden_2_n100_s42_c0.0_p1000000_confidence_farthestpose_i100_gteval_steps15000/stats/val_step14999.json,/home/ojab2/work/git/gsplat/results/vggt_outputs/garden_2_n100_s42_c0.0_p1000000_confidence_farthestpose_i100_gteval_steps15000/stats/val_step14999.json,garden_2_n100_s42_c0.0_p1000000_confidence_farthestpose_i100_gteval_steps15000,0.3733,0.026869,100,6.069829,,,,,,,,/home/ojab2/work/git/vggt/vggt_outputs/garden_2_n100_s42_c0.0_p1000000_confidence_farthestpose/eval_results.json,garden_2_n100_s42_c0.0_p1000000_confidence_farthestpose,garden_2_n100_s42_c0.0_p1000000_confidence_farthestpose_i100_gteval_steps15000_val_step14999.json,1000000,,,,vggt | confidence,925000.0
vggt,100,42,0.0,1000,imagefps,,,,0,10,farthestpose,100,GT Eval,,,,,False,,,,,0.0,,False,1.0,1.0,vggt,garden,,,15000,15000,,MCMC,,,,,,,,,,,gsplat,,outdoor,19.148347854614258,0.6969513297080994,0.39829525351524353,1000000,0.005971261765807867,0.3733389973640442,,,0.0637361135786428,0.4949380383524389,1000,/home/ojab2/work/git/gsplat/results/vggt_outputs/garden_2_n100_s42_c0.0_p1000_imagefps_farthestpose_i100_gteval_steps15000/stats/val_step14999.json,/home/ojab2/work/git/gsplat/results/vggt_outputs/garden_2_n100_s42_c0.0_p1000_imagefps_farthestpose_i100_gteval_steps15000/stats/val_step14999.json,garden_2_n100_s42_c0.0_p1000_imagefps_farthestpose_i100_gteval_steps15000,0.3733,0.026869,100,6.069829,,,,,,,,/home/ojab2/work/git/vggt/vggt_outputs/garden_2_n100_s42_c0.0_p1000_imagefps_farthestpose/eval_results.json,garden_2_n100_s42_c0.0_p1000_imagefps_farthestpose,garden_2_n100_s42_c0.0_p1000_imagefps_farthestpose_i100_gteval_steps15000_val_step14999.json,1000,,,,vggt | imagefps,975.0
vggt,100,42,0.0,5000,imagefps,,,,0,10,farthestpose,100,GT Eval,,,,,False,,,,,0.0,,False,1.0,1.0,vggt,garden,,,15000,15000,,MCMC,,,,,,,,,,,gsplat,,outdoor,18.930255889892578,0.586919903755188,0.3810514807701111,1000000,0.005971261765807867,0.3733389377593994,,,0.1175339291667381,0.4621485920369026,5000,/home/ojab2/work/git/gsplat/results/vggt_outputs/garden_2_n100_s42_c0.0_p5000_imagefps_farthestpose_i100_gteval_steps15000/stats/val_step14999.json,/home/ojab2/work/git/gsplat/results/vggt_outputs/garden_2_n100_s42_c0.0_p5000_imagefps_farthestpose_i100_gteval_steps15000/stats/val_step14999.json,garden_2_n100_s42_c0.0_p5000_imagefps_farthestpose_i100_gteval_steps15000,0.3733,0.026869,100,6.069829,,,,,,,,/home/ojab2/work/git/vggt/vggt_outputs/garden_2_n100_s42_c0.0_p5000_imagefps_farthestpose/eval_results.json,garden_2_n100_s42_c0.0_p5000_imagefps_farthestpose,garden_2_n100_s42_c0.0_p5000_imagefps_farthestpose_i100_gteval_steps15000_val_step14999.json,5000,,,,vggt | imagefps,4875.0
vggt,100,42,0.0,10000,imagefps,,,,0,10,farthestpose,100,GT Eval,,,,,False,,,,,0.0,,False,1.0,1.0,vggt,garden,,,15000,15000,,MCMC,,,,,,,,,,,gsplat,,outdoor,18.863365173339844,0.5572059154510498,0.3764967918395996,1000000,0.005971261765807867,0.3733389377593994,,,0.13197361950443656,0.4532732446491883,10000,/home/ojab2/work/git/gsplat/results/vggt_outputs/garden_2_n100_s42_c0.0_p10000_imagefps_farthestpose_i100_gteval_steps15000/stats/val_step14999.json,/home/ojab2/work/git/gsplat/results/vggt_outputs/garden_2_n100_s42_c0.0_p10000_imagefps_farthestpose_i100_gteval_steps15000/stats/val_step14999.json,garden_2_n100_s42_c0.0_p10000_imagefps_farthestpose_i100_gteval_steps15000,0.3733,0.026869,100,6.069829,,,,,,,,/home/ojab2/work/git/vggt/vggt_outputs/garden_2_n100_s42_c0.0_p10000_imagefps_farthestpose/eval_results.json,garden_2_n100_s42_c0.0_p10000_imagefps_farthestpose,garden_2_n100_s42_c0.0_p10000_imagefps_farthestpose_i100_gteval_steps15000_val_step14999.json,10000,,,,vggt | imagefps,9750.0
vggt,100,42,0.0,50000,imagefps,,,,0,10,farthestpose,100,GT Eval,,,,,False,,,,,0.0,,False,1.0,1.0,vggt,garden,,,15000,15000,,MCMC,,,,,,,,,,,gsplat,,outdoor,18.42621612548828,0.5167618989944458,0.3638206422328949,1000000,0.005971261765807867,0.37333908677101135,,,0.14143075603723065,0.4429126099627539,50000,/home/ojab2/work/git/gsplat/results/vggt_outputs/garden_2_n100_s42_c0.0_p50000_imagefps_farthestpose_i100_gteval_steps15000/stats/val_step14999.json,/home/ojab2/work/git/gsplat/results/vggt_outputs/garden_2_n100_s42_c0.0_p50000_imagefps_farthestpose_i100_gteval_steps15000/stats/val_step14999.json,garden_2_n100_s42_c0.0_p50000_imagefps_farthestpose_i100_gteval_steps15000,0.3733,0.026869,100,6.069829,,,,,,,,/home/ojab2/work/git/vggt/vggt_outputs/garden_2_n100_s42_c0.0_p50000_imagefps_farthestpose/eval_results.json,garden_2_n100_s42_c0.0_p50000_imagefps_farthestpose,garden_2_n100_s42_c0.0_p50000_imagefps_farthestpose_i100_gteval_steps15000_val_step14999.json,50000,,,,vggt | imagefps,48750.0
vggt,100,42,0.0,100000,imagefps,,,,0,10,farthestpose,100,GT Eval,,,,,False,,,,,0.0,,False,1.0,1.0,vggt,garden,,,15000,15000,,MCMC,,,,,,,,,,,gsplat,,outdoor,18.49895668029785,0.48876917362213135,0.3583969473838806,1000000,0.005971261765807867,0.3733389973640442,,,0.15688551208119333,0.43463307471437973,100000,/home/ojab2/work/git/gsplat/results/vggt_outputs/garden_2_n100_s42_c0.0_p100000_imagefps_farthestpose_i100_gteval_steps15000/stats/val_step14999.json,/home/ojab2/work/git/gsplat/results/vggt_outputs/garden_2_n100_s42_c0.0_p100000_imagefps_farthestpose_i100_gteval_steps15000/stats/val_step14999.json,garden_2_n100_s42_c0.0_p100000_imagefps_farthestpose_i100_gteval_steps15000,0.3733,0.026869,100,6.069829,,,,,,,,/home/ojab2/work/git/vggt/vggt_outputs/garden_2_n100_s42_c0.0_p100000_imagefps_farthestpose/eval_results.json,garden_2_n100_s42_c0.0_p100000_imagefps_farthestpose,garden_2_n100_s42_c0.0_p100000_imagefps_farthestpose_i100_gteval_steps15000_val_step14999.json,100000,,,,vggt | imagefps,97500.0
vggt,100,42,0.0,500000,imagefps,,,,0,10,farthestpose,100,GT Eval,,,,,False,,,,,0.0,,False,1.0,1.0,vggt,garden,,,15000,15000,,MCMC,,,,,,,,,,,gsplat,,outdoor,18.419315338134766,0.46441078186035156,0.3473992347717285,1000000,0.005971261765807867,0.37333911657333374,,,0.16401530582460205,0.4288793756164209,500000,/home/ojab2/work/git/gsplat/results/vggt_outputs/garden_2_n100_s42_c0.0_p500000_imagefps_farthestpose_i100_gteval_steps15000/stats/val_step14999.json,/home/ojab2/work/git/gsplat/results/vggt_outputs/garden_2_n100_s42_c0.0_p500000_imagefps_farthestpose_i100_gteval_steps15000/stats/val_step14999.json,garden_2_n100_s42_c0.0_p500000_imagefps_farthestpose_i100_gteval_steps15000,0.3733,0.026869,100,6.069829,,,,,,,,/home/ojab2/work/git/vggt/vggt_outputs/garden_2_n100_s42_c0.0_p500000_imagefps_farthestpose/eval_results.json,garden_2_n100_s42_c0.0_p500000_imagefps_farthestpose,garden_2_n100_s42_c0.0_p500000_imagefps_farthestpose_i100_gteval_steps15000_val_step14999.json,500000,,,,vggt | imagefps,487500.0
vggt,100,42,0.0,1000000,imagefps,,,,0,10,farthestpose,100,GT Eval,,,,,False,,,,,0.0,,False,1.0,1.0,vggt,garden,,,15000,15000,,MCMC,,,,,,,,,,,gsplat,,outdoor,18.4139404296875,0.46265119314193726,0.34536585211753845,1000000,0.005971261765807867,0.37333908677101135,,,0.16381282369528133,0.4287179716917698,1000000,/home/ojab2/work/git/gsplat/results/vggt_outputs/garden_2_n100_s42_c0.0_p1000000_imagefps_farthestpose_i100_gteval_steps15000/stats/val_step14999.json,/home/ojab2/work/git/gsplat/results/vggt_outputs/garden_2_n100_s42_c0.0_p1000000_imagefps_farthestpose_i100_gteval_steps15000/stats/val_step14999.json,garden_2_n100_s42_c0.0_p1000000_imagefps_farthestpose_i100_gteval_steps15000,0.3733,0.026869,100,6.069829,,,,,,,,/home/ojab2/work/git/vggt/vggt_outputs/garden_2_n100_s42_c0.0_p1000000_imagefps_farthestpose/eval_results.json,garden_2_n100_s42_c0.0_p1000000_imagefps_farthestpose,garden_2_n100_s42_c0.0_p1000000_imagefps_farthestpose_i100_gteval_steps15000_val_step14999.json,1000000,,,,vggt | imagefps,975000.0
vggt,100,42,0.0,1000,random,,,,0,10,farthestpose,100,GT Eval,,,,,False,,,,,0.0,,False,1.0,1.0,vggt,garden,,,15000,15000,,MCMC,,,,,,,,,,,gsplat,,outdoor,19.148113250732422,0.6952097415924072,0.39783164858818054,1000000,0.005971261765807867,0.3733387887477875,,,0.06453570946228056,0.4944573193721387,1000,/home/ojab2/work/git/gsplat/results/vggt_outputs/garden_2_n100_s42_c0.0_p1000_random_farthestpose_i100_gteval_steps15000/stats/val_step14999.json,/home/ojab2/work/git/gsplat/results/vggt_outputs/garden_2_n100_s42_c0.0_p1000_random_farthestpose_i100_gteval_steps15000/stats/val_step14999.json,garden_2_n100_s42_c0.0_p1000_random_farthestpose_i100_gteval_steps15000,0.3733,0.026869,100,6.069829,,,,,,,,/home/ojab2/work/git/vggt/vggt_outputs/garden_2_n100_s42_c0.0_p1000_random_farthestpose/eval_results.json,garden_2_n100_s42_c0.0_p1000_random_farthestpose,garden_2_n100_s42_c0.0_p1000_random_farthestpose_i100_gteval_steps15000_val_step14999.json,1000,,,,vggt | random,1025.0
vggt,100,42,0.0,5000,random,,,,0,10,farthestpose,100,GT Eval,,,,,False,,,,,0.0,,False,1.0,1.0,vggt,garden,,,15000,15000,,MCMC,,,,,,,,,,,gsplat,,outdoor,18.920791625976562,0.5836509466171265,0.3806995749473572,1000000,0.005971261765807867,0.37333860993385315,,,0.11917074691792298,0.46114278224178884,5000,/home/ojab2/work/git/gsplat/results/vggt_outputs/garden_2_n100_s42_c0.0_p5000_random_farthestpose_i100_gteval_steps15000/stats/val_step14999.json,/home/ojab2/work/git/gsplat/results/vggt_outputs/garden_2_n100_s42_c0.0_p5000_random_farthestpose_i100_gteval_steps15000/stats/val_step14999.json,garden_2_n100_s42_c0.0_p5000_random_farthestpose_i100_gteval_steps15000,0.3733,0.026869,100,6.069829,,,,,,,,/home/ojab2/work/git/vggt/vggt_outputs/garden_2_n100_s42_c0.0_p5000_random_farthestpose/eval_results.json,garden_2_n100_s42_c0.0_p5000_random_farthestpose,garden_2_n100_s42_c0.0_p5000_random_farthestpose_i100_gteval_steps15000_val_step14999.json,5000,,,,vggt | random,5125.0
vggt,100,42,0.0,10000,random,,,,0,10,farthestpose,100,GT Eval,,,,,False,,,,,0.0,,False,1.0,1.0,vggt,garden,,,15000,15000,,MCMC,,,,,,,,,,,gsplat,,outdoor,18.84283447265625,0.5539188981056213,0.3751271665096283,1000000,0.005971261765807867,0.37333860993385315,,,0.13282149391099962,0.45248702289418097,10000,/home/ojab2/work/git/gsplat/results/vggt_outputs/garden_2_n100_s42_c0.0_p10000_random_farthestpose_i100_gteval_steps15000/stats/val_step14999.json,/home/ojab2/work/git/gsplat/results/vggt_outputs/garden_2_n100_s42_c0.0_p10000_random_farthestpose_i100_gteval_steps15000/stats/val_step14999.json,garden_2_n100_s42_c0.0_p10000_random_farthestpose_i100_gteval_steps15000,0.3733,0.026869,100,6.069829,,,,,,,,/home/ojab2/work/git/vggt/vggt_outputs/garden_2_n100_s42_c0.0_p10000_random_farthestpose/eval_results.json,garden_2_n100_s42_c0.0_p10000_random_farthestpose,garden_2_n100_s42_c0.0_p10000_random_farthestpose_i100_gteval_steps15000_val_step14999.json,10000,,,,vggt | random,10250.0
vggt,100,42,0.0,50000,random,,,,0,10,farthestpose,100,GT Eval,,,,,False,,,,,0.0,,False,1.0,1.0,vggt,garden,,,15000,15000,,MCMC,,,,,,,,,,,gsplat,,outdoor,18.701072692871094,0.5007842183113098,0.3636414706707001,1000000,0.005971261765807867,0.3733385503292084,,,0.1562786796326913,0.4373304499544206,50000,/home/ojab2/work/git/gsplat/results/vggt_outputs/garden_2_n100_s42_c0.0_p50000_random_farthestpose_i100_gteval_steps15000/stats/val_step14999.json,/home/ojab2/work/git/gsplat/results/vggt_outputs/garden_2_n100_s42_c0.0_p50000_random_farthestpose_i100_gteval_steps15000/stats/val_step14999.json,garden_2_n100_s42_c0.0_p50000_random_farthestpose_i100_gteval_steps15000,0.3733,0.026869,100,6.069829,,,,,,,,/home/ojab2/work/git/vggt/vggt_outputs/garden_2_n100_s42_c0.0_p50000_random_farthestpose/eval_results.json,garden_2_n100_s42_c0.0_p50000_random_farthestpose,garden_2_n100_s42_c0.0_p50000_random_farthestpose_i100_gteval_steps15000_val_step14999.json,50000,,,,vggt | random,51249.99999999999
vggt,100,42,0.0,100000,random,,,,0,10,farthestpose,100,GT Eval,,,,,False,,,,,0.0,,False,1.0,1.0,vggt,garden,,,15000,15000,,MCMC,,,,,,,,,,,gsplat,,outdoor,18.581771850585938,0.4816316068172455,0.357485294342041,1000000,0.005971261765807867,0.3733385503292084,,,0.16229190134707794,0.4323545529005117,100000,/home/ojab2/work/git/gsplat/results/vggt_outputs/garden_2_n100_s42_c0.0_p100000_random_farthestpose_i100_gteval_steps15000/stats/val_step14999.json,/home/ojab2/work/git/gsplat/results/vggt_outputs/garden_2_n100_s42_c0.0_p100000_random_farthestpose_i100_gteval_steps15000/stats/val_step14999.json,garden_2_n100_s42_c0.0_p100000_random_farthestpose_i100_gteval_steps15000,0.3733,0.026869,100,6.069829,,,,,,,,/home/ojab2/work/git/vggt/vggt_outputs/garden_2_n100_s42_c0.0_p100000_random_farthestpose/eval_results.json,garden_2_n100_s42_c0.0_p100000_random_farthestpose,garden_2_n100_s42_c0.0_p100000_random_farthestpose_i100_gteval_steps15000_val_step14999.json,100000,,,,vggt | random,102499.99999999999
vggt,100,42,0.0,500000,random,,,,0,10,farthestpose,100,GT Eval,,,,,False,,,,,0.0,,False,1.0,1.0,vggt,garden,,,15000,15000,,MCMC,,,,,,,,,,,gsplat,,outdoor,18.394943237304688,0.4397044777870178,0.34378689527511597,1000000,0.005971261765807867,0.373338520526886,,,0.17670229636979928,0.42141517672662365,500000,/home/ojab2/work/git/gsplat/results/vggt_outputs/garden_2_n100_s42_c0.0_p500000_random_farthestpose_i100_gteval_steps15000/stats/val_step14999.json,/home/ojab2/work/git/gsplat/results/vggt_outputs/garden_2_n100_s42_c0.0_p500000_random_farthestpose_i100_gteval_steps15000/stats/val_step14999.json,garden_2_n100_s42_c0.0_p500000_random_farthestpose_i100_gteval_steps15000,0.3733,0.026869,100,6.069829,,,,,,,,/home/ojab2/work/git/vggt/vggt_outputs/garden_2_n100_s42_c0.0_p500000_random_farthestpose/eval_results.json,garden_2_n100_s42_c0.0_p500000_random_farthestpose,garden_2_n100_s42_c0.0_p500000_random_farthestpose_i100_gteval_steps15000_val_step14999.json,500000,,,,vggt | random,512499.99999999994
vggt,100,42,0.0,1000000,random,,,,0,10,farthestpose,100,GT Eval,,,,,False,,,,,0.0,,False,1.0,1.0,vggt,garden,,,15000,15000,,MCMC,,,,,,,,,,,gsplat,,outdoor,18.41216468811035,0.43215084075927734,0.341250479221344,1000000,0.005971261765807867,0.373338520526886,,,0.18020066678950045,0.41939955561135467,1000000,/home/ojab2/work/git/gsplat/results/vggt_outputs/garden_2_n100_s42_c0.0_p1000000_random_farthestpose_i100_gteval_steps15000/stats/val_step14999.json,/home/ojab2/work/git/gsplat/results/vggt_outputs/garden_2_n100_s42_c0.0_p1000000_random_farthestpose_i100_gteval_steps15000/stats/val_step14999.json,garden_2_n100_s42_c0.0_p1000000_random_farthestpose_i100_gteval_steps15000,0.3733,0.026869,100,6.069829,,,,,,,,/home/ojab2/work/git/vggt/vggt_outputs/garden_2_n100_s42_c0.0_p1000000_random_farthestpose/eval_results.json,garden_2_n100_s42_c0.0_p1000000_random_farthestpose,garden_2_n100_s42_c0.0_p1000000_random_farthestpose_i100_gteval_steps15000_val_step14999.json,1000000,,,,vggt | random,1024999.9999999999
vggt,100,42,0.0,1000,voxels,,,,0,10,farthestpose,100,GT Eval,,,,,False,,,,,0.0,,False,1.0,1.0,vggt,garden,,,15000,15000,,MCMC,,,,,,,,,,,gsplat,,outdoor,19.14467430114746,0.6979984045028687,0.39822304248809814,1000000,0.005971261765807867,0.3733398914337158,,,0.06297951367398694,0.4953060099931079,987,/home/ojab2/work/git/gsplat/results/vggt_outputs/garden_2_n100_s42_c0.0_p1000_voxels_farthestpose_i100_gteval_steps15000/stats/val_step14999.json,/home/ojab2/work/git/gsplat/results/vggt_outputs/garden_2_n100_s42_c0.0_p1000_voxels_farthestpose_i100_gteval_steps15000/stats/val_step14999.json,garden_2_n100_s42_c0.0_p1000_voxels_farthestpose_i100_gteval_steps15000,0.3733,0.026869,100,6.069829,,,,,,,,/home/ojab2/work/git/vggt/vggt_outputs/garden_2_n100_s42_c0.0_p1000_voxels_farthestpose/eval_results.json,garden_2_n100_s42_c0.0_p1000_voxels_farthestpose,garden_2_n100_s42_c0.0_p1000_voxels_farthestpose_i100_gteval_steps15000_val_step14999.json,987,,,,vggt | voxels,1075.0
vggt,100,42,0.0,5000,voxels,,,,0,10,farthestpose,100,GT Eval,,,,,False,,,,,0.0,,False,1.0,1.0,vggt,garden,,,15000,15000,,MCMC,,,,,,,,,,,gsplat,,outdoor,18.929426193237305,0.5895435214042664,0.38158726692199707,1000000,0.005971261765807867,0.3733396828174591,,,0.11621237258155137,0.4629104169678196,4930,/home/ojab2/work/git/gsplat/results/vggt_outputs/garden_2_n100_s42_c0.0_p5000_voxels_farthestpose_i100_gteval_steps15000/stats/val_step14999.json,/home/ojab2/work/git/gsplat/results/vggt_outputs/garden_2_n100_s42_c0.0_p5000_voxels_farthestpose_i100_gteval_steps15000/stats/val_step14999.json,garden_2_n100_s42_c0.0_p5000_voxels_farthestpose_i100_gteval_steps15000,0.3733,0.026869,100,6.069829,,,,,,,,/home/ojab2/work/git/vggt/vggt_outputs/garden_2_n100_s42_c0.0_p5000_voxels_farthestpose/eval_results.json,garden_2_n100_s42_c0.0_p5000_voxels_farthestpose,garden_2_n100_s42_c0.0_p5000_voxels_farthestpose_i100_gteval_steps15000_val_step14999.json,4930,,,,vggt | voxels,5375.0
vggt,100,42,0.0,10000,voxels,,,,0,10,farthestpose,100,GT Eval,,,,,False,,,,,0.0,,False,1.0,1.0,vggt,garden,,,15000,15000,,MCMC,,,,,,,,,,,gsplat,,outdoor,18.880634307861328,0.5599662065505981,0.3768087327480316,1000000,0.005971261765807867,0.37333980202674866,,,0.1307719564809669,0.45411030601440094,9749,/home/ojab2/work/git/gsplat/results/vggt_outputs/garden_2_n100_s42_c0.0_p10000_voxels_farthestpose_i100_gteval_steps15000/stats/val_step14999.json,/home/ojab2/work/git/gsplat/results/vggt_outputs/garden_2_n100_s42_c0.0_p10000_voxels_farthestpose_i100_gteval_steps15000/stats/val_step14999.json,garden_2_n100_s42_c0.0_p10000_voxels_farthestpose_i100_gteval_steps15000,0.3733,0.026869,100,6.069829,,,,,,,,/home/ojab2/work/git/vggt/vggt_outputs/garden_2_n100_s42_c0.0_p10000_voxels_farthestpose/eval_results.json,garden_2_n100_s42_c0.0_p10000_voxels_farthestpose,garden_2_n100_s42_c0.0_p10000_voxels_farthestpose_i100_gteval_steps15000_val_step14999.json,9749,,,,vggt | voxels,10750.0
vggt,100,42,0.0,50000,voxels,,,,0,10,farthestpose,100,GT Eval,,,,,False,,,,,0.0,,False,1.0,1.0,vggt,garden,,,15000,15000,,MCMC,,,,,,,,,,,gsplat,,outdoor,18.393484115600586,0.5216222405433655,0.36591213941574097,1000000,0.005971261765807867,0.37334010004997253,,,0.13904749464105684,0.4441315602283181,48991,/home/ojab2/work/git/gsplat/results/vggt_outputs/garden_2_n100_s42_c0.0_p50000_voxels_farthestpose_i100_gteval_steps15000/stats/val_step14999.json,/home/ojab2/work/git/gsplat/results/vggt_outputs/garden_2_n100_s42_c0.0_p50000_voxels_farthestpose_i100_gteval_steps15000/stats/val_step14999.json,garden_2_n100_s42_c0.0_p50000_voxels_farthestpose_i100_gteval_steps15000,0.3733,0.026869,100,6.069829,,,,,,,,/home/ojab2/work/git/vggt/vggt_outputs/garden_2_n100_s42_c0.0_p50000_voxels_farthestpose/eval_results.json,garden_2_n100_s42_c0.0_p50000_voxels_farthestpose,garden_2_n100_s42_c0.0_p50000_voxels_farthestpose_i100_gteval_steps15000_val_step14999.json,48991,,,,vggt | voxels,53750.0
vggt,100,42,0.0,100000,voxels,,,,0,10,farthestpose,100,GT Eval,,,,,False,,,,,0.0,,False,1.0,1.0,vggt,garden,,,15000,15000,,MCMC,,,,,,,,,,,gsplat,,outdoor,18.371824264526367,0.5091984272003174,0.3620922267436981,1000000,0.005971261765807867,0.37334004044532776,,,0.14408153981028482,0.4408127311430752,95885,/home/ojab2/work/git/gsplat/results/vggt_outputs/garden_2_n100_s42_c0.0_p100000_voxels_farthestpose_i100_gteval_steps15000/stats/val_step14999.json,/home/ojab2/work/git/gsplat/results/vggt_outputs/garden_2_n100_s42_c0.0_p100000_voxels_farthestpose_i100_gteval_steps15000/stats/val_step14999.json,garden_2_n100_s42_c0.0_p100000_voxels_farthestpose_i100_gteval_steps15000,0.3733,0.026869,100,6.069829,,,,,,,,/home/ojab2/work/git/vggt/vggt_outputs/garden_2_n100_s42_c0.0_p100000_voxels_farthestpose/eval_results.json,garden_2_n100_s42_c0.0_p100000_voxels_farthestpose,garden_2_n100_s42_c0.0_p100000_voxels_farthestpose_i100_gteval_steps15000_val_step14999.json,95885,,,,vggt | voxels,107500.0
vggt,100,42,0.0,500000,voxels,,,,0,10,farthestpose,100,GT Eval,,,,,False,,,,,0.0,,False,1.0,1.0,vggt,garden,,,15000,15000,,MCMC,,,,,,,,,,,gsplat,,outdoor,18.463512420654297,0.4926074743270874,0.35478338599205017,1000000,0.005971261765807867,0.3733386695384979,,,0.15174662168340453,0.43670193066444984,497419,/home/ojab2/work/git/gsplat/results/vggt_outputs/garden_2_n100_s42_c0.0_p500000_voxels_farthestpose_i100_gteval_steps15000/stats/val_step14999.json,/home/ojab2/work/git/gsplat/results/vggt_outputs/garden_2_n100_s42_c0.0_p500000_voxels_farthestpose_i100_gteval_steps15000/stats/val_step14999.json,garden_2_n100_s42_c0.0_p500000_voxels_farthestpose_i100_gteval_steps15000,0.3733,0.026869,100,6.069829,,,,,,,,/home/ojab2/work/git/vggt/vggt_outputs/garden_2_n100_s42_c0.0_p500000_voxels_farthestpose/eval_results.json,garden_2_n100_s42_c0.0_p500000_voxels_farthestpose,garden_2_n100_s42_c0.0_p500000_voxels_farthestpose_i100_gteval_steps15000_val_step14999.json,497419,,,,vggt | voxels,537500.0
vggt,100,42,0.0,1000000,voxels,,,,0,10,farthestpose,100,GT Eval,,,,,False,,,,,0.0,,False,1.0,1.0,vggt,garden,,,15000,15000,,MCMC,,,,,,,,,,,gsplat,,outdoor,18.393796920776367,0.4902939796447754,0.3517160415649414,1000000,0.005971261765807867,0.37333858013153076,,,0.15008990837429315,0.43664328839088573,999638,/home/ojab2/work/git/gsplat/results/vggt_outputs/garden_2_n100_s42_c0.0_p1000000_voxels_farthestpose_i100_gteval_steps15000/stats/val_step14999.json,/home/ojab2/work/git/gsplat/results/vggt_outputs/garden_2_n100_s42_c0.0_p1000000_voxels_farthestpose_i100_gteval_steps15000/stats/val_step14999.json,garden_2_n100_s42_c0.0_p1000000_voxels_farthestpose_i100_gteval_steps15000,0.3733,0.026869,100,6.069829,,,,,,,,/home/ojab2/work/git/vggt/vggt_outputs/garden_2_n100_s42_c0.0_p1000000_voxels_farthestpose/eval_results.json,garden_2_n100_s42_c0.0_p1000000_voxels_farthestpose,garden_2_n100_s42_c0.0_p1000000_voxels_farthestpose_i100_gteval_steps15000_val_step14999.json,999638,,,,vggt | voxels,1075000.0
colmap,100,42,,70656,,,,,0,10,farthestpose,100,GT Eval,,,,,False,,,,,0.0,,False,1.0,1.0,colmap,garden,,,15000,15000,default,MCMC,,,,,Shared Cam,,,,,,gsplat,,outdoor,21.593313217163086,0.27146899700164795,0.4668513238430023,1000000,0.0006200820789672434,0.06278770416975021,,,0.41174793437055524,0.3361894244091358,70656,/home/ojab2/work/git/gsplat/results/colmap_outputs/garden_2_n100_s42_default_farthestpose_sharedcam_i100_gteval_steps15000/stats/val_step14999.json,/home/ojab2/work/git/gsplat/results/colmap_outputs/garden_2_n100_s42_default_farthestpose_sharedcam_i100_gteval_steps15000/stats/val_step14999.json,garden_2_n100_s42_default_farthestpose_sharedcam_i100_gteval_steps15000,0.0628,0.002621,100,1.057253,,,,120.1125156879425,10100,10100,0.0,/home/ojab2/work/git/vggt/colmap_outputs/garden_2_n100_s42_default_farthestpose_sharedcam/eval_results.json,garden_2_n100_s42_default_farthestpose_sharedcam,garden_2_n100_s42_default_farthestpose_sharedcam_i100_gteval_steps15000_val_step14999.json,70656,,,,colmap | ,79488.0
vggt,100,42,,21431,ba,,,,0,10,farthestpose,100,GT Eval,,,,,False,,,,,0.0,,False,1.0,1.0,vggt,stump,radial,,15000,15000,,MCMC,,,,,Shared Cam,,,Use BA,aliked+sp,250,gsplat,,outdoor,19.07137107849121,0.5528304576873779,0.43802934885025024,1000000,0.01067336555570364,0.6949800848960876,,,0.17451043203327857,0.43828717698682,21431,/home/ojab2/work/git/gsplat/results/vggt_outputs/stump_2_n100_s42_mradial_aliked-sp_ba_farthestpose_useba_maxba250_sharedcam_i100_gteval_steps15000/stats/val_step14999.json,/home/ojab2/work/git/gsplat/results/vggt_outputs/stump_2_n100_s42_mradial_aliked-sp_ba_farthestpose_useba_maxba250_sharedcam_i100_gteval_steps15000/stats/val_step14999.json,stump_2_n100_s42_mradial_aliked-sp_ba_farthestpose_useba_maxba250_sharedcam_i100_gteval_steps15000,0.695,0.043247,100,4.76216,,,,,,,,/home/ojab2/work/git/vggt/vggt_outputs/stump_2_n100_s42_mradial_aliked-sp_ba_farthestpose_useba_maxba250_sharedcam/eval_results.json,stump_2_n100_s42_mradial_aliked-sp_ba_farthestpose_useba_maxba250_sharedcam,stump_2_n100_s42_mradial_aliked-sp_ba_farthestpose_useba_maxba250_sharedcam_i100_gteval_steps15000_val_step14999.json,21431,,,,vggt | ba,18752.125
vggt,100,42,0.0,1000,confidence,,,,0,10,farthestpose,100,GT Eval,,,,,False,,,,,0.0,,False,1.0,1.0,vggt,stump,,,15000,15000,,MCMC,,,,,,,,,,,gsplat,,outdoor,19.30663299560547,0.7521436810493469,0.4832588732242584,1000000,0.04037195071578026,0.8558047413825989,,,0.08228429452872572,0.4942406025589138,1000,/home/ojab2/work/git/gsplat/results/vggt_outputs/stump_2_n100_s42_c0.0_p1000_confidence_farthestpose_i100_gteval_steps15000/stats/val_step14999.json,/home/ojab2/work/git/gsplat/results/vggt_outputs/stump_2_n100_s42_c0.0_p1000_confidence_farthestpose_i100_gteval_steps15000/stats/val_step14999.json,stump_2_n100_s42_c0.0_p1000_confidence_farthestpose_i100_gteval_steps15000,0.8558,0.162829,100,4.685178,,,,,,,,/home/ojab2/work/git/vggt/vggt_outputs/stump_2_n100_s42_c0.0_p1000_confidence_farthestpose/eval_results.json,stump_2_n100_s42_c0.0_p1000_confidence_farthestpose,stump_2_n100_s42_c0.0_p1000_confidence_farthestpose_i100_gteval_steps15000_val_step14999.json,1000,,,,vggt | confidence,925.0
vggt,100,42,0.0,5000,confidence,,,,0,10,farthestpose,100,GT Eval,,,,,False,,,,,0.0,,False,1.0,1.0,vggt,stump,,,15000,15000,,MCMC,,,,,,,,,,,gsplat,,outdoor,19.033166885375977,0.6334003210067749,0.45673853158950806,1000000,0.04037195071578026,0.8558045029640198,,,0.13500950598267472,0.4609855093411539,5000,/home/ojab2/work/git/gsplat/results/vggt_outputs/stump_2_n100_s42_c0.0_p5000_confidence_farthestpose_i100_gteval_steps15000/stats/val_step14999.json,/home/ojab2/work/git/gsplat/results/vggt_outputs/stump_2_n100_s42_c0.0_p5000_confidence_farthestpose_i100_gteval_steps15000/stats/val_step14999.json,stump_2_n100_s42_c0.0_p5000_confidence_farthestpose_i100_gteval_steps15000,0.8558,0.162829,100,4.685178,,,,,,,,/home/ojab2/work/git/vggt/vggt_outputs/stump_2_n100_s42_c0.0_p5000_confidence_farthestpose/eval_results.json,stump_2_n100_s42_c0.0_p5000_confidence_farthestpose,stump_2_n100_s42_c0.0_p5000_confidence_farthestpose_i100_gteval_steps15000_val_step14999.json,5000,,,,vggt | confidence,4625.0
vggt,100,42,0.0,10000,confidence,,,,0,10,farthestpose,100,GT Eval,,,,,False,,,,,0.0,,False,1.0,1.0,vggt,stump,,,15000,15000,,MCMC,,,,,,,,,,,gsplat,,outdoor,18.72205352783203,0.6080173254013062,0.4445118308067322,1000000,0.04037195071578026,0.855804443359375,,,0.13776654589865567,0.45558313811213424,10000,/home/ojab2/work/git/gsplat/results/vggt_outputs/stump_2_n100_s42_c0.0_p10000_confidence_farthestpose_i100_gteval_steps15000/stats/val_step14999.json,/home/ojab2/work/git/gsplat/results/vggt_outputs/stump_2_n100_s42_c0.0_p10000_confidence_farthestpose_i100_gteval_steps15000/stats/val_step14999.json,stump_2_n100_s42_c0.0_p10000_confidence_farthestpose_i100_gteval_steps15000,0.8558,0.162829,100,4.685178,,,,,,,,/home/ojab2/work/git/vggt/vggt_outputs/stump_2_n100_s42_c0.0_p10000_confidence_farthestpose/eval_results.json,stump_2_n100_s42_c0.0_p10000_confidence_farthestpose,stump_2_n100_s42_c0.0_p10000_confidence_farthestpose_i100_gteval_steps15000_val_step14999.json,10000,,,,vggt | confidence,9250.0
vggt,100,42,0.0,50000,confidence,,,,0,10,farthestpose,100,GT Eval,,,,,False,,,,,0.0,,False,1.0,1.0,vggt,stump,,,15000,15000,,MCMC,,,,,,,,,,,gsplat,,outdoor,18.731998443603516,0.5610343217849731,0.42118361592292786,1000000,0.04037195071578026,0.8558046221733093,,,0.15331033416348988,0.4450749190819857,50000,/home/ojab2/work/git/gsplat/results/vggt_outputs/stump_2_n100_s42_c0.0_p50000_confidence_farthestpose_i100_gteval_steps15000/stats/val_step14999.json,/home/ojab2/work/git/gsplat/results/vggt_outputs/stump_2_n100_s42_c0.0_p50000_confidence_farthestpose_i100_gteval_steps15000/stats/val_step14999.json,stump_2_n100_s42_c0.0_p50000_confidence_farthestpose_i100_gteval_steps15000,0.8558,0.162829,100,4.685178,,,,,,,,/home/ojab2/work/git/vggt/vggt_outputs/stump_2_n100_s42_c0.0_p50000_confidence_farthestpose/eval_results.json,stump_2_n100_s42_c0.0_p50000_confidence_farthestpose,stump_2_n100_s42_c0.0_p50000_confidence_farthestpose_i100_gteval_steps15000_val_step14999.json,50000,,,,vggt | confidence,46250.0
vggt,100,42,0.0,100000,confidence,,,,0,10,farthestpose,100,GT Eval,,,,,False,,,,,0.0,,False,1.0,1.0,vggt,stump,,,15000,15000,,MCMC,,,,,,,,,,,gsplat,,outdoor,18.674068450927734,0.5564473867416382,0.41202977299690247,1000000,0.04037195071578026,0.8558046221733093,,,0.14971587338797687,0.4456033231021375,100000,/home/ojab2/work/git/gsplat/results/vggt_outputs/stump_2_n100_s42_c0.0_p100000_confidence_farthestpose_i100_gteval_steps15000/stats/val_step14999.json,/home/ojab2/work/git/gsplat/results/vggt_outputs/stump_2_n100_s42_c0.0_p100000_confidence_farthestpose_i100_gteval_steps15000/stats/val_step14999.json,stump_2_n100_s42_c0.0_p100000_confidence_farthestpose_i100_gteval_steps15000,0.8558,0.162829,100,4.685178,,,,,,,,/home/ojab2/work/git/vggt/vggt_outputs/stump_2_n100_s42_c0.0_p100000_confidence_farthestpose/eval_results.json,stump_2_n100_s42_c0.0_p100000_confidence_farthestpose,stump_2_n100_s42_c0.0_p100000_confidence_farthestpose_i100_gteval_steps15000_val_step14999.json,100000,,,,vggt | confidence,92500.0
vggt,100,42,0.0,500000,confidence,,,,0,10,farthestpose,100,GT Eval,,,,,False,,,,,0.0,,False,1.0,1.0,vggt,stump,,,15000,15000,,MCMC,,,,,,,,,,,gsplat,,outdoor,18.56013298034668,0.5542895793914795,0.3987616300582886,1000000,0.04037195071578026,0.8558046221733093,,,0.14117878919456434,0.44787211413651784,500000,/home/ojab2/work/git/gsplat/results/vggt_outputs/stump_2_n100_s42_c0.0_p500000_confidence_farthestpose_i100_gteval_steps15000/stats/val_step14999.json,/home/ojab2/work/git/gsplat/results/vggt_outputs/stump_2_n100_s42_c0.0_p500000_confidence_farthestpose_i100_gteval_steps15000/stats/val_step14999.json,stump_2_n100_s42_c0.0_p500000_confidence_farthestpose_i100_gteval_steps15000,0.8558,0.162829,100,4.685178,,,,,,,,/home/ojab2/work/git/vggt/vggt_outputs/stump_2_n100_s42_c0.0_p500000_confidence_farthestpose/eval_results.json,stump_2_n100_s42_c0.0_p500000_confidence_farthestpose,stump_2_n100_s42_c0.0_p500000_confidence_farthestpose_i100_gteval_steps15000_val_step14999.json,500000,,,,vggt | confidence,462500.0
vggt,100,42,0.0,1000000,confidence,,,,0,10,farthestpose,100,GT Eval,,,,,False,,,,,0.0,,False,1.0,1.0,vggt,stump,,,15000,15000,,MCMC,,,,,,,,,,,gsplat,,outdoor,18.561182022094727,0.5619053840637207,0.39897996187210083,1000000,0.04037195071578026,0.8558046221733093,,,0.1366247813216737,0.45036266075357184,1000000,/home/ojab2/work/git/gsplat/results/vggt_outputs/stump_2_n100_s42_c0.0_p1000000_confidence_farthestpose_i100_gteval_steps15000/stats/val_step14999.json,/home/ojab2/work/git/gsplat/results/vggt_outputs/stump_2_n100_s42_c0.0_p1000000_confidence_farthestpose_i100_gteval_steps15000/stats/val_step14999.json,stump_2_n100_s42_c0.0_p1000000_confidence_farthestpose_i100_gteval_steps15000,0.8558,0.162829,100,4.685178,,,,,,,,/home/ojab2/work/git/vggt/vggt_outputs/stump_2_n100_s42_c0.0_p1000000_confidence_farthestpose/eval_results.json,stump_2_n100_s42_c0.0_p1000000_confidence_farthestpose,stump_2_n100_s42_c0.0_p1000000_confidence_farthestpose_i100_gteval_steps15000_val_step14999.json,1000000,,,,vggt | confidence,925000.0
vggt,100,42,0.0,1000,imagefps,,,,0,10,farthestpose,100,GT Eval,,,,,False,,,,,0.0,,False,1.0,1.0,vggt,stump,,,15000,15000,,MCMC,,,,,,,,,,,gsplat,,outdoor,19.285568237304688,0.746749758720398,0.48169636726379395,1000000,0.04037195071578026,0.8558042645454407,,,0.0843100419208708,0.49282363888681957,1000,/home/ojab2/work/git/gsplat/results/vggt_outputs/stump_2_n100_s42_c0.0_p1000_imagefps_farthestpose_i100_gteval_steps15000/stats/val_step14999.json,/home/ojab2/work/git/gsplat/results/vggt_outputs/stump_2_n100_s42_c0.0_p1000_imagefps_farthestpose_i100_gteval_steps15000/stats/val_step14999.json,stump_2_n100_s42_c0.0_p1000_imagefps_farthestpose_i100_gteval_steps15000,0.8558,0.162829,100,4.685178,,,,,,,,/home/ojab2/work/git/vggt/vggt_outputs/stump_2_n100_s42_c0.0_p1000_imagefps_farthestpose/eval_results.json,stump_2_n100_s42_c0.0_p1000_imagefps_farthestpose,stump_2_n100_s42_c0.0_p1000_imagefps_farthestpose_i100_gteval_steps15000_val_step14999.json,1000,,,,vggt | imagefps,975.0
vggt,100,42,0.0,5000,imagefps,,,,0,10,farthestpose,100,GT Eval,,,,,False,,,,,0.0,,False,1.0,1.0,vggt,stump,,,15000,15000,,MCMC,,,,,,,,,,,gsplat,,outdoor,18.985061645507812,0.6274547576904297,0.4556766450405121,1000000,0.04037195071578026,0.8558041453361511,,,0.13716778273393465,0.4592900394147762,5000,/home/ojab2/work/git/gsplat/results/vggt_outputs/stump_2_n100_s42_c0.0_p5000_imagefps_farthestpose_i100_gteval_steps15000/stats/val_step14999.json,/home/ojab2/work/git/gsplat/results/vggt_outputs/stump_2_n100_s42_c0.0_p5000_imagefps_farthestpose_i100_gteval_steps15000/stats/val_step14999.json,stump_2_n100_s42_c0.0_p5000_imagefps_farthestpose_i100_gteval_steps15000,0.8558,0.162829,100,4.685178,,,,,,,,/home/ojab2/work/git/vggt/vggt_outputs/stump_2_n100_s42_c0.0_p5000_imagefps_farthestpose/eval_results.json,stump_2_n100_s42_c0.0_p5000_imagefps_farthestpose,stump_2_n100_s42_c0.0_p5000_imagefps_farthestpose_i100_gteval_steps15000_val_step14999.json,5000,,,,vggt | imagefps,4875.0
vggt,100,42,0.0,10000,imagefps,,,,0,10,farthestpose,100,GT Eval,,,,,False,,,,,0.0,,False,1.0,1.0,vggt,stump,,,15000,15000,,MCMC,,,,,,,,,,,gsplat,,outdoor,18.862329483032227,0.6015456914901733,0.44561198353767395,1000000,0.04037195071578026,0.8558041453361511,,,0.14500244869048765,0.4530375955964132,10000,/home/ojab2/work/git/gsplat/results/vggt_outputs/stump_2_n100_s42_c0.0_p10000_imagefps_farthestpose_i100_gteval_steps15000/stats/val_step14999.json,/home/ojab2/work/git/gsplat/results/vggt_outputs/stump_2_n100_s42_c0.0_p10000_imagefps_farthestpose_i100_gteval_steps15000/stats/val_step14999.json,stump_2_n100_s42_c0.0_p10000_imagefps_farthestpose_i100_gteval_steps15000,0.8558,0.162829,100,4.685178,,,,,,,,/home/ojab2/work/git/vggt/vggt_outputs/stump_2_n100_s42_c0.0_p10000_imagefps_farthestpose/eval_results.json,stump_2_n100_s42_c0.0_p10000_imagefps_farthestpose,stump_2_n100_s42_c0.0_p10000_imagefps_farthestpose_i100_gteval_steps15000_val_step14999.json,10000,,,,vggt | imagefps,9750.0
vggt,100,42,0.0,50000,imagefps,,,,0,10,farthestpose,100,GT Eval,,,,,False,,,,,0.0,,False,1.0,1.0,vggt,stump,,,15000,15000,,MCMC,,,,,,,,,,,gsplat,,outdoor,18.705453872680664,0.5519928932189941,0.4245028495788574,1000000,0.04037195071578026,0.8558041453361511,,,0.16034096909312948,0.4413602924173388,50000,/home/ojab2/work/git/gsplat/results/vggt_outputs/stump_2_n100_s42_c0.0_p50000_imagefps_farthestpose_i100_gteval_steps15000/stats/val_step14999.json,/home/ojab2/work/git/gsplat/results/vggt_outputs/stump_2_n100_s42_c0.0_p50000_imagefps_farthestpose_i100_gteval_steps15000/stats/val_step14999.json,stump_2_n100_s42_c0.0_p50000_imagefps_farthestpose_i100_gteval_steps15000,0.8558,0.162829,100,4.685178,,,,,,,,/home/ojab2/work/git/vggt/vggt_outputs/stump_2_n100_s42_c0.0_p50000_imagefps_farthestpose/eval_results.json,stump_2_n100_s42_c0.0_p50000_imagefps_farthestpose,stump_2_n100_s42_c0.0_p50000_imagefps_farthestpose_i100_gteval_steps15000_val_step14999.json,50000,,,,vggt | imagefps,48750.0
vggt,100,42,0.0,100000,imagefps,,,,0,10,farthestpose,100,GT Eval,,,,,False,,,,,0.0,,False,1.0,1.0,vggt,stump,,,15000,15000,,MCMC,,,,,,,,,,,gsplat,,outdoor,18.571094512939453,0.5409163236618042,0.415998637676239,1000000,0.04037195071578026,0.8558042049407959,,,0.15971699808231027,0.43967072192206114,100000,/home/ojab2/work/git/gsplat/results/vggt_outputs/stump_2_n100_s42_c0.0_p100000_imagefps_farthestpose_i100_gteval_steps15000/stats/val_step14999.json,/home/ojab2/work/git/gsplat/results/vggt_outputs/stump_2_n100_s42_c0.0_p100000_imagefps_farthestpose_i100_gteval_steps15000/stats/val_step14999.json,stump_2_n100_s42_c0.0_p100000_imagefps_farthestpose_i100_gteval_steps15000,0.8558,0.162829,100,4.685178,,,,,,,,/home/ojab2/work/git/vggt/vggt_outputs/stump_2_n100_s42_c0.0_p100000_imagefps_farthestpose/eval_results.json,stump_2_n100_s42_c0.0_p100000_imagefps_farthestpose,stump_2_n100_s42_c0.0_p100000_imagefps_farthestpose_i100_gteval_steps15000_val_step14999.json,100000,,,,vggt | imagefps,97500.0
vggt,100,42,0.0,500000,imagefps,,,,0,10,farthestpose,100,GT Eval,,,,,False,,,,,0.0,,False,1.0,1.0,vggt,stump,,,15000,15000,,MCMC,,,,,,,,,,,gsplat,,outdoor,18.436391830444336,0.5342749357223511,0.4036845564842224,1000000,0.04037195071578026,0.8558041453361511,,,0.15412090907552325,0.4402744513656461,500000,/home/ojab2/work/git/gsplat/results/vggt_outputs/stump_2_n100_s42_c0.0_p500000_imagefps_farthestpose_i100_gteval_steps15000/stats/val_step14999.json,/home/ojab2/work/git/gsplat/results/vggt_outputs/stump_2_n100_s42_c0.0_p500000_imagefps_farthestpose_i100_gteval_steps15000/stats/val_step14999.json,stump_2_n100_s42_c0.0_p500000_imagefps_farthestpose_i100_gteval_steps15000,0.8558,0.162829,100,4.685178,,,,,,,,/home/ojab2/work/git/vggt/vggt_outputs/stump_2_n100_s42_c0.0_p500000_imagefps_farthestpose/eval_results.json,stump_2_n100_s42_c0.0_p500000_imagefps_farthestpose,stump_2_n100_s42_c0.0_p500000_imagefps_farthestpose_i100_gteval_steps15000_val_step14999.json,500000,,,,vggt | imagefps,487500.0
vggt,100,42,0.0,1000000,imagefps,,,,0,10,farthestpose,100,GT Eval,,,,,False,,,,,0.0,,False,1.0,1.0,vggt,stump,,,15000,15000,,MCMC,,,,,,,,,,,gsplat,,outdoor,18.480472564697266,0.534661054611206,0.40496760606765747,1000000,0.04037195071578026,0.8558040857315063,,,0.1554491953697973,0.4400778381384914,1000000,/home/ojab2/work/git/gsplat/results/vggt_outputs/stump_2_n100_s42_c0.0_p1000000_imagefps_farthestpose_i100_gteval_steps15000/stats/val_step14999.json,/home/ojab2/work/git/gsplat/results/vggt_outputs/stump_2_n100_s42_c0.0_p1000000_imagefps_farthestpose_i100_gteval_steps15000/stats/val_step14999.json,stump_2_n100_s42_c0.0_p1000000_imagefps_farthestpose_i100_gteval_steps15000,0.8558,0.162829,100,4.685178,,,,,,,,/home/ojab2/work/git/vggt/vggt_outputs/stump_2_n100_s42_c0.0_p1000000_imagefps_farthestpose/eval_results.json,stump_2_n100_s42_c0.0_p1000000_imagefps_farthestpose,stump_2_n100_s42_c0.0_p1000000_imagefps_farthestpose_i100_gteval_steps15000_val_step14999.json,1000000,,,,vggt | imagefps,975000.0
vggt,100,42,0.0,1000,random,,,,0,10,farthestpose,100,GT Eval,,,,,False,,,,,0.0,,False,1.0,1.0,vggt,stump,,,15000,15000,,MCMC,,,,,,,,,,,gsplat,,outdoor,19.35417938232422,0.7526564002037048,0.48264211416244507,1000000,0.04037195071578026,0.8558042049407959,,,0.08248761205258037,0.49451188673220986,1000,/home/ojab2/work/git/gsplat/results/vggt_outputs/stump_2_n100_s42_c0.0_p1000_random_farthestpose_i100_gteval_steps15000/stats/val_step14999.json,/home/ojab2/work/git/gsplat/results/vggt_outputs/stump_2_n100_s42_c0.0_p1000_random_farthestpose_i100_gteval_steps15000/stats/val_step14999.json,stump_2_n100_s42_c0.0_p1000_random_farthestpose_i100_gteval_steps15000,0.8558,0.162829,100,4.685178,,,,,,,,/home/ojab2/work/git/vggt/vggt_outputs/stump_2_n100_s42_c0.0_p1000_random_farthestpose/eval_results.json,stump_2_n100_s42_c0.0_p1000_random_farthestpose,stump_2_n100_s42_c0.0_p1000_random_farthestpose_i100_gteval_steps15000_val_step14999.json,1000,,,,vggt | random,1025.0
vggt,100,42,0.0,5000,random,,,,0,10,farthestpose,100,GT Eval,,,,,False,,,,,0.0,,False,1.0,1.0,vggt,stump,,,15000,15000,,MCMC,,,,,,,,,,,gsplat,,outdoor,18.991783142089844,0.6273719072341919,0.4550851583480835,1000000,0.04037195071578026,0.8558042645454407,,,0.13699749849925502,0.45938949234449816,5000,/home/ojab2/work/git/gsplat/results/vggt_outputs/stump_2_n100_s42_c0.0_p5000_random_farthestpose_i100_gteval_steps15000/stats/val_step14999.json,/home/ojab2/work/git/gsplat/results/vggt_outputs/stump_2_n100_s42_c0.0_p5000_random_farthestpose_i100_gteval_steps15000/stats/val_step14999.json,stump_2_n100_s42_c0.0_p5000_random_farthestpose_i100_gteval_steps15000,0.8558,0.162829,100,4.685178,,,,,,,,/home/ojab2/work/git/vggt/vggt_outputs/stump_2_n100_s42_c0.0_p5000_random_farthestpose/eval_results.json,stump_2_n100_s42_c0.0_p5000_random_farthestpose,stump_2_n100_s42_c0.0_p5000_random_farthestpose_i100_gteval_steps15000_val_step14999.json,5000,,,,vggt | random,5125.0
vggt,100,42,0.0,10000,random,,,,0,10,farthestpose,100,GT Eval,,,,,False,,,,,0.0,,False,1.0,1.0,vggt,stump,,,15000,15000,,MCMC,,,,,,,,,,,gsplat,,outdoor,18.88530731201172,0.5942234396934509,0.44379615783691406,1000000,0.04037195071578026,0.8558043837547302,,,0.14888598618374163,0.45098011386056913,10000,/home/ojab2/work/git/gsplat/results/vggt_outputs/stump_2_n100_s42_c0.0_p10000_random_farthestpose_i100_gteval_steps15000/stats/val_step14999.json,/home/ojab2/work/git/gsplat/results/vggt_outputs/stump_2_n100_s42_c0.0_p10000_random_farthestpose_i100_gteval_steps15000/stats/val_step14999.json,stump_2_n100_s42_c0.0_p10000_random_farthestpose_i100_gteval_steps15000,0.8558,0.162829,100,4.685178,,,,,,,,/home/ojab2/work/git/vggt/vggt_outputs/stump_2_n100_s42_c0.0_p10000_random_farthestpose/eval_results.json,stump_2_n100_s42_c0.0_p10000_random_farthestpose,stump_2_n100_s42_c0.0_p10000_random_farthestpose_i100_gteval_steps15000_val_step14999.json,10000,,,,vggt | random,10250.0
vggt,100,42,0.0,50000,random,,,,0,10,farthestpose,100,GT Eval,,,,,False,,,,,0.0,,False,1.0,1.0,vggt,stump,,,15000,15000,,MCMC,,,,,,,,,,,gsplat,,outdoor,18.667102813720703,0.5469796657562256,0.4214898347854614,1000000,0.04037195071578026,0.855804443359375,,,0.16096335219593316,0.440390140592811,50000,/home/ojab2/work/git/gsplat/results/vggt_outputs/stump_2_n100_s42_c0.0_p50000_random_farthestpose_i100_gteval_steps15000/stats/val_step14999.json,/home/ojab2/work/git/gsplat/results/vggt_outputs/stump_2_n100_s42_c0.0_p50000_random_farthestpose_i100_gteval_steps15000/stats/val_step14999.json,stump_2_n100_s42_c0.0_p50000_random_farthestpose_i100_gteval_steps15000,0.8558,0.162829,100,4.685178,,,,,,,,/home/ojab2/work/git/vggt/vggt_outputs/stump_2_n100_s42_c0.0_p50000_random_farthestpose/eval_results.json,stump_2_n100_s42_c0.0_p50000_random_farthestpose,stump_2_n100_s42_c0.0_p50000_random_farthestpose_i100_gteval_steps15000_val_step14999.json,50000,,,,vggt | random,51249.99999999999
vggt,100,42,0.0,100000,random,,,,0,10,farthestpose,100,GT Eval,,,,,False,,,,,0.0,,False,1.0,1.0,vggt,stump,,,15000,15000,,MCMC,,,,,,,,,,,gsplat,,outdoor,18.643842697143555,0.5296376943588257,0.4123508930206299,1000000,0.04037195071578026,0.8558043837547302,,,0.16589311952324493,0.43662854415015406,100000,/home/ojab2/work/git/gsplat/results/vggt_outputs/stump_2_n100_s42_c0.0_p100000_random_farthestpose_i100_gteval_steps15000/stats/val_step14999.json,/home/ojab2/work/git/gsplat/results/vggt_outputs/stump_2_n100_s42_c0.0_p100000_random_farthestpose_i100_gteval_steps15000/stats/val_step14999.json,stump_2_n100_s42_c0.0_p100000_random_farthestpose_i100_gteval_steps15000,0.8558,0.162829,100,4.685178,,,,,,,,/home/ojab2/work/git/vggt/vggt_outputs/stump_2_n100_s42_c0.0_p100000_random_farthestpose/eval_results.json,stump_2_n100_s42_c0.0_p100000_random_farthestpose,stump_2_n100_s42_c0.0_p100000_random_farthestpose_i100_gteval_steps15000_val_step14999.json,100000,,,,vggt | random,102499.99999999999
vggt,100,42,0.0,500000,random,,,,0,10,farthestpose,100,GT Eval,,,,,False,,,,,0.0,,False,1.0,1.0,vggt,stump,,,15000,15000,,MCMC,,,,,,,,,,,gsplat,,outdoor,18.591777801513672,0.5136299729347229,0.3991163372993469,1000000,0.04037195071578026,0.8558043837547302,,,0.16707075804065313,0.43420894513297237,500000,/home/ojab2/work/git/gsplat/results/vggt_outputs/stump_2_n100_s42_c0.0_p500000_random_farthestpose_i100_gteval_steps15000/stats/val_step14999.json,/home/ojab2/work/git/gsplat/results/vggt_outputs/stump_2_n100_s42_c0.0_p500000_random_farthestpose_i100_gteval_steps15000/stats/val_step14999.json,stump_2_n100_s42_c0.0_p500000_random_farthestpose_i100_gteval_steps15000,0.8558,0.162829,100,4.685178,,,,,,,,/home/ojab2/work/git/vggt/vggt_outputs/stump_2_n100_s42_c0.0_p500000_random_farthestpose/eval_results.json,stump_2_n100_s42_c0.0_p500000_random_farthestpose,stump_2_n100_s42_c0.0_p500000_random_farthestpose_i100_gteval_steps15000_val_step14999.json,500000,,,,vggt | random,512499.99999999994
vggt,100,42,0.0,1000000,random,,,,0,10,farthestpose,100,GT Eval,,,,,False,,,,,0.0,,False,1.0,1.0,vggt,stump,,,15000,15000,,MCMC,,,,,,,,,,,gsplat,,outdoor,18.6011905670166,0.5120126008987427,0.3968283236026764,1000000,0.04037195071578026,0.8558043837547302,,,0.16690542660726207,0.4341513129999872,1000000,/home/ojab2/work/git/gsplat/results/vggt_outputs/stump_2_n100_s42_c0.0_p1000000_random_farthestpose_i100_gteval_steps15000/stats/val_step14999.json,/home/ojab2/work/git/gsplat/results/vggt_outputs/stump_2_n100_s42_c0.0_p1000000_random_farthestpose_i100_gteval_steps15000/stats/val_step14999.json,stump_2_n100_s42_c0.0_p1000000_random_farthestpose_i100_gteval_steps15000,0.8558,0.162829,100,4.685178,,,,,,,,/home/ojab2/work/git/vggt/vggt_outputs/stump_2_n100_s42_c0.0_p1000000_random_farthestpose/eval_results.json,stump_2_n100_s42_c0.0_p1000000_random_farthestpose,stump_2_n100_s42_c0.0_p1000000_random_farthestpose_i100_gteval_steps15000_val_step14999.json,1000000,,,,vggt | random,1024999.9999999999
vggt,100,42,0.0,1000,voxels,,,,0,10,farthestpose,100,GT Eval,,,,,False,,,,,0.0,,False,1.0,1.0,vggt,stump,,,15000,15000,,MCMC,,,,,,,,,,,gsplat,,outdoor,19.386688232421875,0.7711299657821655,0.486320823431015,929785,0.04037195071578026,0.8558049201965332,,,0.07383748422279393,0.4997869670715881,836,/home/ojab2/work/git/gsplat/results/vggt_outputs/stump_2_n100_s42_c0.0_p1000_voxels_farthestpose_i100_gteval_steps15000/stats/val_step14999.json,/home/ojab2/work/git/gsplat/results/vggt_outputs/stump_2_n100_s42_c0.0_p1000_voxels_farthestpose_i100_gteval_steps15000/stats/val_step14999.json,stump_2_n100_s42_c0.0_p1000_voxels_farthestpose_i100_gteval_steps15000,0.8558,0.162829,100,4.685178,,,,,,,,/home/ojab2/work/git/vggt/vggt_outputs/stump_2_n100_s42_c0.0_p1000_voxels_farthestpose/eval_results.json,stump_2_n100_s42_c0.0_p1000_voxels_farthestpose,stump_2_n100_s42_c0.0_p1000_voxels_farthestpose_i100_gteval_steps15000_val_step14999.json,836,,,,vggt | voxels,1075.0
vggt,100,42,0.0,5000,voxels,,,,0,10,farthestpose,100,GT Eval,,,,,False,,,,,0.0,,False,1.0,1.0,vggt,stump,,,15000,15000,,MCMC,,,,,,,,,,,gsplat,,outdoor,19.077674865722656,0.6356606483459473,0.45812076330184937,1000000,0.04037195071578026,0.8558054566383362,,,0.13524678669013013,0.4613837374729789,4877,/home/ojab2/work/git/gsplat/results/vggt_outputs/stump_2_n100_s42_c0.0_p5000_voxels_farthestpose_i100_gteval_steps15000/stats/val_step14999.json,/home/ojab2/work/git/gsplat/results/vggt_outputs/stump_2_n100_s42_c0.0_p5000_voxels_farthestpose_i100_gteval_steps15000/stats/val_step14999.json,stump_2_n100_s42_c0.0_p5000_voxels_farthestpose_i100_gteval_steps15000,0.8558,0.162829,100,4.685178,,,,,,,,/home/ojab2/work/git/vggt/vggt_outputs/stump_2_n100_s42_c0.0_p5000_voxels_farthestpose/eval_results.json,stump_2_n100_s42_c0.0_p5000_voxels_farthestpose,stump_2_n100_s42_c0.0_p5000_voxels_farthestpose_i100_gteval_steps15000_val_step14999.json,4877,,,,vggt | voxels,5375.0
vggt,100,42,0.0,10000,voxels,,,,0,10,farthestpose,100,GT Eval,,,,,False,,,,,0.0,,False,1.0,1.0,vggt,stump,,,15000,15000,,MCMC,,,,,,,,,,,gsplat,,outdoor,18.97116470336914,0.6065915822982788,0.44898882508277893,1000000,0.04037195071578026,0.855805516242981,,,0.14587792945884126,0.4538553238110204,9884,/home/ojab2/work/git/gsplat/results/vggt_outputs/stump_2_n100_s42_c0.0_p10000_voxels_farthestpose_i100_gteval_steps15000/stats/val_step14999.json,/home/ojab2/work/git/gsplat/results/vggt_outputs/stump_2_n100_s42_c0.0_p10000_voxels_farthestpose_i100_gteval_steps15000/stats/val_step14999.json,stump_2_n100_s42_c0.0_p10000_voxels_farthestpose_i100_gteval_steps15000,0.8558,0.162829,100,4.685178,,,,,,,,/home/ojab2/work/git/vggt/vggt_outputs/stump_2_n100_s42_c0.0_p10000_voxels_farthestpose/eval_results.json,stump_2_n100_s42_c0.0_p10000_voxels_farthestpose,stump_2_n100_s42_c0.0_p10000_voxels_farthestpose_i100_gteval_steps15000_val_step14999.json,9884,,,,vggt | voxels,10750.0
vggt,100,42,0.0,50000,voxels,,,,0,10,farthestpose,100,GT Eval,,,,,False,,,,,0.0,,False,1.0,1.0,vggt,stump,,,15000,15000,,MCMC,,,,,,,,,,,gsplat,,outdoor,18.759132385253906,0.5601733922958374,0.43057024478912354,1000000,0.04037195071578026,0.8558054566383362,,,0.15983350916757771,0.4426954299513123,49238,/home/ojab2/work/git/gsplat/results/vggt_outputs/stump_2_n100_s42_c0.0_p50000_voxels_farthestpose_i100_gteval_steps15000/stats/val_step14999.json,/home/ojab2/work/git/gsplat/results/vggt_outputs/stump_2_n100_s42_c0.0_p50000_voxels_farthestpose_i100_gteval_steps15000/stats/val_step14999.json,stump_2_n100_s42_c0.0_p50000_voxels_farthestpose_i100_gteval_steps15000,0.8558,0.162829,100,4.685178,,,,,,,,/home/ojab2/work/git/vggt/vggt_outputs/stump_2_n100_s42_c0.0_p50000_voxels_farthestpose/eval_results.json,stump_2_n100_s42_c0.0_p50000_voxels_farthestpose,stump_2_n100_s42_c0.0_p50000_voxels_farthestpose_i100_gteval_steps15000_val_step14999.json,49238,,,,vggt | voxels,53750.0
vggt,100,42,0.0,100000,voxels,,,,0,10,farthestpose,100,GT Eval,,,,,False,,,,,0.0,,False,1.0,1.0,vggt,stump,,,15000,15000,,MCMC,,,,,,,,,,,gsplat,,outdoor,18.70649528503418,0.5455853343009949,0.4238132834434509,1000000,0.04037195071578026,0.8558053374290466,,,0.1639122827398537,0.43937481399839245,99804,/home/ojab2/work/git/gsplat/results/vggt_outputs/stump_2_n100_s42_c0.0_p100000_voxels_farthestpose_i100_gteval_steps15000/stats/val_step14999.json,/home/ojab2/work/git/gsplat/results/vggt_outputs/stump_2_n100_s42_c0.0_p100000_voxels_farthestpose_i100_gteval_steps15000/stats/val_step14999.json,stump_2_n100_s42_c0.0_p100000_voxels_farthestpose_i100_gteval_steps15000,0.8558,0.162829,100,4.685178,,,,,,,,/home/ojab2/work/git/vggt/vggt_outputs/stump_2_n100_s42_c0.0_p100000_voxels_farthestpose/eval_results.json,stump_2_n100_s42_c0.0_p100000_voxels_farthestpose,stump_2_n100_s42_c0.0_p100000_voxels_farthestpose_i100_gteval_steps15000_val_step14999.json,99804,,,,vggt | voxels,107500.0
vggt,100,42,0.0,500000,voxels,,,,0,10,farthestpose,100,GT Eval,,,,,False,,,,,0.0,,False,1.0,1.0,vggt,stump,,,15000,15000,,MCMC,,,,,,,,,,,gsplat,,outdoor,18.596797943115234,0.5301169753074646,0.4073759913444519,1000000,0.04037195071578026,0.855805516242981,,,0.16181676871130574,0.43791725442391716,439421,/home/ojab2/work/git/gsplat/results/vggt_outputs/stump_2_n100_s42_c0.0_p500000_voxels_farthestpose_i100_gteval_steps15000/stats/val_step14999.json,/home/ojab2/work/git/gsplat/results/vggt_outputs/stump_2_n100_s42_c0.0_p500000_voxels_farthestpose_i100_gteval_steps15000/stats/val_step14999.json,stump_2_n100_s42_c0.0_p500000_voxels_farthestpose_i100_gteval_steps15000,0.8558,0.162829,100,4.685178,,,,,,,,/home/ojab2/work/git/vggt/vggt_outputs/stump_2_n100_s42_c0.0_p500000_voxels_farthestpose/eval_results.json,stump_2_n100_s42_c0.0_p500000_voxels_farthestpose,stump_2_n100_s42_c0.0_p500000_voxels_farthestpose_i100_gteval_steps15000_val_step14999.json,439421,,,,vggt | voxels,537500.0
vggt,100,42,0.0,1000000,voxels,,,,0,10,farthestpose,100,GT Eval,,,,,False,,,,,0.0,,False,1.0,1.0,vggt,stump,,,15000,15000,,MCMC,,,,,,,,,,,gsplat,,outdoor,18.543712615966797,0.5315922498703003,0.39401775598526,1000000,0.04037195071578026,0.855805516242981,,,0.1521112102436663,0.4413415924252959,682214,/home/ojab2/work/git/gsplat/results/vggt_outputs/stump_2_n100_s42_c0.0_p1000000_voxels_farthestpose_i100_gteval_steps15000/stats/val_step14999.json,/home/ojab2/work/git/gsplat/results/vggt_outputs/stump_2_n100_s42_c0.0_p1000000_voxels_farthestpose_i100_gteval_steps15000/stats/val_step14999.json,stump_2_n100_s42_c0.0_p1000000_voxels_farthestpose_i100_gteval_steps15000,0.8558,0.162829,100,4.685178,,,,,,,,/home/ojab2/work/git/vggt/vggt_outputs/stump_2_n100_s42_c0.0_p1000000_voxels_farthestpose/eval_results.json,stump_2_n100_s42_c0.0_p1000000_voxels_farthestpose,stump_2_n100_s42_c0.0_p1000000_voxels_farthestpose_i100_gteval_steps15000_val_step14999.json,682214,,,,vggt | voxels,1075000.0
colmap,100,42,,19683,,,,,0,10,farthestpose,100,GT Eval,,,,,False,,,,,0.0,,False,1.0,1.0,colmap,stump,,,15000,15000,default,MCMC,,,,,Shared Cam,,,,,,gsplat,,outdoor,25.253517150878906,0.34493592381477356,0.7209020853042603,1000000,0.0005273927235975862,0.02191883511841297,,,0.5827472306366783,0.2920720245860316,19683,/home/ojab2/work/git/gsplat/results/colmap_outputs/stump_2_n100_s42_default_farthestpose_sharedcam_i100_gteval_steps15000/stats/val_step14999.json,/home/ojab2/work/git/gsplat/results/colmap_outputs/stump_2_n100_s42_default_farthestpose_sharedcam_i100_gteval_steps15000/stats/val_step14999.json,stump_2_n100_s42_default_farthestpose_sharedcam_i100_gteval_steps15000,0.0219,0.002013,100,0.977613,,,,51.79742503166199,9836,9836,0.0,/home/ojab2/work/git/vggt/colmap_outputs/stump_2_n100_s42_default_farthestpose_sharedcam/eval_results.json,stump_2_n100_s42_default_farthestpose_sharedcam,stump_2_n100_s42_default_farthestpose_sharedcam_i100_gteval_steps15000_val_step14999.json,19683,,,,colmap | ,22143.375
vggt,87,42,,27774,ba,,,,0,10,farthestpose,87,GT Eval,,,,,False,,,,,0.0,,False,1.0,1.0,vggt,lego,pinhole,,15000,15000,,MCMC,,,,,Shared Cam,,,Use BA,aliked+sp,250,gsplat,,synthetic,22.96965217590332,0.07458535581827164,0.8368433117866516,1000000,0.004421375226229429,0.2679818570613861,0.08708606660366058,0.020471181720495224,0.7751383883001123,0.16118632021467533,27774,/home/ojab2/work/git/gsplat/results/vggt_outputs/lego_1_n87_s42_mpinhole_aliked-sp_ba_farthestpose_useba_maxba250_sharedcam_i87_gteval_steps15000/stats/val_step14999.json,/home/ojab2/work/git/gsplat/results/vggt_outputs/lego_1_n87_s42_mpinhole_aliked-sp_ba_farthestpose_useba_maxba250_sharedcam_i87_gteval_steps15000/stats/val_step14999.json,lego_1_n87_s42_mpinhole_aliked-sp_ba_farthestpose_useba_maxba250_sharedcam_i87_gteval_steps15000,0.2685,0.015949,87,4.038841,0.0438,0.0124,0.1148,,,,,/home/ojab2/work/git/vggt/vggt_outputs/lego_1_n87_s42_mpinhole_aliked-sp_ba_farthestpose_useba_maxba250_sharedcam/eval_results.json,lego_1_n87_s42_mpinhole_aliked-sp_ba_farthestpose_useba_maxba250_sharedcam,lego_1_n87_s42_mpinhole_aliked-sp_ba_farthestpose_useba_maxba250_sharedcam_i87_gteval_steps15000_val_step14999.json,27774,,,,vggt | ba,24302.25
vggt,87,42,0.0,870,confidence,,,,0,10,farthestpose,87,GT Eval,,,,,False,,,,,0.0,,False,1.0,1.0,vggt,lego,,,15000,15000,,MCMC,,,,,,,,,,,gsplat,,synthetic,20.773061752319336,0.1276174783706665,0.7849150896072388,968555,0.00519891083240509,0.2969588041305542,0.09126260131597519,0.02145877480506897,0.6713575283531401,0.1999197819016338,870,/home/ojab2/work/git/gsplat/results/vggt_outputs/lego_1_n87_s42_c0.0_p870_confidence_farthestpose_i87_gteval_steps15000/stats/val_step14999.json,/home/ojab2/work/git/gsplat/results/vggt_outputs/lego_1_n87_s42_c0.0_p870_confidence_farthestpose_i87_gteval_steps15000/stats/val_step14999.json,lego_1_n87_s42_c0.0_p870_confidence_farthestpose_i87_gteval_steps15000,0.2976,0.018838,87,4.04904,0.0478,0.0135,0.118,,,,,/home/ojab2/work/git/vggt/vggt_outputs/lego_1_n87_s42_c0.0_p870_confidence_farthestpose/eval_results.json,lego_1_n87_s42_c0.0_p870_confidence_farthestpose,lego_1_n87_s42_c0.0_p870_confidence_farthestpose_i87_gteval_steps15000_val_step14999.json,870,,,,vggt | confidence,804.75
vggt,87,42,0.0,4350,confidence,,,,0,10,farthestpose,87,GT Eval,,,,,False,,,,,0.0,,False,1.0,1.0,vggt,lego,,,15000,15000,,MCMC,,,,,,,,,,,gsplat,,synthetic,20.55731201171875,0.10766437649726868,0.7761982083320618,1000000,0.00519891083240509,0.2969509959220886,0.08573004603385925,0.02016516961157322,0.6745813009489505,0.19651232814662195,4350,/home/ojab2/work/git/gsplat/results/vggt_outputs/lego_1_n87_s42_c0.0_p4350_confidence_farthestpose_i87_gteval_steps15000/stats/val_step14999.json,/home/ojab2/work/git/gsplat/results/vggt_outputs/lego_1_n87_s42_c0.0_p4350_confidence_farthestpose_i87_gteval_steps15000/stats/val_step14999.json,lego_1_n87_s42_c0.0_p4350_confidence_farthestpose_i87_gteval_steps15000,0.2976,0.018838,87,4.04904,0.0478,0.0135,0.118,,,,,/home/ojab2/work/git/vggt/vggt_outputs/lego_1_n87_s42_c0.0_p4350_confidence_farthestpose/eval_results.json,lego_1_n87_s42_c0.0_p4350_confidence_farthestpose,lego_1_n87_s42_c0.0_p4350_confidence_farthestpose_i87_gteval_steps15000_val_step14999.json,4350,,,,vggt | confidence,4023.75
vggt,87,42,0.0,8700,confidence,,,,0,10,farthestpose,87,GT Eval,,,,,False,,,,,0.0,,False,1.0,1.0,vggt,lego,,,15000,15000,,MCMC,,,,,,,,,,,gsplat,,synthetic,20.55201530456543,0.10328426957130432,0.7754263877868652,1000000,0.00519891083240509,0.29695188999176025,0.08486873656511307,0.019968364387750626,0.6767356264428552,0.19532755150650663,8700,/home/ojab2/work/git/gsplat/results/vggt_outputs/lego_1_n87_s42_c0.0_p8700_confidence_farthestpose_i87_gteval_steps15000/stats/val_step14999.json,/home/ojab2/work/git/gsplat/results/vggt_outputs/lego_1_n87_s42_c0.0_p8700_confidence_farthestpose_i87_gteval_steps15000/stats/val_step14999.json,lego_1_n87_s42_c0.0_p8700_confidence_farthestpose_i87_gteval_steps15000,0.2976,0.018838,87,4.04904,0.0478,0.0135,0.118,,,,,/home/ojab2/work/git/vggt/vggt_outputs/lego_1_n87_s42_c0.0_p8700_confidence_farthestpose/eval_results.json,lego_1_n87_s42_c0.0_p8700_confidence_farthestpose,lego_1_n87_s42_c0.0_p8700_confidence_farthestpose_i87_gteval_steps15000_val_step14999.json,8700,,,,vggt | confidence,8047.5
vggt,87,42,0.0,43500,confidence,,,,0,10,farthestpose,87,GT Eval,,,,,False,,,,,0.0,,False,1.0,1.0,vggt,lego,,,15000,15000,,MCMC,,,,,,,,,,,gsplat,,synthetic,20.575944900512695,0.09686783701181412,0.7743822336196899,1000000,0.00519891083240509,0.296952486038208,0.08385778963565826,0.019725318998098373,0.6805289114757045,0.19353941136354003,43500,/home/ojab2/work/git/gsplat/results/vggt_outputs/lego_1_n87_s42_c0.0_p43500_confidence_farthestpose_i87_gteval_steps15000/stats/val_step14999.json,/home/ojab2/work/git/gsplat/results/vggt_outputs/lego_1_n87_s42_c0.0_p43500_confidence_farthestpose_i87_gteval_steps15000/stats/val_step14999.json,lego_1_n87_s42_c0.0_p43500_confidence_farthestpose_i87_gteval_steps15000,0.2976,0.018838,87,4.04904,0.0478,0.0135,0.118,,,,,/home/ojab2/work/git/vggt/vggt_outputs/lego_1_n87_s42_c0.0_p43500_confidence_farthestpose/eval_results.json,lego_1_n87_s42_c0.0_p43500_confidence_farthestpose,lego_1_n87_s42_c0.0_p43500_confidence_farthestpose_i87_gteval_steps15000_val_step14999.json,43500,,,,vggt | confidence,40237.5
vggt,87,42,0.0,87000,confidence,,,,0,10,farthestpose,87,GT Eval,,,,,False,,,,,0.0,,False,1.0,1.0,vggt,lego,,,15000,15000,,MCMC,,,,,,,,,,,gsplat,,synthetic,20.61480140686035,0.09459185600280762,0.7748991250991821,1000000,0.00519891083240509,0.29695290327072144,0.0836058184504509,0.01965654455125332,0.6829556786758394,0.19257327575848898,87000,/home/ojab2/work/git/gsplat/results/vggt_outputs/lego_1_n87_s42_c0.0_p87000_confidence_farthestpose_i87_gteval_steps15000/stats/val_step14999.json,/home/ojab2/work/git/gsplat/results/vggt_outputs/lego_1_n87_s42_c0.0_p87000_confidence_farthestpose_i87_gteval_steps15000/stats/val_step14999.json,lego_1_n87_s42_c0.0_p87000_confidence_farthestpose_i87_gteval_steps15000,0.2976,0.018838,87,4.04904,0.0478,0.0135,0.118,,,,,/home/ojab2/work/git/vggt/vggt_outputs/lego_1_n87_s42_c0.0_p87000_confidence_farthestpose/eval_results.json,lego_1_n87_s42_c0.0_p87000_confidence_farthestpose,lego_1_n87_s42_c0.0_p87000_confidence_farthestpose_i87_gteval_steps15000_val_step14999.json,87000,,,,vggt | confidence,80475.0
vggt,87,42,0.0,435000,confidence,,,,0,10,farthestpose,87,GT Eval,,,,,False,,,,,0.0,,False,1.0,1.0,vggt,lego,,,15000,15000,,MCMC,,,,,,,,,,,gsplat,,synthetic,20.576032638549805,0.09324343502521515,0.7731208801269531,1000000,0.00519891083240509,0.2969530522823334,0.08422116190195084,0.019799895584583282,0.6820301878095989,0.1927731887923886,435000,/home/ojab2/work/git/gsplat/results/vggt_outputs/lego_1_n87_s42_c0.0_p435000_confidence_farthestpose_i87_gteval_steps15000/stats/val_step14999.json,/home/ojab2/work/git/gsplat/results/vggt_outputs/lego_1_n87_s42_c0.0_p435000_confidence_farthestpose_i87_gteval_steps15000/stats/val_step14999.json,lego_1_n87_s42_c0.0_p435000_confidence_farthestpose_i87_gteval_steps15000,0.2976,0.018838,87,4.04904,0.0478,0.0135,0.118,,,,,/home/ojab2/work/git/vggt/vggt_outputs/lego_1_n87_s42_c0.0_p435000_confidence_farthestpose/eval_results.json,lego_1_n87_s42_c0.0_p435000_confidence_farthestpose,lego_1_n87_s42_c0.0_p435000_confidence_farthestpose_i87_gteval_steps15000_val_step14999.json,435000,,,,vggt | confidence,402375.0
vggt,87,42,0.0,870000,confidence,,,,0,10,farthestpose,87,GT Eval,,,,,False,,,,,0.0,,False,1.0,1.0,vggt,lego,,,15000,15000,,MCMC,,,,,,,,,,,gsplat,,synthetic,20.59653091430664,0.09229299426078796,0.7734269499778748,1000000,0.00519891083240509,0.29695308208465576,0.0843353271484375,0.01982460729777813,0.683175465555606,0.192335497117654,870000,/home/ojab2/work/git/gsplat/results/vggt_outputs/lego_1_n87_s42_c0.0_p870000_confidence_farthestpose_i87_gteval_steps15000/stats/val_step14999.json,/home/ojab2/work/git/gsplat/results/vggt_outputs/lego_1_n87_s42_c0.0_p870000_confidence_farthestpose_i87_gteval_steps15000/stats/val_step14999.json,lego_1_n87_s42_c0.0_p870000_confidence_farthestpose_i87_gteval_steps15000,0.2976,0.018838,87,4.04904,0.0478,0.0135,0.118,,,,,/home/ojab2/work/git/vggt/vggt_outputs/lego_1_n87_s42_c0.0_p870000_confidence_farthestpose/eval_results.json,lego_1_n87_s42_c0.0_p870000_confidence_farthestpose,lego_1_n87_s42_c0.0_p870000_confidence_farthestpose_i87_gteval_steps15000_val_step14999.json,870000,,,,vggt | confidence,804750.0
vggt,87,42,0.0,870,imagefps,,,,0,10,farthestpose,87,GT Eval,,,,,False,,,,,0.0,,False,1.0,1.0,vggt,lego,,,15000,15000,,MCMC,,,,,,,,,,,gsplat,,synthetic,20.732013702392578,0.1312786191701889,0.7838835716247559,920002,0.00519891083240509,0.29696762561798096,0.09078209847211838,0.02134539559483528,0.6677341889335862,0.20153691028895976,827,/home/ojab2/work/git/gsplat/results/vggt_outputs/lego_1_n87_s42_c0.0_p870_imagefps_farthestpose_i87_gteval_steps15000/stats/val_step14999.json,/home/ojab2/work/git/gsplat/results/vggt_outputs/lego_1_n87_s42_c0.0_p870_imagefps_farthestpose_i87_gteval_steps15000/stats/val_step14999.json,lego_1_n87_s42_c0.0_p870_imagefps_farthestpose_i87_gteval_steps15000,0.2976,0.018838,87,4.04904,0.0478,0.0135,0.118,,,,,/home/ojab2/work/git/vggt/vggt_outputs/lego_1_n87_s42_c0.0_p870_imagefps_farthestpose/eval_results.json,lego_1_n87_s42_c0.0_p870_imagefps_farthestpose,lego_1_n87_s42_c0.0_p870_imagefps_farthestpose_i87_gteval_steps15000_val_step14999.json,827,,,,vggt | imagefps,848.25
vggt,87,42,0.0,4350,imagefps,,,,0,10,farthestpose,87,GT Eval,,,,,False,,,,,0.0,,False,1.0,1.0,vggt,lego,,,15000,15000,,MCMC,,,,,,,,,,,gsplat,,synthetic,20.58719825744629,0.10751638561487198,0.7772645950317383,1000000,0.00519891083240509,0.2969661056995392,0.0862385556101799,0.020291239023208618,0.6758497202934732,0.19606675075916902,4307,/home/ojab2/work/git/gsplat/results/vggt_outputs/lego_1_n87_s42_c0.0_p4350_imagefps_farthestpose_i87_gteval_steps15000/stats/val_step14999.json,/home/ojab2/work/git/gsplat/results/vggt_outputs/lego_1_n87_s42_c0.0_p4350_imagefps_farthestpose_i87_gteval_steps15000/stats/val_step14999.json,lego_1_n87_s42_c0.0_p4350_imagefps_farthestpose_i87_gteval_steps15000,0.2976,0.018838,87,4.04904,0.0478,0.0135,0.118,,,,,/home/ojab2/work/git/vggt/vggt_outputs/lego_1_n87_s42_c0.0_p4350_imagefps_farthestpose/eval_results.json,lego_1_n87_s42_c0.0_p4350_imagefps_farthestpose,lego_1_n87_s42_c0.0_p4350_imagefps_farthestpose_i87_gteval_steps15000_val_step14999.json,4307,,,,vggt | imagefps,4241.25
vggt,87,42,0.0,8700,imagefps,,,,0,10,farthestpose,87,GT Eval,,,,,False,,,,,0.0,,False,1.0,1.0,vggt,lego,,,15000,15000,,MCMC,,,,,,,,,,,gsplat,,synthetic,20.51663589477539,0.10324668139219284,0.77437424659729,1000000,0.00519891083240509,0.2969646751880646,0.08558133244514465,0.02014181762933731,0.6754883675218171,0.19570863642101505,8657,/home/ojab2/work/git/gsplat/results/vggt_outputs/lego_1_n87_s42_c0.0_p8700_imagefps_farthestpose_i87_gteval_steps15000/stats/val_step14999.json,/home/ojab2/work/git/gsplat/results/vggt_outputs/lego_1_n87_s42_c0.0_p8700_imagefps_farthestpose_i87_gteval_steps15000/stats/val_step14999.json,lego_1_n87_s42_c0.0_p8700_imagefps_farthestpose_i87_gteval_steps15000,0.2976,0.018838,87,4.04904,0.0478,0.0135,0.118,,,,,/home/ojab2/work/git/vggt/vggt_outputs/lego_1_n87_s42_c0.0_p8700_imagefps_farthestpose/eval_results.json,lego_1_n87_s42_c0.0_p8700_imagefps_farthestpose,lego_1_n87_s42_c0.0_p8700_imagefps_farthestpose_i87_gteval_steps15000_val_step14999.json,8657,,,,vggt | imagefps,8482.5
vggt,87,42,0.0,43500,imagefps,,,,0,10,farthestpose,87,GT Eval,,,,,False,,,,,0.0,,False,1.0,1.0,vggt,lego,,,15000,15000,,MCMC,,,,,,,,,,,gsplat,,synthetic,20.61343765258789,0.09669386595487595,0.7750223875045776,1000000,0.00519891083240509,0.29696330428123474,0.08613818138837814,0.02024645358324051,0.6817049702376493,0.19323154822003286,43454,/home/ojab2/work/git/gsplat/results/vggt_outputs/lego_1_n87_s42_c0.0_p43500_imagefps_farthestpose_i87_gteval_steps15000/stats/val_step14999.json,/home/ojab2/work/git/gsplat/results/vggt_outputs/lego_1_n87_s42_c0.0_p43500_imagefps_farthestpose_i87_gteval_steps15000/stats/val_step14999.json,lego_1_n87_s42_c0.0_p43500_imagefps_farthestpose_i87_gteval_steps15000,0.2976,0.018838,87,4.04904,0.0478,0.0135,0.118,,,,,/home/ojab2/work/git/vggt/vggt_outputs/lego_1_n87_s42_c0.0_p43500_imagefps_farthestpose/eval_results.json,lego_1_n87_s42_c0.0_p43500_imagefps_farthestpose,lego_1_n87_s42_c0.0_p43500_imagefps_farthestpose_i87_gteval_steps15000_val_step14999.json,43454,,,,vggt | imagefps,42412.5
vggt,87,42,0.0,87000,imagefps,,,,0,10,farthestpose,87,GT Eval,,,,,False,,,,,0.0,,False,1.0,1.0,vggt,lego,,,15000,15000,,MCMC,,,,,,,,,,,gsplat,,synthetic,20.58357048034668,0.09591566771268845,0.7741469144821167,1000000,0.00519891083240509,0.29696226119995117,0.08718214184045792,0.020474104210734367,0.6811202712129508,0.1932994480863334,86956,/home/ojab2/work/git/gsplat/results/vggt_outputs/lego_1_n87_s42_c0.0_p87000_imagefps_farthestpose_i87_gteval_steps15000/stats/val_step14999.json,/home/ojab2/work/git/gsplat/results/vggt_outputs/lego_1_n87_s42_c0.0_p87000_imagefps_farthestpose_i87_gteval_steps15000/stats/val_step14999.json,lego_1_n87_s42_c0.0_p87000_imagefps_farthestpose_i87_gteval_steps15000,0.2976,0.018838,87,4.04904,0.0478,0.0135,0.118,,,,,/home/ojab2/work/git/vggt/vggt_outputs/lego_1_n87_s42_c0.0_p87000_imagefps_farthestpose/eval_results.json,lego_1_n87_s42_c0.0_p87000_imagefps_farthestpose,lego_1_n87_s42_c0.0_p87000_imagefps_farthestpose_i87_gteval_steps15000_val_step14999.json,86956,,,,vggt | imagefps,84825.0
vggt,87,42,0.0,435000,imagefps,,,,0,10,farthestpose,87,GT Eval,,,,,False,,,,,0.0,,False,1.0,1.0,vggt,lego,,,15000,15000,,MCMC,,,,,,,,,,,gsplat,,synthetic,20.610553741455078,0.09459139406681061,0.7736690640449524,1000000,0.00519891083240509,0.2969622015953064,0.08845263719558716,0.020753568038344383,0.6821579694012065,0.1930074668715133,434958,/home/ojab2/work/git/gsplat/results/vggt_outputs/lego_1_n87_s42_c0.0_p435000_imagefps_farthestpose_i87_gteval_steps15000/stats/val_step14999.json,/home/ojab2/work/git/gsplat/results/vggt_outputs/lego_1_n87_s42_c0.0_p435000_imagefps_farthestpose_i87_gteval_steps15000/stats/val_step14999.json,lego_1_n87_s42_c0.0_p435000_imagefps_farthestpose_i87_gteval_steps15000,0.2976,0.018838,87,4.04904,0.0478,0.0135,0.118,,,,,/home/ojab2/work/git/vggt/vggt_outputs/lego_1_n87_s42_c0.0_p435000_imagefps_farthestpose/eval_results.json,lego_1_n87_s42_c0.0_p435000_imagefps_farthestpose,lego_1_n87_s42_c0.0_p435000_imagefps_farthestpose_i87_gteval_steps15000_val_step14999.json,434958,,,,vggt | imagefps,424125.0
vggt,87,42,0.0,870000,imagefps,,,,0,10,farthestpose,87,GT Eval,,,,,False,,,,,0.0,,False,1.0,1.0,vggt,lego,,,15000,15000,,MCMC,,,,,,,,,,,gsplat,,synthetic,20.605642318725586,0.09272468090057373,0.7730685472488403,1000000,0.00519891083240509,0.2969609498977661,0.08887256681919098,0.020844854414463043,0.6828681297934309,0.19259874569156904,869958,/home/ojab2/work/git/gsplat/results/vggt_outputs/lego_1_n87_s42_c0.0_p870000_imagefps_farthestpose_i87_gteval_steps15000/stats/val_step14999.json,/home/ojab2/work/git/gsplat/results/vggt_outputs/lego_1_n87_s42_c0.0_p870000_imagefps_farthestpose_i87_gteval_steps15000/stats/val_step14999.json,lego_1_n87_s42_c0.0_p870000_imagefps_farthestpose_i87_gteval_steps15000,0.2976,0.018838,87,4.04904,0.0478,0.0135,0.118,,,,,/home/ojab2/work/git/vggt/vggt_outputs/lego_1_n87_s42_c0.0_p870000_imagefps_farthestpose/eval_results.json,lego_1_n87_s42_c0.0_p870000_imagefps_farthestpose,lego_1_n87_s42_c0.0_p870000_imagefps_farthestpose_i87_gteval_steps15000_val_step14999.json,869958,,,,vggt | imagefps,848250.0
vggt,87,42,0.0,870,random,,,,0,10,farthestpose,87,GT Eval,,,,,False,,,,,0.0,,False,1.0,1.0,vggt,lego,,,15000,15000,,MCMC,,,,,,,,,,,gsplat,,synthetic,20.80647087097168,0.12634418904781342,0.7851104140281677,968555,0.00519891083240509,0.2969542145729065,0.09019388258457184,0.021211568266153336,0.6728764216066413,0.19940376330215814,870,/home/ojab2/work/git/gsplat/results/vggt_outputs/lego_1_n87_s42_c0.0_p870_random_farthestpose_i87_gteval_steps15000/stats/val_step14999.json,/home/ojab2/work/git/gsplat/results/vggt_outputs/lego_1_n87_s42_c0.0_p870_random_farthestpose_i87_gteval_steps15000/stats/val_step14999.json,lego_1_n87_s42_c0.0_p870_random_farthestpose_i87_gteval_steps15000,0.2976,0.018838,87,4.04904,0.0478,0.0135,0.118,,,,,/home/ojab2/work/git/vggt/vggt_outputs/lego_1_n87_s42_c0.0_p870_random_farthestpose/eval_results.json,lego_1_n87_s42_c0.0_p870_random_farthestpose,lego_1_n87_s42_c0.0_p870_random_farthestpose_i87_gteval_steps15000_val_step14999.json,870,,,,vggt | random,891.7499999999999
vggt,87,42,0.0,4350,random,,,,0,10,farthestpose,87,GT Eval,,,,,False,,,,,0.0,,False,1.0,1.0,vggt,lego,,,15000,15000,,MCMC,,,,,,,,,,,gsplat,,synthetic,20.567495346069336,0.10715185850858688,0.7760917544364929,1000000,0.00519891083240509,0.29696160554885864,0.08619371056556702,0.02028876170516014,0.675023996603419,0.19637212180111843,4350,/home/ojab2/work/git/gsplat/results/vggt_outputs/lego_1_n87_s42_c0.0_p4350_random_farthestpose_i87_gteval_steps15000/stats/val_step14999.json,/home/ojab2/work/git/gsplat/results/vggt_outputs/lego_1_n87_s42_c0.0_p4350_random_farthestpose_i87_gteval_steps15000/stats/val_step14999.json,lego_1_n87_s42_c0.0_p4350_random_farthestpose_i87_gteval_steps15000,0.2976,0.018838,87,4.04904,0.0478,0.0135,0.118,,,,,/home/ojab2/work/git/vggt/vggt_outputs/lego_1_n87_s42_c0.0_p4350_random_farthestpose/eval_results.json,lego_1_n87_s42_c0.0_p4350_random_farthestpose,lego_1_n87_s42_c0.0_p4350_random_farthestpose_i87_gteval_steps15000_val_step14999.json,4350,,,,vggt | random,4458.75
vggt,87,42,0.0,8700,random,,,,0,10,farthestpose,87,GT Eval,,,,,False,,,,,0.0,,False,1.0,1.0,vggt,lego,,,15000,15000,,MCMC,,,,,,,,,,,gsplat,,synthetic,20.5560359954834,0.103163942694664,0.7753990888595581,1000000,0.00519891083240509,0.29696112871170044,0.08507255464792252,0.02001442387700081,0.67686839524688,0.19529432682988923,8700,/home/ojab2/work/git/gsplat/results/vggt_outputs/lego_1_n87_s42_c0.0_p8700_random_farthestpose_i87_gteval_steps15000/stats/val_step14999.json,/home/ojab2/work/git/gsplat/results/vggt_outputs/lego_1_n87_s42_c0.0_p8700_random_farthestpose_i87_gteval_steps15000/stats/val_step14999.json,lego_1_n87_s42_c0.0_p8700_random_farthestpose_i87_gteval_steps15000,0.2976,0.018838,87,4.04904,0.0478,0.0135,0.118,,,,,/home/ojab2/work/git/vggt/vggt_outputs/lego_1_n87_s42_c0.0_p8700_random_farthestpose/eval_results.json,lego_1_n87_s42_c0.0_p8700_random_farthestpose,lego_1_n87_s42_c0.0_p8700_random_farthestpose_i87_gteval_steps15000_val_step14999.json,8700,,,,vggt | random,8917.5
vggt,87,42,0.0,43500,random,,,,0,10,farthestpose,87,GT Eval,,,,,False,,,,,0.0,,False,1.0,1.0,vggt,lego,,,15000,15000,,MCMC,,,,,,,,,,,gsplat,,synthetic,20.571998596191406,0.09747566282749176,0.7742735147476196,1000000,0.00519891083240509,0.29695695638656616,0.0842706635594368,0.019813772290945053,0.6800170523575019,0.19378281687860516,43500,/home/ojab2/work/git/gsplat/results/vggt_outputs/lego_1_n87_s42_c0.0_p43500_random_farthestpose_i87_gteval_steps15000/stats/val_step14999.json,/home/ojab2/work/git/gsplat/results/vggt_outputs/lego_1_n87_s42_c0.0_p43500_random_farthestpose_i87_gteval_steps15000/stats/val_step14999.json,lego_1_n87_s42_c0.0_p43500_random_farthestpose_i87_gteval_steps15000,0.2976,0.018838,87,4.04904,0.0478,0.0135,0.118,,,,,/home/ojab2/work/git/vggt/vggt_outputs/lego_1_n87_s42_c0.0_p43500_random_farthestpose/eval_results.json,lego_1_n87_s42_c0.0_p43500_random_farthestpose,lego_1_n87_s42_c0.0_p43500_random_farthestpose_i87_gteval_steps15000_val_step14999.json,43500,,,,vggt | random,44587.49999999999
vggt,87,42,0.0,87000,random,,,,0,10,farthestpose,87,GT Eval,,,,,False,,,,,0.0,,False,1.0,1.0,vggt,lego,,,15000,15000,,MCMC,,,,,,,,,,,gsplat,,synthetic,20.61736488342285,0.09517913311719894,0.7747763395309448,1000000,0.00519891083240509,0.2969570457935333,0.08417893946170807,0.019787494093179703,0.6825688293008852,0.1928104543773729,87000,/home/ojab2/work/git/gsplat/results/vggt_outputs/lego_1_n87_s42_c0.0_p87000_random_farthestpose_i87_gteval_steps15000/stats/val_step14999.json,/home/ojab2/work/git/gsplat/results/vggt_outputs/lego_1_n87_s42_c0.0_p87000_random_farthestpose_i87_gteval_steps15000/stats/val_step14999.json,lego_1_n87_s42_c0.0_p87000_random_farthestpose_i87_gteval_steps15000,0.2976,0.018838,87,4.04904,0.0478,0.0135,0.118,,,,,/home/ojab2/work/git/vggt/vggt_outputs/lego_1_n87_s42_c0.0_p87000_random_farthestpose/eval_results.json,lego_1_n87_s42_c0.0_p87000_random_farthestpose,lego_1_n87_s42_c0.0_p87000_random_farthestpose_i87_gteval_steps15000_val_step14999.json,87000,,,,vggt | random,89174.99999999999
vggt,87,42,0.0,435000,random,,,,0,10,farthestpose,87,GT Eval,,,,,False,,,,,0.0,,False,1.0,1.0,vggt,lego,,,15000,15000,,MCMC,,,,,,,,,,,gsplat,,synthetic,20.579578399658203,0.09366791695356369,0.7729958891868591,1000000,0.00519891083240509,0.2969563901424408,0.08540419489145279,0.0200588908046484,0.6817607300536365,0.19295602938846013,435000,/home/ojab2/work/git/gsplat/results/vggt_outputs/lego_1_n87_s42_c0.0_p435000_random_farthestpose_i87_gteval_steps15000/stats/val_step14999.json,/home/ojab2/work/git/gsplat/results/vggt_outputs/lego_1_n87_s42_c0.0_p435000_random_farthestpose_i87_gteval_steps15000/stats/val_step14999.json,lego_1_n87_s42_c0.0_p435000_random_farthestpose_i87_gteval_steps15000,0.2976,0.018838,87,4.04904,0.0478,0.0135,0.118,,,,,/home/ojab2/work/git/vggt/vggt_outputs/lego_1_n87_s42_c0.0_p435000_random_farthestpose/eval_results.json,lego_1_n87_s42_c0.0_p435000_random_farthestpose,lego_1_n87_s42_c0.0_p435000_random_farthestpose_i87_gteval_steps15000_val_step14999.json,435000,,,,vggt | random,445874.99999999994
vggt,87,42,0.0,870000,random,,,,0,10,farthestpose,87,GT Eval,,,,,False,,,,,0.0,,False,1.0,1.0,vggt,lego,,,15000,15000,,MCMC,,,,,,,,,,,gsplat,,synthetic,20.607177734375,0.09257718920707703,0.773316502571106,1000000,0.00519891083240509,0.2969568073749542,0.08604705333709717,0.02020258642733097,0.6831326107842493,0.19246178211922219,870000,/home/ojab2/work/git/gsplat/results/vggt_outputs/lego_1_n87_s42_c0.0_p870000_random_farthestpose_i87_gteval_steps15000/stats/val_step14999.json,/home/ojab2/work/git/gsplat/results/vggt_outputs/lego_1_n87_s42_c0.0_p870000_random_farthestpose_i87_gteval_steps15000/stats/val_step14999.json,lego_1_n87_s42_c0.0_p870000_random_farthestpose_i87_gteval_steps15000,0.2976,0.018838,87,4.04904,0.0478,0.0135,0.118,,,,,/home/ojab2/work/git/vggt/vggt_outputs/lego_1_n87_s42_c0.0_p870000_random_farthestpose/eval_results.json,lego_1_n87_s42_c0.0_p870000_random_farthestpose,lego_1_n87_s42_c0.0_p870000_random_farthestpose_i87_gteval_steps15000_val_step14999.json,870000,,,,vggt | random,891749.9999999999
vggt,87,42,0.0,870,voxels,,,,0,10,farthestpose,87,GT Eval,,,,,False,,,,,0.0,,False,1.0,1.0,vggt,lego,,,15000,15000,,MCMC,,,,,,,,,,,gsplat,,synthetic,20.66238784790039,0.12895366549491882,0.7830423712730408,951553,0.00519891083240509,0.2969657778739929,0.09071540832519531,0.021343085914850235,0.6673880478172352,0.2011087285387534,855,/home/ojab2/work/git/gsplat/results/vggt_outputs/lego_1_n87_s42_c0.0_p870_voxels_farthestpose_i87_gteval_steps15000/stats/val_step14999.json,/home/ojab2/work/git/gsplat/results/vggt_outputs/lego_1_n87_s42_c0.0_p870_voxels_farthestpose_i87_gteval_steps15000/stats/val_step14999.json,lego_1_n87_s42_c0.0_p870_voxels_farthestpose_i87_gteval_steps15000,0.2976,0.018838,87,4.04904,0.0478,0.0135,0.118,,,,,/home/ojab2/work/git/vggt/vggt_outputs/lego_1_n87_s42_c0.0_p870_voxels_farthestpose/eval_results.json,lego_1_n87_s42_c0.0_p870_voxels_farthestpose,lego_1_n87_s42_c0.0_p870_voxels_farthestpose_i87_gteval_steps15000_val_step14999.json,855,,,,vggt | voxels,935.25
vggt,87,42,0.0,4350,voxels,,,,0,10,farthestpose,87,GT Eval,,,,,False,,,,,0.0,,False,1.0,1.0,vggt,lego,,,15000,15000,,MCMC,,,,,,,,,,,gsplat,,synthetic,20.553871154785156,0.10797790437936783,0.7756953239440918,1000000,0.00519891083240509,0.29696184396743774,0.0863095074892044,0.020301638171076775,0.6740299612090059,0.1967962297797834,4042,/home/ojab2/work/git/gsplat/results/vggt_outputs/lego_1_n87_s42_c0.0_p4350_voxels_farthestpose_i87_gteval_steps15000/stats/val_step14999.json,/home/ojab2/work/git/gsplat/results/vggt_outputs/lego_1_n87_s42_c0.0_p4350_voxels_farthestpose_i87_gteval_steps15000/stats/val_step14999.json,lego_1_n87_s42_c0.0_p4350_voxels_farthestpose_i87_gteval_steps15000,0.2976,0.018838,87,4.04904,0.0478,0.0135,0.118,,,,,/home/ojab2/work/git/vggt/vggt_outputs/lego_1_n87_s42_c0.0_p4350_voxels_farthestpose/eval_results.json,lego_1_n87_s42_c0.0_p4350_voxels_farthestpose,lego_1_n87_s42_c0.0_p4350_voxels_farthestpose_i87_gteval_steps15000_val_step14999.json,4042,,,,vggt | voxels,4676.25
vggt,87,42,0.0,8700,voxels,,,,0,10,farthestpose,87,GT Eval,,,,,False,,,,,0.0,,False,1.0,1.0,vggt,lego,,,15000,15000,,MCMC,,,,,,,,,,,gsplat,,synthetic,20.601343154907227,0.10275178402662277,0.7772859930992126,1000000,0.00519891083240509,0.29696327447891235,0.08500519394874573,0.020007209852337837,0.679065288420309,0.19446152521067275,8550,/home/ojab2/work/git/gsplat/results/vggt_outputs/lego_1_n87_s42_c0.0_p8700_voxels_farthestpose_i87_gteval_steps15000/stats/val_step14999.json,/home/ojab2/work/git/gsplat/results/vggt_outputs/lego_1_n87_s42_c0.0_p8700_voxels_farthestpose_i87_gteval_steps15000/stats/val_step14999.json,lego_1_n87_s42_c0.0_p8700_voxels_farthestpose_i87_gteval_steps15000,0.2976,0.018838,87,4.04904,0.0478,0.0135,0.118,,,,,/home/ojab2/work/git/vggt/vggt_outputs/lego_1_n87_s42_c0.0_p8700_voxels_farthestpose/eval_results.json,lego_1_n87_s42_c0.0_p8700_voxels_farthestpose,lego_1_n87_s42_c0.0_p8700_voxels_farthestpose_i87_gteval_steps15000_val_step14999.json,8550,,,,vggt | voxels,9352.5
vggt,87,42,0.0,43500,voxels,,,,0,10,farthestpose,87,GT Eval,,,,,False,,,,,0.0,,False,1.0,1.0,vggt,lego,,,15000,15000,,MCMC,,,,,,,,,,,gsplat,,synthetic,20.54008674621582,0.09730445593595505,0.7736892104148865,1000000,0.00519891083240509,0.2969597578048706,0.08405923843383789,0.019765770062804222,0.6791900769989547,0.1939521382058559,42004,/home/ojab2/work/git/gsplat/results/vggt_outputs/lego_1_n87_s42_c0.0_p43500_voxels_farthestpose_i87_gteval_steps15000/stats/val_step14999.json,/home/ojab2/work/git/gsplat/results/vggt_outputs/lego_1_n87_s42_c0.0_p43500_voxels_farthestpose_i87_gteval_steps15000/stats/val_step14999.json,lego_1_n87_s42_c0.0_p43500_voxels_farthestpose_i87_gteval_steps15000,0.2976,0.018838,87,4.04904,0.0478,0.0135,0.118,,,,,/home/ojab2/work/git/vggt/vggt_outputs/lego_1_n87_s42_c0.0_p43500_voxels_farthestpose/eval_results.json,lego_1_n87_s42_c0.0_p43500_voxels_farthestpose,lego_1_n87_s42_c0.0_p43500_voxels_farthestpose_i87_gteval_steps15000_val_step14999.json,42004,,,,vggt | voxels,46762.5
vggt,87,42,0.0,87000,voxels,,,,0,10,farthestpose,87,GT Eval,,,,,False,,,,,0.0,,False,1.0,1.0,vggt,lego,,,15000,15000,,MCMC,,,,,,,,,,,gsplat,,synthetic,20.561214447021484,0.09585598111152649,0.7731336951255798,1000000,0.00519891083240509,0.29695895314216614,0.08374326676130295,0.01968727447092533,0.6801505882372867,0.1936495310108875,86657,/home/ojab2/work/git/gsplat/results/vggt_outputs/lego_1_n87_s42_c0.0_p87000_voxels_farthestpose_i87_gteval_steps15000/stats/val_step14999.json,/home/ojab2/work/git/gsplat/results/vggt_outputs/lego_1_n87_s42_c0.0_p87000_voxels_farthestpose_i87_gteval_steps15000/stats/val_step14999.json,lego_1_n87_s42_c0.0_p87000_voxels_farthestpose_i87_gteval_steps15000,0.2976,0.018838,87,4.04904,0.0478,0.0135,0.118,,,,,/home/ojab2/work/git/vggt/vggt_outputs/lego_1_n87_s42_c0.0_p87000_voxels_farthestpose/eval_results.json,lego_1_n87_s42_c0.0_p87000_voxels_farthestpose,lego_1_n87_s42_c0.0_p87000_voxels_farthestpose_i87_gteval_steps15000_val_step14999.json,86657,,,,vggt | voxels,93525.0
vggt,87,42,0.0,435000,voxels,,,,0,10,farthestpose,87,GT Eval,,,,,False,,,,,0.0,,False,1.0,1.0,vggt,lego,,,15000,15000,,MCMC,,,,,,,,,,,gsplat,,synthetic,20.573318481445312,0.09295640140771866,0.7737110257148743,1000000,0.00519891083240509,0.2969556748867035,0.08382173627614975,0.019704893231391907,0.6825022212652666,0.19247270593196775,385832,/home/ojab2/work/git/gsplat/results/vggt_outputs/lego_1_n87_s42_c0.0_p435000_voxels_farthestpose_i87_gteval_steps15000/stats/val_step14999.json,/home/ojab2/work/git/gsplat/results/vggt_outputs/lego_1_n87_s42_c0.0_p435000_voxels_farthestpose_i87_gteval_steps15000/stats/val_step14999.json,lego_1_n87_s42_c0.0_p435000_voxels_farthestpose_i87_gteval_steps15000,0.2976,0.018838,87,4.04904,0.0478,0.0135,0.118,,,,,/home/ojab2/work/git/vggt/vggt_outputs/lego_1_n87_s42_c0.0_p435000_voxels_farthestpose/eval_results.json,lego_1_n87_s42_c0.0_p435000_voxels_farthestpose,lego_1_n87_s42_c0.0_p435000_voxels_farthestpose_i87_gteval_steps15000_val_step14999.json,385832,,,,vggt | voxels,467625.0
vggt,87,42,0.0,870000,voxels,,,,0,10,farthestpose,87,GT Eval,,,,,False,,,,,0.0,,False,1.0,1.0,vggt,lego,,,15000,15000,,MCMC,,,,,,,,,,,gsplat,,synthetic,20.55267333984375,0.09211361408233643,0.7727274298667908,1000000,0.00519891083240509,0.29695138335227966,0.0840948149561882,0.019767438992857933,0.6820649406676016,0.1925499369723064,706364,/home/ojab2/work/git/gsplat/results/vggt_outputs/lego_1_n87_s42_c0.0_p870000_voxels_farthestpose_i87_gteval_steps15000/stats/val_step14999.json,/home/ojab2/work/git/gsplat/results/vggt_outputs/lego_1_n87_s42_c0.0_p870000_voxels_farthestpose_i87_gteval_steps15000/stats/val_step14999.json,lego_1_n87_s42_c0.0_p870000_voxels_farthestpose_i87_gteval_steps15000,0.2976,0.018838,87,4.04904,0.0478,0.0135,0.118,,,,,/home/ojab2/work/git/vggt/vggt_outputs/lego_1_n87_s42_c0.0_p870000_voxels_farthestpose/eval_results.json,lego_1_n87_s42_c0.0_p870000_voxels_farthestpose,lego_1_n87_s42_c0.0_p870000_voxels_farthestpose_i87_gteval_steps15000_val_step14999.json,706364,,,,vggt | voxels,935250.0
colmap,87,42,,10313,,,,,0,10,farthestpose,87,GT Eval,,,,,False,,,,,0.0,,False,1.0,1.0,colmap,lego,pinhole,,15000,15000,default,MCMC,,,,,Shared Cam,,,,,,gsplat,,synthetic,22.786890029907227,0.06574113667011261,0.8507940173149109,1000000,0.11692719161510468,10.478508949279785,0.02123933658003807,0.0218884889036417,0.7853716059773675,0.15242566000284324,10313,/home/ojab2/work/git/gsplat/results/colmap_outputs/lego_1_n87_s42_default_mpinhole_farthestpose_sharedcam_i87_gteval_steps15000/stats/val_step14999.json,/home/ojab2/work/git/gsplat/results/colmap_outputs/lego_1_n87_s42_default_mpinhole_farthestpose_sharedcam_i87_gteval_steps15000/stats/val_step14999.json,lego_1_n87_s42_default_mpinhole_farthestpose_sharedcam_i87_gteval_steps15000,10.4784,0.403756,87,0.885202,,,,47.262017250061035,6778,6778,0.0,/home/ojab2/work/git/vggt/colmap_outputs/lego_1_n87_s42_default_mpinhole_farthestpose_sharedcam/eval_results.json,lego_1_n87_s42_default_mpinhole_farthestpose_sharedcam,lego_1_n87_s42_default_mpinhole_farthestpose_sharedcam_i87_gteval_steps15000_val_step14999.json,10313,,,,colmap | ,11602.125
vggt,87,42,,24264,ba,,,,0,10,farthestpose,87,GT Eval,,,,,False,,,,,0.0,,False,1.0,1.0,vggt,ship,pinhole,,15000,15000,,MCMC,,,,,Shared Cam,,,Use BA,aliked+sp,250,gsplat,,synthetic,19.13971519470215,0.2679618299007416,0.6759546995162964,1000000,0.007869244553148746,0.4287077784538269,0.3924942910671234,0.0696970522403717,0.49075852775047,0.2831340983912536,24264,/home/ojab2/work/git/gsplat/results/vggt_outputs/ship_1_n87_s42_mpinhole_aliked-sp_ba_farthestpose_useba_maxba250_sharedcam_i87_gteval_steps15000/stats/val_step14999.json,/home/ojab2/work/git/gsplat/results/vggt_outputs/ship_1_n87_s42_mpinhole_aliked-sp_ba_farthestpose_useba_maxba250_sharedcam_i87_gteval_steps15000/stats/val_step14999.json,ship_1_n87_s42_mpinhole_aliked-sp_ba_farthestpose_useba_maxba250_sharedcam_i87_gteval_steps15000,0.429,0.025089,87,4.367609,0.1645,0.0436,0.2731,,,,,/home/ojab2/work/git/vggt/vggt_outputs/ship_1_n87_s42_mpinhole_aliked-sp_ba_farthestpose_useba_maxba250_sharedcam/eval_results.json,ship_1_n87_s42_mpinhole_aliked-sp_ba_farthestpose_useba_maxba250_sharedcam,ship_1_n87_s42_mpinhole_aliked-sp_ba_farthestpose_useba_maxba250_sharedcam_i87_gteval_steps15000_val_step14999.json,24264,,,,vggt | ba,21231.0
vggt,87,42,0.0,870,confidence,,,,0,10,farthestpose,87,GT Eval,,,,,False,,,,,0.0,,False,1.0,1.0,vggt,ship,,,15000,15000,,MCMC,,,,,,,,,,,gsplat,,synthetic,20.921188354492188,0.22032080590724945,0.7188170552253723,968555,0.008744901046156883,0.48654600977897644,0.16333113610744476,0.030872521921992302,0.5782225160454681,0.25289213771050323,870,/home/ojab2/work/git/gsplat/results/vggt_outputs/ship_1_n87_s42_c0.0_p870_confidence_farthestpose_i87_gteval_steps15000/stats/val_step14999.json,/home/ojab2/work/git/gsplat/results/vggt_outputs/ship_1_n87_s42_c0.0_p870_confidence_farthestpose_i87_gteval_steps15000/stats/val_step14999.json,ship_1_n87_s42_c0.0_p870_confidence_farthestpose_i87_gteval_steps15000,0.4869,0.027807,87,4.301907,0.1056,0.0284,0.2389,,,,,/home/ojab2/work/git/vggt/vggt_outputs/ship_1_n87_s42_c0.0_p870_confidence_farthestpose/eval_results.json,ship_1_n87_s42_c0.0_p870_confidence_farthestpose,ship_1_n87_s42_c0.0_p870_confidence_farthestpose_i87_gteval_steps15000_val_step14999.json,870,,,,vggt | confidence,804.75
vggt,87,42,0.0,4350,confidence,,,,0,10,farthestpose,87,GT Eval,,,,,False,,,,,0.0,,False,1.0,1.0,vggt,ship,,,15000,15000,,MCMC,,,,,,,,,,,gsplat,,synthetic,20.848600387573242,0.19256575405597687,0.7091026306152344,1000000,0.008744901046156883,0.48659220337867737,0.16711996495723724,0.03157569095492363,0.5883300924277909,0.24671328485436544,4350,/home/ojab2/work/git/gsplat/results/vggt_outputs/ship_1_n87_s42_c0.0_p4350_confidence_farthestpose_i87_gteval_steps15000/stats/val_step14999.json,/home/ojab2/work/git/gsplat/results/vggt_outputs/ship_1_n87_s42_c0.0_p4350_confidence_farthestpose_i87_gteval_steps15000/stats/val_step14999.json,ship_1_n87_s42_c0.0_p4350_confidence_farthestpose_i87_gteval_steps15000,0.4869,0.027807,87,4.301907,0.1056,0.0284,0.2389,,,,,/home/ojab2/work/git/vggt/vggt_outputs/ship_1_n87_s42_c0.0_p4350_confidence_farthestpose/eval_results.json,ship_1_n87_s42_c0.0_p4350_confidence_farthestpose,ship_1_n87_s42_c0.0_p4350_confidence_farthestpose_i87_gteval_steps15000_val_step14999.json,4350,,,,vggt | confidence,4023.75
vggt,87,42,0.0,8700,confidence,,,,0,10,farthestpose,87,GT Eval,,,,,False,,,,,0.0,,False,1.0,1.0,vggt,ship,,,15000,15000,,MCMC,,,,,,,,,,,gsplat,,synthetic,20.8979549407959,0.18645210564136505,0.7074775695800781,1000000,0.008744901046156883,0.4866192638874054,0.16732563078403473,0.031625937670469284,0.5920675945909399,0.2451458890377083,8700,/home/ojab2/work/git/gsplat/results/vggt_outputs/ship_1_n87_s42_c0.0_p8700_confidence_farthestpose_i87_gteval_steps15000/stats/val_step14999.json,/home/ojab2/work/git/gsplat/results/vggt_outputs/ship_1_n87_s42_c0.0_p8700_confidence_farthestpose_i87_gteval_steps15000/stats/val_step14999.json,ship_1_n87_s42_c0.0_p8700_confidence_farthestpose_i87_gteval_steps15000,0.4869,0.027807,87,4.301907,0.1056,0.0284,0.2389,,,,,/home/ojab2/work/git/vggt/vggt_outputs/ship_1_n87_s42_c0.0_p8700_confidence_farthestpose/eval_results.json,ship_1_n87_s42_c0.0_p8700_confidence_farthestpose,ship_1_n87_s42_c0.0_p8700_confidence_farthestpose_i87_gteval_steps15000_val_step14999.json,8700,,,,vggt | confidence,8047.5
vggt,87,42,0.0,43500,confidence,,,,0,10,farthestpose,87,GT Eval,,,,,False,,,,,0.0,,False,1.0,1.0,vggt,ship,,,15000,15000,,MCMC,,,,,,,,,,,gsplat,,synthetic,20.866127014160156,0.17850221693515778,0.7031208276748657,1000000,0.008744901046156883,0.48662418127059937,0.16328838467597961,0.030869383364915848,0.5938377249659152,0.24385345458654178,43500,/home/ojab2/work/git/gsplat/results/vggt_outputs/ship_1_n87_s42_c0.0_p43500_confidence_farthestpose_i87_gteval_steps15000/stats/val_step14999.json,/home/ojab2/work/git/gsplat/results/vggt_outputs/ship_1_n87_s42_c0.0_p43500_confidence_farthestpose_i87_gteval_steps15000/stats/val_step14999.json,ship_1_n87_s42_c0.0_p43500_confidence_farthestpose_i87_gteval_steps15000,0.4869,0.027807,87,4.301907,0.1056,0.0284,0.2389,,,,,/home/ojab2/work/git/vggt/vggt_outputs/ship_1_n87_s42_c0.0_p43500_confidence_farthestpose/eval_results.json,ship_1_n87_s42_c0.0_p43500_confidence_farthestpose,ship_1_n87_s42_c0.0_p43500_confidence_farthestpose_i87_gteval_steps15000_val_step14999.json,43500,,,,vggt | confidence,40237.5
vggt,87,42,0.0,87000,confidence,,,,0,10,farthestpose,87,GT Eval,,,,,False,,,,,0.0,,False,1.0,1.0,vggt,ship,,,15000,15000,,MCMC,,,,,,,,,,,gsplat,,synthetic,20.877193450927734,0.17584222555160522,0.7018064856529236,1000000,0.008744901046156883,0.486621230840683,0.16124777495861053,0.030547963455319405,0.5949160079045137,0.24336143573545646,87000,/home/ojab2/work/git/gsplat/results/vggt_outputs/ship_1_n87_s42_c0.0_p87000_confidence_farthestpose_i87_gteval_steps15000/stats/val_step14999.json,/home/ojab2/work/git/gsplat/results/vggt_outputs/ship_1_n87_s42_c0.0_p87000_confidence_farthestpose_i87_gteval_steps15000/stats/val_step14999.json,ship_1_n87_s42_c0.0_p87000_confidence_farthestpose_i87_gteval_steps15000,0.4869,0.027807,87,4.301907,0.1056,0.0284,0.2389,,,,,/home/ojab2/work/git/vggt/vggt_outputs/ship_1_n87_s42_c0.0_p87000_confidence_farthestpose/eval_results.json,ship_1_n87_s42_c0.0_p87000_confidence_farthestpose,ship_1_n87_s42_c0.0_p87000_confidence_farthestpose_i87_gteval_steps15000_val_step14999.json,87000,,,,vggt | confidence,80475.0
vggt,87,42,0.0,435000,confidence,,,,0,10,farthestpose,87,GT Eval,,,,,False,,,,,0.0,,False,1.0,1.0,vggt,ship,,,15000,15000,,MCMC,,,,,,,,,,,gsplat,,synthetic,20.877328872680664,0.17028656601905823,0.6990575790405273,1000000,0.008744901046156883,0.4866114556789398,0.16133804619312286,0.030539747327566147,0.5967403874527408,0.24234653509427206,435000,/home/ojab2/work/git/gsplat/results/vggt_outputs/ship_1_n87_s42_c0.0_p435000_confidence_farthestpose_i87_gteval_steps15000/stats/val_step14999.json,/home/ojab2/work/git/gsplat/results/vggt_outputs/ship_1_n87_s42_c0.0_p435000_confidence_farthestpose_i87_gteval_steps15000/stats/val_step14999.json,ship_1_n87_s42_c0.0_p435000_confidence_farthestpose_i87_gteval_steps15000,0.4869,0.027807,87,4.301907,0.1056,0.0284,0.2389,,,,,/home/ojab2/work/git/vggt/vggt_outputs/ship_1_n87_s42_c0.0_p435000_confidence_farthestpose/eval_results.json,ship_1_n87_s42_c0.0_p435000_confidence_farthestpose,ship_1_n87_s42_c0.0_p435000_confidence_farthestpose_i87_gteval_steps15000_val_step14999.json,435000,,,,vggt | confidence,402375.0
vggt,87,42,0.0,870000,confidence,,,,0,10,farthestpose,87,GT Eval,,,,,False,,,,,0.0,,False,1.0,1.0,vggt,ship,,,15000,15000,,MCMC,,,,,,,,,,,gsplat,,synthetic,20.828022003173828,0.16911406815052032,0.6982268691062927,1000000,0.008744901046156883,0.48661375045776367,0.16383202373981476,0.031019868329167366,0.5960652661098916,0.24223900772501078,870000,/home/ojab2/work/git/gsplat/results/vggt_outputs/ship_1_n87_s42_c0.0_p870000_confidence_farthestpose_i87_gteval_steps15000/stats/val_step14999.json,/home/ojab2/work/git/gsplat/results/vggt_outputs/ship_1_n87_s42_c0.0_p870000_confidence_farthestpose_i87_gteval_steps15000/stats/val_step14999.json,ship_1_n87_s42_c0.0_p870000_confidence_farthestpose_i87_gteval_steps15000,0.4869,0.027807,87,4.301907,0.1056,0.0284,0.2389,,,,,/home/ojab2/work/git/vggt/vggt_outputs/ship_1_n87_s42_c0.0_p870000_confidence_farthestpose/eval_results.json,ship_1_n87_s42_c0.0_p870000_confidence_farthestpose,ship_1_n87_s42_c0.0_p870000_confidence_farthestpose_i87_gteval_steps15000_val_step14999.json,870000,,,,vggt | confidence,804750.0
vggt,87,42,0.0,870,imagefps,,,,0,10,farthestpose,87,GT Eval,,,,,False,,,,,0.0,,False,1.0,1.0,vggt,ship,,,15000,15000,,MCMC,,,,,,,,,,,gsplat,,synthetic,20.913782119750977,0.21630723774433136,0.7185478210449219,913644,0.008744901046156883,0.4866523742675781,0.16808785498142242,0.03177345544099808,0.5804054278727862,0.25164348560388305,821,/home/ojab2/work/git/gsplat/results/vggt_outputs/ship_1_n87_s42_c0.0_p870_imagefps_farthestpose_i87_gteval_steps15000/stats/val_step14999.json,/home/ojab2/work/git/gsplat/results/vggt_outputs/ship_1_n87_s42_c0.0_p870_imagefps_farthestpose_i87_gteval_steps15000/stats/val_step14999.json,ship_1_n87_s42_c0.0_p870_imagefps_farthestpose_i87_gteval_steps15000,0.4869,0.027807,87,4.301907,0.1056,0.0284,0.2389,,,,,/home/ojab2/work/git/vggt/vggt_outputs/ship_1_n87_s42_c0.0_p870_imagefps_farthestpose/eval_results.json,ship_1_n87_s42_c0.0_p870_imagefps_farthestpose,ship_1_n87_s42_c0.0_p870_imagefps_farthestpose_i87_gteval_steps15000_val_step14999.json,821,,,,vggt | imagefps,848.25
vggt,87,42,0.0,4350,imagefps,,,,0,10,farthestpose,87,GT Eval,,,,,False,,,,,0.0,,False,1.0,1.0,vggt,ship,,,15000,15000,,MCMC,,,,,,,,,,,gsplat,,synthetic,20.910303115844727,0.19205504655838013,0.7104144096374512,1000000,0.008744901046156883,0.48654088377952576,0.167411670088768,0.031709589064121246,0.5905551093208703,0.246098554871275,4310,/home/ojab2/work/git/gsplat/results/vggt_outputs/ship_1_n87_s42_c0.0_p4350_imagefps_farthestpose_i87_gteval_steps15000/stats/val_step14999.json,/home/ojab2/work/git/gsplat/results/vggt_outputs/ship_1_n87_s42_c0.0_p4350_imagefps_farthestpose_i87_gteval_steps15000/stats/val_step14999.json,ship_1_n87_s42_c0.0_p4350_imagefps_farthestpose_i87_gteval_steps15000,0.4869,0.027807,87,4.301907,0.1056,0.0284,0.2389,,,,,/home/ojab2/work/git/vggt/vggt_outputs/ship_1_n87_s42_c0.0_p4350_imagefps_farthestpose/eval_results.json,ship_1_n87_s42_c0.0_p4350_imagefps_farthestpose,ship_1_n87_s42_c0.0_p4350_imagefps_farthestpose_i87_gteval_steps15000_val_step14999.json,4310,,,,vggt | imagefps,4241.25
vggt,87,42,0.0,8700,imagefps,,,,0,10,farthestpose,87,GT Eval,,,,,False,,,,,0.0,,False,1.0,1.0,vggt,ship,,,15000,15000,,MCMC,,,,,,,,,,,gsplat,,synthetic,20.913692474365234,0.18720950186252594,0.7076317071914673,1000000,0.008744901046156883,0.48654335737228394,0.16618728637695312,0.031438056379556656,0.5919816408202274,0.2453410448855733,8660,/home/ojab2/work/git/gsplat/results/vggt_outputs/ship_1_n87_s42_c0.0_p8700_imagefps_farthestpose_i87_gteval_steps15000/stats/val_step14999.json,/home/ojab2/work/git/gsplat/results/vggt_outputs/ship_1_n87_s42_c0.0_p8700_imagefps_farthestpose_i87_gteval_steps15000/stats/val_step14999.json,ship_1_n87_s42_c0.0_p8700_imagefps_farthestpose_i87_gteval_steps15000,0.4869,0.027807,87,4.301907,0.1056,0.0284,0.2389,,,,,/home/ojab2/work/git/vggt/vggt_outputs/ship_1_n87_s42_c0.0_p8700_imagefps_farthestpose/eval_results.json,ship_1_n87_s42_c0.0_p8700_imagefps_farthestpose,ship_1_n87_s42_c0.0_p8700_imagefps_farthestpose_i87_gteval_steps15000_val_step14999.json,8660,,,,vggt | imagefps,8482.5
vggt,87,42,0.0,43500,imagefps,,,,0,10,farthestpose,87,GT Eval,,,,,False,,,,,0.0,,False,1.0,1.0,vggt,ship,,,15000,15000,,MCMC,,,,,,,,,,,gsplat,,synthetic,20.88231086730957,0.17938613891601562,0.7027167081832886,1000000,0.008744901046156883,0.48654770851135254,0.16812662780284882,0.03161705657839775,0.5933554679097255,0.2442615107506977,43455,/home/ojab2/work/git/gsplat/results/vggt_outputs/ship_1_n87_s42_c0.0_p43500_imagefps_farthestpose_i87_gteval_steps15000/stats/val_step14999.json,/home/ojab2/work/git/gsplat/results/vggt_outputs/ship_1_n87_s42_c0.0_p43500_imagefps_farthestpose_i87_gteval_steps15000/stats/val_step14999.json,ship_1_n87_s42_c0.0_p43500_imagefps_farthestpose_i87_gteval_steps15000,0.4869,0.027807,87,4.301907,0.1056,0.0284,0.2389,,,,,/home/ojab2/work/git/vggt/vggt_outputs/ship_1_n87_s42_c0.0_p43500_imagefps_farthestpose/eval_results.json,ship_1_n87_s42_c0.0_p43500_imagefps_farthestpose,ship_1_n87_s42_c0.0_p43500_imagefps_farthestpose_i87_gteval_steps15000_val_step14999.json,43455,,,,vggt | imagefps,42412.5
vggt,87,42,0.0,87000,imagefps,,,,0,10,farthestpose,87,GT Eval,,,,,False,,,,,0.0,,False,1.0,1.0,vggt,ship,,,15000,15000,,MCMC,,,,,,,,,,,gsplat,,synthetic,20.83091163635254,0.17697110772132874,0.7005260586738586,1000000,0.008744901046156883,0.4865506589412689,0.1726495623588562,0.032322224229574203,0.5926133087116685,0.24415729219150842,86956,/home/ojab2/work/git/gsplat/results/vggt_outputs/ship_1_n87_s42_c0.0_p87000_imagefps_farthestpose_i87_gteval_steps15000/stats/val_step14999.json,/home/ojab2/work/git/gsplat/results/vggt_outputs/ship_1_n87_s42_c0.0_p87000_imagefps_farthestpose_i87_gteval_steps15000/stats/val_step14999.json,ship_1_n87_s42_c0.0_p87000_imagefps_farthestpose_i87_gteval_steps15000,0.4869,0.027807,87,4.301907,0.1056,0.0284,0.2389,,,,,/home/ojab2/work/git/vggt/vggt_outputs/ship_1_n87_s42_c0.0_p87000_imagefps_farthestpose/eval_results.json,ship_1_n87_s42_c0.0_p87000_imagefps_farthestpose,ship_1_n87_s42_c0.0_p87000_imagefps_farthestpose_i87_gteval_steps15000_val_step14999.json,86956,,,,vggt | imagefps,84825.0
vggt,87,42,0.0,435000,imagefps,,,,0,10,farthestpose,87,GT Eval,,,,,False,,,,,0.0,,False,1.0,1.0,vggt,ship,,,15000,15000,,MCMC,,,,,,,,,,,gsplat,,synthetic,20.8917236328125,0.17343749105930328,0.6979715824127197,1000000,0.008744901046156883,0.48655009269714355,0.1841946244239807,0.034173641353845596,0.5944268558806145,0.243717474211343,434961,/home/ojab2/work/git/gsplat/results/vggt_outputs/ship_1_n87_s42_c0.0_p435000_imagefps_farthestpose_i87_gteval_steps15000/stats/val_step14999.json,/home/ojab2/work/git/gsplat/results/vggt_outputs/ship_1_n87_s42_c0.0_p435000_imagefps_farthestpose_i87_gteval_steps15000/stats/val_step14999.json,ship_1_n87_s42_c0.0_p435000_imagefps_farthestpose_i87_gteval_steps15000,0.4869,0.027807,87,4.301907,0.1056,0.0284,0.2389,,,,,/home/ojab2/work/git/vggt/vggt_outputs/ship_1_n87_s42_c0.0_p435000_imagefps_farthestpose/eval_results.json,ship_1_n87_s42_c0.0_p435000_imagefps_farthestpose,ship_1_n87_s42_c0.0_p435000_imagefps_farthestpose_i87_gteval_steps15000_val_step14999.json,434961,,,,vggt | imagefps,424125.0
vggt,87,42,0.0,870000,imagefps,,,,0,10,farthestpose,87,GT Eval,,,,,False,,,,,0.0,,False,1.0,1.0,vggt,ship,,,15000,15000,,MCMC,,,,,,,,,,,gsplat,,synthetic,20.918048858642578,0.1706041693687439,0.6969399452209473,1000000,0.008744901046156883,0.4865458309650421,0.19334474205970764,0.035735249519348145,0.5960600274657955,0.2430692231483234,869961,/home/ojab2/work/git/gsplat/results/vggt_outputs/ship_1_n87_s42_c0.0_p870000_imagefps_farthestpose_i87_gteval_steps15000/stats/val_step14999.json,/home/ojab2/work/git/gsplat/results/vggt_outputs/ship_1_n87_s42_c0.0_p870000_imagefps_farthestpose_i87_gteval_steps15000/stats/val_step14999.json,ship_1_n87_s42_c0.0_p870000_imagefps_farthestpose_i87_gteval_steps15000,0.4869,0.027807,87,4.301907,0.1056,0.0284,0.2389,,,,,/home/ojab2/work/git/vggt/vggt_outputs/ship_1_n87_s42_c0.0_p870000_imagefps_farthestpose/eval_results.json,ship_1_n87_s42_c0.0_p870000_imagefps_farthestpose,ship_1_n87_s42_c0.0_p870000_imagefps_farthestpose_i87_gteval_steps15000_val_step14999.json,869961,,,,vggt | imagefps,848250.0
vggt,87,42,0.0,870,random,,,,0,10,farthestpose,87,GT Eval,,,,,False,,,,,0.0,,False,1.0,1.0,vggt,ship,,,15000,15000,,MCMC,,,,,,,,,,,gsplat,,synthetic,20.92515754699707,0.2179117053747177,0.7184377908706665,968555,0.008744901046156883,0.4869168996810913,0.16314756870269775,0.03094586916267872,0.579561326684233,0.25220580644445095,870,/home/ojab2/work/git/gsplat/results/vggt_outputs/ship_1_n87_s42_c0.0_p870_random_farthestpose_i87_gteval_steps15000/stats/val_step14999.json,/home/ojab2/work/git/gsplat/results/vggt_outputs/ship_1_n87_s42_c0.0_p870_random_farthestpose_i87_gteval_steps15000/stats/val_step14999.json,ship_1_n87_s42_c0.0_p870_random_farthestpose_i87_gteval_steps15000,0.4869,0.027807,87,4.301907,0.1056,0.0284,0.2389,,,,,/home/ojab2/work/git/vggt/vggt_outputs/ship_1_n87_s42_c0.0_p870_random_farthestpose/eval_results.json,ship_1_n87_s42_c0.0_p870_random_farthestpose,ship_1_n87_s42_c0.0_p870_random_farthestpose_i87_gteval_steps15000_val_step14999.json,870,,,,vggt | random,891.7499999999999
vggt,87,42,0.0,4350,random,,,,0,10,farthestpose,87,GT Eval,,,,,False,,,,,0.0,,False,1.0,1.0,vggt,ship,,,15000,15000,,MCMC,,,,,,,,,,,gsplat,,synthetic,20.848501205444336,0.19260814785957336,0.708875834941864,1000000,0.008744901046156883,0.48666706681251526,0.16669072210788727,0.031523603945970535,0.5881694576583798,0.2467975482324854,4350,/home/ojab2/work/git/gsplat/results/vggt_outputs/ship_1_n87_s42_c0.0_p4350_random_farthestpose_i87_gteval_steps15000/stats/val_step14999.json,/home/ojab2/work/git/gsplat/results/vggt_outputs/ship_1_n87_s42_c0.0_p4350_random_farthestpose_i87_gteval_steps15000/stats/val_step14999.json,ship_1_n87_s42_c0.0_p4350_random_farthestpose_i87_gteval_steps15000,0.4869,0.027807,87,4.301907,0.1056,0.0284,0.2389,,,,,/home/ojab2/work/git/vggt/vggt_outputs/ship_1_n87_s42_c0.0_p4350_random_farthestpose/eval_results.json,ship_1_n87_s42_c0.0_p4350_random_farthestpose,ship_1_n87_s42_c0.0_p4350_random_farthestpose_i87_gteval_steps15000_val_step14999.json,4350,,,,vggt | random,4458.75
vggt,87,42,0.0,8700,random,,,,0,10,farthestpose,87,GT Eval,,,,,False,,,,,0.0,,False,1.0,1.0,vggt,ship,,,15000,15000,,MCMC,,,,,,,,,,,gsplat,,synthetic,20.893278121948242,0.18692664802074432,0.707008957862854,1000000,0.008744901046156883,0.48665207624435425,0.1655745953321457,0.0313524529337883,0.5914140174999261,0.24545133774500744,8700,/home/ojab2/work/git/gsplat/results/vggt_outputs/ship_1_n87_s42_c0.0_p8700_random_farthestpose_i87_gteval_steps15000/stats/val_step14999.json,/home/ojab2/work/git/gsplat/results/vggt_outputs/ship_1_n87_s42_c0.0_p8700_random_farthestpose_i87_gteval_steps15000/stats/val_step14999.json,ship_1_n87_s42_c0.0_p8700_random_farthestpose_i87_gteval_steps15000,0.4869,0.027807,87,4.301907,0.1056,0.0284,0.2389,,,,,/home/ojab2/work/git/vggt/vggt_outputs/ship_1_n87_s42_c0.0_p8700_random_farthestpose/eval_results.json,ship_1_n87_s42_c0.0_p8700_random_farthestpose,ship_1_n87_s42_c0.0_p8700_random_farthestpose_i87_gteval_steps15000_val_step14999.json,8700,,,,vggt | random,8917.5
vggt,87,42,0.0,43500,random,,,,0,10,farthestpose,87,GT Eval,,,,,False,,,,,0.0,,False,1.0,1.0,vggt,ship,,,15000,15000,,MCMC,,,,,,,,,,,gsplat,,synthetic,20.864776611328125,0.17922554910182953,0.7027838826179504,1000000,0.008744901046156883,0.48667898774147034,0.16413326561450958,0.031050728633999825,0.5931691722756782,0.24419845189216705,43500,/home/ojab2/work/git/gsplat/results/vggt_outputs/ship_1_n87_s42_c0.0_p43500_random_farthestpose_i87_gteval_steps15000/stats/val_step14999.json,/home/ojab2/work/git/gsplat/results/vggt_outputs/ship_1_n87_s42_c0.0_p43500_random_farthestpose_i87_gteval_steps15000/stats/val_step14999.json,ship_1_n87_s42_c0.0_p43500_random_farthestpose_i87_gteval_steps15000,0.4869,0.027807,87,4.301907,0.1056,0.0284,0.2389,,,,,/home/ojab2/work/git/vggt/vggt_outputs/ship_1_n87_s42_c0.0_p43500_random_farthestpose/eval_results.json,ship_1_n87_s42_c0.0_p43500_random_farthestpose,ship_1_n87_s42_c0.0_p43500_random_farthestpose_i87_gteval_steps15000_val_step14999.json,43500,,,,vggt | random,44587.49999999999
vggt,87,42,0.0,87000,random,,,,0,10,farthestpose,87,GT Eval,,,,,False,,,,,0.0,,False,1.0,1.0,vggt,ship,,,15000,15000,,MCMC,,,,,,,,,,,gsplat,,synthetic,20.874982833862305,0.1766097992658615,0.7013878226280212,1000000,0.008744901046156883,0.48665839433670044,0.164579838514328,0.03107651323080063,0.5941564274384186,0.24374641597878566,87000,/home/ojab2/work/git/gsplat/results/vggt_outputs/ship_1_n87_s42_c0.0_p87000_random_farthestpose_i87_gteval_steps15000/stats/val_step14999.json,/home/ojab2/work/git/gsplat/results/vggt_outputs/ship_1_n87_s42_c0.0_p87000_random_farthestpose_i87_gteval_steps15000/stats/val_step14999.json,ship_1_n87_s42_c0.0_p87000_random_farthestpose_i87_gteval_steps15000,0.4869,0.027807,87,4.301907,0.1056,0.0284,0.2389,,,,,/home/ojab2/work/git/vggt/vggt_outputs/ship_1_n87_s42_c0.0_p87000_random_farthestpose/eval_results.json,ship_1_n87_s42_c0.0_p87000_random_farthestpose,ship_1_n87_s42_c0.0_p87000_random_farthestpose_i87_gteval_steps15000_val_step14999.json,87000,,,,vggt | random,89174.99999999999
vggt,87,42,0.0,435000,random,,,,0,10,farthestpose,87,GT Eval,,,,,False,,,,,0.0,,False,1.0,1.0,vggt,ship,,,15000,15000,,MCMC,,,,,,,,,,,gsplat,,synthetic,20.87696647644043,0.17121829092502594,0.6987372636795044,1000000,0.008744901046156883,0.4866594672203064,0.16408702731132507,0.030949480831623077,0.5959712186558359,0.2427546275882973,435000,/home/ojab2/work/git/gsplat/results/vggt_outputs/ship_1_n87_s42_c0.0_p435000_random_farthestpose_i87_gteval_steps15000/stats/val_step14999.json,/home/ojab2/work/git/gsplat/results/vggt_outputs/ship_1_n87_s42_c0.0_p435000_random_farthestpose_i87_gteval_steps15000/stats/val_step14999.json,ship_1_n87_s42_c0.0_p435000_random_farthestpose_i87_gteval_steps15000,0.4869,0.027807,87,4.301907,0.1056,0.0284,0.2389,,,,,/home/ojab2/work/git/vggt/vggt_outputs/ship_1_n87_s42_c0.0_p435000_random_farthestpose/eval_results.json,ship_1_n87_s42_c0.0_p435000_random_farthestpose,ship_1_n87_s42_c0.0_p435000_random_farthestpose_i87_gteval_steps15000_val_step14999.json,435000,,,,vggt | random,445874.99999999994
vggt,87,42,0.0,870000,random,,,,0,10,farthestpose,87,GT Eval,,,,,False,,,,,0.0,,False,1.0,1.0,vggt,ship,,,15000,15000,,MCMC,,,,,,,,,,,gsplat,,synthetic,20.833980560302734,0.16736441850662231,0.697576105594635,1000000,0.008744901046156883,0.48666277527809143,0.1696406900882721,0.031946491450071335,0.5968750769476986,0.24184934636622119,870000,/home/ojab2/work/git/gsplat/results/vggt_outputs/ship_1_n87_s42_c0.0_p870000_random_farthestpose_i87_gteval_steps15000/stats/val_step14999.json,/home/ojab2/work/git/gsplat/results/vggt_outputs/ship_1_n87_s42_c0.0_p870000_random_farthestpose_i87_gteval_steps15000/stats/val_step14999.json,ship_1_n87_s42_c0.0_p870000_random_farthestpose_i87_gteval_steps15000,0.4869,0.027807,87,4.301907,0.1056,0.0284,0.2389,,,,,/home/ojab2/work/git/vggt/vggt_outputs/ship_1_n87_s42_c0.0_p870000_random_farthestpose/eval_results.json,ship_1_n87_s42_c0.0_p870000_random_farthestpose,ship_1_n87_s42_c0.0_p870000_random_farthestpose_i87_gteval_steps15000_val_step14999.json,870000,,,,vggt | random,891749.9999999999
vggt,87,42,0.0,870,voxels,,,,0,10,farthestpose,87,GT Eval,,,,,False,,,,,0.0,,False,1.0,1.0,vggt,ship,,,15000,15000,,MCMC,,,,,,,,,,,gsplat,,synthetic,20.92254066467285,0.21661879122257233,0.7180388569831848,942005,0.008744901046156883,0.4865661561489105,0.16189365088939667,0.030630437657237053,0.5800776663850544,0.2519017176589476,847,/home/ojab2/work/git/gsplat/results/vggt_outputs/ship_1_n87_s42_c0.0_p870_voxels_farthestpose_i87_gteval_steps15000/stats/val_step14999.json,/home/ojab2/work/git/gsplat/results/vggt_outputs/ship_1_n87_s42_c0.0_p870_voxels_farthestpose_i87_gteval_steps15000/stats/val_step14999.json,ship_1_n87_s42_c0.0_p870_voxels_farthestpose_i87_gteval_steps15000,0.4869,0.027807,87,4.301907,0.1056,0.0284,0.2389,,,,,/home/ojab2/work/git/vggt/vggt_outputs/ship_1_n87_s42_c0.0_p870_voxels_farthestpose/eval_results.json,ship_1_n87_s42_c0.0_p870_voxels_farthestpose,ship_1_n87_s42_c0.0_p870_voxels_farthestpose_i87_gteval_steps15000_val_step14999.json,847,,,,vggt | voxels,935.25
vggt,87,42,0.0,4350,voxels,,,,0,10,farthestpose,87,GT Eval,,,,,False,,,,,0.0,,False,1.0,1.0,vggt,ship,,,15000,15000,,MCMC,,,,,,,,,,,gsplat,,synthetic,20.867277145385742,0.19215472042560577,0.709143877029419,1000000,0.008744901046156883,0.48658689856529236,0.1684648096561432,0.03180341050028801,0.5889538034864491,0.2465517621694884,4292,/home/ojab2/work/git/gsplat/results/vggt_outputs/ship_1_n87_s42_c0.0_p4350_voxels_farthestpose_i87_gteval_steps15000/stats/val_step14999.json,/home/ojab2/work/git/gsplat/results/vggt_outputs/ship_1_n87_s42_c0.0_p4350_voxels_farthestpose_i87_gteval_steps15000/stats/val_step14999.json,ship_1_n87_s42_c0.0_p4350_voxels_farthestpose_i87_gteval_steps15000,0.4869,0.027807,87,4.301907,0.1056,0.0284,0.2389,,,,,/home/ojab2/work/git/vggt/vggt_outputs/ship_1_n87_s42_c0.0_p4350_voxels_farthestpose/eval_results.json,ship_1_n87_s42_c0.0_p4350_voxels_farthestpose,ship_1_n87_s42_c0.0_p4350_voxels_farthestpose_i87_gteval_steps15000_val_step14999.json,4292,,,,vggt | voxels,4676.25
vggt,87,42,0.0,8700,voxels,,,,0,10,farthestpose,87,GT Eval,,,,,False,,,,,0.0,,False,1.0,1.0,vggt,ship,,,15000,15000,,MCMC,,,,,,,,,,,gsplat,,synthetic,20.865747451782227,0.18705220520496368,0.7071988582611084,1000000,0.008744901046156883,0.4865912199020386,0.16563475131988525,0.031361255794763565,0.5909377387044025,0.24545196554465343,8073,/home/ojab2/work/git/gsplat/results/vggt_outputs/ship_1_n87_s42_c0.0_p8700_voxels_farthestpose_i87_gteval_steps15000/stats/val_step14999.json,/home/ojab2/work/git/gsplat/results/vggt_outputs/ship_1_n87_s42_c0.0_p8700_voxels_farthestpose_i87_gteval_steps15000/stats/val_step14999.json,ship_1_n87_s42_c0.0_p8700_voxels_farthestpose_i87_gteval_steps15000,0.4869,0.027807,87,4.301907,0.1056,0.0284,0.2389,,,,,/home/ojab2/work/git/vggt/vggt_outputs/ship_1_n87_s42_c0.0_p8700_voxels_farthestpose/eval_results.json,ship_1_n87_s42_c0.0_p8700_voxels_farthestpose,ship_1_n87_s42_c0.0_p8700_voxels_farthestpose_i87_gteval_steps15000_val_step14999.json,8073,,,,vggt | voxels,9352.5
vggt,87,42,0.0,43500,voxels,,,,0,10,farthestpose,87,GT Eval,,,,,False,,,,,0.0,,False,1.0,1.0,vggt,ship,,,15000,15000,,MCMC,,,,,,,,,,,gsplat,,synthetic,20.88624382019043,0.17885373532772064,0.7035326361656189,1000000,0.008744901046156883,0.48656508326530457,0.1629025787115097,0.030884698033332825,0.5942340954276476,0.2438319981254128,42798,/home/ojab2/work/git/gsplat/results/vggt_outputs/ship_1_n87_s42_c0.0_p43500_voxels_farthestpose_i87_gteval_steps15000/stats/val_step14999.json,/home/ojab2/work/git/gsplat/results/vggt_outputs/ship_1_n87_s42_c0.0_p43500_voxels_farthestpose_i87_gteval_steps15000/stats/val_step14999.json,ship_1_n87_s42_c0.0_p43500_voxels_farthestpose_i87_gteval_steps15000,0.4869,0.027807,87,4.301907,0.1056,0.0284,0.2389,,,,,/home/ojab2/work/git/vggt/vggt_outputs/ship_1_n87_s42_c0.0_p43500_voxels_farthestpose/eval_results.json,ship_1_n87_s42_c0.0_p43500_voxels_farthestpose,ship_1_n87_s42_c0.0_p43500_voxels_farthestpose_i87_gteval_steps15000_val_step14999.json,42798,,,,vggt | voxels,46762.5
vggt,87,42,0.0,87000,voxels,,,,0,10,farthestpose,87,GT Eval,,,,,False,,,,,0.0,,False,1.0,1.0,vggt,ship,,,15000,15000,,MCMC,,,,,,,,,,,gsplat,,synthetic,20.845224380493164,0.1763339787721634,0.7019636034965515,1000000,0.008744901046156883,0.48657098412513733,0.16318868100643158,0.030891304835677147,0.5941123184908358,0.24349751666842862,85433,/home/ojab2/work/git/gsplat/results/vggt_outputs/ship_1_n87_s42_c0.0_p87000_voxels_farthestpose_i87_gteval_steps15000/stats/val_step14999.json,/home/ojab2/work/git/gsplat/results/vggt_outputs/ship_1_n87_s42_c0.0_p87000_voxels_farthestpose_i87_gteval_steps15000/stats/val_step14999.json,ship_1_n87_s42_c0.0_p87000_voxels_farthestpose_i87_gteval_steps15000,0.4869,0.027807,87,4.301907,0.1056,0.0284,0.2389,,,,,/home/ojab2/work/git/vggt/vggt_outputs/ship_1_n87_s42_c0.0_p87000_voxels_farthestpose/eval_results.json,ship_1_n87_s42_c0.0_p87000_voxels_farthestpose,ship_1_n87_s42_c0.0_p87000_voxels_farthestpose_i87_gteval_steps15000_val_step14999.json,85433,,,,vggt | voxels,93525.0
vggt,87,42,0.0,435000,voxels,,,,0,10,farthestpose,87,GT Eval,,,,,False,,,,,0.0,,False,1.0,1.0,vggt,ship,,,15000,15000,,MCMC,,,,,,,,,,,gsplat,,synthetic,20.869861602783203,0.17208907008171082,0.6992469429969788,1000000,0.008744901046156883,0.48662567138671875,0.1631237119436264,0.030896050855517387,0.5956001870038836,0.24289451642556015,433646,/home/ojab2/work/git/gsplat/results/vggt_outputs/ship_1_n87_s42_c0.0_p435000_voxels_farthestpose_i87_gteval_steps15000/stats/val_step14999.json,/home/ojab2/work/git/gsplat/results/vggt_outputs/ship_1_n87_s42_c0.0_p435000_voxels_farthestpose_i87_gteval_steps15000/stats/val_step14999.json,ship_1_n87_s42_c0.0_p435000_voxels_farthestpose_i87_gteval_steps15000,0.4869,0.027807,87,4.301907,0.1056,0.0284,0.2389,,,,,/home/ojab2/work/git/vggt/vggt_outputs/ship_1_n87_s42_c0.0_p435000_voxels_farthestpose/eval_results.json,ship_1_n87_s42_c0.0_p435000_voxels_farthestpose,ship_1_n87_s42_c0.0_p435000_voxels_farthestpose_i87_gteval_steps15000_val_step14999.json,433646,,,,vggt | voxels,467625.0
vggt,87,42,0.0,870000,voxels,,,,0,10,farthestpose,87,GT Eval,,,,,False,,,,,0.0,,False,1.0,1.0,vggt,ship,,,15000,15000,,MCMC,,,,,,,,,,,gsplat,,synthetic,20.85219383239746,0.17169465124607086,0.6986315846443176,1000000,0.008744901046156883,0.4866853356361389,0.16276465356349945,0.03092058375477791,0.5951566158021093,0.24296108269477457,772933,/home/ojab2/work/git/gsplat/results/vggt_outputs/ship_1_n87_s42_c0.0_p870000_voxels_farthestpose_i87_gteval_steps15000/stats/val_step14999.json,/home/ojab2/work/git/gsplat/results/vggt_outputs/ship_1_n87_s42_c0.0_p870000_voxels_farthestpose_i87_gteval_steps15000/stats/val_step14999.json,ship_1_n87_s42_c0.0_p870000_voxels_farthestpose_i87_gteval_steps15000,0.4869,0.027807,87,4.301907,0.1056,0.0284,0.2389,,,,,/home/ojab2/work/git/vggt/vggt_outputs/ship_1_n87_s42_c0.0_p870000_voxels_farthestpose/eval_results.json,ship_1_n87_s42_c0.0_p870000_voxels_farthestpose,ship_1_n87_s42_c0.0_p870000_voxels_farthestpose_i87_gteval_steps15000_val_step14999.json,772933,,,,vggt | voxels,935250.0
colmap,87,42,,5146,,,,,0,10,farthestpose,87,GT Eval,,,,,False,,,,,0.0,,False,1.0,1.0,colmap,ship,pinhole,,15000,15000,default,MCMC,,,,,Shared Cam,,,,,,gsplat,,synthetic,22.400592803955078,0.14908459782600403,0.7505561709403992,1000000,0.0035610124468803406,0.2434609830379486,0.031018691137433052,0.029304901137948036,0.6681527490736681,0.21809391039233772,5146,/home/ojab2/work/git/gsplat/results/colmap_outputs/ship_1_n87_s42_default_mpinhole_farthestpose_sharedcam_i87_gteval_steps15000/stats/val_step14999.json,/home/ojab2/work/git/gsplat/results/colmap_outputs/ship_1_n87_s42_default_mpinhole_farthestpose_sharedcam_i87_gteval_steps15000/stats/val_step14999.json,ship_1_n87_s42_default_mpinhole_farthestpose_sharedcam_i87_gteval_steps15000,0.2458,0.011214,80,0.865091,,,,25.509971380233765,983,983,0.0,/home/ojab2/work/git/vggt/colmap_outputs/ship_1_n87_s42_default_mpinhole_farthestpose_sharedcam/eval_results.json,ship_1_n87_s42_default_mpinhole_farthestpose_sharedcam,ship_1_n87_s42_default_mpinhole_farthestpose_sharedcam_i87_gteval_steps15000_val_step14999.json,5146,,,,colmap | ,5789.25
vggt,87,42,,26382,ba,,,,0,10,farthestpose,87,GT Eval,,,,,False,,,,,0.0,,False,1.0,1.0,vggt,drums,pinhole,,15000,15000,,MCMC,,,,,Shared Cam,,,Use BA,aliked+sp,250,gsplat,,synthetic,18.583505630493164,0.1110665500164032,0.8146345019340515,1000000,0.003188663860782981,0.23480872809886932,0.0832841545343399,0.018742240965366364,0.6584065884952037,0.18515461849509673,26382,/home/ojab2/work/git/gsplat/results/vggt_outputs/drums_1_n87_s42_mpinhole_aliked-sp_ba_farthestpose_useba_maxba250_sharedcam_i87_gteval_steps15000/stats/val_step14999.json,/home/ojab2/work/git/gsplat/results/vggt_outputs/drums_1_n87_s42_mpinhole_aliked-sp_ba_farthestpose_useba_maxba250_sharedcam_i87_gteval_steps15000/stats/val_step14999.json,drums_1_n87_s42_mpinhole_aliked-sp_ba_farthestpose_useba_maxba250_sharedcam_i87_gteval_steps15000,0.2352,0.010833,87,3.904996,,,,,,,,/home/ojab2/work/git/vggt/vggt_outputs/drums_1_n87_s42_mpinhole_aliked-sp_ba_farthestpose_useba_maxba250_sharedcam/eval_results.json,drums_1_n87_s42_mpinhole_aliked-sp_ba_farthestpose_useba_maxba250_sharedcam,drums_1_n87_s42_mpinhole_aliked-sp_ba_farthestpose_useba_maxba250_sharedcam_i87_gteval_steps15000_val_step14999.json,26382,,,,vggt | ba,23084.25
vggt,87,42,0.0,870,confidence,,,,0,10,farthestpose,87,GT Eval,,,,,False,,,,,0.0,,False,1.0,1.0,vggt,drums,,,15000,15000,,MCMC,,,,,,,,,,,gsplat,,synthetic,19.7302303314209,0.13635464012622833,0.8394178748130798,968555,0.0029657548293471336,0.17236624658107758,0.08329597115516663,0.01883353292942047,0.6785254994524694,0.18257416725899228,870,/home/ojab2/work/git/gsplat/results/vggt_outputs/drums_1_n87_s42_c0.0_p870_confidence_farthestpose_i87_gteval_steps15000/stats/val_step14999.json,/home/ojab2/work/git/gsplat/results/vggt_outputs/drums_1_n87_s42_c0.0_p870_confidence_farthestpose_i87_gteval_steps15000/stats/val_step14999.json,drums_1_n87_s42_c0.0_p870_confidence_farthestpose_i87_gteval_steps15000,0.173,0.01002,87,3.881439,,,,,,,,/home/ojab2/work/git/vggt/vggt_outputs/drums_1_n87_s42_c0.0_p870_confidence_farthestpose/eval_results.json,drums_1_n87_s42_c0.0_p870_confidence_farthestpose,drums_1_n87_s42_c0.0_p870_confidence_farthestpose_i87_gteval_steps15000_val_step14999.json,870,,,,vggt | confidence,804.75
vggt,87,42,0.0,4350,confidence,,,,0,10,farthestpose,87,GT Eval,,,,,False,,,,,0.0,,False,1.0,1.0,vggt,drums,,,15000,15000,,MCMC,,,,,,,,,,,gsplat,,synthetic,19.66895294189453,0.11968033760786057,0.8376559615135193,1000000,0.0029657548293471336,0.17246246337890625,0.08454369008541107,0.019107244908809662,0.686653153657371,0.1777972669825258,4350,/home/ojab2/work/git/gsplat/results/vggt_outputs/drums_1_n87_s42_c0.0_p4350_confidence_farthestpose_i87_gteval_steps15000/stats/val_step14999.json,/home/ojab2/work/git/gsplat/results/vggt_outputs/drums_1_n87_s42_c0.0_p4350_confidence_farthestpose_i87_gteval_steps15000/stats/val_step14999.json,drums_1_n87_s42_c0.0_p4350_confidence_farthestpose_i87_gteval_steps15000,0.173,0.01002,87,3.881439,,,,,,,,/home/ojab2/work/git/vggt/vggt_outputs/drums_1_n87_s42_c0.0_p4350_confidence_farthestpose/eval_results.json,drums_1_n87_s42_c0.0_p4350_confidence_farthestpose,drums_1_n87_s42_c0.0_p4350_confidence_farthestpose_i87_gteval_steps15000_val_step14999.json,4350,,,,vggt | confidence,4023.75
vggt,87,42,0.0,8700,confidence,,,,0,10,farthestpose,87,GT Eval,,,,,False,,,,,0.0,,False,1.0,1.0,vggt,drums,,,15000,15000,,MCMC,,,,,,,,,,,gsplat,,synthetic,19.664770126342773,0.11611192673444748,0.837317705154419,1000000,0.0029657548293471336,0.17244942486286163,0.08278670161962509,0.01871989294886589,0.6885806061351663,0.1767511092240023,8700,/home/ojab2/work/git/gsplat/results/vggt_outputs/drums_1_n87_s42_c0.0_p8700_confidence_farthestpose_i87_gteval_steps15000/stats/val_step14999.json,/home/ojab2/work/git/gsplat/results/vggt_outputs/drums_1_n87_s42_c0.0_p8700_confidence_farthestpose_i87_gteval_steps15000/stats/val_step14999.json,drums_1_n87_s42_c0.0_p8700_confidence_farthestpose_i87_gteval_steps15000,0.173,0.01002,87,3.881439,,,,,,,,/home/ojab2/work/git/vggt/vggt_outputs/drums_1_n87_s42_c0.0_p8700_confidence_farthestpose/eval_results.json,drums_1_n87_s42_c0.0_p8700_confidence_farthestpose,drums_1_n87_s42_c0.0_p8700_confidence_farthestpose_i87_gteval_steps15000_val_step14999.json,8700,,,,vggt | confidence,8047.5
vggt,87,42,0.0,43500,confidence,,,,0,10,farthestpose,87,GT Eval,,,,,False,,,,,0.0,,False,1.0,1.0,vggt,drums,,,15000,15000,,MCMC,,,,,,,,,,,gsplat,,synthetic,19.651517868041992,0.1089560016989708,0.8361566066741943,1000000,0.0029657548293471336,0.17245447635650635,0.08251412212848663,0.01863693632185459,0.6920734266614357,0.1748557384299986,43500,/home/ojab2/work/git/gsplat/results/vggt_outputs/drums_1_n87_s42_c0.0_p43500_confidence_farthestpose_i87_gteval_steps15000/stats/val_step14999.json,/home/ojab2/work/git/gsplat/results/vggt_outputs/drums_1_n87_s42_c0.0_p43500_confidence_farthestpose_i87_gteval_steps15000/stats/val_step14999.json,drums_1_n87_s42_c0.0_p43500_confidence_farthestpose_i87_gteval_steps15000,0.173,0.01002,87,3.881439,,,,,,,,/home/ojab2/work/git/vggt/vggt_outputs/drums_1_n87_s42_c0.0_p43500_confidence_farthestpose/eval_results.json,drums_1_n87_s42_c0.0_p43500_confidence_farthestpose,drums_1_n87_s42_c0.0_p43500_confidence_farthestpose_i87_gteval_steps15000_val_step14999.json,43500,,,,vggt | confidence,40237.5
vggt,87,42,0.0,87000,confidence,,,,0,10,farthestpose,87,GT Eval,,,,,False,,,,,0.0,,False,1.0,1.0,vggt,drums,,,15000,15000,,MCMC,,,,,,,,,,,gsplat,,synthetic,19.682579040527344,0.10690177977085114,0.8362765908241272,1000000,0.0029657548293471336,0.17246799170970917,0.08272743225097656,0.01867498829960823,0.6939868379560982,0.17409584519965648,87000,/home/ojab2/work/git/gsplat/results/vggt_outputs/drums_1_n87_s42_c0.0_p87000_confidence_farthestpose_i87_gteval_steps15000/stats/val_step14999.json,/home/ojab2/work/git/gsplat/results/vggt_outputs/drums_1_n87_s42_c0.0_p87000_confidence_farthestpose_i87_gteval_steps15000/stats/val_step14999.json,drums_1_n87_s42_c0.0_p87000_confidence_farthestpose_i87_gteval_steps15000,0.173,0.01002,87,3.881439,,,,,,,,/home/ojab2/work/git/vggt/vggt_outputs/drums_1_n87_s42_c0.0_p87000_confidence_farthestpose/eval_results.json,drums_1_n87_s42_c0.0_p87000_confidence_farthestpose,drums_1_n87_s42_c0.0_p87000_confidence_farthestpose_i87_gteval_steps15000_val_step14999.json,87000,,,,vggt | confidence,80475.0
vggt,87,42,0.0,435000,confidence,,,,0,10,farthestpose,87,GT Eval,,,,,False,,,,,0.0,,False,1.0,1.0,vggt,drums,,,15000,15000,,MCMC,,,,,,,,,,,gsplat,,synthetic,19.643455505371094,0.10298817604780197,0.8345218896865845,1000000,0.0029657548293471336,0.17245425283908844,0.08373182266950607,0.018885096535086632,0.6946519917970047,0.1735445997034249,435000,/home/ojab2/work/git/gsplat/results/vggt_outputs/drums_1_n87_s42_c0.0_p435000_confidence_farthestpose_i87_gteval_steps15000/stats/val_step14999.json,/home/ojab2/work/git/gsplat/results/vggt_outputs/drums_1_n87_s42_c0.0_p435000_confidence_farthestpose_i87_gteval_steps15000/stats/val_step14999.json,drums_1_n87_s42_c0.0_p435000_confidence_farthestpose_i87_gteval_steps15000,0.173,0.01002,87,3.881439,,,,,,,,/home/ojab2/work/git/vggt/vggt_outputs/drums_1_n87_s42_c0.0_p435000_confidence_farthestpose/eval_results.json,drums_1_n87_s42_c0.0_p435000_confidence_farthestpose,drums_1_n87_s42_c0.0_p435000_confidence_farthestpose_i87_gteval_steps15000_val_step14999.json,435000,,,,vggt | confidence,402375.0
vggt,87,42,0.0,870000,confidence,,,,0,10,farthestpose,87,GT Eval,,,,,False,,,,,0.0,,False,1.0,1.0,vggt,drums,,,15000,15000,,MCMC,,,,,,,,,,,gsplat,,synthetic,19.66815757751465,0.10209494829177856,0.8348743319511414,1000000,0.0029657548293471336,0.1724478006362915,0.0827491283416748,0.018658863380551338,0.6958669193229402,0.17308185706760829,870000,/home/ojab2/work/git/gsplat/results/vggt_outputs/drums_1_n87_s42_c0.0_p870000_confidence_farthestpose_i87_gteval_steps15000/stats/val_step14999.json,/home/ojab2/work/git/gsplat/results/vggt_outputs/drums_1_n87_s42_c0.0_p870000_confidence_farthestpose_i87_gteval_steps15000/stats/val_step14999.json,drums_1_n87_s42_c0.0_p870000_confidence_farthestpose_i87_gteval_steps15000,0.173,0.01002,87,3.881439,,,,,,,,/home/ojab2/work/git/vggt/vggt_outputs/drums_1_n87_s42_c0.0_p870000_confidence_farthestpose/eval_results.json,drums_1_n87_s42_c0.0_p870000_confidence_farthestpose,drums_1_n87_s42_c0.0_p870000_confidence_farthestpose_i87_gteval_steps15000_val_step14999.json,870000,,,,vggt | confidence,804750.0
vggt,87,42,0.0,870,imagefps,,,,0,10,farthestpose,87,GT Eval,,,,,False,,,,,0.0,,False,1.0,1.0,vggt,drums,,,15000,15000,,MCMC,,,,,,,,,,,gsplat,,synthetic,19.78657341003418,0.13717444241046906,0.8405370116233826,920002,0.0029657548293471336,0.17236380279064178,0.08315906673669815,0.018787270411849022,0.6797173049753559,0.18233544071621235,827,/home/ojab2/work/git/gsplat/results/vggt_outputs/drums_1_n87_s42_c0.0_p870_imagefps_farthestpose_i87_gteval_steps15000/stats/val_step14999.json,/home/ojab2/work/git/gsplat/results/vggt_outputs/drums_1_n87_s42_c0.0_p870_imagefps_farthestpose_i87_gteval_steps15000/stats/val_step14999.json,drums_1_n87_s42_c0.0_p870_imagefps_farthestpose_i87_gteval_steps15000,0.173,0.01002,87,3.881439,,,,,,,,/home/ojab2/work/git/vggt/vggt_outputs/drums_1_n87_s42_c0.0_p870_imagefps_farthestpose/eval_results.json,drums_1_n87_s42_c0.0_p870_imagefps_farthestpose,drums_1_n87_s42_c0.0_p870_imagefps_farthestpose_i87_gteval_steps15000_val_step14999.json,827,,,,vggt | imagefps,848.25
vggt,87,42,0.0,4350,imagefps,,,,0,10,farthestpose,87,GT Eval,,,,,False,,,,,0.0,,False,1.0,1.0,vggt,drums,,,15000,15000,,MCMC,,,,,,,,,,,gsplat,,synthetic,19.699569702148438,0.11938609182834625,0.8385370969772339,1000000,0.0029657548293471336,0.17237135767936707,0.08247371762990952,0.018636126071214676,0.6879170477932501,0.1773089381721095,4304,/home/ojab2/work/git/gsplat/results/vggt_outputs/drums_1_n87_s42_c0.0_p4350_imagefps_farthestpose_i87_gteval_steps15000/stats/val_step14999.json,/home/ojab2/work/git/gsplat/results/vggt_outputs/drums_1_n87_s42_c0.0_p4350_imagefps_farthestpose_i87_gteval_steps15000/stats/val_step14999.json,drums_1_n87_s42_c0.0_p4350_imagefps_farthestpose_i87_gteval_steps15000,0.173,0.01002,87,3.881439,,,,,,,,/home/ojab2/work/git/vggt/vggt_outputs/drums_1_n87_s42_c0.0_p4350_imagefps_farthestpose/eval_results.json,drums_1_n87_s42_c0.0_p4350_imagefps_farthestpose,drums_1_n87_s42_c0.0_p4350_imagefps_farthestpose_i87_gteval_steps15000_val_step14999.json,4304,,,,vggt | imagefps,4241.25
vggt,87,42,0.0,8700,imagefps,,,,0,10,farthestpose,87,GT Eval,,,,,False,,,,,0.0,,False,1.0,1.0,vggt,drums,,,15000,15000,,MCMC,,,,,,,,,,,gsplat,,synthetic,19.671777725219727,0.11581197381019592,0.837512195110321,1000000,0.0029657548293471336,0.17241334915161133,0.08397025614976883,0.018961317837238312,0.6890092694271377,0.17656492879115598,8652,/home/ojab2/work/git/gsplat/results/vggt_outputs/drums_1_n87_s42_c0.0_p8700_imagefps_farthestpose_i87_gteval_steps15000/stats/val_step14999.json,/home/ojab2/work/git/gsplat/results/vggt_outputs/drums_1_n87_s42_c0.0_p8700_imagefps_farthestpose_i87_gteval_steps15000/stats/val_step14999.json,drums_1_n87_s42_c0.0_p8700_imagefps_farthestpose_i87_gteval_steps15000,0.173,0.01002,87,3.881439,,,,,,,,/home/ojab2/work/git/vggt/vggt_outputs/drums_1_n87_s42_c0.0_p8700_imagefps_farthestpose/eval_results.json,drums_1_n87_s42_c0.0_p8700_imagefps_farthestpose,drums_1_n87_s42_c0.0_p8700_imagefps_farthestpose_i87_gteval_steps15000_val_step14999.json,8652,,,,vggt | imagefps,8482.5
vggt,87,42,0.0,43500,imagefps,,,,0,10,farthestpose,87,GT Eval,,,,,False,,,,,0.0,,False,1.0,1.0,vggt,drums,,,15000,15000,,MCMC,,,,,,,,,,,gsplat,,synthetic,19.673831939697266,0.10908649861812592,0.8361718654632568,1000000,0.0029657548293471336,0.17231981456279755,0.08350379765033722,0.018833409994840622,0.6924150198252654,0.17487444444802494,43453,/home/ojab2/work/git/gsplat/results/vggt_outputs/drums_1_n87_s42_c0.0_p43500_imagefps_farthestpose_i87_gteval_steps15000/stats/val_step14999.json,/home/ojab2/work/git/gsplat/results/vggt_outputs/drums_1_n87_s42_c0.0_p43500_imagefps_farthestpose_i87_gteval_steps15000/stats/val_step14999.json,drums_1_n87_s42_c0.0_p43500_imagefps_farthestpose_i87_gteval_steps15000,0.173,0.01002,87,3.881439,,,,,,,,/home/ojab2/work/git/vggt/vggt_outputs/drums_1_n87_s42_c0.0_p43500_imagefps_farthestpose/eval_results.json,drums_1_n87_s42_c0.0_p43500_imagefps_farthestpose,drums_1_n87_s42_c0.0_p43500_imagefps_farthestpose_i87_gteval_steps15000_val_step14999.json,43453,,,,vggt | imagefps,42412.5
vggt,87,42,0.0,87000,imagefps,,,,0,10,farthestpose,87,GT Eval,,,,,False,,,,,0.0,,False,1.0,1.0,vggt,drums,,,15000,15000,,MCMC,,,,,,,,,,,gsplat,,synthetic,19.636329650878906,0.10716751962900162,0.8352802991867065,1000000,0.0029657548293471336,0.1722947508096695,0.08325371891260147,0.018786201253533363,0.6923837041393976,0.17463257019136003,86955,/home/ojab2/work/git/gsplat/results/vggt_outputs/drums_1_n87_s42_c0.0_p87000_imagefps_farthestpose_i87_gteval_steps15000/stats/val_step14999.json,/home/ojab2/work/git/gsplat/results/vggt_outputs/drums_1_n87_s42_c0.0_p87000_imagefps_farthestpose_i87_gteval_steps15000/stats/val_step14999.json,drums_1_n87_s42_c0.0_p87000_imagefps_farthestpose_i87_gteval_steps15000,0.173,0.01002,87,3.881439,,,,,,,,/home/ojab2/work/git/vggt/vggt_outputs/drums_1_n87_s42_c0.0_p87000_imagefps_farthestpose/eval_results.json,drums_1_n87_s42_c0.0_p87000_imagefps_farthestpose,drums_1_n87_s42_c0.0_p87000_imagefps_farthestpose_i87_gteval_steps15000_val_step14999.json,86955,,,,vggt | imagefps,84825.0
vggt,87,42,0.0,435000,imagefps,,,,0,10,farthestpose,87,GT Eval,,,,,False,,,,,0.0,,False,1.0,1.0,vggt,drums,,,15000,15000,,MCMC,,,,,,,,,,,gsplat,,synthetic,19.64913558959961,0.10315567255020142,0.8343105912208557,1000000,0.0029657548293471336,0.17227065563201904,0.08334226161241531,0.018736468628048897,0.6945302192850341,0.17368224617923045,434953,/home/ojab2/work/git/gsplat/results/vggt_outputs/drums_1_n87_s42_c0.0_p435000_imagefps_farthestpose_i87_gteval_steps15000/stats/val_step14999.json,/home/ojab2/work/git/gsplat/results/vggt_outputs/drums_1_n87_s42_c0.0_p435000_imagefps_farthestpose_i87_gteval_steps15000/stats/val_step14999.json,drums_1_n87_s42_c0.0_p435000_imagefps_farthestpose_i87_gteval_steps15000,0.173,0.01002,87,3.881439,,,,,,,,/home/ojab2/work/git/vggt/vggt_outputs/drums_1_n87_s42_c0.0_p435000_imagefps_farthestpose/eval_results.json,drums_1_n87_s42_c0.0_p435000_imagefps_farthestpose,drums_1_n87_s42_c0.0_p435000_imagefps_farthestpose_i87_gteval_steps15000_val_step14999.json,434953,,,,vggt | imagefps,424125.0
vggt,87,42,0.0,870000,imagefps,,,,0,10,farthestpose,87,GT Eval,,,,,False,,,,,0.0,,False,1.0,1.0,vggt,drums,,,15000,15000,,MCMC,,,,,,,,,,,gsplat,,synthetic,19.652835845947266,0.10257615149021149,0.834069013595581,1000000,0.0029657548293471336,0.1722782403230667,0.08267797529697418,0.01856599561870098,0.694815198135035,0.17358487282689034,869951,/home/ojab2/work/git/gsplat/results/vggt_outputs/drums_1_n87_s42_c0.0_p870000_imagefps_farthestpose_i87_gteval_steps15000/stats/val_step14999.json,/home/ojab2/work/git/gsplat/results/vggt_outputs/drums_1_n87_s42_c0.0_p870000_imagefps_farthestpose_i87_gteval_steps15000/stats/val_step14999.json,drums_1_n87_s42_c0.0_p870000_imagefps_farthestpose_i87_gteval_steps15000,0.173,0.01002,87,3.881439,,,,,,,,/home/ojab2/work/git/vggt/vggt_outputs/drums_1_n87_s42_c0.0_p870000_imagefps_farthestpose/eval_results.json,drums_1_n87_s42_c0.0_p870000_imagefps_farthestpose,drums_1_n87_s42_c0.0_p870000_imagefps_farthestpose_i87_gteval_steps15000_val_step14999.json,869951,,,,vggt | imagefps,848250.0
vggt,87,42,0.0,870,random,,,,0,10,farthestpose,87,GT Eval,,,,,False,,,,,0.0,,False,1.0,1.0,vggt,drums,,,15000,15000,,MCMC,,,,,,,,,,,gsplat,,synthetic,19.729408264160156,0.13539789617061615,0.8396138548851013,968555,0.0029657548293471336,0.17237773537635803,0.0838279202580452,0.018965445458889008,0.6792154669025798,0.182174388962635,870,/home/ojab2/work/git/gsplat/results/vggt_outputs/drums_1_n87_s42_c0.0_p870_random_farthestpose_i87_gteval_steps15000/stats/val_step14999.json,/home/ojab2/work/git/gsplat/results/vggt_outputs/drums_1_n87_s42_c0.0_p870_random_farthestpose_i87_gteval_steps15000/stats/val_step14999.json,drums_1_n87_s42_c0.0_p870_random_farthestpose_i87_gteval_steps15000,0.173,0.01002,87,3.881439,,,,,,,,/home/ojab2/work/git/vggt/vggt_outputs/drums_1_n87_s42_c0.0_p870_random_farthestpose/eval_results.json,drums_1_n87_s42_c0.0_p870_random_farthestpose,drums_1_n87_s42_c0.0_p870_random_farthestpose_i87_gteval_steps15000_val_step14999.json,870,,,,vggt | random,891.7499999999999
vggt,87,42,0.0,4350,random,,,,0,10,farthestpose,87,GT Eval,,,,,False,,,,,0.0,,False,1.0,1.0,vggt,drums,,,15000,15000,,MCMC,,,,,,,,,,,gsplat,,synthetic,19.66925811767578,0.12036142498254776,0.8374549746513367,1000000,0.0029657548293471336,0.1724330186843872,0.0843658447265625,0.019072026014328003,0.68612084457865,0.17810715536287916,4350,/home/ojab2/work/git/gsplat/results/vggt_outputs/drums_1_n87_s42_c0.0_p4350_random_farthestpose_i87_gteval_steps15000/stats/val_step14999.json,/home/ojab2/work/git/gsplat/results/vggt_outputs/drums_1_n87_s42_c0.0_p4350_random_farthestpose_i87_gteval_steps15000/stats/val_step14999.json,drums_1_n87_s42_c0.0_p4350_random_farthestpose_i87_gteval_steps15000,0.173,0.01002,87,3.881439,,,,,,,,/home/ojab2/work/git/vggt/vggt_outputs/drums_1_n87_s42_c0.0_p4350_random_farthestpose/eval_results.json,drums_1_n87_s42_c0.0_p4350_random_farthestpose,drums_1_n87_s42_c0.0_p4350_random_farthestpose_i87_gteval_steps15000_val_step14999.json,4350,,,,vggt | random,4458.75
vggt,87,42,0.0,8700,random,,,,0,10,farthestpose,87,GT Eval,,,,,False,,,,,0.0,,False,1.0,1.0,vggt,drums,,,15000,15000,,MCMC,,,,,,,,,,,gsplat,,synthetic,19.666784286499023,0.1157253086566925,0.8373401761054993,1000000,0.0029657548293471336,0.17237208783626556,0.08371993154287338,0.018911322578787804,0.6888696994388003,0.17661128122929542,8700,/home/ojab2/work/git/gsplat/results/vggt_outputs/drums_1_n87_s42_c0.0_p8700_random_farthestpose_i87_gteval_steps15000/stats/val_step14999.json,/home/ojab2/work/git/gsplat/results/vggt_outputs/drums_1_n87_s42_c0.0_p8700_random_farthestpose_i87_gteval_steps15000/stats/val_step14999.json,drums_1_n87_s42_c0.0_p8700_random_farthestpose_i87_gteval_steps15000,0.173,0.01002,87,3.881439,,,,,,,,/home/ojab2/work/git/vggt/vggt_outputs/drums_1_n87_s42_c0.0_p8700_random_farthestpose/eval_results.json,drums_1_n87_s42_c0.0_p8700_random_farthestpose,drums_1_n87_s42_c0.0_p8700_random_farthestpose_i87_gteval_steps15000_val_step14999.json,8700,,,,vggt | random,8917.5
vggt,87,42,0.0,43500,random,,,,0,10,farthestpose,87,GT Eval,,,,,False,,,,,0.0,,False,1.0,1.0,vggt,drums,,,15000,15000,,MCMC,,,,,,,,,,,gsplat,,synthetic,19.64861297607422,0.10844607651233673,0.8361583352088928,1000000,0.0029657548293471336,0.17235761880874634,0.08275634795427322,0.01867126300930977,0.6923354118384657,0.17468746831361762,43500,/home/ojab2/work/git/gsplat/results/vggt_outputs/drums_1_n87_s42_c0.0_p43500_random_farthestpose_i87_gteval_steps15000/stats/val_step14999.json,/home/ojab2/work/git/gsplat/results/vggt_outputs/drums_1_n87_s42_c0.0_p43500_random_farthestpose_i87_gteval_steps15000/stats/val_step14999.json,drums_1_n87_s42_c0.0_p43500_random_farthestpose_i87_gteval_steps15000,0.173,0.01002,87,3.881439,,,,,,,,/home/ojab2/work/git/vggt/vggt_outputs/drums_1_n87_s42_c0.0_p43500_random_farthestpose/eval_results.json,drums_1_n87_s42_c0.0_p43500_random_farthestpose,drums_1_n87_s42_c0.0_p43500_random_farthestpose_i87_gteval_steps15000_val_step14999.json,43500,,,,vggt | random,44587.49999999999
vggt,87,42,0.0,87000,random,,,,0,10,farthestpose,87,GT Eval,,,,,False,,,,,0.0,,False,1.0,1.0,vggt,drums,,,15000,15000,,MCMC,,,,,,,,,,,gsplat,,synthetic,19.67629051208496,0.10622599720954895,0.8359296321868896,1000000,0.0029657548293471336,0.17234598100185394,0.0829361230134964,0.018717458471655846,0.6940846336670244,0.1740186178598428,87000,/home/ojab2/work/git/gsplat/results/vggt_outputs/drums_1_n87_s42_c0.0_p87000_random_farthestpose_i87_gteval_steps15000/stats/val_step14999.json,/home/ojab2/work/git/gsplat/results/vggt_outputs/drums_1_n87_s42_c0.0_p87000_random_farthestpose_i87_gteval_steps15000/stats/val_step14999.json,drums_1_n87_s42_c0.0_p87000_random_farthestpose_i87_gteval_steps15000,0.173,0.01002,87,3.881439,,,,,,,,/home/ojab2/work/git/vggt/vggt_outputs/drums_1_n87_s42_c0.0_p87000_random_farthestpose/eval_results.json,drums_1_n87_s42_c0.0_p87000_random_farthestpose,drums_1_n87_s42_c0.0_p87000_random_farthestpose_i87_gteval_steps15000_val_step14999.json,87000,,,,vggt | random,89174.99999999999
vggt,87,42,0.0,435000,random,,,,0,10,farthestpose,87,GT Eval,,,,,False,,,,,0.0,,False,1.0,1.0,vggt,drums,,,15000,15000,,MCMC,,,,,,,,,,,gsplat,,synthetic,19.641159057617188,0.10259675234556198,0.8342053890228271,1000000,0.0029657548293471336,0.1723247766494751,0.08272997289896011,0.01863991841673851,0.6946659964485706,0.17354565115171675,435000,/home/ojab2/work/git/gsplat/results/vggt_outputs/drums_1_n87_s42_c0.0_p435000_random_farthestpose_i87_gteval_steps15000/stats/val_step14999.json,/home/ojab2/work/git/gsplat/results/vggt_outputs/drums_1_n87_s42_c0.0_p435000_random_farthestpose_i87_gteval_steps15000/stats/val_step14999.json,drums_1_n87_s42_c0.0_p435000_random_farthestpose_i87_gteval_steps15000,0.173,0.01002,87,3.881439,,,,,,,,/home/ojab2/work/git/vggt/vggt_outputs/drums_1_n87_s42_c0.0_p435000_random_farthestpose/eval_results.json,drums_1_n87_s42_c0.0_p435000_random_farthestpose,drums_1_n87_s42_c0.0_p435000_random_farthestpose_i87_gteval_steps15000_val_step14999.json,435000,,,,vggt | random,445874.99999999994
vggt,87,42,0.0,870000,random,,,,0,10,farthestpose,87,GT Eval,,,,,False,,,,,0.0,,False,1.0,1.0,vggt,drums,,,15000,15000,,MCMC,,,,,,,,,,,gsplat,,synthetic,19.656919479370117,0.10183025151491165,0.8342623114585876,1000000,0.0029657548293471336,0.17232300341129303,0.08166278898715973,0.018370777368545532,0.6954642927456862,0.17325373464550634,870000,/home/ojab2/work/git/gsplat/results/vggt_outputs/drums_1_n87_s42_c0.0_p870000_random_farthestpose_i87_gteval_steps15000/stats/val_step14999.json,/home/ojab2/work/git/gsplat/results/vggt_outputs/drums_1_n87_s42_c0.0_p870000_random_farthestpose_i87_gteval_steps15000/stats/val_step14999.json,drums_1_n87_s42_c0.0_p870000_random_farthestpose_i87_gteval_steps15000,0.173,0.01002,87,3.881439,,,,,,,,/home/ojab2/work/git/vggt/vggt_outputs/drums_1_n87_s42_c0.0_p870000_random_farthestpose/eval_results.json,drums_1_n87_s42_c0.0_p870000_random_farthestpose,drums_1_n87_s42_c0.0_p870000_random_farthestpose_i87_gteval_steps15000_val_step14999.json,870000,,,,vggt | random,891749.9999999999
vggt,87,42,0.0,870,voxels,,,,0,10,farthestpose,87,GT Eval,,,,,False,,,,,0.0,,False,1.0,1.0,vggt,drums,,,15000,15000,,MCMC,,,,,,,,,,,gsplat,,synthetic,19.769947052001953,0.13719666004180908,0.8403894305229187,928786,0.0029657548293471336,0.17222747206687927,0.08174831420183182,0.018475379794836044,0.6793093901318803,0.18241785761214224,835,/home/ojab2/work/git/gsplat/results/vggt_outputs/drums_1_n87_s42_c0.0_p870_voxels_farthestpose_i87_gteval_steps15000/stats/val_step14999.json,/home/ojab2/work/git/gsplat/results/vggt_outputs/drums_1_n87_s42_c0.0_p870_voxels_farthestpose_i87_gteval_steps15000/stats/val_step14999.json,drums_1_n87_s42_c0.0_p870_voxels_farthestpose_i87_gteval_steps15000,0.173,0.01002,87,3.881439,,,,,,,,/home/ojab2/work/git/vggt/vggt_outputs/drums_1_n87_s42_c0.0_p870_voxels_farthestpose/eval_results.json,drums_1_n87_s42_c0.0_p870_voxels_farthestpose,drums_1_n87_s42_c0.0_p870_voxels_farthestpose_i87_gteval_steps15000_val_step14999.json,835,,,,vggt | voxels,935.25
vggt,87,42,0.0,4350,voxels,,,,0,10,farthestpose,87,GT Eval,,,,,False,,,,,0.0,,False,1.0,1.0,vggt,drums,,,15000,15000,,MCMC,,,,,,,,,,,gsplat,,synthetic,19.675601959228516,0.11957711726427078,0.8383272886276245,1000000,0.0029657548293471336,0.17227929830551147,0.0848398506641388,0.019194617867469788,0.6872325888250925,0.1774793763205598,4016,/home/ojab2/work/git/gsplat/results/vggt_outputs/drums_1_n87_s42_c0.0_p4350_voxels_farthestpose_i87_gteval_steps15000/stats/val_step14999.json,/home/ojab2/work/git/gsplat/results/vggt_outputs/drums_1_n87_s42_c0.0_p4350_voxels_farthestpose_i87_gteval_steps15000/stats/val_step14999.json,drums_1_n87_s42_c0.0_p4350_voxels_farthestpose_i87_gteval_steps15000,0.173,0.01002,87,3.881439,,,,,,,,/home/ojab2/work/git/vggt/vggt_outputs/drums_1_n87_s42_c0.0_p4350_voxels_farthestpose/eval_results.json,drums_1_n87_s42_c0.0_p4350_voxels_farthestpose,drums_1_n87_s42_c0.0_p4350_voxels_farthestpose_i87_gteval_steps15000_val_step14999.json,4016,,,,vggt | voxels,4676.25
vggt,87,42,0.0,8700,voxels,,,,0,10,farthestpose,87,GT Eval,,,,,False,,,,,0.0,,False,1.0,1.0,vggt,drums,,,15000,15000,,MCMC,,,,,,,,,,,gsplat,,synthetic,19.649755477905273,0.11579854786396027,0.837120532989502,1000000,0.0029657548293471336,0.1722850203514099,0.08484955132007599,0.019181275740265846,0.688380695477641,0.1767405703890012,8640,/home/ojab2/work/git/gsplat/results/vggt_outputs/drums_1_n87_s42_c0.0_p8700_voxels_farthestpose_i87_gteval_steps15000/stats/val_step14999.json,/home/ojab2/work/git/gsplat/results/vggt_outputs/drums_1_n87_s42_c0.0_p8700_voxels_farthestpose_i87_gteval_steps15000/stats/val_step14999.json,drums_1_n87_s42_c0.0_p8700_voxels_farthestpose_i87_gteval_steps15000,0.173,0.01002,87,3.881439,,,,,,,,/home/ojab2/work/git/vggt/vggt_outputs/drums_1_n87_s42_c0.0_p8700_voxels_farthestpose/eval_results.json,drums_1_n87_s42_c0.0_p8700_voxels_farthestpose,drums_1_n87_s42_c0.0_p8700_voxels_farthestpose_i87_gteval_steps15000_val_step14999.json,8640,,,,vggt | voxels,9352.5
vggt,87,42,0.0,43500,voxels,,,,0,10,farthestpose,87,GT Eval,,,,,False,,,,,0.0,,False,1.0,1.0,vggt,drums,,,15000,15000,,MCMC,,,,,,,,,,,gsplat,,synthetic,19.649368286132812,0.10867449641227722,0.8362057209014893,1000000,0.0029657548293471336,0.17223377525806427,0.08410827070474625,0.018991723656654358,0.6922361100548812,0.17474346715493252,42384,/home/ojab2/work/git/gsplat/results/vggt_outputs/drums_1_n87_s42_c0.0_p43500_voxels_farthestpose_i87_gteval_steps15000/stats/val_step14999.json,/home/ojab2/work/git/gsplat/results/vggt_outputs/drums_1_n87_s42_c0.0_p43500_voxels_farthestpose_i87_gteval_steps15000/stats/val_step14999.json,drums_1_n87_s42_c0.0_p43500_voxels_farthestpose_i87_gteval_steps15000,0.173,0.01002,87,3.881439,,,,,,,,/home/ojab2/work/git/vggt/vggt_outputs/drums_1_n87_s42_c0.0_p43500_voxels_farthestpose/eval_results.json,drums_1_n87_s42_c0.0_p43500_voxels_farthestpose,drums_1_n87_s42_c0.0_p43500_voxels_farthestpose_i87_gteval_steps15000_val_step14999.json,42384,,,,vggt | voxels,46762.5
vggt,87,42,0.0,87000,voxels,,,,0,10,farthestpose,87,GT Eval,,,,,False,,,,,0.0,,False,1.0,1.0,vggt,drums,,,15000,15000,,MCMC,,,,,,,,,,,gsplat,,synthetic,19.638874053955078,0.10592237114906311,0.8353294730186462,1000000,0.0029657548293471336,0.17223484814167023,0.08381874859333038,0.018908139318227768,0.6932281895145491,0.17419520290948576,85509,/home/ojab2/work/git/gsplat/results/vggt_outputs/drums_1_n87_s42_c0.0_p87000_voxels_farthestpose_i87_gteval_steps15000/stats/val_step14999.json,/home/ojab2/work/git/gsplat/results/vggt_outputs/drums_1_n87_s42_c0.0_p87000_voxels_farthestpose_i87_gteval_steps15000/stats/val_step14999.json,drums_1_n87_s42_c0.0_p87000_voxels_farthestpose_i87_gteval_steps15000,0.173,0.01002,87,3.881439,,,,,,,,/home/ojab2/work/git/vggt/vggt_outputs/drums_1_n87_s42_c0.0_p87000_voxels_farthestpose/eval_results.json,drums_1_n87_s42_c0.0_p87000_voxels_farthestpose,drums_1_n87_s42_c0.0_p87000_voxels_farthestpose_i87_gteval_steps15000_val_step14999.json,85509,,,,vggt | voxels,93525.0
vggt,87,42,0.0,435000,voxels,,,,0,10,farthestpose,87,GT Eval,,,,,False,,,,,0.0,,False,1.0,1.0,vggt,drums,,,15000,15000,,MCMC,,,,,,,,,,,gsplat,,synthetic,19.64775276184082,0.10318596661090851,0.8346594572067261,1000000,0.0029657548293471336,0.17230123281478882,0.08356720209121704,0.018835952505469322,0.694689926522517,0.17355057643553629,378052,/home/ojab2/work/git/gsplat/results/vggt_outputs/drums_1_n87_s42_c0.0_p435000_voxels_farthestpose_i87_gteval_steps15000/stats/val_step14999.json,/home/ojab2/work/git/gsplat/results/vggt_outputs/drums_1_n87_s42_c0.0_p435000_voxels_farthestpose_i87_gteval_steps15000/stats/val_step14999.json,drums_1_n87_s42_c0.0_p435000_voxels_farthestpose_i87_gteval_steps15000,0.173,0.01002,87,3.881439,,,,,,,,/home/ojab2/work/git/vggt/vggt_outputs/drums_1_n87_s42_c0.0_p435000_voxels_farthestpose/eval_results.json,drums_1_n87_s42_c0.0_p435000_voxels_farthestpose,drums_1_n87_s42_c0.0_p435000_voxels_farthestpose_i87_gteval_steps15000_val_step14999.json,378052,,,,vggt | voxels,467625.0
vggt,87,42,0.0,870000,voxels,,,,0,10,farthestpose,87,GT Eval,,,,,False,,,,,0.0,,False,1.0,1.0,vggt,drums,,,15000,15000,,MCMC,,,,,,,,,,,gsplat,,synthetic,19.665695190429688,0.10247674584388733,0.8347083926200867,1000000,0.0029657548293471336,0.1723460555076599,0.08322936296463013,0.018758688122034073,0.6954886015163295,0.1732792062484036,707287,/home/ojab2/work/git/gsplat/results/vggt_outputs/drums_1_n87_s42_c0.0_p870000_voxels_farthestpose_i87_gteval_steps15000/stats/val_step14999.json,/home/ojab2/work/git/gsplat/results/vggt_outputs/drums_1_n87_s42_c0.0_p870000_voxels_farthestpose_i87_gteval_steps15000/stats/val_step14999.json,drums_1_n87_s42_c0.0_p870000_voxels_farthestpose_i87_gteval_steps15000,0.173,0.01002,87,3.881439,,,,,,,,/home/ojab2/work/git/vggt/vggt_outputs/drums_1_n87_s42_c0.0_p870000_voxels_farthestpose/eval_results.json,drums_1_n87_s42_c0.0_p870000_voxels_farthestpose,drums_1_n87_s42_c0.0_p870000_voxels_farthestpose_i87_gteval_steps15000_val_step14999.json,707287,,,,vggt | voxels,935250.0
colmap,87,42,,3866,,,,,0,10,farthestpose,87,GT Eval,,,,,False,,,,,0.0,,False,1.0,1.0,colmap,drums,pinhole,,15000,15000,default,MCMC,,,,,Shared Cam,,,,,,gsplat,,synthetic,22.46944808959961,0.09344673901796341,0.898908793926239,1000000,0.0029796594753861427,0.1518741101026535,0.016105035319924355,0.016583064571022987,0.7905281241196481,0.13901942819483265,3866,/home/ojab2/work/git/gsplat/results/colmap_outputs/drums_1_n87_s42_default_mpinhole_farthestpose_sharedcam_i87_gteval_steps15000/stats/val_step14999.json,/home/ojab2/work/git/gsplat/results/colmap_outputs/drums_1_n87_s42_default_mpinhole_farthestpose_sharedcam_i87_gteval_steps15000/stats/val_step14999.json,drums_1_n87_s42_default_mpinhole_farthestpose_sharedcam_i87_gteval_steps15000,0.1528,0.009899,79,0.837402,,,,70.49110555648804,6778,6778,0.0,/home/ojab2/work/git/vggt/colmap_outputs/drums_1_n87_s42_default_mpinhole_farthestpose_sharedcam/eval_results.json,drums_1_n87_s42_default_mpinhole_farthestpose_sharedcam,drums_1_n87_s42_default_mpinhole_farthestpose_sharedcam_i87_gteval_steps15000_val_step14999.json,3866,,,,colmap | ,4349.25
