method,num_images,seed,conf_thres_value,num_points,sampling_mode,near_filtering_strength,near_filtering_quorum,reconstruct_pose_opt,optimisation_iterations,optimisation_neighbourhood,image_mode,num_cameras,gt_eval,use_gt_extrinsics,use_gt_intrinsics,use_gt_points,pose_opt,pose_opt_module,eval_opt,depth_loss_mode,error_opa,depth_lambda,depth_conf_mode,choice,dataset,camera_type,copy_mode,val_step,num_steps,colmap_mode,splatting_strategy,camera_src,pcd_src,align_mode,align_glue,shared_camera,keep_backup_cams,random_init,use_ba,feature_extractor,max_ba_iterations,source,psnr,lpips,ssim,num_GS,eval_rte,eval_rre,depth_l1,depth_abs_rel,quality,avge,real_num_points,file_path,gsplat_file_path,folder,rre,rte,num_aligned,pred_depth_l1,pred_depth_absrel,pred_depth_rmse,sfm_file_path,input_folder,output_folder,initial_points,plot_series,num_points_jitter
vggt,100,42,,23220,ba,,,,0,10,farthestpose,100,GT Eval,GT Extrinsics,GT Intrinsics,,,,,,,0.0,,vggt,bonsai,radial,,15000,15000,,MCMC,,,,,Shared Cam,,,Use BA,aliked+sp,250,gsplat,26.778026580810547,0.21374230086803436,0.8574769496917725,1000000,2.65885362678799e-16,9.840973689279053e-07,,,0.7718309463619644,0.19778814870917608,23220,/home/ojab2/work/git/gsplat/results/vggt_outputs/bonsai_2_n100_s42_mradial_aliked-sp_ba_farthestpose_useba_maxba250_sharedcam_i100_gteval_gtext_gtint_steps15000/stats/val_step14999.json,/home/ojab2/work/git/gsplat/results/vggt_outputs/bonsai_2_n100_s42_mradial_aliked-sp_ba_farthestpose_useba_maxba250_sharedcam_i100_gteval_gtext_gtint_steps15000/stats/val_step14999.json,bonsai_2_n100_s42_mradial_aliked-sp_ba_farthestpose_useba_maxba250_sharedcam_i100_gteval_gtext_gtint_steps15000,0.5792,0.034349,100,,,,/home/ojab2/work/git/vggt/vggt_outputs/bonsai_2_n100_s42_mradial_aliked-sp_ba_farthestpose_useba_maxba250_sharedcam/eval_results.json,bonsai_2_n100_s42_mradial_aliked-sp_ba_farthestpose_useba_maxba250_sharedcam,bonsai_2_n100_s42_mradial_aliked-sp_ba_farthestpose_useba_maxba250_sharedcam_i100_gteval_gtext_gtint_steps15000_val_step14999.json,23220,vggt | ba,20317.5
vggt,100,42,,23814,ba,,,,0,10,farthestpose,100,GT Eval,GT Extrinsics,GT Intrinsics,,,,,,,0.0,,vggt,bicycle,radial,,15000,15000,,MCMC,,,,,Shared Cam,,,Use BA,aliked+sp,250,gsplat,22.958209991455078,0.36893218755722046,0.5999897122383118,1000000,3.4651601711471194e-16,1.2836160294682486e-06,,,0.4547200439191624,0.3354853948695918,23814,/home/ojab2/work/git/gsplat/results/vggt_outputs/bicycle_4_n100_s42_mradial_aliked-sp_ba_farthestpose_useba_maxba250_sharedcam_i100_gteval_gtext_gtint_steps15000/stats/val_step14999.json,/home/ojab2/work/git/gsplat/results/vggt_outputs/bicycle_4_n100_s42_mradial_aliked-sp_ba_farthestpose_useba_maxba250_sharedcam_i100_gteval_gtext_gtint_steps15000/stats/val_step14999.json,bicycle_4_n100_s42_mradial_aliked-sp_ba_farthestpose_useba_maxba250_sharedcam_i100_gteval_gtext_gtint_steps15000,0.5899,0.03799,100,,,,/home/ojab2/work/git/vggt/vggt_outputs/bicycle_4_n100_s42_mradial_aliked-sp_ba_farthestpose_useba_maxba250_sharedcam/eval_results.json,bicycle_4_n100_s42_mradial_aliked-sp_ba_farthestpose_useba_maxba250_sharedcam,bicycle_4_n100_s42_mradial_aliked-sp_ba_farthestpose_useba_maxba250_sharedcam_i100_gteval_gtext_gtint_steps15000_val_step14999.json,23814,vggt | ba,20837.25
vggt,87,42,0.0,870,confidence,,,,0,10,farthestpose,87,GT Eval,GT Extrinsics,GT Intrinsics,,,,,,,0.0,,vggt,lego,,,15000,15000,,MCMC,,,,,,,,,,,gsplat,31.848735809326172,0.04916917905211449,0.9691230058670044,968555,2.3434630264602193e-16,0.00996820256114006,0.08376051485538483,0.019735058769583702,1.032611407242749,0.0751803359927136,870,/home/ojab2/work/git/gsplat/results/vggt_outputs/lego_1_n87_s42_c0.0_p870_confidence_farthestpose_i87_gteval_gtext_gtint_steps15000/stats/val_step14999.json,/home/ojab2/work/git/gsplat/results/vggt_outputs/lego_1_n87_s42_c0.0_p870_confidence_farthestpose_i87_gteval_gtext_gtint_steps15000/stats/val_step14999.json,lego_1_n87_s42_c0.0_p870_confidence_farthestpose_i87_gteval_gtext_gtint_steps15000,0.3306,0.018825,87,0.0469,0.0133,0.1174,/home/ojab2/work/git/vggt/vggt_outputs/lego_1_n87_s42_c0.0_p870_confidence_farthestpose/eval_results.json,lego_1_n87_s42_c0.0_p870_confidence_farthestpose,lego_1_n87_s42_c0.0_p870_confidence_farthestpose_i87_gteval_gtext_gtint_steps15000_val_step14999.json,870,vggt | confidence,804.75
vggt,100,42,0.0,1000,confidence,,,,0,10,farthestpose,100,GT Eval,GT Extrinsics,GT Intrinsics,,,,,,,0.0,,vggt,bicycle,,,15000,15000,,MCMC,,,,,,,,,,,gsplat,21.560304641723633,0.5726260542869568,0.48618635535240173,1000000,0.0,0.0,,,0.23654428234806774,0.43213861458901925,1000,/home/ojab2/work/git/gsplat/results/vggt_outputs/bicycle_4_n100_s42_c0.0_p1000_confidence_farthestpose_i100_gteval_gtext_gtint_steps15000/stats/val_step14999.json,/home/ojab2/work/git/gsplat/results/vggt_outputs/bicycle_4_n100_s42_c0.0_p1000_confidence_farthestpose_i100_gteval_gtext_gtint_steps15000/stats/val_step14999.json,bicycle_4_n100_s42_c0.0_p1000_confidence_farthestpose_i100_gteval_gtext_gtint_steps15000,0.857,0.067143,100,,,,/home/ojab2/work/git/vggt/vggt_outputs/bicycle_4_n100_s42_c0.0_p1000_confidence_farthestpose/eval_results.json,bicycle_4_n100_s42_c0.0_p1000_confidence_farthestpose,bicycle_4_n100_s42_c0.0_p1000_confidence_farthestpose_i100_gteval_gtext_gtint_steps15000_val_step14999.json,1000,vggt | confidence,925.0
vggt,100,42,0.0,1000,confidence,,,,0,10,farthestpose,100,GT Eval,GT Extrinsics,GT Intrinsics,,,,,,,0.0,,vggt,bonsai,,,15000,15000,,MCMC,,,,,,,,,,,gsplat,24.657079696655273,0.3457357585430145,0.7960964441299438,1000000,3.289898201750568e-16,5.603550334853935e-07,,,0.6151816767093963,0.26690488895100795,1000,/home/ojab2/work/git/gsplat/results/vggt_outputs/bonsai_2_n100_s42_c0.0_p1000_confidence_farthestpose_i100_gteval_gtext_gtint_steps15000/stats/val_step14999.json,/home/ojab2/work/git/gsplat/results/vggt_outputs/bonsai_2_n100_s42_c0.0_p1000_confidence_farthestpose_i100_gteval_gtext_gtint_steps15000/stats/val_step14999.json,bonsai_2_n100_s42_c0.0_p1000_confidence_farthestpose_i100_gteval_gtext_gtint_steps15000,0.7897,0.107121,100,,,,/home/ojab2/work/git/vggt/vggt_outputs/bonsai_2_n100_s42_c0.0_p1000_confidence_farthestpose/eval_results.json,bonsai_2_n100_s42_c0.0_p1000_confidence_farthestpose,bonsai_2_n100_s42_c0.0_p1000_confidence_farthestpose_i100_gteval_gtext_gtint_steps15000_val_step14999.json,1000,vggt | confidence,925.0
vggt,87,42,0.0,4350,confidence,,,,0,10,farthestpose,87,GT Eval,GT Extrinsics,GT Intrinsics,,,,,,,0.0,,vggt,lego,,,15000,15000,,MCMC,,,,,,,,,,,gsplat,32.95027542114258,0.03549760952591896,0.9784616231918335,1000000,1.678564000433765e-16,0.009660030715167522,0.07833967357873917,0.018506333231925964,1.066910709113444,0.06092138551793614,4350,/home/ojab2/work/git/gsplat/results/vggt_outputs/lego_1_n87_s42_c0.0_p4350_confidence_farthestpose_i87_gteval_gtext_gtint_steps15000/stats/val_step14999.json,/home/ojab2/work/git/gsplat/results/vggt_outputs/lego_1_n87_s42_c0.0_p4350_confidence_farthestpose_i87_gteval_gtext_gtint_steps15000/stats/val_step14999.json,lego_1_n87_s42_c0.0_p4350_confidence_farthestpose_i87_gteval_gtext_gtint_steps15000,0.3306,0.018825,87,0.0469,0.0133,0.1174,/home/ojab2/work/git/vggt/vggt_outputs/lego_1_n87_s42_c0.0_p4350_confidence_farthestpose/eval_results.json,lego_1_n87_s42_c0.0_p4350_confidence_farthestpose,lego_1_n87_s42_c0.0_p4350_confidence_farthestpose_i87_gteval_gtext_gtint_steps15000_val_step14999.json,4350,vggt | confidence,4023.75
vggt,100,42,0.0,5000,confidence,,,,0,10,farthestpose,100,GT Eval,GT Extrinsics,GT Intrinsics,,,,,,,0.0,,vggt,bicycle,,,15000,15000,,MCMC,,,,,,,,,,,gsplat,22.662302017211914,0.41931387782096863,0.5746358633041382,1000000,0.0,0.0,,,0.4033136455713735,0.358976825127662,5000,/home/ojab2/work/git/gsplat/results/vggt_outputs/bicycle_4_n100_s42_c0.0_p5000_confidence_farthestpose_i100_gteval_gtext_gtint_steps15000/stats/val_step14999.json,/home/ojab2/work/git/gsplat/results/vggt_outputs/bicycle_4_n100_s42_c0.0_p5000_confidence_farthestpose_i100_gteval_gtext_gtint_steps15000/stats/val_step14999.json,bicycle_4_n100_s42_c0.0_p5000_confidence_farthestpose_i100_gteval_gtext_gtint_steps15000,0.857,0.067143,100,,,,/home/ojab2/work/git/vggt/vggt_outputs/bicycle_4_n100_s42_c0.0_p5000_confidence_farthestpose/eval_results.json,bicycle_4_n100_s42_c0.0_p5000_confidence_farthestpose,bicycle_4_n100_s42_c0.0_p5000_confidence_farthestpose_i100_gteval_gtext_gtint_steps15000_val_step14999.json,5000,vggt | confidence,4625.0
vggt,100,42,0.0,5000,confidence,,,,0,10,farthestpose,100,GT Eval,GT Extrinsics,GT Intrinsics,,,,,,,0.0,,vggt,bonsai,,,15000,15000,,MCMC,,,,,,,,,,,gsplat,25.92361831665039,0.2563040256500244,0.8382114171981812,1000000,2.383923672768189e-16,1.5532148154306924e-06,,,0.7184695082101209,0.22036333194129057,5000,/home/ojab2/work/git/gsplat/results/vggt_outputs/bonsai_2_n100_s42_c0.0_p5000_confidence_farthestpose_i100_gteval_gtext_gtint_steps15000/stats/val_step14999.json,/home/ojab2/work/git/gsplat/results/vggt_outputs/bonsai_2_n100_s42_c0.0_p5000_confidence_farthestpose_i100_gteval_gtext_gtint_steps15000/stats/val_step14999.json,bonsai_2_n100_s42_c0.0_p5000_confidence_farthestpose_i100_gteval_gtext_gtint_steps15000,0.7897,0.107121,100,,,,/home/ojab2/work/git/vggt/vggt_outputs/bonsai_2_n100_s42_c0.0_p5000_confidence_farthestpose/eval_results.json,bonsai_2_n100_s42_c0.0_p5000_confidence_farthestpose,bonsai_2_n100_s42_c0.0_p5000_confidence_farthestpose_i100_gteval_gtext_gtint_steps15000_val_step14999.json,5000,vggt | confidence,4625.0
vggt,87,42,0.0,8700,confidence,,,,0,10,farthestpose,87,GT Eval,GT Extrinsics,GT Intrinsics,,,,,,,0.0,,vggt,lego,,,15000,15000,,MCMC,,,,,,,,,,,gsplat,33.116058349609375,0.03349922224879265,0.9797607064247131,1000000,3.212793321957601e-16,0.00963380467146635,0.07697969675064087,0.018188687041401863,1.071974033534604,0.05875068820397942,8700,/home/ojab2/work/git/gsplat/results/vggt_outputs/lego_1_n87_s42_c0.0_p8700_confidence_farthestpose_i87_gteval_gtext_gtint_steps15000/stats/val_step14999.json,/home/ojab2/work/git/gsplat/results/vggt_outputs/lego_1_n87_s42_c0.0_p8700_confidence_farthestpose_i87_gteval_gtext_gtint_steps15000/stats/val_step14999.json,lego_1_n87_s42_c0.0_p8700_confidence_farthestpose_i87_gteval_gtext_gtint_steps15000,0.3306,0.018825,87,0.0469,0.0133,0.1174,/home/ojab2/work/git/vggt/vggt_outputs/lego_1_n87_s42_c0.0_p8700_confidence_farthestpose/eval_results.json,lego_1_n87_s42_c0.0_p8700_confidence_farthestpose,lego_1_n87_s42_c0.0_p8700_confidence_farthestpose_i87_gteval_gtext_gtint_steps15000_val_step14999.json,8700,vggt | confidence,8047.5
vggt,100,42,0.0,10000,confidence,,,,0,10,farthestpose,100,GT Eval,GT Extrinsics,GT Intrinsics,,,,,,,0.0,,vggt,bicycle,,,15000,15000,,MCMC,,,,,,,,,,,gsplat,22.80124855041504,0.3771035671234131,0.5984290242195129,1000000,0.0,0.0,,,0.4458566060540271,0.33868213785582024,10000,/home/ojab2/work/git/gsplat/results/vggt_outputs/bicycle_4_n100_s42_c0.0_p10000_confidence_farthestpose_i100_gteval_gtext_gtint_steps15000/stats/val_step14999.json,/home/ojab2/work/git/gsplat/results/vggt_outputs/bicycle_4_n100_s42_c0.0_p10000_confidence_farthestpose_i100_gteval_gtext_gtint_steps15000/stats/val_step14999.json,bicycle_4_n100_s42_c0.0_p10000_confidence_farthestpose_i100_gteval_gtext_gtint_steps15000,0.857,0.067143,100,,,,/home/ojab2/work/git/vggt/vggt_outputs/bicycle_4_n100_s42_c0.0_p10000_confidence_farthestpose/eval_results.json,bicycle_4_n100_s42_c0.0_p10000_confidence_farthestpose,bicycle_4_n100_s42_c0.0_p10000_confidence_farthestpose_i100_gteval_gtext_gtint_steps15000_val_step14999.json,10000,vggt | confidence,9250.0
vggt,100,42,0.0,10000,confidence,,,,0,10,farthestpose,100,GT Eval,GT Extrinsics,GT Intrinsics,,,,,,,0.0,,vggt,bonsai,,,15000,15000,,MCMC,,,,,,,,,,,gsplat,26.208702087402344,0.23617228865623474,0.8455073237419128,1000000,2.1860751727864077e-16,2.4910903562158637e-07,,,0.7404424474563127,0.2105406278684611,10000,/home/ojab2/work/git/gsplat/results/vggt_outputs/bonsai_2_n100_s42_c0.0_p10000_confidence_farthestpose_i100_gteval_gtext_gtint_steps15000/stats/val_step14999.json,/home/ojab2/work/git/gsplat/results/vggt_outputs/bonsai_2_n100_s42_c0.0_p10000_confidence_farthestpose_i100_gteval_gtext_gtint_steps15000/stats/val_step14999.json,bonsai_2_n100_s42_c0.0_p10000_confidence_farthestpose_i100_gteval_gtext_gtint_steps15000,0.7897,0.107121,100,,,,/home/ojab2/work/git/vggt/vggt_outputs/bonsai_2_n100_s42_c0.0_p10000_confidence_farthestpose/eval_results.json,bonsai_2_n100_s42_c0.0_p10000_confidence_farthestpose,bonsai_2_n100_s42_c0.0_p10000_confidence_farthestpose_i100_gteval_gtext_gtint_steps15000_val_step14999.json,10000,vggt | confidence,9250.0
vggt,87,42,0.0,17400,confidence,,,,0,10,farthestpose,87,GT Eval,GT Extrinsics,GT Intrinsics,,,,,,,0.0,,vggt,lego,,,15000,15000,,MCMC,,,,,,,,,,,gsplat,33.229736328125,0.032384127378463745,0.9805001616477966,1000000,2.922228727918262e-16,0.009618506766855717,0.07555459439754486,0.01785561442375183,1.0751999414067828,0.057500437702898824,17400,/home/ojab2/work/git/gsplat/results/vggt_outputs/lego_1_n87_s42_c0.0_p17400_confidence_farthestpose_i87_gteval_gtext_gtint_steps15000/stats/val_step14999.json,/home/ojab2/work/git/gsplat/results/vggt_outputs/lego_1_n87_s42_c0.0_p17400_confidence_farthestpose_i87_gteval_gtext_gtint_steps15000/stats/val_step14999.json,lego_1_n87_s42_c0.0_p17400_confidence_farthestpose_i87_gteval_gtext_gtint_steps15000,0.3306,0.018825,87,0.0469,0.0133,0.1174,/home/ojab2/work/git/vggt/vggt_outputs/lego_1_n87_s42_c0.0_p17400_confidence_farthestpose/eval_results.json,lego_1_n87_s42_c0.0_p17400_confidence_farthestpose,lego_1_n87_s42_c0.0_p17400_confidence_farthestpose_i87_gteval_gtext_gtint_steps15000_val_step14999.json,17400,vggt | confidence,16095.0
vggt,100,42,0.0,20000,confidence,,,,0,10,farthestpose,100,GT Eval,GT Extrinsics,GT Intrinsics,,,,,,,0.0,,vggt,bicycle,,,15000,15000,,MCMC,,,,,,,,,,,gsplat,22.759145736694336,0.34814712405204773,0.612034797668457,1000000,0.0,0.0,,,0.4709078645535767,0.3254377759244815,20000,/home/ojab2/work/git/gsplat/results/vggt_outputs/bicycle_4_n100_s42_c0.0_p20000_confidence_farthestpose_i100_gteval_gtext_gtint_steps15000/stats/val_step14999.json,/home/ojab2/work/git/gsplat/results/vggt_outputs/bicycle_4_n100_s42_c0.0_p20000_confidence_farthestpose_i100_gteval_gtext_gtint_steps15000/stats/val_step14999.json,bicycle_4_n100_s42_c0.0_p20000_confidence_farthestpose_i100_gteval_gtext_gtint_steps15000,0.857,0.067143,100,,,,/home/ojab2/work/git/vggt/vggt_outputs/bicycle_4_n100_s42_c0.0_p20000_confidence_farthestpose/eval_results.json,bicycle_4_n100_s42_c0.0_p20000_confidence_farthestpose,bicycle_4_n100_s42_c0.0_p20000_confidence_farthestpose_i100_gteval_gtext_gtint_steps15000_val_step14999.json,20000,vggt | confidence,18500.0
vggt,100,42,0.0,20000,confidence,,,,0,10,farthestpose,100,GT Eval,GT Extrinsics,GT Intrinsics,,,,,,,0.0,,vggt,bonsai,,,15000,15000,,MCMC,,,,,,,,,,,gsplat,26.443248748779297,0.22514235973358154,0.848456859588623,1000000,2.792774565007019e-16,1.445846038450327e-07,,,0.7533193770130397,0.20556531668402447,20000,/home/ojab2/work/git/gsplat/results/vggt_outputs/bonsai_2_n100_s42_c0.0_p20000_confidence_farthestpose_i100_gteval_gtext_gtint_steps15000/stats/val_step14999.json,/home/ojab2/work/git/gsplat/results/vggt_outputs/bonsai_2_n100_s42_c0.0_p20000_confidence_farthestpose_i100_gteval_gtext_gtint_steps15000/stats/val_step14999.json,bonsai_2_n100_s42_c0.0_p20000_confidence_farthestpose_i100_gteval_gtext_gtint_steps15000,0.7897,0.107121,100,,,,/home/ojab2/work/git/vggt/vggt_outputs/bonsai_2_n100_s42_c0.0_p20000_confidence_farthestpose/eval_results.json,bonsai_2_n100_s42_c0.0_p20000_confidence_farthestpose,bonsai_2_n100_s42_c0.0_p20000_confidence_farthestpose_i100_gteval_gtext_gtint_steps15000_val_step14999.json,20000,vggt | confidence,18500.0
vggt,87,42,0.0,26100,confidence,,,,0,10,farthestpose,87,GT Eval,GT Extrinsics,GT Intrinsics,,,,,,,0.0,,vggt,lego,,,15000,15000,,MCMC,,,,,,,,,,,gsplat,33.25611877441406,0.03211825340986252,0.9806762337684631,1000000,2.6078979775657433e-16,0.00965109933167696,0.07487598061561584,0.01769867353141308,1.0759555911130918,0.05720022954415928,26100,/home/ojab2/work/git/gsplat/results/vggt_outputs/lego_1_n87_s42_c0.0_p26100_confidence_farthestpose_i87_gteval_gtext_gtint_steps15000/stats/val_step14999.json,/home/ojab2/work/git/gsplat/results/vggt_outputs/lego_1_n87_s42_c0.0_p26100_confidence_farthestpose_i87_gteval_gtext_gtint_steps15000/stats/val_step14999.json,lego_1_n87_s42_c0.0_p26100_confidence_farthestpose_i87_gteval_gtext_gtint_steps15000,0.3306,0.018825,87,0.0469,0.0133,0.1174,/home/ojab2/work/git/vggt/vggt_outputs/lego_1_n87_s42_c0.0_p26100_confidence_farthestpose/eval_results.json,lego_1_n87_s42_c0.0_p26100_confidence_farthestpose,lego_1_n87_s42_c0.0_p26100_confidence_farthestpose_i87_gteval_gtext_gtint_steps15000_val_step14999.json,26100,vggt | confidence,24142.5
vggt,100,42,0.0,30000,confidence,,,,0,10,farthestpose,100,GT Eval,GT Extrinsics,GT Intrinsics,,,,,,,0.0,,vggt,bicycle,,,15000,15000,,MCMC,,,,,,,,,,,gsplat,22.705331802368164,0.3319249749183655,0.6178131103515625,1000000,0.0,0.0,,,0.48330411274298357,0.3185004537095154,30000,/home/ojab2/work/git/gsplat/results/vggt_outputs/bicycle_4_n100_s42_c0.0_p30000_confidence_farthestpose_i100_gteval_gtext_gtint_steps15000/stats/val_step14999.json,/home/ojab2/work/git/gsplat/results/vggt_outputs/bicycle_4_n100_s42_c0.0_p30000_confidence_farthestpose_i100_gteval_gtext_gtint_steps15000/stats/val_step14999.json,bicycle_4_n100_s42_c0.0_p30000_confidence_farthestpose_i100_gteval_gtext_gtint_steps15000,0.857,0.067143,100,,,,/home/ojab2/work/git/vggt/vggt_outputs/bicycle_4_n100_s42_c0.0_p30000_confidence_farthestpose/eval_results.json,bicycle_4_n100_s42_c0.0_p30000_confidence_farthestpose,bicycle_4_n100_s42_c0.0_p30000_confidence_farthestpose_i100_gteval_gtext_gtint_steps15000_val_step14999.json,30000,vggt | confidence,27750.0
vggt,100,42,0.0,30000,confidence,,,,0,10,farthestpose,100,GT Eval,GT Extrinsics,GT Intrinsics,,,,,,,0.0,,vggt,bonsai,,,15000,15000,,MCMC,,,,,,,,,,,gsplat,26.3718318939209,0.2187480479478836,0.8464736342430115,1000000,3.1168671053788475e-16,7.511647481805994e-07,,,0.7547841678004981,0.20429274304183934,30000,/home/ojab2/work/git/gsplat/results/vggt_outputs/bonsai_2_n100_s42_c0.0_p30000_confidence_farthestpose_i100_gteval_gtext_gtint_steps15000/stats/val_step14999.json,/home/ojab2/work/git/gsplat/results/vggt_outputs/bonsai_2_n100_s42_c0.0_p30000_confidence_farthestpose_i100_gteval_gtext_gtint_steps15000/stats/val_step14999.json,bonsai_2_n100_s42_c0.0_p30000_confidence_farthestpose_i100_gteval_gtext_gtint_steps15000,0.7897,0.107121,100,,,,/home/ojab2/work/git/vggt/vggt_outputs/bonsai_2_n100_s42_c0.0_p30000_confidence_farthestpose/eval_results.json,bonsai_2_n100_s42_c0.0_p30000_confidence_farthestpose,bonsai_2_n100_s42_c0.0_p30000_confidence_farthestpose_i100_gteval_gtext_gtint_steps15000_val_step14999.json,30000,vggt | confidence,27750.0
vggt,87,42,0.0,43500,confidence,,,,0,10,farthestpose,87,GT Eval,GT Extrinsics,GT Intrinsics,,,,,,,0.0,,vggt,lego,,,15000,15000,,MCMC,,,,,,,,,,,gsplat,33.26716995239258,0.031915076076984406,0.9807745218276978,1000000,1.944247663391999e-16,0.009641566313803196,0.0740339383482933,0.01750635914504528,1.0763431390610663,0.05701411032452851,43500,/home/ojab2/work/git/gsplat/results/vggt_outputs/lego_1_n87_s42_c0.0_p43500_confidence_farthestpose_i87_gteval_gtext_gtint_steps15000/stats/val_step14999.json,/home/ojab2/work/git/gsplat/results/vggt_outputs/lego_1_n87_s42_c0.0_p43500_confidence_farthestpose_i87_gteval_gtext_gtint_steps15000/stats/val_step14999.json,lego_1_n87_s42_c0.0_p43500_confidence_farthestpose_i87_gteval_gtext_gtint_steps15000,0.3306,0.018825,87,0.0469,0.0133,0.1174,/home/ojab2/work/git/vggt/vggt_outputs/lego_1_n87_s42_c0.0_p43500_confidence_farthestpose/eval_results.json,lego_1_n87_s42_c0.0_p43500_confidence_farthestpose,lego_1_n87_s42_c0.0_p43500_confidence_farthestpose_i87_gteval_gtext_gtint_steps15000_val_step14999.json,43500,vggt | confidence,40237.5
vggt,100,42,0.0,50000,confidence,,,,0,10,farthestpose,100,GT Eval,GT Extrinsics,GT Intrinsics,,,,,,,0.0,,vggt,bicycle,,,15000,15000,,MCMC,,,,,,,,,,,gsplat,22.63270378112793,0.3215659558773041,0.6213787198066711,1000000,0.0,0.0,,,0.49043875731300274,0.314114077500656,50000,/home/ojab2/work/git/gsplat/results/vggt_outputs/bicycle_4_n100_s42_c0.0_p50000_confidence_farthestpose_i100_gteval_gtext_gtint_steps15000/stats/val_step14999.json,/home/ojab2/work/git/gsplat/results/vggt_outputs/bicycle_4_n100_s42_c0.0_p50000_confidence_farthestpose_i100_gteval_gtext_gtint_steps15000/stats/val_step14999.json,bicycle_4_n100_s42_c0.0_p50000_confidence_farthestpose_i100_gteval_gtext_gtint_steps15000,0.857,0.067143,100,,,,/home/ojab2/work/git/vggt/vggt_outputs/bicycle_4_n100_s42_c0.0_p50000_confidence_farthestpose/eval_results.json,bicycle_4_n100_s42_c0.0_p50000_confidence_farthestpose,bicycle_4_n100_s42_c0.0_p50000_confidence_farthestpose_i100_gteval_gtext_gtint_steps15000_val_step14999.json,50000,vggt | confidence,46250.0
vggt,100,42,0.0,50000,confidence,,,,0,10,farthestpose,100,GT Eval,GT Extrinsics,GT Intrinsics,,,,,,,0.0,,vggt,bonsai,,,15000,15000,,MCMC,,,,,,,,,,,gsplat,26.259605407714844,0.2173285186290741,0.8426769971847534,1000000,3.57560929700214e-16,1.624131641619897e-06,,,0.7513618966137301,0.20544476392724997,50000,/home/ojab2/work/git/gsplat/results/vggt_outputs/bonsai_2_n100_s42_c0.0_p50000_confidence_farthestpose_i100_gteval_gtext_gtint_steps15000/stats/val_step14999.json,/home/ojab2/work/git/gsplat/results/vggt_outputs/bonsai_2_n100_s42_c0.0_p50000_confidence_farthestpose_i100_gteval_gtext_gtint_steps15000/stats/val_step14999.json,bonsai_2_n100_s42_c0.0_p50000_confidence_farthestpose_i100_gteval_gtext_gtint_steps15000,0.7897,0.107121,100,,,,/home/ojab2/work/git/vggt/vggt_outputs/bonsai_2_n100_s42_c0.0_p50000_confidence_farthestpose/eval_results.json,bonsai_2_n100_s42_c0.0_p50000_confidence_farthestpose,bonsai_2_n100_s42_c0.0_p50000_confidence_farthestpose_i100_gteval_gtext_gtint_steps15000_val_step14999.json,50000,vggt | confidence,46250.0
vggt,87,42,0.0,65250,confidence,,,,0,10,farthestpose,87,GT Eval,GT Extrinsics,GT Intrinsics,,,,,,,0.0,,vggt,lego,,,15000,15000,,MCMC,,,,,,,,,,,gsplat,33.303157806396484,0.03171507641673088,0.9808160662651062,1000000,3.603067193476368e-16,0.009641308337450027,0.07353149354457855,0.017385033890604973,1.0771573323749193,0.05689618330594518,65250,/home/ojab2/work/git/gsplat/results/vggt_outputs/lego_1_n87_s42_c0.0_p65250_confidence_farthestpose_i87_gteval_gtext_gtint_steps15000/stats/val_step14999.json,/home/ojab2/work/git/gsplat/results/vggt_outputs/lego_1_n87_s42_c0.0_p65250_confidence_farthestpose_i87_gteval_gtext_gtint_steps15000/stats/val_step14999.json,lego_1_n87_s42_c0.0_p65250_confidence_farthestpose_i87_gteval_gtext_gtint_steps15000,0.3306,0.018825,87,0.0469,0.0133,0.1174,/home/ojab2/work/git/vggt/vggt_outputs/lego_1_n87_s42_c0.0_p65250_confidence_farthestpose/eval_results.json,lego_1_n87_s42_c0.0_p65250_confidence_farthestpose,lego_1_n87_s42_c0.0_p65250_confidence_farthestpose_i87_gteval_gtext_gtint_steps15000_val_step14999.json,65250,vggt | confidence,60356.25
vggt,100,42,0.0,75000,confidence,,,,0,10,farthestpose,100,GT Eval,GT Extrinsics,GT Intrinsics,,,,,,,0.0,,vggt,bicycle,,,15000,15000,,MCMC,,,,,,,,,,,gsplat,22.7520694732666,0.3127621114253998,0.6224396824836731,1000000,0.0,0.0,,,0.4987041509871827,0.3108425989476101,75000,/home/ojab2/work/git/gsplat/results/vggt_outputs/bicycle_4_n100_s42_c0.0_p75000_confidence_farthestpose_i100_gteval_gtext_gtint_steps15000/stats/val_step14999.json,/home/ojab2/work/git/gsplat/results/vggt_outputs/bicycle_4_n100_s42_c0.0_p75000_confidence_farthestpose_i100_gteval_gtext_gtint_steps15000/stats/val_step14999.json,bicycle_4_n100_s42_c0.0_p75000_confidence_farthestpose_i100_gteval_gtext_gtint_steps15000,0.857,0.067143,100,,,,/home/ojab2/work/git/vggt/vggt_outputs/bicycle_4_n100_s42_c0.0_p75000_confidence_farthestpose/eval_results.json,bicycle_4_n100_s42_c0.0_p75000_confidence_farthestpose,bicycle_4_n100_s42_c0.0_p75000_confidence_farthestpose_i100_gteval_gtext_gtint_steps15000_val_step14999.json,75000,vggt | confidence,69375.0
vggt,100,42,0.0,75000,confidence,,,,0,10,farthestpose,100,GT Eval,GT Extrinsics,GT Intrinsics,,,,,,,0.0,,vggt,bonsai,,,15000,15000,,MCMC,,,,,,,,,,,gsplat,26.04608726501465,0.21675719320774078,0.839147686958313,1000000,2.9630750389150284e-16,3.074083281262574e-07,,,0.745696602838236,0.2067688469072167,75000,/home/ojab2/work/git/gsplat/results/vggt_outputs/bonsai_2_n100_s42_c0.0_p75000_confidence_farthestpose_i100_gteval_gtext_gtint_steps15000/stats/val_step14999.json,/home/ojab2/work/git/gsplat/results/vggt_outputs/bonsai_2_n100_s42_c0.0_p75000_confidence_farthestpose_i100_gteval_gtext_gtint_steps15000/stats/val_step14999.json,bonsai_2_n100_s42_c0.0_p75000_confidence_farthestpose_i100_gteval_gtext_gtint_steps15000,0.7897,0.107121,100,,,,/home/ojab2/work/git/vggt/vggt_outputs/bonsai_2_n100_s42_c0.0_p75000_confidence_farthestpose/eval_results.json,bonsai_2_n100_s42_c0.0_p75000_confidence_farthestpose,bonsai_2_n100_s42_c0.0_p75000_confidence_farthestpose_i100_gteval_gtext_gtint_steps15000_val_step14999.json,75000,vggt | confidence,69375.0
vggt,87,42,0.0,87000,confidence,,,,0,10,farthestpose,87,GT Eval,GT Extrinsics,GT Intrinsics,,,,,,,0.0,,vggt,lego,,,15000,15000,,MCMC,,,,,,,,,,,gsplat,33.303985595703125,0.03174300119280815,0.9808568358421326,1000000,3.1362390135803494e-16,0.009640195406973362,0.0731990858912468,0.017306337133049965,1.0771792661483368,0.05685637706906866,87000,/home/ojab2/work/git/gsplat/results/vggt_outputs/lego_1_n87_s42_c0.0_p87000_confidence_farthestpose_i87_gteval_gtext_gtint_steps15000/stats/val_step14999.json,/home/ojab2/work/git/gsplat/results/vggt_outputs/lego_1_n87_s42_c0.0_p87000_confidence_farthestpose_i87_gteval_gtext_gtint_steps15000/stats/val_step14999.json,lego_1_n87_s42_c0.0_p87000_confidence_farthestpose_i87_gteval_gtext_gtint_steps15000,0.3306,0.018825,87,0.0469,0.0133,0.1174,/home/ojab2/work/git/vggt/vggt_outputs/lego_1_n87_s42_c0.0_p87000_confidence_farthestpose/eval_results.json,lego_1_n87_s42_c0.0_p87000_confidence_farthestpose,lego_1_n87_s42_c0.0_p87000_confidence_farthestpose_i87_gteval_gtext_gtint_steps15000_val_step14999.json,87000,vggt | confidence,80475.0
vggt,100,42,0.0,100000,confidence,,,,0,10,farthestpose,100,GT Eval,GT Extrinsics,GT Intrinsics,,,,,,,0.0,,vggt,bicycle,,,15000,15000,,MCMC,,,,,,,,,,,gsplat,22.78083038330078,0.30550122261047363,0.6233962774276733,1000000,0.0,0.0,,,0.5042782028128838,0.3081509953139706,100000,/home/ojab2/work/git/gsplat/results/vggt_outputs/bicycle_4_n100_s42_c0.0_p100000_confidence_farthestpose_i100_gteval_gtext_gtint_steps15000/stats/val_step14999.json,/home/ojab2/work/git/gsplat/results/vggt_outputs/bicycle_4_n100_s42_c0.0_p100000_confidence_farthestpose_i100_gteval_gtext_gtint_steps15000/stats/val_step14999.json,bicycle_4_n100_s42_c0.0_p100000_confidence_farthestpose_i100_gteval_gtext_gtint_steps15000,0.857,0.067143,100,,,,/home/ojab2/work/git/vggt/vggt_outputs/bicycle_4_n100_s42_c0.0_p100000_confidence_farthestpose/eval_results.json,bicycle_4_n100_s42_c0.0_p100000_confidence_farthestpose,bicycle_4_n100_s42_c0.0_p100000_confidence_farthestpose_i100_gteval_gtext_gtint_steps15000_val_step14999.json,100000,vggt | confidence,92500.0
vggt,100,42,0.0,100000,confidence,,,,0,10,farthestpose,100,GT Eval,GT Extrinsics,GT Intrinsics,,,,,,,0.0,,vggt,bonsai,,,15000,15000,,MCMC,,,,,,,,,,,gsplat,26.00676155090332,0.21237458288669586,0.8379637002944946,1000000,2.95370791330958e-16,1.4724598713655723e-06,,,0.7469812740243201,0.20580662956308182,100000,/home/ojab2/work/git/gsplat/results/vggt_outputs/bonsai_2_n100_s42_c0.0_p100000_confidence_farthestpose_i100_gteval_gtext_gtint_steps15000/stats/val_step14999.json,/home/ojab2/work/git/gsplat/results/vggt_outputs/bonsai_2_n100_s42_c0.0_p100000_confidence_farthestpose_i100_gteval_gtext_gtint_steps15000/stats/val_step14999.json,bonsai_2_n100_s42_c0.0_p100000_confidence_farthestpose_i100_gteval_gtext_gtint_steps15000,0.7897,0.107121,100,,,,/home/ojab2/work/git/vggt/vggt_outputs/bonsai_2_n100_s42_c0.0_p100000_confidence_farthestpose/eval_results.json,bonsai_2_n100_s42_c0.0_p100000_confidence_farthestpose,bonsai_2_n100_s42_c0.0_p100000_confidence_farthestpose_i100_gteval_gtext_gtint_steps15000_val_step14999.json,100000,vggt | confidence,92500.0
vggt,87,42,0.0,217500,confidence,,,,0,10,farthestpose,87,GT Eval,GT Extrinsics,GT Intrinsics,,,,,,,0.0,,vggt,lego,,,15000,15000,,MCMC,,,,,,,,,,,gsplat,33.290000915527344,0.03139986842870712,0.9804180264472961,1000000,3.622753297961742e-16,0.009643838740885258,0.0723697766661644,0.017109064385294914,1.0768754872565458,0.05726809557780592,217500,/home/ojab2/work/git/gsplat/results/vggt_outputs/lego_1_n87_s42_c0.0_p217500_confidence_farthestpose_i87_gteval_gtext_gtint_steps15000/stats/val_step14999.json,/home/ojab2/work/git/gsplat/results/vggt_outputs/lego_1_n87_s42_c0.0_p217500_confidence_farthestpose_i87_gteval_gtext_gtint_steps15000/stats/val_step14999.json,lego_1_n87_s42_c0.0_p217500_confidence_farthestpose_i87_gteval_gtext_gtint_steps15000,0.3306,0.018825,87,0.0469,0.0133,0.1174,/home/ojab2/work/git/vggt/vggt_outputs/lego_1_n87_s42_c0.0_p217500_confidence_farthestpose/eval_results.json,lego_1_n87_s42_c0.0_p217500_confidence_farthestpose,lego_1_n87_s42_c0.0_p217500_confidence_farthestpose_i87_gteval_gtext_gtint_steps15000_val_step14999.json,217500,vggt | confidence,201187.5
vggt,100,42,0.0,250000,confidence,,,,0,10,farthestpose,100,GT Eval,GT Extrinsics,GT Intrinsics,,,,,,,0.0,,vggt,bicycle,,,15000,15000,,MCMC,,,,,,,,,,,gsplat,22.44685173034668,0.30386003851890564,0.6151331663131714,1000000,0.0,0.0,,,0.4942742608211659,0.30997635252439987,250000,/home/ojab2/work/git/gsplat/results/vggt_outputs/bicycle_4_n100_s42_c0.0_p250000_confidence_farthestpose_i100_gteval_gtext_gtint_steps15000/stats/val_step14999.json,/home/ojab2/work/git/gsplat/results/vggt_outputs/bicycle_4_n100_s42_c0.0_p250000_confidence_farthestpose_i100_gteval_gtext_gtint_steps15000/stats/val_step14999.json,bicycle_4_n100_s42_c0.0_p250000_confidence_farthestpose_i100_gteval_gtext_gtint_steps15000,0.857,0.067143,100,,,,/home/ojab2/work/git/vggt/vggt_outputs/bicycle_4_n100_s42_c0.0_p250000_confidence_farthestpose/eval_results.json,bicycle_4_n100_s42_c0.0_p250000_confidence_farthestpose,bicycle_4_n100_s42_c0.0_p250000_confidence_farthestpose_i100_gteval_gtext_gtint_steps15000_val_step14999.json,250000,vggt | confidence,231250.0
vggt,100,42,0.0,250000,confidence,,,,0,10,farthestpose,100,GT Eval,GT Extrinsics,GT Intrinsics,,,,,,,0.0,,vggt,bonsai,,,15000,15000,,MCMC,,,,,,,,,,,gsplat,25.568464279174805,0.2191222459077835,0.8253848552703857,1000000,2.7629566229835035e-16,6.406517627510766e-07,,,0.7273433840724072,0.21325543897561405,250000,/home/ojab2/work/git/gsplat/results/vggt_outputs/bonsai_2_n100_s42_c0.0_p250000_confidence_farthestpose_i100_gteval_gtext_gtint_steps15000/stats/val_step14999.json,/home/ojab2/work/git/gsplat/results/vggt_outputs/bonsai_2_n100_s42_c0.0_p250000_confidence_farthestpose_i100_gteval_gtext_gtint_steps15000/stats/val_step14999.json,bonsai_2_n100_s42_c0.0_p250000_confidence_farthestpose_i100_gteval_gtext_gtint_steps15000,0.7897,0.107121,100,,,,/home/ojab2/work/git/vggt/vggt_outputs/bonsai_2_n100_s42_c0.0_p250000_confidence_farthestpose/eval_results.json,bonsai_2_n100_s42_c0.0_p250000_confidence_farthestpose,bonsai_2_n100_s42_c0.0_p250000_confidence_farthestpose_i100_gteval_gtext_gtint_steps15000_val_step14999.json,250000,vggt | confidence,231250.0
vggt,87,42,0.0,435000,confidence,,,,0,10,farthestpose,87,GT Eval,GT Extrinsics,GT Intrinsics,,,,,,,0.0,,vggt,lego,,,15000,15000,,MCMC,,,,,,,,,,,gsplat,33.26312255859375,0.03115025907754898,0.9802699685096741,1000000,2.9326919670970167e-16,0.009639804251492023,0.07162117958068848,0.01692909374833107,1.076445236163065,0.057361871106378456,435000,/home/ojab2/work/git/gsplat/results/vggt_outputs/lego_1_n87_s42_c0.0_p435000_confidence_farthestpose_i87_gteval_gtext_gtint_steps15000/stats/val_step14999.json,/home/ojab2/work/git/gsplat/results/vggt_outputs/lego_1_n87_s42_c0.0_p435000_confidence_farthestpose_i87_gteval_gtext_gtint_steps15000/stats/val_step14999.json,lego_1_n87_s42_c0.0_p435000_confidence_farthestpose_i87_gteval_gtext_gtint_steps15000,0.3306,0.018825,87,0.0469,0.0133,0.1174,/home/ojab2/work/git/vggt/vggt_outputs/lego_1_n87_s42_c0.0_p435000_confidence_farthestpose/eval_results.json,lego_1_n87_s42_c0.0_p435000_confidence_farthestpose,lego_1_n87_s42_c0.0_p435000_confidence_farthestpose_i87_gteval_gtext_gtint_steps15000_val_step14999.json,435000,vggt | confidence,402375.0
vggt,100,42,0.0,500000,confidence,,,,0,10,farthestpose,100,GT Eval,GT Extrinsics,GT Intrinsics,,,,,,,0.0,,vggt,bicycle,,,15000,15000,,MCMC,,,,,,,,,,,gsplat,22.257572174072266,0.3076338768005371,0.6048211455345154,1000000,0.0,0.0,,,0.4824091325416589,0.3140708829802904,500000,/home/ojab2/work/git/gsplat/results/vggt_outputs/bicycle_4_n100_s42_c0.0_p500000_confidence_farthestpose_i100_gteval_gtext_gtint_steps15000/stats/val_step14999.json,/home/ojab2/work/git/gsplat/results/vggt_outputs/bicycle_4_n100_s42_c0.0_p500000_confidence_farthestpose_i100_gteval_gtext_gtint_steps15000/stats/val_step14999.json,bicycle_4_n100_s42_c0.0_p500000_confidence_farthestpose_i100_gteval_gtext_gtint_steps15000,0.857,0.067143,100,,,,/home/ojab2/work/git/vggt/vggt_outputs/bicycle_4_n100_s42_c0.0_p500000_confidence_farthestpose/eval_results.json,bicycle_4_n100_s42_c0.0_p500000_confidence_farthestpose,bicycle_4_n100_s42_c0.0_p500000_confidence_farthestpose_i100_gteval_gtext_gtint_steps15000_val_step14999.json,500000,vggt | confidence,462500.0
vggt,100,42,0.0,500000,confidence,,,,0,10,farthestpose,100,GT Eval,GT Extrinsics,GT Intrinsics,,,,,,,0.0,,vggt,bonsai,,,15000,15000,,MCMC,,,,,,,,,,,gsplat,24.966115951538086,0.23043519258499146,0.8137606978416443,1000000,1.3781942059365692e-16,8.323693805323273e-07,,,0.7024077321121334,0.22172558576558124,500000,/home/ojab2/work/git/gsplat/results/vggt_outputs/bonsai_2_n100_s42_c0.0_p500000_confidence_farthestpose_i100_gteval_gtext_gtint_steps15000/stats/val_step14999.json,/home/ojab2/work/git/gsplat/results/vggt_outputs/bonsai_2_n100_s42_c0.0_p500000_confidence_farthestpose_i100_gteval_gtext_gtint_steps15000/stats/val_step14999.json,bonsai_2_n100_s42_c0.0_p500000_confidence_farthestpose_i100_gteval_gtext_gtint_steps15000,0.7897,0.107121,100,,,,/home/ojab2/work/git/vggt/vggt_outputs/bonsai_2_n100_s42_c0.0_p500000_confidence_farthestpose/eval_results.json,bonsai_2_n100_s42_c0.0_p500000_confidence_farthestpose,bonsai_2_n100_s42_c0.0_p500000_confidence_farthestpose_i100_gteval_gtext_gtint_steps15000_val_step14999.json,500000,vggt | confidence,462500.0
vggt,87,42,0.0,870000,confidence,,,,0,10,farthestpose,87,GT Eval,GT Extrinsics,GT Intrinsics,,,,,,,0.0,,vggt,lego,,,15000,15000,,MCMC,,,,,,,,,,,gsplat,33.202056884765625,0.030985035002231598,0.9799816012382507,1000000,2.1329307374888968e-16,0.009638720192015171,0.07120325416326523,0.016830027103424072,1.0752477446901403,0.05764994306384775,870000,/home/ojab2/work/git/gsplat/results/vggt_outputs/lego_1_n87_s42_c0.0_p870000_confidence_farthestpose_i87_gteval_gtext_gtint_steps15000/stats/val_step14999.json,/home/ojab2/work/git/gsplat/results/vggt_outputs/lego_1_n87_s42_c0.0_p870000_confidence_farthestpose_i87_gteval_gtext_gtint_steps15000/stats/val_step14999.json,lego_1_n87_s42_c0.0_p870000_confidence_farthestpose_i87_gteval_gtext_gtint_steps15000,0.3306,0.018825,87,0.0469,0.0133,0.1174,/home/ojab2/work/git/vggt/vggt_outputs/lego_1_n87_s42_c0.0_p870000_confidence_farthestpose/eval_results.json,lego_1_n87_s42_c0.0_p870000_confidence_farthestpose,lego_1_n87_s42_c0.0_p870000_confidence_farthestpose_i87_gteval_gtext_gtint_steps15000_val_step14999.json,870000,vggt | confidence,804750.0
vggt,100,42,0.0,1000000,confidence,,,,0,10,farthestpose,100,GT Eval,GT Extrinsics,GT Intrinsics,,,,,,,0.0,,vggt,bicycle,,,15000,15000,,MCMC,,,,,,,,,,,gsplat,22.040361404418945,0.32456934452056885,0.5923680067062378,1000000,0.0,0.0,,,0.46065018113516154,0.3230937315732789,1000000,/home/ojab2/work/git/gsplat/results/vggt_outputs/bicycle_4_n100_s42_c0.0_p1000000_confidence_farthestpose_i100_gteval_gtext_gtint_steps15000/stats/val_step14999.json,/home/ojab2/work/git/gsplat/results/vggt_outputs/bicycle_4_n100_s42_c0.0_p1000000_confidence_farthestpose_i100_gteval_gtext_gtint_steps15000/stats/val_step14999.json,bicycle_4_n100_s42_c0.0_p1000000_confidence_farthestpose_i100_gteval_gtext_gtint_steps15000,0.857,0.067143,100,,,,/home/ojab2/work/git/vggt/vggt_outputs/bicycle_4_n100_s42_c0.0_p1000000_confidence_farthestpose/eval_results.json,bicycle_4_n100_s42_c0.0_p1000000_confidence_farthestpose,bicycle_4_n100_s42_c0.0_p1000000_confidence_farthestpose_i100_gteval_gtext_gtint_steps15000_val_step14999.json,1000000,vggt | confidence,925000.0
vggt,100,42,0.0,1000000,confidence,,,,0,10,farthestpose,100,GT Eval,GT Extrinsics,GT Intrinsics,,,,,,,0.0,,vggt,bonsai,,,15000,15000,,MCMC,,,,,,,,,,,gsplat,24.227252960205078,0.24572362005710602,0.8013780117034912,1000000,2.699492679410475e-16,1.6514770777575905e-06,,,0.6720464462928757,0.2317239998523041,1000000,/home/ojab2/work/git/gsplat/results/vggt_outputs/bonsai_2_n100_s42_c0.0_p1000000_confidence_farthestpose_i100_gteval_gtext_gtint_steps15000/stats/val_step14999.json,/home/ojab2/work/git/gsplat/results/vggt_outputs/bonsai_2_n100_s42_c0.0_p1000000_confidence_farthestpose_i100_gteval_gtext_gtint_steps15000/stats/val_step14999.json,bonsai_2_n100_s42_c0.0_p1000000_confidence_farthestpose_i100_gteval_gtext_gtint_steps15000,0.7897,0.107121,100,,,,/home/ojab2/work/git/vggt/vggt_outputs/bonsai_2_n100_s42_c0.0_p1000000_confidence_farthestpose/eval_results.json,bonsai_2_n100_s42_c0.0_p1000000_confidence_farthestpose,bonsai_2_n100_s42_c0.0_p1000000_confidence_farthestpose_i100_gteval_gtext_gtint_steps15000_val_step14999.json,1000000,vggt | confidence,925000.0
vggt,87,42,0.0,870,imagefps,,,,0,10,farthestpose,87,GT Eval,GT Extrinsics,GT Intrinsics,,,,,,,0.0,,vggt,lego,,,15000,15000,,MCMC,,,,,,,,,,,gsplat,31.568538665771484,0.052308376878499985,0.9673473238945007,920002,2.8146650727376224e-16,0.009634589776396751,0.08372317999601364,0.01973080262541771,1.0244463843047193,0.07790191759751662,827,/home/ojab2/work/git/gsplat/results/vggt_outputs/lego_1_n87_s42_c0.0_p870_imagefps_farthestpose_i87_gteval_gtext_gtint_steps15000/stats/val_step14999.json,/home/ojab2/work/git/gsplat/results/vggt_outputs/lego_1_n87_s42_c0.0_p870_imagefps_farthestpose_i87_gteval_gtext_gtint_steps15000/stats/val_step14999.json,lego_1_n87_s42_c0.0_p870_imagefps_farthestpose_i87_gteval_gtext_gtint_steps15000,0.2976,0.018838,87,0.0478,0.0135,0.118,/home/ojab2/work/git/vggt/vggt_outputs/lego_1_n87_s42_c0.0_p870_imagefps_farthestpose/eval_results.json,lego_1_n87_s42_c0.0_p870_imagefps_farthestpose,lego_1_n87_s42_c0.0_p870_imagefps_farthestpose_i87_gteval_gtext_gtint_steps15000_val_step14999.json,827,vggt | imagefps,848.25
vggt,100,42,0.0,1000,imagefps,,,,0,10,farthestpose,100,GT Eval,GT Extrinsics,GT Intrinsics,,,,,,,0.0,,vggt,bicycle,,,15000,15000,,MCMC,,,,,,,,,,,gsplat,21.603092193603516,0.6011430025100708,0.47043555974960327,1000000,2.8251955451565655e-16,3.1741092243464664e-07,,,0.21052259838062115,0.4452560572959173,1000,/home/ojab2/work/git/gsplat/results/vggt_outputs/bicycle_4_n100_s42_c0.0_p1000_imagefps_farthestpose_i100_gteval_gtext_gtint_steps15000/stats/val_step14999.json,/home/ojab2/work/git/gsplat/results/vggt_outputs/bicycle_4_n100_s42_c0.0_p1000_imagefps_farthestpose_i100_gteval_gtext_gtint_steps15000/stats/val_step14999.json,bicycle_4_n100_s42_c0.0_p1000_imagefps_farthestpose_i100_gteval_gtext_gtint_steps15000,0.7161,0.065623,100,,,,/home/ojab2/work/git/vggt/vggt_outputs/bicycle_4_n100_s42_c0.0_p1000_imagefps_farthestpose/eval_results.json,bicycle_4_n100_s42_c0.0_p1000_imagefps_farthestpose,bicycle_4_n100_s42_c0.0_p1000_imagefps_farthestpose_i100_gteval_gtext_gtint_steps15000_val_step14999.json,1000,vggt | imagefps,975.0
vggt,100,42,0.0,1000,imagefps,,,,0,10,farthestpose,100,GT Eval,GT Extrinsics,GT Intrinsics,,,,,,,0.0,,vggt,bonsai,,,15000,15000,,MCMC,,,,,,,,,,,gsplat,24.861467361450195,0.35281914472579956,0.7930788993835449,1000000,2.264811252747329e-16,2.249607007343002e-07,,,0.6128295268076747,0.2703232434359959,1000,/home/ojab2/work/git/gsplat/results/vggt_outputs/bonsai_2_n100_s42_c0.0_p1000_imagefps_farthestpose_i100_gteval_gtext_gtint_steps15000/stats/val_step14999.json,/home/ojab2/work/git/gsplat/results/vggt_outputs/bonsai_2_n100_s42_c0.0_p1000_imagefps_farthestpose_i100_gteval_gtext_gtint_steps15000/stats/val_step14999.json,bonsai_2_n100_s42_c0.0_p1000_imagefps_farthestpose_i100_gteval_gtext_gtint_steps15000,0.7215,0.105749,100,,,,/home/ojab2/work/git/vggt/vggt_outputs/bonsai_2_n100_s42_c0.0_p1000_imagefps_farthestpose/eval_results.json,bonsai_2_n100_s42_c0.0_p1000_imagefps_farthestpose,bonsai_2_n100_s42_c0.0_p1000_imagefps_farthestpose_i100_gteval_gtext_gtint_steps15000_val_step14999.json,1000,vggt | imagefps,975.0
vggt,87,42,0.0,4350,imagefps,,,,0,10,farthestpose,87,GT Eval,GT Extrinsics,GT Intrinsics,,,,,,,0.0,,vggt,lego,,,15000,15000,,MCMC,,,,,,,,,,,gsplat,32.98505401611328,0.03705174848437309,0.9785605072975159,1000000,3.081993170753612e-16,0.009617708623409271,0.07835853099822998,0.018507197499275208,1.0666532390947616,0.06132565764587475,4307,/home/ojab2/work/git/gsplat/results/vggt_outputs/lego_1_n87_s42_c0.0_p4350_imagefps_farthestpose_i87_gteval_gtext_gtint_steps15000/stats/val_step14999.json,/home/ojab2/work/git/gsplat/results/vggt_outputs/lego_1_n87_s42_c0.0_p4350_imagefps_farthestpose_i87_gteval_gtext_gtint_steps15000/stats/val_step14999.json,lego_1_n87_s42_c0.0_p4350_imagefps_farthestpose_i87_gteval_gtext_gtint_steps15000,0.2976,0.018838,87,0.0478,0.0135,0.118,/home/ojab2/work/git/vggt/vggt_outputs/lego_1_n87_s42_c0.0_p4350_imagefps_farthestpose/eval_results.json,lego_1_n87_s42_c0.0_p4350_imagefps_farthestpose,lego_1_n87_s42_c0.0_p4350_imagefps_farthestpose_i87_gteval_gtext_gtint_steps15000_val_step14999.json,4307,vggt | imagefps,4241.25
vggt,100,42,0.0,5000,imagefps,,,,0,10,farthestpose,100,GT Eval,GT Extrinsics,GT Intrinsics,,,,,,,0.0,,vggt,bicycle,,,15000,15000,,MCMC,,,,,,,,,,,gsplat,22.19515609741211,0.4545867443084717,0.5378414988517761,1000000,1.4963002449369726e-16,1.6489535425989743e-07,,,0.35137224863534466,0.3801471562296981,5000,/home/ojab2/work/git/gsplat/results/vggt_outputs/bicycle_4_n100_s42_c0.0_p5000_imagefps_farthestpose_i100_gteval_gtext_gtint_steps15000/stats/val_step14999.json,/home/ojab2/work/git/gsplat/results/vggt_outputs/bicycle_4_n100_s42_c0.0_p5000_imagefps_farthestpose_i100_gteval_gtext_gtint_steps15000/stats/val_step14999.json,bicycle_4_n100_s42_c0.0_p5000_imagefps_farthestpose_i100_gteval_gtext_gtint_steps15000,0.7161,0.065623,100,,,,/home/ojab2/work/git/vggt/vggt_outputs/bicycle_4_n100_s42_c0.0_p5000_imagefps_farthestpose/eval_results.json,bicycle_4_n100_s42_c0.0_p5000_imagefps_farthestpose,bicycle_4_n100_s42_c0.0_p5000_imagefps_farthestpose_i100_gteval_gtext_gtint_steps15000_val_step14999.json,5000,vggt | imagefps,4875.0
vggt,100,42,0.0,5000,imagefps,,,,0,10,farthestpose,100,GT Eval,GT Extrinsics,GT Intrinsics,,,,,,,0.0,,vggt,bonsai,,,15000,15000,,MCMC,,,,,,,,,,,gsplat,25.907018661499023,0.2639005482196808,0.8318648934364319,1000000,3.3894603072554105e-16,7.744638708118146e-08,,,0.7097614783215167,0.2255032013237467,5000,/home/ojab2/work/git/gsplat/results/vggt_outputs/bonsai_2_n100_s42_c0.0_p5000_imagefps_farthestpose_i100_gteval_gtext_gtint_steps15000/stats/val_step14999.json,/home/ojab2/work/git/gsplat/results/vggt_outputs/bonsai_2_n100_s42_c0.0_p5000_imagefps_farthestpose_i100_gteval_gtext_gtint_steps15000/stats/val_step14999.json,bonsai_2_n100_s42_c0.0_p5000_imagefps_farthestpose_i100_gteval_gtext_gtint_steps15000,0.7215,0.105749,100,,,,/home/ojab2/work/git/vggt/vggt_outputs/bonsai_2_n100_s42_c0.0_p5000_imagefps_farthestpose/eval_results.json,bonsai_2_n100_s42_c0.0_p5000_imagefps_farthestpose,bonsai_2_n100_s42_c0.0_p5000_imagefps_farthestpose_i100_gteval_gtext_gtint_steps15000_val_step14999.json,5000,vggt | imagefps,4875.0
vggt,87,42,0.0,8700,imagefps,,,,0,10,farthestpose,87,GT Eval,GT Extrinsics,GT Intrinsics,,,,,,,0.0,,vggt,lego,,,15000,15000,,MCMC,,,,,,,,,,,gsplat,33.112789154052734,0.03449389338493347,0.9796452522277832,1000000,3.180409134801701e-16,0.009599308483302593,0.07751071453094482,0.018312718719244003,1.0712319812734379,0.059217432719647384,8657,/home/ojab2/work/git/gsplat/results/vggt_outputs/lego_1_n87_s42_c0.0_p8700_imagefps_farthestpose_i87_gteval_gtext_gtint_steps15000/stats/val_step14999.json,/home/ojab2/work/git/gsplat/results/vggt_outputs/lego_1_n87_s42_c0.0_p8700_imagefps_farthestpose_i87_gteval_gtext_gtint_steps15000/stats/val_step14999.json,lego_1_n87_s42_c0.0_p8700_imagefps_farthestpose_i87_gteval_gtext_gtint_steps15000,0.2976,0.018838,87,0.0478,0.0135,0.118,/home/ojab2/work/git/vggt/vggt_outputs/lego_1_n87_s42_c0.0_p8700_imagefps_farthestpose/eval_results.json,lego_1_n87_s42_c0.0_p8700_imagefps_farthestpose,lego_1_n87_s42_c0.0_p8700_imagefps_farthestpose_i87_gteval_gtext_gtint_steps15000_val_step14999.json,8657,vggt | imagefps,8482.5
vggt,100,42,0.0,10000,imagefps,,,,0,10,farthestpose,100,GT Eval,GT Extrinsics,GT Intrinsics,,,,,,,0.0,,vggt,bicycle,,,15000,15000,,MCMC,,,,,,,,,,,gsplat,22.48737335205078,0.4037669897079468,0.5665748715400696,1000000,2.4853124577633447e-16,1.380858861921297e-06,,,0.40495704008899314,0.3559190281797576,10000,/home/ojab2/work/git/gsplat/results/vggt_outputs/bicycle_4_n100_s42_c0.0_p10000_imagefps_farthestpose_i100_gteval_gtext_gtint_steps15000/stats/val_step14999.json,/home/ojab2/work/git/gsplat/results/vggt_outputs/bicycle_4_n100_s42_c0.0_p10000_imagefps_farthestpose_i100_gteval_gtext_gtint_steps15000/stats/val_step14999.json,bicycle_4_n100_s42_c0.0_p10000_imagefps_farthestpose_i100_gteval_gtext_gtint_steps15000,0.7161,0.065623,100,,,,/home/ojab2/work/git/vggt/vggt_outputs/bicycle_4_n100_s42_c0.0_p10000_imagefps_farthestpose/eval_results.json,bicycle_4_n100_s42_c0.0_p10000_imagefps_farthestpose,bicycle_4_n100_s42_c0.0_p10000_imagefps_farthestpose_i100_gteval_gtext_gtint_steps15000_val_step14999.json,10000,vggt | imagefps,9750.0
vggt,100,42,0.0,10000,imagefps,,,,0,10,farthestpose,100,GT Eval,GT Extrinsics,GT Intrinsics,,,,,,,0.0,,vggt,bonsai,,,15000,15000,,MCMC,,,,,,,,,,,gsplat,26.33704376220703,0.23963764309883118,0.8423102498054504,1000000,2.3126257332242424e-16,1.215999105852461e-07,,,0.7388104035762938,0.21302121633054785,10000,/home/ojab2/work/git/gsplat/results/vggt_outputs/bonsai_2_n100_s42_c0.0_p10000_imagefps_farthestpose_i100_gteval_gtext_gtint_steps15000/stats/val_step14999.json,/home/ojab2/work/git/gsplat/results/vggt_outputs/bonsai_2_n100_s42_c0.0_p10000_imagefps_farthestpose_i100_gteval_gtext_gtint_steps15000/stats/val_step14999.json,bonsai_2_n100_s42_c0.0_p10000_imagefps_farthestpose_i100_gteval_gtext_gtint_steps15000,0.7215,0.105749,100,,,,/home/ojab2/work/git/vggt/vggt_outputs/bonsai_2_n100_s42_c0.0_p10000_imagefps_farthestpose/eval_results.json,bonsai_2_n100_s42_c0.0_p10000_imagefps_farthestpose,bonsai_2_n100_s42_c0.0_p10000_imagefps_farthestpose_i100_gteval_gtext_gtint_steps15000_val_step14999.json,10000,vggt | imagefps,9750.0
vggt,87,42,0.0,17400,imagefps,,,,0,10,farthestpose,87,GT Eval,GT Extrinsics,GT Intrinsics,,,,,,,0.0,,vggt,lego,,,15000,15000,,MCMC,,,,,,,,,,,gsplat,33.25203323364258,0.03303895145654678,0.9804746508598328,1000000,2.382611036397741e-16,0.009611345827579498,0.07654712349176407,0.0180936511605978,1.0751937160811849,0.0577483388978057,17360,/home/ojab2/work/git/gsplat/results/vggt_outputs/lego_1_n87_s42_c0.0_p17400_imagefps_farthestpose_i87_gteval_gtext_gtint_steps15000/stats/val_step14999.json,/home/ojab2/work/git/gsplat/results/vggt_outputs/lego_1_n87_s42_c0.0_p17400_imagefps_farthestpose_i87_gteval_gtext_gtint_steps15000/stats/val_step14999.json,lego_1_n87_s42_c0.0_p17400_imagefps_farthestpose_i87_gteval_gtext_gtint_steps15000,0.2976,0.018838,87,0.0478,0.0135,0.118,/home/ojab2/work/git/vggt/vggt_outputs/lego_1_n87_s42_c0.0_p17400_imagefps_farthestpose/eval_results.json,lego_1_n87_s42_c0.0_p17400_imagefps_farthestpose,lego_1_n87_s42_c0.0_p17400_imagefps_farthestpose_i87_gteval_gtext_gtint_steps15000_val_step14999.json,17360,vggt | imagefps,16965.0
vggt,100,42,0.0,20000,imagefps,,,,0,10,farthestpose,100,GT Eval,GT Extrinsics,GT Intrinsics,,,,,,,0.0,,vggt,bicycle,,,15000,15000,,MCMC,,,,,,,,,,,gsplat,22.60029411315918,0.3450068533420563,0.5987507104873657,1000000,3.1692500051172176e-16,2.1202841082867963e-07,,,0.46213613449558955,0.3279814340282007,20000,/home/ojab2/work/git/gsplat/results/vggt_outputs/bicycle_4_n100_s42_c0.0_p20000_imagefps_farthestpose_i100_gteval_gtext_gtint_steps15000/stats/val_step14999.json,/home/ojab2/work/git/gsplat/results/vggt_outputs/bicycle_4_n100_s42_c0.0_p20000_imagefps_farthestpose_i100_gteval_gtext_gtint_steps15000/stats/val_step14999.json,bicycle_4_n100_s42_c0.0_p20000_imagefps_farthestpose_i100_gteval_gtext_gtint_steps15000,0.7161,0.065623,100,,,,/home/ojab2/work/git/vggt/vggt_outputs/bicycle_4_n100_s42_c0.0_p20000_imagefps_farthestpose/eval_results.json,bicycle_4_n100_s42_c0.0_p20000_imagefps_farthestpose,bicycle_4_n100_s42_c0.0_p20000_imagefps_farthestpose_i100_gteval_gtext_gtint_steps15000_val_step14999.json,20000,vggt | imagefps,19500.0
vggt,100,42,0.0,20000,imagefps,,,,0,10,farthestpose,100,GT Eval,GT Extrinsics,GT Intrinsics,,,,,,,0.0,,vggt,bonsai,,,15000,15000,,MCMC,,,,,,,,,,,gsplat,26.347124099731445,0.2255464494228363,0.8436378240585327,1000000,1.6373868171919772e-16,4.328458942381985e-07,,,0.7484717034069727,0.20776398460450213,20000,/home/ojab2/work/git/gsplat/results/vggt_outputs/bonsai_2_n100_s42_c0.0_p20000_imagefps_farthestpose_i100_gteval_gtext_gtint_steps15000/stats/val_step14999.json,/home/ojab2/work/git/gsplat/results/vggt_outputs/bonsai_2_n100_s42_c0.0_p20000_imagefps_farthestpose_i100_gteval_gtext_gtint_steps15000/stats/val_step14999.json,bonsai_2_n100_s42_c0.0_p20000_imagefps_farthestpose_i100_gteval_gtext_gtint_steps15000,0.7215,0.105749,100,,,,/home/ojab2/work/git/vggt/vggt_outputs/bonsai_2_n100_s42_c0.0_p20000_imagefps_farthestpose/eval_results.json,bonsai_2_n100_s42_c0.0_p20000_imagefps_farthestpose,bonsai_2_n100_s42_c0.0_p20000_imagefps_farthestpose_i100_gteval_gtext_gtint_steps15000_val_step14999.json,20000,vggt | imagefps,19500.0
vggt,87,42,0.0,26100,imagefps,,,,0,10,farthestpose,87,GT Eval,GT Extrinsics,GT Intrinsics,,,,,,,0.0,,vggt,lego,,,15000,15000,,MCMC,,,,,,,,,,,gsplat,33.301876068115234,0.03254763409495354,0.980707049369812,1000000,2.813813539927836e-16,0.009561799466609955,0.07599397748708725,0.017967352643609047,1.0765559194177448,0.05730474452252599,26056,/home/ojab2/work/git/gsplat/results/vggt_outputs/lego_1_n87_s42_c0.0_p26100_imagefps_farthestpose_i87_gteval_gtext_gtint_steps15000/stats/val_step14999.json,/home/ojab2/work/git/gsplat/results/vggt_outputs/lego_1_n87_s42_c0.0_p26100_imagefps_farthestpose_i87_gteval_gtext_gtint_steps15000/stats/val_step14999.json,lego_1_n87_s42_c0.0_p26100_imagefps_farthestpose_i87_gteval_gtext_gtint_steps15000,0.2976,0.018838,87,0.0478,0.0135,0.118,/home/ojab2/work/git/vggt/vggt_outputs/lego_1_n87_s42_c0.0_p26100_imagefps_farthestpose/eval_results.json,lego_1_n87_s42_c0.0_p26100_imagefps_farthestpose,lego_1_n87_s42_c0.0_p26100_imagefps_farthestpose_i87_gteval_gtext_gtint_steps15000_val_step14999.json,26056,vggt | imagefps,25447.5
vggt,100,42,0.0,30000,imagefps,,,,0,10,farthestpose,100,GT Eval,GT Extrinsics,GT Intrinsics,,,,,,,0.0,,vggt,bicycle,,,15000,15000,,MCMC,,,,,,,,,,,gsplat,22.658992767333984,0.3163291811943054,0.6114766597747803,1000000,2.496986424661081e-16,6.492644502031908e-07,,,0.48836748897448384,0.31502228395300697,30000,/home/ojab2/work/git/gsplat/results/vggt_outputs/bicycle_4_n100_s42_c0.0_p30000_imagefps_farthestpose_i100_gteval_gtext_gtint_steps15000/stats/val_step14999.json,/home/ojab2/work/git/gsplat/results/vggt_outputs/bicycle_4_n100_s42_c0.0_p30000_imagefps_farthestpose_i100_gteval_gtext_gtint_steps15000/stats/val_step14999.json,bicycle_4_n100_s42_c0.0_p30000_imagefps_farthestpose_i100_gteval_gtext_gtint_steps15000,0.7161,0.065623,100,,,,/home/ojab2/work/git/vggt/vggt_outputs/bicycle_4_n100_s42_c0.0_p30000_imagefps_farthestpose/eval_results.json,bicycle_4_n100_s42_c0.0_p30000_imagefps_farthestpose,bicycle_4_n100_s42_c0.0_p30000_imagefps_farthestpose_i100_gteval_gtext_gtint_steps15000_val_step14999.json,30000,vggt | imagefps,29250.0
vggt,100,42,0.0,30000,imagefps,,,,0,10,farthestpose,100,GT Eval,GT Extrinsics,GT Intrinsics,,,,,,,0.0,,vggt,bonsai,,,15000,15000,,MCMC,,,,,,,,,,,gsplat,26.221660614013672,0.22064848244190216,0.8432444334030151,1000000,2.2664267033964207e-16,2.5118063717854966e-07,,,0.7489416889163718,0.20631968957199714,30000,/home/ojab2/work/git/gsplat/results/vggt_outputs/bonsai_2_n100_s42_c0.0_p30000_imagefps_farthestpose_i100_gteval_gtext_gtint_steps15000/stats/val_step14999.json,/home/ojab2/work/git/gsplat/results/vggt_outputs/bonsai_2_n100_s42_c0.0_p30000_imagefps_farthestpose_i100_gteval_gtext_gtint_steps15000/stats/val_step14999.json,bonsai_2_n100_s42_c0.0_p30000_imagefps_farthestpose_i100_gteval_gtext_gtint_steps15000,0.7215,0.105749,100,,,,/home/ojab2/work/git/vggt/vggt_outputs/bonsai_2_n100_s42_c0.0_p30000_imagefps_farthestpose/eval_results.json,bonsai_2_n100_s42_c0.0_p30000_imagefps_farthestpose,bonsai_2_n100_s42_c0.0_p30000_imagefps_farthestpose_i100_gteval_gtext_gtint_steps15000_val_step14999.json,30000,vggt | imagefps,29250.0
vggt,87,42,0.0,43500,imagefps,,,,0,10,farthestpose,87,GT Eval,GT Extrinsics,GT Intrinsics,,,,,,,0.0,,vggt,lego,,,15000,15000,,MCMC,,,,,,,,,,,gsplat,33.308807373046875,0.03222883492708206,0.9806724190711975,1000000,3.756297041821447e-16,0.00956577155739069,0.07565680891275406,0.017887268215417862,1.0768608148896592,0.05723976428861236,43454,/home/ojab2/work/git/gsplat/results/vggt_outputs/lego_1_n87_s42_c0.0_p43500_imagefps_farthestpose_i87_gteval_gtext_gtint_steps15000/stats/val_step14999.json,/home/ojab2/work/git/gsplat/results/vggt_outputs/lego_1_n87_s42_c0.0_p43500_imagefps_farthestpose_i87_gteval_gtext_gtint_steps15000/stats/val_step14999.json,lego_1_n87_s42_c0.0_p43500_imagefps_farthestpose_i87_gteval_gtext_gtint_steps15000,0.2976,0.018838,87,0.0478,0.0135,0.118,/home/ojab2/work/git/vggt/vggt_outputs/lego_1_n87_s42_c0.0_p43500_imagefps_farthestpose/eval_results.json,lego_1_n87_s42_c0.0_p43500_imagefps_farthestpose,lego_1_n87_s42_c0.0_p43500_imagefps_farthestpose_i87_gteval_gtext_gtint_steps15000_val_step14999.json,43454,vggt | imagefps,42412.5
vggt,100,42,0.0,50000,imagefps,,,,0,10,farthestpose,100,GT Eval,GT Extrinsics,GT Intrinsics,,,,,,,0.0,,vggt,bicycle,,,15000,15000,,MCMC,,,,,,,,,,,gsplat,22.61829948425293,0.2901829183101654,0.6199639439582825,1000000,1.0009330104188943e-16,5.482808660417504e-07,,,0.5087169021890874,0.3040419550531027,50000,/home/ojab2/work/git/gsplat/results/vggt_outputs/bicycle_4_n100_s42_c0.0_p50000_imagefps_farthestpose_i100_gteval_gtext_gtint_steps15000/stats/val_step14999.json,/home/ojab2/work/git/gsplat/results/vggt_outputs/bicycle_4_n100_s42_c0.0_p50000_imagefps_farthestpose_i100_gteval_gtext_gtint_steps15000/stats/val_step14999.json,bicycle_4_n100_s42_c0.0_p50000_imagefps_farthestpose_i100_gteval_gtext_gtint_steps15000,0.7161,0.065623,100,,,,/home/ojab2/work/git/vggt/vggt_outputs/bicycle_4_n100_s42_c0.0_p50000_imagefps_farthestpose/eval_results.json,bicycle_4_n100_s42_c0.0_p50000_imagefps_farthestpose,bicycle_4_n100_s42_c0.0_p50000_imagefps_farthestpose_i100_gteval_gtext_gtint_steps15000_val_step14999.json,50000,vggt | imagefps,48750.0
vggt,100,42,0.0,50000,imagefps,,,,0,10,farthestpose,100,GT Eval,GT Extrinsics,GT Intrinsics,,,,,,,0.0,,vggt,bonsai,,,15000,15000,,MCMC,,,,,,,,,,,gsplat,26.200475692749023,0.21618327498435974,0.8418276309967041,1000000,1.961547252548484e-16,5.27673307715304e-07,,,0.7504771370404413,0.20543024833240078,50000,/home/ojab2/work/git/gsplat/results/vggt_outputs/bonsai_2_n100_s42_c0.0_p50000_imagefps_farthestpose_i100_gteval_gtext_gtint_steps15000/stats/val_step14999.json,/home/ojab2/work/git/gsplat/results/vggt_outputs/bonsai_2_n100_s42_c0.0_p50000_imagefps_farthestpose_i100_gteval_gtext_gtint_steps15000/stats/val_step14999.json,bonsai_2_n100_s42_c0.0_p50000_imagefps_farthestpose_i100_gteval_gtext_gtint_steps15000,0.7215,0.105749,100,,,,/home/ojab2/work/git/vggt/vggt_outputs/bonsai_2_n100_s42_c0.0_p50000_imagefps_farthestpose/eval_results.json,bonsai_2_n100_s42_c0.0_p50000_imagefps_farthestpose,bonsai_2_n100_s42_c0.0_p50000_imagefps_farthestpose_i100_gteval_gtext_gtint_steps15000_val_step14999.json,50000,vggt | imagefps,48750.0
vggt,87,42,0.0,65250,imagefps,,,,0,10,farthestpose,87,GT Eval,GT Extrinsics,GT Intrinsics,,,,,,,0.0,,vggt,lego,,,15000,15000,,MCMC,,,,,,,,,,,gsplat,33.2451171875,0.03213374316692352,0.9804198741912842,1000000,2.9375420248134356e-16,0.009563566185534,0.07509865611791611,0.017752936109900475,1.0755923785622665,0.057512143145519334,65209,/home/ojab2/work/git/gsplat/results/vggt_outputs/lego_1_n87_s42_c0.0_p65250_imagefps_farthestpose_i87_gteval_gtext_gtint_steps15000/stats/val_step14999.json,/home/ojab2/work/git/gsplat/results/vggt_outputs/lego_1_n87_s42_c0.0_p65250_imagefps_farthestpose_i87_gteval_gtext_gtint_steps15000/stats/val_step14999.json,lego_1_n87_s42_c0.0_p65250_imagefps_farthestpose_i87_gteval_gtext_gtint_steps15000,0.2976,0.018838,87,0.0478,0.0135,0.118,/home/ojab2/work/git/vggt/vggt_outputs/lego_1_n87_s42_c0.0_p65250_imagefps_farthestpose/eval_results.json,lego_1_n87_s42_c0.0_p65250_imagefps_farthestpose,lego_1_n87_s42_c0.0_p65250_imagefps_farthestpose_i87_gteval_gtext_gtint_steps15000_val_step14999.json,65209,vggt | imagefps,63618.75
vggt,100,42,0.0,75000,imagefps,,,,0,10,farthestpose,100,GT Eval,GT Extrinsics,GT Intrinsics,,,,,,,0.0,,vggt,bicycle,,,15000,15000,,MCMC,,,,,,,,,,,gsplat,22.646352767944336,0.27050161361694336,0.6242066621780396,1000000,1.9586739579727198e-16,3.4277283589290164e-07,,,0.5238664827229064,0.29631951072709073,75000,/home/ojab2/work/git/gsplat/results/vggt_outputs/bicycle_4_n100_s42_c0.0_p75000_imagefps_farthestpose_i100_gteval_gtext_gtint_steps15000/stats/val_step14999.json,/home/ojab2/work/git/gsplat/results/vggt_outputs/bicycle_4_n100_s42_c0.0_p75000_imagefps_farthestpose_i100_gteval_gtext_gtint_steps15000/stats/val_step14999.json,bicycle_4_n100_s42_c0.0_p75000_imagefps_farthestpose_i100_gteval_gtext_gtint_steps15000,0.7161,0.065623,100,,,,/home/ojab2/work/git/vggt/vggt_outputs/bicycle_4_n100_s42_c0.0_p75000_imagefps_farthestpose/eval_results.json,bicycle_4_n100_s42_c0.0_p75000_imagefps_farthestpose,bicycle_4_n100_s42_c0.0_p75000_imagefps_farthestpose_i100_gteval_gtext_gtint_steps15000_val_step14999.json,75000,vggt | imagefps,73125.0
vggt,100,42,0.0,75000,imagefps,,,,0,10,farthestpose,100,GT Eval,GT Extrinsics,GT Intrinsics,,,,,,,0.0,,vggt,bonsai,,,15000,15000,,MCMC,,,,,,,,,,,gsplat,25.964900970458984,0.21275445818901062,0.8378839492797852,1000000,2.8726653891030646e-16,8.305003262876198e-08,,,0.7459249491425131,0.2059743676240863,75000,/home/ojab2/work/git/gsplat/results/vggt_outputs/bonsai_2_n100_s42_c0.0_p75000_imagefps_farthestpose_i100_gteval_gtext_gtint_steps15000/stats/val_step14999.json,/home/ojab2/work/git/gsplat/results/vggt_outputs/bonsai_2_n100_s42_c0.0_p75000_imagefps_farthestpose_i100_gteval_gtext_gtint_steps15000/stats/val_step14999.json,bonsai_2_n100_s42_c0.0_p75000_imagefps_farthestpose_i100_gteval_gtext_gtint_steps15000,0.7215,0.105749,100,,,,/home/ojab2/work/git/vggt/vggt_outputs/bonsai_2_n100_s42_c0.0_p75000_imagefps_farthestpose/eval_results.json,bonsai_2_n100_s42_c0.0_p75000_imagefps_farthestpose,bonsai_2_n100_s42_c0.0_p75000_imagefps_farthestpose_i100_gteval_gtext_gtint_steps15000_val_step14999.json,75000,vggt | imagefps,73125.0
vggt,87,42,0.0,87000,imagefps,,,,0,10,farthestpose,87,GT Eval,GT Extrinsics,GT Intrinsics,,,,,,,0.0,,vggt,lego,,,15000,15000,,MCMC,,,,,,,,,,,gsplat,33.29658889770508,0.03176582604646683,0.9804548621177673,1000000,3.5242081613891967e-16,0.00956135056912899,0.0749012678861618,0.01770457811653614,1.0767931284902155,0.05734595175668539,86956,/home/ojab2/work/git/gsplat/results/vggt_outputs/lego_1_n87_s42_c0.0_p87000_imagefps_farthestpose_i87_gteval_gtext_gtint_steps15000/stats/val_step14999.json,/home/ojab2/work/git/gsplat/results/vggt_outputs/lego_1_n87_s42_c0.0_p87000_imagefps_farthestpose_i87_gteval_gtext_gtint_steps15000/stats/val_step14999.json,lego_1_n87_s42_c0.0_p87000_imagefps_farthestpose_i87_gteval_gtext_gtint_steps15000,0.2976,0.018838,87,0.0478,0.0135,0.118,/home/ojab2/work/git/vggt/vggt_outputs/lego_1_n87_s42_c0.0_p87000_imagefps_farthestpose/eval_results.json,lego_1_n87_s42_c0.0_p87000_imagefps_farthestpose,lego_1_n87_s42_c0.0_p87000_imagefps_farthestpose_i87_gteval_gtext_gtint_steps15000_val_step14999.json,86956,vggt | imagefps,84825.0
vggt,100,42,0.0,100000,imagefps,,,,0,10,farthestpose,100,GT Eval,GT Extrinsics,GT Intrinsics,,,,,,,0.0,,vggt,bicycle,,,15000,15000,,MCMC,,,,,,,,,,,gsplat,22.64336395263672,0.25978609919548035,0.62409508228302,1000000,2.0388342444251106e-16,4.793267862623907e-07,,,0.5303603979656648,0.2927792541567642,100000,/home/ojab2/work/git/gsplat/results/vggt_outputs/bicycle_4_n100_s42_c0.0_p100000_imagefps_farthestpose_i100_gteval_gtext_gtint_steps15000/stats/val_step14999.json,/home/ojab2/work/git/gsplat/results/vggt_outputs/bicycle_4_n100_s42_c0.0_p100000_imagefps_farthestpose_i100_gteval_gtext_gtint_steps15000/stats/val_step14999.json,bicycle_4_n100_s42_c0.0_p100000_imagefps_farthestpose_i100_gteval_gtext_gtint_steps15000,0.7161,0.065623,100,,,,/home/ojab2/work/git/vggt/vggt_outputs/bicycle_4_n100_s42_c0.0_p100000_imagefps_farthestpose/eval_results.json,bicycle_4_n100_s42_c0.0_p100000_imagefps_farthestpose,bicycle_4_n100_s42_c0.0_p100000_imagefps_farthestpose_i100_gteval_gtext_gtint_steps15000_val_step14999.json,100000,vggt | imagefps,97500.0
vggt,100,42,0.0,100000,imagefps,,,,0,10,farthestpose,100,GT Eval,GT Extrinsics,GT Intrinsics,,,,,,,0.0,,vggt,bonsai,,,15000,15000,,MCMC,,,,,,,,,,,gsplat,25.75049591064453,0.21643662452697754,0.8302592039108276,1000000,2.566989197889117e-16,7.873079539422179e-07,,,0.7352226274675019,0.21036438584084932,100000,/home/ojab2/work/git/gsplat/results/vggt_outputs/bonsai_2_n100_s42_c0.0_p100000_imagefps_farthestpose_i100_gteval_gtext_gtint_steps15000/stats/val_step14999.json,/home/ojab2/work/git/gsplat/results/vggt_outputs/bonsai_2_n100_s42_c0.0_p100000_imagefps_farthestpose_i100_gteval_gtext_gtint_steps15000/stats/val_step14999.json,bonsai_2_n100_s42_c0.0_p100000_imagefps_farthestpose_i100_gteval_gtext_gtint_steps15000,0.7215,0.105749,100,,,,/home/ojab2/work/git/vggt/vggt_outputs/bonsai_2_n100_s42_c0.0_p100000_imagefps_farthestpose/eval_results.json,bonsai_2_n100_s42_c0.0_p100000_imagefps_farthestpose,bonsai_2_n100_s42_c0.0_p100000_imagefps_farthestpose_i100_gteval_gtext_gtint_steps15000_val_step14999.json,100000,vggt | imagefps,97500.0
vggt,87,42,0.0,217500,imagefps,,,,0,10,farthestpose,87,GT Eval,GT Extrinsics,GT Intrinsics,,,,,,,0.0,,vggt,lego,,,15000,15000,,MCMC,,,,,,,,,,,gsplat,33.25316619873047,0.0317467637360096,0.9799433946609497,1000000,4.1021670639649797e-16,0.00956838671118021,0.07401293516159058,0.01748843491077423,1.0757016675175204,0.057946971699972434,217457,/home/ojab2/work/git/gsplat/results/vggt_outputs/lego_1_n87_s42_c0.0_p217500_imagefps_farthestpose_i87_gteval_gtext_gtint_steps15000/stats/val_step14999.json,/home/ojab2/work/git/gsplat/results/vggt_outputs/lego_1_n87_s42_c0.0_p217500_imagefps_farthestpose_i87_gteval_gtext_gtint_steps15000/stats/val_step14999.json,lego_1_n87_s42_c0.0_p217500_imagefps_farthestpose_i87_gteval_gtext_gtint_steps15000,0.2976,0.018838,87,0.0478,0.0135,0.118,/home/ojab2/work/git/vggt/vggt_outputs/lego_1_n87_s42_c0.0_p217500_imagefps_farthestpose/eval_results.json,lego_1_n87_s42_c0.0_p217500_imagefps_farthestpose,lego_1_n87_s42_c0.0_p217500_imagefps_farthestpose_i87_gteval_gtext_gtint_steps15000_val_step14999.json,217457,vggt | imagefps,212062.5
vggt,100,42,0.0,250000,imagefps,,,,0,10,farthestpose,100,GT Eval,GT Extrinsics,GT Intrinsics,,,,,,,0.0,,vggt,bicycle,,,15000,15000,,MCMC,,,,,,,,,,,gsplat,22.33940315246582,0.2520558536052704,0.6104289293289185,1000000,1.5602124542275558e-16,1.2074182542676226e-08,,,0.5215113484836228,0.294015797860941,250000,/home/ojab2/work/git/gsplat/results/vggt_outputs/bicycle_4_n100_s42_c0.0_p250000_imagefps_farthestpose_i100_gteval_gtext_gtint_steps15000/stats/val_step14999.json,/home/ojab2/work/git/gsplat/results/vggt_outputs/bicycle_4_n100_s42_c0.0_p250000_imagefps_farthestpose_i100_gteval_gtext_gtint_steps15000/stats/val_step14999.json,bicycle_4_n100_s42_c0.0_p250000_imagefps_farthestpose_i100_gteval_gtext_gtint_steps15000,0.7161,0.065623,100,,,,/home/ojab2/work/git/vggt/vggt_outputs/bicycle_4_n100_s42_c0.0_p250000_imagefps_farthestpose/eval_results.json,bicycle_4_n100_s42_c0.0_p250000_imagefps_farthestpose,bicycle_4_n100_s42_c0.0_p250000_imagefps_farthestpose_i100_gteval_gtext_gtint_steps15000_val_step14999.json,250000,vggt | imagefps,243750.0
vggt,100,42,0.0,250000,imagefps,,,,0,10,farthestpose,100,GT Eval,GT Extrinsics,GT Intrinsics,,,,,,,0.0,,vggt,bonsai,,,15000,15000,,MCMC,,,,,,,,,,,gsplat,24.98418426513672,0.22007311880588531,0.8180644512176514,1000000,3.104391898252568e-16,8.043834327509103e-07,,,0.7116554871908327,0.21659532300805176,250000,/home/ojab2/work/git/gsplat/results/vggt_outputs/bonsai_2_n100_s42_c0.0_p250000_imagefps_farthestpose_i100_gteval_gtext_gtint_steps15000/stats/val_step14999.json,/home/ojab2/work/git/gsplat/results/vggt_outputs/bonsai_2_n100_s42_c0.0_p250000_imagefps_farthestpose_i100_gteval_gtext_gtint_steps15000/stats/val_step14999.json,bonsai_2_n100_s42_c0.0_p250000_imagefps_farthestpose_i100_gteval_gtext_gtint_steps15000,0.7215,0.105749,100,,,,/home/ojab2/work/git/vggt/vggt_outputs/bonsai_2_n100_s42_c0.0_p250000_imagefps_farthestpose/eval_results.json,bonsai_2_n100_s42_c0.0_p250000_imagefps_farthestpose,bonsai_2_n100_s42_c0.0_p250000_imagefps_farthestpose_i100_gteval_gtext_gtint_steps15000_val_step14999.json,250000,vggt | imagefps,243750.0
vggt,87,42,0.0,435000,imagefps,,,,0,10,farthestpose,87,GT Eval,GT Extrinsics,GT Intrinsics,,,,,,,0.0,,vggt,lego,,,15000,15000,,MCMC,,,,,,,,,,,gsplat,33.22806930541992,0.031531769782304764,0.9795960187911987,1000000,3.3155995636504276e-16,0.009564387612044811,0.07331755012273788,0.017317963764071465,1.0751664787676134,0.05828327375971405,434958,/home/ojab2/work/git/gsplat/results/vggt_outputs/lego_1_n87_s42_c0.0_p435000_imagefps_farthestpose_i87_gteval_gtext_gtint_steps15000/stats/val_step14999.json,/home/ojab2/work/git/gsplat/results/vggt_outputs/lego_1_n87_s42_c0.0_p435000_imagefps_farthestpose_i87_gteval_gtext_gtint_steps15000/stats/val_step14999.json,lego_1_n87_s42_c0.0_p435000_imagefps_farthestpose_i87_gteval_gtext_gtint_steps15000,0.2976,0.018838,87,0.0478,0.0135,0.118,/home/ojab2/work/git/vggt/vggt_outputs/lego_1_n87_s42_c0.0_p435000_imagefps_farthestpose/eval_results.json,lego_1_n87_s42_c0.0_p435000_imagefps_farthestpose,lego_1_n87_s42_c0.0_p435000_imagefps_farthestpose_i87_gteval_gtext_gtint_steps15000_val_step14999.json,434958,vggt | imagefps,424125.0
vggt,100,42,0.0,500000,imagefps,,,,0,10,farthestpose,100,GT Eval,GT Extrinsics,GT Intrinsics,,,,,,,0.0,,vggt,bicycle,,,15000,15000,,MCMC,,,,,,,,,,,gsplat,22.114038467407227,0.26357370615005493,0.5861067175865173,1000000,1.8542795295037914e-16,9.660346904638573e-07,,,0.4960046272296422,0.3043550468380556,500000,/home/ojab2/work/git/gsplat/results/vggt_outputs/bicycle_4_n100_s42_c0.0_p500000_imagefps_farthestpose_i100_gteval_gtext_gtint_steps15000/stats/val_step14999.json,/home/ojab2/work/git/gsplat/results/vggt_outputs/bicycle_4_n100_s42_c0.0_p500000_imagefps_farthestpose_i100_gteval_gtext_gtint_steps15000/stats/val_step14999.json,bicycle_4_n100_s42_c0.0_p500000_imagefps_farthestpose_i100_gteval_gtext_gtint_steps15000,0.7161,0.065623,100,,,,/home/ojab2/work/git/vggt/vggt_outputs/bicycle_4_n100_s42_c0.0_p500000_imagefps_farthestpose/eval_results.json,bicycle_4_n100_s42_c0.0_p500000_imagefps_farthestpose,bicycle_4_n100_s42_c0.0_p500000_imagefps_farthestpose_i100_gteval_gtext_gtint_steps15000_val_step14999.json,500000,vggt | imagefps,487500.0
vggt,100,42,0.0,500000,imagefps,,,,0,10,farthestpose,100,GT Eval,GT Extrinsics,GT Intrinsics,,,,,,,0.0,,vggt,bonsai,,,15000,15000,,MCMC,,,,,,,,,,,gsplat,24.478696823120117,0.22984232008457184,0.8051757216453552,1000000,3.137836729477108e-16,1.1163521094204043e-06,,,0.6887269687195581,0.22493231135417235,500000,/home/ojab2/work/git/gsplat/results/vggt_outputs/bonsai_2_n100_s42_c0.0_p500000_imagefps_farthestpose_i100_gteval_gtext_gtint_steps15000/stats/val_step14999.json,/home/ojab2/work/git/gsplat/results/vggt_outputs/bonsai_2_n100_s42_c0.0_p500000_imagefps_farthestpose_i100_gteval_gtext_gtint_steps15000/stats/val_step14999.json,bonsai_2_n100_s42_c0.0_p500000_imagefps_farthestpose_i100_gteval_gtext_gtint_steps15000,0.7215,0.105749,100,,,,/home/ojab2/work/git/vggt/vggt_outputs/bonsai_2_n100_s42_c0.0_p500000_imagefps_farthestpose/eval_results.json,bonsai_2_n100_s42_c0.0_p500000_imagefps_farthestpose,bonsai_2_n100_s42_c0.0_p500000_imagefps_farthestpose_i100_gteval_gtext_gtint_steps15000_val_step14999.json,500000,vggt | imagefps,487500.0
vggt,87,42,0.0,870000,imagefps,,,,0,10,farthestpose,87,GT Eval,GT Extrinsics,GT Intrinsics,,,,,,,0.0,,vggt,lego,,,15000,15000,,MCMC,,,,,,,,,,,gsplat,33.21091079711914,0.031014584004878998,0.9794365167617798,1000000,2.323925946834003e-16,0.009543153457343578,0.07268215715885162,0.01716575399041176,1.0750747030531917,0.05829724849758836,869958,/home/ojab2/work/git/gsplat/results/vggt_outputs/lego_1_n87_s42_c0.0_p870000_imagefps_farthestpose_i87_gteval_gtext_gtint_steps15000/stats/val_step14999.json,/home/ojab2/work/git/gsplat/results/vggt_outputs/lego_1_n87_s42_c0.0_p870000_imagefps_farthestpose_i87_gteval_gtext_gtint_steps15000/stats/val_step14999.json,lego_1_n87_s42_c0.0_p870000_imagefps_farthestpose_i87_gteval_gtext_gtint_steps15000,0.2976,0.018838,87,0.0478,0.0135,0.118,/home/ojab2/work/git/vggt/vggt_outputs/lego_1_n87_s42_c0.0_p870000_imagefps_farthestpose/eval_results.json,lego_1_n87_s42_c0.0_p870000_imagefps_farthestpose,lego_1_n87_s42_c0.0_p870000_imagefps_farthestpose_i87_gteval_gtext_gtint_steps15000_val_step14999.json,869958,vggt | imagefps,848250.0
vggt,100,42,0.0,1000000,imagefps,,,,0,10,farthestpose,100,GT Eval,GT Extrinsics,GT Intrinsics,,,,,,,0.0,,vggt,bicycle,,,15000,15000,,MCMC,,,,,,,,,,,gsplat,21.670106887817383,0.29908084869384766,0.5486647486686707,1000000,1.8630657757958807e-16,1.0102676242240705e-06,,,0.44396979457143837,0.3259010894613572,1000000,/home/ojab2/work/git/gsplat/results/vggt_outputs/bicycle_4_n100_s42_c0.0_p1000000_imagefps_farthestpose_i100_gteval_gtext_gtint_steps15000/stats/val_step14999.json,/home/ojab2/work/git/gsplat/results/vggt_outputs/bicycle_4_n100_s42_c0.0_p1000000_imagefps_farthestpose_i100_gteval_gtext_gtint_steps15000/stats/val_step14999.json,bicycle_4_n100_s42_c0.0_p1000000_imagefps_farthestpose_i100_gteval_gtext_gtint_steps15000,0.7161,0.065623,100,,,,/home/ojab2/work/git/vggt/vggt_outputs/bicycle_4_n100_s42_c0.0_p1000000_imagefps_farthestpose/eval_results.json,bicycle_4_n100_s42_c0.0_p1000000_imagefps_farthestpose,bicycle_4_n100_s42_c0.0_p1000000_imagefps_farthestpose_i100_gteval_gtext_gtint_steps15000_val_step14999.json,1000000,vggt | imagefps,975000.0
vggt,100,42,0.0,1000000,imagefps,,,,0,10,farthestpose,100,GT Eval,GT Extrinsics,GT Intrinsics,,,,,,,0.0,,vggt,bonsai,,,15000,15000,,MCMC,,,,,,,,,,,gsplat,23.921785354614258,0.23873597383499146,0.7930815815925598,1000000,2.0887382493037818e-16,1.6901001345104305e-06,,,0.665851287132273,0.23255741826900866,1000000,/home/ojab2/work/git/gsplat/results/vggt_outputs/bonsai_2_n100_s42_c0.0_p1000000_imagefps_farthestpose_i100_gteval_gtext_gtint_steps15000/stats/val_step14999.json,/home/ojab2/work/git/gsplat/results/vggt_outputs/bonsai_2_n100_s42_c0.0_p1000000_imagefps_farthestpose_i100_gteval_gtext_gtint_steps15000/stats/val_step14999.json,bonsai_2_n100_s42_c0.0_p1000000_imagefps_farthestpose_i100_gteval_gtext_gtint_steps15000,0.7215,0.105749,100,,,,/home/ojab2/work/git/vggt/vggt_outputs/bonsai_2_n100_s42_c0.0_p1000000_imagefps_farthestpose/eval_results.json,bonsai_2_n100_s42_c0.0_p1000000_imagefps_farthestpose,bonsai_2_n100_s42_c0.0_p1000000_imagefps_farthestpose_i100_gteval_gtext_gtint_steps15000_val_step14999.json,1000000,vggt | imagefps,975000.0
vggt,87,42,0.0,870,random,,,,0,10,farthestpose,87,GT Eval,GT Extrinsics,GT Intrinsics,,,,,,,0.0,,vggt,lego,,,15000,15000,,MCMC,,,,,,,,,,,gsplat,31.891454696655273,0.04857086017727852,0.9696176648139954,968555,1.736890556832798e-16,0.009546979330480099,0.08355218172073364,0.019696487113833427,1.0340611046256378,0.07450769303900537,870,/home/ojab2/work/git/gsplat/results/vggt_outputs/lego_1_n87_s42_c0.0_p870_random_farthestpose_i87_gteval_gtext_gtint_steps15000/stats/val_step14999.json,/home/ojab2/work/git/gsplat/results/vggt_outputs/lego_1_n87_s42_c0.0_p870_random_farthestpose_i87_gteval_gtext_gtint_steps15000/stats/val_step14999.json,lego_1_n87_s42_c0.0_p870_random_farthestpose_i87_gteval_gtext_gtint_steps15000,0.3306,0.018825,87,0.0469,0.0133,0.1174,/home/ojab2/work/git/vggt/vggt_outputs/lego_1_n87_s42_c0.0_p870_random_farthestpose/eval_results.json,lego_1_n87_s42_c0.0_p870_random_farthestpose,lego_1_n87_s42_c0.0_p870_random_farthestpose_i87_gteval_gtext_gtint_steps15000_val_step14999.json,870,vggt | random,891.7499999999999
vggt,100,42,0.0,1000,random,,,,0,10,farthestpose,100,GT Eval,GT Extrinsics,GT Intrinsics,,,,,,,0.0,,vggt,bicycle,,,15000,15000,,MCMC,,,,,,,,,,,gsplat,21.656288146972656,0.5766024589538574,0.48278936743736267,1000000,0.0,0.0,,,0.2338806412450829,0.4342017521137489,1000,/home/ojab2/work/git/gsplat/results/vggt_outputs/bicycle_4_n100_s42_c0.0_p1000_random_farthestpose_i100_gteval_gtext_gtint_steps15000/stats/val_step14999.json,/home/ojab2/work/git/gsplat/results/vggt_outputs/bicycle_4_n100_s42_c0.0_p1000_random_farthestpose_i100_gteval_gtext_gtint_steps15000/stats/val_step14999.json,bicycle_4_n100_s42_c0.0_p1000_random_farthestpose_i100_gteval_gtext_gtint_steps15000,0.857,0.067143,100,,,,/home/ojab2/work/git/vggt/vggt_outputs/bicycle_4_n100_s42_c0.0_p1000_random_farthestpose/eval_results.json,bicycle_4_n100_s42_c0.0_p1000_random_farthestpose,bicycle_4_n100_s42_c0.0_p1000_random_farthestpose_i100_gteval_gtext_gtint_steps15000_val_step14999.json,1000,vggt | random,1025.0
vggt,100,42,0.0,1000,random,,,,0,10,farthestpose,100,GT Eval,GT Extrinsics,GT Intrinsics,,,,,,,0.0,,vggt,bonsai,,,15000,15000,,MCMC,,,,,,,,,,,gsplat,24.852943420410156,0.34212034940719604,0.7975001335144043,1000000,1.7124421419503847e-16,1.4751429944226402e-07,,,0.6218613877243775,0.26513046340485613,1000,/home/ojab2/work/git/gsplat/results/vggt_outputs/bonsai_2_n100_s42_c0.0_p1000_random_farthestpose_i100_gteval_gtext_gtint_steps15000/stats/val_step14999.json,/home/ojab2/work/git/gsplat/results/vggt_outputs/bonsai_2_n100_s42_c0.0_p1000_random_farthestpose_i100_gteval_gtext_gtint_steps15000/stats/val_step14999.json,bonsai_2_n100_s42_c0.0_p1000_random_farthestpose_i100_gteval_gtext_gtint_steps15000,0.7897,0.107121,100,,,,/home/ojab2/work/git/vggt/vggt_outputs/bonsai_2_n100_s42_c0.0_p1000_random_farthestpose/eval_results.json,bonsai_2_n100_s42_c0.0_p1000_random_farthestpose,bonsai_2_n100_s42_c0.0_p1000_random_farthestpose_i100_gteval_gtext_gtint_steps15000_val_step14999.json,1000,vggt | random,1025.0
vggt,87,42,0.0,4350,random,,,,0,10,farthestpose,87,GT Eval,GT Extrinsics,GT Intrinsics,,,,,,,0.0,,vggt,lego,,,15000,15000,,MCMC,,,,,,,,,,,gsplat,32.95500564575195,0.03507247939705849,0.9786287546157837,1000000,3.1058715589323026e-16,0.009560161270201206,0.07824025303125381,0.01848285272717476,1.0673584695457636,0.060589320060475044,4350,/home/ojab2/work/git/gsplat/results/vggt_outputs/lego_1_n87_s42_c0.0_p4350_random_farthestpose_i87_gteval_gtext_gtint_steps15000/stats/val_step14999.json,/home/ojab2/work/git/gsplat/results/vggt_outputs/lego_1_n87_s42_c0.0_p4350_random_farthestpose_i87_gteval_gtext_gtint_steps15000/stats/val_step14999.json,lego_1_n87_s42_c0.0_p4350_random_farthestpose_i87_gteval_gtext_gtint_steps15000,0.3306,0.018825,87,0.0469,0.0133,0.1174,/home/ojab2/work/git/vggt/vggt_outputs/lego_1_n87_s42_c0.0_p4350_random_farthestpose/eval_results.json,lego_1_n87_s42_c0.0_p4350_random_farthestpose,lego_1_n87_s42_c0.0_p4350_random_farthestpose_i87_gteval_gtext_gtint_steps15000_val_step14999.json,4350,vggt | random,4458.75
vggt,100,42,0.0,5000,random,,,,0,10,farthestpose,100,GT Eval,GT Extrinsics,GT Intrinsics,,,,,,,0.0,,vggt,bicycle,,,15000,15000,,MCMC,,,,,,,,,,,gsplat,22.492956161499023,0.42037561535835266,0.5662214756011963,1000000,0.0,0.0,,,0.3946015231016009,0.3615422684443668,5000,/home/ojab2/work/git/gsplat/results/vggt_outputs/bicycle_4_n100_s42_c0.0_p5000_random_farthestpose_i100_gteval_gtext_gtint_steps15000/stats/val_step14999.json,/home/ojab2/work/git/gsplat/results/vggt_outputs/bicycle_4_n100_s42_c0.0_p5000_random_farthestpose_i100_gteval_gtext_gtint_steps15000/stats/val_step14999.json,bicycle_4_n100_s42_c0.0_p5000_random_farthestpose_i100_gteval_gtext_gtint_steps15000,0.857,0.067143,100,,,,/home/ojab2/work/git/vggt/vggt_outputs/bicycle_4_n100_s42_c0.0_p5000_random_farthestpose/eval_results.json,bicycle_4_n100_s42_c0.0_p5000_random_farthestpose,bicycle_4_n100_s42_c0.0_p5000_random_farthestpose_i100_gteval_gtext_gtint_steps15000_val_step14999.json,5000,vggt | random,5125.0
vggt,100,42,0.0,5000,random,,,,0,10,farthestpose,100,GT Eval,GT Extrinsics,GT Intrinsics,,,,,,,0.0,,vggt,bonsai,,,15000,15000,,MCMC,,,,,,,,,,,gsplat,26.102811813354492,0.2530997395515442,0.8389427065849304,1000000,2.837618871514826e-16,3.2832147667249956e-07,,,0.7241935152911458,0.2189574334365278,5000,/home/ojab2/work/git/gsplat/results/vggt_outputs/bonsai_2_n100_s42_c0.0_p5000_random_farthestpose_i100_gteval_gtext_gtint_steps15000/stats/val_step14999.json,/home/ojab2/work/git/gsplat/results/vggt_outputs/bonsai_2_n100_s42_c0.0_p5000_random_farthestpose_i100_gteval_gtext_gtint_steps15000/stats/val_step14999.json,bonsai_2_n100_s42_c0.0_p5000_random_farthestpose_i100_gteval_gtext_gtint_steps15000,0.7897,0.107121,100,,,,/home/ojab2/work/git/vggt/vggt_outputs/bonsai_2_n100_s42_c0.0_p5000_random_farthestpose/eval_results.json,bonsai_2_n100_s42_c0.0_p5000_random_farthestpose,bonsai_2_n100_s42_c0.0_p5000_random_farthestpose_i100_gteval_gtext_gtint_steps15000_val_step14999.json,5000,vggt | random,5125.0
vggt,87,42,0.0,8700,random,,,,0,10,farthestpose,87,GT Eval,GT Extrinsics,GT Intrinsics,,,,,,,0.0,,vggt,lego,,,15000,15000,,MCMC,,,,,,,,,,,gsplat,33.12849426269531,0.03347594663500786,0.979841411113739,1000000,2.4410563097582876e-16,0.009554735384881496,0.07680182158946991,0.01814933679997921,1.0722658916087875,0.05864782267192982,8700,/home/ojab2/work/git/gsplat/results/vggt_outputs/lego_1_n87_s42_c0.0_p8700_random_farthestpose_i87_gteval_gtext_gtint_steps15000/stats/val_step14999.json,/home/ojab2/work/git/gsplat/results/vggt_outputs/lego_1_n87_s42_c0.0_p8700_random_farthestpose_i87_gteval_gtext_gtint_steps15000/stats/val_step14999.json,lego_1_n87_s42_c0.0_p8700_random_farthestpose_i87_gteval_gtext_gtint_steps15000,0.3306,0.018825,87,0.0469,0.0133,0.1174,/home/ojab2/work/git/vggt/vggt_outputs/lego_1_n87_s42_c0.0_p8700_random_farthestpose/eval_results.json,lego_1_n87_s42_c0.0_p8700_random_farthestpose,lego_1_n87_s42_c0.0_p8700_random_farthestpose_i87_gteval_gtext_gtint_steps15000_val_step14999.json,8700,vggt | random,8917.5
vggt,100,42,0.0,10000,random,,,,0,10,farthestpose,100,GT Eval,GT Extrinsics,GT Intrinsics,,,,,,,0.0,,vggt,bicycle,,,15000,15000,,MCMC,,,,,,,,,,,gsplat,22.74217414855957,0.36722230911254883,0.5959244966506958,1000000,0.0,0.0,,,0.449397541626155,0.33607002115504914,10000,/home/ojab2/work/git/gsplat/results/vggt_outputs/bicycle_4_n100_s42_c0.0_p10000_random_farthestpose_i100_gteval_gtext_gtint_steps15000/stats/val_step14999.json,/home/ojab2/work/git/gsplat/results/vggt_outputs/bicycle_4_n100_s42_c0.0_p10000_random_farthestpose_i100_gteval_gtext_gtint_steps15000/stats/val_step14999.json,bicycle_4_n100_s42_c0.0_p10000_random_farthestpose_i100_gteval_gtext_gtint_steps15000,0.857,0.067143,100,,,,/home/ojab2/work/git/vggt/vggt_outputs/bicycle_4_n100_s42_c0.0_p10000_random_farthestpose/eval_results.json,bicycle_4_n100_s42_c0.0_p10000_random_farthestpose,bicycle_4_n100_s42_c0.0_p10000_random_farthestpose_i100_gteval_gtext_gtint_steps15000_val_step14999.json,10000,vggt | random,10250.0
vggt,100,42,0.0,10000,random,,,,0,10,farthestpose,100,GT Eval,GT Extrinsics,GT Intrinsics,,,,,,,0.0,,vggt,bonsai,,,15000,15000,,MCMC,,,,,,,,,,,gsplat,26.495908737182617,0.23313719034194946,0.8478267788887024,1000000,1.5970336381891903e-16,1.4751429944226402e-07,,,0.7489910131154547,0.20849062779393948,10000,/home/ojab2/work/git/gsplat/results/vggt_outputs/bonsai_2_n100_s42_c0.0_p10000_random_farthestpose_i100_gteval_gtext_gtint_steps15000/stats/val_step14999.json,/home/ojab2/work/git/gsplat/results/vggt_outputs/bonsai_2_n100_s42_c0.0_p10000_random_farthestpose_i100_gteval_gtext_gtint_steps15000/stats/val_step14999.json,bonsai_2_n100_s42_c0.0_p10000_random_farthestpose_i100_gteval_gtext_gtint_steps15000,0.7897,0.107121,100,,,,/home/ojab2/work/git/vggt/vggt_outputs/bonsai_2_n100_s42_c0.0_p10000_random_farthestpose/eval_results.json,bonsai_2_n100_s42_c0.0_p10000_random_farthestpose,bonsai_2_n100_s42_c0.0_p10000_random_farthestpose_i100_gteval_gtext_gtint_steps15000_val_step14999.json,10000,vggt | random,10250.0
vggt,87,42,0.0,17400,random,,,,0,10,farthestpose,87,GT Eval,GT Extrinsics,GT Intrinsics,,,,,,,0.0,,vggt,lego,,,15000,15000,,MCMC,,,,,,,,,,,gsplat,33.231773376464844,0.032543428242206573,0.9804955124855042,1000000,2.436927288838219e-16,0.009499877691268921,0.0757063627243042,0.017899593338370323,1.075136611849321,0.05755901226817232,17400,/home/ojab2/work/git/gsplat/results/vggt_outputs/lego_1_n87_s42_c0.0_p17400_random_farthestpose_i87_gteval_gtext_gtint_steps15000/stats/val_step14999.json,/home/ojab2/work/git/gsplat/results/vggt_outputs/lego_1_n87_s42_c0.0_p17400_random_farthestpose_i87_gteval_gtext_gtint_steps15000/stats/val_step14999.json,lego_1_n87_s42_c0.0_p17400_random_farthestpose_i87_gteval_gtext_gtint_steps15000,0.3306,0.018825,87,0.0469,0.0133,0.1174,/home/ojab2/work/git/vggt/vggt_outputs/lego_1_n87_s42_c0.0_p17400_random_farthestpose/eval_results.json,lego_1_n87_s42_c0.0_p17400_random_farthestpose,lego_1_n87_s42_c0.0_p17400_random_farthestpose_i87_gteval_gtext_gtint_steps15000_val_step14999.json,17400,vggt | random,17835.0
vggt,100,42,0.0,20000,random,,,,0,10,farthestpose,100,GT Eval,GT Extrinsics,GT Intrinsics,,,,,,,0.0,,vggt,bicycle,,,15000,15000,,MCMC,,,,,,,,,,,gsplat,22.847230911254883,0.31998029351234436,0.6195282340049744,1000000,0.0,0.0,,,0.494308130434382,0.3139985124047926,20000,/home/ojab2/work/git/gsplat/results/vggt_outputs/bicycle_4_n100_s42_c0.0_p20000_random_farthestpose_i100_gteval_gtext_gtint_steps15000/stats/val_step14999.json,/home/ojab2/work/git/gsplat/results/vggt_outputs/bicycle_4_n100_s42_c0.0_p20000_random_farthestpose_i100_gteval_gtext_gtint_steps15000/stats/val_step14999.json,bicycle_4_n100_s42_c0.0_p20000_random_farthestpose_i100_gteval_gtext_gtint_steps15000,0.857,0.067143,100,,,,/home/ojab2/work/git/vggt/vggt_outputs/bicycle_4_n100_s42_c0.0_p20000_random_farthestpose/eval_results.json,bicycle_4_n100_s42_c0.0_p20000_random_farthestpose,bicycle_4_n100_s42_c0.0_p20000_random_farthestpose_i100_gteval_gtext_gtint_steps15000_val_step14999.json,20000,vggt | random,20500.0
vggt,100,42,0.0,20000,random,,,,0,10,farthestpose,100,GT Eval,GT Extrinsics,GT Intrinsics,,,,,,,0.0,,vggt,bonsai,,,15000,15000,,MCMC,,,,,,,,,,,gsplat,26.46219253540039,0.22295178472995758,0.8469083905220032,1000000,3.666229646259733e-16,7.304690825549187e-07,,,0.7541168572028942,0.20549310300146534,20000,/home/ojab2/work/git/gsplat/results/vggt_outputs/bonsai_2_n100_s42_c0.0_p20000_random_farthestpose_i100_gteval_gtext_gtint_steps15000/stats/val_step14999.json,/home/ojab2/work/git/gsplat/results/vggt_outputs/bonsai_2_n100_s42_c0.0_p20000_random_farthestpose_i100_gteval_gtext_gtint_steps15000/stats/val_step14999.json,bonsai_2_n100_s42_c0.0_p20000_random_farthestpose_i100_gteval_gtext_gtint_steps15000,0.7897,0.107121,100,,,,/home/ojab2/work/git/vggt/vggt_outputs/bonsai_2_n100_s42_c0.0_p20000_random_farthestpose/eval_results.json,bonsai_2_n100_s42_c0.0_p20000_random_farthestpose,bonsai_2_n100_s42_c0.0_p20000_random_farthestpose_i100_gteval_gtext_gtint_steps15000_val_step14999.json,20000,vggt | random,20500.0
vggt,87,42,0.0,26100,random,,,,0,10,farthestpose,87,GT Eval,GT Extrinsics,GT Intrinsics,,,,,,,0.0,,vggt,lego,,,15000,15000,,MCMC,,,,,,,,,,,gsplat,33.27073669433594,0.03220921754837036,0.9806287288665771,1000000,3.4589527431327254e-16,0.00955095887184143,0.07536805421113968,0.017816632986068726,1.0761423619867068,0.057286942977219354,26100,/home/ojab2/work/git/gsplat/results/vggt_outputs/lego_1_n87_s42_c0.0_p26100_random_farthestpose_i87_gteval_gtext_gtint_steps15000/stats/val_step14999.json,/home/ojab2/work/git/gsplat/results/vggt_outputs/lego_1_n87_s42_c0.0_p26100_random_farthestpose_i87_gteval_gtext_gtint_steps15000/stats/val_step14999.json,lego_1_n87_s42_c0.0_p26100_random_farthestpose_i87_gteval_gtext_gtint_steps15000,0.3306,0.018825,87,0.0469,0.0133,0.1174,/home/ojab2/work/git/vggt/vggt_outputs/lego_1_n87_s42_c0.0_p26100_random_farthestpose/eval_results.json,lego_1_n87_s42_c0.0_p26100_random_farthestpose,lego_1_n87_s42_c0.0_p26100_random_farthestpose_i87_gteval_gtext_gtint_steps15000_val_step14999.json,26100,vggt | random,26752.499999999996
vggt,100,42,0.0,30000,random,,,,0,10,farthestpose,100,GT Eval,GT Extrinsics,GT Intrinsics,,,,,,,0.0,,vggt,bicycle,,,15000,15000,,MCMC,,,,,,,,,,,gsplat,22.836034774780273,0.2951236367225647,0.6265453100204468,1000000,0.0,0.0,,,0.5135479631014966,0.30381257978938175,30000,/home/ojab2/work/git/gsplat/results/vggt_outputs/bicycle_4_n100_s42_c0.0_p30000_random_farthestpose_i100_gteval_gtext_gtint_steps15000/stats/val_step14999.json,/home/ojab2/work/git/gsplat/results/vggt_outputs/bicycle_4_n100_s42_c0.0_p30000_random_farthestpose_i100_gteval_gtext_gtint_steps15000/stats/val_step14999.json,bicycle_4_n100_s42_c0.0_p30000_random_farthestpose_i100_gteval_gtext_gtint_steps15000,0.857,0.067143,100,,,,/home/ojab2/work/git/vggt/vggt_outputs/bicycle_4_n100_s42_c0.0_p30000_random_farthestpose/eval_results.json,bicycle_4_n100_s42_c0.0_p30000_random_farthestpose,bicycle_4_n100_s42_c0.0_p30000_random_farthestpose_i100_gteval_gtext_gtint_steps15000_val_step14999.json,30000,vggt | random,30749.999999999996
vggt,100,42,0.0,30000,random,,,,0,10,farthestpose,100,GT Eval,GT Extrinsics,GT Intrinsics,,,,,,,0.0,,vggt,bonsai,,,15000,15000,,MCMC,,,,,,,,,,,gsplat,26.539182662963867,0.21707697212696075,0.8471147418022156,1000000,2.5248228389836136e-16,6.057220502952987e-07,,,0.7592897011019177,0.20343367709192006,30000,/home/ojab2/work/git/gsplat/results/vggt_outputs/bonsai_2_n100_s42_c0.0_p30000_random_farthestpose_i100_gteval_gtext_gtint_steps15000/stats/val_step14999.json,/home/ojab2/work/git/gsplat/results/vggt_outputs/bonsai_2_n100_s42_c0.0_p30000_random_farthestpose_i100_gteval_gtext_gtint_steps15000/stats/val_step14999.json,bonsai_2_n100_s42_c0.0_p30000_random_farthestpose_i100_gteval_gtext_gtint_steps15000,0.7897,0.107121,100,,,,/home/ojab2/work/git/vggt/vggt_outputs/bonsai_2_n100_s42_c0.0_p30000_random_farthestpose/eval_results.json,bonsai_2_n100_s42_c0.0_p30000_random_farthestpose,bonsai_2_n100_s42_c0.0_p30000_random_farthestpose_i100_gteval_gtext_gtint_steps15000_val_step14999.json,30000,vggt | random,30749.999999999996
vggt,87,42,0.0,43500,random,,,,0,10,farthestpose,87,GT Eval,GT Extrinsics,GT Intrinsics,,,,,,,0.0,,vggt,lego,,,15000,15000,,MCMC,,,,,,,,,,,gsplat,33.27335739135742,0.032117944210767746,0.980728030204773,1000000,3.131115523040645e-16,0.009513764642179012,0.07464680820703506,0.01764816977083683,1.0763053059374612,0.05713735930156089,43500,/home/ojab2/work/git/gsplat/results/vggt_outputs/lego_1_n87_s42_c0.0_p43500_random_farthestpose_i87_gteval_gtext_gtint_steps15000/stats/val_step14999.json,/home/ojab2/work/git/gsplat/results/vggt_outputs/lego_1_n87_s42_c0.0_p43500_random_farthestpose_i87_gteval_gtext_gtint_steps15000/stats/val_step14999.json,lego_1_n87_s42_c0.0_p43500_random_farthestpose_i87_gteval_gtext_gtint_steps15000,0.3306,0.018825,87,0.0469,0.0133,0.1174,/home/ojab2/work/git/vggt/vggt_outputs/lego_1_n87_s42_c0.0_p43500_random_farthestpose/eval_results.json,lego_1_n87_s42_c0.0_p43500_random_farthestpose,lego_1_n87_s42_c0.0_p43500_random_farthestpose_i87_gteval_gtext_gtint_steps15000_val_step14999.json,43500,vggt | random,44587.49999999999
vggt,100,42,0.0,50000,random,,,,0,10,farthestpose,100,GT Eval,GT Extrinsics,GT Intrinsics,,,,,,,0.0,,vggt,bicycle,,,15000,15000,,MCMC,,,,,,,,,,,gsplat,22.829973220825195,0.2726561725139618,0.6339620351791382,1000000,0.0,0.0,,,0.5316417833440408,0.29429295546525874,50000,/home/ojab2/work/git/gsplat/results/vggt_outputs/bicycle_4_n100_s42_c0.0_p50000_random_farthestpose_i100_gteval_gtext_gtint_steps15000/stats/val_step14999.json,/home/ojab2/work/git/gsplat/results/vggt_outputs/bicycle_4_n100_s42_c0.0_p50000_random_farthestpose_i100_gteval_gtext_gtint_steps15000/stats/val_step14999.json,bicycle_4_n100_s42_c0.0_p50000_random_farthestpose_i100_gteval_gtext_gtint_steps15000,0.857,0.067143,100,,,,/home/ojab2/work/git/vggt/vggt_outputs/bicycle_4_n100_s42_c0.0_p50000_random_farthestpose/eval_results.json,bicycle_4_n100_s42_c0.0_p50000_random_farthestpose,bicycle_4_n100_s42_c0.0_p50000_random_farthestpose_i100_gteval_gtext_gtint_steps15000_val_step14999.json,50000,vggt | random,51249.99999999999
vggt,100,42,0.0,50000,random,,,,0,10,farthestpose,100,GT Eval,GT Extrinsics,GT Intrinsics,,,,,,,0.0,,vggt,bonsai,,,15000,15000,,MCMC,,,,,,,,,,,gsplat,26.382709503173828,0.21233366429805756,0.8441528081893921,1000000,1.6565321440800885e-16,1.1492983276184532e-06,,,0.7575878928705342,0.20313617763576855,50000,/home/ojab2/work/git/gsplat/results/vggt_outputs/bonsai_2_n100_s42_c0.0_p50000_random_farthestpose_i100_gteval_gtext_gtint_steps15000/stats/val_step14999.json,/home/ojab2/work/git/gsplat/results/vggt_outputs/bonsai_2_n100_s42_c0.0_p50000_random_farthestpose_i100_gteval_gtext_gtint_steps15000/stats/val_step14999.json,bonsai_2_n100_s42_c0.0_p50000_random_farthestpose_i100_gteval_gtext_gtint_steps15000,0.7897,0.107121,100,,,,/home/ojab2/work/git/vggt/vggt_outputs/bonsai_2_n100_s42_c0.0_p50000_random_farthestpose/eval_results.json,bonsai_2_n100_s42_c0.0_p50000_random_farthestpose,bonsai_2_n100_s42_c0.0_p50000_random_farthestpose_i100_gteval_gtext_gtint_steps15000_val_step14999.json,50000,vggt | random,51249.99999999999
vggt,87,42,0.0,65250,random,,,,0,10,farthestpose,87,GT Eval,GT Extrinsics,GT Intrinsics,,,,,,,0.0,,vggt,lego,,,15000,15000,,MCMC,,,,,,,,,,,gsplat,33.30424118041992,0.03199765458703041,0.9807713031768799,1000000,3.3401015798365343e-16,0.009516707621514797,0.07395219802856445,0.017483675852417946,1.0769767866429374,0.05704416995303632,65250,/home/ojab2/work/git/gsplat/results/vggt_outputs/lego_1_n87_s42_c0.0_p65250_random_farthestpose_i87_gteval_gtext_gtint_steps15000/stats/val_step14999.json,/home/ojab2/work/git/gsplat/results/vggt_outputs/lego_1_n87_s42_c0.0_p65250_random_farthestpose_i87_gteval_gtext_gtint_steps15000/stats/val_step14999.json,lego_1_n87_s42_c0.0_p65250_random_farthestpose_i87_gteval_gtext_gtint_steps15000,0.3306,0.018825,87,0.0469,0.0133,0.1174,/home/ojab2/work/git/vggt/vggt_outputs/lego_1_n87_s42_c0.0_p65250_random_farthestpose/eval_results.json,lego_1_n87_s42_c0.0_p65250_random_farthestpose,lego_1_n87_s42_c0.0_p65250_random_farthestpose_i87_gteval_gtext_gtint_steps15000_val_step14999.json,65250,vggt | random,66881.25
vggt,100,42,0.0,75000,random,,,,0,10,farthestpose,100,GT Eval,GT Extrinsics,GT Intrinsics,,,,,,,0.0,,vggt,bicycle,,,15000,15000,,MCMC,,,,,,,,,,,gsplat,22.72933578491211,0.2576987147331238,0.6338861584663391,1000000,0.0,0.0,,,0.5389667534069088,0.28936876591312755,75000,/home/ojab2/work/git/gsplat/results/vggt_outputs/bicycle_4_n100_s42_c0.0_p75000_random_farthestpose_i100_gteval_gtext_gtint_steps15000/stats/val_step14999.json,/home/ojab2/work/git/gsplat/results/vggt_outputs/bicycle_4_n100_s42_c0.0_p75000_random_farthestpose_i100_gteval_gtext_gtint_steps15000/stats/val_step14999.json,bicycle_4_n100_s42_c0.0_p75000_random_farthestpose_i100_gteval_gtext_gtint_steps15000,0.857,0.067143,100,,,,/home/ojab2/work/git/vggt/vggt_outputs/bicycle_4_n100_s42_c0.0_p75000_random_farthestpose/eval_results.json,bicycle_4_n100_s42_c0.0_p75000_random_farthestpose,bicycle_4_n100_s42_c0.0_p75000_random_farthestpose_i100_gteval_gtext_gtint_steps15000_val_step14999.json,75000,vggt | random,76875.0
vggt,100,42,0.0,75000,random,,,,0,10,farthestpose,100,GT Eval,GT Extrinsics,GT Intrinsics,,,,,,,0.0,,vggt,bonsai,,,15000,15000,,MCMC,,,,,,,,,,,gsplat,26.183855056762695,0.21101103723049164,0.8405067920684814,1000000,2.781343061290434e-16,2.381985240162976e-07,,,0.7525896664135172,0.2042616039712793,75000,/home/ojab2/work/git/gsplat/results/vggt_outputs/bonsai_2_n100_s42_c0.0_p75000_random_farthestpose_i100_gteval_gtext_gtint_steps15000/stats/val_step14999.json,/home/ojab2/work/git/gsplat/results/vggt_outputs/bonsai_2_n100_s42_c0.0_p75000_random_farthestpose_i100_gteval_gtext_gtint_steps15000/stats/val_step14999.json,bonsai_2_n100_s42_c0.0_p75000_random_farthestpose_i100_gteval_gtext_gtint_steps15000,0.7897,0.107121,100,,,,/home/ojab2/work/git/vggt/vggt_outputs/bonsai_2_n100_s42_c0.0_p75000_random_farthestpose/eval_results.json,bonsai_2_n100_s42_c0.0_p75000_random_farthestpose,bonsai_2_n100_s42_c0.0_p75000_random_farthestpose_i100_gteval_gtext_gtint_steps15000_val_step14999.json,75000,vggt | random,76875.0
vggt,87,42,0.0,87000,random,,,,0,10,farthestpose,87,GT Eval,GT Extrinsics,GT Intrinsics,,,,,,,0.0,,vggt,lego,,,15000,15000,,MCMC,,,,,,,,,,,gsplat,33.30177307128906,0.031975213438272476,0.9807279109954834,1000000,4.0672828061256994e-16,0.00951303355395794,0.07393798977136612,0.01747807301580906,1.0769195579345774,0.05708890244596826,87000,/home/ojab2/work/git/gsplat/results/vggt_outputs/lego_1_n87_s42_c0.0_p87000_random_farthestpose_i87_gteval_gtext_gtint_steps15000/stats/val_step14999.json,/home/ojab2/work/git/gsplat/results/vggt_outputs/lego_1_n87_s42_c0.0_p87000_random_farthestpose_i87_gteval_gtext_gtint_steps15000/stats/val_step14999.json,lego_1_n87_s42_c0.0_p87000_random_farthestpose_i87_gteval_gtext_gtint_steps15000,0.3306,0.018825,87,0.0469,0.0133,0.1174,/home/ojab2/work/git/vggt/vggt_outputs/lego_1_n87_s42_c0.0_p87000_random_farthestpose/eval_results.json,lego_1_n87_s42_c0.0_p87000_random_farthestpose,lego_1_n87_s42_c0.0_p87000_random_farthestpose_i87_gteval_gtext_gtint_steps15000_val_step14999.json,87000,vggt | random,89174.99999999999
vggt,100,42,0.0,100000,random,,,,0,10,farthestpose,100,GT Eval,GT Extrinsics,GT Intrinsics,,,,,,,0.0,,vggt,bicycle,,,15000,15000,,MCMC,,,,,,,,,,,gsplat,22.770076751708984,0.2482174187898636,0.6338316798210144,1000000,0.0,0.0,,,0.5455420087149113,0.2862067375847416,100000,/home/ojab2/work/git/gsplat/results/vggt_outputs/bicycle_4_n100_s42_c0.0_p100000_random_farthestpose_i100_gteval_gtext_gtint_steps15000/stats/val_step14999.json,/home/ojab2/work/git/gsplat/results/vggt_outputs/bicycle_4_n100_s42_c0.0_p100000_random_farthestpose_i100_gteval_gtext_gtint_steps15000/stats/val_step14999.json,bicycle_4_n100_s42_c0.0_p100000_random_farthestpose_i100_gteval_gtext_gtint_steps15000,0.7161,0.065623,100,,,,/home/ojab2/work/git/vggt/vggt_outputs/bicycle_4_n100_s42_c0.0_p100000_random_farthestpose/eval_results.json,bicycle_4_n100_s42_c0.0_p100000_random_farthestpose,bicycle_4_n100_s42_c0.0_p100000_random_farthestpose_i100_gteval_gtext_gtint_steps15000_val_step14999.json,100000,vggt | random,102499.99999999999
vggt,100,42,0.0,100000,random,,,,0,10,farthestpose,100,GT Eval,GT Extrinsics,GT Intrinsics,,,,,,,0.0,,vggt,bonsai,,,15000,15000,,MCMC,,,,,,,,,,,gsplat,26.098609924316406,0.21166729927062988,0.8379709124565125,1000000,1.6629870645337583e-16,9.712622386359726e-07,,,0.7491229822916052,0.2055503875422825,100000,/home/ojab2/work/git/gsplat/results/vggt_outputs/bonsai_2_n100_s42_c0.0_p100000_random_farthestpose_i100_gteval_gtext_gtint_steps15000/stats/val_step14999.json,/home/ojab2/work/git/gsplat/results/vggt_outputs/bonsai_2_n100_s42_c0.0_p100000_random_farthestpose_i100_gteval_gtext_gtint_steps15000/stats/val_step14999.json,bonsai_2_n100_s42_c0.0_p100000_random_farthestpose_i100_gteval_gtext_gtint_steps15000,0.7897,0.107121,100,,,,/home/ojab2/work/git/vggt/vggt_outputs/bonsai_2_n100_s42_c0.0_p100000_random_farthestpose/eval_results.json,bonsai_2_n100_s42_c0.0_p100000_random_farthestpose,bonsai_2_n100_s42_c0.0_p100000_random_farthestpose_i100_gteval_gtext_gtint_steps15000_val_step14999.json,100000,vggt | random,102499.99999999999
vggt,87,42,0.0,217500,random,,,,0,10,farthestpose,87,GT Eval,GT Extrinsics,GT Intrinsics,,,,,,,0.0,,vggt,lego,,,15000,15000,,MCMC,,,,,,,,,,,gsplat,33.2996940612793,0.03160301223397255,0.9803375005722046,1000000,2.3910403377119013e-16,0.009513902477920055,0.07318975031375885,0.017301516607403755,1.0768825013899739,0.057431271636494564,217500,/home/ojab2/work/git/gsplat/results/vggt_outputs/lego_1_n87_s42_c0.0_p217500_random_farthestpose_i87_gteval_gtext_gtint_steps15000/stats/val_step14999.json,/home/ojab2/work/git/gsplat/results/vggt_outputs/lego_1_n87_s42_c0.0_p217500_random_farthestpose_i87_gteval_gtext_gtint_steps15000/stats/val_step14999.json,lego_1_n87_s42_c0.0_p217500_random_farthestpose_i87_gteval_gtext_gtint_steps15000,0.3306,0.018825,87,0.0469,0.0133,0.1174,/home/ojab2/work/git/vggt/vggt_outputs/lego_1_n87_s42_c0.0_p217500_random_farthestpose/eval_results.json,lego_1_n87_s42_c0.0_p217500_random_farthestpose,lego_1_n87_s42_c0.0_p217500_random_farthestpose_i87_gteval_gtext_gtint_steps15000_val_step14999.json,217500,vggt | random,222937.49999999997
vggt,100,42,0.0,250000,random,,,,0,10,farthestpose,100,GT Eval,GT Extrinsics,GT Intrinsics,,,,,,,0.0,,vggt,bicycle,,,15000,15000,,MCMC,,,,,,,,,,,gsplat,22.521469116210938,0.23187872767448425,0.6222234964370728,1000000,0.0,0.0,,,0.5442353640770741,0.28403655702438,250000,/home/ojab2/work/git/gsplat/results/vggt_outputs/bicycle_4_n100_s42_c0.0_p250000_random_farthestpose_i100_gteval_gtext_gtint_steps15000/stats/val_step14999.json,/home/ojab2/work/git/gsplat/results/vggt_outputs/bicycle_4_n100_s42_c0.0_p250000_random_farthestpose_i100_gteval_gtext_gtint_steps15000/stats/val_step14999.json,bicycle_4_n100_s42_c0.0_p250000_random_farthestpose_i100_gteval_gtext_gtint_steps15000,0.857,0.067143,100,,,,/home/ojab2/work/git/vggt/vggt_outputs/bicycle_4_n100_s42_c0.0_p250000_random_farthestpose/eval_results.json,bicycle_4_n100_s42_c0.0_p250000_random_farthestpose,bicycle_4_n100_s42_c0.0_p250000_random_farthestpose_i100_gteval_gtext_gtint_steps15000_val_step14999.json,250000,vggt | random,256249.99999999997
vggt,100,42,0.0,250000,random,,,,0,10,farthestpose,100,GT Eval,GT Extrinsics,GT Intrinsics,,,,,,,0.0,,vggt,bonsai,,,15000,15000,,MCMC,,,,,,,,,,,gsplat,25.60776138305664,0.2142437845468521,0.826908528804779,1000000,1.6787293042073775e-16,6.470662583524245e-07,,,0.7319735412747926,0.21101190898664038,250000,/home/ojab2/work/git/gsplat/results/vggt_outputs/bonsai_2_n100_s42_c0.0_p250000_random_farthestpose_i100_gteval_gtext_gtint_steps15000/stats/val_step14999.json,/home/ojab2/work/git/gsplat/results/vggt_outputs/bonsai_2_n100_s42_c0.0_p250000_random_farthestpose_i100_gteval_gtext_gtint_steps15000/stats/val_step14999.json,bonsai_2_n100_s42_c0.0_p250000_random_farthestpose_i100_gteval_gtext_gtint_steps15000,0.7897,0.107121,100,,,,/home/ojab2/work/git/vggt/vggt_outputs/bonsai_2_n100_s42_c0.0_p250000_random_farthestpose/eval_results.json,bonsai_2_n100_s42_c0.0_p250000_random_farthestpose,bonsai_2_n100_s42_c0.0_p250000_random_farthestpose_i100_gteval_gtext_gtint_steps15000_val_step14999.json,250000,vggt | random,256249.99999999997
vggt,87,42,0.0,435000,random,,,,0,10,farthestpose,87,GT Eval,GT Extrinsics,GT Intrinsics,,,,,,,0.0,,vggt,lego,,,15000,15000,,MCMC,,,,,,,,,,,gsplat,33.262264251708984,0.03138595446944237,0.9800705909729004,1000000,1.9679626006816492e-16,0.009513599798083305,0.07245660573244095,0.017124637961387634,1.0761672555577297,0.05767644343495424,435000,/home/ojab2/work/git/gsplat/results/vggt_outputs/lego_1_n87_s42_c0.0_p435000_random_farthestpose_i87_gteval_gtext_gtint_steps15000/stats/val_step14999.json,/home/ojab2/work/git/gsplat/results/vggt_outputs/lego_1_n87_s42_c0.0_p435000_random_farthestpose_i87_gteval_gtext_gtint_steps15000/stats/val_step14999.json,lego_1_n87_s42_c0.0_p435000_random_farthestpose_i87_gteval_gtext_gtint_steps15000,0.3306,0.018825,87,0.0469,0.0133,0.1174,/home/ojab2/work/git/vggt/vggt_outputs/lego_1_n87_s42_c0.0_p435000_random_farthestpose/eval_results.json,lego_1_n87_s42_c0.0_p435000_random_farthestpose,lego_1_n87_s42_c0.0_p435000_random_farthestpose_i87_gteval_gtext_gtint_steps15000_val_step14999.json,435000,vggt | random,445874.99999999994
vggt,100,42,0.0,500000,random,,,,0,10,farthestpose,100,GT Eval,GT Extrinsics,GT Intrinsics,,,,,,,0.0,,vggt,bicycle,,,15000,15000,,MCMC,,,,,,,,,,,gsplat,22.33084487915039,0.23270238935947418,0.6052718758583069,1000000,0.0,0.0,,,0.5302836240654722,0.288941025701891,500000,/home/ojab2/work/git/gsplat/results/vggt_outputs/bicycle_4_n100_s42_c0.0_p500000_random_farthestpose_i100_gteval_gtext_gtint_steps15000/stats/val_step14999.json,/home/ojab2/work/git/gsplat/results/vggt_outputs/bicycle_4_n100_s42_c0.0_p500000_random_farthestpose_i100_gteval_gtext_gtint_steps15000/stats/val_step14999.json,bicycle_4_n100_s42_c0.0_p500000_random_farthestpose_i100_gteval_gtext_gtint_steps15000,0.857,0.067143,100,,,,/home/ojab2/work/git/vggt/vggt_outputs/bicycle_4_n100_s42_c0.0_p500000_random_farthestpose/eval_results.json,bicycle_4_n100_s42_c0.0_p500000_random_farthestpose,bicycle_4_n100_s42_c0.0_p500000_random_farthestpose_i100_gteval_gtext_gtint_steps15000_val_step14999.json,500000,vggt | random,512499.99999999994
vggt,100,42,0.0,500000,random,,,,0,10,farthestpose,100,GT Eval,GT Extrinsics,GT Intrinsics,,,,,,,0.0,,vggt,bonsai,,,15000,15000,,MCMC,,,,,,,,,,,gsplat,25.143333435058594,0.2200862616300583,0.8167707324028015,1000000,3.5315492900639314e-16,1.2006451015622588e-06,,,0.7138380204763717,0.2170662517301151,500000,/home/ojab2/work/git/gsplat/results/vggt_outputs/bonsai_2_n100_s42_c0.0_p500000_random_farthestpose_i100_gteval_gtext_gtint_steps15000/stats/val_step14999.json,/home/ojab2/work/git/gsplat/results/vggt_outputs/bonsai_2_n100_s42_c0.0_p500000_random_farthestpose_i100_gteval_gtext_gtint_steps15000/stats/val_step14999.json,bonsai_2_n100_s42_c0.0_p500000_random_farthestpose_i100_gteval_gtext_gtint_steps15000,0.7897,0.107121,100,,,,/home/ojab2/work/git/vggt/vggt_outputs/bonsai_2_n100_s42_c0.0_p500000_random_farthestpose/eval_results.json,bonsai_2_n100_s42_c0.0_p500000_random_farthestpose,bonsai_2_n100_s42_c0.0_p500000_random_farthestpose_i100_gteval_gtext_gtint_steps15000_val_step14999.json,500000,vggt | random,512499.99999999994
vggt,87,42,0.0,870000,random,,,,0,10,farthestpose,87,GT Eval,GT Extrinsics,GT Intrinsics,,,,,,,0.0,,vggt,lego,,,15000,15000,,MCMC,,,,,,,,,,,gsplat,33.191314697265625,0.031180404126644135,0.9797248244285583,1000000,4.597152736610099e-16,0.009513812139630318,0.07179977744817734,0.016964999958872795,1.0747780551900328,0.05801697251486744,870000,/home/ojab2/work/git/gsplat/results/vggt_outputs/lego_1_n87_s42_c0.0_p870000_random_farthestpose_i87_gteval_gtext_gtint_steps15000/stats/val_step14999.json,/home/ojab2/work/git/gsplat/results/vggt_outputs/lego_1_n87_s42_c0.0_p870000_random_farthestpose_i87_gteval_gtext_gtint_steps15000/stats/val_step14999.json,lego_1_n87_s42_c0.0_p870000_random_farthestpose_i87_gteval_gtext_gtint_steps15000,0.3306,0.018825,87,0.0469,0.0133,0.1174,/home/ojab2/work/git/vggt/vggt_outputs/lego_1_n87_s42_c0.0_p870000_random_farthestpose/eval_results.json,lego_1_n87_s42_c0.0_p870000_random_farthestpose,lego_1_n87_s42_c0.0_p870000_random_farthestpose_i87_gteval_gtext_gtint_steps15000_val_step14999.json,870000,vggt | random,891749.9999999999
vggt,100,42,0.0,1000000,random,,,,0,10,farthestpose,100,GT Eval,GT Extrinsics,GT Intrinsics,,,,,,,0.0,,vggt,bicycle,,,15000,15000,,MCMC,,,,,,,,,,,gsplat,22.0590763092041,0.24282602965831757,0.5852311849594116,1000000,0.0,0.0,,,0.5072820098118165,0.2976919444062545,1000000,/home/ojab2/work/git/gsplat/results/vggt_outputs/bicycle_4_n100_s42_c0.0_p1000000_random_farthestpose_i100_gteval_gtext_gtint_steps15000/stats/val_step14999.json,/home/ojab2/work/git/gsplat/results/vggt_outputs/bicycle_4_n100_s42_c0.0_p1000000_random_farthestpose_i100_gteval_gtext_gtint_steps15000/stats/val_step14999.json,bicycle_4_n100_s42_c0.0_p1000000_random_farthestpose_i100_gteval_gtext_gtint_steps15000,0.857,0.067143,100,,,,/home/ojab2/work/git/vggt/vggt_outputs/bicycle_4_n100_s42_c0.0_p1000000_random_farthestpose/eval_results.json,bicycle_4_n100_s42_c0.0_p1000000_random_farthestpose,bicycle_4_n100_s42_c0.0_p1000000_random_farthestpose_i100_gteval_gtext_gtint_steps15000_val_step14999.json,1000000,vggt | random,1024999.9999999999
vggt,100,42,0.0,1000000,random,,,,0,10,farthestpose,100,GT Eval,GT Extrinsics,GT Intrinsics,,,,,,,0.0,,vggt,bonsai,,,15000,15000,,MCMC,,,,,,,,,,,gsplat,24.525203704833984,0.22914038598537445,0.8039844036102295,1000000,2.1647053256205697e-16,1.1455812227723072e-06,,,0.6893248227101163,0.2251348249287485,1000000,/home/ojab2/work/git/gsplat/results/vggt_outputs/bonsai_2_n100_s42_c0.0_p1000000_random_farthestpose_i100_gteval_gtext_gtint_steps15000/stats/val_step14999.json,/home/ojab2/work/git/gsplat/results/vggt_outputs/bonsai_2_n100_s42_c0.0_p1000000_random_farthestpose_i100_gteval_gtext_gtint_steps15000/stats/val_step14999.json,bonsai_2_n100_s42_c0.0_p1000000_random_farthestpose_i100_gteval_gtext_gtint_steps15000,0.7897,0.107121,100,,,,/home/ojab2/work/git/vggt/vggt_outputs/bonsai_2_n100_s42_c0.0_p1000000_random_farthestpose/eval_results.json,bonsai_2_n100_s42_c0.0_p1000000_random_farthestpose,bonsai_2_n100_s42_c0.0_p1000000_random_farthestpose_i100_gteval_gtext_gtint_steps15000_val_step14999.json,1000000,vggt | random,1024999.9999999999
vggt,87,42,0.0,870,voxels,,,,0,10,farthestpose,87,GT Eval,GT Extrinsics,GT Intrinsics,,,,,,,0.0,,vggt,lego,,,15000,15000,,MCMC,,,,,,,,,,,gsplat,31.82427215576172,0.050039615482091904,0.9685857892036438,951553,3.625668944184869e-16,0.0096061322838068,0.08393090218305588,0.019790897145867348,1.0313069083914885,0.07597905723732054,855,/home/ojab2/work/git/gsplat/results/vggt_outputs/lego_1_n87_s42_c0.0_p870_voxels_farthestpose_i87_gteval_gtext_gtint_steps15000/stats/val_step14999.json,/home/ojab2/work/git/gsplat/results/vggt_outputs/lego_1_n87_s42_c0.0_p870_voxels_farthestpose_i87_gteval_gtext_gtint_steps15000/stats/val_step14999.json,lego_1_n87_s42_c0.0_p870_voxels_farthestpose_i87_gteval_gtext_gtint_steps15000,0.2976,0.018838,87,0.0478,0.0135,0.118,/home/ojab2/work/git/vggt/vggt_outputs/lego_1_n87_s42_c0.0_p870_voxels_farthestpose/eval_results.json,lego_1_n87_s42_c0.0_p870_voxels_farthestpose,lego_1_n87_s42_c0.0_p870_voxels_farthestpose_i87_gteval_gtext_gtint_steps15000_val_step14999.json,855,vggt | voxels,935.25
vggt,100,42,0.0,1000,voxels,,,,0,10,farthestpose,100,GT Eval,GT Extrinsics,GT Intrinsics,,,,,,,0.0,,vggt,bicycle,,,15000,15000,,MCMC,,,,,,,,,,,gsplat,21.50248908996582,0.5986209511756897,0.47078466415405273,1000000,2.2134844972150668e-16,4.8296730170704905e-08,,,0.2104205543767175,0.44438941082201794,947,/home/ojab2/work/git/gsplat/results/vggt_outputs/bicycle_4_n100_s42_c0.0_p1000_voxels_farthestpose_i100_gteval_gtext_gtint_steps15000/stats/val_step14999.json,/home/ojab2/work/git/gsplat/results/vggt_outputs/bicycle_4_n100_s42_c0.0_p1000_voxels_farthestpose_i100_gteval_gtext_gtint_steps15000/stats/val_step14999.json,bicycle_4_n100_s42_c0.0_p1000_voxels_farthestpose_i100_gteval_gtext_gtint_steps15000,0.7161,0.065623,100,,,,/home/ojab2/work/git/vggt/vggt_outputs/bicycle_4_n100_s42_c0.0_p1000_voxels_farthestpose/eval_results.json,bicycle_4_n100_s42_c0.0_p1000_voxels_farthestpose,bicycle_4_n100_s42_c0.0_p1000_voxels_farthestpose_i100_gteval_gtext_gtint_steps15000_val_step14999.json,947,vggt | voxels,1075.0
vggt,100,42,0.0,1000,voxels,,,,0,10,farthestpose,100,GT Eval,GT Extrinsics,GT Intrinsics,,,,,,,0.0,,vggt,bonsai,,,15000,15000,,MCMC,,,,,,,,,,,gsplat,24.70581817626953,0.35672301054000854,0.7913042306900024,1000000,2.261127982915753e-16,1.6859247580214287e-06,,,0.6064995228275994,0.2723130788262075,971,/home/ojab2/work/git/gsplat/results/vggt_outputs/bonsai_2_n100_s42_c0.0_p1000_voxels_farthestpose_i100_gteval_gtext_gtint_steps15000/stats/val_step14999.json,/home/ojab2/work/git/gsplat/results/vggt_outputs/bonsai_2_n100_s42_c0.0_p1000_voxels_farthestpose_i100_gteval_gtext_gtint_steps15000/stats/val_step14999.json,bonsai_2_n100_s42_c0.0_p1000_voxels_farthestpose_i100_gteval_gtext_gtint_steps15000,0.7215,0.105749,100,,,,/home/ojab2/work/git/vggt/vggt_outputs/bonsai_2_n100_s42_c0.0_p1000_voxels_farthestpose/eval_results.json,bonsai_2_n100_s42_c0.0_p1000_voxels_farthestpose,bonsai_2_n100_s42_c0.0_p1000_voxels_farthestpose_i100_gteval_gtext_gtint_steps15000_val_step14999.json,971,vggt | voxels,1075.0
vggt,87,42,0.0,4350,voxels,,,,0,10,farthestpose,87,GT Eval,GT Extrinsics,GT Intrinsics,,,,,,,0.0,,vggt,lego,,,15000,15000,,MCMC,,,,,,,,,,,gsplat,32.92671585083008,0.035861704498529434,0.9783462882041931,1000000,2.56142657370582e-16,0.009593581780791283,0.07819052785634995,0.01847018115222454,1.0661822234300375,0.06117447434119587,4042,/home/ojab2/work/git/gsplat/results/vggt_outputs/lego_1_n87_s42_c0.0_p4350_voxels_farthestpose_i87_gteval_gtext_gtint_steps15000/stats/val_step14999.json,/home/ojab2/work/git/gsplat/results/vggt_outputs/lego_1_n87_s42_c0.0_p4350_voxels_farthestpose_i87_gteval_gtext_gtint_steps15000/stats/val_step14999.json,lego_1_n87_s42_c0.0_p4350_voxels_farthestpose_i87_gteval_gtext_gtint_steps15000,0.2976,0.018838,87,0.0478,0.0135,0.118,/home/ojab2/work/git/vggt/vggt_outputs/lego_1_n87_s42_c0.0_p4350_voxels_farthestpose/eval_results.json,lego_1_n87_s42_c0.0_p4350_voxels_farthestpose,lego_1_n87_s42_c0.0_p4350_voxels_farthestpose_i87_gteval_gtext_gtint_steps15000_val_step14999.json,4042,vggt | voxels,4676.25
vggt,100,42,0.0,5000,voxels,,,,0,10,farthestpose,100,GT Eval,GT Extrinsics,GT Intrinsics,,,,,,,0.0,,vggt,bicycle,,,15000,15000,,MCMC,,,,,,,,,,,gsplat,22.131181716918945,0.4756084680557251,0.5280373096466064,1000000,2.1025533566734994e-16,1.2074182542676226e-08,,,0.3314777212223502,0.38957523793430476,4925,/home/ojab2/work/git/gsplat/results/vggt_outputs/bicycle_4_n100_s42_c0.0_p5000_voxels_farthestpose_i100_gteval_gtext_gtint_steps15000/stats/val_step14999.json,/home/ojab2/work/git/gsplat/results/vggt_outputs/bicycle_4_n100_s42_c0.0_p5000_voxels_farthestpose_i100_gteval_gtext_gtint_steps15000/stats/val_step14999.json,bicycle_4_n100_s42_c0.0_p5000_voxels_farthestpose_i100_gteval_gtext_gtint_steps15000,0.7161,0.065623,100,,,,/home/ojab2/work/git/vggt/vggt_outputs/bicycle_4_n100_s42_c0.0_p5000_voxels_farthestpose/eval_results.json,bicycle_4_n100_s42_c0.0_p5000_voxels_farthestpose,bicycle_4_n100_s42_c0.0_p5000_voxels_farthestpose_i100_gteval_gtext_gtint_steps15000_val_step14999.json,4925,vggt | voxels,5375.0
vggt,100,42,0.0,5000,voxels,,,,0,10,farthestpose,100,GT Eval,GT Extrinsics,GT Intrinsics,,,,,,,0.0,,vggt,bonsai,,,15000,15000,,MCMC,,,,,,,,,,,gsplat,26.158111572265625,0.25988009572029114,0.8354330658912659,1000000,1.7331968314382792e-16,1.163308752438752e-06,,,0.7189797583998916,0.22265689348518275,4948,/home/ojab2/work/git/gsplat/results/vggt_outputs/bonsai_2_n100_s42_c0.0_p5000_voxels_farthestpose_i100_gteval_gtext_gtint_steps15000/stats/val_step14999.json,/home/ojab2/work/git/gsplat/results/vggt_outputs/bonsai_2_n100_s42_c0.0_p5000_voxels_farthestpose_i100_gteval_gtext_gtint_steps15000/stats/val_step14999.json,bonsai_2_n100_s42_c0.0_p5000_voxels_farthestpose_i100_gteval_gtext_gtint_steps15000,0.7215,0.105749,100,,,,/home/ojab2/work/git/vggt/vggt_outputs/bonsai_2_n100_s42_c0.0_p5000_voxels_farthestpose/eval_results.json,bonsai_2_n100_s42_c0.0_p5000_voxels_farthestpose,bonsai_2_n100_s42_c0.0_p5000_voxels_farthestpose_i100_gteval_gtext_gtint_steps15000_val_step14999.json,4948,vggt | voxels,5375.0
vggt,87,42,0.0,8700,voxels,,,,0,10,farthestpose,87,GT Eval,GT Extrinsics,GT Intrinsics,,,,,,,0.0,,vggt,lego,,,15000,15000,,MCMC,,,,,,,,,,,gsplat,33.17536544799805,0.033319223672151566,0.980102002620697,1000000,2.557711275440926e-16,0.009573121555149555,0.07647696882486343,0.018075868487358093,1.073383011785593,0.05828694597900642,8550,/home/ojab2/work/git/gsplat/results/vggt_outputs/lego_1_n87_s42_c0.0_p8700_voxels_farthestpose_i87_gteval_gtext_gtint_steps15000/stats/val_step14999.json,/home/ojab2/work/git/gsplat/results/vggt_outputs/lego_1_n87_s42_c0.0_p8700_voxels_farthestpose_i87_gteval_gtext_gtint_steps15000/stats/val_step14999.json,lego_1_n87_s42_c0.0_p8700_voxels_farthestpose_i87_gteval_gtext_gtint_steps15000,0.2976,0.018838,87,0.0478,0.0135,0.118,/home/ojab2/work/git/vggt/vggt_outputs/lego_1_n87_s42_c0.0_p8700_voxels_farthestpose/eval_results.json,lego_1_n87_s42_c0.0_p8700_voxels_farthestpose,lego_1_n87_s42_c0.0_p8700_voxels_farthestpose_i87_gteval_gtext_gtint_steps15000_val_step14999.json,8550,vggt | voxels,9352.5
vggt,100,42,0.0,10000,voxels,,,,0,10,farthestpose,100,GT Eval,GT Extrinsics,GT Intrinsics,,,,,,,0.0,,vggt,bicycle,,,15000,15000,,MCMC,,,,,,,,,,,gsplat,22.318387985229492,0.4283887445926666,0.5500414371490479,1000000,2.4992570023553147e-16,1.7373426430822292e-07,,,0.37696039223531536,0.3683472697938366,9795,/home/ojab2/work/git/gsplat/results/vggt_outputs/bicycle_4_n100_s42_c0.0_p10000_voxels_farthestpose_i100_gteval_gtext_gtint_steps15000/stats/val_step14999.json,/home/ojab2/work/git/gsplat/results/vggt_outputs/bicycle_4_n100_s42_c0.0_p10000_voxels_farthestpose_i100_gteval_gtext_gtint_steps15000/stats/val_step14999.json,bicycle_4_n100_s42_c0.0_p10000_voxels_farthestpose_i100_gteval_gtext_gtint_steps15000,0.7161,0.065623,100,,,,/home/ojab2/work/git/vggt/vggt_outputs/bicycle_4_n100_s42_c0.0_p10000_voxels_farthestpose/eval_results.json,bicycle_4_n100_s42_c0.0_p10000_voxels_farthestpose,bicycle_4_n100_s42_c0.0_p10000_voxels_farthestpose_i100_gteval_gtext_gtint_steps15000_val_step14999.json,9795,vggt | voxels,10750.0
vggt,100,42,0.0,10000,voxels,,,,0,10,farthestpose,100,GT Eval,GT Extrinsics,GT Intrinsics,,,,,,,0.0,,vggt,bonsai,,,15000,15000,,MCMC,,,,,,,,,,,gsplat,26.4061336517334,0.2381080538034439,0.8421686887741089,1000000,2.3609873440455227e-16,1.8533395405029296e-06,,,0.7409512526691541,0.21255852619179105,9447,/home/ojab2/work/git/gsplat/results/vggt_outputs/bonsai_2_n100_s42_c0.0_p10000_voxels_farthestpose_i100_gteval_gtext_gtint_steps15000/stats/val_step14999.json,/home/ojab2/work/git/gsplat/results/vggt_outputs/bonsai_2_n100_s42_c0.0_p10000_voxels_farthestpose_i100_gteval_gtext_gtint_steps15000/stats/val_step14999.json,bonsai_2_n100_s42_c0.0_p10000_voxels_farthestpose_i100_gteval_gtext_gtint_steps15000,0.7215,0.105749,100,,,,/home/ojab2/work/git/vggt/vggt_outputs/bonsai_2_n100_s42_c0.0_p10000_voxels_farthestpose/eval_results.json,bonsai_2_n100_s42_c0.0_p10000_voxels_farthestpose,bonsai_2_n100_s42_c0.0_p10000_voxels_farthestpose_i100_gteval_gtext_gtint_steps15000_val_step14999.json,9447,vggt | voxels,10750.0
vggt,87,42,0.0,17400,voxels,,,,0,10,farthestpose,87,GT Eval,GT Extrinsics,GT Intrinsics,,,,,,,0.0,,vggt,lego,,,15000,15000,,MCMC,,,,,,,,,,,gsplat,33.24738693237305,0.03246595337986946,0.9805025458335876,1000000,2.8429308268852944e-16,0.00955604575574398,0.07575081288814545,0.01790454424917698,1.0754776888316988,0.057524224668098846,16987,/home/ojab2/work/git/gsplat/results/vggt_outputs/lego_1_n87_s42_c0.0_p17400_voxels_farthestpose_i87_gteval_gtext_gtint_steps15000/stats/val_step14999.json,/home/ojab2/work/git/gsplat/results/vggt_outputs/lego_1_n87_s42_c0.0_p17400_voxels_farthestpose_i87_gteval_gtext_gtint_steps15000/stats/val_step14999.json,lego_1_n87_s42_c0.0_p17400_voxels_farthestpose_i87_gteval_gtext_gtint_steps15000,0.2976,0.018838,87,0.0478,0.0135,0.118,/home/ojab2/work/git/vggt/vggt_outputs/lego_1_n87_s42_c0.0_p17400_voxels_farthestpose/eval_results.json,lego_1_n87_s42_c0.0_p17400_voxels_farthestpose,lego_1_n87_s42_c0.0_p17400_voxels_farthestpose_i87_gteval_gtext_gtint_steps15000_val_step14999.json,16987,vggt | voxels,18705.0
vggt,100,42,0.0,20000,voxels,,,,0,10,farthestpose,100,GT Eval,GT Extrinsics,GT Intrinsics,,,,,,,0.0,,vggt,bicycle,,,15000,15000,,MCMC,,,,,,,,,,,gsplat,22.463274002075195,0.38290002942085266,0.5754925012588501,1000000,1.9048190737906993e-16,2.0378827230160823e-06,,,0.42260658365321513,0.3467045327865873,19616,/home/ojab2/work/git/gsplat/results/vggt_outputs/bicycle_4_n100_s42_c0.0_p20000_voxels_farthestpose_i100_gteval_gtext_gtint_steps15000/stats/val_step14999.json,/home/ojab2/work/git/gsplat/results/vggt_outputs/bicycle_4_n100_s42_c0.0_p20000_voxels_farthestpose_i100_gteval_gtext_gtint_steps15000/stats/val_step14999.json,bicycle_4_n100_s42_c0.0_p20000_voxels_farthestpose_i100_gteval_gtext_gtint_steps15000,0.7161,0.065623,100,,,,/home/ojab2/work/git/vggt/vggt_outputs/bicycle_4_n100_s42_c0.0_p20000_voxels_farthestpose/eval_results.json,bicycle_4_n100_s42_c0.0_p20000_voxels_farthestpose,bicycle_4_n100_s42_c0.0_p20000_voxels_farthestpose_i100_gteval_gtext_gtint_steps15000_val_step14999.json,19616,vggt | voxels,21500.0
vggt,100,42,0.0,20000,voxels,,,,0,10,farthestpose,100,GT Eval,GT Extrinsics,GT Intrinsics,,,,,,,0.0,,vggt,bonsai,,,15000,15000,,MCMC,,,,,,,,,,,gsplat,26.4063663482666,0.22572965919971466,0.8436364531517029,1000000,2.4971325378444825e-16,8.992814173325314e-07,,,0.7494548879287861,0.20781515973940556,19629,/home/ojab2/work/git/gsplat/results/vggt_outputs/bonsai_2_n100_s42_c0.0_p20000_voxels_farthestpose_i100_gteval_gtext_gtint_steps15000/stats/val_step14999.json,/home/ojab2/work/git/gsplat/results/vggt_outputs/bonsai_2_n100_s42_c0.0_p20000_voxels_farthestpose_i100_gteval_gtext_gtint_steps15000/stats/val_step14999.json,bonsai_2_n100_s42_c0.0_p20000_voxels_farthestpose_i100_gteval_gtext_gtint_steps15000,0.7215,0.105749,100,,,,/home/ojab2/work/git/vggt/vggt_outputs/bonsai_2_n100_s42_c0.0_p20000_voxels_farthestpose/eval_results.json,bonsai_2_n100_s42_c0.0_p20000_voxels_farthestpose,bonsai_2_n100_s42_c0.0_p20000_voxels_farthestpose_i100_gteval_gtext_gtint_steps15000_val_step14999.json,19629,vggt | voxels,21500.0
vggt,87,42,0.0,26100,voxels,,,,0,10,farthestpose,87,GT Eval,GT Extrinsics,GT Intrinsics,,,,,,,0.0,,vggt,lego,,,15000,15000,,MCMC,,,,,,,,,,,gsplat,33.2789421081543,0.032019708305597305,0.9806818962097168,1000000,2.651070982189499e-16,0.009553680196404457,0.07486049085855484,0.017699217423796654,1.0764423871220434,0.0571597661593282,25832,/home/ojab2/work/git/gsplat/results/vggt_outputs/lego_1_n87_s42_c0.0_p26100_voxels_farthestpose_i87_gteval_gtext_gtint_steps15000/stats/val_step14999.json,/home/ojab2/work/git/gsplat/results/vggt_outputs/lego_1_n87_s42_c0.0_p26100_voxels_farthestpose_i87_gteval_gtext_gtint_steps15000/stats/val_step14999.json,lego_1_n87_s42_c0.0_p26100_voxels_farthestpose_i87_gteval_gtext_gtint_steps15000,0.2976,0.018838,87,0.0478,0.0135,0.118,/home/ojab2/work/git/vggt/vggt_outputs/lego_1_n87_s42_c0.0_p26100_voxels_farthestpose/eval_results.json,lego_1_n87_s42_c0.0_p26100_voxels_farthestpose,lego_1_n87_s42_c0.0_p26100_voxels_farthestpose_i87_gteval_gtext_gtint_steps15000_val_step14999.json,25832,vggt | voxels,28057.5
vggt,100,42,0.0,30000,voxels,,,,0,10,farthestpose,100,GT Eval,GT Extrinsics,GT Intrinsics,,,,,,,0.0,,vggt,bicycle,,,15000,15000,,MCMC,,,,,,,,,,,gsplat,22.52105712890625,0.3532434403896332,0.5888164639472961,1000000,1.4844391366974522e-16,6.589702365999983e-07,,,0.4497749690423932,0.3333585327282001,29913,/home/ojab2/work/git/gsplat/results/vggt_outputs/bicycle_4_n100_s42_c0.0_p30000_voxels_farthestpose_i100_gteval_gtext_gtint_steps15000/stats/val_step14999.json,/home/ojab2/work/git/gsplat/results/vggt_outputs/bicycle_4_n100_s42_c0.0_p30000_voxels_farthestpose_i100_gteval_gtext_gtint_steps15000/stats/val_step14999.json,bicycle_4_n100_s42_c0.0_p30000_voxels_farthestpose_i100_gteval_gtext_gtint_steps15000,0.7161,0.065623,100,,,,/home/ojab2/work/git/vggt/vggt_outputs/bicycle_4_n100_s42_c0.0_p30000_voxels_farthestpose/eval_results.json,bicycle_4_n100_s42_c0.0_p30000_voxels_farthestpose,bicycle_4_n100_s42_c0.0_p30000_voxels_farthestpose_i100_gteval_gtext_gtint_steps15000_val_step14999.json,29913,vggt | voxels,32250.0
vggt,100,42,0.0,30000,voxels,,,,0,10,farthestpose,100,GT Eval,GT Extrinsics,GT Intrinsics,,,,,,,0.0,,vggt,bonsai,,,15000,15000,,MCMC,,,,,,,,,,,gsplat,26.273422241210938,0.22050203382968903,0.8409157991409302,1000000,2.1188396826668314e-16,1.9080972890606063e-07,,,0.7486288635238104,0.20723808701491953,29730,/home/ojab2/work/git/gsplat/results/vggt_outputs/bonsai_2_n100_s42_c0.0_p30000_voxels_farthestpose_i100_gteval_gtext_gtint_steps15000/stats/val_step14999.json,/home/ojab2/work/git/gsplat/results/vggt_outputs/bonsai_2_n100_s42_c0.0_p30000_voxels_farthestpose_i100_gteval_gtext_gtint_steps15000/stats/val_step14999.json,bonsai_2_n100_s42_c0.0_p30000_voxels_farthestpose_i100_gteval_gtext_gtint_steps15000,0.7215,0.105749,100,,,,/home/ojab2/work/git/vggt/vggt_outputs/bonsai_2_n100_s42_c0.0_p30000_voxels_farthestpose/eval_results.json,bonsai_2_n100_s42_c0.0_p30000_voxels_farthestpose,bonsai_2_n100_s42_c0.0_p30000_voxels_farthestpose_i100_gteval_gtext_gtint_steps15000_val_step14999.json,29730,vggt | voxels,32250.0
vggt,87,42,0.0,43500,voxels,,,,0,10,farthestpose,87,GT Eval,GT Extrinsics,GT Intrinsics,,,,,,,0.0,,vggt,lego,,,15000,15000,,MCMC,,,,,,,,,,,gsplat,33.25270080566406,0.03216036409139633,0.9806255102157593,1000000,3.1465045235054795e-16,0.009546793065965176,0.07417770475149155,0.01753721758723259,1.0758366382513205,0.05727516583548374,42004,/home/ojab2/work/git/gsplat/results/vggt_outputs/lego_1_n87_s42_c0.0_p43500_voxels_farthestpose_i87_gteval_gtext_gtint_steps15000/stats/val_step14999.json,/home/ojab2/work/git/gsplat/results/vggt_outputs/lego_1_n87_s42_c0.0_p43500_voxels_farthestpose_i87_gteval_gtext_gtint_steps15000/stats/val_step14999.json,lego_1_n87_s42_c0.0_p43500_voxels_farthestpose_i87_gteval_gtext_gtint_steps15000,0.2976,0.018838,87,0.0478,0.0135,0.118,/home/ojab2/work/git/vggt/vggt_outputs/lego_1_n87_s42_c0.0_p43500_voxels_farthestpose/eval_results.json,lego_1_n87_s42_c0.0_p43500_voxels_farthestpose,lego_1_n87_s42_c0.0_p43500_voxels_farthestpose_i87_gteval_gtext_gtint_steps15000_val_step14999.json,42004,vggt | voxels,46762.5
vggt,100,42,0.0,50000,voxels,,,,0,10,farthestpose,100,GT Eval,GT Extrinsics,GT Intrinsics,,,,,,,0.0,,vggt,bicycle,,,15000,15000,,MCMC,,,,,,,,,,,gsplat,22.5551700592041,0.3333786725997925,0.5948579907417297,1000000,2.0355212868101622e-16,2.4527139430574607e-07,,,0.4662019489181747,0.32514625588224966,48986,/home/ojab2/work/git/gsplat/results/vggt_outputs/bicycle_4_n100_s42_c0.0_p50000_voxels_farthestpose_i100_gteval_gtext_gtint_steps15000/stats/val_step14999.json,/home/ojab2/work/git/gsplat/results/vggt_outputs/bicycle_4_n100_s42_c0.0_p50000_voxels_farthestpose_i100_gteval_gtext_gtint_steps15000/stats/val_step14999.json,bicycle_4_n100_s42_c0.0_p50000_voxels_farthestpose_i100_gteval_gtext_gtint_steps15000,0.7161,0.065623,100,,,,/home/ojab2/work/git/vggt/vggt_outputs/bicycle_4_n100_s42_c0.0_p50000_voxels_farthestpose/eval_results.json,bicycle_4_n100_s42_c0.0_p50000_voxels_farthestpose,bicycle_4_n100_s42_c0.0_p50000_voxels_farthestpose_i100_gteval_gtext_gtint_steps15000_val_step14999.json,48986,vggt | voxels,53750.0
vggt,100,42,0.0,50000,voxels,,,,0,10,farthestpose,100,GT Eval,GT Extrinsics,GT Intrinsics,,,,,,,0.0,,vggt,bonsai,,,15000,15000,,MCMC,,,,,,,,,,,gsplat,26.118576049804688,0.2156837433576584,0.8385016322135925,1000000,1.8178282607120907e-16,3.4746852861644584e-07,,,0.7473238013137695,0.20666552345287847,48798,/home/ojab2/work/git/gsplat/results/vggt_outputs/bonsai_2_n100_s42_c0.0_p50000_voxels_farthestpose_i100_gteval_gtext_gtint_steps15000/stats/val_step14999.json,/home/ojab2/work/git/gsplat/results/vggt_outputs/bonsai_2_n100_s42_c0.0_p50000_voxels_farthestpose_i100_gteval_gtext_gtint_steps15000/stats/val_step14999.json,bonsai_2_n100_s42_c0.0_p50000_voxels_farthestpose_i100_gteval_gtext_gtint_steps15000,0.7215,0.105749,100,,,,/home/ojab2/work/git/vggt/vggt_outputs/bonsai_2_n100_s42_c0.0_p50000_voxels_farthestpose/eval_results.json,bonsai_2_n100_s42_c0.0_p50000_voxels_farthestpose,bonsai_2_n100_s42_c0.0_p50000_voxels_farthestpose_i100_gteval_gtext_gtint_steps15000_val_step14999.json,48798,vggt | voxels,53750.0
vggt,87,42,0.0,65250,voxels,,,,0,10,farthestpose,87,GT Eval,GT Extrinsics,GT Intrinsics,,,,,,,0.0,,vggt,lego,,,15000,15000,,MCMC,,,,,,,,,,,gsplat,33.29922866821289,0.03184325248003006,0.980814516544342,1000000,2.8040739845233914e-16,0.00953583512455225,0.0735338032245636,0.017384132370352745,1.0770045432605242,0.05694091444478861,64372,/home/ojab2/work/git/gsplat/results/vggt_outputs/lego_1_n87_s42_c0.0_p65250_voxels_farthestpose_i87_gteval_gtext_gtint_steps15000/stats/val_step14999.json,/home/ojab2/work/git/gsplat/results/vggt_outputs/lego_1_n87_s42_c0.0_p65250_voxels_farthestpose_i87_gteval_gtext_gtint_steps15000/stats/val_step14999.json,lego_1_n87_s42_c0.0_p65250_voxels_farthestpose_i87_gteval_gtext_gtint_steps15000,0.2976,0.018838,87,0.0478,0.0135,0.118,/home/ojab2/work/git/vggt/vggt_outputs/lego_1_n87_s42_c0.0_p65250_voxels_farthestpose/eval_results.json,lego_1_n87_s42_c0.0_p65250_voxels_farthestpose,lego_1_n87_s42_c0.0_p65250_voxels_farthestpose_i87_gteval_gtext_gtint_steps15000_val_step14999.json,64372,vggt | voxels,70143.75
vggt,100,42,0.0,75000,voxels,,,,0,10,farthestpose,100,GT Eval,GT Extrinsics,GT Intrinsics,,,,,,,0.0,,vggt,bicycle,,,15000,15000,,MCMC,,,,,,,,,,,gsplat,22.524587631225586,0.3151114284992218,0.6000445485115051,1000000,1.9911053936852088e-16,0.0,,,0.47994475898377065,0.31770780234957136,74111,/home/ojab2/work/git/gsplat/results/vggt_outputs/bicycle_4_n100_s42_c0.0_p75000_voxels_farthestpose_i100_gteval_gtext_gtint_steps15000/stats/val_step14999.json,/home/ojab2/work/git/gsplat/results/vggt_outputs/bicycle_4_n100_s42_c0.0_p75000_voxels_farthestpose_i100_gteval_gtext_gtint_steps15000/stats/val_step14999.json,bicycle_4_n100_s42_c0.0_p75000_voxels_farthestpose_i100_gteval_gtext_gtint_steps15000,0.7161,0.065623,100,,,,/home/ojab2/work/git/vggt/vggt_outputs/bicycle_4_n100_s42_c0.0_p75000_voxels_farthestpose/eval_results.json,bicycle_4_n100_s42_c0.0_p75000_voxels_farthestpose,bicycle_4_n100_s42_c0.0_p75000_voxels_farthestpose_i100_gteval_gtext_gtint_steps15000_val_step14999.json,74111,vggt | voxels,80625.0
vggt,100,42,0.0,75000,voxels,,,,0,10,farthestpose,100,GT Eval,GT Extrinsics,GT Intrinsics,,,,,,,0.0,,vggt,bonsai,,,15000,15000,,MCMC,,,,,,,,,,,gsplat,26.09689712524414,0.2133529633283615,0.8352929353713989,1000000,3.5409592967123346e-16,7.717899848103116e-07,,,0.7464846619504701,0.2072168694012651,74288,/home/ojab2/work/git/gsplat/results/vggt_outputs/bonsai_2_n100_s42_c0.0_p75000_voxels_farthestpose_i100_gteval_gtext_gtint_steps15000/stats/val_step14999.json,/home/ojab2/work/git/gsplat/results/vggt_outputs/bonsai_2_n100_s42_c0.0_p75000_voxels_farthestpose_i100_gteval_gtext_gtint_steps15000/stats/val_step14999.json,bonsai_2_n100_s42_c0.0_p75000_voxels_farthestpose_i100_gteval_gtext_gtint_steps15000,0.7215,0.105749,100,,,,/home/ojab2/work/git/vggt/vggt_outputs/bonsai_2_n100_s42_c0.0_p75000_voxels_farthestpose/eval_results.json,bonsai_2_n100_s42_c0.0_p75000_voxels_farthestpose,bonsai_2_n100_s42_c0.0_p75000_voxels_farthestpose_i100_gteval_gtext_gtint_steps15000_val_step14999.json,74288,vggt | voxels,80625.0
vggt,87,42,0.0,87000,voxels,,,,0,10,farthestpose,87,GT Eval,GT Extrinsics,GT Intrinsics,,,,,,,0.0,,vggt,lego,,,15000,15000,,MCMC,,,,,,,,,,,gsplat,33.301055908203125,0.03182912990450859,0.9807707071304321,1000000,3.3552968215146844e-16,0.009531620889902115,0.07330238074064255,0.017330532893538475,1.0770214791370334,0.05698882573214528,86657,/home/ojab2/work/git/gsplat/results/vggt_outputs/lego_1_n87_s42_c0.0_p87000_voxels_farthestpose_i87_gteval_gtext_gtint_steps15000/stats/val_step14999.json,/home/ojab2/work/git/gsplat/results/vggt_outputs/lego_1_n87_s42_c0.0_p87000_voxels_farthestpose_i87_gteval_gtext_gtint_steps15000/stats/val_step14999.json,lego_1_n87_s42_c0.0_p87000_voxels_farthestpose_i87_gteval_gtext_gtint_steps15000,0.2976,0.018838,87,0.0478,0.0135,0.118,/home/ojab2/work/git/vggt/vggt_outputs/lego_1_n87_s42_c0.0_p87000_voxels_farthestpose/eval_results.json,lego_1_n87_s42_c0.0_p87000_voxels_farthestpose,lego_1_n87_s42_c0.0_p87000_voxels_farthestpose_i87_gteval_gtext_gtint_steps15000_val_step14999.json,86657,vggt | voxels,93525.0
vggt,100,42,0.0,100000,voxels,,,,0,10,farthestpose,100,GT Eval,GT Extrinsics,GT Intrinsics,,,,,,,0.0,,vggt,bicycle,,,15000,15000,,MCMC,,,,,,,,,,,gsplat,22.526376724243164,0.3095274269580841,0.6012303233146667,1000000,3.0437051639553494e-16,1.0550322713243077e-06,,,0.484118240424919,0.3155329723610615,99373,/home/ojab2/work/git/gsplat/results/vggt_outputs/bicycle_4_n100_s42_c0.0_p100000_voxels_farthestpose_i100_gteval_gtext_gtint_steps15000/stats/val_step14999.json,/home/ojab2/work/git/gsplat/results/vggt_outputs/bicycle_4_n100_s42_c0.0_p100000_voxels_farthestpose_i100_gteval_gtext_gtint_steps15000/stats/val_step14999.json,bicycle_4_n100_s42_c0.0_p100000_voxels_farthestpose_i100_gteval_gtext_gtint_steps15000,0.7161,0.065623,100,,,,/home/ojab2/work/git/vggt/vggt_outputs/bicycle_4_n100_s42_c0.0_p100000_voxels_farthestpose/eval_results.json,bicycle_4_n100_s42_c0.0_p100000_voxels_farthestpose,bicycle_4_n100_s42_c0.0_p100000_voxels_farthestpose_i100_gteval_gtext_gtint_steps15000_val_step14999.json,99373,vggt | voxels,107500.0
vggt,100,42,0.0,100000,voxels,,,,0,10,farthestpose,100,GT Eval,GT Extrinsics,GT Intrinsics,,,,,,,0.0,,vggt,bonsai,,,15000,15000,,MCMC,,,,,,,,,,,gsplat,25.986146926879883,0.2110239714384079,0.8331863284111023,1000000,1.9404206626571856e-16,1.248051603397471e-06,,,0.7446394477710079,0.20732405911751287,99753,/home/ojab2/work/git/gsplat/results/vggt_outputs/bonsai_2_n100_s42_c0.0_p100000_voxels_farthestpose_i100_gteval_gtext_gtint_steps15000/stats/val_step14999.json,/home/ojab2/work/git/gsplat/results/vggt_outputs/bonsai_2_n100_s42_c0.0_p100000_voxels_farthestpose_i100_gteval_gtext_gtint_steps15000/stats/val_step14999.json,bonsai_2_n100_s42_c0.0_p100000_voxels_farthestpose_i100_gteval_gtext_gtint_steps15000,0.7215,0.105749,100,,,,/home/ojab2/work/git/vggt/vggt_outputs/bonsai_2_n100_s42_c0.0_p100000_voxels_farthestpose/eval_results.json,bonsai_2_n100_s42_c0.0_p100000_voxels_farthestpose,bonsai_2_n100_s42_c0.0_p100000_voxels_farthestpose_i100_gteval_gtext_gtint_steps15000_val_step14999.json,99753,vggt | voxels,107500.0
vggt,87,42,0.0,217500,voxels,,,,0,10,farthestpose,87,GT Eval,GT Extrinsics,GT Intrinsics,,,,,,,0.0,,vggt,lego,,,15000,15000,,MCMC,,,,,,,,,,,gsplat,33.27100372314453,0.03173467144370079,0.980404257774353,1000000,2.5744250883748254e-16,0.009500792250037193,0.07226071506738663,0.017082178965210915,1.0763089670143087,0.05739677758982675,210628,/home/ojab2/work/git/gsplat/results/vggt_outputs/lego_1_n87_s42_c0.0_p217500_voxels_farthestpose_i87_gteval_gtext_gtint_steps15000/stats/val_step14999.json,/home/ojab2/work/git/gsplat/results/vggt_outputs/lego_1_n87_s42_c0.0_p217500_voxels_farthestpose_i87_gteval_gtext_gtint_steps15000/stats/val_step14999.json,lego_1_n87_s42_c0.0_p217500_voxels_farthestpose_i87_gteval_gtext_gtint_steps15000,0.2976,0.018838,87,0.0478,0.0135,0.118,/home/ojab2/work/git/vggt/vggt_outputs/lego_1_n87_s42_c0.0_p217500_voxels_farthestpose/eval_results.json,lego_1_n87_s42_c0.0_p217500_voxels_farthestpose,lego_1_n87_s42_c0.0_p217500_voxels_farthestpose_i87_gteval_gtext_gtint_steps15000_val_step14999.json,210628,vggt | voxels,233812.5
vggt,100,42,0.0,250000,voxels,,,,0,10,farthestpose,100,GT Eval,GT Extrinsics,GT Intrinsics,,,,,,,0.0,,vggt,bicycle,,,15000,15000,,MCMC,,,,,,,,,,,gsplat,22.387348175048828,0.29755914211273193,0.5967239737510681,1000000,2.135959409670923e-16,5.182232598599512e-07,,,0.48629617567105754,0.3127901688220661,247987,/home/ojab2/work/git/gsplat/results/vggt_outputs/bicycle_4_n100_s42_c0.0_p250000_voxels_farthestpose_i100_gteval_gtext_gtint_steps15000/stats/val_step14999.json,/home/ojab2/work/git/gsplat/results/vggt_outputs/bicycle_4_n100_s42_c0.0_p250000_voxels_farthestpose_i100_gteval_gtext_gtint_steps15000/stats/val_step14999.json,bicycle_4_n100_s42_c0.0_p250000_voxels_farthestpose_i100_gteval_gtext_gtint_steps15000,0.7161,0.065623,100,,,,/home/ojab2/work/git/vggt/vggt_outputs/bicycle_4_n100_s42_c0.0_p250000_voxels_farthestpose/eval_results.json,bicycle_4_n100_s42_c0.0_p250000_voxels_farthestpose,bicycle_4_n100_s42_c0.0_p250000_voxels_farthestpose_i100_gteval_gtext_gtint_steps15000_val_step14999.json,247987,vggt | voxels,268750.0
vggt,100,42,0.0,250000,voxels,,,,0,10,farthestpose,100,GT Eval,GT Extrinsics,GT Intrinsics,,,,,,,0.0,,vggt,bonsai,,,15000,15000,,MCMC,,,,,,,,,,,gsplat,25.36806869506836,0.21730273962020874,0.8206077218055725,1000000,2.9161237379509266e-16,6.136530146250152e-07,,,0.7219618614654095,0.21458510337720504,249299,/home/ojab2/work/git/gsplat/results/vggt_outputs/bonsai_2_n100_s42_c0.0_p250000_voxels_farthestpose_i100_gteval_gtext_gtint_steps15000/stats/val_step14999.json,/home/ojab2/work/git/gsplat/results/vggt_outputs/bonsai_2_n100_s42_c0.0_p250000_voxels_farthestpose_i100_gteval_gtext_gtint_steps15000/stats/val_step14999.json,bonsai_2_n100_s42_c0.0_p250000_voxels_farthestpose_i100_gteval_gtext_gtint_steps15000,0.7215,0.105749,100,,,,/home/ojab2/work/git/vggt/vggt_outputs/bonsai_2_n100_s42_c0.0_p250000_voxels_farthestpose/eval_results.json,bonsai_2_n100_s42_c0.0_p250000_voxels_farthestpose,bonsai_2_n100_s42_c0.0_p250000_voxels_farthestpose_i100_gteval_gtext_gtint_steps15000_val_step14999.json,249299,vggt | voxels,268750.0
vggt,87,42,0.0,435000,voxels,,,,0,10,farthestpose,87,GT Eval,GT Extrinsics,GT Intrinsics,,,,,,,0.0,,vggt,lego,,,15000,15000,,MCMC,,,,,,,,,,,gsplat,33.24080276489258,0.03137151524424553,0.9801467657089233,1000000,3.3094389871459286e-16,0.009512195363640785,0.07173837721347809,0.016957953572273254,1.0758232803479117,0.057582391738386376,385832,/home/ojab2/work/git/gsplat/results/vggt_outputs/lego_1_n87_s42_c0.0_p435000_voxels_farthestpose_i87_gteval_gtext_gtint_steps15000/stats/val_step14999.json,/home/ojab2/work/git/gsplat/results/vggt_outputs/lego_1_n87_s42_c0.0_p435000_voxels_farthestpose_i87_gteval_gtext_gtint_steps15000/stats/val_step14999.json,lego_1_n87_s42_c0.0_p435000_voxels_farthestpose_i87_gteval_gtext_gtint_steps15000,0.2976,0.018838,87,0.0478,0.0135,0.118,/home/ojab2/work/git/vggt/vggt_outputs/lego_1_n87_s42_c0.0_p435000_voxels_farthestpose/eval_results.json,lego_1_n87_s42_c0.0_p435000_voxels_farthestpose,lego_1_n87_s42_c0.0_p435000_voxels_farthestpose_i87_gteval_gtext_gtint_steps15000_val_step14999.json,385832,vggt | voxels,467625.0
vggt,100,42,0.0,500000,voxels,,,,0,10,farthestpose,100,GT Eval,GT Extrinsics,GT Intrinsics,,,,,,,0.0,,vggt,bicycle,,,15000,15000,,MCMC,,,,,,,,,,,gsplat,22.182968139648438,0.304720401763916,0.5825092196464539,1000000,2.014941827263231e-16,2.7735075036616763e-07,,,0.46977810785319607,0.3189683131789206,453587,/home/ojab2/work/git/gsplat/results/vggt_outputs/bicycle_4_n100_s42_c0.0_p500000_voxels_farthestpose_i100_gteval_gtext_gtint_steps15000/stats/val_step14999.json,/home/ojab2/work/git/gsplat/results/vggt_outputs/bicycle_4_n100_s42_c0.0_p500000_voxels_farthestpose_i100_gteval_gtext_gtint_steps15000/stats/val_step14999.json,bicycle_4_n100_s42_c0.0_p500000_voxels_farthestpose_i100_gteval_gtext_gtint_steps15000,0.7161,0.065623,100,,,,/home/ojab2/work/git/vggt/vggt_outputs/bicycle_4_n100_s42_c0.0_p500000_voxels_farthestpose/eval_results.json,bicycle_4_n100_s42_c0.0_p500000_voxels_farthestpose,bicycle_4_n100_s42_c0.0_p500000_voxels_farthestpose_i100_gteval_gtext_gtint_steps15000_val_step14999.json,453587,vggt | voxels,537500.0
vggt,100,42,0.0,500000,voxels,,,,0,10,farthestpose,100,GT Eval,GT Extrinsics,GT Intrinsics,,,,,,,0.0,,vggt,bonsai,,,15000,15000,,MCMC,,,,,,,,,,,gsplat,24.892101287841797,0.22389371693134308,0.8108347058296204,1000000,3.550873817359946e-16,1.4557044778484851e-06,,,0.7033639316864027,0.22068897046561511,490211,/home/ojab2/work/git/gsplat/results/vggt_outputs/bonsai_2_n100_s42_c0.0_p500000_voxels_farthestpose_i100_gteval_gtext_gtint_steps15000/stats/val_step14999.json,/home/ojab2/work/git/gsplat/results/vggt_outputs/bonsai_2_n100_s42_c0.0_p500000_voxels_farthestpose_i100_gteval_gtext_gtint_steps15000/stats/val_step14999.json,bonsai_2_n100_s42_c0.0_p500000_voxels_farthestpose_i100_gteval_gtext_gtint_steps15000,0.7215,0.105749,100,,,,/home/ojab2/work/git/vggt/vggt_outputs/bonsai_2_n100_s42_c0.0_p500000_voxels_farthestpose/eval_results.json,bonsai_2_n100_s42_c0.0_p500000_voxels_farthestpose,bonsai_2_n100_s42_c0.0_p500000_voxels_farthestpose_i100_gteval_gtext_gtint_steps15000_val_step14999.json,490211,vggt | voxels,537500.0
vggt,87,42,0.0,870000,voxels,,,,0,10,farthestpose,87,GT Eval,GT Extrinsics,GT Intrinsics,,,,,,,0.0,,vggt,lego,,,15000,15000,,MCMC,,,,,,,,,,,gsplat,33.287899017333984,0.031024016439914703,0.9803515672683716,1000000,3.874757511170717e-16,0.009506856091320515,0.07085784524679184,0.016749471426010132,1.0770297055995022,0.05722197466350454,706364,/home/ojab2/work/git/gsplat/results/vggt_outputs/lego_1_n87_s42_c0.0_p870000_voxels_farthestpose_i87_gteval_gtext_gtint_steps15000/stats/val_step14999.json,/home/ojab2/work/git/gsplat/results/vggt_outputs/lego_1_n87_s42_c0.0_p870000_voxels_farthestpose_i87_gteval_gtext_gtint_steps15000/stats/val_step14999.json,lego_1_n87_s42_c0.0_p870000_voxels_farthestpose_i87_gteval_gtext_gtint_steps15000,0.2976,0.018838,87,0.0478,0.0135,0.118,/home/ojab2/work/git/vggt/vggt_outputs/lego_1_n87_s42_c0.0_p870000_voxels_farthestpose/eval_results.json,lego_1_n87_s42_c0.0_p870000_voxels_farthestpose,lego_1_n87_s42_c0.0_p870000_voxels_farthestpose_i87_gteval_gtext_gtint_steps15000_val_step14999.json,706364,vggt | voxels,935250.0
vggt,100,42,0.0,1000000,voxels,,,,0,10,farthestpose,100,GT Eval,GT Extrinsics,GT Intrinsics,,,,,,,0.0,,vggt,bicycle,,,15000,15000,,MCMC,,,,,,,,,,,gsplat,21.900760650634766,0.3206726014614105,0.5552679896354675,1000000,2.4498191302954294e-16,1.3680557913176017e-06,,,0.43877446252545266,0.3313367730809422,864636,/home/ojab2/work/git/gsplat/results/vggt_outputs/bicycle_4_n100_s42_c0.0_p1000000_voxels_farthestpose_i100_gteval_gtext_gtint_steps15000/stats/val_step14999.json,/home/ojab2/work/git/gsplat/results/vggt_outputs/bicycle_4_n100_s42_c0.0_p1000000_voxels_farthestpose_i100_gteval_gtext_gtint_steps15000/stats/val_step14999.json,bicycle_4_n100_s42_c0.0_p1000000_voxels_farthestpose_i100_gteval_gtext_gtint_steps15000,0.7161,0.065623,100,,,,/home/ojab2/work/git/vggt/vggt_outputs/bicycle_4_n100_s42_c0.0_p1000000_voxels_farthestpose/eval_results.json,bicycle_4_n100_s42_c0.0_p1000000_voxels_farthestpose,bicycle_4_n100_s42_c0.0_p1000000_voxels_farthestpose_i100_gteval_gtext_gtint_steps15000_val_step14999.json,864636,vggt | voxels,1075000.0
vggt,100,42,0.0,1000000,voxels,,,,0,10,farthestpose,100,GT Eval,GT Extrinsics,GT Intrinsics,,,,,,,0.0,,vggt,bonsai,,,15000,15000,,MCMC,,,,,,,,,,,gsplat,24.45179557800293,0.23188529908657074,0.8030696511268616,1000000,2.943741247196153e-16,2.1362902771215886e-06,,,0.6857360791780486,0.2264137950836377,798462,/home/ojab2/work/git/gsplat/results/vggt_outputs/bonsai_2_n100_s42_c0.0_p1000000_voxels_farthestpose_i100_gteval_gtext_gtint_steps15000/stats/val_step14999.json,/home/ojab2/work/git/gsplat/results/vggt_outputs/bonsai_2_n100_s42_c0.0_p1000000_voxels_farthestpose_i100_gteval_gtext_gtint_steps15000/stats/val_step14999.json,bonsai_2_n100_s42_c0.0_p1000000_voxels_farthestpose_i100_gteval_gtext_gtint_steps15000,0.7215,0.105749,100,,,,/home/ojab2/work/git/vggt/vggt_outputs/bonsai_2_n100_s42_c0.0_p1000000_voxels_farthestpose/eval_results.json,bonsai_2_n100_s42_c0.0_p1000000_voxels_farthestpose,bonsai_2_n100_s42_c0.0_p1000000_voxels_farthestpose_i100_gteval_gtext_gtint_steps15000_val_step14999.json,798462,vggt | voxels,1075000.0
colmap,87,42,,10069,,,,,0,10,farthestpose,87,GT Eval,GT Extrinsics,GT Intrinsics,,,,,,,0.0,,colmap,lego,pinhole,,15000,15000,default,MCMC,,,,,Shared Cam,,,,,,gsplat,33.13930130004883,0.033728212118148804,0.979638934135437,1000000,2.7562301225911203e-16,0.012120147235691547,0.017299264669418335,0.018193859606981277,1.0721918949064608,0.05896859514646655,10069,/home/ojab2/work/git/gsplat/results/colmap_outputs/lego_1_n87_s42_default_mpinhole_farthestpose_sharedcam_i87_gteval_gtext_gtint_steps15000/stats/val_step14999.json,/home/ojab2/work/git/gsplat/results/colmap_outputs/lego_1_n87_s42_default_mpinhole_farthestpose_sharedcam_i87_gteval_gtext_gtint_steps15000/stats/val_step14999.json,lego_1_n87_s42_default_mpinhole_farthestpose_sharedcam_i87_gteval_gtext_gtint_steps15000,10.4269,0.396164,87,,,,/home/ojab2/work/git/vggt/colmap_outputs/lego_1_n87_s42_default_mpinhole_farthestpose_sharedcam/eval_results.json,lego_1_n87_s42_default_mpinhole_farthestpose_sharedcam,lego_1_n87_s42_default_mpinhole_farthestpose_sharedcam_i87_gteval_gtext_gtint_steps15000_val_step14999.json,10069,colmap | ,11327.625
colmap,100,42,,17352,,,,,0,10,farthestpose,100,GT Eval,GT Extrinsics,GT Intrinsics,,,,,,,0.0,,colmap,bicycle,,,15000,15000,default,MCMC,,,,,Shared Cam,,,,,,gsplat,22.997255325317383,0.34948840737342834,0.6103905439376831,1000000,2.293229472825507e-16,2.115130200763815e-06,,,0.4735277968230691,0.3262301614196912,17352,/home/ojab2/work/git/gsplat/results/colmap_outputs/bicycle_4_n100_s42_default_farthestpose_sharedcam_i100_gteval_gtext_gtint_steps15000/stats/val_step14999.json,/home/ojab2/work/git/gsplat/results/colmap_outputs/bicycle_4_n100_s42_default_farthestpose_sharedcam_i100_gteval_gtext_gtint_steps15000/stats/val_step14999.json,bicycle_4_n100_s42_default_farthestpose_sharedcam_i100_gteval_gtext_gtint_steps15000,0.0986,0.006893,100,,,,/home/ojab2/work/git/vggt/colmap_outputs/bicycle_4_n100_s42_default_farthestpose_sharedcam/eval_results.json,bicycle_4_n100_s42_default_farthestpose_sharedcam,bicycle_4_n100_s42_default_farthestpose_sharedcam_i100_gteval_gtext_gtint_steps15000_val_step14999.json,17352,colmap | ,19521.0
colmap,100,42,,80892,,,,,0,10,farthestpose,100,GT Eval,GT Extrinsics,GT Intrinsics,,,,,,,0.0,,colmap,bonsai,,,15000,15000,default,MCMC,,,,,Shared Cam,,,,,,gsplat,28.943090438842773,0.1583382934331894,0.9078155755996704,1000000,2.168954122293336e-16,1.6959106119429634e-07,,,0.8755625190287151,0.15441090147636588,80892,/home/ojab2/work/git/gsplat/results/colmap_outputs/bonsai_2_n100_s42_default_farthestpose_sharedcam_i100_gteval_gtext_gtint_steps15000/stats/val_step14999.json,/home/ojab2/work/git/gsplat/results/colmap_outputs/bonsai_2_n100_s42_default_farthestpose_sharedcam_i100_gteval_gtext_gtint_steps15000/stats/val_step14999.json,bonsai_2_n100_s42_default_farthestpose_sharedcam_i100_gteval_gtext_gtint_steps15000,0.1581,0.013152,100,,,,/home/ojab2/work/git/vggt/colmap_outputs/bonsai_2_n100_s42_default_farthestpose_sharedcam/eval_results.json,bonsai_2_n100_s42_default_farthestpose_sharedcam,bonsai_2_n100_s42_default_farthestpose_sharedcam_i100_gteval_gtext_gtint_steps15000_val_step14999.json,80892,colmap | ,91003.5
