method,num_images,seed,conf_thres_value,num_points,sampling_mode,near_filtering_strength,near_filtering_quorum,reconstruct_pose_opt,optimisation_iterations,optimisation_neighbourhood,image_mode,num_cameras,gt_eval,use_gt_extrinsics,use_gt_intrinsics,use_gt_points,pose_opt,pose_opt_module,eval_opt,depth_loss_mode,error_opa,depth_lambda,depth_conf_mode,choice,dataset,camera_type,copy_mode,val_step,num_steps,colmap_mode,splatting_strategy,camera_src,pcd_src,align_mode,align_glue,shared_camera,keep_backup_cams,random_init,use_ba,feature_extractor,max_ba_iterations,source,dataset_collection,psnr,lpips,ssim,num_GS,eval_rte,eval_rre,depth_l1,depth_abs_rel,quality,avge,real_num_points,file_path,gsplat_file_path,folder,rre,rte,num_aligned,pred_depth_l1,pred_depth_absrel,pred_depth_rmse,sfm_file_path,input_folder,output_folder,initial_points,plot_series,num_points_jitter
vggt,100,42,,20930,ba,,,,0,10,farthestpose,100,GT Eval,GT Extrinsics,GT Intrinsics,,,,,,,0.0,,vggt,kitchen,radial,,15000,15000,,MCMC,,,,,Shared Cam,,,Use BA,aliked+sp,250,gsplat,indoor,25.2471923828125,0.17375211417675018,0.865568220615387,1000000,2.7379344756282235e-16,1.5065401157698943e-06,,,0.7728992027265054,0.18112960770895384,20930,/home/ojab2/work/git/gsplat/results/vggt_outputs/kitchen_2_n100_s42_mradial_aliked-sp_ba_farthestpose_useba_maxba250_sharedcam_i100_gteval_gtext_gtint_steps15000/stats/val_step14999.json,/home/ojab2/work/git/gsplat/results/vggt_outputs/kitchen_2_n100_s42_mradial_aliked-sp_ba_farthestpose_useba_maxba250_sharedcam_i100_gteval_gtext_gtint_steps15000/stats/val_step14999.json,kitchen_2_n100_s42_mradial_aliked-sp_ba_farthestpose_useba_maxba250_sharedcam_i100_gteval_gtext_gtint_steps15000,0.4536,0.023341,100,,,,/home/ojab2/work/git/vggt/vggt_outputs/kitchen_2_n100_s42_mradial_aliked-sp_ba_farthestpose_useba_maxba250_sharedcam/eval_results.json,kitchen_2_n100_s42_mradial_aliked-sp_ba_farthestpose_useba_maxba250_sharedcam,kitchen_2_n100_s42_mradial_aliked-sp_ba_farthestpose_useba_maxba250_sharedcam_i100_gteval_gtext_gtint_steps15000_val_step14999.json,20930,vggt | ba,18313.75
vggt,100,42,,21147,ba,,,,0,10,farthestpose,100,GT Eval,GT Extrinsics,GT Intrinsics,,,,,,,0.0,,vggt,garden,radial,,15000,15000,,MCMC,,,,,Shared Cam,,,Use BA,aliked+sp,250,gsplat,outdoor,23.91265869140625,0.3159402012825012,0.670941948890686,1000000,1.8308864647340978e-16,6.505983947135974e-07,,,0.5465986585369198,0.29787932154560237,21147,/home/ojab2/work/git/gsplat/results/vggt_outputs/garden_2_n100_s42_mradial_aliked-sp_ba_farthestpose_useba_maxba250_sharedcam_i100_gteval_gtext_gtint_steps15000/stats/val_step14999.json,/home/ojab2/work/git/gsplat/results/vggt_outputs/garden_2_n100_s42_mradial_aliked-sp_ba_farthestpose_useba_maxba250_sharedcam_i100_gteval_gtext_gtint_steps15000/stats/val_step14999.json,garden_2_n100_s42_mradial_aliked-sp_ba_farthestpose_useba_maxba250_sharedcam_i100_gteval_gtext_gtint_steps15000,0.3292,0.014488,100,,,,/home/ojab2/work/git/vggt/vggt_outputs/garden_2_n100_s42_mradial_aliked-sp_ba_farthestpose_useba_maxba250_sharedcam/eval_results.json,garden_2_n100_s42_mradial_aliked-sp_ba_farthestpose_useba_maxba250_sharedcam,garden_2_n100_s42_mradial_aliked-sp_ba_farthestpose_useba_maxba250_sharedcam_i100_gteval_gtext_gtint_steps15000_val_step14999.json,21147,vggt | ba,18503.625
vggt,100,42,,21431,ba,,,,0,10,farthestpose,100,GT Eval,GT Extrinsics,GT Intrinsics,,,,,,,0.0,,vggt,stump,radial,,15000,15000,,MCMC,,,,,Shared Cam,,,Use BA,aliked+sp,250,gsplat,outdoor,25.71573257446289,0.33870476484298706,0.7381196022033691,1000000,1.9070645051943113e-16,9.946613772626733e-07,,,0.6052218932777043,0.2843763594229112,21431,/home/ojab2/work/git/gsplat/results/vggt_outputs/stump_2_n100_s42_mradial_aliked-sp_ba_farthestpose_useba_maxba250_sharedcam_i100_gteval_gtext_gtint_steps15000/stats/val_step14999.json,/home/ojab2/work/git/gsplat/results/vggt_outputs/stump_2_n100_s42_mradial_aliked-sp_ba_farthestpose_useba_maxba250_sharedcam_i100_gteval_gtext_gtint_steps15000/stats/val_step14999.json,stump_2_n100_s42_mradial_aliked-sp_ba_farthestpose_useba_maxba250_sharedcam_i100_gteval_gtext_gtint_steps15000,0.695,0.043247,100,,,,/home/ojab2/work/git/vggt/vggt_outputs/stump_2_n100_s42_mradial_aliked-sp_ba_farthestpose_useba_maxba250_sharedcam/eval_results.json,stump_2_n100_s42_mradial_aliked-sp_ba_farthestpose_useba_maxba250_sharedcam,stump_2_n100_s42_mradial_aliked-sp_ba_farthestpose_useba_maxba250_sharedcam_i100_gteval_gtext_gtint_steps15000_val_step14999.json,21431,vggt | ba,18752.125
vggt,100,42,,23220,ba,,,,0,10,farthestpose,100,GT Eval,GT Extrinsics,GT Intrinsics,,,,,,,0.0,,vggt,bonsai,radial,,15000,15000,,MCMC,,,,,Shared Cam,,,Use BA,aliked+sp,250,gsplat,indoor,26.778026580810547,0.21374230086803436,0.8574769496917725,1000000,2.65885362678799e-16,9.840973689279053e-07,,,0.7718309463619644,0.19778814870917608,23220,/home/ojab2/work/git/gsplat/results/vggt_outputs/bonsai_2_n100_s42_mradial_aliked-sp_ba_farthestpose_useba_maxba250_sharedcam_i100_gteval_gtext_gtint_steps15000/stats/val_step14999.json,/home/ojab2/work/git/gsplat/results/vggt_outputs/bonsai_2_n100_s42_mradial_aliked-sp_ba_farthestpose_useba_maxba250_sharedcam_i100_gteval_gtext_gtint_steps15000/stats/val_step14999.json,bonsai_2_n100_s42_mradial_aliked-sp_ba_farthestpose_useba_maxba250_sharedcam_i100_gteval_gtext_gtint_steps15000,0.5792,0.034349,100,,,,/home/ojab2/work/git/vggt/vggt_outputs/bonsai_2_n100_s42_mradial_aliked-sp_ba_farthestpose_useba_maxba250_sharedcam/eval_results.json,bonsai_2_n100_s42_mradial_aliked-sp_ba_farthestpose_useba_maxba250_sharedcam,bonsai_2_n100_s42_mradial_aliked-sp_ba_farthestpose_useba_maxba250_sharedcam_i100_gteval_gtext_gtint_steps15000_val_step14999.json,23220,vggt | ba,20317.5
vggt,100,42,,23814,ba,,,,0,10,farthestpose,100,GT Eval,GT Extrinsics,GT Intrinsics,,,,,,,0.0,,vggt,bicycle,radial,,15000,15000,,MCMC,,,,,Shared Cam,,,Use BA,aliked+sp,250,gsplat,outdoor,22.958209991455078,0.36893218755722046,0.5999897122383118,1000000,3.4651601711471194e-16,1.2836160294682486e-06,,,0.4547200439191624,0.3354853948695918,23814,/home/ojab2/work/git/gsplat/results/vggt_outputs/bicycle_4_n100_s42_mradial_aliked-sp_ba_farthestpose_useba_maxba250_sharedcam_i100_gteval_gtext_gtint_steps15000/stats/val_step14999.json,/home/ojab2/work/git/gsplat/results/vggt_outputs/bicycle_4_n100_s42_mradial_aliked-sp_ba_farthestpose_useba_maxba250_sharedcam_i100_gteval_gtext_gtint_steps15000/stats/val_step14999.json,bicycle_4_n100_s42_mradial_aliked-sp_ba_farthestpose_useba_maxba250_sharedcam_i100_gteval_gtext_gtint_steps15000,0.5899,0.03799,100,,,,/home/ojab2/work/git/vggt/vggt_outputs/bicycle_4_n100_s42_mradial_aliked-sp_ba_farthestpose_useba_maxba250_sharedcam/eval_results.json,bicycle_4_n100_s42_mradial_aliked-sp_ba_farthestpose_useba_maxba250_sharedcam,bicycle_4_n100_s42_mradial_aliked-sp_ba_farthestpose_useba_maxba250_sharedcam_i100_gteval_gtext_gtint_steps15000_val_step14999.json,23814,vggt | ba,20837.25
vggt,87,42,,27774,ba,,,,0,10,farthestpose,87,GT Eval,GT Extrinsics,GT Intrinsics,,,,,,,0.0,,vggt,lego,pinhole,,15000,15000,,MCMC,,,,,Shared Cam,,,Use BA,aliked+sp,250,gsplat,synthetic,33.29441452026367,0.032145991921424866,0.9806444048881531,1000000,3.1641294262532693e-16,0.009574535302817822,0.07626978307962418,0.01798791065812111,1.0766290356734884,0.05724623873297536,27774,/home/ojab2/work/git/gsplat/results/vggt_outputs/lego_1_n87_s42_mpinhole_aliked-sp_ba_farthestpose_useba_maxba250_sharedcam_i87_gteval_gtext_gtint_steps15000/stats/val_step14999.json,/home/ojab2/work/git/gsplat/results/vggt_outputs/lego_1_n87_s42_mpinhole_aliked-sp_ba_farthestpose_useba_maxba250_sharedcam_i87_gteval_gtext_gtint_steps15000/stats/val_step14999.json,lego_1_n87_s42_mpinhole_aliked-sp_ba_farthestpose_useba_maxba250_sharedcam_i87_gteval_gtext_gtint_steps15000,0.2685,0.015949,87,0.0438,0.0124,0.1148,/home/ojab2/work/git/vggt/vggt_outputs/lego_1_n87_s42_mpinhole_aliked-sp_ba_farthestpose_useba_maxba250_sharedcam/eval_results.json,lego_1_n87_s42_mpinhole_aliked-sp_ba_farthestpose_useba_maxba250_sharedcam,lego_1_n87_s42_mpinhole_aliked-sp_ba_farthestpose_useba_maxba250_sharedcam_i87_gteval_gtext_gtint_steps15000_val_step14999.json,27774,vggt | ba,24302.25
vggt,87,42,,,ba,,,,0,10,farthestpose,,,,,,,,,,,0.0,,vggt,ship,pinhole,,,,,MCMC,,,,,Shared Cam,,,Use BA,aliked+sp,250,sfm,synthetic,,,,,,,,,,,,/home/ojab2/work/git/vggt/vggt_outputs/ship_1_n87_s42_mpinhole_aliked-sp_ba_farthestpose_useba_maxba250_sharedcam/eval_results.json,,ship_1_n87_s42_mpinhole_aliked-sp_ba_farthestpose_useba_maxba250_sharedcam,0.429,0.025089,87,0.1645,0.0436,0.2731,/home/ojab2/work/git/vggt/vggt_outputs/ship_1_n87_s42_mpinhole_aliked-sp_ba_farthestpose_useba_maxba250_sharedcam/eval_results.json,ship_1_n87_s42_mpinhole_aliked-sp_ba_farthestpose_useba_maxba250_sharedcam,,,vggt | ba,
vggt,87,42,,,ba,,,,0,10,farthestpose,,,,,,,,,,,0.0,,vggt,drums,pinhole,,,,,MCMC,,,,,Shared Cam,,,Use BA,aliked+sp,250,sfm,synthetic,,,,,,,,,,,,/home/ojab2/work/git/vggt/vggt_outputs/drums_1_n87_s42_mpinhole_aliked-sp_ba_farthestpose_useba_maxba250_sharedcam/eval_results.json,,drums_1_n87_s42_mpinhole_aliked-sp_ba_farthestpose_useba_maxba250_sharedcam,0.2352,0.010833,87,,,,/home/ojab2/work/git/vggt/vggt_outputs/drums_1_n87_s42_mpinhole_aliked-sp_ba_farthestpose_useba_maxba250_sharedcam/eval_results.json,drums_1_n87_s42_mpinhole_aliked-sp_ba_farthestpose_useba_maxba250_sharedcam,,,vggt | ba,
vggt,100,42,,,ba,,,,0,10,farthestpose,,,,,,,,,,,0.0,,vggt,counter,radial,,,,,MCMC,,,,,Shared Cam,,,Use BA,aliked+sp,250,sfm,indoor,,,,,,,,,,,,/home/ojab2/work/git/vggt/vggt_outputs/counter_2_n100_s42_mradial_aliked-sp_ba_farthestpose_useba_maxba250_sharedcam/eval_results.json,,counter_2_n100_s42_mradial_aliked-sp_ba_farthestpose_useba_maxba250_sharedcam,0.4211,0.016951,100,,,,/home/ojab2/work/git/vggt/vggt_outputs/counter_2_n100_s42_mradial_aliked-sp_ba_farthestpose_useba_maxba250_sharedcam/eval_results.json,counter_2_n100_s42_mradial_aliked-sp_ba_farthestpose_useba_maxba250_sharedcam,,,vggt | ba,
vggt,87,42,0.0,870,confidence,,,,0,10,farthestpose,87,GT Eval,GT Extrinsics,GT Intrinsics,,,,,,,0.0,,vggt,lego,,,15000,15000,,MCMC,,,,,,,,,,,gsplat,synthetic,31.848735809326172,0.04916917905211449,0.9691230058670044,968555,2.3434630264602193e-16,0.00996820256114006,0.08376051485538483,0.019735058769583702,1.032611407242749,0.0751803359927136,870,/home/ojab2/work/git/gsplat/results/vggt_outputs/lego_1_n87_s42_c0.0_p870_confidence_farthestpose_i87_gteval_gtext_gtint_steps15000/stats/val_step14999.json,/home/ojab2/work/git/gsplat/results/vggt_outputs/lego_1_n87_s42_c0.0_p870_confidence_farthestpose_i87_gteval_gtext_gtint_steps15000/stats/val_step14999.json,lego_1_n87_s42_c0.0_p870_confidence_farthestpose_i87_gteval_gtext_gtint_steps15000,0.3306,0.018825,87,0.0469,0.0133,0.1174,/home/ojab2/work/git/vggt/vggt_outputs/lego_1_n87_s42_c0.0_p870_confidence_farthestpose/eval_results.json,lego_1_n87_s42_c0.0_p870_confidence_farthestpose,lego_1_n87_s42_c0.0_p870_confidence_farthestpose_i87_gteval_gtext_gtint_steps15000_val_step14999.json,870,vggt | confidence,804.75
vggt,87,42,0.0,870,confidence,,,,0,10,farthestpose,,,,,,,,,,,0.0,,vggt,ship,,,,,,MCMC,,,,,,,,,,,sfm,synthetic,,,,,,,,,,,,/home/ojab2/work/git/vggt/vggt_outputs/ship_1_n87_s42_c0.0_p870_confidence_farthestpose/eval_results.json,,ship_1_n87_s42_c0.0_p870_confidence_farthestpose,0.4869,0.027807,87,0.1056,0.0284,0.2389,/home/ojab2/work/git/vggt/vggt_outputs/ship_1_n87_s42_c0.0_p870_confidence_farthestpose/eval_results.json,ship_1_n87_s42_c0.0_p870_confidence_farthestpose,,,vggt | confidence,804.75
vggt,87,42,0.0,870,confidence,,,,0,10,farthestpose,,,,,,,,,,,0.0,,vggt,drums,,,,,,MCMC,,,,,,,,,,,sfm,synthetic,,,,,,,,,,,,/home/ojab2/work/git/vggt/vggt_outputs/drums_1_n87_s42_c0.0_p870_confidence_farthestpose/eval_results.json,,drums_1_n87_s42_c0.0_p870_confidence_farthestpose,0.173,0.01002,87,,,,/home/ojab2/work/git/vggt/vggt_outputs/drums_1_n87_s42_c0.0_p870_confidence_farthestpose/eval_results.json,drums_1_n87_s42_c0.0_p870_confidence_farthestpose,,,vggt | confidence,804.75
vggt,100,42,0.0,1000,confidence,,,,0,10,farthestpose,100,GT Eval,GT Extrinsics,GT Intrinsics,,,,,,,0.0,,vggt,bonsai,,,15000,15000,,MCMC,,,,,,,,,,,gsplat,indoor,24.657079696655273,0.3457357585430145,0.7960964441299438,1000000,3.289898201750568e-16,5.603550334853935e-07,,,0.6151816767093963,0.26690488895100795,1000,/home/ojab2/work/git/gsplat/results/vggt_outputs/bonsai_2_n100_s42_c0.0_p1000_confidence_farthestpose_i100_gteval_gtext_gtint_steps15000/stats/val_step14999.json,/home/ojab2/work/git/gsplat/results/vggt_outputs/bonsai_2_n100_s42_c0.0_p1000_confidence_farthestpose_i100_gteval_gtext_gtint_steps15000/stats/val_step14999.json,bonsai_2_n100_s42_c0.0_p1000_confidence_farthestpose_i100_gteval_gtext_gtint_steps15000,0.7897,0.107121,100,,,,/home/ojab2/work/git/vggt/vggt_outputs/bonsai_2_n100_s42_c0.0_p1000_confidence_farthestpose/eval_results.json,bonsai_2_n100_s42_c0.0_p1000_confidence_farthestpose,bonsai_2_n100_s42_c0.0_p1000_confidence_farthestpose_i100_gteval_gtext_gtint_steps15000_val_step14999.json,1000,vggt | confidence,925.0
vggt,100,42,0.0,1000,confidence,,,,0,10,farthestpose,100,GT Eval,GT Extrinsics,GT Intrinsics,,,,,,,0.0,,vggt,kitchen,,,15000,15000,,MCMC,,,,,,,,,,,gsplat,indoor,23.898534774780273,0.25448134541511536,0.8064019680023193,1000000,1.6996757672484863e-16,2.0611918216673075e-07,,,0.6634910553209653,0.23285142882500068,1000,/home/ojab2/work/git/gsplat/results/vggt_outputs/kitchen_2_n100_s42_c0.0_p1000_confidence_farthestpose_i100_gteval_gtext_gtint_steps15000/stats/val_step14999.json,/home/ojab2/work/git/gsplat/results/vggt_outputs/kitchen_2_n100_s42_c0.0_p1000_confidence_farthestpose_i100_gteval_gtext_gtint_steps15000/stats/val_step14999.json,kitchen_2_n100_s42_c0.0_p1000_confidence_farthestpose_i100_gteval_gtext_gtint_steps15000,0.3392,0.031011,100,,,,/home/ojab2/work/git/vggt/vggt_outputs/kitchen_2_n100_s42_c0.0_p1000_confidence_farthestpose/eval_results.json,kitchen_2_n100_s42_c0.0_p1000_confidence_farthestpose,kitchen_2_n100_s42_c0.0_p1000_confidence_farthestpose_i100_gteval_gtext_gtint_steps15000_val_step14999.json,1000,vggt | confidence,925.0
vggt,100,42,0.0,1000,confidence,,,,0,10,farthestpose,100,GT Eval,GT Extrinsics,GT Intrinsics,,,,,,,0.0,,vggt,bicycle,,,15000,15000,,MCMC,,,,,,,,,,,gsplat,outdoor,21.560304641723633,0.5726260542869568,0.48618635535240173,1000000,0.0,0.0,,,0.23654428234806774,0.43213861458901925,1000,/home/ojab2/work/git/gsplat/results/vggt_outputs/bicycle_4_n100_s42_c0.0_p1000_confidence_farthestpose_i100_gteval_gtext_gtint_steps15000/stats/val_step14999.json,/home/ojab2/work/git/gsplat/results/vggt_outputs/bicycle_4_n100_s42_c0.0_p1000_confidence_farthestpose_i100_gteval_gtext_gtint_steps15000/stats/val_step14999.json,bicycle_4_n100_s42_c0.0_p1000_confidence_farthestpose_i100_gteval_gtext_gtint_steps15000,0.857,0.067143,100,,,,/home/ojab2/work/git/vggt/vggt_outputs/bicycle_4_n100_s42_c0.0_p1000_confidence_farthestpose/eval_results.json,bicycle_4_n100_s42_c0.0_p1000_confidence_farthestpose,bicycle_4_n100_s42_c0.0_p1000_confidence_farthestpose_i100_gteval_gtext_gtint_steps15000_val_step14999.json,1000,vggt | confidence,925.0
vggt,100,42,0.0,1000,confidence,,,,0,10,farthestpose,100,GT Eval,GT Extrinsics,GT Intrinsics,,,,,,,0.0,,vggt,garden,,,15000,15000,,MCMC,,,,,,,,,,,gsplat,outdoor,22.010601043701172,0.5026320815086365,0.5590399503707886,1000000,1.9346968375161147e-16,6.37110929346818e-07,,,0.3306937021741316,0.39099150019357093,1000,/home/ojab2/work/git/gsplat/results/vggt_outputs/garden_2_n100_s42_c0.0_p1000_confidence_farthestpose_i100_gteval_gtext_gtint_steps15000/stats/val_step14999.json,/home/ojab2/work/git/gsplat/results/vggt_outputs/garden_2_n100_s42_c0.0_p1000_confidence_farthestpose_i100_gteval_gtext_gtint_steps15000/stats/val_step14999.json,garden_2_n100_s42_c0.0_p1000_confidence_farthestpose_i100_gteval_gtext_gtint_steps15000,0.3733,0.026869,100,,,,/home/ojab2/work/git/vggt/vggt_outputs/garden_2_n100_s42_c0.0_p1000_confidence_farthestpose/eval_results.json,garden_2_n100_s42_c0.0_p1000_confidence_farthestpose,garden_2_n100_s42_c0.0_p1000_confidence_farthestpose_i100_gteval_gtext_gtint_steps15000_val_step14999.json,1000,vggt | confidence,925.0
vggt,100,42,0.0,1000,confidence,,,,0,10,farthestpose,100,GT Eval,GT Extrinsics,GT Intrinsics,,,,,,,0.0,,vggt,stump,,,15000,15000,,MCMC,,,,,,,,,,,gsplat,outdoor,23.039997100830078,0.5721879601478577,0.6253222227096558,1000000,2.8512928949592665e-16,2.745381152635673e-06,,,0.3455824273371557,0.3964210573638856,1000,/home/ojab2/work/git/gsplat/results/vggt_outputs/stump_2_n100_s42_c0.0_p1000_confidence_farthestpose_i100_gteval_gtext_gtint_steps15000/stats/val_step14999.json,/home/ojab2/work/git/gsplat/results/vggt_outputs/stump_2_n100_s42_c0.0_p1000_confidence_farthestpose_i100_gteval_gtext_gtint_steps15000/stats/val_step14999.json,stump_2_n100_s42_c0.0_p1000_confidence_farthestpose_i100_gteval_gtext_gtint_steps15000,0.8558,0.162829,100,,,,/home/ojab2/work/git/vggt/vggt_outputs/stump_2_n100_s42_c0.0_p1000_confidence_farthestpose/eval_results.json,stump_2_n100_s42_c0.0_p1000_confidence_farthestpose,stump_2_n100_s42_c0.0_p1000_confidence_farthestpose_i100_gteval_gtext_gtint_steps15000_val_step14999.json,1000,vggt | confidence,925.0
vggt,100,42,0.0,1000,confidence,,,,0,10,farthestpose,,,,,,,,,,,0.0,,vggt,counter,,,,,,MCMC,,,,,,,,,,,sfm,indoor,,,,,,,,,,,,/home/ojab2/work/git/vggt/vggt_outputs/counter_2_n100_s42_c0.0_p1000_confidence_farthestpose/eval_results.json,,counter_2_n100_s42_c0.0_p1000_confidence_farthestpose,0.3433,0.032901,100,,,,/home/ojab2/work/git/vggt/vggt_outputs/counter_2_n100_s42_c0.0_p1000_confidence_farthestpose/eval_results.json,counter_2_n100_s42_c0.0_p1000_confidence_farthestpose,,,vggt | confidence,925.0
vggt,87,42,0.0,4350,confidence,,,,0,10,farthestpose,87,GT Eval,GT Extrinsics,GT Intrinsics,,,,,,,0.0,,vggt,lego,,,15000,15000,,MCMC,,,,,,,,,,,gsplat,synthetic,32.95027542114258,0.03549760952591896,0.9784616231918335,1000000,1.678564000433765e-16,0.009660030715167522,0.07833967357873917,0.018506333231925964,1.066910709113444,0.06092138551793614,4350,/home/ojab2/work/git/gsplat/results/vggt_outputs/lego_1_n87_s42_c0.0_p4350_confidence_farthestpose_i87_gteval_gtext_gtint_steps15000/stats/val_step14999.json,/home/ojab2/work/git/gsplat/results/vggt_outputs/lego_1_n87_s42_c0.0_p4350_confidence_farthestpose_i87_gteval_gtext_gtint_steps15000/stats/val_step14999.json,lego_1_n87_s42_c0.0_p4350_confidence_farthestpose_i87_gteval_gtext_gtint_steps15000,0.3306,0.018825,87,0.0469,0.0133,0.1174,/home/ojab2/work/git/vggt/vggt_outputs/lego_1_n87_s42_c0.0_p4350_confidence_farthestpose/eval_results.json,lego_1_n87_s42_c0.0_p4350_confidence_farthestpose,lego_1_n87_s42_c0.0_p4350_confidence_farthestpose_i87_gteval_gtext_gtint_steps15000_val_step14999.json,4350,vggt | confidence,4023.75
vggt,87,42,0.0,4350,confidence,,,,0,10,farthestpose,,,,,,,,,,,0.0,,vggt,ship,,,,,,MCMC,,,,,,,,,,,sfm,synthetic,,,,,,,,,,,,/home/ojab2/work/git/vggt/vggt_outputs/ship_1_n87_s42_c0.0_p4350_confidence_farthestpose/eval_results.json,,ship_1_n87_s42_c0.0_p4350_confidence_farthestpose,0.4869,0.027807,87,0.1056,0.0284,0.2389,/home/ojab2/work/git/vggt/vggt_outputs/ship_1_n87_s42_c0.0_p4350_confidence_farthestpose/eval_results.json,ship_1_n87_s42_c0.0_p4350_confidence_farthestpose,,,vggt | confidence,4023.75
vggt,87,42,0.0,4350,confidence,,,,0,10,farthestpose,,,,,,,,,,,0.0,,vggt,drums,,,,,,MCMC,,,,,,,,,,,sfm,synthetic,,,,,,,,,,,,/home/ojab2/work/git/vggt/vggt_outputs/drums_1_n87_s42_c0.0_p4350_confidence_farthestpose/eval_results.json,,drums_1_n87_s42_c0.0_p4350_confidence_farthestpose,0.173,0.01002,87,,,,/home/ojab2/work/git/vggt/vggt_outputs/drums_1_n87_s42_c0.0_p4350_confidence_farthestpose/eval_results.json,drums_1_n87_s42_c0.0_p4350_confidence_farthestpose,,,vggt | confidence,4023.75
vggt,100,42,0.0,5000,confidence,,,,0,10,farthestpose,100,GT Eval,GT Extrinsics,GT Intrinsics,,,,,,,0.0,,vggt,bonsai,,,15000,15000,,MCMC,,,,,,,,,,,gsplat,indoor,25.92361831665039,0.2563040256500244,0.8382114171981812,1000000,2.383923672768189e-16,1.5532148154306924e-06,,,0.7184695082101209,0.22036333194129057,5000,/home/ojab2/work/git/gsplat/results/vggt_outputs/bonsai_2_n100_s42_c0.0_p5000_confidence_farthestpose_i100_gteval_gtext_gtint_steps15000/stats/val_step14999.json,/home/ojab2/work/git/gsplat/results/vggt_outputs/bonsai_2_n100_s42_c0.0_p5000_confidence_farthestpose_i100_gteval_gtext_gtint_steps15000/stats/val_step14999.json,bonsai_2_n100_s42_c0.0_p5000_confidence_farthestpose_i100_gteval_gtext_gtint_steps15000,0.7897,0.107121,100,,,,/home/ojab2/work/git/vggt/vggt_outputs/bonsai_2_n100_s42_c0.0_p5000_confidence_farthestpose/eval_results.json,bonsai_2_n100_s42_c0.0_p5000_confidence_farthestpose,bonsai_2_n100_s42_c0.0_p5000_confidence_farthestpose_i100_gteval_gtext_gtint_steps15000_val_step14999.json,5000,vggt | confidence,4625.0
vggt,100,42,0.0,5000,confidence,,,,0,10,farthestpose,100,GT Eval,GT Extrinsics,GT Intrinsics,,,,,,,0.0,,vggt,kitchen,,,15000,15000,,MCMC,,,,,,,,,,,gsplat,indoor,23.82521629333496,0.1901462823152542,0.8552263975143433,1000000,2.378226052708924e-16,2.8618967462534783e-07,,,0.730398605538313,0.19159403546716108,5000,/home/ojab2/work/git/gsplat/results/vggt_outputs/kitchen_2_n100_s42_c0.0_p5000_confidence_farthestpose_i100_gteval_gtext_gtint_steps15000/stats/val_step14999.json,/home/ojab2/work/git/gsplat/results/vggt_outputs/kitchen_2_n100_s42_c0.0_p5000_confidence_farthestpose_i100_gteval_gtext_gtint_steps15000/stats/val_step14999.json,kitchen_2_n100_s42_c0.0_p5000_confidence_farthestpose_i100_gteval_gtext_gtint_steps15000,0.3392,0.031011,100,,,,/home/ojab2/work/git/vggt/vggt_outputs/kitchen_2_n100_s42_c0.0_p5000_confidence_farthestpose/eval_results.json,kitchen_2_n100_s42_c0.0_p5000_confidence_farthestpose,kitchen_2_n100_s42_c0.0_p5000_confidence_farthestpose_i100_gteval_gtext_gtint_steps15000_val_step14999.json,5000,vggt | confidence,4625.0
vggt,100,42,0.0,5000,confidence,,,,0,10,farthestpose,100,GT Eval,GT Extrinsics,GT Intrinsics,,,,,,,0.0,,vggt,bicycle,,,15000,15000,,MCMC,,,,,,,,,,,gsplat,outdoor,22.662302017211914,0.41931387782096863,0.5746358633041382,1000000,0.0,0.0,,,0.4033136455713735,0.358976825127662,5000,/home/ojab2/work/git/gsplat/results/vggt_outputs/bicycle_4_n100_s42_c0.0_p5000_confidence_farthestpose_i100_gteval_gtext_gtint_steps15000/stats/val_step14999.json,/home/ojab2/work/git/gsplat/results/vggt_outputs/bicycle_4_n100_s42_c0.0_p5000_confidence_farthestpose_i100_gteval_gtext_gtint_steps15000/stats/val_step14999.json,bicycle_4_n100_s42_c0.0_p5000_confidence_farthestpose_i100_gteval_gtext_gtint_steps15000,0.857,0.067143,100,,,,/home/ojab2/work/git/vggt/vggt_outputs/bicycle_4_n100_s42_c0.0_p5000_confidence_farthestpose/eval_results.json,bicycle_4_n100_s42_c0.0_p5000_confidence_farthestpose,bicycle_4_n100_s42_c0.0_p5000_confidence_farthestpose_i100_gteval_gtext_gtint_steps15000_val_step14999.json,5000,vggt | confidence,4625.0
vggt,100,42,0.0,5000,confidence,,,,0,10,farthestpose,100,GT Eval,GT Extrinsics,GT Intrinsics,,,,,,,0.0,,vggt,garden,,,15000,15000,,MCMC,,,,,,,,,,,gsplat,outdoor,23.02662467956543,0.38496649265289307,0.6244270205497742,1000000,2.3037861503262557e-16,2.473430242844188e-07,,,0.4603800869669675,0.3342626087625603,5000,/home/ojab2/work/git/gsplat/results/vggt_outputs/garden_2_n100_s42_c0.0_p5000_confidence_farthestpose_i100_gteval_gtext_gtint_steps15000/stats/val_step14999.json,/home/ojab2/work/git/gsplat/results/vggt_outputs/garden_2_n100_s42_c0.0_p5000_confidence_farthestpose_i100_gteval_gtext_gtint_steps15000/stats/val_step14999.json,garden_2_n100_s42_c0.0_p5000_confidence_farthestpose_i100_gteval_gtext_gtint_steps15000,0.3733,0.026869,100,,,,/home/ojab2/work/git/vggt/vggt_outputs/garden_2_n100_s42_c0.0_p5000_confidence_farthestpose/eval_results.json,garden_2_n100_s42_c0.0_p5000_confidence_farthestpose,garden_2_n100_s42_c0.0_p5000_confidence_farthestpose_i100_gteval_gtext_gtint_steps15000_val_step14999.json,5000,vggt | confidence,4625.0
vggt,100,42,0.0,5000,confidence,,,,0,10,farthestpose,100,GT Eval,GT Extrinsics,GT Intrinsics,,,,,,,0.0,,vggt,stump,,,15000,15000,,MCMC,,,,,,,,,,,gsplat,outdoor,24.723236083984375,0.42953547835350037,0.697519838809967,1000000,1.9270000873524313e-16,1.6552414763282286e-06,,,0.5070314352740088,0.3276292678499924,5000,/home/ojab2/work/git/gsplat/results/vggt_outputs/stump_2_n100_s42_c0.0_p5000_confidence_farthestpose_i100_gteval_gtext_gtint_steps15000/stats/val_step14999.json,/home/ojab2/work/git/gsplat/results/vggt_outputs/stump_2_n100_s42_c0.0_p5000_confidence_farthestpose_i100_gteval_gtext_gtint_steps15000/stats/val_step14999.json,stump_2_n100_s42_c0.0_p5000_confidence_farthestpose_i100_gteval_gtext_gtint_steps15000,0.8558,0.162829,100,,,,/home/ojab2/work/git/vggt/vggt_outputs/stump_2_n100_s42_c0.0_p5000_confidence_farthestpose/eval_results.json,stump_2_n100_s42_c0.0_p5000_confidence_farthestpose,stump_2_n100_s42_c0.0_p5000_confidence_farthestpose_i100_gteval_gtext_gtint_steps15000_val_step14999.json,5000,vggt | confidence,4625.0
vggt,100,42,0.0,5000,confidence,,,,0,10,farthestpose,,,,,,,,,,,0.0,,vggt,counter,,,,,,MCMC,,,,,,,,,,,sfm,indoor,,,,,,,,,,,,/home/ojab2/work/git/vggt/vggt_outputs/counter_2_n100_s42_c0.0_p5000_confidence_farthestpose/eval_results.json,,counter_2_n100_s42_c0.0_p5000_confidence_farthestpose,0.3433,0.032901,100,,,,/home/ojab2/work/git/vggt/vggt_outputs/counter_2_n100_s42_c0.0_p5000_confidence_farthestpose/eval_results.json,counter_2_n100_s42_c0.0_p5000_confidence_farthestpose,,,vggt | confidence,4625.0
vggt,87,42,0.0,8700,confidence,,,,0,10,farthestpose,87,GT Eval,GT Extrinsics,GT Intrinsics,,,,,,,0.0,,vggt,lego,,,15000,15000,,MCMC,,,,,,,,,,,gsplat,synthetic,33.116058349609375,0.03349922224879265,0.9797607064247131,1000000,3.212793321957601e-16,0.00963380467146635,0.07697969675064087,0.018188687041401863,1.071974033534604,0.05875068820397942,8700,/home/ojab2/work/git/gsplat/results/vggt_outputs/lego_1_n87_s42_c0.0_p8700_confidence_farthestpose_i87_gteval_gtext_gtint_steps15000/stats/val_step14999.json,/home/ojab2/work/git/gsplat/results/vggt_outputs/lego_1_n87_s42_c0.0_p8700_confidence_farthestpose_i87_gteval_gtext_gtint_steps15000/stats/val_step14999.json,lego_1_n87_s42_c0.0_p8700_confidence_farthestpose_i87_gteval_gtext_gtint_steps15000,0.3306,0.018825,87,0.0469,0.0133,0.1174,/home/ojab2/work/git/vggt/vggt_outputs/lego_1_n87_s42_c0.0_p8700_confidence_farthestpose/eval_results.json,lego_1_n87_s42_c0.0_p8700_confidence_farthestpose,lego_1_n87_s42_c0.0_p8700_confidence_farthestpose_i87_gteval_gtext_gtint_steps15000_val_step14999.json,8700,vggt | confidence,8047.5
vggt,87,42,0.0,8700,confidence,,,,0,10,farthestpose,,,,,,,,,,,0.0,,vggt,ship,,,,,,MCMC,,,,,,,,,,,sfm,synthetic,,,,,,,,,,,,/home/ojab2/work/git/vggt/vggt_outputs/ship_1_n87_s42_c0.0_p8700_confidence_farthestpose/eval_results.json,,ship_1_n87_s42_c0.0_p8700_confidence_farthestpose,0.4869,0.027807,87,0.1056,0.0284,0.2389,/home/ojab2/work/git/vggt/vggt_outputs/ship_1_n87_s42_c0.0_p8700_confidence_farthestpose/eval_results.json,ship_1_n87_s42_c0.0_p8700_confidence_farthestpose,,,vggt | confidence,8047.5
vggt,87,42,0.0,8700,confidence,,,,0,10,farthestpose,,,,,,,,,,,0.0,,vggt,drums,,,,,,MCMC,,,,,,,,,,,sfm,synthetic,,,,,,,,,,,,/home/ojab2/work/git/vggt/vggt_outputs/drums_1_n87_s42_c0.0_p8700_confidence_farthestpose/eval_results.json,,drums_1_n87_s42_c0.0_p8700_confidence_farthestpose,0.173,0.01002,87,,,,/home/ojab2/work/git/vggt/vggt_outputs/drums_1_n87_s42_c0.0_p8700_confidence_farthestpose/eval_results.json,drums_1_n87_s42_c0.0_p8700_confidence_farthestpose,,,vggt | confidence,8047.5
vggt,100,42,0.0,10000,confidence,,,,0,10,farthestpose,100,GT Eval,GT Extrinsics,GT Intrinsics,,,,,,,0.0,,vggt,bonsai,,,15000,15000,,MCMC,,,,,,,,,,,gsplat,indoor,26.208702087402344,0.23617228865623474,0.8455073237419128,1000000,2.1860751727864077e-16,2.4910903562158637e-07,,,0.7404424474563127,0.2105406278684611,10000,/home/ojab2/work/git/gsplat/results/vggt_outputs/bonsai_2_n100_s42_c0.0_p10000_confidence_farthestpose_i100_gteval_gtext_gtint_steps15000/stats/val_step14999.json,/home/ojab2/work/git/gsplat/results/vggt_outputs/bonsai_2_n100_s42_c0.0_p10000_confidence_farthestpose_i100_gteval_gtext_gtint_steps15000/stats/val_step14999.json,bonsai_2_n100_s42_c0.0_p10000_confidence_farthestpose_i100_gteval_gtext_gtint_steps15000,0.7897,0.107121,100,,,,/home/ojab2/work/git/vggt/vggt_outputs/bonsai_2_n100_s42_c0.0_p10000_confidence_farthestpose/eval_results.json,bonsai_2_n100_s42_c0.0_p10000_confidence_farthestpose,bonsai_2_n100_s42_c0.0_p10000_confidence_farthestpose_i100_gteval_gtext_gtint_steps15000_val_step14999.json,10000,vggt | confidence,9250.0
vggt,100,42,0.0,10000,confidence,,,,0,10,farthestpose,100,GT Eval,GT Extrinsics,GT Intrinsics,,,,,,,0.0,,vggt,kitchen,,,15000,15000,,MCMC,,,,,,,,,,,gsplat,indoor,23.987329483032227,0.1779470145702362,0.8682966828346252,1000000,1.5778143282670922e-16,1.7068233546524425e-06,,,0.748574555539868,0.18161641149607646,10000,/home/ojab2/work/git/gsplat/results/vggt_outputs/kitchen_2_n100_s42_c0.0_p10000_confidence_farthestpose_i100_gteval_gtext_gtint_steps15000/stats/val_step14999.json,/home/ojab2/work/git/gsplat/results/vggt_outputs/kitchen_2_n100_s42_c0.0_p10000_confidence_farthestpose_i100_gteval_gtext_gtint_steps15000/stats/val_step14999.json,kitchen_2_n100_s42_c0.0_p10000_confidence_farthestpose_i100_gteval_gtext_gtint_steps15000,0.3392,0.031011,100,,,,/home/ojab2/work/git/vggt/vggt_outputs/kitchen_2_n100_s42_c0.0_p10000_confidence_farthestpose/eval_results.json,kitchen_2_n100_s42_c0.0_p10000_confidence_farthestpose,kitchen_2_n100_s42_c0.0_p10000_confidence_farthestpose_i100_gteval_gtext_gtint_steps15000_val_step14999.json,10000,vggt | confidence,9250.0
vggt,100,42,0.0,10000,confidence,,,,0,10,farthestpose,100,GT Eval,GT Extrinsics,GT Intrinsics,,,,,,,0.0,,vggt,bicycle,,,15000,15000,,MCMC,,,,,,,,,,,gsplat,outdoor,22.80124855041504,0.3771035671234131,0.5984290242195129,1000000,0.0,0.0,,,0.4458566060540271,0.33868213785582024,10000,/home/ojab2/work/git/gsplat/results/vggt_outputs/bicycle_4_n100_s42_c0.0_p10000_confidence_farthestpose_i100_gteval_gtext_gtint_steps15000/stats/val_step14999.json,/home/ojab2/work/git/gsplat/results/vggt_outputs/bicycle_4_n100_s42_c0.0_p10000_confidence_farthestpose_i100_gteval_gtext_gtint_steps15000/stats/val_step14999.json,bicycle_4_n100_s42_c0.0_p10000_confidence_farthestpose_i100_gteval_gtext_gtint_steps15000,0.857,0.067143,100,,,,/home/ojab2/work/git/vggt/vggt_outputs/bicycle_4_n100_s42_c0.0_p10000_confidence_farthestpose/eval_results.json,bicycle_4_n100_s42_c0.0_p10000_confidence_farthestpose,bicycle_4_n100_s42_c0.0_p10000_confidence_farthestpose_i100_gteval_gtext_gtint_steps15000_val_step14999.json,10000,vggt | confidence,9250.0
vggt,100,42,0.0,10000,confidence,,,,0,10,farthestpose,100,GT Eval,GT Extrinsics,GT Intrinsics,,,,,,,0.0,,vggt,garden,,,15000,15000,,MCMC,,,,,,,,,,,gsplat,outdoor,23.044187545776367,0.3621957004070282,0.6401271820068359,1000000,2.299223554416311e-16,4.15088663885399e-07,,,0.48394275079538795,0.32235028110947206,10000,/home/ojab2/work/git/gsplat/results/vggt_outputs/garden_2_n100_s42_c0.0_p10000_confidence_farthestpose_i100_gteval_gtext_gtint_steps15000/stats/val_step14999.json,/home/ojab2/work/git/gsplat/results/vggt_outputs/garden_2_n100_s42_c0.0_p10000_confidence_farthestpose_i100_gteval_gtext_gtint_steps15000/stats/val_step14999.json,garden_2_n100_s42_c0.0_p10000_confidence_farthestpose_i100_gteval_gtext_gtint_steps15000,0.3733,0.026869,100,,,,/home/ojab2/work/git/vggt/vggt_outputs/garden_2_n100_s42_c0.0_p10000_confidence_farthestpose/eval_results.json,garden_2_n100_s42_c0.0_p10000_confidence_farthestpose,garden_2_n100_s42_c0.0_p10000_confidence_farthestpose_i100_gteval_gtext_gtint_steps15000_val_step14999.json,10000,vggt | confidence,9250.0
vggt,100,42,0.0,10000,confidence,,,,0,10,farthestpose,100,GT Eval,GT Extrinsics,GT Intrinsics,,,,,,,0.0,,vggt,stump,,,15000,15000,,MCMC,,,,,,,,,,,gsplat,outdoor,25.04335594177246,0.38491716980934143,0.7218976020812988,1000000,2.1850122787865015e-16,1.55092561726633e-06,,,0.5547577484696619,0.30513406125055353,10000,/home/ojab2/work/git/gsplat/results/vggt_outputs/stump_2_n100_s42_c0.0_p10000_confidence_farthestpose_i100_gteval_gtext_gtint_steps15000/stats/val_step14999.json,/home/ojab2/work/git/gsplat/results/vggt_outputs/stump_2_n100_s42_c0.0_p10000_confidence_farthestpose_i100_gteval_gtext_gtint_steps15000/stats/val_step14999.json,stump_2_n100_s42_c0.0_p10000_confidence_farthestpose_i100_gteval_gtext_gtint_steps15000,0.8558,0.162829,100,,,,/home/ojab2/work/git/vggt/vggt_outputs/stump_2_n100_s42_c0.0_p10000_confidence_farthestpose/eval_results.json,stump_2_n100_s42_c0.0_p10000_confidence_farthestpose,stump_2_n100_s42_c0.0_p10000_confidence_farthestpose_i100_gteval_gtext_gtint_steps15000_val_step14999.json,10000,vggt | confidence,9250.0
vggt,100,42,0.0,10000,confidence,,,,0,10,farthestpose,,,,,,,,,,,0.0,,vggt,counter,,,,,,MCMC,,,,,,,,,,,sfm,indoor,,,,,,,,,,,,/home/ojab2/work/git/vggt/vggt_outputs/counter_2_n100_s42_c0.0_p10000_confidence_farthestpose/eval_results.json,,counter_2_n100_s42_c0.0_p10000_confidence_farthestpose,0.3433,0.032901,100,,,,/home/ojab2/work/git/vggt/vggt_outputs/counter_2_n100_s42_c0.0_p10000_confidence_farthestpose/eval_results.json,counter_2_n100_s42_c0.0_p10000_confidence_farthestpose,,,vggt | confidence,9250.0
vggt,87,42,0.0,43500,confidence,,,,0,10,farthestpose,87,GT Eval,GT Extrinsics,GT Intrinsics,,,,,,,0.0,,vggt,lego,,,15000,15000,,MCMC,,,,,,,,,,,gsplat,synthetic,33.26716995239258,0.031915076076984406,0.9807745218276978,1000000,1.944247663391999e-16,0.009641566313803196,0.0740339383482933,0.01750635914504528,1.0763431390610663,0.05701411032452851,43500,/home/ojab2/work/git/gsplat/results/vggt_outputs/lego_1_n87_s42_c0.0_p43500_confidence_farthestpose_i87_gteval_gtext_gtint_steps15000/stats/val_step14999.json,/home/ojab2/work/git/gsplat/results/vggt_outputs/lego_1_n87_s42_c0.0_p43500_confidence_farthestpose_i87_gteval_gtext_gtint_steps15000/stats/val_step14999.json,lego_1_n87_s42_c0.0_p43500_confidence_farthestpose_i87_gteval_gtext_gtint_steps15000,0.3306,0.018825,87,0.0469,0.0133,0.1174,/home/ojab2/work/git/vggt/vggt_outputs/lego_1_n87_s42_c0.0_p43500_confidence_farthestpose/eval_results.json,lego_1_n87_s42_c0.0_p43500_confidence_farthestpose,lego_1_n87_s42_c0.0_p43500_confidence_farthestpose_i87_gteval_gtext_gtint_steps15000_val_step14999.json,43500,vggt | confidence,40237.5
vggt,87,42,0.0,43500,confidence,,,,0,10,farthestpose,,,,,,,,,,,0.0,,vggt,ship,,,,,,MCMC,,,,,,,,,,,sfm,synthetic,,,,,,,,,,,,/home/ojab2/work/git/vggt/vggt_outputs/ship_1_n87_s42_c0.0_p43500_confidence_farthestpose/eval_results.json,,ship_1_n87_s42_c0.0_p43500_confidence_farthestpose,0.4869,0.027807,87,0.1056,0.0284,0.2389,/home/ojab2/work/git/vggt/vggt_outputs/ship_1_n87_s42_c0.0_p43500_confidence_farthestpose/eval_results.json,ship_1_n87_s42_c0.0_p43500_confidence_farthestpose,,,vggt | confidence,40237.5
vggt,87,42,0.0,43500,confidence,,,,0,10,farthestpose,,,,,,,,,,,0.0,,vggt,drums,,,,,,MCMC,,,,,,,,,,,sfm,synthetic,,,,,,,,,,,,/home/ojab2/work/git/vggt/vggt_outputs/drums_1_n87_s42_c0.0_p43500_confidence_farthestpose/eval_results.json,,drums_1_n87_s42_c0.0_p43500_confidence_farthestpose,0.173,0.01002,87,,,,/home/ojab2/work/git/vggt/vggt_outputs/drums_1_n87_s42_c0.0_p43500_confidence_farthestpose/eval_results.json,drums_1_n87_s42_c0.0_p43500_confidence_farthestpose,,,vggt | confidence,40237.5
vggt,100,42,0.0,50000,confidence,,,,0,10,farthestpose,100,GT Eval,GT Extrinsics,GT Intrinsics,,,,,,,0.0,,vggt,bonsai,,,15000,15000,,MCMC,,,,,,,,,,,gsplat,indoor,26.259605407714844,0.2173285186290741,0.8426769971847534,1000000,3.57560929700214e-16,1.624131641619897e-06,,,0.7513618966137301,0.20544476392724997,50000,/home/ojab2/work/git/gsplat/results/vggt_outputs/bonsai_2_n100_s42_c0.0_p50000_confidence_farthestpose_i100_gteval_gtext_gtint_steps15000/stats/val_step14999.json,/home/ojab2/work/git/gsplat/results/vggt_outputs/bonsai_2_n100_s42_c0.0_p50000_confidence_farthestpose_i100_gteval_gtext_gtint_steps15000/stats/val_step14999.json,bonsai_2_n100_s42_c0.0_p50000_confidence_farthestpose_i100_gteval_gtext_gtint_steps15000,0.7897,0.107121,100,,,,/home/ojab2/work/git/vggt/vggt_outputs/bonsai_2_n100_s42_c0.0_p50000_confidence_farthestpose/eval_results.json,bonsai_2_n100_s42_c0.0_p50000_confidence_farthestpose,bonsai_2_n100_s42_c0.0_p50000_confidence_farthestpose_i100_gteval_gtext_gtint_steps15000_val_step14999.json,50000,vggt | confidence,46250.0
vggt,100,42,0.0,50000,confidence,,,,0,10,farthestpose,100,GT Eval,GT Extrinsics,GT Intrinsics,,,,,,,0.0,,vggt,kitchen,,,15000,15000,,MCMC,,,,,,,,,,,gsplat,indoor,23.833587646484375,0.1752758026123047,0.8679561018943787,1000000,3.6021688091566865e-16,3.7571021493931767e-07,,,0.7471772106225185,0.18093027700939102,50000,/home/ojab2/work/git/gsplat/results/vggt_outputs/kitchen_2_n100_s42_c0.0_p50000_confidence_farthestpose_i100_gteval_gtext_gtint_steps15000/stats/val_step14999.json,/home/ojab2/work/git/gsplat/results/vggt_outputs/kitchen_2_n100_s42_c0.0_p50000_confidence_farthestpose_i100_gteval_gtext_gtint_steps15000/stats/val_step14999.json,kitchen_2_n100_s42_c0.0_p50000_confidence_farthestpose_i100_gteval_gtext_gtint_steps15000,0.3392,0.031011,100,,,,/home/ojab2/work/git/vggt/vggt_outputs/kitchen_2_n100_s42_c0.0_p50000_confidence_farthestpose/eval_results.json,kitchen_2_n100_s42_c0.0_p50000_confidence_farthestpose,kitchen_2_n100_s42_c0.0_p50000_confidence_farthestpose_i100_gteval_gtext_gtint_steps15000_val_step14999.json,50000,vggt | confidence,46250.0
vggt,100,42,0.0,50000,confidence,,,,0,10,farthestpose,100,GT Eval,GT Extrinsics,GT Intrinsics,,,,,,,0.0,,vggt,bicycle,,,15000,15000,,MCMC,,,,,,,,,,,gsplat,outdoor,22.63270378112793,0.3215659558773041,0.6213787198066711,1000000,0.0,0.0,,,0.49043875731300274,0.314114077500656,50000,/home/ojab2/work/git/gsplat/results/vggt_outputs/bicycle_4_n100_s42_c0.0_p50000_confidence_farthestpose_i100_gteval_gtext_gtint_steps15000/stats/val_step14999.json,/home/ojab2/work/git/gsplat/results/vggt_outputs/bicycle_4_n100_s42_c0.0_p50000_confidence_farthestpose_i100_gteval_gtext_gtint_steps15000/stats/val_step14999.json,bicycle_4_n100_s42_c0.0_p50000_confidence_farthestpose_i100_gteval_gtext_gtint_steps15000,0.857,0.067143,100,,,,/home/ojab2/work/git/vggt/vggt_outputs/bicycle_4_n100_s42_c0.0_p50000_confidence_farthestpose/eval_results.json,bicycle_4_n100_s42_c0.0_p50000_confidence_farthestpose,bicycle_4_n100_s42_c0.0_p50000_confidence_farthestpose_i100_gteval_gtext_gtint_steps15000_val_step14999.json,50000,vggt | confidence,46250.0
vggt,100,42,0.0,50000,confidence,,,,0,10,farthestpose,100,GT Eval,GT Extrinsics,GT Intrinsics,,,,,,,0.0,,vggt,garden,,,15000,15000,,MCMC,,,,,,,,,,,gsplat,outdoor,23.107810974121094,0.3264971971511841,0.6677212715148926,1000000,2.30928180596716e-16,1.8047827552436502e-06,,,0.5232939700014487,0.3026074718144547,50000,/home/ojab2/work/git/gsplat/results/vggt_outputs/garden_2_n100_s42_c0.0_p50000_confidence_farthestpose_i100_gteval_gtext_gtint_steps15000/stats/val_step14999.json,/home/ojab2/work/git/gsplat/results/vggt_outputs/garden_2_n100_s42_c0.0_p50000_confidence_farthestpose_i100_gteval_gtext_gtint_steps15000/stats/val_step14999.json,garden_2_n100_s42_c0.0_p50000_confidence_farthestpose_i100_gteval_gtext_gtint_steps15000,0.3733,0.026869,100,,,,/home/ojab2/work/git/vggt/vggt_outputs/garden_2_n100_s42_c0.0_p50000_confidence_farthestpose/eval_results.json,garden_2_n100_s42_c0.0_p50000_confidence_farthestpose,garden_2_n100_s42_c0.0_p50000_confidence_farthestpose_i100_gteval_gtext_gtint_steps15000_val_step14999.json,50000,vggt | confidence,46250.0
vggt,100,42,0.0,50000,confidence,,,,0,10,farthestpose,100,GT Eval,GT Extrinsics,GT Intrinsics,,,,,,,0.0,,vggt,stump,,,15000,15000,,MCMC,,,,,,,,,,,gsplat,outdoor,26.168575286865234,0.30932021141052246,0.7562752962112427,1000000,1.5224922242017497e-16,1.3944434158474905e-06,,,0.6423638475801048,0.2684737623640383,50000,/home/ojab2/work/git/gsplat/results/vggt_outputs/stump_2_n100_s42_c0.0_p50000_confidence_farthestpose_i100_gteval_gtext_gtint_steps15000/stats/val_step14999.json,/home/ojab2/work/git/gsplat/results/vggt_outputs/stump_2_n100_s42_c0.0_p50000_confidence_farthestpose_i100_gteval_gtext_gtint_steps15000/stats/val_step14999.json,stump_2_n100_s42_c0.0_p50000_confidence_farthestpose_i100_gteval_gtext_gtint_steps15000,0.8558,0.162829,100,,,,/home/ojab2/work/git/vggt/vggt_outputs/stump_2_n100_s42_c0.0_p50000_confidence_farthestpose/eval_results.json,stump_2_n100_s42_c0.0_p50000_confidence_farthestpose,stump_2_n100_s42_c0.0_p50000_confidence_farthestpose_i100_gteval_gtext_gtint_steps15000_val_step14999.json,50000,vggt | confidence,46250.0
vggt,100,42,0.0,50000,confidence,,,,0,10,farthestpose,,,,,,,,,,,0.0,,vggt,counter,,,,,,MCMC,,,,,,,,,,,sfm,indoor,,,,,,,,,,,,/home/ojab2/work/git/vggt/vggt_outputs/counter_2_n100_s42_c0.0_p50000_confidence_farthestpose/eval_results.json,,counter_2_n100_s42_c0.0_p50000_confidence_farthestpose,0.3433,0.032901,100,,,,/home/ojab2/work/git/vggt/vggt_outputs/counter_2_n100_s42_c0.0_p50000_confidence_farthestpose/eval_results.json,counter_2_n100_s42_c0.0_p50000_confidence_farthestpose,,,vggt | confidence,46250.0
vggt,87,42,0.0,87000,confidence,,,,0,10,farthestpose,87,GT Eval,GT Extrinsics,GT Intrinsics,,,,,,,0.0,,vggt,lego,,,15000,15000,,MCMC,,,,,,,,,,,gsplat,synthetic,33.303985595703125,0.03174300119280815,0.9808568358421326,1000000,3.1362390135803494e-16,0.009640195406973362,0.0731990858912468,0.017306337133049965,1.0771792661483368,0.05685637706906866,87000,/home/ojab2/work/git/gsplat/results/vggt_outputs/lego_1_n87_s42_c0.0_p87000_confidence_farthestpose_i87_gteval_gtext_gtint_steps15000/stats/val_step14999.json,/home/ojab2/work/git/gsplat/results/vggt_outputs/lego_1_n87_s42_c0.0_p87000_confidence_farthestpose_i87_gteval_gtext_gtint_steps15000/stats/val_step14999.json,lego_1_n87_s42_c0.0_p87000_confidence_farthestpose_i87_gteval_gtext_gtint_steps15000,0.3306,0.018825,87,0.0469,0.0133,0.1174,/home/ojab2/work/git/vggt/vggt_outputs/lego_1_n87_s42_c0.0_p87000_confidence_farthestpose/eval_results.json,lego_1_n87_s42_c0.0_p87000_confidence_farthestpose,lego_1_n87_s42_c0.0_p87000_confidence_farthestpose_i87_gteval_gtext_gtint_steps15000_val_step14999.json,87000,vggt | confidence,80475.0
vggt,87,42,0.0,87000,confidence,,,,0,10,farthestpose,,,,,,,,,,,0.0,,vggt,ship,,,,,,MCMC,,,,,,,,,,,sfm,synthetic,,,,,,,,,,,,/home/ojab2/work/git/vggt/vggt_outputs/ship_1_n87_s42_c0.0_p87000_confidence_farthestpose/eval_results.json,,ship_1_n87_s42_c0.0_p87000_confidence_farthestpose,0.4869,0.027807,87,0.1056,0.0284,0.2389,/home/ojab2/work/git/vggt/vggt_outputs/ship_1_n87_s42_c0.0_p87000_confidence_farthestpose/eval_results.json,ship_1_n87_s42_c0.0_p87000_confidence_farthestpose,,,vggt | confidence,80475.0
vggt,87,42,0.0,87000,confidence,,,,0,10,farthestpose,,,,,,,,,,,0.0,,vggt,drums,,,,,,MCMC,,,,,,,,,,,sfm,synthetic,,,,,,,,,,,,/home/ojab2/work/git/vggt/vggt_outputs/drums_1_n87_s42_c0.0_p87000_confidence_farthestpose/eval_results.json,,drums_1_n87_s42_c0.0_p87000_confidence_farthestpose,0.173,0.01002,87,,,,/home/ojab2/work/git/vggt/vggt_outputs/drums_1_n87_s42_c0.0_p87000_confidence_farthestpose/eval_results.json,drums_1_n87_s42_c0.0_p87000_confidence_farthestpose,,,vggt | confidence,80475.0
vggt,100,42,0.0,100000,confidence,,,,0,10,farthestpose,100,GT Eval,GT Extrinsics,GT Intrinsics,,,,,,,0.0,,vggt,bonsai,,,15000,15000,,MCMC,,,,,,,,,,,gsplat,indoor,26.00676155090332,0.21237458288669586,0.8379637002944946,1000000,2.95370791330958e-16,1.4724598713655723e-06,,,0.7469812740243201,0.20580662956308182,100000,/home/ojab2/work/git/gsplat/results/vggt_outputs/bonsai_2_n100_s42_c0.0_p100000_confidence_farthestpose_i100_gteval_gtext_gtint_steps15000/stats/val_step14999.json,/home/ojab2/work/git/gsplat/results/vggt_outputs/bonsai_2_n100_s42_c0.0_p100000_confidence_farthestpose_i100_gteval_gtext_gtint_steps15000/stats/val_step14999.json,bonsai_2_n100_s42_c0.0_p100000_confidence_farthestpose_i100_gteval_gtext_gtint_steps15000,0.7897,0.107121,100,,,,/home/ojab2/work/git/vggt/vggt_outputs/bonsai_2_n100_s42_c0.0_p100000_confidence_farthestpose/eval_results.json,bonsai_2_n100_s42_c0.0_p100000_confidence_farthestpose,bonsai_2_n100_s42_c0.0_p100000_confidence_farthestpose_i100_gteval_gtext_gtint_steps15000_val_step14999.json,100000,vggt | confidence,92500.0
vggt,100,42,0.0,100000,confidence,,,,0,10,farthestpose,100,GT Eval,GT Extrinsics,GT Intrinsics,,,,,,,0.0,,vggt,kitchen,,,15000,15000,,MCMC,,,,,,,,,,,gsplat,indoor,24.565181732177734,0.16689038276672363,0.8742621541023254,1000000,1.7070834674189192e-16,1.236715121422094e-07,,,0.7695891841655432,0.17499366285082085,100000,/home/ojab2/work/git/gsplat/results/vggt_outputs/kitchen_2_n100_s42_c0.0_p100000_confidence_farthestpose_i100_gteval_gtext_gtint_steps15000/stats/val_step14999.json,/home/ojab2/work/git/gsplat/results/vggt_outputs/kitchen_2_n100_s42_c0.0_p100000_confidence_farthestpose_i100_gteval_gtext_gtint_steps15000/stats/val_step14999.json,kitchen_2_n100_s42_c0.0_p100000_confidence_farthestpose_i100_gteval_gtext_gtint_steps15000,0.3392,0.031011,100,,,,/home/ojab2/work/git/vggt/vggt_outputs/kitchen_2_n100_s42_c0.0_p100000_confidence_farthestpose/eval_results.json,kitchen_2_n100_s42_c0.0_p100000_confidence_farthestpose,kitchen_2_n100_s42_c0.0_p100000_confidence_farthestpose_i100_gteval_gtext_gtint_steps15000_val_step14999.json,100000,vggt | confidence,92500.0
vggt,100,42,0.0,100000,confidence,,,,0,10,farthestpose,100,GT Eval,GT Extrinsics,GT Intrinsics,,,,,,,0.0,,vggt,bicycle,,,15000,15000,,MCMC,,,,,,,,,,,gsplat,outdoor,22.78083038330078,0.30550122261047363,0.6233962774276733,1000000,0.0,0.0,,,0.5042782028128838,0.3081509953139706,100000,/home/ojab2/work/git/gsplat/results/vggt_outputs/bicycle_4_n100_s42_c0.0_p100000_confidence_farthestpose_i100_gteval_gtext_gtint_steps15000/stats/val_step14999.json,/home/ojab2/work/git/gsplat/results/vggt_outputs/bicycle_4_n100_s42_c0.0_p100000_confidence_farthestpose_i100_gteval_gtext_gtint_steps15000/stats/val_step14999.json,bicycle_4_n100_s42_c0.0_p100000_confidence_farthestpose_i100_gteval_gtext_gtint_steps15000,0.857,0.067143,100,,,,/home/ojab2/work/git/vggt/vggt_outputs/bicycle_4_n100_s42_c0.0_p100000_confidence_farthestpose/eval_results.json,bicycle_4_n100_s42_c0.0_p100000_confidence_farthestpose,bicycle_4_n100_s42_c0.0_p100000_confidence_farthestpose_i100_gteval_gtext_gtint_steps15000_val_step14999.json,100000,vggt | confidence,92500.0
vggt,100,42,0.0,100000,confidence,,,,0,10,farthestpose,100,GT Eval,GT Extrinsics,GT Intrinsics,,,,,,,0.0,,vggt,garden,,,15000,15000,,MCMC,,,,,,,,,,,gsplat,outdoor,23.083709716796875,0.3149016201496124,0.6756105422973633,1000000,1.46789896551774e-16,1.333600494035636e-06,,,0.5346190226473074,0.2964565980456621,100000,/home/ojab2/work/git/gsplat/results/vggt_outputs/garden_2_n100_s42_c0.0_p100000_confidence_farthestpose_i100_gteval_gtext_gtint_steps15000/stats/val_step14999.json,/home/ojab2/work/git/gsplat/results/vggt_outputs/garden_2_n100_s42_c0.0_p100000_confidence_farthestpose_i100_gteval_gtext_gtint_steps15000/stats/val_step14999.json,garden_2_n100_s42_c0.0_p100000_confidence_farthestpose_i100_gteval_gtext_gtint_steps15000,0.3733,0.026869,100,,,,/home/ojab2/work/git/vggt/vggt_outputs/garden_2_n100_s42_c0.0_p100000_confidence_farthestpose/eval_results.json,garden_2_n100_s42_c0.0_p100000_confidence_farthestpose,garden_2_n100_s42_c0.0_p100000_confidence_farthestpose_i100_gteval_gtext_gtint_steps15000_val_step14999.json,100000,vggt | confidence,92500.0
vggt,100,42,0.0,100000,confidence,,,,0,10,farthestpose,100,GT Eval,GT Extrinsics,GT Intrinsics,,,,,,,0.0,,vggt,stump,,,15000,15000,,MCMC,,,,,,,,,,,gsplat,outdoor,25.46425437927246,0.30818137526512146,0.7493466138839722,1000000,1.823902942781782e-16,9.27523217342241e-07,,,0.6259719920747073,0.27055867034747455,100000,/home/ojab2/work/git/gsplat/results/vggt_outputs/stump_2_n100_s42_c0.0_p100000_confidence_farthestpose_i100_gteval_gtext_gtint_steps15000/stats/val_step14999.json,/home/ojab2/work/git/gsplat/results/vggt_outputs/stump_2_n100_s42_c0.0_p100000_confidence_farthestpose_i100_gteval_gtext_gtint_steps15000/stats/val_step14999.json,stump_2_n100_s42_c0.0_p100000_confidence_farthestpose_i100_gteval_gtext_gtint_steps15000,0.8558,0.162829,100,,,,/home/ojab2/work/git/vggt/vggt_outputs/stump_2_n100_s42_c0.0_p100000_confidence_farthestpose/eval_results.json,stump_2_n100_s42_c0.0_p100000_confidence_farthestpose,stump_2_n100_s42_c0.0_p100000_confidence_farthestpose_i100_gteval_gtext_gtint_steps15000_val_step14999.json,100000,vggt | confidence,92500.0
vggt,100,42,0.0,100000,confidence,,,,0,10,farthestpose,,,,,,,,,,,0.0,,vggt,counter,,,,,,MCMC,,,,,,,,,,,sfm,indoor,,,,,,,,,,,,/home/ojab2/work/git/vggt/vggt_outputs/counter_2_n100_s42_c0.0_p100000_confidence_farthestpose/eval_results.json,,counter_2_n100_s42_c0.0_p100000_confidence_farthestpose,0.3433,0.032901,100,,,,/home/ojab2/work/git/vggt/vggt_outputs/counter_2_n100_s42_c0.0_p100000_confidence_farthestpose/eval_results.json,counter_2_n100_s42_c0.0_p100000_confidence_farthestpose,,,vggt | confidence,92500.0
vggt,87,42,0.0,435000,confidence,,,,0,10,farthestpose,87,GT Eval,GT Extrinsics,GT Intrinsics,,,,,,,0.0,,vggt,lego,,,15000,15000,,MCMC,,,,,,,,,,,gsplat,synthetic,33.26312255859375,0.03115025907754898,0.9802699685096741,1000000,2.9326919670970167e-16,0.009639804251492023,0.07162117958068848,0.01692909374833107,1.076445236163065,0.057361871106378456,435000,/home/ojab2/work/git/gsplat/results/vggt_outputs/lego_1_n87_s42_c0.0_p435000_confidence_farthestpose_i87_gteval_gtext_gtint_steps15000/stats/val_step14999.json,/home/ojab2/work/git/gsplat/results/vggt_outputs/lego_1_n87_s42_c0.0_p435000_confidence_farthestpose_i87_gteval_gtext_gtint_steps15000/stats/val_step14999.json,lego_1_n87_s42_c0.0_p435000_confidence_farthestpose_i87_gteval_gtext_gtint_steps15000,0.3306,0.018825,87,0.0469,0.0133,0.1174,/home/ojab2/work/git/vggt/vggt_outputs/lego_1_n87_s42_c0.0_p435000_confidence_farthestpose/eval_results.json,lego_1_n87_s42_c0.0_p435000_confidence_farthestpose,lego_1_n87_s42_c0.0_p435000_confidence_farthestpose_i87_gteval_gtext_gtint_steps15000_val_step14999.json,435000,vggt | confidence,402375.0
vggt,87,42,0.0,435000,confidence,,,,0,10,farthestpose,,,,,,,,,,,0.0,,vggt,ship,,,,,,MCMC,,,,,,,,,,,sfm,synthetic,,,,,,,,,,,,/home/ojab2/work/git/vggt/vggt_outputs/ship_1_n87_s42_c0.0_p435000_confidence_farthestpose/eval_results.json,,ship_1_n87_s42_c0.0_p435000_confidence_farthestpose,0.4869,0.027807,87,0.1056,0.0284,0.2389,/home/ojab2/work/git/vggt/vggt_outputs/ship_1_n87_s42_c0.0_p435000_confidence_farthestpose/eval_results.json,ship_1_n87_s42_c0.0_p435000_confidence_farthestpose,,,vggt | confidence,402375.0
vggt,87,42,0.0,435000,confidence,,,,0,10,farthestpose,,,,,,,,,,,0.0,,vggt,drums,,,,,,MCMC,,,,,,,,,,,sfm,synthetic,,,,,,,,,,,,/home/ojab2/work/git/vggt/vggt_outputs/drums_1_n87_s42_c0.0_p435000_confidence_farthestpose/eval_results.json,,drums_1_n87_s42_c0.0_p435000_confidence_farthestpose,0.173,0.01002,87,,,,/home/ojab2/work/git/vggt/vggt_outputs/drums_1_n87_s42_c0.0_p435000_confidence_farthestpose/eval_results.json,drums_1_n87_s42_c0.0_p435000_confidence_farthestpose,,,vggt | confidence,402375.0
vggt,100,42,0.0,500000,confidence,,,,0,10,farthestpose,100,GT Eval,GT Extrinsics,GT Intrinsics,,,,,,,0.0,,vggt,bonsai,,,15000,15000,,MCMC,,,,,,,,,,,gsplat,indoor,24.966115951538086,0.23043519258499146,0.8137606978416443,1000000,1.3781942059365692e-16,8.323693805323273e-07,,,0.7024077321121334,0.22172558576558124,500000,/home/ojab2/work/git/gsplat/results/vggt_outputs/bonsai_2_n100_s42_c0.0_p500000_confidence_farthestpose_i100_gteval_gtext_gtint_steps15000/stats/val_step14999.json,/home/ojab2/work/git/gsplat/results/vggt_outputs/bonsai_2_n100_s42_c0.0_p500000_confidence_farthestpose_i100_gteval_gtext_gtint_steps15000/stats/val_step14999.json,bonsai_2_n100_s42_c0.0_p500000_confidence_farthestpose_i100_gteval_gtext_gtint_steps15000,0.7897,0.107121,100,,,,/home/ojab2/work/git/vggt/vggt_outputs/bonsai_2_n100_s42_c0.0_p500000_confidence_farthestpose/eval_results.json,bonsai_2_n100_s42_c0.0_p500000_confidence_farthestpose,bonsai_2_n100_s42_c0.0_p500000_confidence_farthestpose_i100_gteval_gtext_gtint_steps15000_val_step14999.json,500000,vggt | confidence,462500.0
vggt,100,42,0.0,500000,confidence,,,,0,10,farthestpose,100,GT Eval,GT Extrinsics,GT Intrinsics,,,,,,,0.0,,vggt,kitchen,,,15000,15000,,MCMC,,,,,,,,,,,gsplat,indoor,23.92934799194336,0.17170283198356628,0.8724957704544067,1000000,3.2598245616561e-16,1.3947167190053733e-06,,,0.7538108647140765,0.17760884742134642,500000,/home/ojab2/work/git/gsplat/results/vggt_outputs/kitchen_2_n100_s42_c0.0_p500000_confidence_farthestpose_i100_gteval_gtext_gtint_steps15000/stats/val_step14999.json,/home/ojab2/work/git/gsplat/results/vggt_outputs/kitchen_2_n100_s42_c0.0_p500000_confidence_farthestpose_i100_gteval_gtext_gtint_steps15000/stats/val_step14999.json,kitchen_2_n100_s42_c0.0_p500000_confidence_farthestpose_i100_gteval_gtext_gtint_steps15000,0.3392,0.031011,100,,,,/home/ojab2/work/git/vggt/vggt_outputs/kitchen_2_n100_s42_c0.0_p500000_confidence_farthestpose/eval_results.json,kitchen_2_n100_s42_c0.0_p500000_confidence_farthestpose,kitchen_2_n100_s42_c0.0_p500000_confidence_farthestpose_i100_gteval_gtext_gtint_steps15000_val_step14999.json,500000,vggt | confidence,462500.0
vggt,100,42,0.0,500000,confidence,,,,0,10,farthestpose,100,GT Eval,GT Extrinsics,GT Intrinsics,,,,,,,0.0,,vggt,bicycle,,,15000,15000,,MCMC,,,,,,,,,,,gsplat,outdoor,22.257572174072266,0.3076338768005371,0.6048211455345154,1000000,0.0,0.0,,,0.4824091325416589,0.3140708829802904,500000,/home/ojab2/work/git/gsplat/results/vggt_outputs/bicycle_4_n100_s42_c0.0_p500000_confidence_farthestpose_i100_gteval_gtext_gtint_steps15000/stats/val_step14999.json,/home/ojab2/work/git/gsplat/results/vggt_outputs/bicycle_4_n100_s42_c0.0_p500000_confidence_farthestpose_i100_gteval_gtext_gtint_steps15000/stats/val_step14999.json,bicycle_4_n100_s42_c0.0_p500000_confidence_farthestpose_i100_gteval_gtext_gtint_steps15000,0.857,0.067143,100,,,,/home/ojab2/work/git/vggt/vggt_outputs/bicycle_4_n100_s42_c0.0_p500000_confidence_farthestpose/eval_results.json,bicycle_4_n100_s42_c0.0_p500000_confidence_farthestpose,bicycle_4_n100_s42_c0.0_p500000_confidence_farthestpose_i100_gteval_gtext_gtint_steps15000_val_step14999.json,500000,vggt | confidence,462500.0
vggt,100,42,0.0,500000,confidence,,,,0,10,farthestpose,100,GT Eval,GT Extrinsics,GT Intrinsics,,,,,,,0.0,,vggt,garden,,,15000,15000,,MCMC,,,,,,,,,,,gsplat,outdoor,22.988834381103516,0.3097632825374603,0.6766133308410645,1000000,2.3722441472167363e-16,1.6417480992458877e-06,,,0.5366203113761019,0.2944863414217316,500000,/home/ojab2/work/git/gsplat/results/vggt_outputs/garden_2_n100_s42_c0.0_p500000_confidence_farthestpose_i100_gteval_gtext_gtint_steps15000/stats/val_step14999.json,/home/ojab2/work/git/gsplat/results/vggt_outputs/garden_2_n100_s42_c0.0_p500000_confidence_farthestpose_i100_gteval_gtext_gtint_steps15000/stats/val_step14999.json,garden_2_n100_s42_c0.0_p500000_confidence_farthestpose_i100_gteval_gtext_gtint_steps15000,0.3733,0.026869,100,,,,/home/ojab2/work/git/vggt/vggt_outputs/garden_2_n100_s42_c0.0_p500000_confidence_farthestpose/eval_results.json,garden_2_n100_s42_c0.0_p500000_confidence_farthestpose,garden_2_n100_s42_c0.0_p500000_confidence_farthestpose_i100_gteval_gtext_gtint_steps15000_val_step14999.json,500000,vggt | confidence,462500.0
vggt,100,42,0.0,500000,confidence,,,,0,10,farthestpose,100,GT Eval,GT Extrinsics,GT Intrinsics,,,,,,,0.0,,vggt,stump,,,15000,15000,,MCMC,,,,,,,,,,,gsplat,outdoor,25.351465225219727,0.30814993381500244,0.7275583744049072,1000000,2.0410631322164715e-16,1.987811174331e-06,,,0.6111610518251633,0.27767526220775174,500000,/home/ojab2/work/git/gsplat/results/vggt_outputs/stump_2_n100_s42_c0.0_p500000_confidence_farthestpose_i100_gteval_gtext_gtint_steps15000/stats/val_step14999.json,/home/ojab2/work/git/gsplat/results/vggt_outputs/stump_2_n100_s42_c0.0_p500000_confidence_farthestpose_i100_gteval_gtext_gtint_steps15000/stats/val_step14999.json,stump_2_n100_s42_c0.0_p500000_confidence_farthestpose_i100_gteval_gtext_gtint_steps15000,0.8558,0.162829,100,,,,/home/ojab2/work/git/vggt/vggt_outputs/stump_2_n100_s42_c0.0_p500000_confidence_farthestpose/eval_results.json,stump_2_n100_s42_c0.0_p500000_confidence_farthestpose,stump_2_n100_s42_c0.0_p500000_confidence_farthestpose_i100_gteval_gtext_gtint_steps15000_val_step14999.json,500000,vggt | confidence,462500.0
vggt,100,42,0.0,500000,confidence,,,,0,10,farthestpose,,,,,,,,,,,0.0,,vggt,counter,,,,,,MCMC,,,,,,,,,,,sfm,indoor,,,,,,,,,,,,/home/ojab2/work/git/vggt/vggt_outputs/counter_2_n100_s42_c0.0_p500000_confidence_farthestpose/eval_results.json,,counter_2_n100_s42_c0.0_p500000_confidence_farthestpose,0.3433,0.032901,100,,,,/home/ojab2/work/git/vggt/vggt_outputs/counter_2_n100_s42_c0.0_p500000_confidence_farthestpose/eval_results.json,counter_2_n100_s42_c0.0_p500000_confidence_farthestpose,,,vggt | confidence,462500.0
vggt,87,42,0.0,870000,confidence,,,,0,10,farthestpose,87,GT Eval,GT Extrinsics,GT Intrinsics,,,,,,,0.0,,vggt,lego,,,15000,15000,,MCMC,,,,,,,,,,,gsplat,synthetic,33.202056884765625,0.030985035002231598,0.9799816012382507,1000000,2.1329307374888968e-16,0.009638720192015171,0.07120325416326523,0.016830027103424072,1.0752477446901403,0.05764994306384775,870000,/home/ojab2/work/git/gsplat/results/vggt_outputs/lego_1_n87_s42_c0.0_p870000_confidence_farthestpose_i87_gteval_gtext_gtint_steps15000/stats/val_step14999.json,/home/ojab2/work/git/gsplat/results/vggt_outputs/lego_1_n87_s42_c0.0_p870000_confidence_farthestpose_i87_gteval_gtext_gtint_steps15000/stats/val_step14999.json,lego_1_n87_s42_c0.0_p870000_confidence_farthestpose_i87_gteval_gtext_gtint_steps15000,0.3306,0.018825,87,0.0469,0.0133,0.1174,/home/ojab2/work/git/vggt/vggt_outputs/lego_1_n87_s42_c0.0_p870000_confidence_farthestpose/eval_results.json,lego_1_n87_s42_c0.0_p870000_confidence_farthestpose,lego_1_n87_s42_c0.0_p870000_confidence_farthestpose_i87_gteval_gtext_gtint_steps15000_val_step14999.json,870000,vggt | confidence,804750.0
vggt,87,42,0.0,870000,confidence,,,,0,10,farthestpose,,,,,,,,,,,0.0,,vggt,ship,,,,,,MCMC,,,,,,,,,,,sfm,synthetic,,,,,,,,,,,,/home/ojab2/work/git/vggt/vggt_outputs/ship_1_n87_s42_c0.0_p870000_confidence_farthestpose/eval_results.json,,ship_1_n87_s42_c0.0_p870000_confidence_farthestpose,0.4869,0.027807,87,0.1056,0.0284,0.2389,/home/ojab2/work/git/vggt/vggt_outputs/ship_1_n87_s42_c0.0_p870000_confidence_farthestpose/eval_results.json,ship_1_n87_s42_c0.0_p870000_confidence_farthestpose,,,vggt | confidence,804750.0
vggt,87,42,0.0,870000,confidence,,,,0,10,farthestpose,,,,,,,,,,,0.0,,vggt,drums,,,,,,MCMC,,,,,,,,,,,sfm,synthetic,,,,,,,,,,,,/home/ojab2/work/git/vggt/vggt_outputs/drums_1_n87_s42_c0.0_p870000_confidence_farthestpose/eval_results.json,,drums_1_n87_s42_c0.0_p870000_confidence_farthestpose,0.173,0.01002,87,,,,/home/ojab2/work/git/vggt/vggt_outputs/drums_1_n87_s42_c0.0_p870000_confidence_farthestpose/eval_results.json,drums_1_n87_s42_c0.0_p870000_confidence_farthestpose,,,vggt | confidence,804750.0
vggt,100,42,0.0,1000000,confidence,,,,0,10,farthestpose,100,GT Eval,GT Extrinsics,GT Intrinsics,,,,,,,0.0,,vggt,bonsai,,,15000,15000,,MCMC,,,,,,,,,,,gsplat,indoor,24.227252960205078,0.24572362005710602,0.8013780117034912,1000000,2.699492679410475e-16,1.6514770777575905e-06,,,0.6720464462928757,0.2317239998523041,1000000,/home/ojab2/work/git/gsplat/results/vggt_outputs/bonsai_2_n100_s42_c0.0_p1000000_confidence_farthestpose_i100_gteval_gtext_gtint_steps15000/stats/val_step14999.json,/home/ojab2/work/git/gsplat/results/vggt_outputs/bonsai_2_n100_s42_c0.0_p1000000_confidence_farthestpose_i100_gteval_gtext_gtint_steps15000/stats/val_step14999.json,bonsai_2_n100_s42_c0.0_p1000000_confidence_farthestpose_i100_gteval_gtext_gtint_steps15000,0.7897,0.107121,100,,,,/home/ojab2/work/git/vggt/vggt_outputs/bonsai_2_n100_s42_c0.0_p1000000_confidence_farthestpose/eval_results.json,bonsai_2_n100_s42_c0.0_p1000000_confidence_farthestpose,bonsai_2_n100_s42_c0.0_p1000000_confidence_farthestpose_i100_gteval_gtext_gtint_steps15000_val_step14999.json,1000000,vggt | confidence,925000.0
vggt,100,42,0.0,1000000,confidence,,,,0,10,farthestpose,100,GT Eval,GT Extrinsics,GT Intrinsics,,,,,,,0.0,,vggt,kitchen,,,15000,15000,,MCMC,,,,,,,,,,,gsplat,indoor,23.423046112060547,0.1833713799715042,0.8675432801246643,1000000,2.399351054413446e-16,1.0659603333351697e-07,,,0.7343359034002562,0.18395470340723233,1000000,/home/ojab2/work/git/gsplat/results/vggt_outputs/kitchen_2_n100_s42_c0.0_p1000000_confidence_farthestpose_i100_gteval_gtext_gtint_steps15000/stats/val_step14999.json,/home/ojab2/work/git/gsplat/results/vggt_outputs/kitchen_2_n100_s42_c0.0_p1000000_confidence_farthestpose_i100_gteval_gtext_gtint_steps15000/stats/val_step14999.json,kitchen_2_n100_s42_c0.0_p1000000_confidence_farthestpose_i100_gteval_gtext_gtint_steps15000,0.3392,0.031011,100,,,,/home/ojab2/work/git/vggt/vggt_outputs/kitchen_2_n100_s42_c0.0_p1000000_confidence_farthestpose/eval_results.json,kitchen_2_n100_s42_c0.0_p1000000_confidence_farthestpose,kitchen_2_n100_s42_c0.0_p1000000_confidence_farthestpose_i100_gteval_gtext_gtint_steps15000_val_step14999.json,1000000,vggt | confidence,925000.0
vggt,100,42,0.0,1000000,confidence,,,,0,10,farthestpose,100,GT Eval,GT Extrinsics,GT Intrinsics,,,,,,,0.0,,vggt,bicycle,,,15000,15000,,MCMC,,,,,,,,,,,gsplat,outdoor,22.040361404418945,0.32456934452056885,0.5923680067062378,1000000,0.0,0.0,,,0.46065018113516154,0.3230937315732789,1000000,/home/ojab2/work/git/gsplat/results/vggt_outputs/bicycle_4_n100_s42_c0.0_p1000000_confidence_farthestpose_i100_gteval_gtext_gtint_steps15000/stats/val_step14999.json,/home/ojab2/work/git/gsplat/results/vggt_outputs/bicycle_4_n100_s42_c0.0_p1000000_confidence_farthestpose_i100_gteval_gtext_gtint_steps15000/stats/val_step14999.json,bicycle_4_n100_s42_c0.0_p1000000_confidence_farthestpose_i100_gteval_gtext_gtint_steps15000,0.857,0.067143,100,,,,/home/ojab2/work/git/vggt/vggt_outputs/bicycle_4_n100_s42_c0.0_p1000000_confidence_farthestpose/eval_results.json,bicycle_4_n100_s42_c0.0_p1000000_confidence_farthestpose,bicycle_4_n100_s42_c0.0_p1000000_confidence_farthestpose_i100_gteval_gtext_gtint_steps15000_val_step14999.json,1000000,vggt | confidence,925000.0
vggt,100,42,0.0,1000000,confidence,,,,0,10,farthestpose,100,GT Eval,GT Extrinsics,GT Intrinsics,,,,,,,0.0,,vggt,garden,,,15000,15000,,MCMC,,,,,,,,,,,gsplat,outdoor,22.6806697845459,0.32557499408721924,0.6638314723968506,1000000,1.9835218018293227e-16,2.046102281383355e-06,,,0.5136784727965337,0.3035898962720865,1000000,/home/ojab2/work/git/gsplat/results/vggt_outputs/garden_2_n100_s42_c0.0_p1000000_confidence_farthestpose_i100_gteval_gtext_gtint_steps15000/stats/val_step14999.json,/home/ojab2/work/git/gsplat/results/vggt_outputs/garden_2_n100_s42_c0.0_p1000000_confidence_farthestpose_i100_gteval_gtext_gtint_steps15000/stats/val_step14999.json,garden_2_n100_s42_c0.0_p1000000_confidence_farthestpose_i100_gteval_gtext_gtint_steps15000,0.3733,0.026869,100,,,,/home/ojab2/work/git/vggt/vggt_outputs/garden_2_n100_s42_c0.0_p1000000_confidence_farthestpose/eval_results.json,garden_2_n100_s42_c0.0_p1000000_confidence_farthestpose,garden_2_n100_s42_c0.0_p1000000_confidence_farthestpose_i100_gteval_gtext_gtint_steps15000_val_step14999.json,1000000,vggt | confidence,925000.0
vggt,100,42,0.0,1000000,confidence,,,,0,10,farthestpose,100,GT Eval,GT Extrinsics,GT Intrinsics,,,,,,,0.0,,vggt,stump,,,15000,15000,,MCMC,,,,,,,,,,,gsplat,outdoor,24.113264083862305,0.34602534770965576,0.6859279870986938,1000000,1.9142163749448938e-16,2.2288900254352484e-06,,,0.540506260204501,0.3034417389402819,1000000,/home/ojab2/work/git/gsplat/results/vggt_outputs/stump_2_n100_s42_c0.0_p1000000_confidence_farthestpose_i100_gteval_gtext_gtint_steps15000/stats/val_step14999.json,/home/ojab2/work/git/gsplat/results/vggt_outputs/stump_2_n100_s42_c0.0_p1000000_confidence_farthestpose_i100_gteval_gtext_gtint_steps15000/stats/val_step14999.json,stump_2_n100_s42_c0.0_p1000000_confidence_farthestpose_i100_gteval_gtext_gtint_steps15000,0.8558,0.162829,100,,,,/home/ojab2/work/git/vggt/vggt_outputs/stump_2_n100_s42_c0.0_p1000000_confidence_farthestpose/eval_results.json,stump_2_n100_s42_c0.0_p1000000_confidence_farthestpose,stump_2_n100_s42_c0.0_p1000000_confidence_farthestpose_i100_gteval_gtext_gtint_steps15000_val_step14999.json,1000000,vggt | confidence,925000.0
vggt,100,42,0.0,1000000,confidence,,,,0,10,farthestpose,,,,,,,,,,,0.0,,vggt,counter,,,,,,MCMC,,,,,,,,,,,sfm,indoor,,,,,,,,,,,,/home/ojab2/work/git/vggt/vggt_outputs/counter_2_n100_s42_c0.0_p1000000_confidence_farthestpose/eval_results.json,,counter_2_n100_s42_c0.0_p1000000_confidence_farthestpose,0.3433,0.032901,100,,,,/home/ojab2/work/git/vggt/vggt_outputs/counter_2_n100_s42_c0.0_p1000000_confidence_farthestpose/eval_results.json,counter_2_n100_s42_c0.0_p1000000_confidence_farthestpose,,,vggt | confidence,925000.0
vggt,87,42,0.0,870,imagefps,,,,0,10,farthestpose,87,GT Eval,GT Extrinsics,GT Intrinsics,,,,,,,0.0,,vggt,lego,,,15000,15000,,MCMC,,,,,,,,,,,gsplat,synthetic,31.568538665771484,0.052308376878499985,0.9673473238945007,920002,2.8146650727376224e-16,0.009634589776396751,0.08372317999601364,0.01973080262541771,1.0244463843047193,0.07790191759751662,827,/home/ojab2/work/git/gsplat/results/vggt_outputs/lego_1_n87_s42_c0.0_p870_imagefps_farthestpose_i87_gteval_gtext_gtint_steps15000/stats/val_step14999.json,/home/ojab2/work/git/gsplat/results/vggt_outputs/lego_1_n87_s42_c0.0_p870_imagefps_farthestpose_i87_gteval_gtext_gtint_steps15000/stats/val_step14999.json,lego_1_n87_s42_c0.0_p870_imagefps_farthestpose_i87_gteval_gtext_gtint_steps15000,0.2976,0.018838,87,0.0478,0.0135,0.118,/home/ojab2/work/git/vggt/vggt_outputs/lego_1_n87_s42_c0.0_p870_imagefps_farthestpose/eval_results.json,lego_1_n87_s42_c0.0_p870_imagefps_farthestpose,lego_1_n87_s42_c0.0_p870_imagefps_farthestpose_i87_gteval_gtext_gtint_steps15000_val_step14999.json,827,vggt | imagefps,848.25
vggt,87,42,0.0,870,imagefps,,,,0,10,farthestpose,,,,,,,,,,,0.0,,vggt,ship,,,,,,MCMC,,,,,,,,,,,sfm,synthetic,,,,,,,,,,,,/home/ojab2/work/git/vggt/vggt_outputs/ship_1_n87_s42_c0.0_p870_imagefps_farthestpose/eval_results.json,,ship_1_n87_s42_c0.0_p870_imagefps_farthestpose,0.4869,0.027807,87,0.1056,0.0284,0.2389,/home/ojab2/work/git/vggt/vggt_outputs/ship_1_n87_s42_c0.0_p870_imagefps_farthestpose/eval_results.json,ship_1_n87_s42_c0.0_p870_imagefps_farthestpose,,,vggt | imagefps,848.25
vggt,87,42,0.0,870,imagefps,,,,0,10,farthestpose,,,,,,,,,,,0.0,,vggt,drums,,,,,,MCMC,,,,,,,,,,,sfm,synthetic,,,,,,,,,,,,/home/ojab2/work/git/vggt/vggt_outputs/drums_1_n87_s42_c0.0_p870_imagefps_farthestpose/eval_results.json,,drums_1_n87_s42_c0.0_p870_imagefps_farthestpose,0.173,0.01002,87,,,,/home/ojab2/work/git/vggt/vggt_outputs/drums_1_n87_s42_c0.0_p870_imagefps_farthestpose/eval_results.json,drums_1_n87_s42_c0.0_p870_imagefps_farthestpose,,,vggt | imagefps,848.25
vggt,100,42,0.0,1000,imagefps,,,,0,10,farthestpose,100,GT Eval,GT Extrinsics,GT Intrinsics,,,,,,,0.0,,vggt,bonsai,,,15000,15000,,MCMC,,,,,,,,,,,gsplat,indoor,24.861467361450195,0.35281914472579956,0.7930788993835449,1000000,2.264811252747329e-16,2.249607007343002e-07,,,0.6128295268076747,0.2703232434359959,1000,/home/ojab2/work/git/gsplat/results/vggt_outputs/bonsai_2_n100_s42_c0.0_p1000_imagefps_farthestpose_i100_gteval_gtext_gtint_steps15000/stats/val_step14999.json,/home/ojab2/work/git/gsplat/results/vggt_outputs/bonsai_2_n100_s42_c0.0_p1000_imagefps_farthestpose_i100_gteval_gtext_gtint_steps15000/stats/val_step14999.json,bonsai_2_n100_s42_c0.0_p1000_imagefps_farthestpose_i100_gteval_gtext_gtint_steps15000,0.7215,0.105749,100,,,,/home/ojab2/work/git/vggt/vggt_outputs/bonsai_2_n100_s42_c0.0_p1000_imagefps_farthestpose/eval_results.json,bonsai_2_n100_s42_c0.0_p1000_imagefps_farthestpose,bonsai_2_n100_s42_c0.0_p1000_imagefps_farthestpose_i100_gteval_gtext_gtint_steps15000_val_step14999.json,1000,vggt | imagefps,975.0
vggt,100,42,0.0,1000,imagefps,,,,0,10,farthestpose,100,GT Eval,GT Extrinsics,GT Intrinsics,,,,,,,0.0,,vggt,kitchen,,,15000,15000,,MCMC,,,,,,,,,,,gsplat,indoor,24.648832321166992,0.24029426276683807,0.8056092858314514,1000000,2.820166287032243e-16,1.438100412087806e-06,,,0.6856793559279202,0.22820682852585522,1000,/home/ojab2/work/git/gsplat/results/vggt_outputs/kitchen_2_n100_s42_c0.0_p1000_imagefps_farthestpose_i100_gteval_gtext_gtint_steps15000/stats/val_step14999.json,/home/ojab2/work/git/gsplat/results/vggt_outputs/kitchen_2_n100_s42_c0.0_p1000_imagefps_farthestpose_i100_gteval_gtext_gtint_steps15000/stats/val_step14999.json,kitchen_2_n100_s42_c0.0_p1000_imagefps_farthestpose_i100_gteval_gtext_gtint_steps15000,0.3392,0.031011,100,,,,/home/ojab2/work/git/vggt/vggt_outputs/kitchen_2_n100_s42_c0.0_p1000_imagefps_farthestpose/eval_results.json,kitchen_2_n100_s42_c0.0_p1000_imagefps_farthestpose,kitchen_2_n100_s42_c0.0_p1000_imagefps_farthestpose_i100_gteval_gtext_gtint_steps15000_val_step14999.json,1000,vggt | imagefps,975.0
vggt,100,42,0.0,1000,imagefps,,,,0,10,farthestpose,100,GT Eval,GT Extrinsics,GT Intrinsics,,,,,,,0.0,,vggt,bicycle,,,15000,15000,,MCMC,,,,,,,,,,,gsplat,outdoor,21.603092193603516,0.6011430025100708,0.47043555974960327,1000000,2.8251955451565655e-16,3.1741092243464664e-07,,,0.21052259838062115,0.4452560572959173,1000,/home/ojab2/work/git/gsplat/results/vggt_outputs/bicycle_4_n100_s42_c0.0_p1000_imagefps_farthestpose_i100_gteval_gtext_gtint_steps15000/stats/val_step14999.json,/home/ojab2/work/git/gsplat/results/vggt_outputs/bicycle_4_n100_s42_c0.0_p1000_imagefps_farthestpose_i100_gteval_gtext_gtint_steps15000/stats/val_step14999.json,bicycle_4_n100_s42_c0.0_p1000_imagefps_farthestpose_i100_gteval_gtext_gtint_steps15000,0.7161,0.065623,100,,,,/home/ojab2/work/git/vggt/vggt_outputs/bicycle_4_n100_s42_c0.0_p1000_imagefps_farthestpose/eval_results.json,bicycle_4_n100_s42_c0.0_p1000_imagefps_farthestpose,bicycle_4_n100_s42_c0.0_p1000_imagefps_farthestpose_i100_gteval_gtext_gtint_steps15000_val_step14999.json,1000,vggt | imagefps,975.0
vggt,100,42,0.0,1000,imagefps,,,,0,10,farthestpose,100,GT Eval,GT Extrinsics,GT Intrinsics,,,,,,,0.0,,vggt,garden,,,15000,15000,,MCMC,,,,,,,,,,,gsplat,outdoor,22.3248291015625,0.4997521638870239,0.5634042024612427,1000000,1.6183512075403149e-16,1.6638846318528522e-06,,,0.3408426614145399,0.3887869976881618,1000,/home/ojab2/work/git/gsplat/results/vggt_outputs/garden_2_n100_s42_c0.0_p1000_imagefps_farthestpose_i100_gteval_gtext_gtint_steps15000/stats/val_step14999.json,/home/ojab2/work/git/gsplat/results/vggt_outputs/garden_2_n100_s42_c0.0_p1000_imagefps_farthestpose_i100_gteval_gtext_gtint_steps15000/stats/val_step14999.json,garden_2_n100_s42_c0.0_p1000_imagefps_farthestpose_i100_gteval_gtext_gtint_steps15000,0.3733,0.026869,100,,,,/home/ojab2/work/git/vggt/vggt_outputs/garden_2_n100_s42_c0.0_p1000_imagefps_farthestpose/eval_results.json,garden_2_n100_s42_c0.0_p1000_imagefps_farthestpose,garden_2_n100_s42_c0.0_p1000_imagefps_farthestpose_i100_gteval_gtext_gtint_steps15000_val_step14999.json,1000,vggt | imagefps,975.0
vggt,100,42,0.0,1000,imagefps,,,,0,10,farthestpose,100,GT Eval,GT Extrinsics,GT Intrinsics,,,,,,,0.0,,vggt,stump,,,15000,15000,,MCMC,,,,,,,,,,,gsplat,outdoor,23.182811737060547,0.5680345296859741,0.6265071630477905,1000000,2.271846390769868e-16,2.233354280178901e-06,,,0.35148393635319153,0.39466013811884937,1000,/home/ojab2/work/git/gsplat/results/vggt_outputs/stump_2_n100_s42_c0.0_p1000_imagefps_farthestpose_i100_gteval_gtext_gtint_steps15000/stats/val_step14999.json,/home/ojab2/work/git/gsplat/results/vggt_outputs/stump_2_n100_s42_c0.0_p1000_imagefps_farthestpose_i100_gteval_gtext_gtint_steps15000/stats/val_step14999.json,stump_2_n100_s42_c0.0_p1000_imagefps_farthestpose_i100_gteval_gtext_gtint_steps15000,0.8558,0.162829,100,,,,/home/ojab2/work/git/vggt/vggt_outputs/stump_2_n100_s42_c0.0_p1000_imagefps_farthestpose/eval_results.json,stump_2_n100_s42_c0.0_p1000_imagefps_farthestpose,stump_2_n100_s42_c0.0_p1000_imagefps_farthestpose_i100_gteval_gtext_gtint_steps15000_val_step14999.json,1000,vggt | imagefps,975.0
vggt,100,42,0.0,1000,imagefps,,,,0,10,farthestpose,,,,,,,,,,,0.0,,vggt,counter,,,,,,MCMC,,,,,,,,,,,sfm,indoor,,,,,,,,,,,,/home/ojab2/work/git/vggt/vggt_outputs/counter_2_n100_s42_c0.0_p1000_imagefps_farthestpose/eval_results.json,,counter_2_n100_s42_c0.0_p1000_imagefps_farthestpose,0.3433,0.032901,100,,,,/home/ojab2/work/git/vggt/vggt_outputs/counter_2_n100_s42_c0.0_p1000_imagefps_farthestpose/eval_results.json,counter_2_n100_s42_c0.0_p1000_imagefps_farthestpose,,,vggt | imagefps,975.0
vggt,87,42,0.0,4350,imagefps,,,,0,10,farthestpose,87,GT Eval,GT Extrinsics,GT Intrinsics,,,,,,,0.0,,vggt,lego,,,15000,15000,,MCMC,,,,,,,,,,,gsplat,synthetic,32.98505401611328,0.03705174848437309,0.9785605072975159,1000000,3.081993170753612e-16,0.009617708623409271,0.07835853099822998,0.018507197499275208,1.0666532390947616,0.06132565764587475,4307,/home/ojab2/work/git/gsplat/results/vggt_outputs/lego_1_n87_s42_c0.0_p4350_imagefps_farthestpose_i87_gteval_gtext_gtint_steps15000/stats/val_step14999.json,/home/ojab2/work/git/gsplat/results/vggt_outputs/lego_1_n87_s42_c0.0_p4350_imagefps_farthestpose_i87_gteval_gtext_gtint_steps15000/stats/val_step14999.json,lego_1_n87_s42_c0.0_p4350_imagefps_farthestpose_i87_gteval_gtext_gtint_steps15000,0.2976,0.018838,87,0.0478,0.0135,0.118,/home/ojab2/work/git/vggt/vggt_outputs/lego_1_n87_s42_c0.0_p4350_imagefps_farthestpose/eval_results.json,lego_1_n87_s42_c0.0_p4350_imagefps_farthestpose,lego_1_n87_s42_c0.0_p4350_imagefps_farthestpose_i87_gteval_gtext_gtint_steps15000_val_step14999.json,4307,vggt | imagefps,4241.25
vggt,87,42,0.0,4350,imagefps,,,,0,10,farthestpose,,,,,,,,,,,0.0,,vggt,ship,,,,,,MCMC,,,,,,,,,,,sfm,synthetic,,,,,,,,,,,,/home/ojab2/work/git/vggt/vggt_outputs/ship_1_n87_s42_c0.0_p4350_imagefps_farthestpose/eval_results.json,,ship_1_n87_s42_c0.0_p4350_imagefps_farthestpose,0.4869,0.027807,87,0.1056,0.0284,0.2389,/home/ojab2/work/git/vggt/vggt_outputs/ship_1_n87_s42_c0.0_p4350_imagefps_farthestpose/eval_results.json,ship_1_n87_s42_c0.0_p4350_imagefps_farthestpose,,,vggt | imagefps,4241.25
vggt,87,42,0.0,4350,imagefps,,,,0,10,farthestpose,,,,,,,,,,,0.0,,vggt,drums,,,,,,MCMC,,,,,,,,,,,sfm,synthetic,,,,,,,,,,,,/home/ojab2/work/git/vggt/vggt_outputs/drums_1_n87_s42_c0.0_p4350_imagefps_farthestpose/eval_results.json,,drums_1_n87_s42_c0.0_p4350_imagefps_farthestpose,0.173,0.01002,87,,,,/home/ojab2/work/git/vggt/vggt_outputs/drums_1_n87_s42_c0.0_p4350_imagefps_farthestpose/eval_results.json,drums_1_n87_s42_c0.0_p4350_imagefps_farthestpose,,,vggt | imagefps,4241.25
vggt,100,42,0.0,5000,imagefps,,,,0,10,farthestpose,100,GT Eval,GT Extrinsics,GT Intrinsics,,,,,,,0.0,,vggt,bonsai,,,15000,15000,,MCMC,,,,,,,,,,,gsplat,indoor,25.907018661499023,0.2639005482196808,0.8318648934364319,1000000,3.3894603072554105e-16,7.744638708118146e-08,,,0.7097614783215167,0.2255032013237467,5000,/home/ojab2/work/git/gsplat/results/vggt_outputs/bonsai_2_n100_s42_c0.0_p5000_imagefps_farthestpose_i100_gteval_gtext_gtint_steps15000/stats/val_step14999.json,/home/ojab2/work/git/gsplat/results/vggt_outputs/bonsai_2_n100_s42_c0.0_p5000_imagefps_farthestpose_i100_gteval_gtext_gtint_steps15000/stats/val_step14999.json,bonsai_2_n100_s42_c0.0_p5000_imagefps_farthestpose_i100_gteval_gtext_gtint_steps15000,0.7215,0.105749,100,,,,/home/ojab2/work/git/vggt/vggt_outputs/bonsai_2_n100_s42_c0.0_p5000_imagefps_farthestpose/eval_results.json,bonsai_2_n100_s42_c0.0_p5000_imagefps_farthestpose,bonsai_2_n100_s42_c0.0_p5000_imagefps_farthestpose_i100_gteval_gtext_gtint_steps15000_val_step14999.json,5000,vggt | imagefps,4875.0
vggt,100,42,0.0,5000,imagefps,,,,0,10,farthestpose,100,GT Eval,GT Extrinsics,GT Intrinsics,,,,,,,0.0,,vggt,kitchen,,,15000,15000,,MCMC,,,,,,,,,,,gsplat,indoor,25.93840789794922,0.16426871716976166,0.8670213222503662,1000000,2.6047022810744304e-16,3.707089604176872e-07,,,0.7924032058515975,0.1771596324650409,5000,/home/ojab2/work/git/gsplat/results/vggt_outputs/kitchen_2_n100_s42_c0.0_p5000_imagefps_farthestpose_i100_gteval_gtext_gtint_steps15000/stats/val_step14999.json,/home/ojab2/work/git/gsplat/results/vggt_outputs/kitchen_2_n100_s42_c0.0_p5000_imagefps_farthestpose_i100_gteval_gtext_gtint_steps15000/stats/val_step14999.json,kitchen_2_n100_s42_c0.0_p5000_imagefps_farthestpose_i100_gteval_gtext_gtint_steps15000,0.3392,0.031011,100,,,,/home/ojab2/work/git/vggt/vggt_outputs/kitchen_2_n100_s42_c0.0_p5000_imagefps_farthestpose/eval_results.json,kitchen_2_n100_s42_c0.0_p5000_imagefps_farthestpose,kitchen_2_n100_s42_c0.0_p5000_imagefps_farthestpose_i100_gteval_gtext_gtint_steps15000_val_step14999.json,5000,vggt | imagefps,4875.0
vggt,100,42,0.0,5000,imagefps,,,,0,10,farthestpose,100,GT Eval,GT Extrinsics,GT Intrinsics,,,,,,,0.0,,vggt,bicycle,,,15000,15000,,MCMC,,,,,,,,,,,gsplat,outdoor,22.19515609741211,0.4545867443084717,0.5378414988517761,1000000,1.4963002449369726e-16,1.6489535425989743e-07,,,0.35137224863534466,0.3801471562296981,5000,/home/ojab2/work/git/gsplat/results/vggt_outputs/bicycle_4_n100_s42_c0.0_p5000_imagefps_farthestpose_i100_gteval_gtext_gtint_steps15000/stats/val_step14999.json,/home/ojab2/work/git/gsplat/results/vggt_outputs/bicycle_4_n100_s42_c0.0_p5000_imagefps_farthestpose_i100_gteval_gtext_gtint_steps15000/stats/val_step14999.json,bicycle_4_n100_s42_c0.0_p5000_imagefps_farthestpose_i100_gteval_gtext_gtint_steps15000,0.7161,0.065623,100,,,,/home/ojab2/work/git/vggt/vggt_outputs/bicycle_4_n100_s42_c0.0_p5000_imagefps_farthestpose/eval_results.json,bicycle_4_n100_s42_c0.0_p5000_imagefps_farthestpose,bicycle_4_n100_s42_c0.0_p5000_imagefps_farthestpose_i100_gteval_gtext_gtint_steps15000_val_step14999.json,5000,vggt | imagefps,4875.0
vggt,100,42,0.0,5000,imagefps,,,,0,10,farthestpose,100,GT Eval,GT Extrinsics,GT Intrinsics,,,,,,,0.0,,vggt,garden,,,15000,15000,,MCMC,,,,,,,,,,,gsplat,outdoor,23.34963607788086,0.3723312318325043,0.6356633901596069,1000000,5.897941366057427e-17,2.0551080979203107e-06,,,0.48073229962467307,0.3268528176353407,5000,/home/ojab2/work/git/gsplat/results/vggt_outputs/garden_2_n100_s42_c0.0_p5000_imagefps_farthestpose_i100_gteval_gtext_gtint_steps15000/stats/val_step14999.json,/home/ojab2/work/git/gsplat/results/vggt_outputs/garden_2_n100_s42_c0.0_p5000_imagefps_farthestpose_i100_gteval_gtext_gtint_steps15000/stats/val_step14999.json,garden_2_n100_s42_c0.0_p5000_imagefps_farthestpose_i100_gteval_gtext_gtint_steps15000,0.3733,0.026869,100,,,,/home/ojab2/work/git/vggt/vggt_outputs/garden_2_n100_s42_c0.0_p5000_imagefps_farthestpose/eval_results.json,garden_2_n100_s42_c0.0_p5000_imagefps_farthestpose,garden_2_n100_s42_c0.0_p5000_imagefps_farthestpose_i100_gteval_gtext_gtint_steps15000_val_step14999.json,5000,vggt | imagefps,4875.0
vggt,100,42,0.0,5000,imagefps,,,,0,10,farthestpose,100,GT Eval,GT Extrinsics,GT Intrinsics,,,,,,,0.0,,vggt,stump,,,15000,15000,,MCMC,,,,,,,,,,,gsplat,outdoor,24.615869522094727,0.42364388704299927,0.6911352872848511,1000000,2.3464776696590565e-16,2.899415221691015e-06,,,0.5049462945063133,0.3276181972167597,5000,/home/ojab2/work/git/gsplat/results/vggt_outputs/stump_2_n100_s42_c0.0_p5000_imagefps_farthestpose_i100_gteval_gtext_gtint_steps15000/stats/val_step14999.json,/home/ojab2/work/git/gsplat/results/vggt_outputs/stump_2_n100_s42_c0.0_p5000_imagefps_farthestpose_i100_gteval_gtext_gtint_steps15000/stats/val_step14999.json,stump_2_n100_s42_c0.0_p5000_imagefps_farthestpose_i100_gteval_gtext_gtint_steps15000,0.8558,0.162829,100,,,,/home/ojab2/work/git/vggt/vggt_outputs/stump_2_n100_s42_c0.0_p5000_imagefps_farthestpose/eval_results.json,stump_2_n100_s42_c0.0_p5000_imagefps_farthestpose,stump_2_n100_s42_c0.0_p5000_imagefps_farthestpose_i100_gteval_gtext_gtint_steps15000_val_step14999.json,5000,vggt | imagefps,4875.0
vggt,100,42,0.0,5000,imagefps,,,,0,10,farthestpose,,,,,,,,,,,0.0,,vggt,counter,,,,,,MCMC,,,,,,,,,,,sfm,indoor,,,,,,,,,,,,/home/ojab2/work/git/vggt/vggt_outputs/counter_2_n100_s42_c0.0_p5000_imagefps_farthestpose/eval_results.json,,counter_2_n100_s42_c0.0_p5000_imagefps_farthestpose,0.3433,0.032901,100,,,,/home/ojab2/work/git/vggt/vggt_outputs/counter_2_n100_s42_c0.0_p5000_imagefps_farthestpose/eval_results.json,counter_2_n100_s42_c0.0_p5000_imagefps_farthestpose,,,vggt | imagefps,4875.0
vggt,87,42,0.0,8700,imagefps,,,,0,10,farthestpose,87,GT Eval,GT Extrinsics,GT Intrinsics,,,,,,,0.0,,vggt,lego,,,15000,15000,,MCMC,,,,,,,,,,,gsplat,synthetic,33.112789154052734,0.03449389338493347,0.9796452522277832,1000000,3.180409134801701e-16,0.009599308483302593,0.07751071453094482,0.018312718719244003,1.0712319812734379,0.059217432719647384,8657,/home/ojab2/work/git/gsplat/results/vggt_outputs/lego_1_n87_s42_c0.0_p8700_imagefps_farthestpose_i87_gteval_gtext_gtint_steps15000/stats/val_step14999.json,/home/ojab2/work/git/gsplat/results/vggt_outputs/lego_1_n87_s42_c0.0_p8700_imagefps_farthestpose_i87_gteval_gtext_gtint_steps15000/stats/val_step14999.json,lego_1_n87_s42_c0.0_p8700_imagefps_farthestpose_i87_gteval_gtext_gtint_steps15000,0.2976,0.018838,87,0.0478,0.0135,0.118,/home/ojab2/work/git/vggt/vggt_outputs/lego_1_n87_s42_c0.0_p8700_imagefps_farthestpose/eval_results.json,lego_1_n87_s42_c0.0_p8700_imagefps_farthestpose,lego_1_n87_s42_c0.0_p8700_imagefps_farthestpose_i87_gteval_gtext_gtint_steps15000_val_step14999.json,8657,vggt | imagefps,8482.5
vggt,87,42,0.0,8700,imagefps,,,,0,10,farthestpose,,,,,,,,,,,0.0,,vggt,ship,,,,,,MCMC,,,,,,,,,,,sfm,synthetic,,,,,,,,,,,,/home/ojab2/work/git/vggt/vggt_outputs/ship_1_n87_s42_c0.0_p8700_imagefps_farthestpose/eval_results.json,,ship_1_n87_s42_c0.0_p8700_imagefps_farthestpose,0.4869,0.027807,87,0.1056,0.0284,0.2389,/home/ojab2/work/git/vggt/vggt_outputs/ship_1_n87_s42_c0.0_p8700_imagefps_farthestpose/eval_results.json,ship_1_n87_s42_c0.0_p8700_imagefps_farthestpose,,,vggt | imagefps,8482.5
vggt,87,42,0.0,8700,imagefps,,,,0,10,farthestpose,,,,,,,,,,,0.0,,vggt,drums,,,,,,MCMC,,,,,,,,,,,sfm,synthetic,,,,,,,,,,,,/home/ojab2/work/git/vggt/vggt_outputs/drums_1_n87_s42_c0.0_p8700_imagefps_farthestpose/eval_results.json,,drums_1_n87_s42_c0.0_p8700_imagefps_farthestpose,0.173,0.01002,87,,,,/home/ojab2/work/git/vggt/vggt_outputs/drums_1_n87_s42_c0.0_p8700_imagefps_farthestpose/eval_results.json,drums_1_n87_s42_c0.0_p8700_imagefps_farthestpose,,,vggt | imagefps,8482.5
vggt,100,42,0.0,10000,imagefps,,,,0,10,farthestpose,100,GT Eval,GT Extrinsics,GT Intrinsics,,,,,,,0.0,,vggt,bonsai,,,15000,15000,,MCMC,,,,,,,,,,,gsplat,indoor,26.33704376220703,0.23963764309883118,0.8423102498054504,1000000,2.3126257332242424e-16,1.215999105852461e-07,,,0.7388104035762938,0.21302121633054785,10000,/home/ojab2/work/git/gsplat/results/vggt_outputs/bonsai_2_n100_s42_c0.0_p10000_imagefps_farthestpose_i100_gteval_gtext_gtint_steps15000/stats/val_step14999.json,/home/ojab2/work/git/gsplat/results/vggt_outputs/bonsai_2_n100_s42_c0.0_p10000_imagefps_farthestpose_i100_gteval_gtext_gtint_steps15000/stats/val_step14999.json,bonsai_2_n100_s42_c0.0_p10000_imagefps_farthestpose_i100_gteval_gtext_gtint_steps15000,0.7215,0.105749,100,,,,/home/ojab2/work/git/vggt/vggt_outputs/bonsai_2_n100_s42_c0.0_p10000_imagefps_farthestpose/eval_results.json,bonsai_2_n100_s42_c0.0_p10000_imagefps_farthestpose,bonsai_2_n100_s42_c0.0_p10000_imagefps_farthestpose_i100_gteval_gtext_gtint_steps15000_val_step14999.json,10000,vggt | imagefps,9750.0
vggt,100,42,0.0,10000,imagefps,,,,0,10,farthestpose,100,GT Eval,GT Extrinsics,GT Intrinsics,,,,,,,0.0,,vggt,kitchen,,,15000,15000,,MCMC,,,,,,,,,,,gsplat,indoor,26.108858108520508,0.15019504725933075,0.8790556788444519,1000000,1.6664557968016627e-16,1.1313151162539725e-06,,,0.8112847772296796,0.16680508507210873,10000,/home/ojab2/work/git/gsplat/results/vggt_outputs/kitchen_2_n100_s42_c0.0_p10000_imagefps_farthestpose_i100_gteval_gtext_gtint_steps15000/stats/val_step14999.json,/home/ojab2/work/git/gsplat/results/vggt_outputs/kitchen_2_n100_s42_c0.0_p10000_imagefps_farthestpose_i100_gteval_gtext_gtint_steps15000/stats/val_step14999.json,kitchen_2_n100_s42_c0.0_p10000_imagefps_farthestpose_i100_gteval_gtext_gtint_steps15000,0.3392,0.031011,100,,,,/home/ojab2/work/git/vggt/vggt_outputs/kitchen_2_n100_s42_c0.0_p10000_imagefps_farthestpose/eval_results.json,kitchen_2_n100_s42_c0.0_p10000_imagefps_farthestpose,kitchen_2_n100_s42_c0.0_p10000_imagefps_farthestpose_i100_gteval_gtext_gtint_steps15000_val_step14999.json,10000,vggt | imagefps,9750.0
vggt,100,42,0.0,10000,imagefps,,,,0,10,farthestpose,100,GT Eval,GT Extrinsics,GT Intrinsics,,,,,,,0.0,,vggt,bicycle,,,15000,15000,,MCMC,,,,,,,,,,,gsplat,outdoor,22.48737335205078,0.4037669897079468,0.5665748715400696,1000000,2.4853124577633447e-16,1.380858861921297e-06,,,0.40495704008899314,0.3559190281797576,10000,/home/ojab2/work/git/gsplat/results/vggt_outputs/bicycle_4_n100_s42_c0.0_p10000_imagefps_farthestpose_i100_gteval_gtext_gtint_steps15000/stats/val_step14999.json,/home/ojab2/work/git/gsplat/results/vggt_outputs/bicycle_4_n100_s42_c0.0_p10000_imagefps_farthestpose_i100_gteval_gtext_gtint_steps15000/stats/val_step14999.json,bicycle_4_n100_s42_c0.0_p10000_imagefps_farthestpose_i100_gteval_gtext_gtint_steps15000,0.7161,0.065623,100,,,,/home/ojab2/work/git/vggt/vggt_outputs/bicycle_4_n100_s42_c0.0_p10000_imagefps_farthestpose/eval_results.json,bicycle_4_n100_s42_c0.0_p10000_imagefps_farthestpose,bicycle_4_n100_s42_c0.0_p10000_imagefps_farthestpose_i100_gteval_gtext_gtint_steps15000_val_step14999.json,10000,vggt | imagefps,9750.0
vggt,100,42,0.0,10000,imagefps,,,,0,10,farthestpose,100,GT Eval,GT Extrinsics,GT Intrinsics,,,,,,,0.0,,vggt,garden,,,15000,15000,,MCMC,,,,,,,,,,,gsplat,outdoor,23.60011863708496,0.33760231733322144,0.6569890379905701,1000000,1.8077328191209015e-16,2.497436980775092e-06,,,0.5192796061610618,0.30921291118683275,10000,/home/ojab2/work/git/gsplat/results/vggt_outputs/garden_2_n100_s42_c0.0_p10000_imagefps_farthestpose_i100_gteval_gtext_gtint_steps15000/stats/val_step14999.json,/home/ojab2/work/git/gsplat/results/vggt_outputs/garden_2_n100_s42_c0.0_p10000_imagefps_farthestpose_i100_gteval_gtext_gtint_steps15000/stats/val_step14999.json,garden_2_n100_s42_c0.0_p10000_imagefps_farthestpose_i100_gteval_gtext_gtint_steps15000,0.3733,0.026869,100,,,,/home/ojab2/work/git/vggt/vggt_outputs/garden_2_n100_s42_c0.0_p10000_imagefps_farthestpose/eval_results.json,garden_2_n100_s42_c0.0_p10000_imagefps_farthestpose,garden_2_n100_s42_c0.0_p10000_imagefps_farthestpose_i100_gteval_gtext_gtint_steps15000_val_step14999.json,10000,vggt | imagefps,9750.0
vggt,100,42,0.0,10000,imagefps,,,,0,10,farthestpose,100,GT Eval,GT Extrinsics,GT Intrinsics,,,,,,,0.0,,vggt,stump,,,15000,15000,,MCMC,,,,,,,,,,,gsplat,outdoor,25.16631317138672,0.3775566816329956,0.7153398990631104,1000000,3.05076809524647e-16,1.7869438124762382e-06,,,0.5577433313775015,0.3047118740741023,10000,/home/ojab2/work/git/gsplat/results/vggt_outputs/stump_2_n100_s42_c0.0_p10000_imagefps_farthestpose_i100_gteval_gtext_gtint_steps15000/stats/val_step14999.json,/home/ojab2/work/git/gsplat/results/vggt_outputs/stump_2_n100_s42_c0.0_p10000_imagefps_farthestpose_i100_gteval_gtext_gtint_steps15000/stats/val_step14999.json,stump_2_n100_s42_c0.0_p10000_imagefps_farthestpose_i100_gteval_gtext_gtint_steps15000,0.8558,0.162829,100,,,,/home/ojab2/work/git/vggt/vggt_outputs/stump_2_n100_s42_c0.0_p10000_imagefps_farthestpose/eval_results.json,stump_2_n100_s42_c0.0_p10000_imagefps_farthestpose,stump_2_n100_s42_c0.0_p10000_imagefps_farthestpose_i100_gteval_gtext_gtint_steps15000_val_step14999.json,10000,vggt | imagefps,9750.0
vggt,100,42,0.0,10000,imagefps,,,,0,10,farthestpose,,,,,,,,,,,0.0,,vggt,counter,,,,,,MCMC,,,,,,,,,,,sfm,indoor,,,,,,,,,,,,/home/ojab2/work/git/vggt/vggt_outputs/counter_2_n100_s42_c0.0_p10000_imagefps_farthestpose/eval_results.json,,counter_2_n100_s42_c0.0_p10000_imagefps_farthestpose,0.3433,0.032901,100,,,,/home/ojab2/work/git/vggt/vggt_outputs/counter_2_n100_s42_c0.0_p10000_imagefps_farthestpose/eval_results.json,counter_2_n100_s42_c0.0_p10000_imagefps_farthestpose,,,vggt | imagefps,9750.0
vggt,87,42,0.0,43500,imagefps,,,,0,10,farthestpose,87,GT Eval,GT Extrinsics,GT Intrinsics,,,,,,,0.0,,vggt,lego,,,15000,15000,,MCMC,,,,,,,,,,,gsplat,synthetic,33.308807373046875,0.03222883492708206,0.9806724190711975,1000000,3.756297041821447e-16,0.00956577155739069,0.07565680891275406,0.017887268215417862,1.0768608148896592,0.05723976428861236,43454,/home/ojab2/work/git/gsplat/results/vggt_outputs/lego_1_n87_s42_c0.0_p43500_imagefps_farthestpose_i87_gteval_gtext_gtint_steps15000/stats/val_step14999.json,/home/ojab2/work/git/gsplat/results/vggt_outputs/lego_1_n87_s42_c0.0_p43500_imagefps_farthestpose_i87_gteval_gtext_gtint_steps15000/stats/val_step14999.json,lego_1_n87_s42_c0.0_p43500_imagefps_farthestpose_i87_gteval_gtext_gtint_steps15000,0.2976,0.018838,87,0.0478,0.0135,0.118,/home/ojab2/work/git/vggt/vggt_outputs/lego_1_n87_s42_c0.0_p43500_imagefps_farthestpose/eval_results.json,lego_1_n87_s42_c0.0_p43500_imagefps_farthestpose,lego_1_n87_s42_c0.0_p43500_imagefps_farthestpose_i87_gteval_gtext_gtint_steps15000_val_step14999.json,43454,vggt | imagefps,42412.5
vggt,87,42,0.0,43500,imagefps,,,,0,10,farthestpose,,,,,,,,,,,0.0,,vggt,ship,,,,,,MCMC,,,,,,,,,,,sfm,synthetic,,,,,,,,,,,,/home/ojab2/work/git/vggt/vggt_outputs/ship_1_n87_s42_c0.0_p43500_imagefps_farthestpose/eval_results.json,,ship_1_n87_s42_c0.0_p43500_imagefps_farthestpose,0.4869,0.027807,87,0.1056,0.0284,0.2389,/home/ojab2/work/git/vggt/vggt_outputs/ship_1_n87_s42_c0.0_p43500_imagefps_farthestpose/eval_results.json,ship_1_n87_s42_c0.0_p43500_imagefps_farthestpose,,,vggt | imagefps,42412.5
vggt,87,42,0.0,43500,imagefps,,,,0,10,farthestpose,,,,,,,,,,,0.0,,vggt,drums,,,,,,MCMC,,,,,,,,,,,sfm,synthetic,,,,,,,,,,,,/home/ojab2/work/git/vggt/vggt_outputs/drums_1_n87_s42_c0.0_p43500_imagefps_farthestpose/eval_results.json,,drums_1_n87_s42_c0.0_p43500_imagefps_farthestpose,0.173,0.01002,87,,,,/home/ojab2/work/git/vggt/vggt_outputs/drums_1_n87_s42_c0.0_p43500_imagefps_farthestpose/eval_results.json,drums_1_n87_s42_c0.0_p43500_imagefps_farthestpose,,,vggt | imagefps,42412.5
vggt,100,42,0.0,50000,imagefps,,,,0,10,farthestpose,100,GT Eval,GT Extrinsics,GT Intrinsics,,,,,,,0.0,,vggt,bonsai,,,15000,15000,,MCMC,,,,,,,,,,,gsplat,indoor,26.200475692749023,0.21618327498435974,0.8418276309967041,1000000,1.961547252548484e-16,5.27673307715304e-07,,,0.7504771370404413,0.20543024833240078,50000,/home/ojab2/work/git/gsplat/results/vggt_outputs/bonsai_2_n100_s42_c0.0_p50000_imagefps_farthestpose_i100_gteval_gtext_gtint_steps15000/stats/val_step14999.json,/home/ojab2/work/git/gsplat/results/vggt_outputs/bonsai_2_n100_s42_c0.0_p50000_imagefps_farthestpose_i100_gteval_gtext_gtint_steps15000/stats/val_step14999.json,bonsai_2_n100_s42_c0.0_p50000_imagefps_farthestpose_i100_gteval_gtext_gtint_steps15000,0.7215,0.105749,100,,,,/home/ojab2/work/git/vggt/vggt_outputs/bonsai_2_n100_s42_c0.0_p50000_imagefps_farthestpose/eval_results.json,bonsai_2_n100_s42_c0.0_p50000_imagefps_farthestpose,bonsai_2_n100_s42_c0.0_p50000_imagefps_farthestpose_i100_gteval_gtext_gtint_steps15000_val_step14999.json,50000,vggt | imagefps,48750.0
vggt,100,42,0.0,50000,imagefps,,,,0,10,farthestpose,100,GT Eval,GT Extrinsics,GT Intrinsics,,,,,,,0.0,,vggt,kitchen,,,15000,15000,,MCMC,,,,,,,,,,,gsplat,indoor,25.027511596679688,0.14208084344863892,0.8777998685836792,1000000,1.8742920063716543e-16,6.563373631252034e-07,,,0.7955342176442335,0.1649315019737299,50000,/home/ojab2/work/git/gsplat/results/vggt_outputs/kitchen_2_n100_s42_c0.0_p50000_imagefps_farthestpose_i100_gteval_gtext_gtint_steps15000/stats/val_step14999.json,/home/ojab2/work/git/gsplat/results/vggt_outputs/kitchen_2_n100_s42_c0.0_p50000_imagefps_farthestpose_i100_gteval_gtext_gtint_steps15000/stats/val_step14999.json,kitchen_2_n100_s42_c0.0_p50000_imagefps_farthestpose_i100_gteval_gtext_gtint_steps15000,0.3392,0.031011,100,,,,/home/ojab2/work/git/vggt/vggt_outputs/kitchen_2_n100_s42_c0.0_p50000_imagefps_farthestpose/eval_results.json,kitchen_2_n100_s42_c0.0_p50000_imagefps_farthestpose,kitchen_2_n100_s42_c0.0_p50000_imagefps_farthestpose_i100_gteval_gtext_gtint_steps15000_val_step14999.json,50000,vggt | imagefps,48750.0
vggt,100,42,0.0,50000,imagefps,,,,0,10,farthestpose,100,GT Eval,GT Extrinsics,GT Intrinsics,,,,,,,0.0,,vggt,bicycle,,,15000,15000,,MCMC,,,,,,,,,,,gsplat,outdoor,22.61829948425293,0.2901829183101654,0.6199639439582825,1000000,1.0009330104188943e-16,5.482808660417504e-07,,,0.5087169021890874,0.3040419550531027,50000,/home/ojab2/work/git/gsplat/results/vggt_outputs/bicycle_4_n100_s42_c0.0_p50000_imagefps_farthestpose_i100_gteval_gtext_gtint_steps15000/stats/val_step14999.json,/home/ojab2/work/git/gsplat/results/vggt_outputs/bicycle_4_n100_s42_c0.0_p50000_imagefps_farthestpose_i100_gteval_gtext_gtint_steps15000/stats/val_step14999.json,bicycle_4_n100_s42_c0.0_p50000_imagefps_farthestpose_i100_gteval_gtext_gtint_steps15000,0.7161,0.065623,100,,,,/home/ojab2/work/git/vggt/vggt_outputs/bicycle_4_n100_s42_c0.0_p50000_imagefps_farthestpose/eval_results.json,bicycle_4_n100_s42_c0.0_p50000_imagefps_farthestpose,bicycle_4_n100_s42_c0.0_p50000_imagefps_farthestpose_i100_gteval_gtext_gtint_steps15000_val_step14999.json,50000,vggt | imagefps,48750.0
vggt,100,42,0.0,50000,imagefps,,,,0,10,farthestpose,100,GT Eval,GT Extrinsics,GT Intrinsics,,,,,,,0.0,,vggt,garden,,,15000,15000,,MCMC,,,,,,,,,,,gsplat,outdoor,23.693740844726562,0.27380284667015076,0.6967648267745972,1000000,1.7342580049025113e-16,1.4100596672506072e-06,,,0.5836564352405464,0.27624757599137395,50000,/home/ojab2/work/git/gsplat/results/vggt_outputs/garden_2_n100_s42_c0.0_p50000_imagefps_farthestpose_i100_gteval_gtext_gtint_steps15000/stats/val_step14999.json,/home/ojab2/work/git/gsplat/results/vggt_outputs/garden_2_n100_s42_c0.0_p50000_imagefps_farthestpose_i100_gteval_gtext_gtint_steps15000/stats/val_step14999.json,garden_2_n100_s42_c0.0_p50000_imagefps_farthestpose_i100_gteval_gtext_gtint_steps15000,0.3733,0.026869,100,,,,/home/ojab2/work/git/vggt/vggt_outputs/garden_2_n100_s42_c0.0_p50000_imagefps_farthestpose/eval_results.json,garden_2_n100_s42_c0.0_p50000_imagefps_farthestpose,garden_2_n100_s42_c0.0_p50000_imagefps_farthestpose_i100_gteval_gtext_gtint_steps15000_val_step14999.json,50000,vggt | imagefps,48750.0
vggt,100,42,0.0,50000,imagefps,,,,0,10,farthestpose,100,GT Eval,GT Extrinsics,GT Intrinsics,,,,,,,0.0,,vggt,stump,,,15000,15000,,MCMC,,,,,,,,,,,gsplat,outdoor,25.8076171875,0.3032304346561432,0.7489074468612671,1000000,2.371846306429323e-16,1.9369588244444458e-06,,,0.6351298759555258,0.26898248515779727,50000,/home/ojab2/work/git/gsplat/results/vggt_outputs/stump_2_n100_s42_c0.0_p50000_imagefps_farthestpose_i100_gteval_gtext_gtint_steps15000/stats/val_step14999.json,/home/ojab2/work/git/gsplat/results/vggt_outputs/stump_2_n100_s42_c0.0_p50000_imagefps_farthestpose_i100_gteval_gtext_gtint_steps15000/stats/val_step14999.json,stump_2_n100_s42_c0.0_p50000_imagefps_farthestpose_i100_gteval_gtext_gtint_steps15000,0.8558,0.162829,100,,,,/home/ojab2/work/git/vggt/vggt_outputs/stump_2_n100_s42_c0.0_p50000_imagefps_farthestpose/eval_results.json,stump_2_n100_s42_c0.0_p50000_imagefps_farthestpose,stump_2_n100_s42_c0.0_p50000_imagefps_farthestpose_i100_gteval_gtext_gtint_steps15000_val_step14999.json,50000,vggt | imagefps,48750.0
vggt,100,42,0.0,50000,imagefps,,,,0,10,farthestpose,,,,,,,,,,,0.0,,vggt,counter,,,,,,MCMC,,,,,,,,,,,sfm,indoor,,,,,,,,,,,,/home/ojab2/work/git/vggt/vggt_outputs/counter_2_n100_s42_c0.0_p50000_imagefps_farthestpose/eval_results.json,,counter_2_n100_s42_c0.0_p50000_imagefps_farthestpose,0.3433,0.032901,100,,,,/home/ojab2/work/git/vggt/vggt_outputs/counter_2_n100_s42_c0.0_p50000_imagefps_farthestpose/eval_results.json,counter_2_n100_s42_c0.0_p50000_imagefps_farthestpose,,,vggt | imagefps,48750.0
vggt,87,42,0.0,87000,imagefps,,,,0,10,farthestpose,87,GT Eval,GT Extrinsics,GT Intrinsics,,,,,,,0.0,,vggt,lego,,,15000,15000,,MCMC,,,,,,,,,,,gsplat,synthetic,33.29658889770508,0.03176582604646683,0.9804548621177673,1000000,3.5242081613891967e-16,0.00956135056912899,0.0749012678861618,0.01770457811653614,1.0767931284902155,0.05734595175668539,86956,/home/ojab2/work/git/gsplat/results/vggt_outputs/lego_1_n87_s42_c0.0_p87000_imagefps_farthestpose_i87_gteval_gtext_gtint_steps15000/stats/val_step14999.json,/home/ojab2/work/git/gsplat/results/vggt_outputs/lego_1_n87_s42_c0.0_p87000_imagefps_farthestpose_i87_gteval_gtext_gtint_steps15000/stats/val_step14999.json,lego_1_n87_s42_c0.0_p87000_imagefps_farthestpose_i87_gteval_gtext_gtint_steps15000,0.2976,0.018838,87,0.0478,0.0135,0.118,/home/ojab2/work/git/vggt/vggt_outputs/lego_1_n87_s42_c0.0_p87000_imagefps_farthestpose/eval_results.json,lego_1_n87_s42_c0.0_p87000_imagefps_farthestpose,lego_1_n87_s42_c0.0_p87000_imagefps_farthestpose_i87_gteval_gtext_gtint_steps15000_val_step14999.json,86956,vggt | imagefps,84825.0
vggt,87,42,0.0,87000,imagefps,,,,0,10,farthestpose,,,,,,,,,,,0.0,,vggt,ship,,,,,,MCMC,,,,,,,,,,,sfm,synthetic,,,,,,,,,,,,/home/ojab2/work/git/vggt/vggt_outputs/ship_1_n87_s42_c0.0_p87000_imagefps_farthestpose/eval_results.json,,ship_1_n87_s42_c0.0_p87000_imagefps_farthestpose,0.4869,0.027807,87,0.1056,0.0284,0.2389,/home/ojab2/work/git/vggt/vggt_outputs/ship_1_n87_s42_c0.0_p87000_imagefps_farthestpose/eval_results.json,ship_1_n87_s42_c0.0_p87000_imagefps_farthestpose,,,vggt | imagefps,84825.0
vggt,87,42,0.0,87000,imagefps,,,,0,10,farthestpose,,,,,,,,,,,0.0,,vggt,drums,,,,,,MCMC,,,,,,,,,,,sfm,synthetic,,,,,,,,,,,,/home/ojab2/work/git/vggt/vggt_outputs/drums_1_n87_s42_c0.0_p87000_imagefps_farthestpose/eval_results.json,,drums_1_n87_s42_c0.0_p87000_imagefps_farthestpose,0.173,0.01002,87,,,,/home/ojab2/work/git/vggt/vggt_outputs/drums_1_n87_s42_c0.0_p87000_imagefps_farthestpose/eval_results.json,drums_1_n87_s42_c0.0_p87000_imagefps_farthestpose,,,vggt | imagefps,84825.0
vggt,100,42,0.0,100000,imagefps,,,,0,10,farthestpose,100,GT Eval,GT Extrinsics,GT Intrinsics,,,,,,,0.0,,vggt,bonsai,,,15000,15000,,MCMC,,,,,,,,,,,gsplat,indoor,25.75049591064453,0.21643662452697754,0.8302592039108276,1000000,2.566989197889117e-16,7.873079539422179e-07,,,0.7352226274675019,0.21036438584084932,100000,/home/ojab2/work/git/gsplat/results/vggt_outputs/bonsai_2_n100_s42_c0.0_p100000_imagefps_farthestpose_i100_gteval_gtext_gtint_steps15000/stats/val_step14999.json,/home/ojab2/work/git/gsplat/results/vggt_outputs/bonsai_2_n100_s42_c0.0_p100000_imagefps_farthestpose_i100_gteval_gtext_gtint_steps15000/stats/val_step14999.json,bonsai_2_n100_s42_c0.0_p100000_imagefps_farthestpose_i100_gteval_gtext_gtint_steps15000,0.7215,0.105749,100,,,,/home/ojab2/work/git/vggt/vggt_outputs/bonsai_2_n100_s42_c0.0_p100000_imagefps_farthestpose/eval_results.json,bonsai_2_n100_s42_c0.0_p100000_imagefps_farthestpose,bonsai_2_n100_s42_c0.0_p100000_imagefps_farthestpose_i100_gteval_gtext_gtint_steps15000_val_step14999.json,100000,vggt | imagefps,97500.0
vggt,100,42,0.0,100000,imagefps,,,,0,10,farthestpose,100,GT Eval,GT Extrinsics,GT Intrinsics,,,,,,,0.0,,vggt,kitchen,,,15000,15000,,MCMC,,,,,,,,,,,gsplat,indoor,25.344114303588867,0.13831375539302826,0.8802759647369385,1000000,2.2402933546934614e-16,7.355496904892789e-07,,,0.8051706031787852,0.16241558344463236,100000,/home/ojab2/work/git/gsplat/results/vggt_outputs/kitchen_2_n100_s42_c0.0_p100000_imagefps_farthestpose_i100_gteval_gtext_gtint_steps15000/stats/val_step14999.json,/home/ojab2/work/git/gsplat/results/vggt_outputs/kitchen_2_n100_s42_c0.0_p100000_imagefps_farthestpose_i100_gteval_gtext_gtint_steps15000/stats/val_step14999.json,kitchen_2_n100_s42_c0.0_p100000_imagefps_farthestpose_i100_gteval_gtext_gtint_steps15000,0.3392,0.031011,100,,,,/home/ojab2/work/git/vggt/vggt_outputs/kitchen_2_n100_s42_c0.0_p100000_imagefps_farthestpose/eval_results.json,kitchen_2_n100_s42_c0.0_p100000_imagefps_farthestpose,kitchen_2_n100_s42_c0.0_p100000_imagefps_farthestpose_i100_gteval_gtext_gtint_steps15000_val_step14999.json,100000,vggt | imagefps,97500.0
vggt,100,42,0.0,100000,imagefps,,,,0,10,farthestpose,100,GT Eval,GT Extrinsics,GT Intrinsics,,,,,,,0.0,,vggt,bicycle,,,15000,15000,,MCMC,,,,,,,,,,,gsplat,outdoor,22.64336395263672,0.25978609919548035,0.62409508228302,1000000,2.0388342444251106e-16,4.793267862623907e-07,,,0.5303603979656648,0.2927792541567642,100000,/home/ojab2/work/git/gsplat/results/vggt_outputs/bicycle_4_n100_s42_c0.0_p100000_imagefps_farthestpose_i100_gteval_gtext_gtint_steps15000/stats/val_step14999.json,/home/ojab2/work/git/gsplat/results/vggt_outputs/bicycle_4_n100_s42_c0.0_p100000_imagefps_farthestpose_i100_gteval_gtext_gtint_steps15000/stats/val_step14999.json,bicycle_4_n100_s42_c0.0_p100000_imagefps_farthestpose_i100_gteval_gtext_gtint_steps15000,0.7161,0.065623,100,,,,/home/ojab2/work/git/vggt/vggt_outputs/bicycle_4_n100_s42_c0.0_p100000_imagefps_farthestpose/eval_results.json,bicycle_4_n100_s42_c0.0_p100000_imagefps_farthestpose,bicycle_4_n100_s42_c0.0_p100000_imagefps_farthestpose_i100_gteval_gtext_gtint_steps15000_val_step14999.json,100000,vggt | imagefps,97500.0
vggt,100,42,0.0,100000,imagefps,,,,0,10,farthestpose,100,GT Eval,GT Extrinsics,GT Intrinsics,,,,,,,0.0,,vggt,garden,,,15000,15000,,MCMC,,,,,,,,,,,gsplat,outdoor,23.595947265625,0.2565034031867981,0.7036604881286621,1000000,1.8946186795233894e-16,9.00615361842938e-07,,,0.5965566623512997,0.26841446180627343,100000,/home/ojab2/work/git/gsplat/results/vggt_outputs/garden_2_n100_s42_c0.0_p100000_imagefps_farthestpose_i100_gteval_gtext_gtint_steps15000/stats/val_step14999.json,/home/ojab2/work/git/gsplat/results/vggt_outputs/garden_2_n100_s42_c0.0_p100000_imagefps_farthestpose_i100_gteval_gtext_gtint_steps15000/stats/val_step14999.json,garden_2_n100_s42_c0.0_p100000_imagefps_farthestpose_i100_gteval_gtext_gtint_steps15000,0.3733,0.026869,100,,,,/home/ojab2/work/git/vggt/vggt_outputs/garden_2_n100_s42_c0.0_p100000_imagefps_farthestpose/eval_results.json,garden_2_n100_s42_c0.0_p100000_imagefps_farthestpose,garden_2_n100_s42_c0.0_p100000_imagefps_farthestpose_i100_gteval_gtext_gtint_steps15000_val_step14999.json,100000,vggt | imagefps,97500.0
vggt,100,42,0.0,100000,imagefps,,,,0,10,farthestpose,100,GT Eval,GT Extrinsics,GT Intrinsics,,,,,,,0.0,,vggt,stump,,,15000,15000,,MCMC,,,,,,,,,,,gsplat,outdoor,25.695159912109375,0.28806573152542114,0.7482872009277344,1000000,4.536083778695433e-16,1.7671383147899178e-06,,,0.6420455447569382,0.26415671434616145,100000,/home/ojab2/work/git/gsplat/results/vggt_outputs/stump_2_n100_s42_c0.0_p100000_imagefps_farthestpose_i100_gteval_gtext_gtint_steps15000/stats/val_step14999.json,/home/ojab2/work/git/gsplat/results/vggt_outputs/stump_2_n100_s42_c0.0_p100000_imagefps_farthestpose_i100_gteval_gtext_gtint_steps15000/stats/val_step14999.json,stump_2_n100_s42_c0.0_p100000_imagefps_farthestpose_i100_gteval_gtext_gtint_steps15000,0.8558,0.162829,100,,,,/home/ojab2/work/git/vggt/vggt_outputs/stump_2_n100_s42_c0.0_p100000_imagefps_farthestpose/eval_results.json,stump_2_n100_s42_c0.0_p100000_imagefps_farthestpose,stump_2_n100_s42_c0.0_p100000_imagefps_farthestpose_i100_gteval_gtext_gtint_steps15000_val_step14999.json,100000,vggt | imagefps,97500.0
vggt,100,42,0.0,100000,imagefps,,,,0,10,farthestpose,,,,,,,,,,,0.0,,vggt,counter,,,,,,MCMC,,,,,,,,,,,sfm,indoor,,,,,,,,,,,,/home/ojab2/work/git/vggt/vggt_outputs/counter_2_n100_s42_c0.0_p100000_imagefps_farthestpose/eval_results.json,,counter_2_n100_s42_c0.0_p100000_imagefps_farthestpose,0.3433,0.032901,100,,,,/home/ojab2/work/git/vggt/vggt_outputs/counter_2_n100_s42_c0.0_p100000_imagefps_farthestpose/eval_results.json,counter_2_n100_s42_c0.0_p100000_imagefps_farthestpose,,,vggt | imagefps,97500.0
vggt,87,42,0.0,435000,imagefps,,,,0,10,farthestpose,87,GT Eval,GT Extrinsics,GT Intrinsics,,,,,,,0.0,,vggt,lego,,,15000,15000,,MCMC,,,,,,,,,,,gsplat,synthetic,33.22806930541992,0.031531769782304764,0.9795960187911987,1000000,3.3155995636504276e-16,0.009564387612044811,0.07331755012273788,0.017317963764071465,1.0751664787676134,0.05828327375971405,434958,/home/ojab2/work/git/gsplat/results/vggt_outputs/lego_1_n87_s42_c0.0_p435000_imagefps_farthestpose_i87_gteval_gtext_gtint_steps15000/stats/val_step14999.json,/home/ojab2/work/git/gsplat/results/vggt_outputs/lego_1_n87_s42_c0.0_p435000_imagefps_farthestpose_i87_gteval_gtext_gtint_steps15000/stats/val_step14999.json,lego_1_n87_s42_c0.0_p435000_imagefps_farthestpose_i87_gteval_gtext_gtint_steps15000,0.2976,0.018838,87,0.0478,0.0135,0.118,/home/ojab2/work/git/vggt/vggt_outputs/lego_1_n87_s42_c0.0_p435000_imagefps_farthestpose/eval_results.json,lego_1_n87_s42_c0.0_p435000_imagefps_farthestpose,lego_1_n87_s42_c0.0_p435000_imagefps_farthestpose_i87_gteval_gtext_gtint_steps15000_val_step14999.json,434958,vggt | imagefps,424125.0
vggt,87,42,0.0,435000,imagefps,,,,0,10,farthestpose,,,,,,,,,,,0.0,,vggt,ship,,,,,,MCMC,,,,,,,,,,,sfm,synthetic,,,,,,,,,,,,/home/ojab2/work/git/vggt/vggt_outputs/ship_1_n87_s42_c0.0_p435000_imagefps_farthestpose/eval_results.json,,ship_1_n87_s42_c0.0_p435000_imagefps_farthestpose,0.4869,0.027807,87,0.1056,0.0284,0.2389,/home/ojab2/work/git/vggt/vggt_outputs/ship_1_n87_s42_c0.0_p435000_imagefps_farthestpose/eval_results.json,ship_1_n87_s42_c0.0_p435000_imagefps_farthestpose,,,vggt | imagefps,424125.0
vggt,87,42,0.0,435000,imagefps,,,,0,10,farthestpose,,,,,,,,,,,0.0,,vggt,drums,,,,,,MCMC,,,,,,,,,,,sfm,synthetic,,,,,,,,,,,,/home/ojab2/work/git/vggt/vggt_outputs/drums_1_n87_s42_c0.0_p435000_imagefps_farthestpose/eval_results.json,,drums_1_n87_s42_c0.0_p435000_imagefps_farthestpose,0.173,0.01002,87,,,,/home/ojab2/work/git/vggt/vggt_outputs/drums_1_n87_s42_c0.0_p435000_imagefps_farthestpose/eval_results.json,drums_1_n87_s42_c0.0_p435000_imagefps_farthestpose,,,vggt | imagefps,424125.0
vggt,100,42,0.0,500000,imagefps,,,,0,10,farthestpose,100,GT Eval,GT Extrinsics,GT Intrinsics,,,,,,,0.0,,vggt,bonsai,,,15000,15000,,MCMC,,,,,,,,,,,gsplat,indoor,24.478696823120117,0.22984232008457184,0.8051757216453552,1000000,3.137836729477108e-16,1.1163521094204043e-06,,,0.6887269687195581,0.22493231135417235,500000,/home/ojab2/work/git/gsplat/results/vggt_outputs/bonsai_2_n100_s42_c0.0_p500000_imagefps_farthestpose_i100_gteval_gtext_gtint_steps15000/stats/val_step14999.json,/home/ojab2/work/git/gsplat/results/vggt_outputs/bonsai_2_n100_s42_c0.0_p500000_imagefps_farthestpose_i100_gteval_gtext_gtint_steps15000/stats/val_step14999.json,bonsai_2_n100_s42_c0.0_p500000_imagefps_farthestpose_i100_gteval_gtext_gtint_steps15000,0.7215,0.105749,100,,,,/home/ojab2/work/git/vggt/vggt_outputs/bonsai_2_n100_s42_c0.0_p500000_imagefps_farthestpose/eval_results.json,bonsai_2_n100_s42_c0.0_p500000_imagefps_farthestpose,bonsai_2_n100_s42_c0.0_p500000_imagefps_farthestpose_i100_gteval_gtext_gtint_steps15000_val_step14999.json,500000,vggt | imagefps,487500.0
vggt,100,42,0.0,500000,imagefps,,,,0,10,farthestpose,100,GT Eval,GT Extrinsics,GT Intrinsics,,,,,,,0.0,,vggt,kitchen,,,15000,15000,,MCMC,,,,,,,,,,,gsplat,indoor,24.68146514892578,0.14184501767158508,0.8724253177642822,1000000,1.656289813247835e-16,4.802346893484355e-07,,,0.7861285093854664,0.16747464450541394,500000,/home/ojab2/work/git/gsplat/results/vggt_outputs/kitchen_2_n100_s42_c0.0_p500000_imagefps_farthestpose_i100_gteval_gtext_gtint_steps15000/stats/val_step14999.json,/home/ojab2/work/git/gsplat/results/vggt_outputs/kitchen_2_n100_s42_c0.0_p500000_imagefps_farthestpose_i100_gteval_gtext_gtint_steps15000/stats/val_step14999.json,kitchen_2_n100_s42_c0.0_p500000_imagefps_farthestpose_i100_gteval_gtext_gtint_steps15000,0.3392,0.031011,100,,,,/home/ojab2/work/git/vggt/vggt_outputs/kitchen_2_n100_s42_c0.0_p500000_imagefps_farthestpose/eval_results.json,kitchen_2_n100_s42_c0.0_p500000_imagefps_farthestpose,kitchen_2_n100_s42_c0.0_p500000_imagefps_farthestpose_i100_gteval_gtext_gtint_steps15000_val_step14999.json,500000,vggt | imagefps,487500.0
vggt,100,42,0.0,500000,imagefps,,,,0,10,farthestpose,100,GT Eval,GT Extrinsics,GT Intrinsics,,,,,,,0.0,,vggt,bicycle,,,15000,15000,,MCMC,,,,,,,,,,,gsplat,outdoor,22.114038467407227,0.26357370615005493,0.5861067175865173,1000000,1.8542795295037914e-16,9.660346904638573e-07,,,0.4960046272296422,0.3043550468380556,500000,/home/ojab2/work/git/gsplat/results/vggt_outputs/bicycle_4_n100_s42_c0.0_p500000_imagefps_farthestpose_i100_gteval_gtext_gtint_steps15000/stats/val_step14999.json,/home/ojab2/work/git/gsplat/results/vggt_outputs/bicycle_4_n100_s42_c0.0_p500000_imagefps_farthestpose_i100_gteval_gtext_gtint_steps15000/stats/val_step14999.json,bicycle_4_n100_s42_c0.0_p500000_imagefps_farthestpose_i100_gteval_gtext_gtint_steps15000,0.7161,0.065623,100,,,,/home/ojab2/work/git/vggt/vggt_outputs/bicycle_4_n100_s42_c0.0_p500000_imagefps_farthestpose/eval_results.json,bicycle_4_n100_s42_c0.0_p500000_imagefps_farthestpose,bicycle_4_n100_s42_c0.0_p500000_imagefps_farthestpose_i100_gteval_gtext_gtint_steps15000_val_step14999.json,500000,vggt | imagefps,487500.0
vggt,100,42,0.0,500000,imagefps,,,,0,10,farthestpose,100,GT Eval,GT Extrinsics,GT Intrinsics,,,,,,,0.0,,vggt,garden,,,15000,15000,,MCMC,,,,,,,,,,,gsplat,outdoor,23.72458267211914,0.23965570330619812,0.7073196172714233,1000000,1.4875957902638526e-16,9.193276468977274e-07,,,0.6114784558536636,0.2616322834116254,500000,/home/ojab2/work/git/gsplat/results/vggt_outputs/garden_2_n100_s42_c0.0_p500000_imagefps_farthestpose_i100_gteval_gtext_gtint_steps15000/stats/val_step14999.json,/home/ojab2/work/git/gsplat/results/vggt_outputs/garden_2_n100_s42_c0.0_p500000_imagefps_farthestpose_i100_gteval_gtext_gtint_steps15000/stats/val_step14999.json,garden_2_n100_s42_c0.0_p500000_imagefps_farthestpose_i100_gteval_gtext_gtint_steps15000,0.3733,0.026869,100,,,,/home/ojab2/work/git/vggt/vggt_outputs/garden_2_n100_s42_c0.0_p500000_imagefps_farthestpose/eval_results.json,garden_2_n100_s42_c0.0_p500000_imagefps_farthestpose,garden_2_n100_s42_c0.0_p500000_imagefps_farthestpose_i100_gteval_gtext_gtint_steps15000_val_step14999.json,500000,vggt | imagefps,487500.0
vggt,100,42,0.0,500000,imagefps,,,,0,10,farthestpose,100,GT Eval,GT Extrinsics,GT Intrinsics,,,,,,,0.0,,vggt,stump,,,15000,15000,,MCMC,,,,,,,,,,,gsplat,outdoor,24.712738037109375,0.3116934299468994,0.7006614208221436,1000000,2.3360906634455547e-16,2.5385770641150884e-06,,,0.5814162146510669,0.2873967933754561,500000,/home/ojab2/work/git/gsplat/results/vggt_outputs/stump_2_n100_s42_c0.0_p500000_imagefps_farthestpose_i100_gteval_gtext_gtint_steps15000/stats/val_step14999.json,/home/ojab2/work/git/gsplat/results/vggt_outputs/stump_2_n100_s42_c0.0_p500000_imagefps_farthestpose_i100_gteval_gtext_gtint_steps15000/stats/val_step14999.json,stump_2_n100_s42_c0.0_p500000_imagefps_farthestpose_i100_gteval_gtext_gtint_steps15000,0.8558,0.162829,100,,,,/home/ojab2/work/git/vggt/vggt_outputs/stump_2_n100_s42_c0.0_p500000_imagefps_farthestpose/eval_results.json,stump_2_n100_s42_c0.0_p500000_imagefps_farthestpose,stump_2_n100_s42_c0.0_p500000_imagefps_farthestpose_i100_gteval_gtext_gtint_steps15000_val_step14999.json,500000,vggt | imagefps,487500.0
vggt,100,42,0.0,500000,imagefps,,,,0,10,farthestpose,,,,,,,,,,,0.0,,vggt,counter,,,,,,MCMC,,,,,,,,,,,sfm,indoor,,,,,,,,,,,,/home/ojab2/work/git/vggt/vggt_outputs/counter_2_n100_s42_c0.0_p500000_imagefps_farthestpose/eval_results.json,,counter_2_n100_s42_c0.0_p500000_imagefps_farthestpose,0.3433,0.032901,100,,,,/home/ojab2/work/git/vggt/vggt_outputs/counter_2_n100_s42_c0.0_p500000_imagefps_farthestpose/eval_results.json,counter_2_n100_s42_c0.0_p500000_imagefps_farthestpose,,,vggt | imagefps,487500.0
vggt,87,42,0.0,870000,imagefps,,,,0,10,farthestpose,87,GT Eval,GT Extrinsics,GT Intrinsics,,,,,,,0.0,,vggt,lego,,,15000,15000,,MCMC,,,,,,,,,,,gsplat,synthetic,33.21091079711914,0.031014584004878998,0.9794365167617798,1000000,2.323925946834003e-16,0.009543153457343578,0.07268215715885162,0.01716575399041176,1.0750747030531917,0.05829724849758836,869958,/home/ojab2/work/git/gsplat/results/vggt_outputs/lego_1_n87_s42_c0.0_p870000_imagefps_farthestpose_i87_gteval_gtext_gtint_steps15000/stats/val_step14999.json,/home/ojab2/work/git/gsplat/results/vggt_outputs/lego_1_n87_s42_c0.0_p870000_imagefps_farthestpose_i87_gteval_gtext_gtint_steps15000/stats/val_step14999.json,lego_1_n87_s42_c0.0_p870000_imagefps_farthestpose_i87_gteval_gtext_gtint_steps15000,0.2976,0.018838,87,0.0478,0.0135,0.118,/home/ojab2/work/git/vggt/vggt_outputs/lego_1_n87_s42_c0.0_p870000_imagefps_farthestpose/eval_results.json,lego_1_n87_s42_c0.0_p870000_imagefps_farthestpose,lego_1_n87_s42_c0.0_p870000_imagefps_farthestpose_i87_gteval_gtext_gtint_steps15000_val_step14999.json,869958,vggt | imagefps,848250.0
vggt,87,42,0.0,870000,imagefps,,,,0,10,farthestpose,,,,,,,,,,,0.0,,vggt,ship,,,,,,MCMC,,,,,,,,,,,sfm,synthetic,,,,,,,,,,,,/home/ojab2/work/git/vggt/vggt_outputs/ship_1_n87_s42_c0.0_p870000_imagefps_farthestpose/eval_results.json,,ship_1_n87_s42_c0.0_p870000_imagefps_farthestpose,0.4869,0.027807,87,0.1056,0.0284,0.2389,/home/ojab2/work/git/vggt/vggt_outputs/ship_1_n87_s42_c0.0_p870000_imagefps_farthestpose/eval_results.json,ship_1_n87_s42_c0.0_p870000_imagefps_farthestpose,,,vggt | imagefps,848250.0
vggt,87,42,0.0,870000,imagefps,,,,0,10,farthestpose,,,,,,,,,,,0.0,,vggt,drums,,,,,,MCMC,,,,,,,,,,,sfm,synthetic,,,,,,,,,,,,/home/ojab2/work/git/vggt/vggt_outputs/drums_1_n87_s42_c0.0_p870000_imagefps_farthestpose/eval_results.json,,drums_1_n87_s42_c0.0_p870000_imagefps_farthestpose,0.173,0.01002,87,,,,/home/ojab2/work/git/vggt/vggt_outputs/drums_1_n87_s42_c0.0_p870000_imagefps_farthestpose/eval_results.json,drums_1_n87_s42_c0.0_p870000_imagefps_farthestpose,,,vggt | imagefps,848250.0
vggt,100,42,0.0,1000000,imagefps,,,,0,10,farthestpose,100,GT Eval,GT Extrinsics,GT Intrinsics,,,,,,,0.0,,vggt,bonsai,,,15000,15000,,MCMC,,,,,,,,,,,gsplat,indoor,23.921785354614258,0.23873597383499146,0.7930815815925598,1000000,2.0887382493037818e-16,1.6901001345104305e-06,,,0.665851287132273,0.23255741826900866,1000000,/home/ojab2/work/git/gsplat/results/vggt_outputs/bonsai_2_n100_s42_c0.0_p1000000_imagefps_farthestpose_i100_gteval_gtext_gtint_steps15000/stats/val_step14999.json,/home/ojab2/work/git/gsplat/results/vggt_outputs/bonsai_2_n100_s42_c0.0_p1000000_imagefps_farthestpose_i100_gteval_gtext_gtint_steps15000/stats/val_step14999.json,bonsai_2_n100_s42_c0.0_p1000000_imagefps_farthestpose_i100_gteval_gtext_gtint_steps15000,0.7215,0.105749,100,,,,/home/ojab2/work/git/vggt/vggt_outputs/bonsai_2_n100_s42_c0.0_p1000000_imagefps_farthestpose/eval_results.json,bonsai_2_n100_s42_c0.0_p1000000_imagefps_farthestpose,bonsai_2_n100_s42_c0.0_p1000000_imagefps_farthestpose_i100_gteval_gtext_gtint_steps15000_val_step14999.json,1000000,vggt | imagefps,975000.0
vggt,100,42,0.0,1000000,imagefps,,,,0,10,farthestpose,100,GT Eval,GT Extrinsics,GT Intrinsics,,,,,,,0.0,,vggt,kitchen,,,15000,15000,,MCMC,,,,,,,,,,,gsplat,indoor,24.576215744018555,0.14375488460063934,0.8704642653465271,1000000,2.557848918294855e-16,2.331972410729577e-07,,,0.7818537018491201,0.16905067528075107,1000000,/home/ojab2/work/git/gsplat/results/vggt_outputs/kitchen_2_n100_s42_c0.0_p1000000_imagefps_farthestpose_i100_gteval_gtext_gtint_steps15000/stats/val_step14999.json,/home/ojab2/work/git/gsplat/results/vggt_outputs/kitchen_2_n100_s42_c0.0_p1000000_imagefps_farthestpose_i100_gteval_gtext_gtint_steps15000/stats/val_step14999.json,kitchen_2_n100_s42_c0.0_p1000000_imagefps_farthestpose_i100_gteval_gtext_gtint_steps15000,0.3392,0.031011,100,,,,/home/ojab2/work/git/vggt/vggt_outputs/kitchen_2_n100_s42_c0.0_p1000000_imagefps_farthestpose/eval_results.json,kitchen_2_n100_s42_c0.0_p1000000_imagefps_farthestpose,kitchen_2_n100_s42_c0.0_p1000000_imagefps_farthestpose_i100_gteval_gtext_gtint_steps15000_val_step14999.json,1000000,vggt | imagefps,975000.0
vggt,100,42,0.0,1000000,imagefps,,,,0,10,farthestpose,100,GT Eval,GT Extrinsics,GT Intrinsics,,,,,,,0.0,,vggt,bicycle,,,15000,15000,,MCMC,,,,,,,,,,,gsplat,outdoor,21.670106887817383,0.29908084869384766,0.5486647486686707,1000000,1.8630657757958807e-16,1.0102676242240705e-06,,,0.44396979457143837,0.3259010894613572,1000000,/home/ojab2/work/git/gsplat/results/vggt_outputs/bicycle_4_n100_s42_c0.0_p1000000_imagefps_farthestpose_i100_gteval_gtext_gtint_steps15000/stats/val_step14999.json,/home/ojab2/work/git/gsplat/results/vggt_outputs/bicycle_4_n100_s42_c0.0_p1000000_imagefps_farthestpose_i100_gteval_gtext_gtint_steps15000/stats/val_step14999.json,bicycle_4_n100_s42_c0.0_p1000000_imagefps_farthestpose_i100_gteval_gtext_gtint_steps15000,0.7161,0.065623,100,,,,/home/ojab2/work/git/vggt/vggt_outputs/bicycle_4_n100_s42_c0.0_p1000000_imagefps_farthestpose/eval_results.json,bicycle_4_n100_s42_c0.0_p1000000_imagefps_farthestpose,bicycle_4_n100_s42_c0.0_p1000000_imagefps_farthestpose_i100_gteval_gtext_gtint_steps15000_val_step14999.json,1000000,vggt | imagefps,975000.0
vggt,100,42,0.0,1000000,imagefps,,,,0,10,farthestpose,100,GT Eval,GT Extrinsics,GT Intrinsics,,,,,,,0.0,,vggt,garden,,,15000,15000,,MCMC,,,,,,,,,,,gsplat,outdoor,23.331375122070312,0.2636147439479828,0.6880097389221191,1000000,2.7497100864796304e-16,1.8290987782165757e-06,,,0.5781149767760412,0.27560643669026325,1000000,/home/ojab2/work/git/gsplat/results/vggt_outputs/garden_2_n100_s42_c0.0_p1000000_imagefps_farthestpose_i100_gteval_gtext_gtint_steps15000/stats/val_step14999.json,/home/ojab2/work/git/gsplat/results/vggt_outputs/garden_2_n100_s42_c0.0_p1000000_imagefps_farthestpose_i100_gteval_gtext_gtint_steps15000/stats/val_step14999.json,garden_2_n100_s42_c0.0_p1000000_imagefps_farthestpose_i100_gteval_gtext_gtint_steps15000,0.3733,0.026869,100,,,,/home/ojab2/work/git/vggt/vggt_outputs/garden_2_n100_s42_c0.0_p1000000_imagefps_farthestpose/eval_results.json,garden_2_n100_s42_c0.0_p1000000_imagefps_farthestpose,garden_2_n100_s42_c0.0_p1000000_imagefps_farthestpose_i100_gteval_gtext_gtint_steps15000_val_step14999.json,1000000,vggt | imagefps,975000.0
vggt,100,42,0.0,1000000,imagefps,,,,0,10,farthestpose,100,GT Eval,GT Extrinsics,GT Intrinsics,,,,,,,0.0,,vggt,stump,,,15000,15000,,MCMC,,,,,,,,,,,gsplat,outdoor,23.76838493347168,0.35842400789260864,0.64212566614151,1000000,2.4345656551021555e-16,1.494736352469772e-06,,,0.5008507229586248,0.3202830493290222,1000000,/home/ojab2/work/git/gsplat/results/vggt_outputs/stump_2_n100_s42_c0.0_p1000000_imagefps_farthestpose_i100_gteval_gtext_gtint_steps15000/stats/val_step14999.json,/home/ojab2/work/git/gsplat/results/vggt_outputs/stump_2_n100_s42_c0.0_p1000000_imagefps_farthestpose_i100_gteval_gtext_gtint_steps15000/stats/val_step14999.json,stump_2_n100_s42_c0.0_p1000000_imagefps_farthestpose_i100_gteval_gtext_gtint_steps15000,0.8558,0.162829,100,,,,/home/ojab2/work/git/vggt/vggt_outputs/stump_2_n100_s42_c0.0_p1000000_imagefps_farthestpose/eval_results.json,stump_2_n100_s42_c0.0_p1000000_imagefps_farthestpose,stump_2_n100_s42_c0.0_p1000000_imagefps_farthestpose_i100_gteval_gtext_gtint_steps15000_val_step14999.json,1000000,vggt | imagefps,975000.0
vggt,100,42,0.0,1000000,imagefps,,,,0,10,farthestpose,,,,,,,,,,,0.0,,vggt,counter,,,,,,MCMC,,,,,,,,,,,sfm,indoor,,,,,,,,,,,,/home/ojab2/work/git/vggt/vggt_outputs/counter_2_n100_s42_c0.0_p1000000_imagefps_farthestpose/eval_results.json,,counter_2_n100_s42_c0.0_p1000000_imagefps_farthestpose,0.3433,0.032901,100,,,,/home/ojab2/work/git/vggt/vggt_outputs/counter_2_n100_s42_c0.0_p1000000_imagefps_farthestpose/eval_results.json,counter_2_n100_s42_c0.0_p1000000_imagefps_farthestpose,,,vggt | imagefps,975000.0
vggt,87,42,0.0,870,random,,,,0,10,farthestpose,87,GT Eval,GT Extrinsics,GT Intrinsics,,,,,,,0.0,,vggt,lego,,,15000,15000,,MCMC,,,,,,,,,,,gsplat,synthetic,31.891454696655273,0.04857086017727852,0.9696176648139954,968555,1.736890556832798e-16,0.009546979330480099,0.08355218172073364,0.019696487113833427,1.0340611046256378,0.07450769303900537,870,/home/ojab2/work/git/gsplat/results/vggt_outputs/lego_1_n87_s42_c0.0_p870_random_farthestpose_i87_gteval_gtext_gtint_steps15000/stats/val_step14999.json,/home/ojab2/work/git/gsplat/results/vggt_outputs/lego_1_n87_s42_c0.0_p870_random_farthestpose_i87_gteval_gtext_gtint_steps15000/stats/val_step14999.json,lego_1_n87_s42_c0.0_p870_random_farthestpose_i87_gteval_gtext_gtint_steps15000,0.3306,0.018825,87,0.0469,0.0133,0.1174,/home/ojab2/work/git/vggt/vggt_outputs/lego_1_n87_s42_c0.0_p870_random_farthestpose/eval_results.json,lego_1_n87_s42_c0.0_p870_random_farthestpose,lego_1_n87_s42_c0.0_p870_random_farthestpose_i87_gteval_gtext_gtint_steps15000_val_step14999.json,870,vggt | random,891.7499999999999
vggt,87,42,0.0,870,random,,,,0,10,farthestpose,,,,,,,,,,,0.0,,vggt,ship,,,,,,MCMC,,,,,,,,,,,sfm,synthetic,,,,,,,,,,,,/home/ojab2/work/git/vggt/vggt_outputs/ship_1_n87_s42_c0.0_p870_random_farthestpose/eval_results.json,,ship_1_n87_s42_c0.0_p870_random_farthestpose,0.4869,0.027807,87,0.1056,0.0284,0.2389,/home/ojab2/work/git/vggt/vggt_outputs/ship_1_n87_s42_c0.0_p870_random_farthestpose/eval_results.json,ship_1_n87_s42_c0.0_p870_random_farthestpose,,,vggt | random,891.7499999999999
vggt,87,42,0.0,870,random,,,,0,10,farthestpose,,,,,,,,,,,0.0,,vggt,drums,,,,,,MCMC,,,,,,,,,,,sfm,synthetic,,,,,,,,,,,,/home/ojab2/work/git/vggt/vggt_outputs/drums_1_n87_s42_c0.0_p870_random_farthestpose/eval_results.json,,drums_1_n87_s42_c0.0_p870_random_farthestpose,0.173,0.01002,87,,,,/home/ojab2/work/git/vggt/vggt_outputs/drums_1_n87_s42_c0.0_p870_random_farthestpose/eval_results.json,drums_1_n87_s42_c0.0_p870_random_farthestpose,,,vggt | random,891.7499999999999
vggt,100,42,0.0,1000,random,,,,0,10,farthestpose,100,GT Eval,GT Extrinsics,GT Intrinsics,,,,,,,0.0,,vggt,bonsai,,,15000,15000,,MCMC,,,,,,,,,,,gsplat,indoor,24.852943420410156,0.34212034940719604,0.7975001335144043,1000000,1.7124421419503847e-16,1.4751429944226402e-07,,,0.6218613877243775,0.26513046340485613,1000,/home/ojab2/work/git/gsplat/results/vggt_outputs/bonsai_2_n100_s42_c0.0_p1000_random_farthestpose_i100_gteval_gtext_gtint_steps15000/stats/val_step14999.json,/home/ojab2/work/git/gsplat/results/vggt_outputs/bonsai_2_n100_s42_c0.0_p1000_random_farthestpose_i100_gteval_gtext_gtint_steps15000/stats/val_step14999.json,bonsai_2_n100_s42_c0.0_p1000_random_farthestpose_i100_gteval_gtext_gtint_steps15000,0.7897,0.107121,100,,,,/home/ojab2/work/git/vggt/vggt_outputs/bonsai_2_n100_s42_c0.0_p1000_random_farthestpose/eval_results.json,bonsai_2_n100_s42_c0.0_p1000_random_farthestpose,bonsai_2_n100_s42_c0.0_p1000_random_farthestpose_i100_gteval_gtext_gtint_steps15000_val_step14999.json,1000,vggt | random,1025.0
vggt,100,42,0.0,1000,random,,,,0,10,farthestpose,100,GT Eval,GT Extrinsics,GT Intrinsics,,,,,,,0.0,,vggt,kitchen,,,15000,15000,,MCMC,,,,,,,,,,,gsplat,indoor,24.84990119934082,0.23393380641937256,0.8129796981811523,1000000,1.542635726478641e-16,1.0159475039017707e-07,,,0.6976392439544161,0.2232219090834079,1000,/home/ojab2/work/git/gsplat/results/vggt_outputs/kitchen_2_n100_s42_c0.0_p1000_random_farthestpose_i100_gteval_gtext_gtint_steps15000/stats/val_step14999.json,/home/ojab2/work/git/gsplat/results/vggt_outputs/kitchen_2_n100_s42_c0.0_p1000_random_farthestpose_i100_gteval_gtext_gtint_steps15000/stats/val_step14999.json,kitchen_2_n100_s42_c0.0_p1000_random_farthestpose_i100_gteval_gtext_gtint_steps15000,0.3392,0.031011,100,,,,/home/ojab2/work/git/vggt/vggt_outputs/kitchen_2_n100_s42_c0.0_p1000_random_farthestpose/eval_results.json,kitchen_2_n100_s42_c0.0_p1000_random_farthestpose,kitchen_2_n100_s42_c0.0_p1000_random_farthestpose_i100_gteval_gtext_gtint_steps15000_val_step14999.json,1000,vggt | random,1025.0
vggt,100,42,0.0,1000,random,,,,0,10,farthestpose,100,GT Eval,GT Extrinsics,GT Intrinsics,,,,,,,0.0,,vggt,counter,,,15000,15000,,MCMC,,,,,,,,,,,gsplat,indoor,23.650678634643555,0.3448781371116638,0.7898972034454346,1000000,2.092750406146909e-16,1.012565348901262e-06,,,0.5934487290007484,0.2691874565480984,1000,/home/ojab2/work/git/gsplat/results/vggt_outputs/counter_2_n100_s42_c0.0_p1000_random_farthestpose_i100_gteval_gtext_gtint_steps15000/stats/val_step14999.json,/home/ojab2/work/git/gsplat/results/vggt_outputs/counter_2_n100_s42_c0.0_p1000_random_farthestpose_i100_gteval_gtext_gtint_steps15000/stats/val_step14999.json,counter_2_n100_s42_c0.0_p1000_random_farthestpose_i100_gteval_gtext_gtint_steps15000,0.3433,0.032901,100,,,,/home/ojab2/work/git/vggt/vggt_outputs/counter_2_n100_s42_c0.0_p1000_random_farthestpose/eval_results.json,counter_2_n100_s42_c0.0_p1000_random_farthestpose,counter_2_n100_s42_c0.0_p1000_random_farthestpose_i100_gteval_gtext_gtint_steps15000_val_step14999.json,1000,vggt | random,1025.0
vggt,100,42,0.0,1000,random,,,,0,10,farthestpose,100,GT Eval,GT Extrinsics,GT Intrinsics,,,,,,,0.0,,vggt,bicycle,,,15000,15000,,MCMC,,,,,,,,,,,gsplat,outdoor,21.656288146972656,0.5766024589538574,0.48278936743736267,1000000,0.0,0.0,,,0.2338806412450829,0.4342017521137489,1000,/home/ojab2/work/git/gsplat/results/vggt_outputs/bicycle_4_n100_s42_c0.0_p1000_random_farthestpose_i100_gteval_gtext_gtint_steps15000/stats/val_step14999.json,/home/ojab2/work/git/gsplat/results/vggt_outputs/bicycle_4_n100_s42_c0.0_p1000_random_farthestpose_i100_gteval_gtext_gtint_steps15000/stats/val_step14999.json,bicycle_4_n100_s42_c0.0_p1000_random_farthestpose_i100_gteval_gtext_gtint_steps15000,0.857,0.067143,100,,,,/home/ojab2/work/git/vggt/vggt_outputs/bicycle_4_n100_s42_c0.0_p1000_random_farthestpose/eval_results.json,bicycle_4_n100_s42_c0.0_p1000_random_farthestpose,bicycle_4_n100_s42_c0.0_p1000_random_farthestpose_i100_gteval_gtext_gtint_steps15000_val_step14999.json,1000,vggt | random,1025.0
vggt,100,42,0.0,1000,random,,,,0,10,farthestpose,100,GT Eval,GT Extrinsics,GT Intrinsics,,,,,,,0.0,,vggt,garden,,,15000,15000,,MCMC,,,,,,,,,,,gsplat,outdoor,22.3284969329834,0.49191588163375854,0.5660077929496765,1000000,2.140685059423214e-16,1.1232075394218555e-06,,,0.3472703630231742,0.385515551926647,1000,/home/ojab2/work/git/gsplat/results/vggt_outputs/garden_2_n100_s42_c0.0_p1000_random_farthestpose_i100_gteval_gtext_gtint_steps15000/stats/val_step14999.json,/home/ojab2/work/git/gsplat/results/vggt_outputs/garden_2_n100_s42_c0.0_p1000_random_farthestpose_i100_gteval_gtext_gtint_steps15000/stats/val_step14999.json,garden_2_n100_s42_c0.0_p1000_random_farthestpose_i100_gteval_gtext_gtint_steps15000,0.3733,0.026869,100,,,,/home/ojab2/work/git/vggt/vggt_outputs/garden_2_n100_s42_c0.0_p1000_random_farthestpose/eval_results.json,garden_2_n100_s42_c0.0_p1000_random_farthestpose,garden_2_n100_s42_c0.0_p1000_random_farthestpose_i100_gteval_gtext_gtint_steps15000_val_step14999.json,1000,vggt | random,1025.0
vggt,100,42,0.0,1000,random,,,,0,10,farthestpose,100,GT Eval,GT Extrinsics,GT Intrinsics,,,,,,,0.0,,vggt,stump,,,15000,15000,,MCMC,,,,,,,,,,,gsplat,outdoor,23.28730583190918,0.5615071654319763,0.629551351070404,1000000,2.4327278583044097e-16,2.346671863051597e-06,,,0.3592284762913567,0.3916143789716516,1000,/home/ojab2/work/git/gsplat/results/vggt_outputs/stump_2_n100_s42_c0.0_p1000_random_farthestpose_i100_gteval_gtext_gtint_steps15000/stats/val_step14999.json,/home/ojab2/work/git/gsplat/results/vggt_outputs/stump_2_n100_s42_c0.0_p1000_random_farthestpose_i100_gteval_gtext_gtint_steps15000/stats/val_step14999.json,stump_2_n100_s42_c0.0_p1000_random_farthestpose_i100_gteval_gtext_gtint_steps15000,0.8558,0.162829,100,,,,/home/ojab2/work/git/vggt/vggt_outputs/stump_2_n100_s42_c0.0_p1000_random_farthestpose/eval_results.json,stump_2_n100_s42_c0.0_p1000_random_farthestpose,stump_2_n100_s42_c0.0_p1000_random_farthestpose_i100_gteval_gtext_gtint_steps15000_val_step14999.json,1000,vggt | random,1025.0
vggt,87,42,0.0,4350,random,,,,0,10,farthestpose,87,GT Eval,GT Extrinsics,GT Intrinsics,,,,,,,0.0,,vggt,lego,,,15000,15000,,MCMC,,,,,,,,,,,gsplat,synthetic,32.95500564575195,0.03507247939705849,0.9786287546157837,1000000,3.1058715589323026e-16,0.009560161270201206,0.07824025303125381,0.01848285272717476,1.0673584695457636,0.060589320060475044,4350,/home/ojab2/work/git/gsplat/results/vggt_outputs/lego_1_n87_s42_c0.0_p4350_random_farthestpose_i87_gteval_gtext_gtint_steps15000/stats/val_step14999.json,/home/ojab2/work/git/gsplat/results/vggt_outputs/lego_1_n87_s42_c0.0_p4350_random_farthestpose_i87_gteval_gtext_gtint_steps15000/stats/val_step14999.json,lego_1_n87_s42_c0.0_p4350_random_farthestpose_i87_gteval_gtext_gtint_steps15000,0.3306,0.018825,87,0.0469,0.0133,0.1174,/home/ojab2/work/git/vggt/vggt_outputs/lego_1_n87_s42_c0.0_p4350_random_farthestpose/eval_results.json,lego_1_n87_s42_c0.0_p4350_random_farthestpose,lego_1_n87_s42_c0.0_p4350_random_farthestpose_i87_gteval_gtext_gtint_steps15000_val_step14999.json,4350,vggt | random,4458.75
vggt,87,42,0.0,4350,random,,,,0,10,farthestpose,,,,,,,,,,,0.0,,vggt,ship,,,,,,MCMC,,,,,,,,,,,sfm,synthetic,,,,,,,,,,,,/home/ojab2/work/git/vggt/vggt_outputs/ship_1_n87_s42_c0.0_p4350_random_farthestpose/eval_results.json,,ship_1_n87_s42_c0.0_p4350_random_farthestpose,0.4869,0.027807,87,0.1056,0.0284,0.2389,/home/ojab2/work/git/vggt/vggt_outputs/ship_1_n87_s42_c0.0_p4350_random_farthestpose/eval_results.json,ship_1_n87_s42_c0.0_p4350_random_farthestpose,,,vggt | random,4458.75
vggt,87,42,0.0,4350,random,,,,0,10,farthestpose,,,,,,,,,,,0.0,,vggt,drums,,,,,,MCMC,,,,,,,,,,,sfm,synthetic,,,,,,,,,,,,/home/ojab2/work/git/vggt/vggt_outputs/drums_1_n87_s42_c0.0_p4350_random_farthestpose/eval_results.json,,drums_1_n87_s42_c0.0_p4350_random_farthestpose,0.173,0.01002,87,,,,/home/ojab2/work/git/vggt/vggt_outputs/drums_1_n87_s42_c0.0_p4350_random_farthestpose/eval_results.json,drums_1_n87_s42_c0.0_p4350_random_farthestpose,,,vggt | random,4458.75
vggt,100,42,0.0,5000,random,,,,0,10,farthestpose,100,GT Eval,GT Extrinsics,GT Intrinsics,,,,,,,0.0,,vggt,bonsai,,,15000,15000,,MCMC,,,,,,,,,,,gsplat,indoor,26.102811813354492,0.2530997395515442,0.8389427065849304,1000000,2.837618871514826e-16,3.2832147667249956e-07,,,0.7241935152911458,0.2189574334365278,5000,/home/ojab2/work/git/gsplat/results/vggt_outputs/bonsai_2_n100_s42_c0.0_p5000_random_farthestpose_i100_gteval_gtext_gtint_steps15000/stats/val_step14999.json,/home/ojab2/work/git/gsplat/results/vggt_outputs/bonsai_2_n100_s42_c0.0_p5000_random_farthestpose_i100_gteval_gtext_gtint_steps15000/stats/val_step14999.json,bonsai_2_n100_s42_c0.0_p5000_random_farthestpose_i100_gteval_gtext_gtint_steps15000,0.7897,0.107121,100,,,,/home/ojab2/work/git/vggt/vggt_outputs/bonsai_2_n100_s42_c0.0_p5000_random_farthestpose/eval_results.json,bonsai_2_n100_s42_c0.0_p5000_random_farthestpose,bonsai_2_n100_s42_c0.0_p5000_random_farthestpose_i100_gteval_gtext_gtint_steps15000_val_step14999.json,5000,vggt | random,5125.0
vggt,100,42,0.0,5000,random,,,,0,10,farthestpose,100,GT Eval,GT Extrinsics,GT Intrinsics,,,,,,,0.0,,vggt,kitchen,,,15000,15000,,MCMC,,,,,,,,,,,gsplat,indoor,26.08895492553711,0.16061392426490784,0.8721027374267578,1000000,2.635817771694021e-16,1.1796116723417072e-06,,,0.8004187465953392,0.17356738388516146,5000,/home/ojab2/work/git/gsplat/results/vggt_outputs/kitchen_2_n100_s42_c0.0_p5000_random_farthestpose_i100_gteval_gtext_gtint_steps15000/stats/val_step14999.json,/home/ojab2/work/git/gsplat/results/vggt_outputs/kitchen_2_n100_s42_c0.0_p5000_random_farthestpose_i100_gteval_gtext_gtint_steps15000/stats/val_step14999.json,kitchen_2_n100_s42_c0.0_p5000_random_farthestpose_i100_gteval_gtext_gtint_steps15000,0.3392,0.031011,100,,,,/home/ojab2/work/git/vggt/vggt_outputs/kitchen_2_n100_s42_c0.0_p5000_random_farthestpose/eval_results.json,kitchen_2_n100_s42_c0.0_p5000_random_farthestpose,kitchen_2_n100_s42_c0.0_p5000_random_farthestpose_i100_gteval_gtext_gtint_steps15000_val_step14999.json,5000,vggt | random,5125.0
vggt,100,42,0.0,5000,random,,,,0,10,farthestpose,100,GT Eval,GT Extrinsics,GT Intrinsics,,,,,,,0.0,,vggt,counter,,,15000,15000,,MCMC,,,,,,,,,,,gsplat,indoor,24.83662223815918,0.2373378872871399,0.8402734398841858,1000000,2.2027457076306584e-16,1.1990643997705774e-06,,,0.7112533052375053,0.21342648232850353,5000,/home/ojab2/work/git/gsplat/results/vggt_outputs/counter_2_n100_s42_c0.0_p5000_random_farthestpose_i100_gteval_gtext_gtint_steps15000/stats/val_step14999.json,/home/ojab2/work/git/gsplat/results/vggt_outputs/counter_2_n100_s42_c0.0_p5000_random_farthestpose_i100_gteval_gtext_gtint_steps15000/stats/val_step14999.json,counter_2_n100_s42_c0.0_p5000_random_farthestpose_i100_gteval_gtext_gtint_steps15000,0.3433,0.032901,100,,,,/home/ojab2/work/git/vggt/vggt_outputs/counter_2_n100_s42_c0.0_p5000_random_farthestpose/eval_results.json,counter_2_n100_s42_c0.0_p5000_random_farthestpose,counter_2_n100_s42_c0.0_p5000_random_farthestpose_i100_gteval_gtext_gtint_steps15000_val_step14999.json,5000,vggt | random,5125.0
vggt,100,42,0.0,5000,random,,,,0,10,farthestpose,100,GT Eval,GT Extrinsics,GT Intrinsics,,,,,,,0.0,,vggt,bicycle,,,15000,15000,,MCMC,,,,,,,,,,,gsplat,outdoor,22.492956161499023,0.42037561535835266,0.5662214756011963,1000000,0.0,0.0,,,0.3946015231016009,0.3615422684443668,5000,/home/ojab2/work/git/gsplat/results/vggt_outputs/bicycle_4_n100_s42_c0.0_p5000_random_farthestpose_i100_gteval_gtext_gtint_steps15000/stats/val_step14999.json,/home/ojab2/work/git/gsplat/results/vggt_outputs/bicycle_4_n100_s42_c0.0_p5000_random_farthestpose_i100_gteval_gtext_gtint_steps15000/stats/val_step14999.json,bicycle_4_n100_s42_c0.0_p5000_random_farthestpose_i100_gteval_gtext_gtint_steps15000,0.857,0.067143,100,,,,/home/ojab2/work/git/vggt/vggt_outputs/bicycle_4_n100_s42_c0.0_p5000_random_farthestpose/eval_results.json,bicycle_4_n100_s42_c0.0_p5000_random_farthestpose,bicycle_4_n100_s42_c0.0_p5000_random_farthestpose_i100_gteval_gtext_gtint_steps15000_val_step14999.json,5000,vggt | random,5125.0
vggt,100,42,0.0,5000,random,,,,0,10,farthestpose,100,GT Eval,GT Extrinsics,GT Intrinsics,,,,,,,0.0,,vggt,garden,,,15000,15000,,MCMC,,,,,,,,,,,gsplat,outdoor,23.349838256835938,0.36721527576446533,0.6362857818603516,1000000,1.432490606042346e-16,5.325454139892827e-07,,,0.4842580130070816,0.32497549914320156,5000,/home/ojab2/work/git/gsplat/results/vggt_outputs/garden_2_n100_s42_c0.0_p5000_random_farthestpose_i100_gteval_gtext_gtint_steps15000/stats/val_step14999.json,/home/ojab2/work/git/gsplat/results/vggt_outputs/garden_2_n100_s42_c0.0_p5000_random_farthestpose_i100_gteval_gtext_gtint_steps15000/stats/val_step14999.json,garden_2_n100_s42_c0.0_p5000_random_farthestpose_i100_gteval_gtext_gtint_steps15000,0.3733,0.026869,100,,,,/home/ojab2/work/git/vggt/vggt_outputs/garden_2_n100_s42_c0.0_p5000_random_farthestpose/eval_results.json,garden_2_n100_s42_c0.0_p5000_random_farthestpose,garden_2_n100_s42_c0.0_p5000_random_farthestpose_i100_gteval_gtext_gtint_steps15000_val_step14999.json,5000,vggt | random,5125.0
vggt,100,42,0.0,5000,random,,,,0,10,farthestpose,100,GT Eval,GT Extrinsics,GT Intrinsics,,,,,,,0.0,,vggt,stump,,,15000,15000,,MCMC,,,,,,,,,,,gsplat,outdoor,24.78335189819336,0.41495051980018616,0.6986602544784546,1000000,1.7802323063015145e-16,1.0185539167650859e-06,,,0.5178146616757264,0.3224062528970826,5000,/home/ojab2/work/git/gsplat/results/vggt_outputs/stump_2_n100_s42_c0.0_p5000_random_farthestpose_i100_gteval_gtext_gtint_steps15000/stats/val_step14999.json,/home/ojab2/work/git/gsplat/results/vggt_outputs/stump_2_n100_s42_c0.0_p5000_random_farthestpose_i100_gteval_gtext_gtint_steps15000/stats/val_step14999.json,stump_2_n100_s42_c0.0_p5000_random_farthestpose_i100_gteval_gtext_gtint_steps15000,0.8558,0.162829,100,,,,/home/ojab2/work/git/vggt/vggt_outputs/stump_2_n100_s42_c0.0_p5000_random_farthestpose/eval_results.json,stump_2_n100_s42_c0.0_p5000_random_farthestpose,stump_2_n100_s42_c0.0_p5000_random_farthestpose_i100_gteval_gtext_gtint_steps15000_val_step14999.json,5000,vggt | random,5125.0
vggt,87,42,0.0,8700,random,,,,0,10,farthestpose,87,GT Eval,GT Extrinsics,GT Intrinsics,,,,,,,0.0,,vggt,lego,,,15000,15000,,MCMC,,,,,,,,,,,gsplat,synthetic,33.12849426269531,0.03347594663500786,0.979841411113739,1000000,2.4410563097582876e-16,0.009554735384881496,0.07680182158946991,0.01814933679997921,1.0722658916087875,0.05864782267192982,8700,/home/ojab2/work/git/gsplat/results/vggt_outputs/lego_1_n87_s42_c0.0_p8700_random_farthestpose_i87_gteval_gtext_gtint_steps15000/stats/val_step14999.json,/home/ojab2/work/git/gsplat/results/vggt_outputs/lego_1_n87_s42_c0.0_p8700_random_farthestpose_i87_gteval_gtext_gtint_steps15000/stats/val_step14999.json,lego_1_n87_s42_c0.0_p8700_random_farthestpose_i87_gteval_gtext_gtint_steps15000,0.3306,0.018825,87,0.0469,0.0133,0.1174,/home/ojab2/work/git/vggt/vggt_outputs/lego_1_n87_s42_c0.0_p8700_random_farthestpose/eval_results.json,lego_1_n87_s42_c0.0_p8700_random_farthestpose,lego_1_n87_s42_c0.0_p8700_random_farthestpose_i87_gteval_gtext_gtint_steps15000_val_step14999.json,8700,vggt | random,8917.5
vggt,87,42,0.0,8700,random,,,,0,10,farthestpose,,,,,,,,,,,0.0,,vggt,ship,,,,,,MCMC,,,,,,,,,,,sfm,synthetic,,,,,,,,,,,,/home/ojab2/work/git/vggt/vggt_outputs/ship_1_n87_s42_c0.0_p8700_random_farthestpose/eval_results.json,,ship_1_n87_s42_c0.0_p8700_random_farthestpose,0.4869,0.027807,87,0.1056,0.0284,0.2389,/home/ojab2/work/git/vggt/vggt_outputs/ship_1_n87_s42_c0.0_p8700_random_farthestpose/eval_results.json,ship_1_n87_s42_c0.0_p8700_random_farthestpose,,,vggt | random,8917.5
vggt,87,42,0.0,8700,random,,,,0,10,farthestpose,,,,,,,,,,,0.0,,vggt,drums,,,,,,MCMC,,,,,,,,,,,sfm,synthetic,,,,,,,,,,,,/home/ojab2/work/git/vggt/vggt_outputs/drums_1_n87_s42_c0.0_p8700_random_farthestpose/eval_results.json,,drums_1_n87_s42_c0.0_p8700_random_farthestpose,0.173,0.01002,87,,,,/home/ojab2/work/git/vggt/vggt_outputs/drums_1_n87_s42_c0.0_p8700_random_farthestpose/eval_results.json,drums_1_n87_s42_c0.0_p8700_random_farthestpose,,,vggt | random,8917.5
vggt,100,42,0.0,10000,random,,,,0,10,farthestpose,100,GT Eval,GT Extrinsics,GT Intrinsics,,,,,,,0.0,,vggt,bonsai,,,15000,15000,,MCMC,,,,,,,,,,,gsplat,indoor,26.495908737182617,0.23313719034194946,0.8478267788887024,1000000,1.5970336381891903e-16,1.4751429944226402e-07,,,0.7489910131154547,0.20849062779393948,10000,/home/ojab2/work/git/gsplat/results/vggt_outputs/bonsai_2_n100_s42_c0.0_p10000_random_farthestpose_i100_gteval_gtext_gtint_steps15000/stats/val_step14999.json,/home/ojab2/work/git/gsplat/results/vggt_outputs/bonsai_2_n100_s42_c0.0_p10000_random_farthestpose_i100_gteval_gtext_gtint_steps15000/stats/val_step14999.json,bonsai_2_n100_s42_c0.0_p10000_random_farthestpose_i100_gteval_gtext_gtint_steps15000,0.7897,0.107121,100,,,,/home/ojab2/work/git/vggt/vggt_outputs/bonsai_2_n100_s42_c0.0_p10000_random_farthestpose/eval_results.json,bonsai_2_n100_s42_c0.0_p10000_random_farthestpose,bonsai_2_n100_s42_c0.0_p10000_random_farthestpose_i100_gteval_gtext_gtint_steps15000_val_step14999.json,10000,vggt | random,10250.0
vggt,100,42,0.0,10000,random,,,,0,10,farthestpose,100,GT Eval,GT Extrinsics,GT Intrinsics,,,,,,,0.0,,vggt,kitchen,,,15000,15000,,MCMC,,,,,,,,,,,gsplat,indoor,26.189146041870117,0.1440441906452179,0.8844283223152161,1000000,1.7925745027852957e-16,3.736386418040638e-07,,,0.8197103126471967,0.16213579108309617,10000,/home/ojab2/work/git/gsplat/results/vggt_outputs/kitchen_2_n100_s42_c0.0_p10000_random_farthestpose_i100_gteval_gtext_gtint_steps15000/stats/val_step14999.json,/home/ojab2/work/git/gsplat/results/vggt_outputs/kitchen_2_n100_s42_c0.0_p10000_random_farthestpose_i100_gteval_gtext_gtint_steps15000/stats/val_step14999.json,kitchen_2_n100_s42_c0.0_p10000_random_farthestpose_i100_gteval_gtext_gtint_steps15000,0.3392,0.031011,100,,,,/home/ojab2/work/git/vggt/vggt_outputs/kitchen_2_n100_s42_c0.0_p10000_random_farthestpose/eval_results.json,kitchen_2_n100_s42_c0.0_p10000_random_farthestpose,kitchen_2_n100_s42_c0.0_p10000_random_farthestpose_i100_gteval_gtext_gtint_steps15000_val_step14999.json,10000,vggt | random,10250.0
vggt,100,42,0.0,10000,random,,,,0,10,farthestpose,100,GT Eval,GT Extrinsics,GT Intrinsics,,,,,,,0.0,,vggt,counter,,,15000,15000,,MCMC,,,,,,,,,,,gsplat,indoor,25.13483238220215,0.21219483017921448,0.8530247211456299,1000000,4.2697790023588447e-16,1.3544480452765129e-06,,,0.739753010561127,0.19954466306469898,10000,/home/ojab2/work/git/gsplat/results/vggt_outputs/counter_2_n100_s42_c0.0_p10000_random_farthestpose_i100_gteval_gtext_gtint_steps15000/stats/val_step14999.json,/home/ojab2/work/git/gsplat/results/vggt_outputs/counter_2_n100_s42_c0.0_p10000_random_farthestpose_i100_gteval_gtext_gtint_steps15000/stats/val_step14999.json,counter_2_n100_s42_c0.0_p10000_random_farthestpose_i100_gteval_gtext_gtint_steps15000,0.3433,0.032901,100,,,,/home/ojab2/work/git/vggt/vggt_outputs/counter_2_n100_s42_c0.0_p10000_random_farthestpose/eval_results.json,counter_2_n100_s42_c0.0_p10000_random_farthestpose,counter_2_n100_s42_c0.0_p10000_random_farthestpose_i100_gteval_gtext_gtint_steps15000_val_step14999.json,10000,vggt | random,10250.0
vggt,100,42,0.0,10000,random,,,,0,10,farthestpose,100,GT Eval,GT Extrinsics,GT Intrinsics,,,,,,,0.0,,vggt,bicycle,,,15000,15000,,MCMC,,,,,,,,,,,gsplat,outdoor,22.74217414855957,0.36722230911254883,0.5959244966506958,1000000,0.0,0.0,,,0.449397541626155,0.33607002115504914,10000,/home/ojab2/work/git/gsplat/results/vggt_outputs/bicycle_4_n100_s42_c0.0_p10000_random_farthestpose_i100_gteval_gtext_gtint_steps15000/stats/val_step14999.json,/home/ojab2/work/git/gsplat/results/vggt_outputs/bicycle_4_n100_s42_c0.0_p10000_random_farthestpose_i100_gteval_gtext_gtint_steps15000/stats/val_step14999.json,bicycle_4_n100_s42_c0.0_p10000_random_farthestpose_i100_gteval_gtext_gtint_steps15000,0.857,0.067143,100,,,,/home/ojab2/work/git/vggt/vggt_outputs/bicycle_4_n100_s42_c0.0_p10000_random_farthestpose/eval_results.json,bicycle_4_n100_s42_c0.0_p10000_random_farthestpose,bicycle_4_n100_s42_c0.0_p10000_random_farthestpose_i100_gteval_gtext_gtint_steps15000_val_step14999.json,10000,vggt | random,10250.0
vggt,100,42,0.0,10000,random,,,,0,10,farthestpose,100,GT Eval,GT Extrinsics,GT Intrinsics,,,,,,,0.0,,vggt,garden,,,15000,15000,,MCMC,,,,,,,,,,,gsplat,outdoor,23.596782684326172,0.33171525597572327,0.6595603227615356,1000000,8.697260848768761e-17,8.905628874344984e-07,,,0.5243554930550622,0.30651857902174096,10000,/home/ojab2/work/git/gsplat/results/vggt_outputs/garden_2_n100_s42_c0.0_p10000_random_farthestpose_i100_gteval_gtext_gtint_steps15000/stats/val_step14999.json,/home/ojab2/work/git/gsplat/results/vggt_outputs/garden_2_n100_s42_c0.0_p10000_random_farthestpose_i100_gteval_gtext_gtint_steps15000/stats/val_step14999.json,garden_2_n100_s42_c0.0_p10000_random_farthestpose_i100_gteval_gtext_gtint_steps15000,0.3733,0.026869,100,,,,/home/ojab2/work/git/vggt/vggt_outputs/garden_2_n100_s42_c0.0_p10000_random_farthestpose/eval_results.json,garden_2_n100_s42_c0.0_p10000_random_farthestpose,garden_2_n100_s42_c0.0_p10000_random_farthestpose_i100_gteval_gtext_gtint_steps15000_val_step14999.json,10000,vggt | random,10250.0
vggt,100,42,0.0,10000,random,,,,0,10,farthestpose,100,GT Eval,GT Extrinsics,GT Intrinsics,,,,,,,0.0,,vggt,stump,,,15000,15000,,MCMC,,,,,,,,,,,gsplat,outdoor,25.3549747467041,0.36834046244621277,0.7232985496520996,1000000,1.9158359284098236e-16,2.6051668555737706e-06,,,0.5715802700741094,0.2990929137717755,10000,/home/ojab2/work/git/gsplat/results/vggt_outputs/stump_2_n100_s42_c0.0_p10000_random_farthestpose_i100_gteval_gtext_gtint_steps15000/stats/val_step14999.json,/home/ojab2/work/git/gsplat/results/vggt_outputs/stump_2_n100_s42_c0.0_p10000_random_farthestpose_i100_gteval_gtext_gtint_steps15000/stats/val_step14999.json,stump_2_n100_s42_c0.0_p10000_random_farthestpose_i100_gteval_gtext_gtint_steps15000,0.8558,0.162829,100,,,,/home/ojab2/work/git/vggt/vggt_outputs/stump_2_n100_s42_c0.0_p10000_random_farthestpose/eval_results.json,stump_2_n100_s42_c0.0_p10000_random_farthestpose,stump_2_n100_s42_c0.0_p10000_random_farthestpose_i100_gteval_gtext_gtint_steps15000_val_step14999.json,10000,vggt | random,10250.0
vggt,87,42,0.0,43500,random,,,,0,10,farthestpose,87,GT Eval,GT Extrinsics,GT Intrinsics,,,,,,,0.0,,vggt,lego,,,15000,15000,,MCMC,,,,,,,,,,,gsplat,synthetic,33.27335739135742,0.032117944210767746,0.980728030204773,1000000,3.131115523040645e-16,0.009513764642179012,0.07464680820703506,0.01764816977083683,1.0763053059374612,0.05713735930156089,43500,/home/ojab2/work/git/gsplat/results/vggt_outputs/lego_1_n87_s42_c0.0_p43500_random_farthestpose_i87_gteval_gtext_gtint_steps15000/stats/val_step14999.json,/home/ojab2/work/git/gsplat/results/vggt_outputs/lego_1_n87_s42_c0.0_p43500_random_farthestpose_i87_gteval_gtext_gtint_steps15000/stats/val_step14999.json,lego_1_n87_s42_c0.0_p43500_random_farthestpose_i87_gteval_gtext_gtint_steps15000,0.3306,0.018825,87,0.0469,0.0133,0.1174,/home/ojab2/work/git/vggt/vggt_outputs/lego_1_n87_s42_c0.0_p43500_random_farthestpose/eval_results.json,lego_1_n87_s42_c0.0_p43500_random_farthestpose,lego_1_n87_s42_c0.0_p43500_random_farthestpose_i87_gteval_gtext_gtint_steps15000_val_step14999.json,43500,vggt | random,44587.49999999999
vggt,87,42,0.0,43500,random,,,,0,10,farthestpose,,,,,,,,,,,0.0,,vggt,ship,,,,,,MCMC,,,,,,,,,,,sfm,synthetic,,,,,,,,,,,,/home/ojab2/work/git/vggt/vggt_outputs/ship_1_n87_s42_c0.0_p43500_random_farthestpose/eval_results.json,,ship_1_n87_s42_c0.0_p43500_random_farthestpose,0.4869,0.027807,87,0.1056,0.0284,0.2389,/home/ojab2/work/git/vggt/vggt_outputs/ship_1_n87_s42_c0.0_p43500_random_farthestpose/eval_results.json,ship_1_n87_s42_c0.0_p43500_random_farthestpose,,,vggt | random,44587.49999999999
vggt,87,42,0.0,43500,random,,,,0,10,farthestpose,,,,,,,,,,,0.0,,vggt,drums,,,,,,MCMC,,,,,,,,,,,sfm,synthetic,,,,,,,,,,,,/home/ojab2/work/git/vggt/vggt_outputs/drums_1_n87_s42_c0.0_p43500_random_farthestpose/eval_results.json,,drums_1_n87_s42_c0.0_p43500_random_farthestpose,0.173,0.01002,87,,,,/home/ojab2/work/git/vggt/vggt_outputs/drums_1_n87_s42_c0.0_p43500_random_farthestpose/eval_results.json,drums_1_n87_s42_c0.0_p43500_random_farthestpose,,,vggt | random,44587.49999999999
vggt,100,42,0.0,50000,random,,,,0,10,farthestpose,100,GT Eval,GT Extrinsics,GT Intrinsics,,,,,,,0.0,,vggt,bonsai,,,15000,15000,,MCMC,,,,,,,,,,,gsplat,indoor,26.382709503173828,0.21233366429805756,0.8441528081893921,1000000,1.6565321440800885e-16,1.1492983276184532e-06,,,0.7575878928705342,0.20313617763576855,50000,/home/ojab2/work/git/gsplat/results/vggt_outputs/bonsai_2_n100_s42_c0.0_p50000_random_farthestpose_i100_gteval_gtext_gtint_steps15000/stats/val_step14999.json,/home/ojab2/work/git/gsplat/results/vggt_outputs/bonsai_2_n100_s42_c0.0_p50000_random_farthestpose_i100_gteval_gtext_gtint_steps15000/stats/val_step14999.json,bonsai_2_n100_s42_c0.0_p50000_random_farthestpose_i100_gteval_gtext_gtint_steps15000,0.7897,0.107121,100,,,,/home/ojab2/work/git/vggt/vggt_outputs/bonsai_2_n100_s42_c0.0_p50000_random_farthestpose/eval_results.json,bonsai_2_n100_s42_c0.0_p50000_random_farthestpose,bonsai_2_n100_s42_c0.0_p50000_random_farthestpose_i100_gteval_gtext_gtint_steps15000_val_step14999.json,50000,vggt | random,51249.99999999999
vggt,100,42,0.0,50000,random,,,,0,10,farthestpose,100,GT Eval,GT Extrinsics,GT Intrinsics,,,,,,,0.0,,vggt,kitchen,,,15000,15000,,MCMC,,,,,,,,,,,gsplat,indoor,25.981637954711914,0.132106751203537,0.8898636102676392,1000000,1.761115037379781e-16,7.24450970324142e-08,,,0.8264148910375599,0.15549910367138176,50000,/home/ojab2/work/git/gsplat/results/vggt_outputs/kitchen_2_n100_s42_c0.0_p50000_random_farthestpose_i100_gteval_gtext_gtint_steps15000/stats/val_step14999.json,/home/ojab2/work/git/gsplat/results/vggt_outputs/kitchen_2_n100_s42_c0.0_p50000_random_farthestpose_i100_gteval_gtext_gtint_steps15000/stats/val_step14999.json,kitchen_2_n100_s42_c0.0_p50000_random_farthestpose_i100_gteval_gtext_gtint_steps15000,0.3392,0.031011,100,,,,/home/ojab2/work/git/vggt/vggt_outputs/kitchen_2_n100_s42_c0.0_p50000_random_farthestpose/eval_results.json,kitchen_2_n100_s42_c0.0_p50000_random_farthestpose,kitchen_2_n100_s42_c0.0_p50000_random_farthestpose_i100_gteval_gtext_gtint_steps15000_val_step14999.json,50000,vggt | random,51249.99999999999
vggt,100,42,0.0,50000,random,,,,0,10,farthestpose,100,GT Eval,GT Extrinsics,GT Intrinsics,,,,,,,0.0,,vggt,counter,,,15000,15000,,MCMC,,,,,,,,,,,gsplat,indoor,25.13532066345215,0.189961239695549,0.8585314154624939,1000000,2.0373975971372285e-16,8.356840339729388e-07,,,0.7567067804508507,0.18971653387569581,50000,/home/ojab2/work/git/gsplat/results/vggt_outputs/counter_2_n100_s42_c0.0_p50000_random_farthestpose_i100_gteval_gtext_gtint_steps15000/stats/val_step14999.json,/home/ojab2/work/git/gsplat/results/vggt_outputs/counter_2_n100_s42_c0.0_p50000_random_farthestpose_i100_gteval_gtext_gtint_steps15000/stats/val_step14999.json,counter_2_n100_s42_c0.0_p50000_random_farthestpose_i100_gteval_gtext_gtint_steps15000,0.3433,0.032901,100,,,,/home/ojab2/work/git/vggt/vggt_outputs/counter_2_n100_s42_c0.0_p50000_random_farthestpose/eval_results.json,counter_2_n100_s42_c0.0_p50000_random_farthestpose,counter_2_n100_s42_c0.0_p50000_random_farthestpose_i100_gteval_gtext_gtint_steps15000_val_step14999.json,50000,vggt | random,51249.99999999999
vggt,100,42,0.0,50000,random,,,,0,10,farthestpose,100,GT Eval,GT Extrinsics,GT Intrinsics,,,,,,,0.0,,vggt,bicycle,,,15000,15000,,MCMC,,,,,,,,,,,gsplat,outdoor,22.829973220825195,0.2726561725139618,0.6339620351791382,1000000,0.0,0.0,,,0.5316417833440408,0.29429295546525874,50000,/home/ojab2/work/git/gsplat/results/vggt_outputs/bicycle_4_n100_s42_c0.0_p50000_random_farthestpose_i100_gteval_gtext_gtint_steps15000/stats/val_step14999.json,/home/ojab2/work/git/gsplat/results/vggt_outputs/bicycle_4_n100_s42_c0.0_p50000_random_farthestpose_i100_gteval_gtext_gtint_steps15000/stats/val_step14999.json,bicycle_4_n100_s42_c0.0_p50000_random_farthestpose_i100_gteval_gtext_gtint_steps15000,0.857,0.067143,100,,,,/home/ojab2/work/git/vggt/vggt_outputs/bicycle_4_n100_s42_c0.0_p50000_random_farthestpose/eval_results.json,bicycle_4_n100_s42_c0.0_p50000_random_farthestpose,bicycle_4_n100_s42_c0.0_p50000_random_farthestpose_i100_gteval_gtext_gtint_steps15000_val_step14999.json,50000,vggt | random,51249.99999999999
vggt,100,42,0.0,50000,random,,,,0,10,farthestpose,100,GT Eval,GT Extrinsics,GT Intrinsics,,,,,,,0.0,,vggt,garden,,,15000,15000,,MCMC,,,,,,,,,,,gsplat,outdoor,23.905128479003906,0.2669948935508728,0.7004148960113525,1000000,1.8506288175011254e-16,1.938065906870179e-06,,,0.5939080046708898,0.27280252282311335,50000,/home/ojab2/work/git/gsplat/results/vggt_outputs/garden_2_n100_s42_c0.0_p50000_random_farthestpose_i100_gteval_gtext_gtint_steps15000/stats/val_step14999.json,/home/ojab2/work/git/gsplat/results/vggt_outputs/garden_2_n100_s42_c0.0_p50000_random_farthestpose_i100_gteval_gtext_gtint_steps15000/stats/val_step14999.json,garden_2_n100_s42_c0.0_p50000_random_farthestpose_i100_gteval_gtext_gtint_steps15000,0.3733,0.026869,100,,,,/home/ojab2/work/git/vggt/vggt_outputs/garden_2_n100_s42_c0.0_p50000_random_farthestpose/eval_results.json,garden_2_n100_s42_c0.0_p50000_random_farthestpose,garden_2_n100_s42_c0.0_p50000_random_farthestpose_i100_gteval_gtext_gtint_steps15000_val_step14999.json,50000,vggt | random,51249.99999999999
vggt,100,42,0.0,50000,random,,,,0,10,farthestpose,100,GT Eval,GT Extrinsics,GT Intrinsics,,,,,,,0.0,,vggt,stump,,,15000,15000,,MCMC,,,,,,,,,,,gsplat,outdoor,25.969383239746094,0.2924039959907532,0.7554945945739746,1000000,1.6800073975154454e-16,2.107769205395016e-06,,,0.6486606635855265,0.2631361772223844,50000,/home/ojab2/work/git/gsplat/results/vggt_outputs/stump_2_n100_s42_c0.0_p50000_random_farthestpose_i100_gteval_gtext_gtint_steps15000/stats/val_step14999.json,/home/ojab2/work/git/gsplat/results/vggt_outputs/stump_2_n100_s42_c0.0_p50000_random_farthestpose_i100_gteval_gtext_gtint_steps15000/stats/val_step14999.json,stump_2_n100_s42_c0.0_p50000_random_farthestpose_i100_gteval_gtext_gtint_steps15000,0.8558,0.162829,100,,,,/home/ojab2/work/git/vggt/vggt_outputs/stump_2_n100_s42_c0.0_p50000_random_farthestpose/eval_results.json,stump_2_n100_s42_c0.0_p50000_random_farthestpose,stump_2_n100_s42_c0.0_p50000_random_farthestpose_i100_gteval_gtext_gtint_steps15000_val_step14999.json,50000,vggt | random,51249.99999999999
vggt,87,42,0.0,87000,random,,,,0,10,farthestpose,87,GT Eval,GT Extrinsics,GT Intrinsics,,,,,,,0.0,,vggt,lego,,,15000,15000,,MCMC,,,,,,,,,,,gsplat,synthetic,33.30177307128906,0.031975213438272476,0.9807279109954834,1000000,4.0672828061256994e-16,0.00951303355395794,0.07393798977136612,0.01747807301580906,1.0769195579345774,0.05708890244596826,87000,/home/ojab2/work/git/gsplat/results/vggt_outputs/lego_1_n87_s42_c0.0_p87000_random_farthestpose_i87_gteval_gtext_gtint_steps15000/stats/val_step14999.json,/home/ojab2/work/git/gsplat/results/vggt_outputs/lego_1_n87_s42_c0.0_p87000_random_farthestpose_i87_gteval_gtext_gtint_steps15000/stats/val_step14999.json,lego_1_n87_s42_c0.0_p87000_random_farthestpose_i87_gteval_gtext_gtint_steps15000,0.3306,0.018825,87,0.0469,0.0133,0.1174,/home/ojab2/work/git/vggt/vggt_outputs/lego_1_n87_s42_c0.0_p87000_random_farthestpose/eval_results.json,lego_1_n87_s42_c0.0_p87000_random_farthestpose,lego_1_n87_s42_c0.0_p87000_random_farthestpose_i87_gteval_gtext_gtint_steps15000_val_step14999.json,87000,vggt | random,89174.99999999999
vggt,87,42,0.0,87000,random,,,,0,10,farthestpose,,,,,,,,,,,0.0,,vggt,ship,,,,,,MCMC,,,,,,,,,,,sfm,synthetic,,,,,,,,,,,,/home/ojab2/work/git/vggt/vggt_outputs/ship_1_n87_s42_c0.0_p87000_random_farthestpose/eval_results.json,,ship_1_n87_s42_c0.0_p87000_random_farthestpose,0.4869,0.027807,87,0.1056,0.0284,0.2389,/home/ojab2/work/git/vggt/vggt_outputs/ship_1_n87_s42_c0.0_p87000_random_farthestpose/eval_results.json,ship_1_n87_s42_c0.0_p87000_random_farthestpose,,,vggt | random,89174.99999999999
vggt,87,42,0.0,87000,random,,,,0,10,farthestpose,,,,,,,,,,,0.0,,vggt,drums,,,,,,MCMC,,,,,,,,,,,sfm,synthetic,,,,,,,,,,,,/home/ojab2/work/git/vggt/vggt_outputs/drums_1_n87_s42_c0.0_p87000_random_farthestpose/eval_results.json,,drums_1_n87_s42_c0.0_p87000_random_farthestpose,0.173,0.01002,87,,,,/home/ojab2/work/git/vggt/vggt_outputs/drums_1_n87_s42_c0.0_p87000_random_farthestpose/eval_results.json,drums_1_n87_s42_c0.0_p87000_random_farthestpose,,,vggt | random,89174.99999999999
vggt,100,42,0.0,100000,random,,,,0,10,farthestpose,100,GT Eval,GT Extrinsics,GT Intrinsics,,,,,,,0.0,,vggt,bonsai,,,15000,15000,,MCMC,,,,,,,,,,,gsplat,indoor,26.098609924316406,0.21166729927062988,0.8379709124565125,1000000,1.6629870645337583e-16,9.712622386359726e-07,,,0.7491229822916052,0.2055503875422825,100000,/home/ojab2/work/git/gsplat/results/vggt_outputs/bonsai_2_n100_s42_c0.0_p100000_random_farthestpose_i100_gteval_gtext_gtint_steps15000/stats/val_step14999.json,/home/ojab2/work/git/gsplat/results/vggt_outputs/bonsai_2_n100_s42_c0.0_p100000_random_farthestpose_i100_gteval_gtext_gtint_steps15000/stats/val_step14999.json,bonsai_2_n100_s42_c0.0_p100000_random_farthestpose_i100_gteval_gtext_gtint_steps15000,0.7215,0.105749,100,,,,/home/ojab2/work/git/vggt/vggt_outputs/bonsai_2_n100_s42_c0.0_p100000_random_farthestpose/eval_results.json,bonsai_2_n100_s42_c0.0_p100000_random_farthestpose,bonsai_2_n100_s42_c0.0_p100000_random_farthestpose_i100_gteval_gtext_gtint_steps15000_val_step14999.json,100000,vggt | random,102499.99999999999
vggt,100,42,0.0,100000,random,,,,0,10,farthestpose,100,GT Eval,GT Extrinsics,GT Intrinsics,,,,,,,0.0,,vggt,kitchen,,,15000,15000,,MCMC,,,,,,,,,,,gsplat,indoor,25.88842010498047,0.12953218817710876,0.8895320296287537,1000000,1.9148808987617944e-16,4.369392740954936e-07,,,0.8260839641907525,0.15482555629902706,100000,/home/ojab2/work/git/gsplat/results/vggt_outputs/kitchen_2_n100_s42_c0.0_p100000_random_farthestpose_i100_gteval_gtext_gtint_steps15000/stats/val_step14999.json,/home/ojab2/work/git/gsplat/results/vggt_outputs/kitchen_2_n100_s42_c0.0_p100000_random_farthestpose_i100_gteval_gtext_gtint_steps15000/stats/val_step14999.json,kitchen_2_n100_s42_c0.0_p100000_random_farthestpose_i100_gteval_gtext_gtint_steps15000,0.3392,0.031011,100,,,,/home/ojab2/work/git/vggt/vggt_outputs/kitchen_2_n100_s42_c0.0_p100000_random_farthestpose/eval_results.json,kitchen_2_n100_s42_c0.0_p100000_random_farthestpose,kitchen_2_n100_s42_c0.0_p100000_random_farthestpose_i100_gteval_gtext_gtint_steps15000_val_step14999.json,100000,vggt | random,102499.99999999999
vggt,100,42,0.0,100000,random,,,,0,10,farthestpose,100,GT Eval,GT Extrinsics,GT Intrinsics,,,,,,,0.0,,vggt,counter,,,15000,15000,,MCMC,,,,,,,,,,,gsplat,indoor,25.01582908630371,0.18685297667980194,0.856162428855896,1000000,1.8649554533616458e-16,6.037091537791639e-08,,,0.755027282055978,0.1897543298438618,100000,/home/ojab2/work/git/gsplat/results/vggt_outputs/counter_2_n100_s42_c0.0_p100000_random_farthestpose_i100_gteval_gtext_gtint_steps15000/stats/val_step14999.json,/home/ojab2/work/git/gsplat/results/vggt_outputs/counter_2_n100_s42_c0.0_p100000_random_farthestpose_i100_gteval_gtext_gtint_steps15000/stats/val_step14999.json,counter_2_n100_s42_c0.0_p100000_random_farthestpose_i100_gteval_gtext_gtint_steps15000,0.3433,0.032901,100,,,,/home/ojab2/work/git/vggt/vggt_outputs/counter_2_n100_s42_c0.0_p100000_random_farthestpose/eval_results.json,counter_2_n100_s42_c0.0_p100000_random_farthestpose,counter_2_n100_s42_c0.0_p100000_random_farthestpose_i100_gteval_gtext_gtint_steps15000_val_step14999.json,100000,vggt | random,102499.99999999999
vggt,100,42,0.0,100000,random,,,,0,10,farthestpose,100,GT Eval,GT Extrinsics,GT Intrinsics,,,,,,,0.0,,vggt,bicycle,,,15000,15000,,MCMC,,,,,,,,,,,gsplat,outdoor,22.770076751708984,0.2482174187898636,0.6338316798210144,1000000,0.0,0.0,,,0.5455420087149113,0.2862067375847416,100000,/home/ojab2/work/git/gsplat/results/vggt_outputs/bicycle_4_n100_s42_c0.0_p100000_random_farthestpose_i100_gteval_gtext_gtint_steps15000/stats/val_step14999.json,/home/ojab2/work/git/gsplat/results/vggt_outputs/bicycle_4_n100_s42_c0.0_p100000_random_farthestpose_i100_gteval_gtext_gtint_steps15000/stats/val_step14999.json,bicycle_4_n100_s42_c0.0_p100000_random_farthestpose_i100_gteval_gtext_gtint_steps15000,0.7161,0.065623,100,,,,/home/ojab2/work/git/vggt/vggt_outputs/bicycle_4_n100_s42_c0.0_p100000_random_farthestpose/eval_results.json,bicycle_4_n100_s42_c0.0_p100000_random_farthestpose,bicycle_4_n100_s42_c0.0_p100000_random_farthestpose_i100_gteval_gtext_gtint_steps15000_val_step14999.json,100000,vggt | random,102499.99999999999
vggt,100,42,0.0,100000,random,,,,0,10,farthestpose,100,GT Eval,GT Extrinsics,GT Intrinsics,,,,,,,0.0,,vggt,garden,,,15000,15000,,MCMC,,,,,,,,,,,gsplat,outdoor,23.761594772338867,0.2492913454771042,0.7079650163650513,1000000,2.0833181648836403e-16,1.6452752333862009e-06,,,0.6065933642215431,0.26463322654333676,100000,/home/ojab2/work/git/gsplat/results/vggt_outputs/garden_2_n100_s42_c0.0_p100000_random_farthestpose_i100_gteval_gtext_gtint_steps15000/stats/val_step14999.json,/home/ojab2/work/git/gsplat/results/vggt_outputs/garden_2_n100_s42_c0.0_p100000_random_farthestpose_i100_gteval_gtext_gtint_steps15000/stats/val_step14999.json,garden_2_n100_s42_c0.0_p100000_random_farthestpose_i100_gteval_gtext_gtint_steps15000,0.3733,0.026869,100,,,,/home/ojab2/work/git/vggt/vggt_outputs/garden_2_n100_s42_c0.0_p100000_random_farthestpose/eval_results.json,garden_2_n100_s42_c0.0_p100000_random_farthestpose,garden_2_n100_s42_c0.0_p100000_random_farthestpose_i100_gteval_gtext_gtint_steps15000_val_step14999.json,100000,vggt | random,102499.99999999999
vggt,100,42,0.0,100000,random,,,,0,10,farthestpose,100,GT Eval,GT Extrinsics,GT Intrinsics,,,,,,,0.0,,vggt,stump,,,15000,15000,,MCMC,,,,,,,,,,,gsplat,outdoor,25.891002655029297,0.27623826265335083,0.7545574903488159,1000000,1.6081930325714697e-16,1.3769802080787485e-06,,,0.6566400048483341,0.258078512169103,100000,/home/ojab2/work/git/gsplat/results/vggt_outputs/stump_2_n100_s42_c0.0_p100000_random_farthestpose_i100_gteval_gtext_gtint_steps15000/stats/val_step14999.json,/home/ojab2/work/git/gsplat/results/vggt_outputs/stump_2_n100_s42_c0.0_p100000_random_farthestpose_i100_gteval_gtext_gtint_steps15000/stats/val_step14999.json,stump_2_n100_s42_c0.0_p100000_random_farthestpose_i100_gteval_gtext_gtint_steps15000,0.8558,0.162829,100,,,,/home/ojab2/work/git/vggt/vggt_outputs/stump_2_n100_s42_c0.0_p100000_random_farthestpose/eval_results.json,stump_2_n100_s42_c0.0_p100000_random_farthestpose,stump_2_n100_s42_c0.0_p100000_random_farthestpose_i100_gteval_gtext_gtint_steps15000_val_step14999.json,100000,vggt | random,102499.99999999999
vggt,87,42,0.0,435000,random,,,,0,10,farthestpose,87,GT Eval,GT Extrinsics,GT Intrinsics,,,,,,,0.0,,vggt,lego,,,15000,15000,,MCMC,,,,,,,,,,,gsplat,synthetic,33.262264251708984,0.03138595446944237,0.9800705909729004,1000000,1.9679626006816492e-16,0.009513599798083305,0.07245660573244095,0.017124637961387634,1.0761672555577297,0.05767644343495424,435000,/home/ojab2/work/git/gsplat/results/vggt_outputs/lego_1_n87_s42_c0.0_p435000_random_farthestpose_i87_gteval_gtext_gtint_steps15000/stats/val_step14999.json,/home/ojab2/work/git/gsplat/results/vggt_outputs/lego_1_n87_s42_c0.0_p435000_random_farthestpose_i87_gteval_gtext_gtint_steps15000/stats/val_step14999.json,lego_1_n87_s42_c0.0_p435000_random_farthestpose_i87_gteval_gtext_gtint_steps15000,0.3306,0.018825,87,0.0469,0.0133,0.1174,/home/ojab2/work/git/vggt/vggt_outputs/lego_1_n87_s42_c0.0_p435000_random_farthestpose/eval_results.json,lego_1_n87_s42_c0.0_p435000_random_farthestpose,lego_1_n87_s42_c0.0_p435000_random_farthestpose_i87_gteval_gtext_gtint_steps15000_val_step14999.json,435000,vggt | random,445874.99999999994
vggt,87,42,0.0,435000,random,,,,0,10,farthestpose,,,,,,,,,,,0.0,,vggt,ship,,,,,,MCMC,,,,,,,,,,,sfm,synthetic,,,,,,,,,,,,/home/ojab2/work/git/vggt/vggt_outputs/ship_1_n87_s42_c0.0_p435000_random_farthestpose/eval_results.json,,ship_1_n87_s42_c0.0_p435000_random_farthestpose,0.4869,0.027807,87,0.1056,0.0284,0.2389,/home/ojab2/work/git/vggt/vggt_outputs/ship_1_n87_s42_c0.0_p435000_random_farthestpose/eval_results.json,ship_1_n87_s42_c0.0_p435000_random_farthestpose,,,vggt | random,445874.99999999994
vggt,87,42,0.0,435000,random,,,,0,10,farthestpose,,,,,,,,,,,0.0,,vggt,drums,,,,,,MCMC,,,,,,,,,,,sfm,synthetic,,,,,,,,,,,,/home/ojab2/work/git/vggt/vggt_outputs/drums_1_n87_s42_c0.0_p435000_random_farthestpose/eval_results.json,,drums_1_n87_s42_c0.0_p435000_random_farthestpose,0.173,0.01002,87,,,,/home/ojab2/work/git/vggt/vggt_outputs/drums_1_n87_s42_c0.0_p435000_random_farthestpose/eval_results.json,drums_1_n87_s42_c0.0_p435000_random_farthestpose,,,vggt | random,445874.99999999994
vggt,100,42,0.0,500000,random,,,,0,10,farthestpose,100,GT Eval,GT Extrinsics,GT Intrinsics,,,,,,,0.0,,vggt,bonsai,,,15000,15000,,MCMC,,,,,,,,,,,gsplat,indoor,25.143333435058594,0.2200862616300583,0.8167707324028015,1000000,3.5315492900639314e-16,1.2006451015622588e-06,,,0.7138380204763717,0.2170662517301151,500000,/home/ojab2/work/git/gsplat/results/vggt_outputs/bonsai_2_n100_s42_c0.0_p500000_random_farthestpose_i100_gteval_gtext_gtint_steps15000/stats/val_step14999.json,/home/ojab2/work/git/gsplat/results/vggt_outputs/bonsai_2_n100_s42_c0.0_p500000_random_farthestpose_i100_gteval_gtext_gtint_steps15000/stats/val_step14999.json,bonsai_2_n100_s42_c0.0_p500000_random_farthestpose_i100_gteval_gtext_gtint_steps15000,0.7897,0.107121,100,,,,/home/ojab2/work/git/vggt/vggt_outputs/bonsai_2_n100_s42_c0.0_p500000_random_farthestpose/eval_results.json,bonsai_2_n100_s42_c0.0_p500000_random_farthestpose,bonsai_2_n100_s42_c0.0_p500000_random_farthestpose_i100_gteval_gtext_gtint_steps15000_val_step14999.json,500000,vggt | random,512499.99999999994
vggt,100,42,0.0,500000,random,,,,0,10,farthestpose,100,GT Eval,GT Extrinsics,GT Intrinsics,,,,,,,0.0,,vggt,kitchen,,,15000,15000,,MCMC,,,,,,,,,,,gsplat,indoor,25.448097229003906,0.13281364738941193,0.8816481232643127,1000000,2.4907962020034283e-16,5.52976587187004e-07,,,0.8112937731933407,0.159896330307238,500000,/home/ojab2/work/git/gsplat/results/vggt_outputs/kitchen_2_n100_s42_c0.0_p500000_random_farthestpose_i100_gteval_gtext_gtint_steps15000/stats/val_step14999.json,/home/ojab2/work/git/gsplat/results/vggt_outputs/kitchen_2_n100_s42_c0.0_p500000_random_farthestpose_i100_gteval_gtext_gtint_steps15000/stats/val_step14999.json,kitchen_2_n100_s42_c0.0_p500000_random_farthestpose_i100_gteval_gtext_gtint_steps15000,0.3392,0.031011,100,,,,/home/ojab2/work/git/vggt/vggt_outputs/kitchen_2_n100_s42_c0.0_p500000_random_farthestpose/eval_results.json,kitchen_2_n100_s42_c0.0_p500000_random_farthestpose,kitchen_2_n100_s42_c0.0_p500000_random_farthestpose_i100_gteval_gtext_gtint_steps15000_val_step14999.json,500000,vggt | random,512499.99999999994
vggt,100,42,0.0,500000,random,,,,0,10,farthestpose,100,GT Eval,GT Extrinsics,GT Intrinsics,,,,,,,0.0,,vggt,bicycle,,,15000,15000,,MCMC,,,,,,,,,,,gsplat,outdoor,22.33084487915039,0.23270238935947418,0.6052718758583069,1000000,0.0,0.0,,,0.5302836240654722,0.288941025701891,500000,/home/ojab2/work/git/gsplat/results/vggt_outputs/bicycle_4_n100_s42_c0.0_p500000_random_farthestpose_i100_gteval_gtext_gtint_steps15000/stats/val_step14999.json,/home/ojab2/work/git/gsplat/results/vggt_outputs/bicycle_4_n100_s42_c0.0_p500000_random_farthestpose_i100_gteval_gtext_gtint_steps15000/stats/val_step14999.json,bicycle_4_n100_s42_c0.0_p500000_random_farthestpose_i100_gteval_gtext_gtint_steps15000,0.857,0.067143,100,,,,/home/ojab2/work/git/vggt/vggt_outputs/bicycle_4_n100_s42_c0.0_p500000_random_farthestpose/eval_results.json,bicycle_4_n100_s42_c0.0_p500000_random_farthestpose,bicycle_4_n100_s42_c0.0_p500000_random_farthestpose_i100_gteval_gtext_gtint_steps15000_val_step14999.json,500000,vggt | random,512499.99999999994
vggt,100,42,0.0,500000,random,,,,0,10,farthestpose,100,GT Eval,GT Extrinsics,GT Intrinsics,,,,,,,0.0,,vggt,garden,,,15000,15000,,MCMC,,,,,,,,,,,gsplat,outdoor,23.710073471069336,0.23145692050457,0.7082501649856567,1000000,1.3501032846831664e-16,1.8420515743855503e-06,,,0.6168149239332199,0.258617183647868,500000,/home/ojab2/work/git/gsplat/results/vggt_outputs/garden_2_n100_s42_c0.0_p500000_random_farthestpose_i100_gteval_gtext_gtint_steps15000/stats/val_step14999.json,/home/ojab2/work/git/gsplat/results/vggt_outputs/garden_2_n100_s42_c0.0_p500000_random_farthestpose_i100_gteval_gtext_gtint_steps15000/stats/val_step14999.json,garden_2_n100_s42_c0.0_p500000_random_farthestpose_i100_gteval_gtext_gtint_steps15000,0.3733,0.026869,100,,,,/home/ojab2/work/git/vggt/vggt_outputs/garden_2_n100_s42_c0.0_p500000_random_farthestpose/eval_results.json,garden_2_n100_s42_c0.0_p500000_random_farthestpose,garden_2_n100_s42_c0.0_p500000_random_farthestpose_i100_gteval_gtext_gtint_steps15000_val_step14999.json,500000,vggt | random,512499.99999999994
vggt,100,42,0.0,500000,random,,,,0,10,farthestpose,100,GT Eval,GT Extrinsics,GT Intrinsics,,,,,,,0.0,,vggt,stump,,,15000,15000,,MCMC,,,,,,,,,,,gsplat,outdoor,25.262208938598633,0.2833408713340759,0.7161591649055481,1000000,2.2332410113141813e-16,2.091461283271201e-06,,,0.6181561893422236,0.27302834074448623,500000,/home/ojab2/work/git/gsplat/results/vggt_outputs/stump_2_n100_s42_c0.0_p500000_random_farthestpose_i100_gteval_gtext_gtint_steps15000/stats/val_step14999.json,/home/ojab2/work/git/gsplat/results/vggt_outputs/stump_2_n100_s42_c0.0_p500000_random_farthestpose_i100_gteval_gtext_gtint_steps15000/stats/val_step14999.json,stump_2_n100_s42_c0.0_p500000_random_farthestpose_i100_gteval_gtext_gtint_steps15000,0.8558,0.162829,100,,,,/home/ojab2/work/git/vggt/vggt_outputs/stump_2_n100_s42_c0.0_p500000_random_farthestpose/eval_results.json,stump_2_n100_s42_c0.0_p500000_random_farthestpose,stump_2_n100_s42_c0.0_p500000_random_farthestpose_i100_gteval_gtext_gtint_steps15000_val_step14999.json,500000,vggt | random,512499.99999999994
vggt,100,42,0.0,500000,random,,,,0,10,farthestpose,,,,,,,,,,,0.0,,vggt,counter,,,,,,MCMC,,,,,,,,,,,sfm,indoor,,,,,,,,,,,,/home/ojab2/work/git/vggt/vggt_outputs/counter_2_n100_s42_c0.0_p500000_random_farthestpose/eval_results.json,,counter_2_n100_s42_c0.0_p500000_random_farthestpose,0.3433,0.032901,100,,,,/home/ojab2/work/git/vggt/vggt_outputs/counter_2_n100_s42_c0.0_p500000_random_farthestpose/eval_results.json,counter_2_n100_s42_c0.0_p500000_random_farthestpose,,,vggt | random,512499.99999999994
vggt,87,42,0.0,870000,random,,,,0,10,farthestpose,87,GT Eval,GT Extrinsics,GT Intrinsics,,,,,,,0.0,,vggt,lego,,,15000,15000,,MCMC,,,,,,,,,,,gsplat,synthetic,33.191314697265625,0.031180404126644135,0.9797248244285583,1000000,4.597152736610099e-16,0.009513812139630318,0.07179977744817734,0.016964999958872795,1.0747780551900328,0.05801697251486744,870000,/home/ojab2/work/git/gsplat/results/vggt_outputs/lego_1_n87_s42_c0.0_p870000_random_farthestpose_i87_gteval_gtext_gtint_steps15000/stats/val_step14999.json,/home/ojab2/work/git/gsplat/results/vggt_outputs/lego_1_n87_s42_c0.0_p870000_random_farthestpose_i87_gteval_gtext_gtint_steps15000/stats/val_step14999.json,lego_1_n87_s42_c0.0_p870000_random_farthestpose_i87_gteval_gtext_gtint_steps15000,0.3306,0.018825,87,0.0469,0.0133,0.1174,/home/ojab2/work/git/vggt/vggt_outputs/lego_1_n87_s42_c0.0_p870000_random_farthestpose/eval_results.json,lego_1_n87_s42_c0.0_p870000_random_farthestpose,lego_1_n87_s42_c0.0_p870000_random_farthestpose_i87_gteval_gtext_gtint_steps15000_val_step14999.json,870000,vggt | random,891749.9999999999
vggt,87,42,0.0,870000,random,,,,0,10,farthestpose,,,,,,,,,,,0.0,,vggt,ship,,,,,,MCMC,,,,,,,,,,,sfm,synthetic,,,,,,,,,,,,/home/ojab2/work/git/vggt/vggt_outputs/ship_1_n87_s42_c0.0_p870000_random_farthestpose/eval_results.json,,ship_1_n87_s42_c0.0_p870000_random_farthestpose,0.4869,0.027807,87,0.1056,0.0284,0.2389,/home/ojab2/work/git/vggt/vggt_outputs/ship_1_n87_s42_c0.0_p870000_random_farthestpose/eval_results.json,ship_1_n87_s42_c0.0_p870000_random_farthestpose,,,vggt | random,891749.9999999999
vggt,87,42,0.0,870000,random,,,,0,10,farthestpose,,,,,,,,,,,0.0,,vggt,drums,,,,,,MCMC,,,,,,,,,,,sfm,synthetic,,,,,,,,,,,,/home/ojab2/work/git/vggt/vggt_outputs/drums_1_n87_s42_c0.0_p870000_random_farthestpose/eval_results.json,,drums_1_n87_s42_c0.0_p870000_random_farthestpose,0.173,0.01002,87,,,,/home/ojab2/work/git/vggt/vggt_outputs/drums_1_n87_s42_c0.0_p870000_random_farthestpose/eval_results.json,drums_1_n87_s42_c0.0_p870000_random_farthestpose,,,vggt | random,891749.9999999999
vggt,100,42,0.0,1000000,random,,,,0,10,farthestpose,100,GT Eval,GT Extrinsics,GT Intrinsics,,,,,,,0.0,,vggt,bonsai,,,15000,15000,,MCMC,,,,,,,,,,,gsplat,indoor,24.525203704833984,0.22914038598537445,0.8039844036102295,1000000,2.1647053256205697e-16,1.1455812227723072e-06,,,0.6893248227101163,0.2251348249287485,1000000,/home/ojab2/work/git/gsplat/results/vggt_outputs/bonsai_2_n100_s42_c0.0_p1000000_random_farthestpose_i100_gteval_gtext_gtint_steps15000/stats/val_step14999.json,/home/ojab2/work/git/gsplat/results/vggt_outputs/bonsai_2_n100_s42_c0.0_p1000000_random_farthestpose_i100_gteval_gtext_gtint_steps15000/stats/val_step14999.json,bonsai_2_n100_s42_c0.0_p1000000_random_farthestpose_i100_gteval_gtext_gtint_steps15000,0.7897,0.107121,100,,,,/home/ojab2/work/git/vggt/vggt_outputs/bonsai_2_n100_s42_c0.0_p1000000_random_farthestpose/eval_results.json,bonsai_2_n100_s42_c0.0_p1000000_random_farthestpose,bonsai_2_n100_s42_c0.0_p1000000_random_farthestpose_i100_gteval_gtext_gtint_steps15000_val_step14999.json,1000000,vggt | random,1024999.9999999999
vggt,100,42,0.0,1000000,random,,,,0,10,farthestpose,100,GT Eval,GT Extrinsics,GT Intrinsics,,,,,,,0.0,,vggt,kitchen,,,15000,15000,,MCMC,,,,,,,,,,,gsplat,indoor,25.1993408203125,0.1356804221868515,0.878853976726532,1000000,1.9288748094927215e-16,2.4148365085352452e-08,,,0.8032835551366315,0.16225373511503094,1000000,/home/ojab2/work/git/gsplat/results/vggt_outputs/kitchen_2_n100_s42_c0.0_p1000000_random_farthestpose_i100_gteval_gtext_gtint_steps15000/stats/val_step14999.json,/home/ojab2/work/git/gsplat/results/vggt_outputs/kitchen_2_n100_s42_c0.0_p1000000_random_farthestpose_i100_gteval_gtext_gtint_steps15000/stats/val_step14999.json,kitchen_2_n100_s42_c0.0_p1000000_random_farthestpose_i100_gteval_gtext_gtint_steps15000,0.3392,0.031011,100,,,,/home/ojab2/work/git/vggt/vggt_outputs/kitchen_2_n100_s42_c0.0_p1000000_random_farthestpose/eval_results.json,kitchen_2_n100_s42_c0.0_p1000000_random_farthestpose,kitchen_2_n100_s42_c0.0_p1000000_random_farthestpose_i100_gteval_gtext_gtint_steps15000_val_step14999.json,1000000,vggt | random,1024999.9999999999
vggt,100,42,0.0,1000000,random,,,,0,10,farthestpose,100,GT Eval,GT Extrinsics,GT Intrinsics,,,,,,,0.0,,vggt,bicycle,,,15000,15000,,MCMC,,,,,,,,,,,gsplat,outdoor,22.0590763092041,0.24282602965831757,0.5852311849594116,1000000,0.0,0.0,,,0.5072820098118165,0.2976919444062545,1000000,/home/ojab2/work/git/gsplat/results/vggt_outputs/bicycle_4_n100_s42_c0.0_p1000000_random_farthestpose_i100_gteval_gtext_gtint_steps15000/stats/val_step14999.json,/home/ojab2/work/git/gsplat/results/vggt_outputs/bicycle_4_n100_s42_c0.0_p1000000_random_farthestpose_i100_gteval_gtext_gtint_steps15000/stats/val_step14999.json,bicycle_4_n100_s42_c0.0_p1000000_random_farthestpose_i100_gteval_gtext_gtint_steps15000,0.857,0.067143,100,,,,/home/ojab2/work/git/vggt/vggt_outputs/bicycle_4_n100_s42_c0.0_p1000000_random_farthestpose/eval_results.json,bicycle_4_n100_s42_c0.0_p1000000_random_farthestpose,bicycle_4_n100_s42_c0.0_p1000000_random_farthestpose_i100_gteval_gtext_gtint_steps15000_val_step14999.json,1000000,vggt | random,1024999.9999999999
vggt,100,42,0.0,1000000,random,,,,0,10,farthestpose,100,GT Eval,GT Extrinsics,GT Intrinsics,,,,,,,0.0,,vggt,garden,,,15000,15000,,MCMC,,,,,,,,,,,gsplat,outdoor,23.314971923828125,0.24185094237327576,0.6936119794845581,1000000,1.36029812029676e-16,2.042087544396054e-06,,,0.594521823333718,0.2666784919653484,1000000,/home/ojab2/work/git/gsplat/results/vggt_outputs/garden_2_n100_s42_c0.0_p1000000_random_farthestpose_i100_gteval_gtext_gtint_steps15000/stats/val_step14999.json,/home/ojab2/work/git/gsplat/results/vggt_outputs/garden_2_n100_s42_c0.0_p1000000_random_farthestpose_i100_gteval_gtext_gtint_steps15000/stats/val_step14999.json,garden_2_n100_s42_c0.0_p1000000_random_farthestpose_i100_gteval_gtext_gtint_steps15000,0.3733,0.026869,100,,,,/home/ojab2/work/git/vggt/vggt_outputs/garden_2_n100_s42_c0.0_p1000000_random_farthestpose/eval_results.json,garden_2_n100_s42_c0.0_p1000000_random_farthestpose,garden_2_n100_s42_c0.0_p1000000_random_farthestpose_i100_gteval_gtext_gtint_steps15000_val_step14999.json,1000000,vggt | random,1024999.9999999999
vggt,100,42,0.0,1000000,random,,,,0,10,farthestpose,100,GT Eval,GT Extrinsics,GT Intrinsics,,,,,,,0.0,,vggt,stump,,,15000,15000,,MCMC,,,,,,,,,,,gsplat,outdoor,24.384822845458984,0.31247419118881226,0.6694176197052002,1000000,2.301655068370523e-16,2.3285558654606575e-06,,,0.55659053099473,0.29702687350057333,1000000,/home/ojab2/work/git/gsplat/results/vggt_outputs/stump_2_n100_s42_c0.0_p1000000_random_farthestpose_i100_gteval_gtext_gtint_steps15000/stats/val_step14999.json,/home/ojab2/work/git/gsplat/results/vggt_outputs/stump_2_n100_s42_c0.0_p1000000_random_farthestpose_i100_gteval_gtext_gtint_steps15000/stats/val_step14999.json,stump_2_n100_s42_c0.0_p1000000_random_farthestpose_i100_gteval_gtext_gtint_steps15000,0.8558,0.162829,100,,,,/home/ojab2/work/git/vggt/vggt_outputs/stump_2_n100_s42_c0.0_p1000000_random_farthestpose/eval_results.json,stump_2_n100_s42_c0.0_p1000000_random_farthestpose,stump_2_n100_s42_c0.0_p1000000_random_farthestpose_i100_gteval_gtext_gtint_steps15000_val_step14999.json,1000000,vggt | random,1024999.9999999999
vggt,100,42,0.0,1000000,random,,,,0,10,farthestpose,,,,,,,,,,,0.0,,vggt,counter,,,,,,MCMC,,,,,,,,,,,sfm,indoor,,,,,,,,,,,,/home/ojab2/work/git/vggt/vggt_outputs/counter_2_n100_s42_c0.0_p1000000_random_farthestpose/eval_results.json,,counter_2_n100_s42_c0.0_p1000000_random_farthestpose,0.3433,0.032901,100,,,,/home/ojab2/work/git/vggt/vggt_outputs/counter_2_n100_s42_c0.0_p1000000_random_farthestpose/eval_results.json,counter_2_n100_s42_c0.0_p1000000_random_farthestpose,,,vggt | random,1024999.9999999999
vggt,87,42,0.0,870,voxels,,,,0,10,farthestpose,87,GT Eval,GT Extrinsics,GT Intrinsics,,,,,,,0.0,,vggt,lego,,,15000,15000,,MCMC,,,,,,,,,,,gsplat,synthetic,31.82427215576172,0.050039615482091904,0.9685857892036438,951553,3.625668944184869e-16,0.0096061322838068,0.08393090218305588,0.019790897145867348,1.0313069083914885,0.07597905723732054,855,/home/ojab2/work/git/gsplat/results/vggt_outputs/lego_1_n87_s42_c0.0_p870_voxels_farthestpose_i87_gteval_gtext_gtint_steps15000/stats/val_step14999.json,/home/ojab2/work/git/gsplat/results/vggt_outputs/lego_1_n87_s42_c0.0_p870_voxels_farthestpose_i87_gteval_gtext_gtint_steps15000/stats/val_step14999.json,lego_1_n87_s42_c0.0_p870_voxels_farthestpose_i87_gteval_gtext_gtint_steps15000,0.2976,0.018838,87,0.0478,0.0135,0.118,/home/ojab2/work/git/vggt/vggt_outputs/lego_1_n87_s42_c0.0_p870_voxels_farthestpose/eval_results.json,lego_1_n87_s42_c0.0_p870_voxels_farthestpose,lego_1_n87_s42_c0.0_p870_voxels_farthestpose_i87_gteval_gtext_gtint_steps15000_val_step14999.json,855,vggt | voxels,935.25
vggt,87,42,0.0,870,voxels,,,,0,10,farthestpose,,,,,,,,,,,0.0,,vggt,ship,,,,,,MCMC,,,,,,,,,,,sfm,synthetic,,,,,,,,,,,,/home/ojab2/work/git/vggt/vggt_outputs/ship_1_n87_s42_c0.0_p870_voxels_farthestpose/eval_results.json,,ship_1_n87_s42_c0.0_p870_voxels_farthestpose,0.4869,0.027807,87,0.1056,0.0284,0.2389,/home/ojab2/work/git/vggt/vggt_outputs/ship_1_n87_s42_c0.0_p870_voxels_farthestpose/eval_results.json,ship_1_n87_s42_c0.0_p870_voxels_farthestpose,,,vggt | voxels,935.25
vggt,87,42,0.0,870,voxels,,,,0,10,farthestpose,,,,,,,,,,,0.0,,vggt,drums,,,,,,MCMC,,,,,,,,,,,sfm,synthetic,,,,,,,,,,,,/home/ojab2/work/git/vggt/vggt_outputs/drums_1_n87_s42_c0.0_p870_voxels_farthestpose/eval_results.json,,drums_1_n87_s42_c0.0_p870_voxels_farthestpose,0.173,0.01002,87,,,,/home/ojab2/work/git/vggt/vggt_outputs/drums_1_n87_s42_c0.0_p870_voxels_farthestpose/eval_results.json,drums_1_n87_s42_c0.0_p870_voxels_farthestpose,,,vggt | voxels,935.25
vggt,100,42,0.0,1000,voxels,,,,0,10,farthestpose,100,GT Eval,GT Extrinsics,GT Intrinsics,,,,,,,0.0,,vggt,bonsai,,,15000,15000,,MCMC,,,,,,,,,,,gsplat,indoor,24.70581817626953,0.35672301054000854,0.7913042306900024,1000000,2.261127982915753e-16,1.6859247580214287e-06,,,0.6064995228275994,0.2723130788262075,971,/home/ojab2/work/git/gsplat/results/vggt_outputs/bonsai_2_n100_s42_c0.0_p1000_voxels_farthestpose_i100_gteval_gtext_gtint_steps15000/stats/val_step14999.json,/home/ojab2/work/git/gsplat/results/vggt_outputs/bonsai_2_n100_s42_c0.0_p1000_voxels_farthestpose_i100_gteval_gtext_gtint_steps15000/stats/val_step14999.json,bonsai_2_n100_s42_c0.0_p1000_voxels_farthestpose_i100_gteval_gtext_gtint_steps15000,0.7215,0.105749,100,,,,/home/ojab2/work/git/vggt/vggt_outputs/bonsai_2_n100_s42_c0.0_p1000_voxels_farthestpose/eval_results.json,bonsai_2_n100_s42_c0.0_p1000_voxels_farthestpose,bonsai_2_n100_s42_c0.0_p1000_voxels_farthestpose_i100_gteval_gtext_gtint_steps15000_val_step14999.json,971,vggt | voxels,1075.0
vggt,100,42,0.0,1000,voxels,,,,0,10,farthestpose,100,GT Eval,GT Extrinsics,GT Intrinsics,,,,,,,0.0,,vggt,kitchen,,,15000,15000,,MCMC,,,,,,,,,,,gsplat,indoor,24.28426170349121,0.2431454211473465,0.8040660619735718,1000000,1.5675420685481637e-16,3.622254496349342e-08,,,0.6762656037919005,0.22983950619466836,993,/home/ojab2/work/git/gsplat/results/vggt_outputs/kitchen_2_n100_s42_c0.0_p1000_voxels_farthestpose_i100_gteval_gtext_gtint_steps15000/stats/val_step14999.json,/home/ojab2/work/git/gsplat/results/vggt_outputs/kitchen_2_n100_s42_c0.0_p1000_voxels_farthestpose_i100_gteval_gtext_gtint_steps15000/stats/val_step14999.json,kitchen_2_n100_s42_c0.0_p1000_voxels_farthestpose_i100_gteval_gtext_gtint_steps15000,0.3392,0.031011,100,,,,/home/ojab2/work/git/vggt/vggt_outputs/kitchen_2_n100_s42_c0.0_p1000_voxels_farthestpose/eval_results.json,kitchen_2_n100_s42_c0.0_p1000_voxels_farthestpose,kitchen_2_n100_s42_c0.0_p1000_voxels_farthestpose_i100_gteval_gtext_gtint_steps15000_val_step14999.json,993,vggt | voxels,1075.0
vggt,100,42,0.0,1000,voxels,,,,0,10,farthestpose,100,GT Eval,GT Extrinsics,GT Intrinsics,,,,,,,0.0,,vggt,counter,,,15000,15000,,MCMC,,,,,,,,,,,gsplat,indoor,23.58380699157715,0.36036354303359985,0.783052384853363,1000000,1.2753700971425115e-16,0.0,,,0.5786486548057541,0.27684045500203913,959,/home/ojab2/work/git/gsplat/results/vggt_outputs/counter_2_n100_s42_c0.0_p1000_voxels_farthestpose_i100_gteval_gtext_gtint_steps15000/stats/val_step14999.json,/home/ojab2/work/git/gsplat/results/vggt_outputs/counter_2_n100_s42_c0.0_p1000_voxels_farthestpose_i100_gteval_gtext_gtint_steps15000/stats/val_step14999.json,counter_2_n100_s42_c0.0_p1000_voxels_farthestpose_i100_gteval_gtext_gtint_steps15000,0.3433,0.032901,100,,,,/home/ojab2/work/git/vggt/vggt_outputs/counter_2_n100_s42_c0.0_p1000_voxels_farthestpose/eval_results.json,counter_2_n100_s42_c0.0_p1000_voxels_farthestpose,counter_2_n100_s42_c0.0_p1000_voxels_farthestpose_i100_gteval_gtext_gtint_steps15000_val_step14999.json,959,vggt | voxels,1075.0
vggt,100,42,0.0,1000,voxels,,,,0,10,farthestpose,100,GT Eval,GT Extrinsics,GT Intrinsics,,,,,,,0.0,,vggt,bicycle,,,15000,15000,,MCMC,,,,,,,,,,,gsplat,outdoor,21.50248908996582,0.5986209511756897,0.47078466415405273,1000000,2.2134844972150668e-16,4.8296730170704905e-08,,,0.2104205543767175,0.44438941082201794,947,/home/ojab2/work/git/gsplat/results/vggt_outputs/bicycle_4_n100_s42_c0.0_p1000_voxels_farthestpose_i100_gteval_gtext_gtint_steps15000/stats/val_step14999.json,/home/ojab2/work/git/gsplat/results/vggt_outputs/bicycle_4_n100_s42_c0.0_p1000_voxels_farthestpose_i100_gteval_gtext_gtint_steps15000/stats/val_step14999.json,bicycle_4_n100_s42_c0.0_p1000_voxels_farthestpose_i100_gteval_gtext_gtint_steps15000,0.7161,0.065623,100,,,,/home/ojab2/work/git/vggt/vggt_outputs/bicycle_4_n100_s42_c0.0_p1000_voxels_farthestpose/eval_results.json,bicycle_4_n100_s42_c0.0_p1000_voxels_farthestpose,bicycle_4_n100_s42_c0.0_p1000_voxels_farthestpose_i100_gteval_gtext_gtint_steps15000_val_step14999.json,947,vggt | voxels,1075.0
vggt,100,42,0.0,1000,voxels,,,,0,10,farthestpose,100,GT Eval,GT Extrinsics,GT Intrinsics,,,,,,,0.0,,vggt,garden,,,15000,15000,,MCMC,,,,,,,,,,,gsplat,outdoor,22.25587272644043,0.49879932403564453,0.5618084669113159,1000000,1.528689329002099e-16,1.671750965215324e-06,,,0.3392206855684693,0.3889027557796368,987,/home/ojab2/work/git/gsplat/results/vggt_outputs/garden_2_n100_s42_c0.0_p1000_voxels_farthestpose_i100_gteval_gtext_gtint_steps15000/stats/val_step14999.json,/home/ojab2/work/git/gsplat/results/vggt_outputs/garden_2_n100_s42_c0.0_p1000_voxels_farthestpose_i100_gteval_gtext_gtint_steps15000/stats/val_step14999.json,garden_2_n100_s42_c0.0_p1000_voxels_farthestpose_i100_gteval_gtext_gtint_steps15000,0.3733,0.026869,100,,,,/home/ojab2/work/git/vggt/vggt_outputs/garden_2_n100_s42_c0.0_p1000_voxels_farthestpose/eval_results.json,garden_2_n100_s42_c0.0_p1000_voxels_farthestpose,garden_2_n100_s42_c0.0_p1000_voxels_farthestpose_i100_gteval_gtext_gtint_steps15000_val_step14999.json,987,vggt | voxels,1075.0
vggt,100,42,0.0,1000,voxels,,,,0,10,farthestpose,100,GT Eval,GT Extrinsics,GT Intrinsics,,,,,,,0.0,,vggt,stump,,,15000,15000,,MCMC,,,,,,,,,,,gsplat,outdoor,22.656494140625,0.6034774780273438,0.6088643074035645,929785,1.8499544998657722e-16,1.0247190402878914e-06,,,0.3095414915822248,0.4114367615508895,836,/home/ojab2/work/git/gsplat/results/vggt_outputs/stump_2_n100_s42_c0.0_p1000_voxels_farthestpose_i100_gteval_gtext_gtint_steps15000/stats/val_step14999.json,/home/ojab2/work/git/gsplat/results/vggt_outputs/stump_2_n100_s42_c0.0_p1000_voxels_farthestpose_i100_gteval_gtext_gtint_steps15000/stats/val_step14999.json,stump_2_n100_s42_c0.0_p1000_voxels_farthestpose_i100_gteval_gtext_gtint_steps15000,0.8558,0.162829,100,,,,/home/ojab2/work/git/vggt/vggt_outputs/stump_2_n100_s42_c0.0_p1000_voxels_farthestpose/eval_results.json,stump_2_n100_s42_c0.0_p1000_voxels_farthestpose,stump_2_n100_s42_c0.0_p1000_voxels_farthestpose_i100_gteval_gtext_gtint_steps15000_val_step14999.json,836,vggt | voxels,1075.0
vggt,87,42,0.0,4350,voxels,,,,0,10,farthestpose,87,GT Eval,GT Extrinsics,GT Intrinsics,,,,,,,0.0,,vggt,lego,,,15000,15000,,MCMC,,,,,,,,,,,gsplat,synthetic,32.92671585083008,0.035861704498529434,0.9783462882041931,1000000,2.56142657370582e-16,0.009593581780791283,0.07819052785634995,0.01847018115222454,1.0661822234300375,0.06117447434119587,4042,/home/ojab2/work/git/gsplat/results/vggt_outputs/lego_1_n87_s42_c0.0_p4350_voxels_farthestpose_i87_gteval_gtext_gtint_steps15000/stats/val_step14999.json,/home/ojab2/work/git/gsplat/results/vggt_outputs/lego_1_n87_s42_c0.0_p4350_voxels_farthestpose_i87_gteval_gtext_gtint_steps15000/stats/val_step14999.json,lego_1_n87_s42_c0.0_p4350_voxels_farthestpose_i87_gteval_gtext_gtint_steps15000,0.2976,0.018838,87,0.0478,0.0135,0.118,/home/ojab2/work/git/vggt/vggt_outputs/lego_1_n87_s42_c0.0_p4350_voxels_farthestpose/eval_results.json,lego_1_n87_s42_c0.0_p4350_voxels_farthestpose,lego_1_n87_s42_c0.0_p4350_voxels_farthestpose_i87_gteval_gtext_gtint_steps15000_val_step14999.json,4042,vggt | voxels,4676.25
vggt,87,42,0.0,4350,voxels,,,,0,10,farthestpose,,,,,,,,,,,0.0,,vggt,ship,,,,,,MCMC,,,,,,,,,,,sfm,synthetic,,,,,,,,,,,,/home/ojab2/work/git/vggt/vggt_outputs/ship_1_n87_s42_c0.0_p4350_voxels_farthestpose/eval_results.json,,ship_1_n87_s42_c0.0_p4350_voxels_farthestpose,0.4869,0.027807,87,0.1056,0.0284,0.2389,/home/ojab2/work/git/vggt/vggt_outputs/ship_1_n87_s42_c0.0_p4350_voxels_farthestpose/eval_results.json,ship_1_n87_s42_c0.0_p4350_voxels_farthestpose,,,vggt | voxels,4676.25
vggt,87,42,0.0,4350,voxels,,,,0,10,farthestpose,,,,,,,,,,,0.0,,vggt,drums,,,,,,MCMC,,,,,,,,,,,sfm,synthetic,,,,,,,,,,,,/home/ojab2/work/git/vggt/vggt_outputs/drums_1_n87_s42_c0.0_p4350_voxels_farthestpose/eval_results.json,,drums_1_n87_s42_c0.0_p4350_voxels_farthestpose,0.173,0.01002,87,,,,/home/ojab2/work/git/vggt/vggt_outputs/drums_1_n87_s42_c0.0_p4350_voxels_farthestpose/eval_results.json,drums_1_n87_s42_c0.0_p4350_voxels_farthestpose,,,vggt | voxels,4676.25
vggt,100,42,0.0,5000,voxels,,,,0,10,farthestpose,100,GT Eval,GT Extrinsics,GT Intrinsics,,,,,,,0.0,,vggt,bonsai,,,15000,15000,,MCMC,,,,,,,,,,,gsplat,indoor,26.158111572265625,0.25988009572029114,0.8354330658912659,1000000,1.7331968314382792e-16,1.163308752438752e-06,,,0.7189797583998916,0.22265689348518275,4948,/home/ojab2/work/git/gsplat/results/vggt_outputs/bonsai_2_n100_s42_c0.0_p5000_voxels_farthestpose_i100_gteval_gtext_gtint_steps15000/stats/val_step14999.json,/home/ojab2/work/git/gsplat/results/vggt_outputs/bonsai_2_n100_s42_c0.0_p5000_voxels_farthestpose_i100_gteval_gtext_gtint_steps15000/stats/val_step14999.json,bonsai_2_n100_s42_c0.0_p5000_voxels_farthestpose_i100_gteval_gtext_gtint_steps15000,0.7215,0.105749,100,,,,/home/ojab2/work/git/vggt/vggt_outputs/bonsai_2_n100_s42_c0.0_p5000_voxels_farthestpose/eval_results.json,bonsai_2_n100_s42_c0.0_p5000_voxels_farthestpose,bonsai_2_n100_s42_c0.0_p5000_voxels_farthestpose_i100_gteval_gtext_gtint_steps15000_val_step14999.json,4948,vggt | voxels,5375.0
vggt,100,42,0.0,5000,voxels,,,,0,10,farthestpose,100,GT Eval,GT Extrinsics,GT Intrinsics,,,,,,,0.0,,vggt,kitchen,,,15000,15000,,MCMC,,,,,,,,,,,gsplat,indoor,25.518739700317383,0.17369523644447327,0.8649213314056396,1000000,2.1219235443393271e-16,1.164181867352454e-06,,,0.7775846686821777,0.1813439948486235,4981,/home/ojab2/work/git/gsplat/results/vggt_outputs/kitchen_2_n100_s42_c0.0_p5000_voxels_farthestpose_i100_gteval_gtext_gtint_steps15000/stats/val_step14999.json,/home/ojab2/work/git/gsplat/results/vggt_outputs/kitchen_2_n100_s42_c0.0_p5000_voxels_farthestpose_i100_gteval_gtext_gtint_steps15000/stats/val_step14999.json,kitchen_2_n100_s42_c0.0_p5000_voxels_farthestpose_i100_gteval_gtext_gtint_steps15000,0.3392,0.031011,100,,,,/home/ojab2/work/git/vggt/vggt_outputs/kitchen_2_n100_s42_c0.0_p5000_voxels_farthestpose/eval_results.json,kitchen_2_n100_s42_c0.0_p5000_voxels_farthestpose,kitchen_2_n100_s42_c0.0_p5000_voxels_farthestpose_i100_gteval_gtext_gtint_steps15000_val_step14999.json,4981,vggt | voxels,5375.0
vggt,100,42,0.0,5000,voxels,,,,0,10,farthestpose,100,GT Eval,GT Extrinsics,GT Intrinsics,,,,,,,0.0,,vggt,counter,,,15000,15000,,MCMC,,,,,,,,,,,gsplat,indoor,24.746850967407227,0.25096362829208374,0.8313876390457153,1000000,2.9163892298403316e-16,1.248686203325633e-06,,,0.6959835483006955,0.22164668913776245,4929,/home/ojab2/work/git/gsplat/results/vggt_outputs/counter_2_n100_s42_c0.0_p5000_voxels_farthestpose_i100_gteval_gtext_gtint_steps15000/stats/val_step14999.json,/home/ojab2/work/git/gsplat/results/vggt_outputs/counter_2_n100_s42_c0.0_p5000_voxels_farthestpose_i100_gteval_gtext_gtint_steps15000/stats/val_step14999.json,counter_2_n100_s42_c0.0_p5000_voxels_farthestpose_i100_gteval_gtext_gtint_steps15000,0.3433,0.032901,100,,,,/home/ojab2/work/git/vggt/vggt_outputs/counter_2_n100_s42_c0.0_p5000_voxels_farthestpose/eval_results.json,counter_2_n100_s42_c0.0_p5000_voxels_farthestpose,counter_2_n100_s42_c0.0_p5000_voxels_farthestpose_i100_gteval_gtext_gtint_steps15000_val_step14999.json,4929,vggt | voxels,5375.0
vggt,100,42,0.0,5000,voxels,,,,0,10,farthestpose,100,GT Eval,GT Extrinsics,GT Intrinsics,,,,,,,0.0,,vggt,bicycle,,,15000,15000,,MCMC,,,,,,,,,,,gsplat,outdoor,22.131181716918945,0.4756084680557251,0.5280373096466064,1000000,2.1025533566734994e-16,1.2074182542676226e-08,,,0.3314777212223502,0.38957523793430476,4925,/home/ojab2/work/git/gsplat/results/vggt_outputs/bicycle_4_n100_s42_c0.0_p5000_voxels_farthestpose_i100_gteval_gtext_gtint_steps15000/stats/val_step14999.json,/home/ojab2/work/git/gsplat/results/vggt_outputs/bicycle_4_n100_s42_c0.0_p5000_voxels_farthestpose_i100_gteval_gtext_gtint_steps15000/stats/val_step14999.json,bicycle_4_n100_s42_c0.0_p5000_voxels_farthestpose_i100_gteval_gtext_gtint_steps15000,0.7161,0.065623,100,,,,/home/ojab2/work/git/vggt/vggt_outputs/bicycle_4_n100_s42_c0.0_p5000_voxels_farthestpose/eval_results.json,bicycle_4_n100_s42_c0.0_p5000_voxels_farthestpose,bicycle_4_n100_s42_c0.0_p5000_voxels_farthestpose_i100_gteval_gtext_gtint_steps15000_val_step14999.json,4925,vggt | voxels,5375.0
vggt,100,42,0.0,5000,voxels,,,,0,10,farthestpose,100,GT Eval,GT Extrinsics,GT Intrinsics,,,,,,,0.0,,vggt,garden,,,15000,15000,,MCMC,,,,,,,,,,,gsplat,outdoor,23.17733383178711,0.3758949935436249,0.6347135305404663,1000000,2.276568599450811e-16,1.985561084438814e-06,,,0.47478619092001867,0.32836522527871764,4930,/home/ojab2/work/git/gsplat/results/vggt_outputs/garden_2_n100_s42_c0.0_p5000_voxels_farthestpose_i100_gteval_gtext_gtint_steps15000/stats/val_step14999.json,/home/ojab2/work/git/gsplat/results/vggt_outputs/garden_2_n100_s42_c0.0_p5000_voxels_farthestpose_i100_gteval_gtext_gtint_steps15000/stats/val_step14999.json,garden_2_n100_s42_c0.0_p5000_voxels_farthestpose_i100_gteval_gtext_gtint_steps15000,0.3733,0.026869,100,,,,/home/ojab2/work/git/vggt/vggt_outputs/garden_2_n100_s42_c0.0_p5000_voxels_farthestpose/eval_results.json,garden_2_n100_s42_c0.0_p5000_voxels_farthestpose,garden_2_n100_s42_c0.0_p5000_voxels_farthestpose_i100_gteval_gtext_gtint_steps15000_val_step14999.json,4930,vggt | voxels,5375.0
vggt,100,42,0.0,5000,voxels,,,,0,10,farthestpose,100,GT Eval,GT Extrinsics,GT Intrinsics,,,,,,,0.0,,vggt,stump,,,15000,15000,,MCMC,,,,,,,,,,,gsplat,outdoor,24.333534240722656,0.4440455734729767,0.6799629926681519,1000000,1.96098529912754e-16,1.649479486331984e-06,,,0.4805907241472414,0.33781682738457475,4877,/home/ojab2/work/git/gsplat/results/vggt_outputs/stump_2_n100_s42_c0.0_p5000_voxels_farthestpose_i100_gteval_gtext_gtint_steps15000/stats/val_step14999.json,/home/ojab2/work/git/gsplat/results/vggt_outputs/stump_2_n100_s42_c0.0_p5000_voxels_farthestpose_i100_gteval_gtext_gtint_steps15000/stats/val_step14999.json,stump_2_n100_s42_c0.0_p5000_voxels_farthestpose_i100_gteval_gtext_gtint_steps15000,0.8558,0.162829,100,,,,/home/ojab2/work/git/vggt/vggt_outputs/stump_2_n100_s42_c0.0_p5000_voxels_farthestpose/eval_results.json,stump_2_n100_s42_c0.0_p5000_voxels_farthestpose,stump_2_n100_s42_c0.0_p5000_voxels_farthestpose_i100_gteval_gtext_gtint_steps15000_val_step14999.json,4877,vggt | voxels,5375.0
vggt,87,42,0.0,8700,voxels,,,,0,10,farthestpose,87,GT Eval,GT Extrinsics,GT Intrinsics,,,,,,,0.0,,vggt,lego,,,15000,15000,,MCMC,,,,,,,,,,,gsplat,synthetic,33.17536544799805,0.033319223672151566,0.980102002620697,1000000,2.557711275440926e-16,0.009573121555149555,0.07647696882486343,0.018075868487358093,1.073383011785593,0.05828694597900642,8550,/home/ojab2/work/git/gsplat/results/vggt_outputs/lego_1_n87_s42_c0.0_p8700_voxels_farthestpose_i87_gteval_gtext_gtint_steps15000/stats/val_step14999.json,/home/ojab2/work/git/gsplat/results/vggt_outputs/lego_1_n87_s42_c0.0_p8700_voxels_farthestpose_i87_gteval_gtext_gtint_steps15000/stats/val_step14999.json,lego_1_n87_s42_c0.0_p8700_voxels_farthestpose_i87_gteval_gtext_gtint_steps15000,0.2976,0.018838,87,0.0478,0.0135,0.118,/home/ojab2/work/git/vggt/vggt_outputs/lego_1_n87_s42_c0.0_p8700_voxels_farthestpose/eval_results.json,lego_1_n87_s42_c0.0_p8700_voxels_farthestpose,lego_1_n87_s42_c0.0_p8700_voxels_farthestpose_i87_gteval_gtext_gtint_steps15000_val_step14999.json,8550,vggt | voxels,9352.5
vggt,87,42,0.0,8700,voxels,,,,0,10,farthestpose,,,,,,,,,,,0.0,,vggt,ship,,,,,,MCMC,,,,,,,,,,,sfm,synthetic,,,,,,,,,,,,/home/ojab2/work/git/vggt/vggt_outputs/ship_1_n87_s42_c0.0_p8700_voxels_farthestpose/eval_results.json,,ship_1_n87_s42_c0.0_p8700_voxels_farthestpose,0.4869,0.027807,87,0.1056,0.0284,0.2389,/home/ojab2/work/git/vggt/vggt_outputs/ship_1_n87_s42_c0.0_p8700_voxels_farthestpose/eval_results.json,ship_1_n87_s42_c0.0_p8700_voxels_farthestpose,,,vggt | voxels,9352.5
vggt,87,42,0.0,8700,voxels,,,,0,10,farthestpose,,,,,,,,,,,0.0,,vggt,drums,,,,,,MCMC,,,,,,,,,,,sfm,synthetic,,,,,,,,,,,,/home/ojab2/work/git/vggt/vggt_outputs/drums_1_n87_s42_c0.0_p8700_voxels_farthestpose/eval_results.json,,drums_1_n87_s42_c0.0_p8700_voxels_farthestpose,0.173,0.01002,87,,,,/home/ojab2/work/git/vggt/vggt_outputs/drums_1_n87_s42_c0.0_p8700_voxels_farthestpose/eval_results.json,drums_1_n87_s42_c0.0_p8700_voxels_farthestpose,,,vggt | voxels,9352.5
vggt,100,42,0.0,10000,voxels,,,,0,10,farthestpose,100,GT Eval,GT Extrinsics,GT Intrinsics,,,,,,,0.0,,vggt,bonsai,,,15000,15000,,MCMC,,,,,,,,,,,gsplat,indoor,26.4061336517334,0.2381080538034439,0.8421686887741089,1000000,2.3609873440455227e-16,1.8533395405029296e-06,,,0.7409512526691541,0.21255852619179105,9447,/home/ojab2/work/git/gsplat/results/vggt_outputs/bonsai_2_n100_s42_c0.0_p10000_voxels_farthestpose_i100_gteval_gtext_gtint_steps15000/stats/val_step14999.json,/home/ojab2/work/git/gsplat/results/vggt_outputs/bonsai_2_n100_s42_c0.0_p10000_voxels_farthestpose_i100_gteval_gtext_gtint_steps15000/stats/val_step14999.json,bonsai_2_n100_s42_c0.0_p10000_voxels_farthestpose_i100_gteval_gtext_gtint_steps15000,0.7215,0.105749,100,,,,/home/ojab2/work/git/vggt/vggt_outputs/bonsai_2_n100_s42_c0.0_p10000_voxels_farthestpose/eval_results.json,bonsai_2_n100_s42_c0.0_p10000_voxels_farthestpose,bonsai_2_n100_s42_c0.0_p10000_voxels_farthestpose_i100_gteval_gtext_gtint_steps15000_val_step14999.json,9447,vggt | voxels,10750.0
vggt,100,42,0.0,10000,voxels,,,,0,10,farthestpose,100,GT Eval,GT Extrinsics,GT Intrinsics,,,,,,,0.0,,vggt,kitchen,,,15000,15000,,MCMC,,,,,,,,,,,gsplat,indoor,26.013948440551758,0.15349452197551727,0.8794168829917908,1000000,1.7937598195158597e-16,7.697007049500826e-07,,,0.8077017084935642,0.1677497174105398,9872,/home/ojab2/work/git/gsplat/results/vggt_outputs/kitchen_2_n100_s42_c0.0_p10000_voxels_farthestpose_i100_gteval_gtext_gtint_steps15000/stats/val_step14999.json,/home/ojab2/work/git/gsplat/results/vggt_outputs/kitchen_2_n100_s42_c0.0_p10000_voxels_farthestpose_i100_gteval_gtext_gtint_steps15000/stats/val_step14999.json,kitchen_2_n100_s42_c0.0_p10000_voxels_farthestpose_i100_gteval_gtext_gtint_steps15000,0.3392,0.031011,100,,,,/home/ojab2/work/git/vggt/vggt_outputs/kitchen_2_n100_s42_c0.0_p10000_voxels_farthestpose/eval_results.json,kitchen_2_n100_s42_c0.0_p10000_voxels_farthestpose,kitchen_2_n100_s42_c0.0_p10000_voxels_farthestpose_i100_gteval_gtext_gtint_steps15000_val_step14999.json,9872,vggt | voxels,10750.0
vggt,100,42,0.0,10000,voxels,,,,0,10,farthestpose,100,GT Eval,GT Extrinsics,GT Intrinsics,,,,,,,0.0,,vggt,counter,,,15000,15000,,MCMC,,,,,,,,,,,gsplat,indoor,24.930274963378906,0.22627811133861542,0.8441130518913269,1000000,2.4237257509596686e-16,4.5052377117826836e-07,,,0.7220600242929229,0.20810559350562233,9781,/home/ojab2/work/git/gsplat/results/vggt_outputs/counter_2_n100_s42_c0.0_p10000_voxels_farthestpose_i100_gteval_gtext_gtint_steps15000/stats/val_step14999.json,/home/ojab2/work/git/gsplat/results/vggt_outputs/counter_2_n100_s42_c0.0_p10000_voxels_farthestpose_i100_gteval_gtext_gtint_steps15000/stats/val_step14999.json,counter_2_n100_s42_c0.0_p10000_voxels_farthestpose_i100_gteval_gtext_gtint_steps15000,0.3433,0.032901,100,,,,/home/ojab2/work/git/vggt/vggt_outputs/counter_2_n100_s42_c0.0_p10000_voxels_farthestpose/eval_results.json,counter_2_n100_s42_c0.0_p10000_voxels_farthestpose,counter_2_n100_s42_c0.0_p10000_voxels_farthestpose_i100_gteval_gtext_gtint_steps15000_val_step14999.json,9781,vggt | voxels,10750.0
vggt,100,42,0.0,10000,voxels,,,,0,10,farthestpose,100,GT Eval,GT Extrinsics,GT Intrinsics,,,,,,,0.0,,vggt,bicycle,,,15000,15000,,MCMC,,,,,,,,,,,gsplat,outdoor,22.318387985229492,0.4283887445926666,0.5500414371490479,1000000,2.4992570023553147e-16,1.7373426430822292e-07,,,0.37696039223531536,0.3683472697938366,9795,/home/ojab2/work/git/gsplat/results/vggt_outputs/bicycle_4_n100_s42_c0.0_p10000_voxels_farthestpose_i100_gteval_gtext_gtint_steps15000/stats/val_step14999.json,/home/ojab2/work/git/gsplat/results/vggt_outputs/bicycle_4_n100_s42_c0.0_p10000_voxels_farthestpose_i100_gteval_gtext_gtint_steps15000/stats/val_step14999.json,bicycle_4_n100_s42_c0.0_p10000_voxels_farthestpose_i100_gteval_gtext_gtint_steps15000,0.7161,0.065623,100,,,,/home/ojab2/work/git/vggt/vggt_outputs/bicycle_4_n100_s42_c0.0_p10000_voxels_farthestpose/eval_results.json,bicycle_4_n100_s42_c0.0_p10000_voxels_farthestpose,bicycle_4_n100_s42_c0.0_p10000_voxels_farthestpose_i100_gteval_gtext_gtint_steps15000_val_step14999.json,9795,vggt | voxels,10750.0
vggt,100,42,0.0,10000,voxels,,,,0,10,farthestpose,100,GT Eval,GT Extrinsics,GT Intrinsics,,,,,,,0.0,,vggt,garden,,,15000,15000,,MCMC,,,,,,,,,,,gsplat,outdoor,23.388893127441406,0.34288543462753296,0.6566104292869568,1000000,2.398697780252876e-16,1.0945809663098771e-06,,,0.5118854305355327,0.31115417850992316,9749,/home/ojab2/work/git/gsplat/results/vggt_outputs/garden_2_n100_s42_c0.0_p10000_voxels_farthestpose_i100_gteval_gtext_gtint_steps15000/stats/val_step14999.json,/home/ojab2/work/git/gsplat/results/vggt_outputs/garden_2_n100_s42_c0.0_p10000_voxels_farthestpose_i100_gteval_gtext_gtint_steps15000/stats/val_step14999.json,garden_2_n100_s42_c0.0_p10000_voxels_farthestpose_i100_gteval_gtext_gtint_steps15000,0.3733,0.026869,100,,,,/home/ojab2/work/git/vggt/vggt_outputs/garden_2_n100_s42_c0.0_p10000_voxels_farthestpose/eval_results.json,garden_2_n100_s42_c0.0_p10000_voxels_farthestpose,garden_2_n100_s42_c0.0_p10000_voxels_farthestpose_i100_gteval_gtext_gtint_steps15000_val_step14999.json,9749,vggt | voxels,10750.0
vggt,100,42,0.0,10000,voxels,,,,0,10,farthestpose,100,GT Eval,GT Extrinsics,GT Intrinsics,,,,,,,0.0,,vggt,stump,,,15000,15000,,MCMC,,,,,,,,,,,gsplat,outdoor,24.71852684020996,0.40537989139556885,0.6977386474609375,1000000,1.2680738347442018e-16,1.7018782045852276e-06,,,0.5219830414782569,0.3195123045789632,9884,/home/ojab2/work/git/gsplat/results/vggt_outputs/stump_2_n100_s42_c0.0_p10000_voxels_farthestpose_i100_gteval_gtext_gtint_steps15000/stats/val_step14999.json,/home/ojab2/work/git/gsplat/results/vggt_outputs/stump_2_n100_s42_c0.0_p10000_voxels_farthestpose_i100_gteval_gtext_gtint_steps15000/stats/val_step14999.json,stump_2_n100_s42_c0.0_p10000_voxels_farthestpose_i100_gteval_gtext_gtint_steps15000,0.8558,0.162829,100,,,,/home/ojab2/work/git/vggt/vggt_outputs/stump_2_n100_s42_c0.0_p10000_voxels_farthestpose/eval_results.json,stump_2_n100_s42_c0.0_p10000_voxels_farthestpose,stump_2_n100_s42_c0.0_p10000_voxels_farthestpose_i100_gteval_gtext_gtint_steps15000_val_step14999.json,9884,vggt | voxels,10750.0
vggt,87,42,0.0,43500,voxels,,,,0,10,farthestpose,87,GT Eval,GT Extrinsics,GT Intrinsics,,,,,,,0.0,,vggt,lego,,,15000,15000,,MCMC,,,,,,,,,,,gsplat,synthetic,33.25270080566406,0.03216036409139633,0.9806255102157593,1000000,3.1465045235054795e-16,0.009546793065965176,0.07417770475149155,0.01753721758723259,1.0758366382513205,0.05727516583548374,42004,/home/ojab2/work/git/gsplat/results/vggt_outputs/lego_1_n87_s42_c0.0_p43500_voxels_farthestpose_i87_gteval_gtext_gtint_steps15000/stats/val_step14999.json,/home/ojab2/work/git/gsplat/results/vggt_outputs/lego_1_n87_s42_c0.0_p43500_voxels_farthestpose_i87_gteval_gtext_gtint_steps15000/stats/val_step14999.json,lego_1_n87_s42_c0.0_p43500_voxels_farthestpose_i87_gteval_gtext_gtint_steps15000,0.2976,0.018838,87,0.0478,0.0135,0.118,/home/ojab2/work/git/vggt/vggt_outputs/lego_1_n87_s42_c0.0_p43500_voxels_farthestpose/eval_results.json,lego_1_n87_s42_c0.0_p43500_voxels_farthestpose,lego_1_n87_s42_c0.0_p43500_voxels_farthestpose_i87_gteval_gtext_gtint_steps15000_val_step14999.json,42004,vggt | voxels,46762.5
vggt,87,42,0.0,43500,voxels,,,,0,10,farthestpose,,,,,,,,,,,0.0,,vggt,ship,,,,,,MCMC,,,,,,,,,,,sfm,synthetic,,,,,,,,,,,,/home/ojab2/work/git/vggt/vggt_outputs/ship_1_n87_s42_c0.0_p43500_voxels_farthestpose/eval_results.json,,ship_1_n87_s42_c0.0_p43500_voxels_farthestpose,0.4869,0.027807,87,0.1056,0.0284,0.2389,/home/ojab2/work/git/vggt/vggt_outputs/ship_1_n87_s42_c0.0_p43500_voxels_farthestpose/eval_results.json,ship_1_n87_s42_c0.0_p43500_voxels_farthestpose,,,vggt | voxels,46762.5
vggt,87,42,0.0,43500,voxels,,,,0,10,farthestpose,,,,,,,,,,,0.0,,vggt,drums,,,,,,MCMC,,,,,,,,,,,sfm,synthetic,,,,,,,,,,,,/home/ojab2/work/git/vggt/vggt_outputs/drums_1_n87_s42_c0.0_p43500_voxels_farthestpose/eval_results.json,,drums_1_n87_s42_c0.0_p43500_voxels_farthestpose,0.173,0.01002,87,,,,/home/ojab2/work/git/vggt/vggt_outputs/drums_1_n87_s42_c0.0_p43500_voxels_farthestpose/eval_results.json,drums_1_n87_s42_c0.0_p43500_voxels_farthestpose,,,vggt | voxels,46762.5
vggt,100,42,0.0,50000,voxels,,,,0,10,farthestpose,100,GT Eval,GT Extrinsics,GT Intrinsics,,,,,,,0.0,,vggt,bonsai,,,15000,15000,,MCMC,,,,,,,,,,,gsplat,indoor,26.118576049804688,0.2156837433576584,0.8385016322135925,1000000,1.8178282607120907e-16,3.4746852861644584e-07,,,0.7473238013137695,0.20666552345287847,48798,/home/ojab2/work/git/gsplat/results/vggt_outputs/bonsai_2_n100_s42_c0.0_p50000_voxels_farthestpose_i100_gteval_gtext_gtint_steps15000/stats/val_step14999.json,/home/ojab2/work/git/gsplat/results/vggt_outputs/bonsai_2_n100_s42_c0.0_p50000_voxels_farthestpose_i100_gteval_gtext_gtint_steps15000/stats/val_step14999.json,bonsai_2_n100_s42_c0.0_p50000_voxels_farthestpose_i100_gteval_gtext_gtint_steps15000,0.7215,0.105749,100,,,,/home/ojab2/work/git/vggt/vggt_outputs/bonsai_2_n100_s42_c0.0_p50000_voxels_farthestpose/eval_results.json,bonsai_2_n100_s42_c0.0_p50000_voxels_farthestpose,bonsai_2_n100_s42_c0.0_p50000_voxels_farthestpose_i100_gteval_gtext_gtint_steps15000_val_step14999.json,48798,vggt | voxels,53750.0
vggt,100,42,0.0,50000,voxels,,,,0,10,farthestpose,100,GT Eval,GT Extrinsics,GT Intrinsics,,,,,,,0.0,,vggt,kitchen,,,15000,15000,,MCMC,,,,,,,,,,,gsplat,indoor,25.632793426513672,0.14216439425945282,0.8866281509399414,1000000,2.6811046529167683e-16,7.270575110851496e-07,,,0.8118543040643967,0.1605350894432205,49886,/home/ojab2/work/git/gsplat/results/vggt_outputs/kitchen_2_n100_s42_c0.0_p50000_voxels_farthestpose_i100_gteval_gtext_gtint_steps15000/stats/val_step14999.json,/home/ojab2/work/git/gsplat/results/vggt_outputs/kitchen_2_n100_s42_c0.0_p50000_voxels_farthestpose_i100_gteval_gtext_gtint_steps15000/stats/val_step14999.json,kitchen_2_n100_s42_c0.0_p50000_voxels_farthestpose_i100_gteval_gtext_gtint_steps15000,0.3392,0.031011,100,,,,/home/ojab2/work/git/vggt/vggt_outputs/kitchen_2_n100_s42_c0.0_p50000_voxels_farthestpose/eval_results.json,kitchen_2_n100_s42_c0.0_p50000_voxels_farthestpose,kitchen_2_n100_s42_c0.0_p50000_voxels_farthestpose_i100_gteval_gtext_gtint_steps15000_val_step14999.json,49886,vggt | voxels,53750.0
vggt,100,42,0.0,50000,voxels,,,,0,10,farthestpose,100,GT Eval,GT Extrinsics,GT Intrinsics,,,,,,,0.0,,vggt,counter,,,15000,15000,,MCMC,,,,,,,,,,,gsplat,indoor,24.814828872680664,0.1988701969385147,0.8556968569755554,1000000,1.406891152793953e-16,2.903328777392744e-07,,,0.7436147544235281,0.19401425209358686,48987,/home/ojab2/work/git/gsplat/results/vggt_outputs/counter_2_n100_s42_c0.0_p50000_voxels_farthestpose_i100_gteval_gtext_gtint_steps15000/stats/val_step14999.json,/home/ojab2/work/git/gsplat/results/vggt_outputs/counter_2_n100_s42_c0.0_p50000_voxels_farthestpose_i100_gteval_gtext_gtint_steps15000/stats/val_step14999.json,counter_2_n100_s42_c0.0_p50000_voxels_farthestpose_i100_gteval_gtext_gtint_steps15000,0.3433,0.032901,100,,,,/home/ojab2/work/git/vggt/vggt_outputs/counter_2_n100_s42_c0.0_p50000_voxels_farthestpose/eval_results.json,counter_2_n100_s42_c0.0_p50000_voxels_farthestpose,counter_2_n100_s42_c0.0_p50000_voxels_farthestpose_i100_gteval_gtext_gtint_steps15000_val_step14999.json,48987,vggt | voxels,53750.0
vggt,100,42,0.0,50000,voxels,,,,0,10,farthestpose,100,GT Eval,GT Extrinsics,GT Intrinsics,,,,,,,0.0,,vggt,bicycle,,,15000,15000,,MCMC,,,,,,,,,,,gsplat,outdoor,22.5551700592041,0.3333786725997925,0.5948579907417297,1000000,2.0355212868101622e-16,2.4527139430574607e-07,,,0.4662019489181747,0.32514625588224966,48986,/home/ojab2/work/git/gsplat/results/vggt_outputs/bicycle_4_n100_s42_c0.0_p50000_voxels_farthestpose_i100_gteval_gtext_gtint_steps15000/stats/val_step14999.json,/home/ojab2/work/git/gsplat/results/vggt_outputs/bicycle_4_n100_s42_c0.0_p50000_voxels_farthestpose_i100_gteval_gtext_gtint_steps15000/stats/val_step14999.json,bicycle_4_n100_s42_c0.0_p50000_voxels_farthestpose_i100_gteval_gtext_gtint_steps15000,0.7161,0.065623,100,,,,/home/ojab2/work/git/vggt/vggt_outputs/bicycle_4_n100_s42_c0.0_p50000_voxels_farthestpose/eval_results.json,bicycle_4_n100_s42_c0.0_p50000_voxels_farthestpose,bicycle_4_n100_s42_c0.0_p50000_voxels_farthestpose_i100_gteval_gtext_gtint_steps15000_val_step14999.json,48986,vggt | voxels,53750.0
vggt,100,42,0.0,50000,voxels,,,,0,10,farthestpose,100,GT Eval,GT Extrinsics,GT Intrinsics,,,,,,,0.0,,vggt,garden,,,15000,15000,,MCMC,,,,,,,,,,,gsplat,outdoor,23.27259635925293,0.3009081482887268,0.6862542033195496,1000000,1.9831190641326829e-16,1.5168541267485125e-06,,,0.552979232197539,0.2885817557378197,48991,/home/ojab2/work/git/gsplat/results/vggt_outputs/garden_2_n100_s42_c0.0_p50000_voxels_farthestpose_i100_gteval_gtext_gtint_steps15000/stats/val_step14999.json,/home/ojab2/work/git/gsplat/results/vggt_outputs/garden_2_n100_s42_c0.0_p50000_voxels_farthestpose_i100_gteval_gtext_gtint_steps15000/stats/val_step14999.json,garden_2_n100_s42_c0.0_p50000_voxels_farthestpose_i100_gteval_gtext_gtint_steps15000,0.3733,0.026869,100,,,,/home/ojab2/work/git/vggt/vggt_outputs/garden_2_n100_s42_c0.0_p50000_voxels_farthestpose/eval_results.json,garden_2_n100_s42_c0.0_p50000_voxels_farthestpose,garden_2_n100_s42_c0.0_p50000_voxels_farthestpose_i100_gteval_gtext_gtint_steps15000_val_step14999.json,48991,vggt | voxels,53750.0
vggt,100,42,0.0,50000,voxels,,,,0,10,farthestpose,100,GT Eval,GT Extrinsics,GT Intrinsics,,,,,,,0.0,,vggt,stump,,,15000,15000,,MCMC,,,,,,,,,,,gsplat,outdoor,25.489931106567383,0.3287353515625,0.7325347661972046,1000000,2.698973077636894e-16,2.3455095288227312e-06,,,0.6039283574595709,0.2829102290485276,49238,/home/ojab2/work/git/gsplat/results/vggt_outputs/stump_2_n100_s42_c0.0_p50000_voxels_farthestpose_i100_gteval_gtext_gtint_steps15000/stats/val_step14999.json,/home/ojab2/work/git/gsplat/results/vggt_outputs/stump_2_n100_s42_c0.0_p50000_voxels_farthestpose_i100_gteval_gtext_gtint_steps15000/stats/val_step14999.json,stump_2_n100_s42_c0.0_p50000_voxels_farthestpose_i100_gteval_gtext_gtint_steps15000,0.8558,0.162829,100,,,,/home/ojab2/work/git/vggt/vggt_outputs/stump_2_n100_s42_c0.0_p50000_voxels_farthestpose/eval_results.json,stump_2_n100_s42_c0.0_p50000_voxels_farthestpose,stump_2_n100_s42_c0.0_p50000_voxels_farthestpose_i100_gteval_gtext_gtint_steps15000_val_step14999.json,49238,vggt | voxels,53750.0
vggt,87,42,0.0,87000,voxels,,,,0,10,farthestpose,87,GT Eval,GT Extrinsics,GT Intrinsics,,,,,,,0.0,,vggt,lego,,,15000,15000,,MCMC,,,,,,,,,,,gsplat,synthetic,33.301055908203125,0.03182912990450859,0.9807707071304321,1000000,3.3552968215146844e-16,0.009531620889902115,0.07330238074064255,0.017330532893538475,1.0770214791370334,0.05698882573214528,86657,/home/ojab2/work/git/gsplat/results/vggt_outputs/lego_1_n87_s42_c0.0_p87000_voxels_farthestpose_i87_gteval_gtext_gtint_steps15000/stats/val_step14999.json,/home/ojab2/work/git/gsplat/results/vggt_outputs/lego_1_n87_s42_c0.0_p87000_voxels_farthestpose_i87_gteval_gtext_gtint_steps15000/stats/val_step14999.json,lego_1_n87_s42_c0.0_p87000_voxels_farthestpose_i87_gteval_gtext_gtint_steps15000,0.2976,0.018838,87,0.0478,0.0135,0.118,/home/ojab2/work/git/vggt/vggt_outputs/lego_1_n87_s42_c0.0_p87000_voxels_farthestpose/eval_results.json,lego_1_n87_s42_c0.0_p87000_voxels_farthestpose,lego_1_n87_s42_c0.0_p87000_voxels_farthestpose_i87_gteval_gtext_gtint_steps15000_val_step14999.json,86657,vggt | voxels,93525.0
vggt,87,42,0.0,87000,voxels,,,,0,10,farthestpose,,,,,,,,,,,0.0,,vggt,ship,,,,,,MCMC,,,,,,,,,,,sfm,synthetic,,,,,,,,,,,,/home/ojab2/work/git/vggt/vggt_outputs/ship_1_n87_s42_c0.0_p87000_voxels_farthestpose/eval_results.json,,ship_1_n87_s42_c0.0_p87000_voxels_farthestpose,0.4869,0.027807,87,0.1056,0.0284,0.2389,/home/ojab2/work/git/vggt/vggt_outputs/ship_1_n87_s42_c0.0_p87000_voxels_farthestpose/eval_results.json,ship_1_n87_s42_c0.0_p87000_voxels_farthestpose,,,vggt | voxels,93525.0
vggt,87,42,0.0,87000,voxels,,,,0,10,farthestpose,,,,,,,,,,,0.0,,vggt,drums,,,,,,MCMC,,,,,,,,,,,sfm,synthetic,,,,,,,,,,,,/home/ojab2/work/git/vggt/vggt_outputs/drums_1_n87_s42_c0.0_p87000_voxels_farthestpose/eval_results.json,,drums_1_n87_s42_c0.0_p87000_voxels_farthestpose,0.173,0.01002,87,,,,/home/ojab2/work/git/vggt/vggt_outputs/drums_1_n87_s42_c0.0_p87000_voxels_farthestpose/eval_results.json,drums_1_n87_s42_c0.0_p87000_voxels_farthestpose,,,vggt | voxels,93525.0
vggt,100,42,0.0,100000,voxels,,,,0,10,farthestpose,100,GT Eval,GT Extrinsics,GT Intrinsics,,,,,,,0.0,,vggt,bonsai,,,15000,15000,,MCMC,,,,,,,,,,,gsplat,indoor,25.986146926879883,0.2110239714384079,0.8331863284111023,1000000,1.9404206626571856e-16,1.248051603397471e-06,,,0.7446394477710079,0.20732405911751287,99753,/home/ojab2/work/git/gsplat/results/vggt_outputs/bonsai_2_n100_s42_c0.0_p100000_voxels_farthestpose_i100_gteval_gtext_gtint_steps15000/stats/val_step14999.json,/home/ojab2/work/git/gsplat/results/vggt_outputs/bonsai_2_n100_s42_c0.0_p100000_voxels_farthestpose_i100_gteval_gtext_gtint_steps15000/stats/val_step14999.json,bonsai_2_n100_s42_c0.0_p100000_voxels_farthestpose_i100_gteval_gtext_gtint_steps15000,0.7215,0.105749,100,,,,/home/ojab2/work/git/vggt/vggt_outputs/bonsai_2_n100_s42_c0.0_p100000_voxels_farthestpose/eval_results.json,bonsai_2_n100_s42_c0.0_p100000_voxels_farthestpose,bonsai_2_n100_s42_c0.0_p100000_voxels_farthestpose_i100_gteval_gtext_gtint_steps15000_val_step14999.json,99753,vggt | voxels,107500.0
vggt,100,42,0.0,100000,voxels,,,,0,10,farthestpose,100,GT Eval,GT Extrinsics,GT Intrinsics,,,,,,,0.0,,vggt,kitchen,,,15000,15000,,MCMC,,,,,,,,,,,gsplat,indoor,25.261743545532227,0.1443396508693695,0.8856720328330994,1000000,3.524412508087722e-16,1.171069584415818e-06,,,0.8030811255825581,0.16181372024518478,94297,/home/ojab2/work/git/gsplat/results/vggt_outputs/kitchen_2_n100_s42_c0.0_p100000_voxels_farthestpose_i100_gteval_gtext_gtint_steps15000/stats/val_step14999.json,/home/ojab2/work/git/gsplat/results/vggt_outputs/kitchen_2_n100_s42_c0.0_p100000_voxels_farthestpose_i100_gteval_gtext_gtint_steps15000/stats/val_step14999.json,kitchen_2_n100_s42_c0.0_p100000_voxels_farthestpose_i100_gteval_gtext_gtint_steps15000,0.3392,0.031011,100,,,,/home/ojab2/work/git/vggt/vggt_outputs/kitchen_2_n100_s42_c0.0_p100000_voxels_farthestpose/eval_results.json,kitchen_2_n100_s42_c0.0_p100000_voxels_farthestpose,kitchen_2_n100_s42_c0.0_p100000_voxels_farthestpose_i100_gteval_gtext_gtint_steps15000_val_step14999.json,94297,vggt | voxels,107500.0
vggt,100,42,0.0,100000,voxels,,,,0,10,farthestpose,100,GT Eval,GT Extrinsics,GT Intrinsics,,,,,,,0.0,,vggt,counter,,,15000,15000,,MCMC,,,,,,,,,,,gsplat,indoor,24.64201545715332,0.20022547245025635,0.8523991703987122,1000000,2.200931204238962e-16,1.2765195833708276e-06,,,0.7376494444834094,0.1959493306186751,95042,/home/ojab2/work/git/gsplat/results/vggt_outputs/counter_2_n100_s42_c0.0_p100000_voxels_farthestpose_i100_gteval_gtext_gtint_steps15000/stats/val_step14999.json,/home/ojab2/work/git/gsplat/results/vggt_outputs/counter_2_n100_s42_c0.0_p100000_voxels_farthestpose_i100_gteval_gtext_gtint_steps15000/stats/val_step14999.json,counter_2_n100_s42_c0.0_p100000_voxels_farthestpose_i100_gteval_gtext_gtint_steps15000,0.3433,0.032901,100,,,,/home/ojab2/work/git/vggt/vggt_outputs/counter_2_n100_s42_c0.0_p100000_voxels_farthestpose/eval_results.json,counter_2_n100_s42_c0.0_p100000_voxels_farthestpose,counter_2_n100_s42_c0.0_p100000_voxels_farthestpose_i100_gteval_gtext_gtint_steps15000_val_step14999.json,95042,vggt | voxels,107500.0
vggt,100,42,0.0,100000,voxels,,,,0,10,farthestpose,100,GT Eval,GT Extrinsics,GT Intrinsics,,,,,,,0.0,,vggt,bicycle,,,15000,15000,,MCMC,,,,,,,,,,,gsplat,outdoor,22.526376724243164,0.3095274269580841,0.6012303233146667,1000000,3.0437051639553494e-16,1.0550322713243077e-06,,,0.484118240424919,0.3155329723610615,99373,/home/ojab2/work/git/gsplat/results/vggt_outputs/bicycle_4_n100_s42_c0.0_p100000_voxels_farthestpose_i100_gteval_gtext_gtint_steps15000/stats/val_step14999.json,/home/ojab2/work/git/gsplat/results/vggt_outputs/bicycle_4_n100_s42_c0.0_p100000_voxels_farthestpose_i100_gteval_gtext_gtint_steps15000/stats/val_step14999.json,bicycle_4_n100_s42_c0.0_p100000_voxels_farthestpose_i100_gteval_gtext_gtint_steps15000,0.7161,0.065623,100,,,,/home/ojab2/work/git/vggt/vggt_outputs/bicycle_4_n100_s42_c0.0_p100000_voxels_farthestpose/eval_results.json,bicycle_4_n100_s42_c0.0_p100000_voxels_farthestpose,bicycle_4_n100_s42_c0.0_p100000_voxels_farthestpose_i100_gteval_gtext_gtint_steps15000_val_step14999.json,99373,vggt | voxels,107500.0
vggt,100,42,0.0,100000,voxels,,,,0,10,farthestpose,100,GT Eval,GT Extrinsics,GT Intrinsics,,,,,,,0.0,,vggt,garden,,,15000,15000,,MCMC,,,,,,,,,,,gsplat,outdoor,23.398601531982422,0.2768617868423462,0.6995224952697754,1000000,1.3094711142033776e-16,9.056166163645685e-07,,,0.5779153293723638,0.2765308084058369,95885,/home/ojab2/work/git/gsplat/results/vggt_outputs/garden_2_n100_s42_c0.0_p100000_voxels_farthestpose_i100_gteval_gtext_gtint_steps15000/stats/val_step14999.json,/home/ojab2/work/git/gsplat/results/vggt_outputs/garden_2_n100_s42_c0.0_p100000_voxels_farthestpose_i100_gteval_gtext_gtint_steps15000/stats/val_step14999.json,garden_2_n100_s42_c0.0_p100000_voxels_farthestpose_i100_gteval_gtext_gtint_steps15000,0.3733,0.026869,100,,,,/home/ojab2/work/git/vggt/vggt_outputs/garden_2_n100_s42_c0.0_p100000_voxels_farthestpose/eval_results.json,garden_2_n100_s42_c0.0_p100000_voxels_farthestpose,garden_2_n100_s42_c0.0_p100000_voxels_farthestpose_i100_gteval_gtext_gtint_steps15000_val_step14999.json,95885,vggt | voxels,107500.0
vggt,100,42,0.0,100000,voxels,,,,0,10,farthestpose,100,GT Eval,GT Extrinsics,GT Intrinsics,,,,,,,0.0,,vggt,stump,,,15000,15000,,MCMC,,,,,,,,,,,gsplat,outdoor,25.607698440551758,0.3098204731941223,0.7374516725540161,1000000,1.9252533465965153e-16,2.2267945496423636e-06,,,0.6206604686939073,0.2749881742917393,99804,/home/ojab2/work/git/gsplat/results/vggt_outputs/stump_2_n100_s42_c0.0_p100000_voxels_farthestpose_i100_gteval_gtext_gtint_steps15000/stats/val_step14999.json,/home/ojab2/work/git/gsplat/results/vggt_outputs/stump_2_n100_s42_c0.0_p100000_voxels_farthestpose_i100_gteval_gtext_gtint_steps15000/stats/val_step14999.json,stump_2_n100_s42_c0.0_p100000_voxels_farthestpose_i100_gteval_gtext_gtint_steps15000,0.8558,0.162829,100,,,,/home/ojab2/work/git/vggt/vggt_outputs/stump_2_n100_s42_c0.0_p100000_voxels_farthestpose/eval_results.json,stump_2_n100_s42_c0.0_p100000_voxels_farthestpose,stump_2_n100_s42_c0.0_p100000_voxels_farthestpose_i100_gteval_gtext_gtint_steps15000_val_step14999.json,99804,vggt | voxels,107500.0
vggt,87,42,0.0,435000,voxels,,,,0,10,farthestpose,87,GT Eval,GT Extrinsics,GT Intrinsics,,,,,,,0.0,,vggt,lego,,,15000,15000,,MCMC,,,,,,,,,,,gsplat,synthetic,33.24080276489258,0.03137151524424553,0.9801467657089233,1000000,3.3094389871459286e-16,0.009512195363640785,0.07173837721347809,0.016957953572273254,1.0758232803479117,0.057582391738386376,385832,/home/ojab2/work/git/gsplat/results/vggt_outputs/lego_1_n87_s42_c0.0_p435000_voxels_farthestpose_i87_gteval_gtext_gtint_steps15000/stats/val_step14999.json,/home/ojab2/work/git/gsplat/results/vggt_outputs/lego_1_n87_s42_c0.0_p435000_voxels_farthestpose_i87_gteval_gtext_gtint_steps15000/stats/val_step14999.json,lego_1_n87_s42_c0.0_p435000_voxels_farthestpose_i87_gteval_gtext_gtint_steps15000,0.2976,0.018838,87,0.0478,0.0135,0.118,/home/ojab2/work/git/vggt/vggt_outputs/lego_1_n87_s42_c0.0_p435000_voxels_farthestpose/eval_results.json,lego_1_n87_s42_c0.0_p435000_voxels_farthestpose,lego_1_n87_s42_c0.0_p435000_voxels_farthestpose_i87_gteval_gtext_gtint_steps15000_val_step14999.json,385832,vggt | voxels,467625.0
vggt,87,42,0.0,435000,voxels,,,,0,10,farthestpose,,,,,,,,,,,0.0,,vggt,ship,,,,,,MCMC,,,,,,,,,,,sfm,synthetic,,,,,,,,,,,,/home/ojab2/work/git/vggt/vggt_outputs/ship_1_n87_s42_c0.0_p435000_voxels_farthestpose/eval_results.json,,ship_1_n87_s42_c0.0_p435000_voxels_farthestpose,0.4869,0.027807,87,0.1056,0.0284,0.2389,/home/ojab2/work/git/vggt/vggt_outputs/ship_1_n87_s42_c0.0_p435000_voxels_farthestpose/eval_results.json,ship_1_n87_s42_c0.0_p435000_voxels_farthestpose,,,vggt | voxels,467625.0
vggt,87,42,0.0,435000,voxels,,,,0,10,farthestpose,,,,,,,,,,,0.0,,vggt,drums,,,,,,MCMC,,,,,,,,,,,sfm,synthetic,,,,,,,,,,,,/home/ojab2/work/git/vggt/vggt_outputs/drums_1_n87_s42_c0.0_p435000_voxels_farthestpose/eval_results.json,,drums_1_n87_s42_c0.0_p435000_voxels_farthestpose,0.173,0.01002,87,,,,/home/ojab2/work/git/vggt/vggt_outputs/drums_1_n87_s42_c0.0_p435000_voxels_farthestpose/eval_results.json,drums_1_n87_s42_c0.0_p435000_voxels_farthestpose,,,vggt | voxels,467625.0
vggt,100,42,0.0,500000,voxels,,,,0,10,farthestpose,100,GT Eval,GT Extrinsics,GT Intrinsics,,,,,,,0.0,,vggt,bonsai,,,15000,15000,,MCMC,,,,,,,,,,,gsplat,indoor,24.892101287841797,0.22389371693134308,0.8108347058296204,1000000,3.550873817359946e-16,1.4557044778484851e-06,,,0.7033639316864027,0.22068897046561511,490211,/home/ojab2/work/git/gsplat/results/vggt_outputs/bonsai_2_n100_s42_c0.0_p500000_voxels_farthestpose_i100_gteval_gtext_gtint_steps15000/stats/val_step14999.json,/home/ojab2/work/git/gsplat/results/vggt_outputs/bonsai_2_n100_s42_c0.0_p500000_voxels_farthestpose_i100_gteval_gtext_gtint_steps15000/stats/val_step14999.json,bonsai_2_n100_s42_c0.0_p500000_voxels_farthestpose_i100_gteval_gtext_gtint_steps15000,0.7215,0.105749,100,,,,/home/ojab2/work/git/vggt/vggt_outputs/bonsai_2_n100_s42_c0.0_p500000_voxels_farthestpose/eval_results.json,bonsai_2_n100_s42_c0.0_p500000_voxels_farthestpose,bonsai_2_n100_s42_c0.0_p500000_voxels_farthestpose_i100_gteval_gtext_gtint_steps15000_val_step14999.json,490211,vggt | voxels,537500.0
vggt,100,42,0.0,500000,voxels,,,,0,10,farthestpose,100,GT Eval,GT Extrinsics,GT Intrinsics,,,,,,,0.0,,vggt,kitchen,,,15000,15000,,MCMC,,,,,,,,,,,gsplat,indoor,23.76731300354004,0.16440774500370026,0.8737143278121948,1000000,1.5841875894506908e-16,4.719981632206327e-07,,,0.7560259635336914,0.17465829566096874,499438,/home/ojab2/work/git/gsplat/results/vggt_outputs/kitchen_2_n100_s42_c0.0_p500000_voxels_farthestpose_i100_gteval_gtext_gtint_steps15000/stats/val_step14999.json,/home/ojab2/work/git/gsplat/results/vggt_outputs/kitchen_2_n100_s42_c0.0_p500000_voxels_farthestpose_i100_gteval_gtext_gtint_steps15000/stats/val_step14999.json,kitchen_2_n100_s42_c0.0_p500000_voxels_farthestpose_i100_gteval_gtext_gtint_steps15000,0.3392,0.031011,100,,,,/home/ojab2/work/git/vggt/vggt_outputs/kitchen_2_n100_s42_c0.0_p500000_voxels_farthestpose/eval_results.json,kitchen_2_n100_s42_c0.0_p500000_voxels_farthestpose,kitchen_2_n100_s42_c0.0_p500000_voxels_farthestpose_i100_gteval_gtext_gtint_steps15000_val_step14999.json,499438,vggt | voxels,537500.0
vggt,100,42,0.0,500000,voxels,,,,0,10,farthestpose,100,GT Eval,GT Extrinsics,GT Intrinsics,,,,,,,0.0,,vggt,counter,,,15000,15000,,MCMC,,,,,,,,,,,gsplat,indoor,24.03317642211914,0.21771028637886047,0.8416579961776733,1000000,1.741225115591474e-16,3.4039564411614265e-07,,,0.7093001640873191,0.20652772322163743,443521,/home/ojab2/work/git/gsplat/results/vggt_outputs/counter_2_n100_s42_c0.0_p500000_voxels_farthestpose_i100_gteval_gtext_gtint_steps15000/stats/val_step14999.json,/home/ojab2/work/git/gsplat/results/vggt_outputs/counter_2_n100_s42_c0.0_p500000_voxels_farthestpose_i100_gteval_gtext_gtint_steps15000/stats/val_step14999.json,counter_2_n100_s42_c0.0_p500000_voxels_farthestpose_i100_gteval_gtext_gtint_steps15000,0.3433,0.032901,100,,,,/home/ojab2/work/git/vggt/vggt_outputs/counter_2_n100_s42_c0.0_p500000_voxels_farthestpose/eval_results.json,counter_2_n100_s42_c0.0_p500000_voxels_farthestpose,counter_2_n100_s42_c0.0_p500000_voxels_farthestpose_i100_gteval_gtext_gtint_steps15000_val_step14999.json,443521,vggt | voxels,537500.0
vggt,100,42,0.0,500000,voxels,,,,0,10,farthestpose,100,GT Eval,GT Extrinsics,GT Intrinsics,,,,,,,0.0,,vggt,bicycle,,,15000,15000,,MCMC,,,,,,,,,,,gsplat,outdoor,22.182968139648438,0.304720401763916,0.5825092196464539,1000000,2.014941827263231e-16,2.7735075036616763e-07,,,0.46977810785319607,0.3189683131789206,453587,/home/ojab2/work/git/gsplat/results/vggt_outputs/bicycle_4_n100_s42_c0.0_p500000_voxels_farthestpose_i100_gteval_gtext_gtint_steps15000/stats/val_step14999.json,/home/ojab2/work/git/gsplat/results/vggt_outputs/bicycle_4_n100_s42_c0.0_p500000_voxels_farthestpose_i100_gteval_gtext_gtint_steps15000/stats/val_step14999.json,bicycle_4_n100_s42_c0.0_p500000_voxels_farthestpose_i100_gteval_gtext_gtint_steps15000,0.7161,0.065623,100,,,,/home/ojab2/work/git/vggt/vggt_outputs/bicycle_4_n100_s42_c0.0_p500000_voxels_farthestpose/eval_results.json,bicycle_4_n100_s42_c0.0_p500000_voxels_farthestpose,bicycle_4_n100_s42_c0.0_p500000_voxels_farthestpose_i100_gteval_gtext_gtint_steps15000_val_step14999.json,453587,vggt | voxels,537500.0
vggt,100,42,0.0,500000,voxels,,,,0,10,farthestpose,100,GT Eval,GT Extrinsics,GT Intrinsics,,,,,,,0.0,,vggt,garden,,,15000,15000,,MCMC,,,,,,,,,,,gsplat,outdoor,23.036060333251953,0.291144996881485,0.6873711347579956,1000000,2.3321281374391806e-16,1.5649141005269485e-06,,,0.555278748370673,0.28508255666923066,497419,/home/ojab2/work/git/gsplat/results/vggt_outputs/garden_2_n100_s42_c0.0_p500000_voxels_farthestpose_i100_gteval_gtext_gtint_steps15000/stats/val_step14999.json,/home/ojab2/work/git/gsplat/results/vggt_outputs/garden_2_n100_s42_c0.0_p500000_voxels_farthestpose_i100_gteval_gtext_gtint_steps15000/stats/val_step14999.json,garden_2_n100_s42_c0.0_p500000_voxels_farthestpose_i100_gteval_gtext_gtint_steps15000,0.3733,0.026869,100,,,,/home/ojab2/work/git/vggt/vggt_outputs/garden_2_n100_s42_c0.0_p500000_voxels_farthestpose/eval_results.json,garden_2_n100_s42_c0.0_p500000_voxels_farthestpose,garden_2_n100_s42_c0.0_p500000_voxels_farthestpose_i100_gteval_gtext_gtint_steps15000_val_step14999.json,497419,vggt | voxels,537500.0
vggt,100,42,0.0,500000,voxels,,,,0,10,farthestpose,100,GT Eval,GT Extrinsics,GT Intrinsics,,,,,,,0.0,,vggt,stump,,,15000,15000,,MCMC,,,,,,,,,,,gsplat,outdoor,25.447999954223633,0.30268171429634094,0.7278730273246765,1000000,1.5515912470112831e-16,1.8009218365477864e-06,,,0.6165081836946449,0.2757306511825656,439421,/home/ojab2/work/git/gsplat/results/vggt_outputs/stump_2_n100_s42_c0.0_p500000_voxels_farthestpose_i100_gteval_gtext_gtint_steps15000/stats/val_step14999.json,/home/ojab2/work/git/gsplat/results/vggt_outputs/stump_2_n100_s42_c0.0_p500000_voxels_farthestpose_i100_gteval_gtext_gtint_steps15000/stats/val_step14999.json,stump_2_n100_s42_c0.0_p500000_voxels_farthestpose_i100_gteval_gtext_gtint_steps15000,0.8558,0.162829,100,,,,/home/ojab2/work/git/vggt/vggt_outputs/stump_2_n100_s42_c0.0_p500000_voxels_farthestpose/eval_results.json,stump_2_n100_s42_c0.0_p500000_voxels_farthestpose,stump_2_n100_s42_c0.0_p500000_voxels_farthestpose_i100_gteval_gtext_gtint_steps15000_val_step14999.json,439421,vggt | voxels,537500.0
vggt,87,42,0.0,870000,voxels,,,,0,10,farthestpose,87,GT Eval,GT Extrinsics,GT Intrinsics,,,,,,,0.0,,vggt,lego,,,15000,15000,,MCMC,,,,,,,,,,,gsplat,synthetic,33.287899017333984,0.031024016439914703,0.9803515672683716,1000000,3.874757511170717e-16,0.009506856091320515,0.07085784524679184,0.016749471426010132,1.0770297055995022,0.05722197466350454,706364,/home/ojab2/work/git/gsplat/results/vggt_outputs/lego_1_n87_s42_c0.0_p870000_voxels_farthestpose_i87_gteval_gtext_gtint_steps15000/stats/val_step14999.json,/home/ojab2/work/git/gsplat/results/vggt_outputs/lego_1_n87_s42_c0.0_p870000_voxels_farthestpose_i87_gteval_gtext_gtint_steps15000/stats/val_step14999.json,lego_1_n87_s42_c0.0_p870000_voxels_farthestpose_i87_gteval_gtext_gtint_steps15000,0.2976,0.018838,87,0.0478,0.0135,0.118,/home/ojab2/work/git/vggt/vggt_outputs/lego_1_n87_s42_c0.0_p870000_voxels_farthestpose/eval_results.json,lego_1_n87_s42_c0.0_p870000_voxels_farthestpose,lego_1_n87_s42_c0.0_p870000_voxels_farthestpose_i87_gteval_gtext_gtint_steps15000_val_step14999.json,706364,vggt | voxels,935250.0
vggt,87,42,0.0,870000,voxels,,,,0,10,farthestpose,,,,,,,,,,,0.0,,vggt,ship,,,,,,MCMC,,,,,,,,,,,sfm,synthetic,,,,,,,,,,,,/home/ojab2/work/git/vggt/vggt_outputs/ship_1_n87_s42_c0.0_p870000_voxels_farthestpose/eval_results.json,,ship_1_n87_s42_c0.0_p870000_voxels_farthestpose,0.4869,0.027807,87,0.1056,0.0284,0.2389,/home/ojab2/work/git/vggt/vggt_outputs/ship_1_n87_s42_c0.0_p870000_voxels_farthestpose/eval_results.json,ship_1_n87_s42_c0.0_p870000_voxels_farthestpose,,,vggt | voxels,935250.0
vggt,87,42,0.0,870000,voxels,,,,0,10,farthestpose,,,,,,,,,,,0.0,,vggt,drums,,,,,,MCMC,,,,,,,,,,,sfm,synthetic,,,,,,,,,,,,/home/ojab2/work/git/vggt/vggt_outputs/drums_1_n87_s42_c0.0_p870000_voxels_farthestpose/eval_results.json,,drums_1_n87_s42_c0.0_p870000_voxels_farthestpose,0.173,0.01002,87,,,,/home/ojab2/work/git/vggt/vggt_outputs/drums_1_n87_s42_c0.0_p870000_voxels_farthestpose/eval_results.json,drums_1_n87_s42_c0.0_p870000_voxels_farthestpose,,,vggt | voxels,935250.0
vggt,100,42,0.0,1000000,voxels,,,,0,10,farthestpose,100,GT Eval,GT Extrinsics,GT Intrinsics,,,,,,,0.0,,vggt,bonsai,,,15000,15000,,MCMC,,,,,,,,,,,gsplat,indoor,24.45179557800293,0.23188529908657074,0.8030696511268616,1000000,2.943741247196153e-16,2.1362902771215886e-06,,,0.6857360791780486,0.2264137950836377,798462,/home/ojab2/work/git/gsplat/results/vggt_outputs/bonsai_2_n100_s42_c0.0_p1000000_voxels_farthestpose_i100_gteval_gtext_gtint_steps15000/stats/val_step14999.json,/home/ojab2/work/git/gsplat/results/vggt_outputs/bonsai_2_n100_s42_c0.0_p1000000_voxels_farthestpose_i100_gteval_gtext_gtint_steps15000/stats/val_step14999.json,bonsai_2_n100_s42_c0.0_p1000000_voxels_farthestpose_i100_gteval_gtext_gtint_steps15000,0.7215,0.105749,100,,,,/home/ojab2/work/git/vggt/vggt_outputs/bonsai_2_n100_s42_c0.0_p1000000_voxels_farthestpose/eval_results.json,bonsai_2_n100_s42_c0.0_p1000000_voxels_farthestpose,bonsai_2_n100_s42_c0.0_p1000000_voxels_farthestpose_i100_gteval_gtext_gtint_steps15000_val_step14999.json,798462,vggt | voxels,1075000.0
vggt,100,42,0.0,1000000,voxels,,,,0,10,farthestpose,100,GT Eval,GT Extrinsics,GT Intrinsics,,,,,,,0.0,,vggt,kitchen,,,15000,15000,,MCMC,,,,,,,,,,,gsplat,indoor,22.789501190185547,0.1823456585407257,0.8659294247627258,1000000,2.2128706630261034e-16,3.998586066700227e-07,,,0.7222929763437632,0.18458764183020074,999014,/home/ojab2/work/git/gsplat/results/vggt_outputs/kitchen_2_n100_s42_c0.0_p1000000_voxels_farthestpose_i100_gteval_gtext_gtint_steps15000/stats/val_step14999.json,/home/ojab2/work/git/gsplat/results/vggt_outputs/kitchen_2_n100_s42_c0.0_p1000000_voxels_farthestpose_i100_gteval_gtext_gtint_steps15000/stats/val_step14999.json,kitchen_2_n100_s42_c0.0_p1000000_voxels_farthestpose_i100_gteval_gtext_gtint_steps15000,0.3392,0.031011,100,,,,/home/ojab2/work/git/vggt/vggt_outputs/kitchen_2_n100_s42_c0.0_p1000000_voxels_farthestpose/eval_results.json,kitchen_2_n100_s42_c0.0_p1000000_voxels_farthestpose,kitchen_2_n100_s42_c0.0_p1000000_voxels_farthestpose_i100_gteval_gtext_gtint_steps15000_val_step14999.json,999014,vggt | voxels,1075000.0
vggt,100,42,0.0,1000000,voxels,,,,0,10,farthestpose,100,GT Eval,GT Extrinsics,GT Intrinsics,,,,,,,0.0,,vggt,counter,,,15000,15000,,MCMC,,,,,,,,,,,gsplat,indoor,23.408802032470703,0.24487261474132538,0.8316575288772583,1000000,3.3046926909655484e-16,1.4596948858525138e-06,,,0.6751225795391088,0.2199099439849667,999886,/home/ojab2/work/git/gsplat/results/vggt_outputs/counter_2_n100_s42_c0.0_p1000000_voxels_farthestpose_i100_gteval_gtext_gtint_steps15000/stats/val_step14999.json,/home/ojab2/work/git/gsplat/results/vggt_outputs/counter_2_n100_s42_c0.0_p1000000_voxels_farthestpose_i100_gteval_gtext_gtint_steps15000/stats/val_step14999.json,counter_2_n100_s42_c0.0_p1000000_voxels_farthestpose_i100_gteval_gtext_gtint_steps15000,0.3433,0.032901,100,,,,/home/ojab2/work/git/vggt/vggt_outputs/counter_2_n100_s42_c0.0_p1000000_voxels_farthestpose/eval_results.json,counter_2_n100_s42_c0.0_p1000000_voxels_farthestpose,counter_2_n100_s42_c0.0_p1000000_voxels_farthestpose_i100_gteval_gtext_gtint_steps15000_val_step14999.json,999886,vggt | voxels,1075000.0
vggt,100,42,0.0,1000000,voxels,,,,0,10,farthestpose,100,GT Eval,GT Extrinsics,GT Intrinsics,,,,,,,0.0,,vggt,bicycle,,,15000,15000,,MCMC,,,,,,,,,,,gsplat,outdoor,21.900760650634766,0.3206726014614105,0.5552679896354675,1000000,2.4498191302954294e-16,1.3680557913176017e-06,,,0.43877446252545266,0.3313367730809422,864636,/home/ojab2/work/git/gsplat/results/vggt_outputs/bicycle_4_n100_s42_c0.0_p1000000_voxels_farthestpose_i100_gteval_gtext_gtint_steps15000/stats/val_step14999.json,/home/ojab2/work/git/gsplat/results/vggt_outputs/bicycle_4_n100_s42_c0.0_p1000000_voxels_farthestpose_i100_gteval_gtext_gtint_steps15000/stats/val_step14999.json,bicycle_4_n100_s42_c0.0_p1000000_voxels_farthestpose_i100_gteval_gtext_gtint_steps15000,0.7161,0.065623,100,,,,/home/ojab2/work/git/vggt/vggt_outputs/bicycle_4_n100_s42_c0.0_p1000000_voxels_farthestpose/eval_results.json,bicycle_4_n100_s42_c0.0_p1000000_voxels_farthestpose,bicycle_4_n100_s42_c0.0_p1000000_voxels_farthestpose_i100_gteval_gtext_gtint_steps15000_val_step14999.json,864636,vggt | voxels,1075000.0
vggt,100,42,0.0,1000000,voxels,,,,0,10,farthestpose,100,GT Eval,GT Extrinsics,GT Intrinsics,,,,,,,0.0,,vggt,garden,,,15000,15000,,MCMC,,,,,,,,,,,gsplat,outdoor,22.721731185913086,0.30700668692588806,0.6699404716491699,1000000,1.9874398586059659e-16,1.4887901897964184e-06,,,0.529473301301613,0.2956194250529327,999638,/home/ojab2/work/git/gsplat/results/vggt_outputs/garden_2_n100_s42_c0.0_p1000000_voxels_farthestpose_i100_gteval_gtext_gtint_steps15000/stats/val_step14999.json,/home/ojab2/work/git/gsplat/results/vggt_outputs/garden_2_n100_s42_c0.0_p1000000_voxels_farthestpose_i100_gteval_gtext_gtint_steps15000/stats/val_step14999.json,garden_2_n100_s42_c0.0_p1000000_voxels_farthestpose_i100_gteval_gtext_gtint_steps15000,0.3733,0.026869,100,,,,/home/ojab2/work/git/vggt/vggt_outputs/garden_2_n100_s42_c0.0_p1000000_voxels_farthestpose/eval_results.json,garden_2_n100_s42_c0.0_p1000000_voxels_farthestpose,garden_2_n100_s42_c0.0_p1000000_voxels_farthestpose_i100_gteval_gtext_gtint_steps15000_val_step14999.json,999638,vggt | voxels,1075000.0
vggt,100,42,0.0,1000000,voxels,,,,0,10,farthestpose,100,GT Eval,GT Extrinsics,GT Intrinsics,,,,,,,0.0,,vggt,stump,,,15000,15000,,MCMC,,,,,,,,,,,gsplat,outdoor,25.070852279663086,0.308036744594574,0.709019124507904,1000000,2.7737560283632e-16,2.0525251329672756e-06,,,0.5951927190790554,0.2835247607630976,682214,/home/ojab2/work/git/gsplat/results/vggt_outputs/stump_2_n100_s42_c0.0_p1000000_voxels_farthestpose_i100_gteval_gtext_gtint_steps15000/stats/val_step14999.json,/home/ojab2/work/git/gsplat/results/vggt_outputs/stump_2_n100_s42_c0.0_p1000000_voxels_farthestpose_i100_gteval_gtext_gtint_steps15000/stats/val_step14999.json,stump_2_n100_s42_c0.0_p1000000_voxels_farthestpose_i100_gteval_gtext_gtint_steps15000,0.8558,0.162829,100,,,,/home/ojab2/work/git/vggt/vggt_outputs/stump_2_n100_s42_c0.0_p1000000_voxels_farthestpose/eval_results.json,stump_2_n100_s42_c0.0_p1000000_voxels_farthestpose,stump_2_n100_s42_c0.0_p1000000_voxels_farthestpose_i100_gteval_gtext_gtint_steps15000_val_step14999.json,682214,vggt | voxels,1075000.0
colmap,87,42,,10069,,,,,0,10,farthestpose,87,GT Eval,GT Extrinsics,GT Intrinsics,,,,,,,0.0,,colmap,lego,pinhole,,15000,15000,default,MCMC,,,,,Shared Cam,,,,,,gsplat,synthetic,33.13930130004883,0.033728212118148804,0.979638934135437,1000000,2.7562301225911203e-16,0.012120147235691547,0.017299264669418335,0.018193859606981277,1.0721918949064608,0.05896859514646655,10069,/home/ojab2/work/git/gsplat/results/colmap_outputs/lego_1_n87_s42_default_mpinhole_farthestpose_sharedcam_i87_gteval_gtext_gtint_steps15000/stats/val_step14999.json,/home/ojab2/work/git/gsplat/results/colmap_outputs/lego_1_n87_s42_default_mpinhole_farthestpose_sharedcam_i87_gteval_gtext_gtint_steps15000/stats/val_step14999.json,lego_1_n87_s42_default_mpinhole_farthestpose_sharedcam_i87_gteval_gtext_gtint_steps15000,10.4269,0.396164,87,,,,/home/ojab2/work/git/vggt/colmap_outputs/lego_1_n87_s42_default_mpinhole_farthestpose_sharedcam/eval_results.json,lego_1_n87_s42_default_mpinhole_farthestpose_sharedcam,lego_1_n87_s42_default_mpinhole_farthestpose_sharedcam_i87_gteval_gtext_gtint_steps15000_val_step14999.json,10069,colmap | ,11327.625
colmap,100,42,,17352,,,,,0,10,farthestpose,100,GT Eval,GT Extrinsics,GT Intrinsics,,,,,,,0.0,,colmap,bicycle,,,15000,15000,default,MCMC,,,,,Shared Cam,,,,,,gsplat,outdoor,22.997255325317383,0.34948840737342834,0.6103905439376831,1000000,2.293229472825507e-16,2.115130200763815e-06,,,0.4735277968230691,0.3262301614196912,17352,/home/ojab2/work/git/gsplat/results/colmap_outputs/bicycle_4_n100_s42_default_farthestpose_sharedcam_i100_gteval_gtext_gtint_steps15000/stats/val_step14999.json,/home/ojab2/work/git/gsplat/results/colmap_outputs/bicycle_4_n100_s42_default_farthestpose_sharedcam_i100_gteval_gtext_gtint_steps15000/stats/val_step14999.json,bicycle_4_n100_s42_default_farthestpose_sharedcam_i100_gteval_gtext_gtint_steps15000,0.0986,0.006893,100,,,,/home/ojab2/work/git/vggt/colmap_outputs/bicycle_4_n100_s42_default_farthestpose_sharedcam/eval_results.json,bicycle_4_n100_s42_default_farthestpose_sharedcam,bicycle_4_n100_s42_default_farthestpose_sharedcam_i100_gteval_gtext_gtint_steps15000_val_step14999.json,17352,colmap | ,19521.0
colmap,100,42,,19683,,,,,0,10,farthestpose,100,GT Eval,GT Extrinsics,GT Intrinsics,,,,,,,0.0,,colmap,stump,,,15000,15000,default,MCMC,,,,,Shared Cam,,,,,,gsplat,outdoor,25.439922332763672,0.34192585945129395,0.7329229712486267,1000000,4.254698639524166e-16,9.952638038157602e-07,,,0.5950870007334629,0.28719281974388694,19683,/home/ojab2/work/git/gsplat/results/colmap_outputs/stump_2_n100_s42_default_farthestpose_sharedcam_i100_gteval_gtext_gtint_steps15000/stats/val_step14999.json,/home/ojab2/work/git/gsplat/results/colmap_outputs/stump_2_n100_s42_default_farthestpose_sharedcam_i100_gteval_gtext_gtint_steps15000/stats/val_step14999.json,stump_2_n100_s42_default_farthestpose_sharedcam_i100_gteval_gtext_gtint_steps15000,0.0219,0.002013,100,,,,/home/ojab2/work/git/vggt/colmap_outputs/stump_2_n100_s42_default_farthestpose_sharedcam/eval_results.json,stump_2_n100_s42_default_farthestpose_sharedcam,stump_2_n100_s42_default_farthestpose_sharedcam_i100_gteval_gtext_gtint_steps15000_val_step14999.json,19683,colmap | ,22143.375
colmap,100,42,,60980,,,,,0,10,farthestpose,100,GT Eval,GT Extrinsics,GT Intrinsics,,,,,,,0.0,,colmap,counter,,,15000,15000,default,MCMC,,,,,Shared Cam,,,,,,gsplat,indoor,25.60411834716797,0.1857345700263977,0.8674019575119019,1000000,2.406994997366824e-16,1.5433796534125577e-06,,,0.7731847258803903,0.1842087764836046,60980,/home/ojab2/work/git/gsplat/results/colmap_outputs/counter_2_n100_s42_default_farthestpose_sharedcam_i100_gteval_gtext_gtint_steps15000/stats/val_step14999.json,/home/ojab2/work/git/gsplat/results/colmap_outputs/counter_2_n100_s42_default_farthestpose_sharedcam_i100_gteval_gtext_gtint_steps15000/stats/val_step14999.json,counter_2_n100_s42_default_farthestpose_sharedcam_i100_gteval_gtext_gtint_steps15000,0.029,0.002114,100,,,,/home/ojab2/work/git/vggt/colmap_outputs/counter_2_n100_s42_default_farthestpose_sharedcam/eval_results.json,counter_2_n100_s42_default_farthestpose_sharedcam,counter_2_n100_s42_default_farthestpose_sharedcam_i100_gteval_gtext_gtint_steps15000_val_step14999.json,60980,colmap | ,68602.5
colmap,100,42,,70656,,,,,0,10,farthestpose,100,GT Eval,GT Extrinsics,GT Intrinsics,,,,,,,0.0,,colmap,garden,,,15000,15000,default,MCMC,,,,,Shared Cam,,,,,,gsplat,outdoor,24.718013763427734,0.24862007796764374,0.7222579717636108,1000000,1.9878762129226998e-16,7.902288530203805e-07,,,0.6330776431290959,0.259668951531331,70656,/home/ojab2/work/git/gsplat/results/colmap_outputs/garden_2_n100_s42_default_farthestpose_sharedcam_i100_gteval_gtext_gtint_steps15000/stats/val_step14999.json,/home/ojab2/work/git/gsplat/results/colmap_outputs/garden_2_n100_s42_default_farthestpose_sharedcam_i100_gteval_gtext_gtint_steps15000/stats/val_step14999.json,garden_2_n100_s42_default_farthestpose_sharedcam_i100_gteval_gtext_gtint_steps15000,0.0628,0.002621,100,,,,/home/ojab2/work/git/vggt/colmap_outputs/garden_2_n100_s42_default_farthestpose_sharedcam/eval_results.json,garden_2_n100_s42_default_farthestpose_sharedcam,garden_2_n100_s42_default_farthestpose_sharedcam_i100_gteval_gtext_gtint_steps15000_val_step14999.json,70656,colmap | ,79488.0
colmap,100,42,,80892,,,,,0,10,farthestpose,100,GT Eval,GT Extrinsics,GT Intrinsics,,,,,,,0.0,,colmap,bonsai,,,15000,15000,default,MCMC,,,,,Shared Cam,,,,,,gsplat,indoor,28.943090438842773,0.1583382934331894,0.9078155755996704,1000000,2.168954122293336e-16,1.6959106119429634e-07,,,0.8755625190287151,0.15441090147636588,80892,/home/ojab2/work/git/gsplat/results/colmap_outputs/bonsai_2_n100_s42_default_farthestpose_sharedcam_i100_gteval_gtext_gtint_steps15000/stats/val_step14999.json,/home/ojab2/work/git/gsplat/results/colmap_outputs/bonsai_2_n100_s42_default_farthestpose_sharedcam_i100_gteval_gtext_gtint_steps15000/stats/val_step14999.json,bonsai_2_n100_s42_default_farthestpose_sharedcam_i100_gteval_gtext_gtint_steps15000,0.1581,0.013152,100,,,,/home/ojab2/work/git/vggt/colmap_outputs/bonsai_2_n100_s42_default_farthestpose_sharedcam/eval_results.json,bonsai_2_n100_s42_default_farthestpose_sharedcam,bonsai_2_n100_s42_default_farthestpose_sharedcam_i100_gteval_gtext_gtint_steps15000_val_step14999.json,80892,colmap | ,91003.5
colmap,100,42,,92853,,,,,0,10,farthestpose,100,GT Eval,GT Extrinsics,GT Intrinsics,,,,,,,0.0,,colmap,kitchen,,,15000,15000,default,MCMC,,,,,Shared Cam,,,,,,gsplat,indoor,27.95215606689453,0.12160562723875046,0.9019156098365784,1000000,2.509491807336107e-16,7.367632974819571e-07,,,0.8764360954402869,0.14546411732701187,92853,/home/ojab2/work/git/gsplat/results/colmap_outputs/kitchen_2_n100_s42_default_farthestpose_sharedcam_i100_gteval_gtext_gtint_steps15000/stats/val_step14999.json,/home/ojab2/work/git/gsplat/results/colmap_outputs/kitchen_2_n100_s42_default_farthestpose_sharedcam_i100_gteval_gtext_gtint_steps15000/stats/val_step14999.json,kitchen_2_n100_s42_default_farthestpose_sharedcam_i100_gteval_gtext_gtint_steps15000,0.1073,0.004456,100,,,,/home/ojab2/work/git/vggt/colmap_outputs/kitchen_2_n100_s42_default_farthestpose_sharedcam/eval_results.json,kitchen_2_n100_s42_default_farthestpose_sharedcam,kitchen_2_n100_s42_default_farthestpose_sharedcam_i100_gteval_gtext_gtint_steps15000_val_step14999.json,92853,colmap | ,104459.625
colmap,87,42,,,,,,,0,10,farthestpose,,,,,,,,,,,0.0,,vggt,ship,pinhole,,,,default,MCMC,,,,,Shared Cam,,,,,,sfm,synthetic,,,,,,,,,,,,/home/ojab2/work/git/vggt/colmap_outputs/ship_1_n87_s42_default_mpinhole_farthestpose_sharedcam/eval_results.json,,ship_1_n87_s42_default_mpinhole_farthestpose_sharedcam,0.2774,0.015084,81,,,,/home/ojab2/work/git/vggt/colmap_outputs/ship_1_n87_s42_default_mpinhole_farthestpose_sharedcam/eval_results.json,ship_1_n87_s42_default_mpinhole_farthestpose_sharedcam,,,colmap | ,
colmap,87,42,,,,,,,0,10,farthestpose,,,,,,,,,,,0.0,,vggt,drums,pinhole,,,,default,MCMC,,,,,Shared Cam,,,,,,sfm,synthetic,,,,,,,,,,,,/home/ojab2/work/git/vggt/colmap_outputs/drums_1_n87_s42_default_mpinhole_farthestpose_sharedcam/eval_results.json,,drums_1_n87_s42_default_mpinhole_farthestpose_sharedcam,0.1528,0.009899,79,,,,/home/ojab2/work/git/vggt/colmap_outputs/drums_1_n87_s42_default_mpinhole_farthestpose_sharedcam/eval_results.json,drums_1_n87_s42_default_mpinhole_farthestpose_sharedcam,,,colmap | ,
