method,num_images,seed,conf_thres_value,num_points,sampling_mode,near_filtering_strength,near_filtering_quorum,reconstruct_pose_opt,optimisation_iterations,optimisation_neighbourhood,image_mode,num_cameras,gt_eval,use_gt_extrinsics,use_gt_intrinsics,use_gt_points,pose_opt,run_mvs,pose_opt_module,eval_opt,depth_loss_mode,error_opa,depth_lambda,depth_conf_mode,depth_conf_shifted,loss_multiplier,pose_loss_multiplier,choice,dataset,camera_type,copy_mode,val_step,num_steps,colmap_mode,splatting_strategy,camera_src,pcd_src,align_mode,align_glue,shared_camera,keep_backup_cams,random_init,use_ba,feature_extractor,max_ba_iterations,source,series_label_override,dataset_collection,psnr,lpips,ssim,num_GS,eval_rte,eval_rre,depth_l1,depth_abs_rel,quality,avge,real_num_points,file_path,gsplat_file_path,folder,rre,rte,num_aligned,alignment_scale,pred_depth_l1,pred_depth_absrel,pred_depth_rmse,inference_time,peak_memory_mb,peak_memory_reserved_mb,processing_time,sfm_file_path,input_folder,output_folder,initial_points,used_cache,cache_load_time,gsplat_cfg_file_path,plot_series,num_points_jitter
vggt,100,42,,23313,ba,,,,0,10,minfarthestpose,100,GT Eval,GT Extrinsics,GT Intrinsics,,,False,,,,,0.0,,False,1.0,1.0,vggt,bonsai,radial,,15000,15000,,MCMC,,,,,Shared Cam,,,Use BA,aliked+sp,250,gsplat,,indoor,29.298311233520508,0.17961890995502472,0.903824508190155,1000000,0,0,,,0.8666705413055233,0.16363866718053213,23313,/home/ojab2/work/git/gsplat/results/vggt_outputs/bonsai_2_n100_s42_mradial_aliked-sp_ba_minfarthestpose_useba_maxba250_sharedcam_i100_gteval_gtext_gtint_steps15000/stats/val_step14999.json,/home/ojab2/work/git/gsplat/results/vggt_outputs/bonsai_2_n100_s42_mradial_aliked-sp_ba_minfarthestpose_useba_maxba250_sharedcam_i100_gteval_gtext_gtint_steps15000/stats/val_step14999.json,bonsai_2_n100_s42_mradial_aliked-sp_ba_minfarthestpose_useba_maxba250_sharedcam_i100_gteval_gtext_gtint_steps15000,0.4978,0.026013,100,8.293748,,,,0.0,0,0,150.04613089561462,/home/ojab2/work/git/vggt/vggt_outputs/bonsai_2_n100_s42_mradial_aliked-sp_ba_minfarthestpose_useba_maxba250_sharedcam/eval_results.json,bonsai_2_n100_s42_mradial_aliked-sp_ba_minfarthestpose_useba_maxba250_sharedcam,bonsai_2_n100_s42_mradial_aliked-sp_ba_minfarthestpose_useba_maxba250_sharedcam_i100_gteval_gtext_gtint_steps15000_val_step14999.json,23313,True,1.627924919128418,,vggt | ba,20398.875
vggt,100,42,,,ba,,,,0,10,minfarthestpose,100,GT Eval,GT Extrinsics,GT Intrinsics,,,False,,,,,0.0,,False,1.0,1.0,vggt,bonsai,radial,,15000,15000,,MCMC,,,,,Shared Cam,,,Use BA,aliked+sp,250,gsplat_cfg,,indoor,,,,,0,0,,,,,,/home/ojab2/work/git/gsplat/results/vggt_outputs/bonsai_2_n100_s42_mradial_aliked-sp_ba_minfarthestpose_useba_maxba250_sharedcam_i100_gteval_gtext_gtint_steps15000/stats/config.json,,bonsai_2_n100_s42_mradial_aliked-sp_ba_minfarthestpose_useba_maxba250_sharedcam_i100_gteval_gtext_gtint_steps15000,,,,,,,,,,,,,bonsai_2_n100_s42_mradial_aliked-sp_ba_minfarthestpose_useba_maxba250_sharedcam_i100_gteval_gtext_gtint_steps15000,,,,,/home/ojab2/work/git/gsplat/results/vggt_outputs/bonsai_2_n100_s42_mradial_aliked-sp_ba_minfarthestpose_useba_maxba250_sharedcam_i100_gteval_gtext_gtint_steps15000/stats/config.json,vggt | ba,
vggt,100,42,0.0,1000,confidence,,,,0,10,minfarthestpose,100,GT Eval,GT Extrinsics,GT Intrinsics,,,False,,,,,0.0,,False,1.0,1.0,vggt,bonsai,,,15000,15000,,MCMC,,,,,,,,,,,gsplat,,indoor,26.149808883666992,0.32003486156463623,0.821707546710968,1000000,0,0,,,0.6736668139947862,0.2482361629282447,1000,/home/ojab2/work/git/gsplat/results/vggt_outputs/bonsai_2_n100_s42_c0.0_p1000_confidence_minfarthestpose_i100_gteval_gtext_gtint_steps15000/stats/val_step14999.json,/home/ojab2/work/git/gsplat/results/vggt_outputs/bonsai_2_n100_s42_c0.0_p1000_confidence_minfarthestpose_i100_gteval_gtext_gtint_steps15000/stats/val_step14999.json,bonsai_2_n100_s42_c0.0_p1000_confidence_minfarthestpose_i100_gteval_gtext_gtint_steps15000,0.7308,0.098078,100,7.817163,,,,0.0,0,0,2.812422037124634,/home/ojab2/work/git/vggt/vggt_outputs/bonsai_2_n100_s42_c0.0_p1000_confidence_minfarthestpose/eval_results.json,bonsai_2_n100_s42_c0.0_p1000_confidence_minfarthestpose,bonsai_2_n100_s42_c0.0_p1000_confidence_minfarthestpose_i100_gteval_gtext_gtint_steps15000_val_step14999.json,1000,True,1.0751354694366455,,vggt | confidence,925.0
vggt,100,42,0.0,5000,confidence,,,,0,10,minfarthestpose,100,GT Eval,GT Extrinsics,GT Intrinsics,,,False,,,,,0.0,,False,1.0,1.0,vggt,bonsai,,,15000,15000,,MCMC,,,,,,,,,,,gsplat,,indoor,28.237140655517578,0.21823479235172272,0.8764529228210449,1000000,0,0,,,0.8071754947934078,0.19040936886708143,5000,/home/ojab2/work/git/gsplat/results/vggt_outputs/bonsai_2_n100_s42_c0.0_p5000_confidence_minfarthestpose_i100_gteval_gtext_gtint_steps15000/stats/val_step14999.json,/home/ojab2/work/git/gsplat/results/vggt_outputs/bonsai_2_n100_s42_c0.0_p5000_confidence_minfarthestpose_i100_gteval_gtext_gtint_steps15000/stats/val_step14999.json,bonsai_2_n100_s42_c0.0_p5000_confidence_minfarthestpose_i100_gteval_gtext_gtint_steps15000,0.7308,0.098078,100,7.817163,,,,2.384185791015625e-07,0,0,2.5464656352996826,/home/ojab2/work/git/vggt/vggt_outputs/bonsai_2_n100_s42_c0.0_p5000_confidence_minfarthestpose/eval_results.json,bonsai_2_n100_s42_c0.0_p5000_confidence_minfarthestpose,bonsai_2_n100_s42_c0.0_p5000_confidence_minfarthestpose_i100_gteval_gtext_gtint_steps15000_val_step14999.json,5000,True,0.7692127227783203,,vggt | confidence,4625.0
vggt,100,42,0.0,10000,confidence,,,,0,10,minfarthestpose,100,GT Eval,GT Extrinsics,GT Intrinsics,,,False,,,,,0.0,,False,1.0,1.0,vggt,bonsai,,,15000,15000,,MCMC,,,,,,,,,,,gsplat,,indoor,28.61475944519043,0.19794121384620667,0.8900812864303589,1000000,0,0,,,0.8346651389352526,0.1769522757792587,10000,/home/ojab2/work/git/gsplat/results/vggt_outputs/bonsai_2_n100_s42_c0.0_p10000_confidence_minfarthestpose_i100_gteval_gtext_gtint_steps15000/stats/val_step14999.json,/home/ojab2/work/git/gsplat/results/vggt_outputs/bonsai_2_n100_s42_c0.0_p10000_confidence_minfarthestpose_i100_gteval_gtext_gtint_steps15000/stats/val_step14999.json,bonsai_2_n100_s42_c0.0_p10000_confidence_minfarthestpose_i100_gteval_gtext_gtint_steps15000,0.7308,0.098078,100,7.817163,,,,0.0,0,0,2.5440776348114014,/home/ojab2/work/git/vggt/vggt_outputs/bonsai_2_n100_s42_c0.0_p10000_confidence_minfarthestpose/eval_results.json,bonsai_2_n100_s42_c0.0_p10000_confidence_minfarthestpose,bonsai_2_n100_s42_c0.0_p10000_confidence_minfarthestpose_i100_gteval_gtext_gtint_steps15000_val_step14999.json,10000,True,0.9270739555358887,,vggt | confidence,9250.0
vggt,100,42,0.0,50000,confidence,,,,0,10,minfarthestpose,100,GT Eval,GT Extrinsics,GT Intrinsics,,,False,,,,,0.0,,False,1.0,1.0,vggt,bonsai,,,15000,15000,,MCMC,,,,,,,,,,,gsplat,,indoor,28.554821014404297,0.1768830120563507,0.8842243552207947,1000000,0,0,,,0.8431289520180016,0.17284534476696706,50000,/home/ojab2/work/git/gsplat/results/vggt_outputs/bonsai_2_n100_s42_c0.0_p50000_confidence_minfarthestpose_i100_gteval_gtext_gtint_steps15000/stats/val_step14999.json,/home/ojab2/work/git/gsplat/results/vggt_outputs/bonsai_2_n100_s42_c0.0_p50000_confidence_minfarthestpose_i100_gteval_gtext_gtint_steps15000/stats/val_step14999.json,bonsai_2_n100_s42_c0.0_p50000_confidence_minfarthestpose_i100_gteval_gtext_gtint_steps15000,0.7308,0.098078,100,7.817163,,,,2.384185791015625e-07,0,0,2.8524317741394043,/home/ojab2/work/git/vggt/vggt_outputs/bonsai_2_n100_s42_c0.0_p50000_confidence_minfarthestpose/eval_results.json,bonsai_2_n100_s42_c0.0_p50000_confidence_minfarthestpose,bonsai_2_n100_s42_c0.0_p50000_confidence_minfarthestpose_i100_gteval_gtext_gtint_steps15000_val_step14999.json,50000,True,0.773667573928833,,vggt | confidence,46250.0
vggt,100,42,0.0,100000,confidence,,,,0,10,minfarthestpose,100,GT Eval,GT Extrinsics,GT Intrinsics,,,False,,,,,0.0,,False,1.0,1.0,vggt,bonsai,,,15000,15000,,MCMC,,,,,,,,,,,gsplat,,indoor,28.150285720825195,0.17559422552585602,0.8756729364395142,1000000,0,0,,,0.8314322752368535,0.17657521424033717,100000,/home/ojab2/work/git/gsplat/results/vggt_outputs/bonsai_2_n100_s42_c0.0_p100000_confidence_minfarthestpose_i100_gteval_gtext_gtint_steps15000/stats/val_step14999.json,/home/ojab2/work/git/gsplat/results/vggt_outputs/bonsai_2_n100_s42_c0.0_p100000_confidence_minfarthestpose_i100_gteval_gtext_gtint_steps15000/stats/val_step14999.json,bonsai_2_n100_s42_c0.0_p100000_confidence_minfarthestpose_i100_gteval_gtext_gtint_steps15000,0.7308,0.098078,100,7.817163,,,,2.384185791015625e-07,0,0,3.221172571182251,/home/ojab2/work/git/vggt/vggt_outputs/bonsai_2_n100_s42_c0.0_p100000_confidence_minfarthestpose/eval_results.json,bonsai_2_n100_s42_c0.0_p100000_confidence_minfarthestpose,bonsai_2_n100_s42_c0.0_p100000_confidence_minfarthestpose_i100_gteval_gtext_gtint_steps15000_val_step14999.json,100000,True,0.7660601139068604,,vggt | confidence,92500.0
vggt,100,42,0.0,500000,confidence,,,,0,10,minfarthestpose,100,GT Eval,GT Extrinsics,GT Intrinsics,,,False,,,,,0.0,,False,1.0,1.0,vggt,bonsai,,,15000,15000,,MCMC,,,,,,,,,,,gsplat_cfg,,indoor,27.336483001708984,0.18665729463100433,0.8524491190910339,1000000,0,0,,,0.7959516197733479,0.19087577592219987,500000,/home/ojab2/work/git/gsplat/results/vggt_outputs/bonsai_2_n100_s42_c0.0_p500000_confidence_minfarthestpose_i100_gteval_gtext_gtint_steps15000/stats/config.json,/home/ojab2/work/git/gsplat/results/vggt_outputs/bonsai_2_n100_s42_c0.0_p500000_confidence_minfarthestpose_i100_gteval_gtext_gtint_steps15000/stats/val_step14999.json,bonsai_2_n100_s42_c0.0_p500000_confidence_minfarthestpose_i100_gteval_gtext_gtint_steps15000,0.7308,0.098078,100,7.817163,,,,0.0,0,0,6.446620464324951,/home/ojab2/work/git/vggt/vggt_outputs/bonsai_2_n100_s42_c0.0_p500000_confidence_minfarthestpose/eval_results.json,bonsai_2_n100_s42_c0.0_p500000_confidence_minfarthestpose_i100_gteval_gtext_gtint_steps15000,,500000,True,0.7811918258666992,/home/ojab2/work/git/gsplat/results/vggt_outputs/bonsai_2_n100_s42_c0.0_p500000_confidence_minfarthestpose_i100_gteval_gtext_gtint_steps15000/stats/config.json,vggt | confidence,462500.0
vggt,100,42,0.0,1000000,confidence,,,,0,10,minfarthestpose,100,GT Eval,GT Extrinsics,GT Intrinsics,,,False,,,,,0.0,,False,1.0,1.0,vggt,bonsai,,,15000,15000,,MCMC,,,,,,,,,,,gsplat_cfg,,indoor,26.389171600341797,0.2110302895307541,0.837251603603363,1000000,0,0,,,0.7544763215065311,0.20558258125968126,1000000,/home/ojab2/work/git/gsplat/results/vggt_outputs/bonsai_2_n100_s42_c0.0_p1000000_confidence_minfarthestpose_i100_gteval_gtext_gtint_steps15000/stats/config.json,/home/ojab2/work/git/gsplat/results/vggt_outputs/bonsai_2_n100_s42_c0.0_p1000000_confidence_minfarthestpose_i100_gteval_gtext_gtint_steps15000/stats/val_step14999.json,bonsai_2_n100_s42_c0.0_p1000000_confidence_minfarthestpose_i100_gteval_gtext_gtint_steps15000,0.7308,0.098078,100,7.817163,,,,0.0,0,0,10.468301773071289,/home/ojab2/work/git/vggt/vggt_outputs/bonsai_2_n100_s42_c0.0_p1000000_confidence_minfarthestpose/eval_results.json,bonsai_2_n100_s42_c0.0_p1000000_confidence_minfarthestpose_i100_gteval_gtext_gtint_steps15000,,1000000,True,0.9272911548614502,/home/ojab2/work/git/gsplat/results/vggt_outputs/bonsai_2_n100_s42_c0.0_p1000000_confidence_minfarthestpose_i100_gteval_gtext_gtint_steps15000/stats/config.json,vggt | confidence,925000.0
vggt,100,42,0.0,1000,imagefps,,,,0,10,minfarthestpose,100,GT Eval,GT Extrinsics,GT Intrinsics,,,False,,,,,0.0,,False,1.0,1.0,vggt,bonsai,,,15000,15000,,MCMC,,,,,,,,,,,gsplat_cfg,,indoor,26.168819427490234,0.3256908655166626,0.8198617100715637,1000000,0,0,,,0.6694480640071797,0.25084466557216123,1000,/home/ojab2/work/git/gsplat/results/vggt_outputs/bonsai_2_n100_s42_c0.0_p1000_imagefps_minfarthestpose_i100_gteval_gtext_gtint_steps15000/stats/config.json,/home/ojab2/work/git/gsplat/results/vggt_outputs/bonsai_2_n100_s42_c0.0_p1000_imagefps_minfarthestpose_i100_gteval_gtext_gtint_steps15000/stats/val_step14999.json,bonsai_2_n100_s42_c0.0_p1000_imagefps_minfarthestpose_i100_gteval_gtext_gtint_steps15000,0.7308,0.098078,100,7.817163,,,,0.0,0,0,2.6525774002075195,/home/ojab2/work/git/vggt/vggt_outputs/bonsai_2_n100_s42_c0.0_p1000_imagefps_minfarthestpose/eval_results.json,bonsai_2_n100_s42_c0.0_p1000_imagefps_minfarthestpose_i100_gteval_gtext_gtint_steps15000,,1000,True,0.940467119216919,/home/ojab2/work/git/gsplat/results/vggt_outputs/bonsai_2_n100_s42_c0.0_p1000_imagefps_minfarthestpose_i100_gteval_gtext_gtint_steps15000/stats/config.json,vggt | imagefps,975.0
vggt,100,42,0.0,5000,imagefps,,,,0,10,minfarthestpose,100,GT Eval,GT Extrinsics,GT Intrinsics,,,False,,,,,0.0,,False,1.0,1.0,vggt,bonsai,,,15000,15000,,MCMC,,,,,,,,,,,gsplat_cfg,,indoor,27.910747528076172,0.22575879096984863,0.8699159622192383,1000000,0,0,,,0.7926639500494664,0.19601608022401035,5000,/home/ojab2/work/git/gsplat/results/vggt_outputs/bonsai_2_n100_s42_c0.0_p5000_imagefps_minfarthestpose_i100_gteval_gtext_gtint_steps15000/stats/config.json,/home/ojab2/work/git/gsplat/results/vggt_outputs/bonsai_2_n100_s42_c0.0_p5000_imagefps_minfarthestpose_i100_gteval_gtext_gtint_steps15000/stats/val_step14999.json,bonsai_2_n100_s42_c0.0_p5000_imagefps_minfarthestpose_i100_gteval_gtext_gtint_steps15000,0.7308,0.098078,100,7.817163,,,,2.384185791015625e-07,0,0,3.519029140472412,/home/ojab2/work/git/vggt/vggt_outputs/bonsai_2_n100_s42_c0.0_p5000_imagefps_minfarthestpose/eval_results.json,bonsai_2_n100_s42_c0.0_p5000_imagefps_minfarthestpose_i100_gteval_gtext_gtint_steps15000,,5000,True,0.7656471729278564,/home/ojab2/work/git/gsplat/results/vggt_outputs/bonsai_2_n100_s42_c0.0_p5000_imagefps_minfarthestpose_i100_gteval_gtext_gtint_steps15000/stats/config.json,vggt | imagefps,4875.0
vggt,100,42,0.0,10000,imagefps,,,,0,10,minfarthestpose,100,GT Eval,GT Extrinsics,GT Intrinsics,,,False,,,,,0.0,,False,1.0,1.0,vggt,bonsai,,,15000,15000,,MCMC,,,,,,,,,,,gsplat,,indoor,28.394168853759766,0.20224429666996002,0.8828063607215881,1000000,0,0,,,0.8236695614978041,0.18200908126921883,10000,/home/ojab2/work/git/gsplat/results/vggt_outputs/bonsai_2_n100_s42_c0.0_p10000_imagefps_minfarthestpose_i100_gteval_gtext_gtint_steps15000/stats/val_step14999.json,/home/ojab2/work/git/gsplat/results/vggt_outputs/bonsai_2_n100_s42_c0.0_p10000_imagefps_minfarthestpose_i100_gteval_gtext_gtint_steps15000/stats/val_step14999.json,bonsai_2_n100_s42_c0.0_p10000_imagefps_minfarthestpose_i100_gteval_gtext_gtint_steps15000,0.7308,0.098078,100,7.817163,,,,0.0,0,0,4.8639891147613525,/home/ojab2/work/git/vggt/vggt_outputs/bonsai_2_n100_s42_c0.0_p10000_imagefps_minfarthestpose/eval_results.json,bonsai_2_n100_s42_c0.0_p10000_imagefps_minfarthestpose,bonsai_2_n100_s42_c0.0_p10000_imagefps_minfarthestpose_i100_gteval_gtext_gtint_steps15000_val_step14999.json,10000,True,0.765918493270874,/home/ojab2/work/git/gsplat/results/vggt_outputs/bonsai_2_n100_s42_c0.0_p10000_imagefps_minfarthestpose_i100_gteval_gtext_gtint_steps15000/stats/config.json,vggt | imagefps,9750.0
vggt,100,42,0.0,50000,imagefps,,,,0,10,minfarthestpose,100,GT Eval,GT Extrinsics,GT Intrinsics,,,False,,,,,0.0,,False,1.0,1.0,vggt,bonsai,,,15000,15000,,MCMC,,,,,,,,,,,gsplat,,indoor,28.55154800415039,0.17238816618919373,0.8861127495765686,1000000,0,0,,,0.846947261115961,0.1704186294070457,50000,/home/ojab2/work/git/gsplat/results/vggt_outputs/bonsai_2_n100_s42_c0.0_p50000_imagefps_minfarthestpose_i100_gteval_gtext_gtint_steps15000/stats/val_step14999.json,/home/ojab2/work/git/gsplat/results/vggt_outputs/bonsai_2_n100_s42_c0.0_p50000_imagefps_minfarthestpose_i100_gteval_gtext_gtint_steps15000/stats/val_step14999.json,bonsai_2_n100_s42_c0.0_p50000_imagefps_minfarthestpose_i100_gteval_gtext_gtint_steps15000,0.7308,0.098078,100,7.817163,,,,0.0,0,0,13.771031618118286,/home/ojab2/work/git/vggt/vggt_outputs/bonsai_2_n100_s42_c0.0_p50000_imagefps_minfarthestpose/eval_results.json,bonsai_2_n100_s42_c0.0_p50000_imagefps_minfarthestpose,bonsai_2_n100_s42_c0.0_p50000_imagefps_minfarthestpose_i100_gteval_gtext_gtint_steps15000_val_step14999.json,50000,True,0.7664999961853027,/home/ojab2/work/git/gsplat/results/vggt_outputs/bonsai_2_n100_s42_c0.0_p50000_imagefps_minfarthestpose_i100_gteval_gtext_gtint_steps15000/stats/config.json,vggt | imagefps,48750.0
vggt,100,42,0.0,100000,imagefps,,,,0,10,minfarthestpose,100,GT Eval,GT Extrinsics,GT Intrinsics,,,False,,,,,0.0,,False,1.0,1.0,vggt,bonsai,,,15000,15000,,MCMC,,,,,,,,,,,gsplat_cfg,,indoor,28.154327392578125,0.16993744671344757,0.8751137256622314,1000000,0,0,,,0.8346719359367833,0.17495317698384483,100000,/home/ojab2/work/git/gsplat/results/vggt_outputs/bonsai_2_n100_s42_c0.0_p100000_imagefps_minfarthestpose_i100_gteval_gtext_gtint_steps15000/stats/config.json,/home/ojab2/work/git/gsplat/results/vggt_outputs/bonsai_2_n100_s42_c0.0_p100000_imagefps_minfarthestpose_i100_gteval_gtext_gtint_steps15000/stats/val_step14999.json,bonsai_2_n100_s42_c0.0_p100000_imagefps_minfarthestpose_i100_gteval_gtext_gtint_steps15000,0.7308,0.098078,100,7.817163,,,,0.0,0,0,25.221018314361572,/home/ojab2/work/git/vggt/vggt_outputs/bonsai_2_n100_s42_c0.0_p100000_imagefps_minfarthestpose/eval_results.json,bonsai_2_n100_s42_c0.0_p100000_imagefps_minfarthestpose_i100_gteval_gtext_gtint_steps15000,,100000,True,0.7698090076446533,/home/ojab2/work/git/gsplat/results/vggt_outputs/bonsai_2_n100_s42_c0.0_p100000_imagefps_minfarthestpose_i100_gteval_gtext_gtint_steps15000/stats/config.json,vggt | imagefps,97500.0
vggt,100,42,0.0,500000,imagefps,,,,0,10,minfarthestpose,100,GT Eval,GT Extrinsics,GT Intrinsics,,,False,,,,,0.0,,False,1.0,1.0,vggt,bonsai,,,15000,15000,,MCMC,,,,,,,,,,,gsplat,,indoor,26.83885383605957,0.184966579079628,0.8432866930961609,1000000,0,0,,,0.782421772572187,0.19430252753491686,500000,/home/ojab2/work/git/gsplat/results/vggt_outputs/bonsai_2_n100_s42_c0.0_p500000_imagefps_minfarthestpose_i100_gteval_gtext_gtint_steps15000/stats/val_step14999.json,/home/ojab2/work/git/gsplat/results/vggt_outputs/bonsai_2_n100_s42_c0.0_p500000_imagefps_minfarthestpose_i100_gteval_gtext_gtint_steps15000/stats/val_step14999.json,bonsai_2_n100_s42_c0.0_p500000_imagefps_minfarthestpose_i100_gteval_gtext_gtint_steps15000,0.7308,0.098078,100,7.817163,,,,2.384185791015625e-07,0,0,117.0951566696167,/home/ojab2/work/git/vggt/vggt_outputs/bonsai_2_n100_s42_c0.0_p500000_imagefps_minfarthestpose/eval_results.json,bonsai_2_n100_s42_c0.0_p500000_imagefps_minfarthestpose,bonsai_2_n100_s42_c0.0_p500000_imagefps_minfarthestpose_i100_gteval_gtext_gtint_steps15000_val_step14999.json,500000,True,0.7716097831726074,/home/ojab2/work/git/gsplat/results/vggt_outputs/bonsai_2_n100_s42_c0.0_p500000_imagefps_minfarthestpose_i100_gteval_gtext_gtint_steps15000/stats/config.json,vggt | imagefps,487500.0
vggt,100,42,0.0,1000000,imagefps,,,,0,10,minfarthestpose,100,GT Eval,GT Extrinsics,GT Intrinsics,,,False,,,,,0.0,,False,1.0,1.0,vggt,bonsai,,,15000,15000,,MCMC,,,,,,,,,,,gsplat_cfg,,indoor,26.341705322265625,0.19724732637405396,0.8312307000160217,1000000,0,0,,,0.7585843220556456,0.20346151998058187,1000000,/home/ojab2/work/git/gsplat/results/vggt_outputs/bonsai_2_n100_s42_c0.0_p1000000_imagefps_minfarthestpose_i100_gteval_gtext_gtint_steps15000/stats/config.json,/home/ojab2/work/git/gsplat/results/vggt_outputs/bonsai_2_n100_s42_c0.0_p1000000_imagefps_minfarthestpose_i100_gteval_gtext_gtint_steps15000/stats/val_step14999.json,bonsai_2_n100_s42_c0.0_p1000000_imagefps_minfarthestpose_i100_gteval_gtext_gtint_steps15000,0.7308,0.098078,100,7.817163,,,,0.0,0,0,277.8327798843384,/home/ojab2/work/git/vggt/vggt_outputs/bonsai_2_n100_s42_c0.0_p1000000_imagefps_minfarthestpose/eval_results.json,bonsai_2_n100_s42_c0.0_p1000000_imagefps_minfarthestpose_i100_gteval_gtext_gtint_steps15000,,1000000,True,3.5970184803009033,/home/ojab2/work/git/gsplat/results/vggt_outputs/bonsai_2_n100_s42_c0.0_p1000000_imagefps_minfarthestpose_i100_gteval_gtext_gtint_steps15000/stats/config.json,vggt | imagefps,975000.0
vggt,100,42,0.0,1000,random,,,,0,10,minfarthestpose,100,GT Eval,GT Extrinsics,GT Intrinsics,,,False,,,,,0.0,,False,1.0,1.0,vggt,bonsai,,,15000,15000,,MCMC,,,,,,,,,,,gsplat,,indoor,26.151723861694336,0.32213205099105835,0.8211326003074646,1000000,0,0,,,0.6720714892095524,0.2491616260678149,1000,/home/ojab2/work/git/gsplat/results/vggt_outputs/bonsai_2_n100_s42_c0.0_p1000_random_minfarthestpose_i100_gteval_gtext_gtint_steps15000/stats/val_step14999.json,/home/ojab2/work/git/gsplat/results/vggt_outputs/bonsai_2_n100_s42_c0.0_p1000_random_minfarthestpose_i100_gteval_gtext_gtint_steps15000/stats/val_step14999.json,bonsai_2_n100_s42_c0.0_p1000_random_minfarthestpose_i100_gteval_gtext_gtint_steps15000,0.7308,0.098078,100,7.817163,,,,0.0,0,0,2.678046226501465,/home/ojab2/work/git/vggt/vggt_outputs/bonsai_2_n100_s42_c0.0_p1000_random_minfarthestpose/eval_results.json,bonsai_2_n100_s42_c0.0_p1000_random_minfarthestpose,bonsai_2_n100_s42_c0.0_p1000_random_minfarthestpose_i100_gteval_gtext_gtint_steps15000_val_step14999.json,1000,True,0.7768316268920898,,vggt | random,1025.0
vggt,100,42,0.0,5000,random,,,,0,10,minfarthestpose,100,GT Eval,GT Extrinsics,GT Intrinsics,,,False,,,,,0.0,,False,1.0,1.0,vggt,bonsai,,,15000,15000,,MCMC,,,,,,,,,,,gsplat,,indoor,28.152000427246094,0.21575768291950226,0.8779919743537903,1000000,0,0,,,0.8080279339320323,0.18886151257425898,5000,/home/ojab2/work/git/gsplat/results/vggt_outputs/bonsai_2_n100_s42_c0.0_p5000_random_minfarthestpose_i100_gteval_gtext_gtint_steps15000/stats/val_step14999.json,/home/ojab2/work/git/gsplat/results/vggt_outputs/bonsai_2_n100_s42_c0.0_p5000_random_minfarthestpose_i100_gteval_gtext_gtint_steps15000/stats/val_step14999.json,bonsai_2_n100_s42_c0.0_p5000_random_minfarthestpose_i100_gteval_gtext_gtint_steps15000,0.7308,0.098078,100,7.817163,,,,2.384185791015625e-07,0,0,2.6465210914611816,/home/ojab2/work/git/vggt/vggt_outputs/bonsai_2_n100_s42_c0.0_p5000_random_minfarthestpose/eval_results.json,bonsai_2_n100_s42_c0.0_p5000_random_minfarthestpose,bonsai_2_n100_s42_c0.0_p5000_random_minfarthestpose_i100_gteval_gtext_gtint_steps15000_val_step14999.json,5000,True,0.9679863452911377,,vggt | random,5125.0
vggt,100,42,0.0,10000,random,,,,0,10,minfarthestpose,100,GT Eval,GT Extrinsics,GT Intrinsics,,,False,,,,,0.0,,False,1.0,1.0,vggt,bonsai,,,15000,15000,,MCMC,,,,,,,,,,,gsplat,,indoor,28.64240074157715,0.19525392353534698,0.8877913355827332,1000000,0,0,,,0.8354966834313379,0.1771988380491244,10000,/home/ojab2/work/git/gsplat/results/vggt_outputs/bonsai_2_n100_s42_c0.0_p10000_random_minfarthestpose_i100_gteval_gtext_gtint_steps15000/stats/val_step14999.json,/home/ojab2/work/git/gsplat/results/vggt_outputs/bonsai_2_n100_s42_c0.0_p10000_random_minfarthestpose_i100_gteval_gtext_gtint_steps15000/stats/val_step14999.json,bonsai_2_n100_s42_c0.0_p10000_random_minfarthestpose_i100_gteval_gtext_gtint_steps15000,0.7308,0.098078,100,7.817163,,,,2.384185791015625e-07,0,0,2.646557092666626,/home/ojab2/work/git/vggt/vggt_outputs/bonsai_2_n100_s42_c0.0_p10000_random_minfarthestpose/eval_results.json,bonsai_2_n100_s42_c0.0_p10000_random_minfarthestpose,bonsai_2_n100_s42_c0.0_p10000_random_minfarthestpose_i100_gteval_gtext_gtint_steps15000_val_step14999.json,10000,True,0.782041072845459,,vggt | random,10250.0
vggt,100,42,0.0,50000,random,,,,0,10,minfarthestpose,100,GT Eval,GT Extrinsics,GT Intrinsics,,,False,,,,,0.0,,False,1.0,1.0,vggt,bonsai,,,15000,15000,,MCMC,,,,,,,,,,,gsplat,,indoor,28.905363082885742,0.16897983849048615,0.8885138630867004,1000000,0,0,,,0.8570074581379545,0.16805396544393916,50000,/home/ojab2/work/git/gsplat/results/vggt_outputs/bonsai_2_n100_s42_c0.0_p50000_random_minfarthestpose_i100_gteval_gtext_gtint_steps15000/stats/val_step14999.json,/home/ojab2/work/git/gsplat/results/vggt_outputs/bonsai_2_n100_s42_c0.0_p50000_random_minfarthestpose_i100_gteval_gtext_gtint_steps15000/stats/val_step14999.json,bonsai_2_n100_s42_c0.0_p50000_random_minfarthestpose_i100_gteval_gtext_gtint_steps15000,0.7308,0.098078,100,7.817163,,,,2.384185791015625e-07,0,0,3.6118240356445312,/home/ojab2/work/git/vggt/vggt_outputs/bonsai_2_n100_s42_c0.0_p50000_random_minfarthestpose/eval_results.json,bonsai_2_n100_s42_c0.0_p50000_random_minfarthestpose,bonsai_2_n100_s42_c0.0_p50000_random_minfarthestpose_i100_gteval_gtext_gtint_steps15000_val_step14999.json,50000,True,1.2283594608306885,,vggt | random,51249.99999999999
vggt,100,42,0.0,100000,random,,,,0,10,minfarthestpose,100,GT Eval,GT Extrinsics,GT Intrinsics,,,False,,,,,0.0,,False,1.0,1.0,vggt,bonsai,,,15000,15000,,MCMC,,,,,,,,,,,gsplat,,indoor,28.487241744995117,0.1647702306509018,0.8804551362991333,1000000,0,0,,,0.847150288033284,0.17064650955577054,100000,/home/ojab2/work/git/gsplat/results/vggt_outputs/bonsai_2_n100_s42_c0.0_p100000_random_minfarthestpose_i100_gteval_gtext_gtint_steps15000/stats/val_step14999.json,/home/ojab2/work/git/gsplat/results/vggt_outputs/bonsai_2_n100_s42_c0.0_p100000_random_minfarthestpose_i100_gteval_gtext_gtint_steps15000/stats/val_step14999.json,bonsai_2_n100_s42_c0.0_p100000_random_minfarthestpose_i100_gteval_gtext_gtint_steps15000,0.7308,0.098078,100,7.817163,,,,,,,,/home/ojab2/work/git/vggt/vggt_outputs/bonsai_2_n100_s42_c0.0_p100000_random_minfarthestpose/eval_results.json,bonsai_2_n100_s42_c0.0_p100000_random_minfarthestpose,bonsai_2_n100_s42_c0.0_p100000_random_minfarthestpose_i100_gteval_gtext_gtint_steps15000_val_step14999.json,100000,,,,vggt | random,102499.99999999999
vggt,100,42,0.0,500000,random,,,,0,10,minfarthestpose,100,GT Eval,GT Extrinsics,GT Intrinsics,,,False,,,,,0.0,,False,1.0,1.0,vggt,bonsai,,,15000,15000,,MCMC,,,,,,,,,,,gsplat,,indoor,27.571191787719727,0.17526203393936157,0.8564770221710205,1000000,0,0,,,0.8096876891887832,0.18528522214448878,500000,/home/ojab2/work/git/gsplat/results/vggt_outputs/bonsai_2_n100_s42_c0.0_p500000_random_minfarthestpose_i100_gteval_gtext_gtint_steps15000/stats/val_step14999.json,/home/ojab2/work/git/gsplat/results/vggt_outputs/bonsai_2_n100_s42_c0.0_p500000_random_minfarthestpose_i100_gteval_gtext_gtint_steps15000/stats/val_step14999.json,bonsai_2_n100_s42_c0.0_p500000_random_minfarthestpose_i100_gteval_gtext_gtint_steps15000,0.7308,0.098078,100,7.817163,,,,0.0,0,0,6.348800182342529,/home/ojab2/work/git/vggt/vggt_outputs/bonsai_2_n100_s42_c0.0_p500000_random_minfarthestpose/eval_results.json,bonsai_2_n100_s42_c0.0_p500000_random_minfarthestpose,bonsai_2_n100_s42_c0.0_p500000_random_minfarthestpose_i100_gteval_gtext_gtint_steps15000_val_step14999.json,500000,True,1.4336357116699219,,vggt | random,512499.99999999994
vggt,100,42,0.0,1000000,random,,,,0,10,minfarthestpose,100,GT Eval,GT Extrinsics,GT Intrinsics,,,False,,,,,0.0,,False,1.0,1.0,vggt,bonsai,,,15000,15000,,MCMC,,,,,,,,,,,gsplat,,indoor,26.852340698242188,0.18924443423748016,0.843449592590332,1000000,0,0,,,0.7801261408093534,0.19565773841151857,1000000,/home/ojab2/work/git/gsplat/results/vggt_outputs/bonsai_2_n100_s42_c0.0_p1000000_random_minfarthestpose_i100_gteval_gtext_gtint_steps15000/stats/val_step14999.json,/home/ojab2/work/git/gsplat/results/vggt_outputs/bonsai_2_n100_s42_c0.0_p1000000_random_minfarthestpose_i100_gteval_gtext_gtint_steps15000/stats/val_step14999.json,bonsai_2_n100_s42_c0.0_p1000000_random_minfarthestpose_i100_gteval_gtext_gtint_steps15000,0.7308,0.098078,100,7.817163,,,,2.384185791015625e-07,0,0,9.591556072235107,/home/ojab2/work/git/vggt/vggt_outputs/bonsai_2_n100_s42_c0.0_p1000000_random_minfarthestpose/eval_results.json,bonsai_2_n100_s42_c0.0_p1000000_random_minfarthestpose,bonsai_2_n100_s42_c0.0_p1000000_random_minfarthestpose_i100_gteval_gtext_gtint_steps15000_val_step14999.json,1000000,True,1.0026795864105225,,vggt | random,1024999.9999999999
vggt,100,42,0.0,1000,voxels,,,,0,10,minfarthestpose,100,GT Eval,GT Extrinsics,GT Intrinsics,,,False,,,,,0.0,,False,1.0,1.0,vggt,bonsai,,,15000,15000,,MCMC,,,,,,,,,,,gsplat,,indoor,25.577329635620117,0.3495881259441376,0.8046278357505798,991119,0,0,,,0.6348344555839925,0.26478866830443304,890,/home/ojab2/work/git/gsplat/results/vggt_outputs/bonsai_2_n100_s42_c0.0_p1000_voxels_minfarthestpose_i100_gteval_gtext_gtint_steps15000/stats/val_step14999.json,/home/ojab2/work/git/gsplat/results/vggt_outputs/bonsai_2_n100_s42_c0.0_p1000_voxels_minfarthestpose_i100_gteval_gtext_gtint_steps15000/stats/val_step14999.json,bonsai_2_n100_s42_c0.0_p1000_voxels_minfarthestpose_i100_gteval_gtext_gtint_steps15000,0.7308,0.098078,100,7.817163,,,,0.0,0,0,12.86483645439148,/home/ojab2/work/git/vggt/vggt_outputs/bonsai_2_n100_s42_c0.0_p1000_voxels_minfarthestpose/eval_results.json,bonsai_2_n100_s42_c0.0_p1000_voxels_minfarthestpose,bonsai_2_n100_s42_c0.0_p1000_voxels_minfarthestpose_i100_gteval_gtext_gtint_steps15000_val_step14999.json,890,True,0.8806562423706055,,vggt | voxels,1075.0
vggt,100,42,0.0,5000,voxels,,,,0,10,minfarthestpose,100,GT Eval,GT Extrinsics,GT Intrinsics,,,False,,,,,0.0,,False,1.0,1.0,vggt,bonsai,,,15000,15000,,MCMC,,,,,,,,,,,gsplat,,indoor,28.082826614379883,0.22779269516468048,0.8703269362449646,1000000,0,0,,,0.794835439066828,0.19648303718722307,4809,/home/ojab2/work/git/gsplat/results/vggt_outputs/bonsai_2_n100_s42_c0.0_p5000_voxels_minfarthestpose_i100_gteval_gtext_gtint_steps15000/stats/val_step14999.json,/home/ojab2/work/git/gsplat/results/vggt_outputs/bonsai_2_n100_s42_c0.0_p5000_voxels_minfarthestpose_i100_gteval_gtext_gtint_steps15000/stats/val_step14999.json,bonsai_2_n100_s42_c0.0_p5000_voxels_minfarthestpose_i100_gteval_gtext_gtint_steps15000,0.7308,0.098078,100,7.817163,,,,2.384185791015625e-07,0,0,13.01966643333435,/home/ojab2/work/git/vggt/vggt_outputs/bonsai_2_n100_s42_c0.0_p5000_voxels_minfarthestpose/eval_results.json,bonsai_2_n100_s42_c0.0_p5000_voxels_minfarthestpose,bonsai_2_n100_s42_c0.0_p5000_voxels_minfarthestpose_i100_gteval_gtext_gtint_steps15000_val_step14999.json,4809,True,0.9715795516967773,,vggt | voxels,5375.0
vggt,100,42,0.0,10000,voxels,,,,0,10,minfarthestpose,100,GT Eval,GT Extrinsics,GT Intrinsics,,,False,,,,,0.0,,False,1.0,1.0,vggt,bonsai,,,15000,15000,,MCMC,,,,,,,,,,,gsplat,,indoor,28.64093589782715,0.20052404701709747,0.8857793211936951,1000000,0,0,,,0.8310397774503941,0.17995232685433304,9739,/home/ojab2/work/git/gsplat/results/vggt_outputs/bonsai_2_n100_s42_c0.0_p10000_voxels_minfarthestpose_i100_gteval_gtext_gtint_steps15000/stats/val_step14999.json,/home/ojab2/work/git/gsplat/results/vggt_outputs/bonsai_2_n100_s42_c0.0_p10000_voxels_minfarthestpose_i100_gteval_gtext_gtint_steps15000/stats/val_step14999.json,bonsai_2_n100_s42_c0.0_p10000_voxels_minfarthestpose_i100_gteval_gtext_gtint_steps15000,0.7308,0.098078,100,7.817163,,,,0.0,0,0,12.91697072982788,/home/ojab2/work/git/vggt/vggt_outputs/bonsai_2_n100_s42_c0.0_p10000_voxels_minfarthestpose/eval_results.json,bonsai_2_n100_s42_c0.0_p10000_voxels_minfarthestpose,bonsai_2_n100_s42_c0.0_p10000_voxels_minfarthestpose_i100_gteval_gtext_gtint_steps15000_val_step14999.json,9739,True,0.7741565704345703,,vggt | voxels,10750.0
vggt,100,42,0.0,50000,voxels,,,,0,10,minfarthestpose,100,GT Eval,GT Extrinsics,GT Intrinsics,,,False,,,,,0.0,,False,1.0,1.0,vggt,bonsai,,,15000,15000,,MCMC,,,,,,,,,,,gsplat,,indoor,28.64270782470703,0.173203706741333,0.884787380695343,1000000,0,0,,,0.8473569163259862,0.1713334758353883,49692,/home/ojab2/work/git/gsplat/results/vggt_outputs/bonsai_2_n100_s42_c0.0_p50000_voxels_minfarthestpose_i100_gteval_gtext_gtint_steps15000/stats/val_step14999.json,/home/ojab2/work/git/gsplat/results/vggt_outputs/bonsai_2_n100_s42_c0.0_p50000_voxels_minfarthestpose_i100_gteval_gtext_gtint_steps15000/stats/val_step14999.json,bonsai_2_n100_s42_c0.0_p50000_voxels_minfarthestpose_i100_gteval_gtext_gtint_steps15000,0.7308,0.098078,100,7.817163,,,,0.0,0,0,13.772696495056152,/home/ojab2/work/git/vggt/vggt_outputs/bonsai_2_n100_s42_c0.0_p50000_voxels_minfarthestpose/eval_results.json,bonsai_2_n100_s42_c0.0_p50000_voxels_minfarthestpose,bonsai_2_n100_s42_c0.0_p50000_voxels_minfarthestpose_i100_gteval_gtext_gtint_steps15000_val_step14999.json,49692,True,0.7731978893280029,,vggt | voxels,53750.0
vggt,100,42,0.0,100000,voxels,,,,0,10,minfarthestpose,100,GT Eval,GT Extrinsics,GT Intrinsics,,,False,,,,,0.0,,False,1.0,1.0,vggt,bonsai,,,15000,15000,,MCMC,,,,,,,,,,,gsplat,,indoor,28.330263137817383,0.17072522640228271,0.8756434917449951,1000000,0,0,,,0.8377535262612881,0.17494541509898293,99440,/home/ojab2/work/git/gsplat/results/vggt_outputs/bonsai_2_n100_s42_c0.0_p100000_voxels_minfarthestpose_i100_gteval_gtext_gtint_steps15000/stats/val_step14999.json,/home/ojab2/work/git/gsplat/results/vggt_outputs/bonsai_2_n100_s42_c0.0_p100000_voxels_minfarthestpose_i100_gteval_gtext_gtint_steps15000/stats/val_step14999.json,bonsai_2_n100_s42_c0.0_p100000_voxels_minfarthestpose_i100_gteval_gtext_gtint_steps15000,0.7308,0.098078,100,7.817163,,,,2.384185791015625e-07,0,0,14.295294284820557,/home/ojab2/work/git/vggt/vggt_outputs/bonsai_2_n100_s42_c0.0_p100000_voxels_minfarthestpose/eval_results.json,bonsai_2_n100_s42_c0.0_p100000_voxels_minfarthestpose,bonsai_2_n100_s42_c0.0_p100000_voxels_minfarthestpose_i100_gteval_gtext_gtint_steps15000_val_step14999.json,99440,True,0.8796279430389404,,vggt | voxels,107500.0
vggt,100,42,0.0,500000,voxels,,,,0,10,minfarthestpose,100,GT Eval,GT Extrinsics,GT Intrinsics,,,False,,,,,0.0,,False,1.0,1.0,vggt,bonsai,,,15000,15000,,MCMC,,,,,,,,,,,gsplat,,indoor,27.36270523071289,0.18313167989253998,0.8545089364051819,1000000,0,0,,,0.7998180935296089,0.18879999432914996,468370,/home/ojab2/work/git/gsplat/results/vggt_outputs/bonsai_2_n100_s42_c0.0_p500000_voxels_minfarthestpose_i100_gteval_gtext_gtint_steps15000/stats/val_step14999.json,/home/ojab2/work/git/gsplat/results/vggt_outputs/bonsai_2_n100_s42_c0.0_p500000_voxels_minfarthestpose_i100_gteval_gtext_gtint_steps15000/stats/val_step14999.json,bonsai_2_n100_s42_c0.0_p500000_voxels_minfarthestpose_i100_gteval_gtext_gtint_steps15000,0.7308,0.098078,100,7.817163,,,,0.0,0,0,17.259203910827637,/home/ojab2/work/git/vggt/vggt_outputs/bonsai_2_n100_s42_c0.0_p500000_voxels_minfarthestpose/eval_results.json,bonsai_2_n100_s42_c0.0_p500000_voxels_minfarthestpose,bonsai_2_n100_s42_c0.0_p500000_voxels_minfarthestpose_i100_gteval_gtext_gtint_steps15000_val_step14999.json,468370,True,0.8282418251037598,,vggt | voxels,537500.0
vggt,100,42,0.0,1000000,voxels,,,,0,10,minfarthestpose,100,GT Eval,GT Extrinsics,GT Intrinsics,,,False,,,,,0.0,,False,1.0,1.0,vggt,bonsai,,,15000,15000,,MCMC,,,,,,,,,,,gsplat,,indoor,26.699501037597656,0.19508975744247437,0.8433953523635864,1000000,0,0,,,0.7736558330918846,0.19765367205178297,802891,/home/ojab2/work/git/gsplat/results/vggt_outputs/bonsai_2_n100_s42_c0.0_p1000000_voxels_minfarthestpose_i100_gteval_gtext_gtint_steps15000/stats/val_step14999.json,/home/ojab2/work/git/gsplat/results/vggt_outputs/bonsai_2_n100_s42_c0.0_p1000000_voxels_minfarthestpose_i100_gteval_gtext_gtint_steps15000/stats/val_step14999.json,bonsai_2_n100_s42_c0.0_p1000000_voxels_minfarthestpose_i100_gteval_gtext_gtint_steps15000,0.7308,0.098078,100,7.817163,,,,0.0,0,0,19.96575951576233,/home/ojab2/work/git/vggt/vggt_outputs/bonsai_2_n100_s42_c0.0_p1000000_voxels_minfarthestpose/eval_results.json,bonsai_2_n100_s42_c0.0_p1000000_voxels_minfarthestpose,bonsai_2_n100_s42_c0.0_p1000000_voxels_minfarthestpose_i100_gteval_gtext_gtint_steps15000_val_step14999.json,802891,True,0.763953685760498,,vggt | voxels,1075000.0
colmap,100,42,,66763,,,,,0,10,minfarthestpose,100,GT Eval,GT Extrinsics,GT Intrinsics,,,False,,,,,0.0,,False,1.0,1.0,colmap,bonsai,,,15000,15000,default,MCMC,,,,,Shared Cam,,,,,,gsplat,,indoor,31.41236686706543,0.12954774498939514,0.94107586145401,1000000,0,0,,,0.9585122633398624,0.12433768948872681,66763,/home/ojab2/work/git/gsplat/results/colmap_outputs/bonsai_2_n100_s42_default_minfarthestpose_sharedcam_i100_gteval_gtext_gtint_steps15000/stats/val_step14999.json,/home/ojab2/work/git/gsplat/results/colmap_outputs/bonsai_2_n100_s42_default_minfarthestpose_sharedcam_i100_gteval_gtext_gtint_steps15000/stats/val_step14999.json,bonsai_2_n100_s42_default_minfarthestpose_sharedcam_i100_gteval_gtext_gtint_steps15000,0.0595,0.002889,100,1.016141,,,,187.39341807365417,7726,7726,0.0,/home/ojab2/work/git/vggt/colmap_outputs/bonsai_2_n100_s42_default_minfarthestpose_sharedcam/eval_results.json,bonsai_2_n100_s42_default_minfarthestpose_sharedcam,bonsai_2_n100_s42_default_minfarthestpose_sharedcam_i100_gteval_gtext_gtint_steps15000_val_step14999.json,66763,,,,colmap | ,75108.375
vggt,100,42,,20722,ba,,,,0,10,minfarthestpose,100,GT Eval,GT Extrinsics,GT Intrinsics,,,False,,,,,0.0,,False,1.0,1.0,vggt,kitchen,radial,,15000,15000,,MCMC,,,,,Shared Cam,,,Use BA,aliked+sp,250,gsplat,,indoor,26.29525375366211,0.16821269690990448,0.8856135010719299,1000000,0,0,,,0.8074495262376203,0.1695900735289655,20722,/home/ojab2/work/git/gsplat/results/vggt_outputs/kitchen_2_n100_s42_mradial_aliked-sp_ba_minfarthestpose_useba_maxba250_sharedcam_i100_gteval_gtext_gtint_steps15000/stats/val_step14999.json,/home/ojab2/work/git/gsplat/results/vggt_outputs/kitchen_2_n100_s42_mradial_aliked-sp_ba_minfarthestpose_useba_maxba250_sharedcam_i100_gteval_gtext_gtint_steps15000/stats/val_step14999.json,kitchen_2_n100_s42_mradial_aliked-sp_ba_minfarthestpose_useba_maxba250_sharedcam_i100_gteval_gtext_gtint_steps15000,0.3459,0.019721,100,4.160002,,,,0.0,0,0,142.1715395450592,/home/ojab2/work/git/vggt/vggt_outputs/kitchen_2_n100_s42_mradial_aliked-sp_ba_minfarthestpose_useba_maxba250_sharedcam/eval_results.json,kitchen_2_n100_s42_mradial_aliked-sp_ba_minfarthestpose_useba_maxba250_sharedcam,kitchen_2_n100_s42_mradial_aliked-sp_ba_minfarthestpose_useba_maxba250_sharedcam_i100_gteval_gtext_gtint_steps15000_val_step14999.json,20722,True,3.684368133544922,,vggt | ba,18131.75
vggt,100,42,,,ba,,,,0,10,minfarthestpose,100,GT Eval,GT Extrinsics,GT Intrinsics,,,False,,,,,0.0,,False,1.0,1.0,vggt,kitchen,radial,,15000,15000,,MCMC,,,,,Shared Cam,,,Use BA,aliked+sp,250,gsplat_cfg,,indoor,,,,,0,0,,,,,,/home/ojab2/work/git/gsplat/results/vggt_outputs/kitchen_2_n100_s42_mradial_aliked-sp_ba_minfarthestpose_useba_maxba250_sharedcam_i100_gteval_gtext_gtint_steps15000/stats/config.json,,kitchen_2_n100_s42_mradial_aliked-sp_ba_minfarthestpose_useba_maxba250_sharedcam_i100_gteval_gtext_gtint_steps15000,,,,,,,,,,,,,kitchen_2_n100_s42_mradial_aliked-sp_ba_minfarthestpose_useba_maxba250_sharedcam_i100_gteval_gtext_gtint_steps15000,,,,,/home/ojab2/work/git/gsplat/results/vggt_outputs/kitchen_2_n100_s42_mradial_aliked-sp_ba_minfarthestpose_useba_maxba250_sharedcam_i100_gteval_gtext_gtint_steps15000/stats/config.json,vggt | ba,
vggt,100,42,0.0,1000,confidence,,,,0,10,minfarthestpose,100,GT Eval,GT Extrinsics,GT Intrinsics,,,False,,,,,0.0,,False,1.0,1.0,vggt,kitchen,,,15000,15000,,MCMC,,,,,,,,,,,gsplat_cfg,,indoor,23.7557373046875,0.27834728360176086,0.8044689893722534,1000000,0,0,,,0.6449842002579265,0.2415825223755737,1000,/home/ojab2/work/git/gsplat/results/vggt_outputs/kitchen_2_n100_s42_c0.0_p1000_confidence_minfarthestpose_i100_gteval_gtext_gtint_steps15000/stats/config.json,/home/ojab2/work/git/gsplat/results/vggt_outputs/kitchen_2_n100_s42_c0.0_p1000_confidence_minfarthestpose_i100_gteval_gtext_gtint_steps15000/stats/val_step14999.json,kitchen_2_n100_s42_c0.0_p1000_confidence_minfarthestpose_i100_gteval_gtext_gtint_steps15000,0.2827,0.025851,100,4.144792,,,,0.0,0,0,2.7857391834259033,/home/ojab2/work/git/vggt/vggt_outputs/kitchen_2_n100_s42_c0.0_p1000_confidence_minfarthestpose/eval_results.json,kitchen_2_n100_s42_c0.0_p1000_confidence_minfarthestpose_i100_gteval_gtext_gtint_steps15000,,1000,True,0.993988037109375,/home/ojab2/work/git/gsplat/results/vggt_outputs/kitchen_2_n100_s42_c0.0_p1000_confidence_minfarthestpose_i100_gteval_gtext_gtint_steps15000/stats/config.json,vggt | confidence,925.0
vggt,100,42,0.0,5000,confidence,,,,0,10,minfarthestpose,100,GT Eval,GT Extrinsics,GT Intrinsics,,,False,,,,,0.0,,False,1.0,1.0,vggt,kitchen,,,15000,15000,,MCMC,,,,,,,,,,,gsplat_cfg,,indoor,25.744441986083984,0.17561323940753937,0.8791216015815735,1000000,0,0,,,0.788884639759355,0.17531769349585608,5000,/home/ojab2/work/git/gsplat/results/vggt_outputs/kitchen_2_n100_s42_c0.0_p5000_confidence_minfarthestpose_i100_gteval_gtext_gtint_steps15000/stats/config.json,/home/ojab2/work/git/gsplat/results/vggt_outputs/kitchen_2_n100_s42_c0.0_p5000_confidence_minfarthestpose_i100_gteval_gtext_gtint_steps15000/stats/val_step14999.json,kitchen_2_n100_s42_c0.0_p5000_confidence_minfarthestpose_i100_gteval_gtext_gtint_steps15000,0.2827,0.025851,100,4.144792,,,,0.0,0,0,2.677196741104126,/home/ojab2/work/git/vggt/vggt_outputs/kitchen_2_n100_s42_c0.0_p5000_confidence_minfarthestpose/eval_results.json,kitchen_2_n100_s42_c0.0_p5000_confidence_minfarthestpose_i100_gteval_gtext_gtint_steps15000,,5000,True,0.7729508876800537,/home/ojab2/work/git/gsplat/results/vggt_outputs/kitchen_2_n100_s42_c0.0_p5000_confidence_minfarthestpose_i100_gteval_gtext_gtint_steps15000/stats/config.json,vggt | confidence,4625.0
vggt,100,42,0.0,10000,confidence,,,,0,10,minfarthestpose,100,GT Eval,GT Extrinsics,GT Intrinsics,,,False,,,,,0.0,,False,1.0,1.0,vggt,kitchen,,,15000,15000,,MCMC,,,,,,,,,,,gsplat_cfg,,indoor,26.066560745239258,0.16556574404239655,0.8878231644630432,1000000,0,0,,,0.8061405928627556,0.16765584379722467,10000,/home/ojab2/work/git/gsplat/results/vggt_outputs/kitchen_2_n100_s42_c0.0_p10000_confidence_minfarthestpose_i100_gteval_gtext_gtint_steps15000/stats/config.json,/home/ojab2/work/git/gsplat/results/vggt_outputs/kitchen_2_n100_s42_c0.0_p10000_confidence_minfarthestpose_i100_gteval_gtext_gtint_steps15000/stats/val_step14999.json,kitchen_2_n100_s42_c0.0_p10000_confidence_minfarthestpose_i100_gteval_gtext_gtint_steps15000,0.2827,0.025851,100,4.144792,,,,2.384185791015625e-07,0,0,2.6264874935150146,/home/ojab2/work/git/vggt/vggt_outputs/kitchen_2_n100_s42_c0.0_p10000_confidence_minfarthestpose/eval_results.json,kitchen_2_n100_s42_c0.0_p10000_confidence_minfarthestpose_i100_gteval_gtext_gtint_steps15000,,10000,True,0.7506198883056641,/home/ojab2/work/git/gsplat/results/vggt_outputs/kitchen_2_n100_s42_c0.0_p10000_confidence_minfarthestpose_i100_gteval_gtext_gtint_steps15000/stats/config.json,vggt | confidence,9250.0
vggt,100,42,0.0,50000,confidence,,,,0,10,minfarthestpose,100,GT Eval,GT Extrinsics,GT Intrinsics,,,False,,,,,0.0,,False,1.0,1.0,vggt,kitchen,,,15000,15000,,MCMC,,,,,,,,,,,gsplat_cfg,,indoor,25.273109436035156,0.15966829657554626,0.8919156193733215,1000000,0,0,,,0.7974806982561549,0.16379990873492312,50000,/home/ojab2/work/git/gsplat/results/vggt_outputs/kitchen_2_n100_s42_c0.0_p50000_confidence_minfarthestpose_i100_gteval_gtext_gtint_steps15000/stats/config.json,/home/ojab2/work/git/gsplat/results/vggt_outputs/kitchen_2_n100_s42_c0.0_p50000_confidence_minfarthestpose_i100_gteval_gtext_gtint_steps15000/stats/val_step14999.json,kitchen_2_n100_s42_c0.0_p50000_confidence_minfarthestpose_i100_gteval_gtext_gtint_steps15000,0.2827,0.025851,100,4.144792,,,,0.0,0,0,2.8323984146118164,/home/ojab2/work/git/vggt/vggt_outputs/kitchen_2_n100_s42_c0.0_p50000_confidence_minfarthestpose/eval_results.json,kitchen_2_n100_s42_c0.0_p50000_confidence_minfarthestpose_i100_gteval_gtext_gtint_steps15000,,50000,True,0.7777647972106934,/home/ojab2/work/git/gsplat/results/vggt_outputs/kitchen_2_n100_s42_c0.0_p50000_confidence_minfarthestpose_i100_gteval_gtext_gtint_steps15000/stats/config.json,vggt | confidence,46250.0
vggt,100,42,0.0,100000,confidence,,,,0,10,minfarthestpose,100,GT Eval,GT Extrinsics,GT Intrinsics,,,False,,,,,0.0,,False,1.0,1.0,vggt,kitchen,,,15000,15000,,MCMC,,,,,,,,,,,gsplat_cfg,,indoor,25.025753021240234,0.1730741560459137,0.884459376335144,1000000,0,0,,,0.7802644259670944,0.17204346933317893,100000,/home/ojab2/work/git/gsplat/results/vggt_outputs/kitchen_2_n100_s42_c0.0_p100000_confidence_minfarthestpose_i100_gteval_gtext_gtint_steps15000/stats/config.json,/home/ojab2/work/git/gsplat/results/vggt_outputs/kitchen_2_n100_s42_c0.0_p100000_confidence_minfarthestpose_i100_gteval_gtext_gtint_steps15000/stats/val_step14999.json,kitchen_2_n100_s42_c0.0_p100000_confidence_minfarthestpose_i100_gteval_gtext_gtint_steps15000,0.2827,0.025851,100,4.144792,,,,0.0,0,0,3.2319090366363525,/home/ojab2/work/git/vggt/vggt_outputs/kitchen_2_n100_s42_c0.0_p100000_confidence_minfarthestpose/eval_results.json,kitchen_2_n100_s42_c0.0_p100000_confidence_minfarthestpose_i100_gteval_gtext_gtint_steps15000,,100000,True,0.72882080078125,/home/ojab2/work/git/gsplat/results/vggt_outputs/kitchen_2_n100_s42_c0.0_p100000_confidence_minfarthestpose_i100_gteval_gtext_gtint_steps15000/stats/config.json,vggt | confidence,92500.0
vggt,100,42,0.0,500000,confidence,,,,0,10,minfarthestpose,100,GT Eval,GT Extrinsics,GT Intrinsics,,,False,,,,,0.0,,False,1.0,1.0,vggt,kitchen,,,15000,15000,,MCMC,,,,,,,,,,,gsplat_cfg,,indoor,24.243743896484375,0.1698445975780487,0.8863978981971741,1000000,0,0,,,0.7689099686342528,0.170219166142747,500000,/home/ojab2/work/git/gsplat/results/vggt_outputs/kitchen_2_n100_s42_c0.0_p500000_confidence_minfarthestpose_i100_gteval_gtext_gtint_steps15000/stats/config.json,/home/ojab2/work/git/gsplat/results/vggt_outputs/kitchen_2_n100_s42_c0.0_p500000_confidence_minfarthestpose_i100_gteval_gtext_gtint_steps15000/stats/val_step14999.json,kitchen_2_n100_s42_c0.0_p500000_confidence_minfarthestpose_i100_gteval_gtext_gtint_steps15000,0.2827,0.025851,100,4.144792,,,,0.0,0,0,6.494320392608643,/home/ojab2/work/git/vggt/vggt_outputs/kitchen_2_n100_s42_c0.0_p500000_confidence_minfarthestpose/eval_results.json,kitchen_2_n100_s42_c0.0_p500000_confidence_minfarthestpose_i100_gteval_gtext_gtint_steps15000,,500000,True,0.7433485984802246,/home/ojab2/work/git/gsplat/results/vggt_outputs/kitchen_2_n100_s42_c0.0_p500000_confidence_minfarthestpose_i100_gteval_gtext_gtint_steps15000/stats/config.json,vggt | confidence,462500.0
vggt,100,42,0.0,1000000,confidence,,,,0,10,minfarthestpose,100,GT Eval,GT Extrinsics,GT Intrinsics,,,False,,,,,0.0,,False,1.0,1.0,vggt,kitchen,,,15000,15000,,MCMC,,,,,,,,,,,gsplat_cfg,,indoor,23.839380264282227,0.18084485828876495,0.8791068196296692,1000000,0,0,,,0.7503676801978032,0.17755762968717526,1000000,/home/ojab2/work/git/gsplat/results/vggt_outputs/kitchen_2_n100_s42_c0.0_p1000000_confidence_minfarthestpose_i100_gteval_gtext_gtint_steps15000/stats/config.json,/home/ojab2/work/git/gsplat/results/vggt_outputs/kitchen_2_n100_s42_c0.0_p1000000_confidence_minfarthestpose_i100_gteval_gtext_gtint_steps15000/stats/val_step14999.json,kitchen_2_n100_s42_c0.0_p1000000_confidence_minfarthestpose_i100_gteval_gtext_gtint_steps15000,0.2827,0.025851,100,4.144792,,,,0.0,0,0,10.543241262435913,/home/ojab2/work/git/vggt/vggt_outputs/kitchen_2_n100_s42_c0.0_p1000000_confidence_minfarthestpose/eval_results.json,kitchen_2_n100_s42_c0.0_p1000000_confidence_minfarthestpose_i100_gteval_gtext_gtint_steps15000,,1000000,True,0.7649364471435547,/home/ojab2/work/git/gsplat/results/vggt_outputs/kitchen_2_n100_s42_c0.0_p1000000_confidence_minfarthestpose_i100_gteval_gtext_gtint_steps15000/stats/config.json,vggt | confidence,925000.0
vggt,100,42,0.0,1000,imagefps,,,,0,10,minfarthestpose,100,GT Eval,GT Extrinsics,GT Intrinsics,,,False,,,,,0.0,,False,1.0,1.0,vggt,kitchen,,,15000,15000,,MCMC,,,,,,,,,,,gsplat_cfg,,indoor,25.554414749145508,0.22534294426441193,0.8304188251495361,1000000,0,0,,,0.7261871123677961,0.21330952797986963,1000,/home/ojab2/work/git/gsplat/results/vggt_outputs/kitchen_2_n100_s42_c0.0_p1000_imagefps_minfarthestpose_i100_gteval_gtext_gtint_steps15000/stats/config.json,/home/ojab2/work/git/gsplat/results/vggt_outputs/kitchen_2_n100_s42_c0.0_p1000_imagefps_minfarthestpose_i100_gteval_gtext_gtint_steps15000/stats/val_step14999.json,kitchen_2_n100_s42_c0.0_p1000_imagefps_minfarthestpose_i100_gteval_gtext_gtint_steps15000,0.2827,0.025851,100,4.144792,,,,0.0,0,0,4.317743539810181,/home/ojab2/work/git/vggt/vggt_outputs/kitchen_2_n100_s42_c0.0_p1000_imagefps_minfarthestpose/eval_results.json,kitchen_2_n100_s42_c0.0_p1000_imagefps_minfarthestpose_i100_gteval_gtext_gtint_steps15000,,1000,True,3.9376964569091797,/home/ojab2/work/git/gsplat/results/vggt_outputs/kitchen_2_n100_s42_c0.0_p1000_imagefps_minfarthestpose_i100_gteval_gtext_gtint_steps15000/stats/config.json,vggt | imagefps,975.0
vggt,100,42,0.0,5000,imagefps,,,,0,10,minfarthestpose,100,GT Eval,GT Extrinsics,GT Intrinsics,,,False,,,,,0.0,,False,1.0,1.0,vggt,kitchen,,,15000,15000,,MCMC,,,,,,,,,,,gsplat_cfg,,indoor,27.344188690185547,0.15073230862617493,0.886827826499939,1000000,0,0,,,0.8383747422517005,0.16299542228676256,5000,/home/ojab2/work/git/gsplat/results/vggt_outputs/kitchen_2_n100_s42_c0.0_p5000_imagefps_minfarthestpose_i100_gteval_gtext_gtint_steps15000/stats/config.json,/home/ojab2/work/git/gsplat/results/vggt_outputs/kitchen_2_n100_s42_c0.0_p5000_imagefps_minfarthestpose_i100_gteval_gtext_gtint_steps15000/stats/val_step14999.json,kitchen_2_n100_s42_c0.0_p5000_imagefps_minfarthestpose_i100_gteval_gtext_gtint_steps15000,0.2827,0.025851,100,4.144792,,,,0.0,0,0,5.997166156768799,/home/ojab2/work/git/vggt/vggt_outputs/kitchen_2_n100_s42_c0.0_p5000_imagefps_minfarthestpose/eval_results.json,kitchen_2_n100_s42_c0.0_p5000_imagefps_minfarthestpose_i100_gteval_gtext_gtint_steps15000,,5000,True,1.7297589778900146,/home/ojab2/work/git/gsplat/results/vggt_outputs/kitchen_2_n100_s42_c0.0_p5000_imagefps_minfarthestpose_i100_gteval_gtext_gtint_steps15000/stats/config.json,vggt | imagefps,4875.0
vggt,100,42,0.0,10000,imagefps,,,,0,10,minfarthestpose,100,GT Eval,GT Extrinsics,GT Intrinsics,,,False,,,,,0.0,,False,1.0,1.0,vggt,kitchen,,,15000,15000,,MCMC,,,,,,,,,,,gsplat_cfg,,indoor,27.64516830444336,0.1355389952659607,0.8982847332954407,1000000,0,0,,,0.860026972800435,0.1520623752066266,10000,/home/ojab2/work/git/gsplat/results/vggt_outputs/kitchen_2_n100_s42_c0.0_p10000_imagefps_minfarthestpose_i100_gteval_gtext_gtint_steps15000/stats/config.json,/home/ojab2/work/git/gsplat/results/vggt_outputs/kitchen_2_n100_s42_c0.0_p10000_imagefps_minfarthestpose_i100_gteval_gtext_gtint_steps15000/stats/val_step14999.json,kitchen_2_n100_s42_c0.0_p10000_imagefps_minfarthestpose_i100_gteval_gtext_gtint_steps15000,0.2827,0.025851,100,4.144792,,,,0.0,0,0,8.08956003189087,/home/ojab2/work/git/vggt/vggt_outputs/kitchen_2_n100_s42_c0.0_p10000_imagefps_minfarthestpose/eval_results.json,kitchen_2_n100_s42_c0.0_p10000_imagefps_minfarthestpose_i100_gteval_gtext_gtint_steps15000,,10000,True,1.7227132320404053,/home/ojab2/work/git/gsplat/results/vggt_outputs/kitchen_2_n100_s42_c0.0_p10000_imagefps_minfarthestpose_i100_gteval_gtext_gtint_steps15000/stats/config.json,vggt | imagefps,9750.0
vggt,100,42,0.0,50000,imagefps,,,,0,10,minfarthestpose,100,GT Eval,GT Extrinsics,GT Intrinsics,,,False,,,,,0.0,,False,1.0,1.0,vggt,kitchen,,,15000,15000,,MCMC,,,,,,,,,,,gsplat_cfg,,indoor,26.902009963989258,0.12380047142505646,0.9019863605499268,1000000,0,0,,,0.8556754779823419,0.1463041885178331,50000,/home/ojab2/work/git/gsplat/results/vggt_outputs/kitchen_2_n100_s42_c0.0_p50000_imagefps_minfarthestpose_i100_gteval_gtext_gtint_steps15000/stats/config.json,/home/ojab2/work/git/gsplat/results/vggt_outputs/kitchen_2_n100_s42_c0.0_p50000_imagefps_minfarthestpose_i100_gteval_gtext_gtint_steps15000/stats/val_step14999.json,kitchen_2_n100_s42_c0.0_p50000_imagefps_minfarthestpose_i100_gteval_gtext_gtint_steps15000,0.2827,0.025851,100,4.144792,,,,0.0,0,0,17.928441762924194,/home/ojab2/work/git/vggt/vggt_outputs/kitchen_2_n100_s42_c0.0_p50000_imagefps_minfarthestpose/eval_results.json,kitchen_2_n100_s42_c0.0_p50000_imagefps_minfarthestpose_i100_gteval_gtext_gtint_steps15000,,50000,True,1.6323411464691162,/home/ojab2/work/git/gsplat/results/vggt_outputs/kitchen_2_n100_s42_c0.0_p50000_imagefps_minfarthestpose_i100_gteval_gtext_gtint_steps15000/stats/config.json,vggt | imagefps,48750.0
vggt,100,42,0.0,100000,imagefps,,,,0,10,minfarthestpose,100,GT Eval,GT Extrinsics,GT Intrinsics,,,False,,,,,0.0,,False,1.0,1.0,vggt,kitchen,,,15000,15000,,MCMC,,,,,,,,,,,gsplat_cfg,,indoor,26.745893478393555,0.1252104490995407,0.8997531533241272,1000000,0,0,,,0.8506081062257096,0.1479812539454897,100000,/home/ojab2/work/git/gsplat/results/vggt_outputs/kitchen_2_n100_s42_c0.0_p100000_imagefps_minfarthestpose_i100_gteval_gtext_gtint_steps15000/stats/config.json,/home/ojab2/work/git/gsplat/results/vggt_outputs/kitchen_2_n100_s42_c0.0_p100000_imagefps_minfarthestpose_i100_gteval_gtext_gtint_steps15000/stats/val_step14999.json,kitchen_2_n100_s42_c0.0_p100000_imagefps_minfarthestpose_i100_gteval_gtext_gtint_steps15000,0.2827,0.025851,100,4.144792,,,,0.0,0,0,31.50548791885376,/home/ojab2/work/git/vggt/vggt_outputs/kitchen_2_n100_s42_c0.0_p100000_imagefps_minfarthestpose/eval_results.json,kitchen_2_n100_s42_c0.0_p100000_imagefps_minfarthestpose_i100_gteval_gtext_gtint_steps15000,,100000,True,1.6750173568725586,/home/ojab2/work/git/gsplat/results/vggt_outputs/kitchen_2_n100_s42_c0.0_p100000_imagefps_minfarthestpose_i100_gteval_gtext_gtint_steps15000/stats/config.json,vggt | imagefps,97500.0
vggt,100,42,0.0,500000,imagefps,,,,0,10,minfarthestpose,100,GT Eval,GT Extrinsics,GT Intrinsics,,,False,,,,,0.0,,False,1.0,1.0,vggt,kitchen,,,15000,15000,,MCMC,,,,,,,,,,,gsplat_cfg,,indoor,25.80006217956543,0.1320694535970688,0.8897365927696228,1000000,0,0,,,0.8230011206582584,0.15558634228854423,500000,/home/ojab2/work/git/gsplat/results/vggt_outputs/kitchen_2_n100_s42_c0.0_p500000_imagefps_minfarthestpose_i100_gteval_gtext_gtint_steps15000/stats/config.json,/home/ojab2/work/git/gsplat/results/vggt_outputs/kitchen_2_n100_s42_c0.0_p500000_imagefps_minfarthestpose_i100_gteval_gtext_gtint_steps15000/stats/val_step14999.json,kitchen_2_n100_s42_c0.0_p500000_imagefps_minfarthestpose_i100_gteval_gtext_gtint_steps15000,0.2827,0.025851,100,4.144792,,,,4.76837158203125e-07,0,0,141.30404019355774,/home/ojab2/work/git/vggt/vggt_outputs/kitchen_2_n100_s42_c0.0_p500000_imagefps_minfarthestpose/eval_results.json,kitchen_2_n100_s42_c0.0_p500000_imagefps_minfarthestpose_i100_gteval_gtext_gtint_steps15000,,500000,True,1.6301896572113037,/home/ojab2/work/git/gsplat/results/vggt_outputs/kitchen_2_n100_s42_c0.0_p500000_imagefps_minfarthestpose_i100_gteval_gtext_gtint_steps15000/stats/config.json,vggt | imagefps,487500.0
vggt,100,42,0.0,1000000,imagefps,,,,0,10,minfarthestpose,100,GT Eval,GT Extrinsics,GT Intrinsics,,,False,,,,,0.0,,False,1.0,1.0,vggt,kitchen,,,15000,15000,,MCMC,,,,,,,,,,,gsplat_cfg,,indoor,25.419445037841797,0.1398317962884903,0.8835784792900085,1000000,0,0,,,0.8075598495551871,0.16130297454066603,1000000,/home/ojab2/work/git/gsplat/results/vggt_outputs/kitchen_2_n100_s42_c0.0_p1000000_imagefps_minfarthestpose_i100_gteval_gtext_gtint_steps15000/stats/config.json,/home/ojab2/work/git/gsplat/results/vggt_outputs/kitchen_2_n100_s42_c0.0_p1000000_imagefps_minfarthestpose_i100_gteval_gtext_gtint_steps15000/stats/val_step14999.json,kitchen_2_n100_s42_c0.0_p1000000_imagefps_minfarthestpose_i100_gteval_gtext_gtint_steps15000,0.2827,0.025851,100,4.144792,,,,2.384185791015625e-07,0,0,278.2953288555145,/home/ojab2/work/git/vggt/vggt_outputs/kitchen_2_n100_s42_c0.0_p1000000_imagefps_minfarthestpose/eval_results.json,kitchen_2_n100_s42_c0.0_p1000000_imagefps_minfarthestpose_i100_gteval_gtext_gtint_steps15000,,1000000,True,1.7646639347076416,/home/ojab2/work/git/gsplat/results/vggt_outputs/kitchen_2_n100_s42_c0.0_p1000000_imagefps_minfarthestpose_i100_gteval_gtext_gtint_steps15000/stats/config.json,vggt | imagefps,975000.0
vggt,100,42,0.0,1000,random,,,,0,10,minfarthestpose,100,GT Eval,GT Extrinsics,GT Intrinsics,,,False,,,,,0.0,,False,1.0,1.0,vggt,kitchen,,,15000,15000,,MCMC,,,,,,,,,,,gsplat_cfg,,indoor,25.732067108154297,0.2188856452703476,0.8386542797088623,1000000,0,0,,,0.7382790131991835,0.20774533594545322,1000,/home/ojab2/work/git/gsplat/results/vggt_outputs/kitchen_2_n100_s42_c0.0_p1000_random_minfarthestpose_i100_gteval_gtext_gtint_steps15000/stats/config.json,/home/ojab2/work/git/gsplat/results/vggt_outputs/kitchen_2_n100_s42_c0.0_p1000_random_minfarthestpose_i100_gteval_gtext_gtint_steps15000/stats/val_step14999.json,kitchen_2_n100_s42_c0.0_p1000_random_minfarthestpose_i100_gteval_gtext_gtint_steps15000,0.2827,0.025851,100,4.144792,,,,0.0,0,0,2.6552157402038574,/home/ojab2/work/git/vggt/vggt_outputs/kitchen_2_n100_s42_c0.0_p1000_random_minfarthestpose/eval_results.json,kitchen_2_n100_s42_c0.0_p1000_random_minfarthestpose_i100_gteval_gtext_gtint_steps15000,,1000,True,0.7549920082092285,/home/ojab2/work/git/gsplat/results/vggt_outputs/kitchen_2_n100_s42_c0.0_p1000_random_minfarthestpose_i100_gteval_gtext_gtint_steps15000/stats/config.json,vggt | random,1025.0
vggt,100,42,0.0,5000,random,,,,0,10,minfarthestpose,100,GT Eval,GT Extrinsics,GT Intrinsics,,,False,,,,,0.0,,False,1.0,1.0,vggt,kitchen,,,15000,15000,,MCMC,,,,,,,,,,,gsplat_cfg,,indoor,27.398378372192383,0.14674226939678192,0.8912397623062134,1000000,0,0,,,0.8444213214789682,0.15945027359656752,5000,/home/ojab2/work/git/gsplat/results/vggt_outputs/kitchen_2_n100_s42_c0.0_p5000_random_minfarthestpose_i100_gteval_gtext_gtint_steps15000/stats/config.json,/home/ojab2/work/git/gsplat/results/vggt_outputs/kitchen_2_n100_s42_c0.0_p5000_random_minfarthestpose_i100_gteval_gtext_gtint_steps15000/stats/val_step14999.json,kitchen_2_n100_s42_c0.0_p5000_random_minfarthestpose_i100_gteval_gtext_gtint_steps15000,0.2827,0.025851,100,4.144792,,,,0.0,0,0,2.630373954772949,/home/ojab2/work/git/vggt/vggt_outputs/kitchen_2_n100_s42_c0.0_p5000_random_minfarthestpose/eval_results.json,kitchen_2_n100_s42_c0.0_p5000_random_minfarthestpose_i100_gteval_gtext_gtint_steps15000,,5000,True,0.724337100982666,/home/ojab2/work/git/gsplat/results/vggt_outputs/kitchen_2_n100_s42_c0.0_p5000_random_minfarthestpose_i100_gteval_gtext_gtint_steps15000/stats/config.json,vggt | random,5125.0
vggt,100,42,0.0,10000,random,,,,0,10,minfarthestpose,100,GT Eval,GT Extrinsics,GT Intrinsics,,,False,,,,,0.0,,False,1.0,1.0,vggt,kitchen,,,15000,15000,,MCMC,,,,,,,,,,,gsplat_cfg,,indoor,27.445539474487305,0.13482539355754852,0.9010235667228699,1000000,0,0,,,0.8583722944729045,0.1504104384121041,10000,/home/ojab2/work/git/gsplat/results/vggt_outputs/kitchen_2_n100_s42_c0.0_p10000_random_minfarthestpose_i100_gteval_gtext_gtint_steps15000/stats/config.json,/home/ojab2/work/git/gsplat/results/vggt_outputs/kitchen_2_n100_s42_c0.0_p10000_random_minfarthestpose_i100_gteval_gtext_gtint_steps15000/stats/val_step14999.json,kitchen_2_n100_s42_c0.0_p10000_random_minfarthestpose_i100_gteval_gtext_gtint_steps15000,0.2827,0.025851,100,4.144792,,,,0.0,0,0,2.695605516433716,/home/ojab2/work/git/vggt/vggt_outputs/kitchen_2_n100_s42_c0.0_p10000_random_minfarthestpose/eval_results.json,kitchen_2_n100_s42_c0.0_p10000_random_minfarthestpose_i100_gteval_gtext_gtint_steps15000,,10000,True,0.7696542739868164,/home/ojab2/work/git/gsplat/results/vggt_outputs/kitchen_2_n100_s42_c0.0_p10000_random_minfarthestpose_i100_gteval_gtext_gtint_steps15000/stats/config.json,vggt | random,10250.0
vggt,100,42,0.0,50000,random,,,,0,10,minfarthestpose,100,GT Eval,GT Extrinsics,GT Intrinsics,,,False,,,,,0.0,,False,1.0,1.0,vggt,kitchen,,,15000,15000,,MCMC,,,,,,,,,,,gsplat_cfg,,indoor,27.068721771240234,0.12140662223100662,0.9067940711975098,1000000,0,0,,,0.863051945054353,0.14288900698975304,50000,/home/ojab2/work/git/gsplat/results/vggt_outputs/kitchen_2_n100_s42_c0.0_p50000_random_minfarthestpose_i100_gteval_gtext_gtint_steps15000/stats/config.json,/home/ojab2/work/git/gsplat/results/vggt_outputs/kitchen_2_n100_s42_c0.0_p50000_random_minfarthestpose_i100_gteval_gtext_gtint_steps15000/stats/val_step14999.json,kitchen_2_n100_s42_c0.0_p50000_random_minfarthestpose_i100_gteval_gtext_gtint_steps15000,0.2827,0.025851,100,4.144792,,,,2.384185791015625e-07,0,0,2.9416112899780273,/home/ojab2/work/git/vggt/vggt_outputs/kitchen_2_n100_s42_c0.0_p50000_random_minfarthestpose/eval_results.json,kitchen_2_n100_s42_c0.0_p50000_random_minfarthestpose_i100_gteval_gtext_gtint_steps15000,,50000,True,0.7778463363647461,/home/ojab2/work/git/gsplat/results/vggt_outputs/kitchen_2_n100_s42_c0.0_p50000_random_minfarthestpose_i100_gteval_gtext_gtint_steps15000/stats/config.json,vggt | random,51249.99999999999
vggt,100,42,0.0,100000,random,,,,0,10,minfarthestpose,100,GT Eval,GT Extrinsics,GT Intrinsics,,,False,,,,,0.0,,False,1.0,1.0,vggt,kitchen,,,15000,15000,,MCMC,,,,,,,,,,,gsplat_cfg,,indoor,26.902482986450195,0.12214373052120209,0.9047079682350159,1000000,0,0,,,0.8582985006693975,0.1442927920651846,100000,/home/ojab2/work/git/gsplat/results/vggt_outputs/kitchen_2_n100_s42_c0.0_p100000_random_minfarthestpose_i100_gteval_gtext_gtint_steps15000/stats/config.json,/home/ojab2/work/git/gsplat/results/vggt_outputs/kitchen_2_n100_s42_c0.0_p100000_random_minfarthestpose_i100_gteval_gtext_gtint_steps15000/stats/val_step14999.json,kitchen_2_n100_s42_c0.0_p100000_random_minfarthestpose_i100_gteval_gtext_gtint_steps15000,0.2827,0.025851,100,4.144792,,,,,,,,/home/ojab2/work/git/vggt/vggt_outputs/kitchen_2_n100_s42_c0.0_p100000_random_minfarthestpose/eval_results.json,kitchen_2_n100_s42_c0.0_p100000_random_minfarthestpose_i100_gteval_gtext_gtint_steps15000,,100000,,,/home/ojab2/work/git/gsplat/results/vggt_outputs/kitchen_2_n100_s42_c0.0_p100000_random_minfarthestpose_i100_gteval_gtext_gtint_steps15000/stats/config.json,vggt | random,102499.99999999999
vggt,100,42,0.0,500000,random,,,,0,10,minfarthestpose,100,GT Eval,GT Extrinsics,GT Intrinsics,,,False,,,,,0.0,,False,1.0,1.0,vggt,kitchen,,,15000,15000,,MCMC,,,,,,,,,,,gsplat_cfg,,indoor,25.972476959228516,0.1271563470363617,0.8932751417160034,1000000,0,0,,,0.831296095645141,0.15212397015403173,500000,/home/ojab2/work/git/gsplat/results/vggt_outputs/kitchen_2_n100_s42_c0.0_p500000_random_minfarthestpose_i100_gteval_gtext_gtint_steps15000/stats/config.json,/home/ojab2/work/git/gsplat/results/vggt_outputs/kitchen_2_n100_s42_c0.0_p500000_random_minfarthestpose_i100_gteval_gtext_gtint_steps15000/stats/val_step14999.json,kitchen_2_n100_s42_c0.0_p500000_random_minfarthestpose_i100_gteval_gtext_gtint_steps15000,0.2827,0.025851,100,4.144792,,,,0.0,0,0,6.049306154251099,/home/ojab2/work/git/vggt/vggt_outputs/kitchen_2_n100_s42_c0.0_p500000_random_minfarthestpose/eval_results.json,kitchen_2_n100_s42_c0.0_p500000_random_minfarthestpose_i100_gteval_gtext_gtint_steps15000,,500000,True,0.7335402965545654,/home/ojab2/work/git/gsplat/results/vggt_outputs/kitchen_2_n100_s42_c0.0_p500000_random_minfarthestpose_i100_gteval_gtext_gtint_steps15000/stats/config.json,vggt | random,512499.99999999994
vggt,100,42,0.0,1000000,random,,,,0,10,minfarthestpose,100,GT Eval,GT Extrinsics,GT Intrinsics,,,False,,,,,0.0,,False,1.0,1.0,vggt,kitchen,,,15000,15000,,MCMC,,,,,,,,,,,gsplat_cfg,,indoor,25.70386505126953,0.12988941371440887,0.891582727432251,1000000,0,0,,,0.8236450069015718,0.15394877889517306,1000000,/home/ojab2/work/git/gsplat/results/vggt_outputs/kitchen_2_n100_s42_c0.0_p1000000_random_minfarthestpose_i100_gteval_gtext_gtint_steps15000/stats/config.json,/home/ojab2/work/git/gsplat/results/vggt_outputs/kitchen_2_n100_s42_c0.0_p1000000_random_minfarthestpose_i100_gteval_gtext_gtint_steps15000/stats/val_step14999.json,kitchen_2_n100_s42_c0.0_p1000000_random_minfarthestpose_i100_gteval_gtext_gtint_steps15000,0.2827,0.025851,100,4.144792,,,,0.0,0,0,9.437143564224243,/home/ojab2/work/git/vggt/vggt_outputs/kitchen_2_n100_s42_c0.0_p1000000_random_minfarthestpose/eval_results.json,kitchen_2_n100_s42_c0.0_p1000000_random_minfarthestpose_i100_gteval_gtext_gtint_steps15000,,1000000,True,0.7315318584442139,/home/ojab2/work/git/gsplat/results/vggt_outputs/kitchen_2_n100_s42_c0.0_p1000000_random_minfarthestpose_i100_gteval_gtext_gtint_steps15000/stats/config.json,vggt | random,1024999.9999999999
vggt,100,42,0.0,1000,voxels,,,,0,10,minfarthestpose,100,GT Eval,GT Extrinsics,GT Intrinsics,,,False,,,,,0.0,,False,1.0,1.0,vggt,kitchen,,,15000,15000,,MCMC,,,,,,,,,,,gsplat_cfg,,indoor,24.711212158203125,0.24232031404972076,0.821412205696106,1000000,0,0,,,0.6948253627602663,0.2227655033626535,916,/home/ojab2/work/git/gsplat/results/vggt_outputs/kitchen_2_n100_s42_c0.0_p1000_voxels_minfarthestpose_i100_gteval_gtext_gtint_steps15000/stats/config.json,/home/ojab2/work/git/gsplat/results/vggt_outputs/kitchen_2_n100_s42_c0.0_p1000_voxels_minfarthestpose_i100_gteval_gtext_gtint_steps15000/stats/val_step14999.json,kitchen_2_n100_s42_c0.0_p1000_voxels_minfarthestpose_i100_gteval_gtext_gtint_steps15000,0.2827,0.025851,100,4.144792,,,,2.384185791015625e-07,0,0,11.817140102386475,/home/ojab2/work/git/vggt/vggt_outputs/kitchen_2_n100_s42_c0.0_p1000_voxels_minfarthestpose/eval_results.json,kitchen_2_n100_s42_c0.0_p1000_voxels_minfarthestpose_i100_gteval_gtext_gtint_steps15000,,916,True,0.7665183544158936,/home/ojab2/work/git/gsplat/results/vggt_outputs/kitchen_2_n100_s42_c0.0_p1000_voxels_minfarthestpose_i100_gteval_gtext_gtint_steps15000/stats/config.json,vggt | voxels,1075.0
vggt,100,42,0.0,5000,voxels,,,,0,10,minfarthestpose,100,GT Eval,GT Extrinsics,GT Intrinsics,,,False,,,,,0.0,,False,1.0,1.0,vggt,kitchen,,,15000,15000,,MCMC,,,,,,,,,,,gsplat_cfg,,indoor,26.612497329711914,0.16252443194389343,0.8834759593009949,1000000,0,0,,,0.8155856575185094,0.16868736190770056,4905,/home/ojab2/work/git/gsplat/results/vggt_outputs/kitchen_2_n100_s42_c0.0_p5000_voxels_minfarthestpose_i100_gteval_gtext_gtint_steps15000/stats/config.json,/home/ojab2/work/git/gsplat/results/vggt_outputs/kitchen_2_n100_s42_c0.0_p5000_voxels_minfarthestpose_i100_gteval_gtext_gtint_steps15000/stats/val_step14999.json,kitchen_2_n100_s42_c0.0_p5000_voxels_minfarthestpose_i100_gteval_gtext_gtint_steps15000,0.2827,0.025851,100,4.144792,,,,0.0,0,0,12.358691215515137,/home/ojab2/work/git/vggt/vggt_outputs/kitchen_2_n100_s42_c0.0_p5000_voxels_minfarthestpose/eval_results.json,kitchen_2_n100_s42_c0.0_p5000_voxels_minfarthestpose_i100_gteval_gtext_gtint_steps15000,,4905,True,0.742969274520874,/home/ojab2/work/git/gsplat/results/vggt_outputs/kitchen_2_n100_s42_c0.0_p5000_voxels_minfarthestpose_i100_gteval_gtext_gtint_steps15000/stats/config.json,vggt | voxels,5375.0
vggt,100,42,0.0,10000,voxels,,,,0,10,minfarthestpose,100,GT Eval,GT Extrinsics,GT Intrinsics,,,False,,,,,0.0,,False,1.0,1.0,vggt,kitchen,,,15000,15000,,MCMC,,,,,,,,,,,gsplat_cfg,,indoor,26.754833221435547,0.15244129300117493,0.8895267844200134,1000000,0,0,,,0.8279841614280761,0.16230918134146077,9787,/home/ojab2/work/git/gsplat/results/vggt_outputs/kitchen_2_n100_s42_c0.0_p10000_voxels_minfarthestpose_i100_gteval_gtext_gtint_steps15000/stats/config.json,/home/ojab2/work/git/gsplat/results/vggt_outputs/kitchen_2_n100_s42_c0.0_p10000_voxels_minfarthestpose_i100_gteval_gtext_gtint_steps15000/stats/val_step14999.json,kitchen_2_n100_s42_c0.0_p10000_voxels_minfarthestpose_i100_gteval_gtext_gtint_steps15000,0.2827,0.025851,100,4.144792,,,,2.384185791015625e-07,0,0,12.024406671524048,/home/ojab2/work/git/vggt/vggt_outputs/kitchen_2_n100_s42_c0.0_p10000_voxels_minfarthestpose/eval_results.json,kitchen_2_n100_s42_c0.0_p10000_voxels_minfarthestpose_i100_gteval_gtext_gtint_steps15000,,9787,True,0.8161442279815674,/home/ojab2/work/git/gsplat/results/vggt_outputs/kitchen_2_n100_s42_c0.0_p10000_voxels_minfarthestpose_i100_gteval_gtext_gtint_steps15000/stats/config.json,vggt | voxels,10750.0
vggt,100,42,0.0,50000,voxels,,,,0,10,minfarthestpose,100,GT Eval,GT Extrinsics,GT Intrinsics,,,False,,,,,0.0,,False,1.0,1.0,vggt,kitchen,,,15000,15000,,MCMC,,,,,,,,,,,gsplat_cfg,,indoor,26.25344467163086,0.14400793612003326,0.8987423181533813,1000000,0,0,,,0.8292941651497667,0.15486251728110745,48936,/home/ojab2/work/git/gsplat/results/vggt_outputs/kitchen_2_n100_s42_c0.0_p50000_voxels_minfarthestpose_i100_gteval_gtext_gtint_steps15000/stats/config.json,/home/ojab2/work/git/gsplat/results/vggt_outputs/kitchen_2_n100_s42_c0.0_p50000_voxels_minfarthestpose_i100_gteval_gtext_gtint_steps15000/stats/val_step14999.json,kitchen_2_n100_s42_c0.0_p50000_voxels_minfarthestpose_i100_gteval_gtext_gtint_steps15000,0.2827,0.025851,100,4.144792,,,,0.0,0,0,12.809751749038696,/home/ojab2/work/git/vggt/vggt_outputs/kitchen_2_n100_s42_c0.0_p50000_voxels_minfarthestpose/eval_results.json,kitchen_2_n100_s42_c0.0_p50000_voxels_minfarthestpose_i100_gteval_gtext_gtint_steps15000,,48936,True,0.7644267082214355,/home/ojab2/work/git/gsplat/results/vggt_outputs/kitchen_2_n100_s42_c0.0_p50000_voxels_minfarthestpose_i100_gteval_gtext_gtint_steps15000/stats/config.json,vggt | voxels,53750.0
vggt,100,42,0.0,100000,voxels,,,,0,10,minfarthestpose,100,GT Eval,GT Extrinsics,GT Intrinsics,,,False,,,,,0.0,,False,1.0,1.0,vggt,kitchen,,,15000,15000,,MCMC,,,,,,,,,,,gsplat_cfg,,indoor,25.803001403808594,0.14304350316524506,0.8979992866516113,1000000,0,0,,,0.821113430791431,0.15501581975061912,99824,/home/ojab2/work/git/gsplat/results/vggt_outputs/kitchen_2_n100_s42_c0.0_p100000_voxels_minfarthestpose_i100_gteval_gtext_gtint_steps15000/stats/config.json,/home/ojab2/work/git/gsplat/results/vggt_outputs/kitchen_2_n100_s42_c0.0_p100000_voxels_minfarthestpose_i100_gteval_gtext_gtint_steps15000/stats/val_step14999.json,kitchen_2_n100_s42_c0.0_p100000_voxels_minfarthestpose_i100_gteval_gtext_gtint_steps15000,0.2827,0.025851,100,4.144792,,,,0.0,0,0,13.38945460319519,/home/ojab2/work/git/vggt/vggt_outputs/kitchen_2_n100_s42_c0.0_p100000_voxels_minfarthestpose/eval_results.json,kitchen_2_n100_s42_c0.0_p100000_voxels_minfarthestpose_i100_gteval_gtext_gtint_steps15000,,99824,True,0.7585244178771973,/home/ojab2/work/git/gsplat/results/vggt_outputs/kitchen_2_n100_s42_c0.0_p100000_voxels_minfarthestpose_i100_gteval_gtext_gtint_steps15000/stats/config.json,vggt | voxels,107500.0
vggt,100,42,0.0,500000,voxels,,,,0,10,minfarthestpose,100,GT Eval,GT Extrinsics,GT Intrinsics,,,False,,,,,0.0,,False,1.0,1.0,vggt,kitchen,,,15000,15000,,MCMC,,,,,,,,,,,gsplat_cfg,,indoor,23.99390983581543,0.16533559560775757,0.886286735534668,1000000,0,0,,,0.7670017390997864,0.16884540941258647,451475,/home/ojab2/work/git/gsplat/results/vggt_outputs/kitchen_2_n100_s42_c0.0_p500000_voxels_minfarthestpose_i100_gteval_gtext_gtint_steps15000/stats/config.json,/home/ojab2/work/git/gsplat/results/vggt_outputs/kitchen_2_n100_s42_c0.0_p500000_voxels_minfarthestpose_i100_gteval_gtext_gtint_steps15000/stats/val_step14999.json,kitchen_2_n100_s42_c0.0_p500000_voxels_minfarthestpose_i100_gteval_gtext_gtint_steps15000,0.2827,0.025851,100,4.144792,,,,0.0,0,0,16.670735120773315,/home/ojab2/work/git/vggt/vggt_outputs/kitchen_2_n100_s42_c0.0_p500000_voxels_minfarthestpose/eval_results.json,kitchen_2_n100_s42_c0.0_p500000_voxels_minfarthestpose_i100_gteval_gtext_gtint_steps15000,,451475,True,0.7270081043243408,/home/ojab2/work/git/gsplat/results/vggt_outputs/kitchen_2_n100_s42_c0.0_p500000_voxels_minfarthestpose_i100_gteval_gtext_gtint_steps15000/stats/config.json,vggt | voxels,537500.0
vggt,100,42,0.0,1000000,voxels,,,,0,10,minfarthestpose,100,GT Eval,GT Extrinsics,GT Intrinsics,,,False,,,,,0.0,,False,1.0,1.0,vggt,kitchen,,,15000,15000,,MCMC,,,,,,,,,,,gsplat_cfg,,indoor,23.746421813964844,0.17162568867206573,0.8838943243026733,1000000,0,0,,,0.7571367831916449,0.17219631959866627,999057,/home/ojab2/work/git/gsplat/results/vggt_outputs/kitchen_2_n100_s42_c0.0_p1000000_voxels_minfarthestpose_i100_gteval_gtext_gtint_steps15000/stats/config.json,/home/ojab2/work/git/gsplat/results/vggt_outputs/kitchen_2_n100_s42_c0.0_p1000000_voxels_minfarthestpose_i100_gteval_gtext_gtint_steps15000/stats/val_step14999.json,kitchen_2_n100_s42_c0.0_p1000000_voxels_minfarthestpose_i100_gteval_gtext_gtint_steps15000,0.2827,0.025851,100,4.144792,,,,0.0,0,0,20.859253883361816,/home/ojab2/work/git/vggt/vggt_outputs/kitchen_2_n100_s42_c0.0_p1000000_voxels_minfarthestpose/eval_results.json,kitchen_2_n100_s42_c0.0_p1000000_voxels_minfarthestpose_i100_gteval_gtext_gtint_steps15000,,999057,True,0.775031566619873,/home/ojab2/work/git/gsplat/results/vggt_outputs/kitchen_2_n100_s42_c0.0_p1000000_voxels_minfarthestpose_i100_gteval_gtext_gtint_steps15000/stats/config.json,vggt | voxels,1075000.0
colmap,100,42,,70681,,,,,0,10,minfarthestpose,100,GT Eval,GT Extrinsics,GT Intrinsics,,,False,,,,,0.0,,False,1.0,1.0,colmap,kitchen,,,15000,15000,default,MCMC,,,,,Shared Cam,,,,,,gsplat,,indoor,29.30306625366211,0.11349157243967056,0.9151408672332764,1000000,0,0,,,0.9141956952057387,0.1353238500093359,70681,/home/ojab2/work/git/gsplat/results/colmap_outputs/kitchen_2_n100_s42_default_minfarthestpose_sharedcam_i100_gteval_gtext_gtint_steps15000/stats/val_step14999.json,/home/ojab2/work/git/gsplat/results/colmap_outputs/kitchen_2_n100_s42_default_minfarthestpose_sharedcam_i100_gteval_gtext_gtint_steps15000/stats/val_step14999.json,kitchen_2_n100_s42_default_minfarthestpose_sharedcam_i100_gteval_gtext_gtint_steps15000,0.1013,0.003655,100,1.017479,,,,127.14479780197144,10130,10130,0.0,/home/ojab2/work/git/vggt/colmap_outputs/kitchen_2_n100_s42_default_minfarthestpose_sharedcam/eval_results.json,kitchen_2_n100_s42_default_minfarthestpose_sharedcam,kitchen_2_n100_s42_default_minfarthestpose_sharedcam_i100_gteval_gtext_gtint_steps15000_val_step14999.json,70681,,,,colmap | ,79516.125
colmap,100,42,,,,,,,0,10,minfarthestpose,100,GT Eval,GT Extrinsics,GT Intrinsics,,,False,,,,,0.0,,False,1.0,1.0,colmap,kitchen,,,15000,15000,default,MCMC,,,,,Shared Cam,,,,,,gsplat_cfg,,indoor,,,,,0,0,,,,,,/home/ojab2/work/git/gsplat/results/colmap_outputs/kitchen_2_n100_s42_default_minfarthestpose_sharedcam_i100_gteval_gtext_gtint_steps15000/stats/config.json,,kitchen_2_n100_s42_default_minfarthestpose_sharedcam_i100_gteval_gtext_gtint_steps15000,,,,,,,,,,,,,kitchen_2_n100_s42_default_minfarthestpose_sharedcam_i100_gteval_gtext_gtint_steps15000,,,,,/home/ojab2/work/git/gsplat/results/colmap_outputs/kitchen_2_n100_s42_default_minfarthestpose_sharedcam_i100_gteval_gtext_gtint_steps15000/stats/config.json,colmap | ,
vggt,100,42,,26540,ba,,,,0,10,minfarthestpose,100,GT Eval,GT Extrinsics,GT Intrinsics,,,False,,,,,0.0,,False,1.0,1.0,vggt,counter,radial,,15000,15000,,MCMC,,,,,Shared Cam,,,Use BA,aliked+sp,250,gsplat,,indoor,27.057945251464844,0.1841820776462555,0.8906073570251465,1000000,0,0,,,0.814636184032123,0.17229882722914672,26540,/home/ojab2/work/git/gsplat/results/vggt_outputs/counter_2_n100_s42_mradial_aliked-sp_ba_minfarthestpose_useba_maxba250_sharedcam_i100_gteval_gtext_gtint_steps15000/stats/val_step14999.json,/home/ojab2/work/git/gsplat/results/vggt_outputs/counter_2_n100_s42_mradial_aliked-sp_ba_minfarthestpose_useba_maxba250_sharedcam_i100_gteval_gtext_gtint_steps15000/stats/val_step14999.json,counter_2_n100_s42_mradial_aliked-sp_ba_minfarthestpose_useba_maxba250_sharedcam_i100_gteval_gtext_gtint_steps15000,0.4512,0.019227,100,4.516334,,,,0.0,0,0,163.89044737815857,/home/ojab2/work/git/vggt/vggt_outputs/counter_2_n100_s42_mradial_aliked-sp_ba_minfarthestpose_useba_maxba250_sharedcam/eval_results.json,counter_2_n100_s42_mradial_aliked-sp_ba_minfarthestpose_useba_maxba250_sharedcam,counter_2_n100_s42_mradial_aliked-sp_ba_minfarthestpose_useba_maxba250_sharedcam_i100_gteval_gtext_gtint_steps15000_val_step14999.json,26540,True,1.6277790069580078,,vggt | ba,23222.5
vggt,100,42,,,ba,,,,0,10,minfarthestpose,100,GT Eval,GT Extrinsics,GT Intrinsics,,,False,,,,,0.0,,False,1.0,1.0,vggt,counter,radial,,15000,15000,,MCMC,,,,,Shared Cam,,,Use BA,aliked+sp,250,gsplat_cfg,,indoor,,,,,0,0,,,,,,/home/ojab2/work/git/gsplat/results/vggt_outputs/counter_2_n100_s42_mradial_aliked-sp_ba_minfarthestpose_useba_maxba250_sharedcam_i100_gteval_gtext_gtint_steps15000/stats/config.json,,counter_2_n100_s42_mradial_aliked-sp_ba_minfarthestpose_useba_maxba250_sharedcam_i100_gteval_gtext_gtint_steps15000,,,,,,,,,,,,,counter_2_n100_s42_mradial_aliked-sp_ba_minfarthestpose_useba_maxba250_sharedcam_i100_gteval_gtext_gtint_steps15000,,,,,/home/ojab2/work/git/gsplat/results/vggt_outputs/counter_2_n100_s42_mradial_aliked-sp_ba_minfarthestpose_useba_maxba250_sharedcam_i100_gteval_gtext_gtint_steps15000/stats/config.json,vggt | ba,
vggt,100,42,0.0,1000,confidence,,,,0,10,minfarthestpose,100,GT Eval,GT Extrinsics,GT Intrinsics,,,False,,,,,0.0,,False,1.0,1.0,vggt,counter,,,15000,15000,,MCMC,,,,,,,,,,,gsplat_cfg,,indoor,25.00552749633789,0.3230927884578705,0.8192030191421509,1000000,0,0,,,0.6491241727346255,0.2504844420538939,1000,/home/ojab2/work/git/gsplat/results/vggt_outputs/counter_2_n100_s42_c0.0_p1000_confidence_minfarthestpose_i100_gteval_gtext_gtint_steps15000/stats/config.json,/home/ojab2/work/git/gsplat/results/vggt_outputs/counter_2_n100_s42_c0.0_p1000_confidence_minfarthestpose_i100_gteval_gtext_gtint_steps15000/stats/val_step14999.json,counter_2_n100_s42_c0.0_p1000_confidence_minfarthestpose_i100_gteval_gtext_gtint_steps15000,0.3873,0.030482,100,4.485239,,,,0.0,0,0,3.0573837757110596,/home/ojab2/work/git/vggt/vggt_outputs/counter_2_n100_s42_c0.0_p1000_confidence_minfarthestpose/eval_results.json,counter_2_n100_s42_c0.0_p1000_confidence_minfarthestpose_i100_gteval_gtext_gtint_steps15000,,1000,True,1.0863912105560303,/home/ojab2/work/git/gsplat/results/vggt_outputs/counter_2_n100_s42_c0.0_p1000_confidence_minfarthestpose_i100_gteval_gtext_gtint_steps15000/stats/config.json,vggt | confidence,925.0
vggt,100,42,0.0,5000,confidence,,,,0,10,minfarthestpose,100,GT Eval,GT Extrinsics,GT Intrinsics,,,False,,,,,0.0,,False,1.0,1.0,vggt,counter,,,15000,15000,,MCMC,,,,,,,,,,,gsplat_cfg,,indoor,26.962656021118164,0.2109236866235733,0.8806131482124329,1000000,0,0,,,0.7905198360628086,0.18615340154004306,5000,/home/ojab2/work/git/gsplat/results/vggt_outputs/counter_2_n100_s42_c0.0_p5000_confidence_minfarthestpose_i100_gteval_gtext_gtint_steps15000/stats/config.json,/home/ojab2/work/git/gsplat/results/vggt_outputs/counter_2_n100_s42_c0.0_p5000_confidence_minfarthestpose_i100_gteval_gtext_gtint_steps15000/stats/val_step14999.json,counter_2_n100_s42_c0.0_p5000_confidence_minfarthestpose_i100_gteval_gtext_gtint_steps15000,0.3873,0.030482,100,4.485239,,,,0.0,0,0,3.168391227722168,/home/ojab2/work/git/vggt/vggt_outputs/counter_2_n100_s42_c0.0_p5000_confidence_minfarthestpose/eval_results.json,counter_2_n100_s42_c0.0_p5000_confidence_minfarthestpose_i100_gteval_gtext_gtint_steps15000,,5000,True,1.0648550987243652,/home/ojab2/work/git/gsplat/results/vggt_outputs/counter_2_n100_s42_c0.0_p5000_confidence_minfarthestpose_i100_gteval_gtext_gtint_steps15000/stats/config.json,vggt | confidence,4625.0
vggt,100,42,0.0,10000,confidence,,,,0,10,minfarthestpose,100,GT Eval,GT Extrinsics,GT Intrinsics,,,False,,,,,0.0,,False,1.0,1.0,vggt,counter,,,15000,15000,,MCMC,,,,,,,,,,,gsplat_cfg,,indoor,27.265613555908203,0.18967266380786896,0.8925405144691467,1000000,0,0,,,0.816223144085861,0.17311989648457882,10000,/home/ojab2/work/git/gsplat/results/vggt_outputs/counter_2_n100_s42_c0.0_p10000_confidence_minfarthestpose_i100_gteval_gtext_gtint_steps15000/stats/config.json,/home/ojab2/work/git/gsplat/results/vggt_outputs/counter_2_n100_s42_c0.0_p10000_confidence_minfarthestpose_i100_gteval_gtext_gtint_steps15000/stats/val_step14999.json,counter_2_n100_s42_c0.0_p10000_confidence_minfarthestpose_i100_gteval_gtext_gtint_steps15000,0.3873,0.030482,100,4.485239,,,,2.384185791015625e-07,0,0,2.4963345527648926,/home/ojab2/work/git/vggt/vggt_outputs/counter_2_n100_s42_c0.0_p10000_confidence_minfarthestpose/eval_results.json,counter_2_n100_s42_c0.0_p10000_confidence_minfarthestpose_i100_gteval_gtext_gtint_steps15000,,10000,True,0.838965654373169,/home/ojab2/work/git/gsplat/results/vggt_outputs/counter_2_n100_s42_c0.0_p10000_confidence_minfarthestpose_i100_gteval_gtext_gtint_steps15000/stats/config.json,vggt | confidence,9250.0
vggt,100,42,0.0,50000,confidence,,,,0,10,minfarthestpose,100,GT Eval,GT Extrinsics,GT Intrinsics,,,False,,,,,0.0,,False,1.0,1.0,vggt,counter,,,15000,15000,,MCMC,,,,,,,,,,,gsplat_cfg,,indoor,27.71799087524414,0.16552463173866272,0.9012244343757629,1000000,0,0,,,0.8445850102215171,0.1605005524446262,50000,/home/ojab2/work/git/gsplat/results/vggt_outputs/counter_2_n100_s42_c0.0_p50000_confidence_minfarthestpose_i100_gteval_gtext_gtint_steps15000/stats/config.json,/home/ojab2/work/git/gsplat/results/vggt_outputs/counter_2_n100_s42_c0.0_p50000_confidence_minfarthestpose_i100_gteval_gtext_gtint_steps15000/stats/val_step14999.json,counter_2_n100_s42_c0.0_p50000_confidence_minfarthestpose_i100_gteval_gtext_gtint_steps15000,0.3873,0.030482,100,4.485239,,,,0.0,0,0,2.861292600631714,/home/ojab2/work/git/vggt/vggt_outputs/counter_2_n100_s42_c0.0_p50000_confidence_minfarthestpose/eval_results.json,counter_2_n100_s42_c0.0_p50000_confidence_minfarthestpose_i100_gteval_gtext_gtint_steps15000,,50000,True,0.7956511974334717,/home/ojab2/work/git/gsplat/results/vggt_outputs/counter_2_n100_s42_c0.0_p50000_confidence_minfarthestpose_i100_gteval_gtext_gtint_steps15000/stats/config.json,vggt | confidence,46250.0
vggt,100,42,0.0,100000,confidence,,,,0,10,minfarthestpose,100,GT Eval,GT Extrinsics,GT Intrinsics,,,False,,,,,0.0,,False,1.0,1.0,vggt,counter,,,15000,15000,,MCMC,,,,,,,,,,,gsplat_cfg,,indoor,27.766035079956055,0.16030235588550568,0.9030972123146057,1000000,0,0,,,0.8497935365631333,0.15775569959691255,100000,/home/ojab2/work/git/gsplat/results/vggt_outputs/counter_2_n100_s42_c0.0_p100000_confidence_minfarthestpose_i100_gteval_gtext_gtint_steps15000/stats/config.json,/home/ojab2/work/git/gsplat/results/vggt_outputs/counter_2_n100_s42_c0.0_p100000_confidence_minfarthestpose_i100_gteval_gtext_gtint_steps15000/stats/val_step14999.json,counter_2_n100_s42_c0.0_p100000_confidence_minfarthestpose_i100_gteval_gtext_gtint_steps15000,0.3873,0.030482,100,4.485239,,,,0.0,0,0,3.2635350227355957,/home/ojab2/work/git/vggt/vggt_outputs/counter_2_n100_s42_c0.0_p100000_confidence_minfarthestpose/eval_results.json,counter_2_n100_s42_c0.0_p100000_confidence_minfarthestpose_i100_gteval_gtext_gtint_steps15000,,100000,True,0.8075981140136719,/home/ojab2/work/git/gsplat/results/vggt_outputs/counter_2_n100_s42_c0.0_p100000_confidence_minfarthestpose_i100_gteval_gtext_gtint_steps15000/stats/config.json,vggt | confidence,92500.0
vggt,100,42,0.0,500000,confidence,,,,0,10,minfarthestpose,100,GT Eval,GT Extrinsics,GT Intrinsics,,,False,,,,,0.0,,False,1.0,1.0,vggt,counter,,,15000,15000,,MCMC,,,,,,,,,,,gsplat_cfg,,indoor,27.570180892944336,0.15541605651378632,0.8990991711616516,1000000,0,0,,,0.8468448055921397,0.15827157948416049,500000,/home/ojab2/work/git/gsplat/results/vggt_outputs/counter_2_n100_s42_c0.0_p500000_confidence_minfarthestpose_i100_gteval_gtext_gtint_steps15000/stats/config.json,/home/ojab2/work/git/gsplat/results/vggt_outputs/counter_2_n100_s42_c0.0_p500000_confidence_minfarthestpose_i100_gteval_gtext_gtint_steps15000/stats/val_step14999.json,counter_2_n100_s42_c0.0_p500000_confidence_minfarthestpose_i100_gteval_gtext_gtint_steps15000,0.3873,0.030482,100,4.485239,,,,0.0,0,0,6.628199338912964,/home/ojab2/work/git/vggt/vggt_outputs/counter_2_n100_s42_c0.0_p500000_confidence_minfarthestpose/eval_results.json,counter_2_n100_s42_c0.0_p500000_confidence_minfarthestpose_i100_gteval_gtext_gtint_steps15000,,500000,True,0.85202956199646,/home/ojab2/work/git/gsplat/results/vggt_outputs/counter_2_n100_s42_c0.0_p500000_confidence_minfarthestpose_i100_gteval_gtext_gtint_steps15000/stats/config.json,vggt | confidence,462500.0
vggt,100,42,0.0,1000000,confidence,,,,0,10,minfarthestpose,100,GT Eval,GT Extrinsics,GT Intrinsics,,,False,,,,,0.0,,False,1.0,1.0,vggt,counter,,,15000,15000,,MCMC,,,,,,,,,,,gsplat_cfg,,indoor,27.273866653442383,0.15874627232551575,0.8960159420967102,1000000,0,0,,,0.8374987581552352,0.1610283966752942,1000000,/home/ojab2/work/git/gsplat/results/vggt_outputs/counter_2_n100_s42_c0.0_p1000000_confidence_minfarthestpose_i100_gteval_gtext_gtint_steps15000/stats/config.json,/home/ojab2/work/git/gsplat/results/vggt_outputs/counter_2_n100_s42_c0.0_p1000000_confidence_minfarthestpose_i100_gteval_gtext_gtint_steps15000/stats/val_step14999.json,counter_2_n100_s42_c0.0_p1000000_confidence_minfarthestpose_i100_gteval_gtext_gtint_steps15000,0.3873,0.030482,100,4.485239,,,,2.384185791015625e-07,0,0,10.455135822296143,/home/ojab2/work/git/vggt/vggt_outputs/counter_2_n100_s42_c0.0_p1000000_confidence_minfarthestpose/eval_results.json,counter_2_n100_s42_c0.0_p1000000_confidence_minfarthestpose_i100_gteval_gtext_gtint_steps15000,,1000000,True,0.7880196571350098,/home/ojab2/work/git/gsplat/results/vggt_outputs/counter_2_n100_s42_c0.0_p1000000_confidence_minfarthestpose_i100_gteval_gtext_gtint_steps15000/stats/config.json,vggt | confidence,925000.0
vggt,100,42,0.0,1000,imagefps,,,,0,10,minfarthestpose,100,GT Eval,GT Extrinsics,GT Intrinsics,,,False,,,,,0.0,,False,1.0,1.0,vggt,counter,,,15000,15000,,MCMC,,,,,,,,,,,gsplat_cfg,,indoor,25.26476287841797,0.3253254294395447,0.8171031475067139,1000000,0,0,,,0.65131865940441,0.25198836562803484,1000,/home/ojab2/work/git/gsplat/results/vggt_outputs/counter_2_n100_s42_c0.0_p1000_imagefps_minfarthestpose_i100_gteval_gtext_gtint_steps15000/stats/config.json,/home/ojab2/work/git/gsplat/results/vggt_outputs/counter_2_n100_s42_c0.0_p1000_imagefps_minfarthestpose_i100_gteval_gtext_gtint_steps15000/stats/val_step14999.json,counter_2_n100_s42_c0.0_p1000_imagefps_minfarthestpose_i100_gteval_gtext_gtint_steps15000,0.3873,0.030482,100,4.485239,,,,0.0,0,0,4.157998323440552,/home/ojab2/work/git/vggt/vggt_outputs/counter_2_n100_s42_c0.0_p1000_imagefps_minfarthestpose/eval_results.json,counter_2_n100_s42_c0.0_p1000_imagefps_minfarthestpose_i100_gteval_gtext_gtint_steps15000,,1000,True,3.7052133083343506,/home/ojab2/work/git/gsplat/results/vggt_outputs/counter_2_n100_s42_c0.0_p1000_imagefps_minfarthestpose_i100_gteval_gtext_gtint_steps15000/stats/config.json,vggt | imagefps,975.0
vggt,100,42,0.0,5000,imagefps,,,,0,10,minfarthestpose,100,GT Eval,GT Extrinsics,GT Intrinsics,,,False,,,,,0.0,,False,1.0,1.0,vggt,counter,,,15000,15000,,MCMC,,,,,,,,,,,gsplat_cfg,,indoor,27.098228454589844,0.21765267848968506,0.8746643662452698,1000000,0,0,,,0.7853979181360314,0.19121034960844008,5000,/home/ojab2/work/git/gsplat/results/vggt_outputs/counter_2_n100_s42_c0.0_p5000_imagefps_minfarthestpose_i100_gteval_gtext_gtint_steps15000/stats/config.json,/home/ojab2/work/git/gsplat/results/vggt_outputs/counter_2_n100_s42_c0.0_p5000_imagefps_minfarthestpose_i100_gteval_gtext_gtint_steps15000/stats/val_step14999.json,counter_2_n100_s42_c0.0_p5000_imagefps_minfarthestpose_i100_gteval_gtext_gtint_steps15000,0.3873,0.030482,100,4.485239,,,,0.0,0,0,5.059723138809204,/home/ojab2/work/git/vggt/vggt_outputs/counter_2_n100_s42_c0.0_p5000_imagefps_minfarthestpose/eval_results.json,counter_2_n100_s42_c0.0_p5000_imagefps_minfarthestpose_i100_gteval_gtext_gtint_steps15000,,5000,True,1.7771973609924316,/home/ojab2/work/git/gsplat/results/vggt_outputs/counter_2_n100_s42_c0.0_p5000_imagefps_minfarthestpose_i100_gteval_gtext_gtint_steps15000/stats/config.json,vggt | imagefps,4875.0
vggt,100,42,0.0,10000,imagefps,,,,0,10,minfarthestpose,100,GT Eval,GT Extrinsics,GT Intrinsics,,,False,,,,,0.0,,False,1.0,1.0,vggt,counter,,,15000,15000,,MCMC,,,,,,,,,,,gsplat_cfg,,indoor,27.61226463317871,0.18992339074611664,0.8901752829551697,1000000,0,0,,,0.8211046624408286,0.1743514718569207,10000,/home/ojab2/work/git/gsplat/results/vggt_outputs/counter_2_n100_s42_c0.0_p10000_imagefps_minfarthestpose_i100_gteval_gtext_gtint_steps15000/stats/config.json,/home/ojab2/work/git/gsplat/results/vggt_outputs/counter_2_n100_s42_c0.0_p10000_imagefps_minfarthestpose_i100_gteval_gtext_gtint_steps15000/stats/val_step14999.json,counter_2_n100_s42_c0.0_p10000_imagefps_minfarthestpose_i100_gteval_gtext_gtint_steps15000,0.3873,0.030482,100,4.485239,,,,0.0,0,0,6.62986159324646,/home/ojab2/work/git/vggt/vggt_outputs/counter_2_n100_s42_c0.0_p10000_imagefps_minfarthestpose/eval_results.json,counter_2_n100_s42_c0.0_p10000_imagefps_minfarthestpose_i100_gteval_gtext_gtint_steps15000,,10000,True,1.8079872131347656,/home/ojab2/work/git/gsplat/results/vggt_outputs/counter_2_n100_s42_c0.0_p10000_imagefps_minfarthestpose_i100_gteval_gtext_gtint_steps15000/stats/config.json,vggt | imagefps,9750.0
vggt,100,42,0.0,50000,imagefps,,,,0,10,minfarthestpose,100,GT Eval,GT Extrinsics,GT Intrinsics,,,False,,,,,0.0,,False,1.0,1.0,vggt,counter,,,15000,15000,,MCMC,,,,,,,,,,,gsplat_cfg,,indoor,27.795061111450195,0.15884393453598022,0.9024251699447632,1000000,0,0,,,0.8508383085233502,0.1576250369193556,50000,/home/ojab2/work/git/gsplat/results/vggt_outputs/counter_2_n100_s42_c0.0_p50000_imagefps_minfarthestpose_i100_gteval_gtext_gtint_steps15000/stats/config.json,/home/ojab2/work/git/gsplat/results/vggt_outputs/counter_2_n100_s42_c0.0_p50000_imagefps_minfarthestpose_i100_gteval_gtext_gtint_steps15000/stats/val_step14999.json,counter_2_n100_s42_c0.0_p50000_imagefps_minfarthestpose_i100_gteval_gtext_gtint_steps15000,0.3873,0.030482,100,4.485239,,,,0.0,0,0,17.533140897750854,/home/ojab2/work/git/vggt/vggt_outputs/counter_2_n100_s42_c0.0_p50000_imagefps_minfarthestpose/eval_results.json,counter_2_n100_s42_c0.0_p50000_imagefps_minfarthestpose_i100_gteval_gtext_gtint_steps15000,,50000,True,1.7645113468170166,/home/ojab2/work/git/gsplat/results/vggt_outputs/counter_2_n100_s42_c0.0_p50000_imagefps_minfarthestpose_i100_gteval_gtext_gtint_steps15000/stats/config.json,vggt | imagefps,48750.0
vggt,100,42,0.0,100000,imagefps,,,,0,10,minfarthestpose,100,GT Eval,GT Extrinsics,GT Intrinsics,,,False,,,,,0.0,,False,1.0,1.0,vggt,counter,,,15000,15000,,MCMC,,,,,,,,,,,gsplat_cfg,,indoor,27.821516036987305,0.1529553234577179,0.902302622795105,1000000,0,0,,,0.8548914946620535,0.15572416843006584,100000,/home/ojab2/work/git/gsplat/results/vggt_outputs/counter_2_n100_s42_c0.0_p100000_imagefps_minfarthestpose_i100_gteval_gtext_gtint_steps15000/stats/config.json,/home/ojab2/work/git/gsplat/results/vggt_outputs/counter_2_n100_s42_c0.0_p100000_imagefps_minfarthestpose_i100_gteval_gtext_gtint_steps15000/stats/val_step14999.json,counter_2_n100_s42_c0.0_p100000_imagefps_minfarthestpose_i100_gteval_gtext_gtint_steps15000,0.3873,0.030482,100,4.485239,,,,2.384185791015625e-07,0,0,31.63153862953186,/home/ojab2/work/git/vggt/vggt_outputs/counter_2_n100_s42_c0.0_p100000_imagefps_minfarthestpose/eval_results.json,counter_2_n100_s42_c0.0_p100000_imagefps_minfarthestpose_i100_gteval_gtext_gtint_steps15000,,100000,True,1.7847161293029785,/home/ojab2/work/git/gsplat/results/vggt_outputs/counter_2_n100_s42_c0.0_p100000_imagefps_minfarthestpose_i100_gteval_gtext_gtint_steps15000/stats/config.json,vggt | imagefps,97500.0
vggt,100,42,0.0,500000,imagefps,,,,0,10,minfarthestpose,100,GT Eval,GT Extrinsics,GT Intrinsics,,,False,,,,,0.0,,False,1.0,1.0,vggt,counter,,,15000,15000,,MCMC,,,,,,,,,,,gsplat_cfg,,indoor,27.349044799804688,0.15063686668872833,0.8940211534500122,1000000,0,0,,,0.8427302089312232,0.1593406559160218,500000,/home/ojab2/work/git/gsplat/results/vggt_outputs/counter_2_n100_s42_c0.0_p500000_imagefps_minfarthestpose_i100_gteval_gtext_gtint_steps15000/stats/config.json,/home/ojab2/work/git/gsplat/results/vggt_outputs/counter_2_n100_s42_c0.0_p500000_imagefps_minfarthestpose_i100_gteval_gtext_gtint_steps15000/stats/val_step14999.json,counter_2_n100_s42_c0.0_p500000_imagefps_minfarthestpose_i100_gteval_gtext_gtint_steps15000,0.3873,0.030482,100,4.485239,,,,0.0,0,0,141.851904630661,/home/ojab2/work/git/vggt/vggt_outputs/counter_2_n100_s42_c0.0_p500000_imagefps_minfarthestpose/eval_results.json,counter_2_n100_s42_c0.0_p500000_imagefps_minfarthestpose_i100_gteval_gtext_gtint_steps15000,,500000,True,1.8802084922790527,/home/ojab2/work/git/gsplat/results/vggt_outputs/counter_2_n100_s42_c0.0_p500000_imagefps_minfarthestpose_i100_gteval_gtext_gtint_steps15000/stats/config.json,vggt | imagefps,487500.0
vggt,100,42,0.0,1000000,imagefps,,,,0,10,minfarthestpose,100,GT Eval,GT Extrinsics,GT Intrinsics,,,False,,,,,0.0,,False,1.0,1.0,vggt,counter,,,15000,15000,,MCMC,,,,,,,,,,,gsplat_cfg,,indoor,27.257461547851562,0.1514240950345993,0.8906289935112,1000000,0,0,,,0.8385645600981027,0.1613391289466989,1000000,/home/ojab2/work/git/gsplat/results/vggt_outputs/counter_2_n100_s42_c0.0_p1000000_imagefps_minfarthestpose_i100_gteval_gtext_gtint_steps15000/stats/config.json,/home/ojab2/work/git/gsplat/results/vggt_outputs/counter_2_n100_s42_c0.0_p1000000_imagefps_minfarthestpose_i100_gteval_gtext_gtint_steps15000/stats/val_step14999.json,counter_2_n100_s42_c0.0_p1000000_imagefps_minfarthestpose_i100_gteval_gtext_gtint_steps15000,0.3873,0.030482,100,4.485239,,,,2.384185791015625e-07,0,0,278.0781478881836,/home/ojab2/work/git/vggt/vggt_outputs/counter_2_n100_s42_c0.0_p1000000_imagefps_minfarthestpose/eval_results.json,counter_2_n100_s42_c0.0_p1000000_imagefps_minfarthestpose_i100_gteval_gtext_gtint_steps15000,,1000000,True,1.8622174263000488,/home/ojab2/work/git/gsplat/results/vggt_outputs/counter_2_n100_s42_c0.0_p1000000_imagefps_minfarthestpose_i100_gteval_gtext_gtint_steps15000/stats/config.json,vggt | imagefps,975000.0
vggt,100,42,0.0,1000,random,,,,0,10,minfarthestpose,100,GT Eval,GT Extrinsics,GT Intrinsics,,,False,,,,,0.0,,False,1.0,1.0,vggt,counter,,,15000,15000,,MCMC,,,,,,,,,,,gsplat_cfg,,indoor,25.36220359802246,0.31219813227653503,0.8237674236297607,1000000,0,0,,,0.665123624527431,0.24496933723974745,1000,/home/ojab2/work/git/gsplat/results/vggt_outputs/counter_2_n100_s42_c0.0_p1000_random_minfarthestpose_i100_gteval_gtext_gtint_steps15000/stats/config.json,/home/ojab2/work/git/gsplat/results/vggt_outputs/counter_2_n100_s42_c0.0_p1000_random_minfarthestpose_i100_gteval_gtext_gtint_steps15000/stats/val_step14999.json,counter_2_n100_s42_c0.0_p1000_random_minfarthestpose_i100_gteval_gtext_gtint_steps15000,0.3873,0.030482,100,4.485239,,,,0.0,0,0,2.6617510318756104,/home/ojab2/work/git/vggt/vggt_outputs/counter_2_n100_s42_c0.0_p1000_random_minfarthestpose/eval_results.json,counter_2_n100_s42_c0.0_p1000_random_minfarthestpose_i100_gteval_gtext_gtint_steps15000,,1000,True,0.7929377555847168,/home/ojab2/work/git/gsplat/results/vggt_outputs/counter_2_n100_s42_c0.0_p1000_random_minfarthestpose_i100_gteval_gtext_gtint_steps15000/stats/config.json,vggt | random,1025.0
vggt,100,42,0.0,5000,random,,,,0,10,minfarthestpose,100,GT Eval,GT Extrinsics,GT Intrinsics,,,False,,,,,0.0,,False,1.0,1.0,vggt,counter,,,15000,15000,,MCMC,,,,,,,,,,,gsplat_cfg,,indoor,27.33568000793457,0.20388086140155792,0.8824469447135925,1000000,0,0,,,0.8028475062617858,0.1828626077910951,5000,/home/ojab2/work/git/gsplat/results/vggt_outputs/counter_2_n100_s42_c0.0_p5000_random_minfarthestpose_i100_gteval_gtext_gtint_steps15000/stats/config.json,/home/ojab2/work/git/gsplat/results/vggt_outputs/counter_2_n100_s42_c0.0_p5000_random_minfarthestpose_i100_gteval_gtext_gtint_steps15000/stats/val_step14999.json,counter_2_n100_s42_c0.0_p5000_random_minfarthestpose_i100_gteval_gtext_gtint_steps15000,0.3873,0.030482,100,4.485239,,,,0.0,0,0,2.6689023971557617,/home/ojab2/work/git/vggt/vggt_outputs/counter_2_n100_s42_c0.0_p5000_random_minfarthestpose/eval_results.json,counter_2_n100_s42_c0.0_p5000_random_minfarthestpose_i100_gteval_gtext_gtint_steps15000,,5000,True,0.8033347129821777,/home/ojab2/work/git/gsplat/results/vggt_outputs/counter_2_n100_s42_c0.0_p5000_random_minfarthestpose_i100_gteval_gtext_gtint_steps15000/stats/config.json,vggt | random,5125.0
vggt,100,42,0.0,10000,random,,,,0,10,minfarthestpose,100,GT Eval,GT Extrinsics,GT Intrinsics,,,False,,,,,0.0,,False,1.0,1.0,vggt,counter,,,15000,15000,,MCMC,,,,,,,,,,,gsplat_cfg,,indoor,27.768634796142578,0.17924197018146515,0.8963567614555359,1000000,0,0,,,0.8342087753915879,0.16761676192592825,10000,/home/ojab2/work/git/gsplat/results/vggt_outputs/counter_2_n100_s42_c0.0_p10000_random_minfarthestpose_i100_gteval_gtext_gtint_steps15000/stats/config.json,/home/ojab2/work/git/gsplat/results/vggt_outputs/counter_2_n100_s42_c0.0_p10000_random_minfarthestpose_i100_gteval_gtext_gtint_steps15000/stats/val_step14999.json,counter_2_n100_s42_c0.0_p10000_random_minfarthestpose_i100_gteval_gtext_gtint_steps15000,0.3873,0.030482,100,4.485239,,,,0.0,0,0,2.7145462036132812,/home/ojab2/work/git/vggt/vggt_outputs/counter_2_n100_s42_c0.0_p10000_random_minfarthestpose/eval_results.json,counter_2_n100_s42_c0.0_p10000_random_minfarthestpose_i100_gteval_gtext_gtint_steps15000,,10000,True,0.8463554382324219,/home/ojab2/work/git/gsplat/results/vggt_outputs/counter_2_n100_s42_c0.0_p10000_random_minfarthestpose_i100_gteval_gtext_gtint_steps15000/stats/config.json,vggt | random,10250.0
vggt,100,42,0.0,50000,random,,,,0,10,minfarthestpose,100,GT Eval,GT Extrinsics,GT Intrinsics,,,False,,,,,0.0,,False,1.0,1.0,vggt,counter,,,15000,15000,,MCMC,,,,,,,,,,,gsplat_cfg,,indoor,28.09678840637207,0.15370230376720428,0.9068578481674194,1000000,0,0,,,0.8621919066624024,0.15348141930384812,50000,/home/ojab2/work/git/gsplat/results/vggt_outputs/counter_2_n100_s42_c0.0_p50000_random_minfarthestpose_i100_gteval_gtext_gtint_steps15000/stats/config.json,/home/ojab2/work/git/gsplat/results/vggt_outputs/counter_2_n100_s42_c0.0_p50000_random_minfarthestpose_i100_gteval_gtext_gtint_steps15000/stats/val_step14999.json,counter_2_n100_s42_c0.0_p50000_random_minfarthestpose_i100_gteval_gtext_gtint_steps15000,0.3873,0.030482,100,4.485239,,,,2.384185791015625e-07,0,0,3.044579267501831,/home/ojab2/work/git/vggt/vggt_outputs/counter_2_n100_s42_c0.0_p50000_random_minfarthestpose/eval_results.json,counter_2_n100_s42_c0.0_p50000_random_minfarthestpose_i100_gteval_gtext_gtint_steps15000,,50000,True,0.7892751693725586,/home/ojab2/work/git/gsplat/results/vggt_outputs/counter_2_n100_s42_c0.0_p50000_random_minfarthestpose_i100_gteval_gtext_gtint_steps15000/stats/config.json,vggt | random,51249.99999999999
vggt,100,42,0.0,100000,random,,,,0,10,minfarthestpose,100,GT Eval,GT Extrinsics,GT Intrinsics,,,False,,,,,0.0,,False,1.0,1.0,vggt,counter,,,15000,15000,,MCMC,,,,,,,,,,,gsplat_cfg,,indoor,28.083406448364258,0.14783841371536255,0.90664142370224,1000000,0,0,,,0.8654372138276822,0.15164650547271283,100000,/home/ojab2/work/git/gsplat/results/vggt_outputs/counter_2_n100_s42_c0.0_p100000_random_minfarthestpose_i100_gteval_gtext_gtint_steps15000/stats/config.json,/home/ojab2/work/git/gsplat/results/vggt_outputs/counter_2_n100_s42_c0.0_p100000_random_minfarthestpose_i100_gteval_gtext_gtint_steps15000/stats/val_step14999.json,counter_2_n100_s42_c0.0_p100000_random_minfarthestpose_i100_gteval_gtext_gtint_steps15000,0.3873,0.030482,100,4.485239,,,,,,,,/home/ojab2/work/git/vggt/vggt_outputs/counter_2_n100_s42_c0.0_p100000_random_minfarthestpose/eval_results.json,counter_2_n100_s42_c0.0_p100000_random_minfarthestpose_i100_gteval_gtext_gtint_steps15000,,100000,,,/home/ojab2/work/git/gsplat/results/vggt_outputs/counter_2_n100_s42_c0.0_p100000_random_minfarthestpose_i100_gteval_gtext_gtint_steps15000/stats/config.json,vggt | random,102499.99999999999
vggt,100,42,0.0,500000,random,,,,0,10,minfarthestpose,100,GT Eval,GT Extrinsics,GT Intrinsics,,,False,,,,,0.0,,False,1.0,1.0,vggt,counter,,,15000,15000,,MCMC,,,,,,,,,,,gsplat_cfg,,indoor,27.72613525390625,0.14346709847450256,0.9014544486999512,1000000,0,0,,,0.8584861046234611,0.15302493680412455,500000,/home/ojab2/work/git/gsplat/results/vggt_outputs/counter_2_n100_s42_c0.0_p500000_random_minfarthestpose_i100_gteval_gtext_gtint_steps15000/stats/config.json,/home/ojab2/work/git/gsplat/results/vggt_outputs/counter_2_n100_s42_c0.0_p500000_random_minfarthestpose_i100_gteval_gtext_gtint_steps15000/stats/val_step14999.json,counter_2_n100_s42_c0.0_p500000_random_minfarthestpose_i100_gteval_gtext_gtint_steps15000,0.3873,0.030482,100,4.485239,,,,0.0,0,0,5.889886379241943,/home/ojab2/work/git/vggt/vggt_outputs/counter_2_n100_s42_c0.0_p500000_random_minfarthestpose/eval_results.json,counter_2_n100_s42_c0.0_p500000_random_minfarthestpose_i100_gteval_gtext_gtint_steps15000,,500000,True,0.8331103324890137,/home/ojab2/work/git/gsplat/results/vggt_outputs/counter_2_n100_s42_c0.0_p500000_random_minfarthestpose_i100_gteval_gtext_gtint_steps15000/stats/config.json,vggt | random,512499.99999999994
vggt,100,42,0.0,1000000,random,,,,0,10,minfarthestpose,100,GT Eval,GT Extrinsics,GT Intrinsics,,,False,,,,,0.0,,False,1.0,1.0,vggt,counter,,,15000,15000,,MCMC,,,,,,,,,,,gsplat_cfg,,indoor,27.528261184692383,0.14184626936912537,0.8981474041938782,1000000,0,0,,,0.8538883376462341,0.1542521830715548,1000000,/home/ojab2/work/git/gsplat/results/vggt_outputs/counter_2_n100_s42_c0.0_p1000000_random_minfarthestpose_i100_gteval_gtext_gtint_steps15000/stats/config.json,/home/ojab2/work/git/gsplat/results/vggt_outputs/counter_2_n100_s42_c0.0_p1000000_random_minfarthestpose_i100_gteval_gtext_gtint_steps15000/stats/val_step14999.json,counter_2_n100_s42_c0.0_p1000000_random_minfarthestpose_i100_gteval_gtext_gtint_steps15000,0.3873,0.030482,100,4.485239,,,,0.0,0,0,9.476220846176147,/home/ojab2/work/git/vggt/vggt_outputs/counter_2_n100_s42_c0.0_p1000000_random_minfarthestpose/eval_results.json,counter_2_n100_s42_c0.0_p1000000_random_minfarthestpose_i100_gteval_gtext_gtint_steps15000,,1000000,True,0.8289692401885986,/home/ojab2/work/git/gsplat/results/vggt_outputs/counter_2_n100_s42_c0.0_p1000000_random_minfarthestpose_i100_gteval_gtext_gtint_steps15000/stats/config.json,vggt | random,1024999.9999999999
vggt,100,42,0.0,1000,voxels,,,,0,10,minfarthestpose,100,GT Eval,GT Extrinsics,GT Intrinsics,,,False,,,,,0.0,,False,1.0,1.0,vggt,counter,,,15000,15000,,MCMC,,,,,,,,,,,gsplat_cfg,,indoor,25.229562759399414,0.3266671895980835,0.8173768520355225,1000000,0,0,,,0.6499986194650254,0.2523369836109136,944,/home/ojab2/work/git/gsplat/results/vggt_outputs/counter_2_n100_s42_c0.0_p1000_voxels_minfarthestpose_i100_gteval_gtext_gtint_steps15000/stats/config.json,/home/ojab2/work/git/gsplat/results/vggt_outputs/counter_2_n100_s42_c0.0_p1000_voxels_minfarthestpose_i100_gteval_gtext_gtint_steps15000/stats/val_step14999.json,counter_2_n100_s42_c0.0_p1000_voxels_minfarthestpose_i100_gteval_gtext_gtint_steps15000,0.3873,0.030482,100,4.485239,,,,0.0,0,0,13.003377199172974,/home/ojab2/work/git/vggt/vggt_outputs/counter_2_n100_s42_c0.0_p1000_voxels_minfarthestpose/eval_results.json,counter_2_n100_s42_c0.0_p1000_voxels_minfarthestpose_i100_gteval_gtext_gtint_steps15000,,944,True,0.7912523746490479,/home/ojab2/work/git/gsplat/results/vggt_outputs/counter_2_n100_s42_c0.0_p1000_voxels_minfarthestpose_i100_gteval_gtext_gtint_steps15000/stats/config.json,vggt | voxels,1075.0
vggt,100,42,0.0,5000,voxels,,,,0,10,minfarthestpose,100,GT Eval,GT Extrinsics,GT Intrinsics,,,False,,,,,0.0,,False,1.0,1.0,vggt,counter,,,15000,15000,,MCMC,,,,,,,,,,,gsplat,,indoor,27.04867172241211,0.22092032432556152,0.8728141188621521,1000000,0,0,,,0.7813811195291738,0.1931748820684455,4828,/home/ojab2/work/git/gsplat/results/vggt_outputs/counter_2_n100_s42_c0.0_p5000_voxels_minfarthestpose_i100_gteval_gtext_gtint_steps15000/stats/val_step14999.json,/home/ojab2/work/git/gsplat/results/vggt_outputs/counter_2_n100_s42_c0.0_p5000_voxels_minfarthestpose_i100_gteval_gtext_gtint_steps15000/stats/val_step14999.json,counter_2_n100_s42_c0.0_p5000_voxels_minfarthestpose_i100_gteval_gtext_gtint_steps15000,0.3873,0.030482,100,4.485239,,,,4.76837158203125e-07,0,0,13.222695112228394,/home/ojab2/work/git/vggt/vggt_outputs/counter_2_n100_s42_c0.0_p5000_voxels_minfarthestpose/eval_results.json,counter_2_n100_s42_c0.0_p5000_voxels_minfarthestpose,counter_2_n100_s42_c0.0_p5000_voxels_minfarthestpose_i100_gteval_gtext_gtint_steps15000_val_step14999.json,4828,True,0.878704309463501,/home/ojab2/work/git/gsplat/results/vggt_outputs/counter_2_n100_s42_c0.0_p5000_voxels_minfarthestpose_i100_gteval_gtext_gtint_steps15000/stats/config.json,vggt | voxels,5375.0
vggt,100,42,0.0,10000,voxels,,,,0,10,minfarthestpose,100,GT Eval,GT Extrinsics,GT Intrinsics,,,False,,,,,0.0,,False,1.0,1.0,vggt,counter,,,15000,15000,,MCMC,,,,,,,,,,,gsplat,,indoor,27.47235679626465,0.19022226333618164,0.8897809386253357,1000000,0,0,,,0.8180986765997218,0.1746681533231303,9965,/home/ojab2/work/git/gsplat/results/vggt_outputs/counter_2_n100_s42_c0.0_p10000_voxels_minfarthestpose_i100_gteval_gtext_gtint_steps15000/stats/val_step14999.json,/home/ojab2/work/git/gsplat/results/vggt_outputs/counter_2_n100_s42_c0.0_p10000_voxels_minfarthestpose_i100_gteval_gtext_gtint_steps15000/stats/val_step14999.json,counter_2_n100_s42_c0.0_p10000_voxels_minfarthestpose_i100_gteval_gtext_gtint_steps15000,0.3873,0.030482,100,4.485239,,,,0.0,0,0,13.531251192092896,/home/ojab2/work/git/vggt/vggt_outputs/counter_2_n100_s42_c0.0_p10000_voxels_minfarthestpose/eval_results.json,counter_2_n100_s42_c0.0_p10000_voxels_minfarthestpose,counter_2_n100_s42_c0.0_p10000_voxels_minfarthestpose_i100_gteval_gtext_gtint_steps15000_val_step14999.json,9965,True,0.8410439491271973,/home/ojab2/work/git/gsplat/results/vggt_outputs/counter_2_n100_s42_c0.0_p10000_voxels_minfarthestpose_i100_gteval_gtext_gtint_steps15000/stats/config.json,vggt | voxels,10750.0
vggt,100,42,0.0,50000,voxels,,,,0,10,minfarthestpose,100,GT Eval,GT Extrinsics,GT Intrinsics,,,False,,,,,0.0,,False,1.0,1.0,vggt,counter,,,15000,15000,,MCMC,,,,,,,,,,,gsplat_cfg,,indoor,27.83021354675293,0.1610146015882492,0.9031451344490051,1000000,0,0,,,0.8505703934878014,0.15795927548390798,49688,/home/ojab2/work/git/gsplat/results/vggt_outputs/counter_2_n100_s42_c0.0_p50000_voxels_minfarthestpose_i100_gteval_gtext_gtint_steps15000/stats/config.json,/home/ojab2/work/git/gsplat/results/vggt_outputs/counter_2_n100_s42_c0.0_p50000_voxels_minfarthestpose_i100_gteval_gtext_gtint_steps15000/stats/val_step14999.json,counter_2_n100_s42_c0.0_p50000_voxels_minfarthestpose_i100_gteval_gtext_gtint_steps15000,0.3873,0.030482,100,4.485239,,,,2.384185791015625e-07,0,0,14.275999307632446,/home/ojab2/work/git/vggt/vggt_outputs/counter_2_n100_s42_c0.0_p50000_voxels_minfarthestpose/eval_results.json,counter_2_n100_s42_c0.0_p50000_voxels_minfarthestpose_i100_gteval_gtext_gtint_steps15000,,49688,True,0.8070628643035889,/home/ojab2/work/git/gsplat/results/vggt_outputs/counter_2_n100_s42_c0.0_p50000_voxels_minfarthestpose_i100_gteval_gtext_gtint_steps15000/stats/config.json,vggt | voxels,53750.0
vggt,100,42,0.0,100000,voxels,,,,0,10,minfarthestpose,100,GT Eval,GT Extrinsics,GT Intrinsics,,,False,,,,,0.0,,False,1.0,1.0,vggt,counter,,,15000,15000,,MCMC,,,,,,,,,,,gsplat_cfg,,indoor,27.62191390991211,0.1597784459590912,0.9020915031433105,1000000,0,0,,,0.8468598931776075,0.15813694495033526,96189,/home/ojab2/work/git/gsplat/results/vggt_outputs/counter_2_n100_s42_c0.0_p100000_voxels_minfarthestpose_i100_gteval_gtext_gtint_steps15000/stats/config.json,/home/ojab2/work/git/gsplat/results/vggt_outputs/counter_2_n100_s42_c0.0_p100000_voxels_minfarthestpose_i100_gteval_gtext_gtint_steps15000/stats/val_step14999.json,counter_2_n100_s42_c0.0_p100000_voxels_minfarthestpose_i100_gteval_gtext_gtint_steps15000,0.3873,0.030482,100,4.485239,,,,0.0,0,0,14.835629940032959,/home/ojab2/work/git/vggt/vggt_outputs/counter_2_n100_s42_c0.0_p100000_voxels_minfarthestpose/eval_results.json,counter_2_n100_s42_c0.0_p100000_voxels_minfarthestpose_i100_gteval_gtext_gtint_steps15000,,96189,True,0.7979423999786377,/home/ojab2/work/git/gsplat/results/vggt_outputs/counter_2_n100_s42_c0.0_p100000_voxels_minfarthestpose_i100_gteval_gtext_gtint_steps15000/stats/config.json,vggt | voxels,107500.0
vggt,100,42,0.0,500000,voxels,,,,0,10,minfarthestpose,100,GT Eval,GT Extrinsics,GT Intrinsics,,,False,,,,,0.0,,False,1.0,1.0,vggt,counter,,,15000,15000,,MCMC,,,,,,,,,,,gsplat_cfg,,indoor,27.135116577148438,0.1610967069864273,0.8944829106330872,1000000,0,0,,,0.8325819170769349,0.16262159671464585,499266,/home/ojab2/work/git/gsplat/results/vggt_outputs/counter_2_n100_s42_c0.0_p500000_voxels_minfarthestpose_i100_gteval_gtext_gtint_steps15000/stats/config.json,/home/ojab2/work/git/gsplat/results/vggt_outputs/counter_2_n100_s42_c0.0_p500000_voxels_minfarthestpose_i100_gteval_gtext_gtint_steps15000/stats/val_step14999.json,counter_2_n100_s42_c0.0_p500000_voxels_minfarthestpose_i100_gteval_gtext_gtint_steps15000,0.3873,0.030482,100,4.485239,,,,4.76837158203125e-07,0,0,18.357791423797607,/home/ojab2/work/git/vggt/vggt_outputs/counter_2_n100_s42_c0.0_p500000_voxels_minfarthestpose/eval_results.json,counter_2_n100_s42_c0.0_p500000_voxels_minfarthestpose_i100_gteval_gtext_gtint_steps15000,,499266,True,0.9125287532806396,/home/ojab2/work/git/gsplat/results/vggt_outputs/counter_2_n100_s42_c0.0_p500000_voxels_minfarthestpose_i100_gteval_gtext_gtint_steps15000/stats/config.json,vggt | voxels,537500.0
vggt,100,42,0.0,1000000,voxels,,,,0,10,minfarthestpose,100,GT Eval,GT Extrinsics,GT Intrinsics,,,False,,,,,0.0,,False,1.0,1.0,vggt,counter,,,15000,15000,,MCMC,,,,,,,,,,,gsplat_cfg,,indoor,26.021791458129883,0.18798720836639404,0.8806421756744385,1000000,0,0,,,0.7872717132655113,0.17865617997380911,906150,/home/ojab2/work/git/gsplat/results/vggt_outputs/counter_2_n100_s42_c0.0_p1000000_voxels_minfarthestpose_i100_gteval_gtext_gtint_steps15000/stats/config.json,/home/ojab2/work/git/gsplat/results/vggt_outputs/counter_2_n100_s42_c0.0_p1000000_voxels_minfarthestpose_i100_gteval_gtext_gtint_steps15000/stats/val_step14999.json,counter_2_n100_s42_c0.0_p1000000_voxels_minfarthestpose_i100_gteval_gtext_gtint_steps15000,0.3873,0.030482,100,4.485239,,,,2.384185791015625e-07,0,0,21.473013877868652,/home/ojab2/work/git/vggt/vggt_outputs/counter_2_n100_s42_c0.0_p1000000_voxels_minfarthestpose/eval_results.json,counter_2_n100_s42_c0.0_p1000000_voxels_minfarthestpose_i100_gteval_gtext_gtint_steps15000,,906150,True,0.8017005920410156,/home/ojab2/work/git/gsplat/results/vggt_outputs/counter_2_n100_s42_c0.0_p1000000_voxels_minfarthestpose_i100_gteval_gtext_gtint_steps15000/stats/config.json,vggt | voxels,1075000.0
colmap,100,42,,41914,,,,,0,10,minfarthestpose,100,GT Eval,GT Extrinsics,GT Intrinsics,,,False,,,,,0.0,,False,1.0,1.0,colmap,counter,,,15000,15000,default,MCMC,,,,,Shared Cam,,,,,,gsplat,,indoor,28.30894660949707,0.16158327460289001,0.9065025448799133,1000000,0,0,,,0.8610481857633806,0.15627762493060074,41914,/home/ojab2/work/git/gsplat/results/colmap_outputs/counter_2_n100_s42_default_minfarthestpose_sharedcam_i100_gteval_gtext_gtint_steps15000/stats/val_step14999.json,/home/ojab2/work/git/gsplat/results/colmap_outputs/counter_2_n100_s42_default_minfarthestpose_sharedcam_i100_gteval_gtext_gtint_steps15000/stats/val_step14999.json,counter_2_n100_s42_default_minfarthestpose_sharedcam_i100_gteval_gtext_gtint_steps15000,0.0156,0.000691,100,0.993642,,,,292.9965500831604,7726,7726,0.0,/home/ojab2/work/git/vggt/colmap_outputs/counter_2_n100_s42_default_minfarthestpose_sharedcam/eval_results.json,counter_2_n100_s42_default_minfarthestpose_sharedcam,counter_2_n100_s42_default_minfarthestpose_sharedcam_i100_gteval_gtext_gtint_steps15000_val_step14999.json,41914,,,,colmap | ,47153.25
colmap,100,42,,,,,,,0,10,minfarthestpose,100,GT Eval,GT Extrinsics,GT Intrinsics,,,False,,,,,0.0,,False,1.0,1.0,colmap,counter,,,15000,15000,default,MCMC,,,,,Shared Cam,,,,,,gsplat_cfg,,indoor,,,,,0,0,,,,,,/home/ojab2/work/git/gsplat/results/colmap_outputs/counter_2_n100_s42_default_minfarthestpose_sharedcam_i100_gteval_gtext_gtint_steps15000/stats/config.json,,counter_2_n100_s42_default_minfarthestpose_sharedcam_i100_gteval_gtext_gtint_steps15000,,,,,,,,,,,,,counter_2_n100_s42_default_minfarthestpose_sharedcam_i100_gteval_gtext_gtint_steps15000,,,,,/home/ojab2/work/git/gsplat/results/colmap_outputs/counter_2_n100_s42_default_minfarthestpose_sharedcam_i100_gteval_gtext_gtint_steps15000/stats/config.json,colmap | ,
