method,num_images,seed,conf_thres_value,num_points,sampling_mode,near_filtering_strength,near_filtering_quorum,reconstruct_pose_opt,optimisation_iterations,optimisation_neighbourhood,image_mode,num_cameras,gt_eval,use_gt_extrinsics,use_gt_intrinsics,use_gt_points,pose_opt,pose_opt_module,eval_opt,depth_loss_mode,error_opa,depth_lambda,depth_conf_mode,choice,dataset,camera_type,copy_mode,val_step,num_steps,colmap_mode,splatting_strategy,camera_src,pcd_src,align_mode,align_glue,shared_camera,keep_backup_cams,random_init,use_ba,feature_extractor,max_ba_iterations,source,dataset_collection,psnr,lpips,ssim,num_GS,eval_rte,eval_rre,depth_l1,depth_abs_rel,quality,avge,real_num_points,file_path,gsplat_file_path,folder,rre,rte,num_aligned,alignment_scale,pred_depth_l1,pred_depth_absrel,pred_depth_rmse,sfm_file_path,input_folder,output_folder,initial_points,plot_series,num_images_jitter
colmap,10,42,,135,,,,,0,10,farthestpose,10,GT Eval,,,,Pose Opt,,,,,0.0,,colmap,bonsai,,,15000,15000,default,MCMC,,,,,Shared Cam,,,,,,gsplat,indoor,10.370388984680176,0.8212783932685852,0.30286675691604614,140477,0.08342143893241882,9.962593078613281,,,-0.23136991963439196,0.5826828273279314,135,/home/ojab2/work/git/gsplat/results/colmap_outputs/bonsai_2_n10_s42_default_farthestpose_sharedcam_i10_gteval_poseopt_steps15000/stats/val_step14999.json,/home/ojab2/work/git/gsplat/results/colmap_outputs/bonsai_2_n10_s42_default_farthestpose_sharedcam_i10_gteval_poseopt_steps15000/stats/val_step14999.json,bonsai_2_n10_s42_default_farthestpose_sharedcam_i10_gteval_poseopt_steps15000,10.9378,0.183862,4,0.824922,,,,/home/ojab2/work/git/vggt/colmap_outputs/bonsai_2_n10_s42_default_farthestpose_sharedcam/eval_results.json,bonsai_2_n10_s42_default_farthestpose_sharedcam,bonsai_2_n10_s42_default_farthestpose_sharedcam_i10_gteval_poseopt_steps15000_val_step14999.json,135,colmap | ,10.0
colmap,10,42,,147,,,,,0,10,farthestpose,10,GT Eval,,,,Pose Opt,,,,,0.0,,colmap,kitchen,,,15000,15000,default,MCMC,,,,,Shared Cam,,,,,,gsplat,indoor,13.383953094482422,0.7249969244003296,0.3768191337585449,154749,0.015426966361701488,2.2528326511383057,,,-0.07288316738458325,0.5200976674615805,147,/home/ojab2/work/git/gsplat/results/colmap_outputs/kitchen_2_n10_s42_default_farthestpose_sharedcam_i10_gteval_poseopt_steps15000/stats/val_step14999.json,/home/ojab2/work/git/gsplat/results/colmap_outputs/kitchen_2_n10_s42_default_farthestpose_sharedcam_i10_gteval_poseopt_steps15000/stats/val_step14999.json,kitchen_2_n10_s42_default_farthestpose_sharedcam_i10_gteval_poseopt_steps15000,2.0241,0.026475,5,0.764887,,,,/home/ojab2/work/git/vggt/colmap_outputs/kitchen_2_n10_s42_default_farthestpose_sharedcam/eval_results.json,kitchen_2_n10_s42_default_farthestpose_sharedcam,kitchen_2_n10_s42_default_farthestpose_sharedcam_i10_gteval_poseopt_steps15000_val_step14999.json,147,colmap | ,10.0
colmap,10,42,,148,,,,,0,10,farthestpose,10,GT Eval,,,,Pose Opt,,,,,0.0,,colmap,counter,,,15000,15000,default,MCMC,,,,,Shared Cam,,,,,,gsplat,indoor,8.503281593322754,0.7939874529838562,0.3814893364906311,154875,0.030917618423700333,2.324471950531006,,,-0.20312160629200565,0.5738630011628034,148,/home/ojab2/work/git/gsplat/results/colmap_outputs/counter_2_n10_s42_default_farthestpose_sharedcam_i10_gteval_poseopt_steps15000/stats/val_step14999.json,/home/ojab2/work/git/gsplat/results/colmap_outputs/counter_2_n10_s42_default_farthestpose_sharedcam_i10_gteval_poseopt_steps15000/stats/val_step14999.json,counter_2_n10_s42_default_farthestpose_sharedcam_i10_gteval_poseopt_steps15000,0.8205,0.012109,4,0.525947,,,,/home/ojab2/work/git/vggt/colmap_outputs/counter_2_n10_s42_default_farthestpose_sharedcam/eval_results.json,counter_2_n10_s42_default_farthestpose_sharedcam,counter_2_n10_s42_default_farthestpose_sharedcam_i10_gteval_poseopt_steps15000_val_step14999.json,148,colmap | ,10.0
colmap,10,42,,168,,,,,0,10,farthestpose,10,GT Eval,,,,Pose Opt,,,,,0.0,,colmap,garden,,,15000,15000,default,MCMC,,,,,Shared Cam,,,,,,gsplat,outdoor,12.355728149414062,0.7979275584220886,0.3093775510787964,179055,0.015599575825035572,1.496121883392334,,,-0.1763828019959497,0.5623660420201364,168,/home/ojab2/work/git/gsplat/results/colmap_outputs/garden_2_n10_s42_default_farthestpose_sharedcam_i10_gteval_poseopt_steps15000/stats/val_step14999.json,/home/ojab2/work/git/gsplat/results/colmap_outputs/garden_2_n10_s42_default_farthestpose_sharedcam_i10_gteval_poseopt_steps15000/stats/val_step14999.json,garden_2_n10_s42_default_farthestpose_sharedcam_i10_gteval_poseopt_steps15000,0.1553,0.00235,3,0.322542,,,,/home/ojab2/work/git/vggt/colmap_outputs/garden_2_n10_s42_default_farthestpose_sharedcam/eval_results.json,garden_2_n10_s42_default_farthestpose_sharedcam,garden_2_n10_s42_default_farthestpose_sharedcam_i10_gteval_poseopt_steps15000_val_step14999.json,168,colmap | ,10.0
colmap,20,42,,44,,,,,0,10,farthestpose,20,GT Eval,,,,Pose Opt,,,,,0.0,,colmap,bicycle,,,15000,15000,default,MCMC,,,,,Shared Cam,,,,,,gsplat,outdoor,9.540895462036133,0.9753441214561462,0.02645329013466835,38969,,,,,-0.5034785143561451,0.6910596934705199,44,/home/ojab2/work/git/gsplat/results/colmap_outputs/bicycle_4_n20_s42_default_farthestpose_sharedcam_i20_gteval_poseopt_steps15000/stats/val_step14999.json,/home/ojab2/work/git/gsplat/results/colmap_outputs/bicycle_4_n20_s42_default_farthestpose_sharedcam_i20_gteval_poseopt_steps15000/stats/val_step14999.json,bicycle_4_n20_s42_default_farthestpose_sharedcam_i20_gteval_poseopt_steps15000,19.4863,0.240427,2,0.128276,,,,/home/ojab2/work/git/vggt/colmap_outputs/bicycle_4_n20_s42_default_farthestpose_sharedcam/eval_results.json,bicycle_4_n20_s42_default_farthestpose_sharedcam,bicycle_4_n20_s42_default_farthestpose_sharedcam_i20_gteval_poseopt_steps15000_val_step14999.json,44,colmap | ,20.0
colmap,20,42,,48,,,,,0,10,farthestpose,20,GT Eval,,,,Pose Opt,,,,,0.0,,colmap,counter,,,15000,15000,default,MCMC,,,,,Shared Cam,,,,,,gsplat,indoor,9.180434226989746,0.8296937346458435,0.3853382170200348,42962,0.013678145594894886,3.1688013076782227,,,-0.21037184998460826,0.578155576871731,48,/home/ojab2/work/git/gsplat/results/colmap_outputs/counter_2_n20_s42_default_farthestpose_sharedcam_i20_gteval_poseopt_steps15000/stats/val_step14999.json,/home/ojab2/work/git/gsplat/results/colmap_outputs/counter_2_n20_s42_default_farthestpose_sharedcam_i20_gteval_poseopt_steps15000/stats/val_step14999.json,counter_2_n20_s42_default_farthestpose_sharedcam_i20_gteval_poseopt_steps15000,0.116,0.001023,3,0.208277,,,,/home/ojab2/work/git/vggt/colmap_outputs/counter_2_n20_s42_default_farthestpose_sharedcam/eval_results.json,counter_2_n20_s42_default_farthestpose_sharedcam,counter_2_n20_s42_default_farthestpose_sharedcam_i20_gteval_poseopt_steps15000_val_step14999.json,48,colmap | ,20.0
colmap,20,42,,91,,,,,0,10,farthestpose,20,GT Eval,,,,Pose Opt,,,,,0.0,,colmap,lego,pinhole,,15000,15000,default,MCMC,,,,,Shared Cam,,,,,,gsplat,synthetic,10.803693771362305,0.5115751624107361,0.676060140132904,90557,0.4246414601802826,120.3613052368164,4.195615768432617,1.115741491317749,0.1860708215160754,0.3879459916303697,91,/home/ojab2/work/git/gsplat/results/colmap_outputs/lego_1_n20_s42_default_mpinhole_farthestpose_sharedcam_i20_gteval_poseopt_steps15000/stats/val_step14999.json,/home/ojab2/work/git/gsplat/results/colmap_outputs/lego_1_n20_s42_default_mpinhole_farthestpose_sharedcam_i20_gteval_poseopt_steps15000/stats/val_step14999.json,lego_1_n20_s42_default_mpinhole_farthestpose_sharedcam_i20_gteval_poseopt_steps15000,111.3893,0.022876,3,0.14656,,,,/home/ojab2/work/git/vggt/colmap_outputs/lego_1_n20_s42_default_mpinhole_farthestpose_sharedcam/eval_results.json,lego_1_n20_s42_default_mpinhole_farthestpose_sharedcam,lego_1_n20_s42_default_mpinhole_farthestpose_sharedcam_i20_gteval_poseopt_steps15000_val_step14999.json,91,colmap | ,20.0
colmap,20,42,,105,,,,,0,10,farthestpose,20,GT Eval,,,,Pose Opt,,,,,0.0,,colmap,drums,pinhole,,15000,15000,default,MCMC,,,,,Shared Cam,,,,,,gsplat,synthetic,6.573758602142334,0.8610514402389526,0.0944964587688446,107549,0.04122573882341385,5.302027702331543,0.4831242561340332,0.2609376311302185,-0.4480831287680235,0.6775776716120308,105,/home/ojab2/work/git/gsplat/results/colmap_outputs/drums_1_n20_s42_default_mpinhole_farthestpose_sharedcam_i20_gteval_poseopt_steps15000/stats/val_step14999.json,/home/ojab2/work/git/gsplat/results/colmap_outputs/drums_1_n20_s42_default_mpinhole_farthestpose_sharedcam_i20_gteval_poseopt_steps15000/stats/val_step14999.json,drums_1_n20_s42_default_mpinhole_farthestpose_sharedcam_i20_gteval_poseopt_steps15000,5.1198,0.003811,3,0.082359,,,,/home/ojab2/work/git/vggt/colmap_outputs/drums_1_n20_s42_default_mpinhole_farthestpose_sharedcam/eval_results.json,drums_1_n20_s42_default_mpinhole_farthestpose_sharedcam,drums_1_n20_s42_default_mpinhole_farthestpose_sharedcam_i20_gteval_poseopt_steps15000_val_step14999.json,105,colmap | ,20.0
colmap,20,42,,162,,,,,0,10,farthestpose,20,GT Eval,,,,Pose Opt,,,,,0.0,,colmap,ship,pinhole,,15000,15000,default,MCMC,,,,,Shared Cam,,,,,,gsplat,synthetic,16.434940338134766,0.37807974219322205,0.592390239238739,170748,0.01790500618517399,1.0460034608840942,0.05379347503185272,0.06160662695765495,0.32382797912160166,0.3464160276495066,162,/home/ojab2/work/git/gsplat/results/colmap_outputs/ship_1_n20_s42_default_mpinhole_farthestpose_sharedcam_i20_gteval_poseopt_steps15000/stats/val_step14999.json,/home/ojab2/work/git/gsplat/results/colmap_outputs/ship_1_n20_s42_default_mpinhole_farthestpose_sharedcam_i20_gteval_poseopt_steps15000/stats/val_step14999.json,ship_1_n20_s42_default_mpinhole_farthestpose_sharedcam_i20_gteval_poseopt_steps15000,0.2791,0.010321,5,0.379611,,,,/home/ojab2/work/git/vggt/colmap_outputs/ship_1_n20_s42_default_mpinhole_farthestpose_sharedcam/eval_results.json,ship_1_n20_s42_default_mpinhole_farthestpose_sharedcam,ship_1_n20_s42_default_mpinhole_farthestpose_sharedcam_i20_gteval_poseopt_steps15000_val_step14999.json,162,colmap | ,20.0
colmap,20,42,,316,,,,,0,10,farthestpose,20,GT Eval,,,,Pose Opt,,,,,0.0,,colmap,stump,,,15000,15000,default,MCMC,,,,,Shared Cam,,,,,,gsplat,outdoor,12.789386749267578,0.9256043434143066,0.14929628372192383,345885,0.038304466754198074,2.5334455966949463,,,-0.34077969365804656,0.6335165029249274,316,/home/ojab2/work/git/gsplat/results/colmap_outputs/stump_2_n20_s42_default_farthestpose_sharedcam_i20_gteval_poseopt_steps15000/stats/val_step14999.json,/home/ojab2/work/git/gsplat/results/colmap_outputs/stump_2_n20_s42_default_farthestpose_sharedcam_i20_gteval_poseopt_steps15000/stats/val_step14999.json,stump_2_n20_s42_default_farthestpose_sharedcam_i20_gteval_poseopt_steps15000,0.868,0.030879,6,0.574264,,,,/home/ojab2/work/git/vggt/colmap_outputs/stump_2_n20_s42_default_farthestpose_sharedcam/eval_results.json,stump_2_n20_s42_default_farthestpose_sharedcam,stump_2_n20_s42_default_farthestpose_sharedcam_i20_gteval_poseopt_steps15000_val_step14999.json,316,colmap | ,20.0
colmap,20,42,,2092,,,,,0,10,farthestpose,20,GT Eval,,,,Pose Opt,,,,,0.0,,colmap,kitchen,,,15000,15000,default,MCMC,,,,,Shared Cam,,,,,,gsplat,indoor,17.50998878479004,0.406898558139801,0.5586329698562622,1000000,0.0016500689089298248,0.10513249784708023,,,0.30620579792354846,0.3629983651519475,2092,/home/ojab2/work/git/gsplat/results/colmap_outputs/kitchen_2_n20_s42_default_farthestpose_sharedcam_i20_gteval_poseopt_steps15000/stats/val_step14999.json,/home/ojab2/work/git/gsplat/results/colmap_outputs/kitchen_2_n20_s42_default_farthestpose_sharedcam_i20_gteval_poseopt_steps15000/stats/val_step14999.json,kitchen_2_n20_s42_default_farthestpose_sharedcam_i20_gteval_poseopt_steps15000,0.239,0.009345,12,0.859654,,,,/home/ojab2/work/git/vggt/colmap_outputs/kitchen_2_n20_s42_default_farthestpose_sharedcam/eval_results.json,kitchen_2_n20_s42_default_farthestpose_sharedcam,kitchen_2_n20_s42_default_farthestpose_sharedcam_i20_gteval_poseopt_steps15000_val_step14999.json,2092,colmap | ,20.0
colmap,20,42,,2440,,,,,0,10,farthestpose,20,GT Eval,,,,Pose Opt,,,,,0.0,,colmap,bonsai,,,15000,15000,default,MCMC,,,,,Shared Cam,,,,,,gsplat,indoor,12.160051345825195,0.5963965654373169,0.3498920500278473,1000000,0.010184313170611858,0.6712576150894165,,,-0.03191190954150117,0.4878340221213271,2440,/home/ojab2/work/git/gsplat/results/colmap_outputs/bonsai_2_n20_s42_default_farthestpose_sharedcam_i20_gteval_poseopt_steps15000/stats/val_step14999.json,/home/ojab2/work/git/gsplat/results/colmap_outputs/bonsai_2_n20_s42_default_farthestpose_sharedcam_i20_gteval_poseopt_steps15000/stats/val_step14999.json,bonsai_2_n20_s42_default_farthestpose_sharedcam_i20_gteval_poseopt_steps15000,0.4539,0.008021,9,0.886607,,,,/home/ojab2/work/git/vggt/colmap_outputs/bonsai_2_n20_s42_default_farthestpose_sharedcam/eval_results.json,bonsai_2_n20_s42_default_farthestpose_sharedcam,bonsai_2_n20_s42_default_farthestpose_sharedcam_i20_gteval_poseopt_steps15000_val_step14999.json,2440,colmap | ,20.0
colmap,20,42,,4260,,,,,0,10,farthestpose,20,GT Eval,,,,Pose Opt,,,,,0.0,,colmap,garden,,,15000,15000,default,MCMC,,,,,Shared Cam,,,,,,gsplat,outdoor,19.309799194335938,0.41384539008140564,0.3691636919975281,1000000,0.0009397167013958097,0.09067954868078232,,,0.2244467051715492,0.40660664295375143,4260,/home/ojab2/work/git/gsplat/results/colmap_outputs/garden_2_n20_s42_default_farthestpose_sharedcam_i20_gteval_poseopt_steps15000/stats/val_step14999.json,/home/ojab2/work/git/gsplat/results/colmap_outputs/garden_2_n20_s42_default_farthestpose_sharedcam_i20_gteval_poseopt_steps15000/stats/val_step14999.json,garden_2_n20_s42_default_farthestpose_sharedcam_i20_gteval_poseopt_steps15000,0.0713,0.004651,20,1.139238,,,,/home/ojab2/work/git/vggt/colmap_outputs/garden_2_n20_s42_default_farthestpose_sharedcam/eval_results.json,garden_2_n20_s42_default_farthestpose_sharedcam,garden_2_n20_s42_default_farthestpose_sharedcam_i20_gteval_poseopt_steps15000_val_step14999.json,4260,colmap | ,20.0
colmap,30,42,,105,,,,,0,10,farthestpose,30,GT Eval,,,,Pose Opt,,,,,0.0,,colmap,drums,pinhole,,15000,15000,default,MCMC,,,,,Shared Cam,,,,,,gsplat,synthetic,11.87600326538086,0.5139749050140381,0.40454837679862976,107549,0.010904939845204353,1.031067132949829,0.07396318763494492,0.07193657010793686,0.04566827317659853,0.45018439595077886,105,/home/ojab2/work/git/gsplat/results/colmap_outputs/drums_1_n30_s42_default_mpinhole_farthestpose_sharedcam_i30_gteval_poseopt_steps15000/stats/val_step14999.json,/home/ojab2/work/git/gsplat/results/colmap_outputs/drums_1_n30_s42_default_mpinhole_farthestpose_sharedcam_i30_gteval_poseopt_steps15000/stats/val_step14999.json,drums_1_n30_s42_default_mpinhole_farthestpose_sharedcam_i30_gteval_poseopt_steps15000,0.5778,0.011678,4,0.193321,,,,/home/ojab2/work/git/vggt/colmap_outputs/drums_1_n30_s42_default_mpinhole_farthestpose_sharedcam/eval_results.json,drums_1_n30_s42_default_mpinhole_farthestpose_sharedcam,drums_1_n30_s42_default_mpinhole_farthestpose_sharedcam_i30_gteval_poseopt_steps15000_val_step14999.json,105,colmap | ,30.0
colmap,30,42,,449,,,,,0,10,farthestpose,30,GT Eval,,,,Pose Opt,,,,,0.0,,colmap,ship,pinhole,,15000,15000,default,MCMC,,,,,Shared Cam,,,,,,gsplat,synthetic,16.762636184692383,0.3510177433490753,0.5933229923248291,493204,0.003212561132386327,1.2884396314620972,0.060691483318805695,0.05719128996133804,0.3471468279236241,0.3366011842929966,449,/home/ojab2/work/git/gsplat/results/colmap_outputs/ship_1_n30_s42_default_mpinhole_farthestpose_sharedcam_i30_gteval_poseopt_steps15000/stats/val_step14999.json,/home/ojab2/work/git/gsplat/results/colmap_outputs/ship_1_n30_s42_default_mpinhole_farthestpose_sharedcam_i30_gteval_poseopt_steps15000/stats/val_step14999.json,ship_1_n30_s42_default_mpinhole_farthestpose_sharedcam_i30_gteval_poseopt_steps15000,3.3966,0.044897,10,0.576448,,,,/home/ojab2/work/git/vggt/colmap_outputs/ship_1_n30_s42_default_mpinhole_farthestpose_sharedcam/eval_results.json,ship_1_n30_s42_default_mpinhole_farthestpose_sharedcam,ship_1_n30_s42_default_mpinhole_farthestpose_sharedcam_i30_gteval_poseopt_steps15000_val_step14999.json,449,colmap | ,30.0
colmap,30,42,,726,,,,,0,10,farthestpose,30,GT Eval,,,,Pose Opt,,,,,0.0,,colmap,bicycle,,,15000,15000,default,MCMC,,,,,Shared Cam,,,,,,gsplat,outdoor,10.8599853515625,0.8103333711624146,0.15510886907577515,808627,0.015486866235733032,1.604614496231079,,,-0.3019552553064098,0.6038494663196445,726,/home/ojab2/work/git/gsplat/results/colmap_outputs/bicycle_4_n30_s42_default_farthestpose_sharedcam_i30_gteval_poseopt_steps15000/stats/val_step14999.json,/home/ojab2/work/git/gsplat/results/colmap_outputs/bicycle_4_n30_s42_default_farthestpose_sharedcam_i30_gteval_poseopt_steps15000/stats/val_step14999.json,bicycle_4_n30_s42_default_farthestpose_sharedcam_i30_gteval_poseopt_steps15000,0.5111,0.00955,8,0.516151,,,,/home/ojab2/work/git/vggt/colmap_outputs/bicycle_4_n30_s42_default_farthestpose_sharedcam/eval_results.json,bicycle_4_n30_s42_default_farthestpose_sharedcam,bicycle_4_n30_s42_default_farthestpose_sharedcam_i30_gteval_poseopt_steps15000_val_step14999.json,726,colmap | ,30.0
colmap,30,42,,1326,,,,,0,10,farthestpose,30,GT Eval,,,,Pose Opt,,,,,0.0,,colmap,lego,pinhole,,15000,15000,default,MCMC,,,,,Shared Cam,,,,,,gsplat,synthetic,10.755062103271484,0.5123323202133179,0.6748767495155334,1000000,0.8647823333740234,119.89866638183594,0.6556528210639954,0.4923791289329529,0.18401081241362274,0.3888565397554265,1326,/home/ojab2/work/git/gsplat/results/colmap_outputs/lego_1_n30_s42_default_mpinhole_farthestpose_sharedcam_i30_gteval_poseopt_steps15000/stats/val_step14999.json,/home/ojab2/work/git/gsplat/results/colmap_outputs/lego_1_n30_s42_default_mpinhole_farthestpose_sharedcam_i30_gteval_poseopt_steps15000/stats/val_step14999.json,lego_1_n30_s42_default_mpinhole_farthestpose_sharedcam_i30_gteval_poseopt_steps15000,132.5397,3.729538,19,0.233873,,,,/home/ojab2/work/git/vggt/colmap_outputs/lego_1_n30_s42_default_mpinhole_farthestpose_sharedcam/eval_results.json,lego_1_n30_s42_default_mpinhole_farthestpose_sharedcam,lego_1_n30_s42_default_mpinhole_farthestpose_sharedcam_i30_gteval_poseopt_steps15000_val_step14999.json,1326,colmap | ,30.0
colmap,30,42,,4626,,,,,0,10,farthestpose,30,GT Eval,,,,Pose Opt,,,,,0.0,,colmap,counter,,,15000,15000,default,MCMC,,,,,Shared Cam,,,,,,gsplat,indoor,15.262022972106934,0.5092620849609375,0.4885578751564026,1000000,0.012265180237591267,0.7582684755325317,,,0.16040985161333293,0.4180617325994551,4626,/home/ojab2/work/git/gsplat/results/colmap_outputs/counter_2_n30_s42_default_farthestpose_sharedcam_i30_gteval_poseopt_steps15000/stats/val_step14999.json,/home/ojab2/work/git/gsplat/results/colmap_outputs/counter_2_n30_s42_default_farthestpose_sharedcam_i30_gteval_poseopt_steps15000/stats/val_step14999.json,counter_2_n30_s42_default_farthestpose_sharedcam_i30_gteval_poseopt_steps15000,0.6777,0.043512,16,0.758277,,,,/home/ojab2/work/git/vggt/colmap_outputs/counter_2_n30_s42_default_farthestpose_sharedcam/eval_results.json,counter_2_n30_s42_default_farthestpose_sharedcam,counter_2_n30_s42_default_farthestpose_sharedcam_i30_gteval_poseopt_steps15000_val_step14999.json,4626,colmap | ,30.0
colmap,30,42,,6620,,,,,0,10,farthestpose,30,GT Eval,,,,Pose Opt,,,,,0.0,,colmap,bonsai,,,15000,15000,default,MCMC,,,,,Shared Cam,,,,,,gsplat,indoor,12.844159126281738,0.6961448788642883,0.41023141145706177,1000000,0.16796274483203888,3.0201199054718018,,,-0.045530103645671595,0.505352875888298,6620,/home/ojab2/work/git/gsplat/results/colmap_outputs/bonsai_2_n30_s42_default_farthestpose_sharedcam_i30_gteval_poseopt_steps15000/stats/val_step14999.json,/home/ojab2/work/git/gsplat/results/colmap_outputs/bonsai_2_n30_s42_default_farthestpose_sharedcam_i30_gteval_poseopt_steps15000/stats/val_step14999.json,bonsai_2_n30_s42_default_farthestpose_sharedcam_i30_gteval_poseopt_steps15000,5.0799,0.503901,14,0.911934,,,,/home/ojab2/work/git/vggt/colmap_outputs/bonsai_2_n30_s42_default_farthestpose_sharedcam/eval_results.json,bonsai_2_n30_s42_default_farthestpose_sharedcam,bonsai_2_n30_s42_default_farthestpose_sharedcam_i30_gteval_poseopt_steps15000_val_step14999.json,6620,colmap | ,30.0
colmap,30,42,,12069,,,,,0,10,farthestpose,30,GT Eval,,,,Pose Opt,,,,,0.0,,colmap,kitchen,,,15000,15000,default,MCMC,,,,,Shared Cam,,,,,,gsplat,indoor,19.522228240966797,0.22792096436023712,0.48186859488487244,1000000,0.0012758359080180526,0.11295972764492035,,,0.40905804036498605,0.3196324398696503,12069,/home/ojab2/work/git/gsplat/results/colmap_outputs/kitchen_2_n30_s42_default_farthestpose_sharedcam_i30_gteval_poseopt_steps15000/stats/val_step14999.json,/home/ojab2/work/git/gsplat/results/colmap_outputs/kitchen_2_n30_s42_default_farthestpose_sharedcam_i30_gteval_poseopt_steps15000/stats/val_step14999.json,kitchen_2_n30_s42_default_farthestpose_sharedcam_i30_gteval_poseopt_steps15000,0.1586,0.007942,28,1.053071,,,,/home/ojab2/work/git/vggt/colmap_outputs/kitchen_2_n30_s42_default_farthestpose_sharedcam/eval_results.json,kitchen_2_n30_s42_default_farthestpose_sharedcam,kitchen_2_n30_s42_default_farthestpose_sharedcam_i30_gteval_poseopt_steps15000_val_step14999.json,12069,colmap | ,30.0
colmap,30,42,,12379,,,,,0,10,farthestpose,30,GT Eval,,,,Pose Opt,,,,,0.0,,colmap,garden,,,15000,15000,default,MCMC,,,,,Shared Cam,,,,,,gsplat,outdoor,20.769878387451172,0.34935519099235535,0.42895811796188354,1000000,0.0007610706379637122,0.06420423090457916,,,0.3262614741814919,0.3711346166958229,12379,/home/ojab2/work/git/gsplat/results/colmap_outputs/garden_2_n30_s42_default_farthestpose_sharedcam_i30_gteval_poseopt_steps15000/stats/val_step14999.json,/home/ojab2/work/git/gsplat/results/colmap_outputs/garden_2_n30_s42_default_farthestpose_sharedcam_i30_gteval_poseopt_steps15000/stats/val_step14999.json,garden_2_n30_s42_default_farthestpose_sharedcam_i30_gteval_poseopt_steps15000,0.06,0.003487,30,1.094624,,,,/home/ojab2/work/git/vggt/colmap_outputs/garden_2_n30_s42_default_farthestpose_sharedcam/eval_results.json,garden_2_n30_s42_default_farthestpose_sharedcam,garden_2_n30_s42_default_farthestpose_sharedcam_i30_gteval_poseopt_steps15000_val_step14999.json,12379,colmap | ,30.0
colmap,40,42,,287,,,,,0,10,farthestpose,40,GT Eval,,,,Pose Opt,,,,,0.0,,colmap,drums,pinhole,,15000,15000,default,MCMC,,,,,Shared Cam,,,,,,gsplat,synthetic,12.676614761352539,0.40889972448349,0.5027180910110474,313729,0.004789901897311211,0.7317674160003662,0.06522585451602936,0.056620411574840546,0.18276482413851494,0.3893583461070665,287,/home/ojab2/work/git/gsplat/results/colmap_outputs/drums_1_n40_s42_default_mpinhole_farthestpose_sharedcam_i40_gteval_poseopt_steps15000/stats/val_step14999.json,/home/ojab2/work/git/gsplat/results/colmap_outputs/drums_1_n40_s42_default_mpinhole_farthestpose_sharedcam_i40_gteval_poseopt_steps15000/stats/val_step14999.json,drums_1_n40_s42_default_mpinhole_farthestpose_sharedcam_i40_gteval_poseopt_steps15000,0.9174,0.005572,5,0.199581,,,,/home/ojab2/work/git/vggt/colmap_outputs/drums_1_n40_s42_default_mpinhole_farthestpose_sharedcam/eval_results.json,drums_1_n40_s42_default_mpinhole_farthestpose_sharedcam,drums_1_n40_s42_default_mpinhole_farthestpose_sharedcam_i40_gteval_poseopt_steps15000_val_step14999.json,287,colmap | ,40.0
colmap,40,42,,870,,,,,0,10,farthestpose,40,GT Eval,,,,Pose Opt,,,,,0.0,,colmap,stump,,,15000,15000,default,MCMC,,,,,Shared Cam,,,,,,gsplat,outdoor,14.787765502929688,0.6513059735298157,0.3428933024406433,968555,0.014289326034486294,0.6196070909500122,,,-0.02123806746150077,0.49837789336807126,870,/home/ojab2/work/git/gsplat/results/colmap_outputs/stump_2_n40_s42_default_farthestpose_sharedcam_i40_gteval_poseopt_steps15000/stats/val_step14999.json,/home/ojab2/work/git/gsplat/results/colmap_outputs/stump_2_n40_s42_default_farthestpose_sharedcam_i40_gteval_poseopt_steps15000/stats/val_step14999.json,stump_2_n40_s42_default_farthestpose_sharedcam_i40_gteval_poseopt_steps15000,0.1699,0.003551,11,0.462953,,,,/home/ojab2/work/git/vggt/colmap_outputs/stump_2_n40_s42_default_farthestpose_sharedcam/eval_results.json,stump_2_n40_s42_default_farthestpose_sharedcam,stump_2_n40_s42_default_farthestpose_sharedcam_i40_gteval_poseopt_steps15000_val_step14999.json,870,colmap | ,40.0
colmap,40,42,,999,,,,,0,10,farthestpose,40,GT Eval,,,,Pose Opt,,,,,0.0,,colmap,ship,pinhole,,15000,15000,default,MCMC,,,,,Shared Cam,,,,,,gsplat,synthetic,17.69652557373047,0.325956255197525,0.5934579968452454,1000000,0.2103944718837738,11.896838188171387,0.07570488750934601,0.06493118405342102,0.3799900802952504,0.3268529158518036,999,/home/ojab2/work/git/gsplat/results/colmap_outputs/ship_1_n40_s42_default_mpinhole_farthestpose_sharedcam_i40_gteval_poseopt_steps15000/stats/val_step14999.json,/home/ojab2/work/git/gsplat/results/colmap_outputs/ship_1_n40_s42_default_mpinhole_farthestpose_sharedcam_i40_gteval_poseopt_steps15000/stats/val_step14999.json,ship_1_n40_s42_default_mpinhole_farthestpose_sharedcam_i40_gteval_poseopt_steps15000,12.248,0.482789,17,0.632324,,,,/home/ojab2/work/git/vggt/colmap_outputs/ship_1_n40_s42_default_mpinhole_farthestpose_sharedcam/eval_results.json,ship_1_n40_s42_default_mpinhole_farthestpose_sharedcam,ship_1_n40_s42_default_mpinhole_farthestpose_sharedcam_i40_gteval_poseopt_steps15000_val_step14999.json,999,colmap | ,40.0
colmap,40,42,,1993,,,,,0,10,farthestpose,40,GT Eval,,,,Pose Opt,,,,,0.0,,colmap,bicycle,,,15000,15000,default,MCMC,,,,,Shared Cam,,,,,,gsplat,outdoor,13.763751983642578,0.684519350528717,0.243632972240448,1000000,0.0031330257188528776,0.5034468173980713,,,-0.11875034207411594,0.5320831071878953,1993,/home/ojab2/work/git/gsplat/results/colmap_outputs/bicycle_4_n40_s42_default_farthestpose_sharedcam_i40_gteval_poseopt_steps15000/stats/val_step14999.json,/home/ojab2/work/git/gsplat/results/colmap_outputs/bicycle_4_n40_s42_default_farthestpose_sharedcam_i40_gteval_poseopt_steps15000/stats/val_step14999.json,bicycle_4_n40_s42_default_farthestpose_sharedcam_i40_gteval_poseopt_steps15000,0.2627,0.018073,18,0.79389,,,,/home/ojab2/work/git/vggt/colmap_outputs/bicycle_4_n40_s42_default_farthestpose_sharedcam/eval_results.json,bicycle_4_n40_s42_default_farthestpose_sharedcam,bicycle_4_n40_s42_default_farthestpose_sharedcam_i40_gteval_poseopt_steps15000_val_step14999.json,1993,colmap | ,40.0
colmap,40,42,,2721,,,,,0,10,farthestpose,40,GT Eval,,,,Pose Opt,,,,,0.0,,colmap,lego,pinhole,,15000,15000,default,MCMC,,,,,Shared Cam,,,,,,gsplat,synthetic,10.943881034851074,0.5200427174568176,0.6450473070144653,1000000,0.9261929392814636,108.58917999267578,1.0158891677856445,0.6370576620101929,0.1653038364017529,0.3987625618951223,2721,/home/ojab2/work/git/gsplat/results/colmap_outputs/lego_1_n40_s42_default_mpinhole_farthestpose_sharedcam_i40_gteval_poseopt_steps15000/stats/val_step14999.json,/home/ojab2/work/git/gsplat/results/colmap_outputs/lego_1_n40_s42_default_mpinhole_farthestpose_sharedcam_i40_gteval_poseopt_steps15000/stats/val_step14999.json,lego_1_n40_s42_default_mpinhole_farthestpose_sharedcam_i40_gteval_poseopt_steps15000,173.622,3.771985,36,0.1834,,,,/home/ojab2/work/git/vggt/colmap_outputs/lego_1_n40_s42_default_mpinhole_farthestpose_sharedcam/eval_results.json,lego_1_n40_s42_default_mpinhole_farthestpose_sharedcam,lego_1_n40_s42_default_mpinhole_farthestpose_sharedcam_i40_gteval_poseopt_steps15000_val_step14999.json,2721,colmap | ,40.0
colmap,40,42,,9426,,,,,0,10,farthestpose,40,GT Eval,,,,Pose Opt,,,,,0.0,,colmap,counter,,,15000,15000,default,MCMC,,,,,Shared Cam,,,,,,gsplat,indoor,16.691198348999023,0.4448277950286865,0.5393339395523071,1000000,0.001013078959658742,0.09282775968313217,,,0.2563439202510048,0.3816582119826045,9426,/home/ojab2/work/git/gsplat/results/colmap_outputs/counter_2_n40_s42_default_farthestpose_sharedcam_i40_gteval_poseopt_steps15000/stats/val_step14999.json,/home/ojab2/work/git/gsplat/results/colmap_outputs/counter_2_n40_s42_default_farthestpose_sharedcam_i40_gteval_poseopt_steps15000/stats/val_step14999.json,counter_2_n40_s42_default_farthestpose_sharedcam_i40_gteval_poseopt_steps15000,0.1776,0.003977,21,0.676456,,,,/home/ojab2/work/git/vggt/colmap_outputs/counter_2_n40_s42_default_farthestpose_sharedcam/eval_results.json,counter_2_n40_s42_default_farthestpose_sharedcam,counter_2_n40_s42_default_farthestpose_sharedcam_i40_gteval_poseopt_steps15000_val_step14999.json,9426,colmap | ,40.0
colmap,40,42,,22059,,,,,0,10,farthestpose,40,GT Eval,,,,Pose Opt,,,,,0.0,,colmap,bonsai,,,15000,15000,default,MCMC,,,,,Shared Cam,,,,,,gsplat,indoor,16.20013999938965,0.4658905267715454,0.5211585760116577,1000000,0.026201430708169937,0.9805366396903992,,,0.2236196932814352,0.3939539234485972,22059,/home/ojab2/work/git/gsplat/results/colmap_outputs/bonsai_2_n40_s42_default_farthestpose_sharedcam_i40_gteval_poseopt_steps15000/stats/val_step14999.json,/home/ojab2/work/git/gsplat/results/colmap_outputs/bonsai_2_n40_s42_default_farthestpose_sharedcam_i40_gteval_poseopt_steps15000/stats/val_step14999.json,bonsai_2_n40_s42_default_farthestpose_sharedcam_i40_gteval_poseopt_steps15000,1.264,0.122388,34,1.16002,,,,/home/ojab2/work/git/vggt/colmap_outputs/bonsai_2_n40_s42_default_farthestpose_sharedcam/eval_results.json,bonsai_2_n40_s42_default_farthestpose_sharedcam,bonsai_2_n40_s42_default_farthestpose_sharedcam_i40_gteval_poseopt_steps15000_val_step14999.json,22059,colmap | ,40.0
colmap,40,42,,22609,,,,,0,10,farthestpose,40,GT Eval,,,,Pose Opt,,,,,0.0,,colmap,garden,,,15000,15000,default,MCMC,,,,,Shared Cam,,,,,,gsplat,outdoor,21.58345603942871,0.3222866654396057,0.4910855293273926,1000000,0.0007186616421677172,0.05164923146367073,,,0.3943685128984705,0.3475379317944437,22609,/home/ojab2/work/git/gsplat/results/colmap_outputs/garden_2_n40_s42_default_farthestpose_sharedcam_i40_gteval_poseopt_steps15000/stats/val_step14999.json,/home/ojab2/work/git/gsplat/results/colmap_outputs/garden_2_n40_s42_default_farthestpose_sharedcam_i40_gteval_poseopt_steps15000/stats/val_step14999.json,garden_2_n40_s42_default_farthestpose_sharedcam_i40_gteval_poseopt_steps15000,0.0553,0.003176,40,1.088567,,,,/home/ojab2/work/git/vggt/colmap_outputs/garden_2_n40_s42_default_farthestpose_sharedcam/eval_results.json,garden_2_n40_s42_default_farthestpose_sharedcam,garden_2_n40_s42_default_farthestpose_sharedcam_i40_gteval_poseopt_steps15000_val_step14999.json,22609,colmap | ,40.0
colmap,40,42,,25253,,,,,0,10,farthestpose,40,GT Eval,,,,Pose Opt,,,,,0.0,,colmap,kitchen,,,15000,15000,default,MCMC,,,,,Shared Cam,,,,,,gsplat,indoor,21.044775009155273,0.1829119175672531,0.5391585230827332,1000000,0.0013362925965338945,0.09292979538440704,,,0.49853959509193935,0.28987559554800596,25253,/home/ojab2/work/git/gsplat/results/colmap_outputs/kitchen_2_n40_s42_default_farthestpose_sharedcam_i40_gteval_poseopt_steps15000/stats/val_step14999.json,/home/ojab2/work/git/gsplat/results/colmap_outputs/kitchen_2_n40_s42_default_farthestpose_sharedcam_i40_gteval_poseopt_steps15000/stats/val_step14999.json,kitchen_2_n40_s42_default_farthestpose_sharedcam_i40_gteval_poseopt_steps15000,0.1295,0.007284,40,1.110472,,,,/home/ojab2/work/git/vggt/colmap_outputs/kitchen_2_n40_s42_default_farthestpose_sharedcam/eval_results.json,kitchen_2_n40_s42_default_farthestpose_sharedcam,kitchen_2_n40_s42_default_farthestpose_sharedcam_i40_gteval_poseopt_steps15000_val_step14999.json,25253,colmap | ,40.0
vggt,5,42,0.0,100000,random,,,,0,10,farthestpose,5,GT Eval,,,,Pose Opt,,,,,0.0,,vggt,bonsai,,,15000,15000,,MCMC,,,,,,,,,,,gsplat,indoor,12.754597663879395,0.6457676291465759,0.3655993640422821,1000000,0.009334980510175228,1.3693654537200928,,,-0.04219219404199507,0.4984308701516265,100000,/home/ojab2/work/git/gsplat/results/vggt_outputs/bonsai_2_n5_s42_c0.0_p100000_random_farthestpose_i5_gteval_poseopt_steps15000/stats/val_step14999.json,/home/ojab2/work/git/gsplat/results/vggt_outputs/bonsai_2_n5_s42_c0.0_p100000_random_farthestpose_i5_gteval_poseopt_steps15000/stats/val_step14999.json,bonsai_2_n5_s42_c0.0_p100000_random_farthestpose_i5_gteval_poseopt_steps15000,1.3505,0.046422,5,7.87632,,,,/home/ojab2/work/git/vggt/vggt_outputs/bonsai_2_n5_s42_c0.0_p100000_random_farthestpose/eval_results.json,bonsai_2_n5_s42_c0.0_p100000_random_farthestpose,bonsai_2_n5_s42_c0.0_p100000_random_farthestpose_i5_gteval_poseopt_steps15000_val_step14999.json,100000,vggt | ,5.0
vggt,5,42,0.0,100000,random,,,,0,10,farthestpose,5,GT Eval,,,,Pose Opt,,,,,0.0,,vggt,kitchen,,,15000,15000,,MCMC,,,,,,,,,,,gsplat,indoor,14.838435173034668,0.46566805243492126,0.31779977679252625,1000000,0.005814606323838234,0.4940909445285797,,,0.07961699267809388,0.44148117820998173,100000,/home/ojab2/work/git/gsplat/results/vggt_outputs/kitchen_2_n5_s42_c0.0_p100000_random_farthestpose_i5_gteval_poseopt_steps15000/stats/val_step14999.json,/home/ojab2/work/git/gsplat/results/vggt_outputs/kitchen_2_n5_s42_c0.0_p100000_random_farthestpose_i5_gteval_poseopt_steps15000/stats/val_step14999.json,kitchen_2_n5_s42_c0.0_p100000_random_farthestpose_i5_gteval_poseopt_steps15000,0.5008,0.022409,5,5.131426,,,,/home/ojab2/work/git/vggt/vggt_outputs/kitchen_2_n5_s42_c0.0_p100000_random_farthestpose/eval_results.json,kitchen_2_n5_s42_c0.0_p100000_random_farthestpose,kitchen_2_n5_s42_c0.0_p100000_random_farthestpose_i5_gteval_poseopt_steps15000_val_step14999.json,100000,vggt | ,5.0
vggt,5,42,0.0,100000,random,,,,0,10,farthestpose,5,GT Eval,,,,Pose Opt,,,,,0.0,,vggt,counter,,,15000,15000,,MCMC,,,,,,,,,,,gsplat,indoor,12.961959838867188,0.6020767092704773,0.3535612225532532,1000000,0.010699523612856865,1.2328124046325684,,,-0.01842229896121546,0.48555017308213133,100000,/home/ojab2/work/git/gsplat/results/vggt_outputs/counter_2_n5_s42_c0.0_p100000_random_farthestpose_i5_gteval_poseopt_steps15000/stats/val_step14999.json,/home/ojab2/work/git/gsplat/results/vggt_outputs/counter_2_n5_s42_c0.0_p100000_random_farthestpose_i5_gteval_poseopt_steps15000/stats/val_step14999.json,counter_2_n5_s42_c0.0_p100000_random_farthestpose_i5_gteval_poseopt_steps15000,1.1943,0.049675,5,4.457592,,,,/home/ojab2/work/git/vggt/vggt_outputs/counter_2_n5_s42_c0.0_p100000_random_farthestpose/eval_results.json,counter_2_n5_s42_c0.0_p100000_random_farthestpose,counter_2_n5_s42_c0.0_p100000_random_farthestpose_i5_gteval_poseopt_steps15000_val_step14999.json,100000,vggt | ,5.0
vggt,5,42,0.0,100000,random,,,,0,10,farthestpose,5,GT Eval,,,,Pose Opt,,,,,0.0,,vggt,bicycle,,,15000,15000,,MCMC,,,,,,,,,,,gsplat,outdoor,12.059736251831055,0.6492146253585815,0.11073096841573715,1000000,0.029889732599258423,3.6822166442871094,,,-0.2062336188039661,0.5514863514589439,100000,/home/ojab2/work/git/gsplat/results/vggt_outputs/bicycle_4_n5_s42_c0.0_p100000_random_farthestpose_i5_gteval_poseopt_steps15000/stats/val_step14999.json,/home/ojab2/work/git/gsplat/results/vggt_outputs/bicycle_4_n5_s42_c0.0_p100000_random_farthestpose_i5_gteval_poseopt_steps15000/stats/val_step14999.json,bicycle_4_n5_s42_c0.0_p100000_random_farthestpose_i5_gteval_poseopt_steps15000,3.5379,0.168365,5,6.006836,,,,/home/ojab2/work/git/vggt/vggt_outputs/bicycle_4_n5_s42_c0.0_p100000_random_farthestpose/eval_results.json,bicycle_4_n5_s42_c0.0_p100000_random_farthestpose,bicycle_4_n5_s42_c0.0_p100000_random_farthestpose_i5_gteval_poseopt_steps15000_val_step14999.json,100000,vggt | ,5.0
vggt,5,42,0.0,100000,random,,,,0,10,farthestpose,5,GT Eval,,,,Pose Opt,,,,,0.0,,vggt,garden,,,15000,15000,,MCMC,,,,,,,,,,,gsplat,outdoor,14.668658256530762,0.5052683353424072,0.21727868914604187,1000000,0.005414001643657684,0.8690670132637024,,,-0.006755905154465521,0.4747045177698488,100000,/home/ojab2/work/git/gsplat/results/vggt_outputs/garden_2_n5_s42_c0.0_p100000_random_farthestpose_i5_gteval_poseopt_steps15000/stats/val_step14999.json,/home/ojab2/work/git/gsplat/results/vggt_outputs/garden_2_n5_s42_c0.0_p100000_random_farthestpose_i5_gteval_poseopt_steps15000/stats/val_step14999.json,garden_2_n5_s42_c0.0_p100000_random_farthestpose_i5_gteval_poseopt_steps15000,0.92,0.033259,5,6.575757,,,,/home/ojab2/work/git/vggt/vggt_outputs/garden_2_n5_s42_c0.0_p100000_random_farthestpose/eval_results.json,garden_2_n5_s42_c0.0_p100000_random_farthestpose,garden_2_n5_s42_c0.0_p100000_random_farthestpose_i5_gteval_poseopt_steps15000_val_step14999.json,100000,vggt | ,5.0
vggt,5,42,0.0,100000,random,,,,0,10,farthestpose,5,GT Eval,,,,Pose Opt,,,,,0.0,,vggt,stump,,,15000,15000,,MCMC,,,,,,,,,,,gsplat,outdoor,14.81700325012207,0.6226592063903809,0.25292685627937317,1000000,0.14305298030376434,2.5357794761657715,,,-0.05562539492589136,0.506658953366626,100000,/home/ojab2/work/git/gsplat/results/vggt_outputs/stump_2_n5_s42_c0.0_p100000_random_farthestpose_i5_gteval_poseopt_steps15000/stats/val_step14999.json,/home/ojab2/work/git/gsplat/results/vggt_outputs/stump_2_n5_s42_c0.0_p100000_random_farthestpose_i5_gteval_poseopt_steps15000/stats/val_step14999.json,stump_2_n5_s42_c0.0_p100000_random_farthestpose_i5_gteval_poseopt_steps15000,2.5661,0.583039,5,6.314052,,,,/home/ojab2/work/git/vggt/vggt_outputs/stump_2_n5_s42_c0.0_p100000_random_farthestpose/eval_results.json,stump_2_n5_s42_c0.0_p100000_random_farthestpose,stump_2_n5_s42_c0.0_p100000_random_farthestpose_i5_gteval_poseopt_steps15000_val_step14999.json,100000,vggt | ,5.0
vggt,5,42,0.0,100000,random,,,,0,10,farthestpose,5,GT Eval,,,,Pose Opt,,,,,0.0,,vggt,lego,,,15000,15000,,MCMC,,,,,,,,,,,gsplat,synthetic,12.36406421661377,0.4252419173717499,0.5703000426292419,1000000,0.027719646692276,3.4220142364501953,0.28727805614471436,0.08676830679178238,0.20641068683342936,0.37959302252371435,100000,/home/ojab2/work/git/gsplat/results/vggt_outputs/lego_1_n5_s42_c0.0_p100000_random_farthestpose_i5_gteval_poseopt_steps15000/stats/val_step14999.json,/home/ojab2/work/git/gsplat/results/vggt_outputs/lego_1_n5_s42_c0.0_p100000_random_farthestpose_i5_gteval_poseopt_steps15000/stats/val_step14999.json,lego_1_n5_s42_c0.0_p100000_random_farthestpose_i5_gteval_poseopt_steps15000,3.4942,0.128822,5,4.022111,0.0781,0.0222,0.1114,/home/ojab2/work/git/vggt/vggt_outputs/lego_1_n5_s42_c0.0_p100000_random_farthestpose/eval_results.json,lego_1_n5_s42_c0.0_p100000_random_farthestpose,lego_1_n5_s42_c0.0_p100000_random_farthestpose_i5_gteval_poseopt_steps15000_val_step14999.json,100000,vggt | ,5.0
vggt,5,42,0.0,100000,random,,,,0,10,farthestpose,5,GT Eval,,,,Pose Opt,,,,,0.0,,vggt,ship,,,15000,15000,,MCMC,,,,,,,,,,,gsplat,synthetic,19.267581939697266,0.24876417219638824,0.6626951098442078,1000000,0.005226159002631903,0.48642629384994507,0.16218028962612152,0.04381655156612396,0.49722269041883704,0.28046024345059395,100000,/home/ojab2/work/git/gsplat/results/vggt_outputs/ship_1_n5_s42_c0.0_p100000_random_farthestpose_i5_gteval_poseopt_steps15000/stats/val_step14999.json,/home/ojab2/work/git/gsplat/results/vggt_outputs/ship_1_n5_s42_c0.0_p100000_random_farthestpose_i5_gteval_poseopt_steps15000/stats/val_step14999.json,ship_1_n5_s42_c0.0_p100000_random_farthestpose_i5_gteval_poseopt_steps15000,0.5094,0.026414,5,4.184387,0.0934,0.0263,0.2262,/home/ojab2/work/git/vggt/vggt_outputs/ship_1_n5_s42_c0.0_p100000_random_farthestpose/eval_results.json,ship_1_n5_s42_c0.0_p100000_random_farthestpose,ship_1_n5_s42_c0.0_p100000_random_farthestpose_i5_gteval_poseopt_steps15000_val_step14999.json,100000,vggt | ,5.0
vggt,5,42,0.0,100000,random,,,,0,10,farthestpose,5,GT Eval,,,,Pose Opt,,,,,0.0,,vggt,drums,,,15000,15000,,MCMC,,,,,,,,,,,gsplat,synthetic,12.328792572021484,0.44292721152305603,0.5813800692558289,1000000,0.017269600182771683,0.9594645500183105,0.26339244842529297,0.08408065885305405,0.20132020772316772,0.3828103092539193,100000,/home/ojab2/work/git/gsplat/results/vggt_outputs/drums_1_n5_s42_c0.0_p100000_random_farthestpose_i5_gteval_poseopt_steps15000/stats/val_step14999.json,/home/ojab2/work/git/gsplat/results/vggt_outputs/drums_1_n5_s42_c0.0_p100000_random_farthestpose_i5_gteval_poseopt_steps15000/stats/val_step14999.json,drums_1_n5_s42_c0.0_p100000_random_farthestpose_i5_gteval_poseopt_steps15000,0.9519,0.082748,5,3.925482,0.1071,0.0297,0.1585,/home/ojab2/work/git/vggt/vggt_outputs/drums_1_n5_s42_c0.0_p100000_random_farthestpose/eval_results.json,drums_1_n5_s42_c0.0_p100000_random_farthestpose,drums_1_n5_s42_c0.0_p100000_random_farthestpose_i5_gteval_poseopt_steps15000_val_step14999.json,100000,vggt | ,5.0
vggt,10,42,0.0,100000,random,,,,0,10,farthestpose,10,GT Eval,,,,Pose Opt,,,,,0.0,,vggt,bonsai,,,15000,15000,,MCMC,,,,,,,,,,,gsplat,indoor,14.487955093383789,0.56114661693573,0.4374145269393921,1000000,0.02442226931452751,1.2102712392807007,,,0.08413938162309778,0.44892782592211633,100000,/home/ojab2/work/git/gsplat/results/vggt_outputs/bonsai_2_n10_s42_c0.0_p100000_random_farthestpose_i10_gteval_poseopt_steps15000/stats/val_step14999.json,/home/ojab2/work/git/gsplat/results/vggt_outputs/bonsai_2_n10_s42_c0.0_p100000_random_farthestpose_i10_gteval_poseopt_steps15000/stats/val_step14999.json,bonsai_2_n10_s42_c0.0_p100000_random_farthestpose_i10_gteval_poseopt_steps15000,1.2121,0.105759,10,7.840031,,,,/home/ojab2/work/git/vggt/vggt_outputs/bonsai_2_n10_s42_c0.0_p100000_random_farthestpose/eval_results.json,bonsai_2_n10_s42_c0.0_p100000_random_farthestpose,bonsai_2_n10_s42_c0.0_p100000_random_farthestpose_i10_gteval_poseopt_steps15000_val_step14999.json,100000,vggt | ,10.0
vggt,10,42,0.0,100000,random,,,,0,10,farthestpose,10,GT Eval,,,,Pose Opt,,,,,0.0,,vggt,kitchen,,,15000,15000,,MCMC,,,,,,,,,,,gsplat,indoor,16.831378936767578,0.35423943400382996,0.37673231959342957,1000000,0.0065124803222715855,0.31609341502189636,,,0.21976993179228335,0.38815167394071826,100000,/home/ojab2/work/git/gsplat/results/vggt_outputs/kitchen_2_n10_s42_c0.0_p100000_random_farthestpose_i10_gteval_poseopt_steps15000/stats/val_step14999.json,/home/ojab2/work/git/gsplat/results/vggt_outputs/kitchen_2_n10_s42_c0.0_p100000_random_farthestpose_i10_gteval_poseopt_steps15000/stats/val_step14999.json,kitchen_2_n10_s42_c0.0_p100000_random_farthestpose_i10_gteval_poseopt_steps15000,0.313,0.033085,10,4.824765,,,,/home/ojab2/work/git/vggt/vggt_outputs/kitchen_2_n10_s42_c0.0_p100000_random_farthestpose/eval_results.json,kitchen_2_n10_s42_c0.0_p100000_random_farthestpose,kitchen_2_n10_s42_c0.0_p100000_random_farthestpose_i10_gteval_poseopt_steps15000_val_step14999.json,100000,vggt | ,10.0
vggt,10,42,0.0,100000,random,,,,0,10,farthestpose,10,GT Eval,,,,Pose Opt,,,,,0.0,,vggt,counter,,,15000,15000,,MCMC,,,,,,,,,,,gsplat,indoor,14.630772590637207,0.529693603515625,0.4285721480846405,1000000,0.011409209109842777,1.032991886138916,,,0.10102860868713007,0.4400169804697292,100000,/home/ojab2/work/git/gsplat/results/vggt_outputs/counter_2_n10_s42_c0.0_p100000_random_farthestpose_i10_gteval_poseopt_steps15000/stats/val_step14999.json,/home/ojab2/work/git/gsplat/results/vggt_outputs/counter_2_n10_s42_c0.0_p100000_random_farthestpose_i10_gteval_poseopt_steps15000/stats/val_step14999.json,counter_2_n10_s42_c0.0_p100000_random_farthestpose_i10_gteval_poseopt_steps15000,1.0595,0.054762,10,4.672631,,,,/home/ojab2/work/git/vggt/vggt_outputs/counter_2_n10_s42_c0.0_p100000_random_farthestpose/eval_results.json,counter_2_n10_s42_c0.0_p100000_random_farthestpose,counter_2_n10_s42_c0.0_p100000_random_farthestpose_i10_gteval_poseopt_steps15000_val_step14999.json,100000,vggt | ,10.0
vggt,10,42,0.0,100000,random,,,,0,10,farthestpose,10,GT Eval,,,,Pose Opt,,,,,0.0,,vggt,bicycle,,,15000,15000,,MCMC,,,,,,,,,,,gsplat,outdoor,13.894234657287598,0.5660611391067505,0.15039774775505066,1000000,0.03303282707929611,1.7695362567901611,,,-0.09773516662714143,0.5095306649321875,100000,/home/ojab2/work/git/gsplat/results/vggt_outputs/bicycle_4_n10_s42_c0.0_p100000_random_farthestpose_i10_gteval_poseopt_steps15000/stats/val_step14999.json,/home/ojab2/work/git/gsplat/results/vggt_outputs/bicycle_4_n10_s42_c0.0_p100000_random_farthestpose_i10_gteval_poseopt_steps15000/stats/val_step14999.json,bicycle_4_n10_s42_c0.0_p100000_random_farthestpose_i10_gteval_poseopt_steps15000,1.7481,0.149304,10,6.38044,,,,/home/ojab2/work/git/vggt/vggt_outputs/bicycle_4_n10_s42_c0.0_p100000_random_farthestpose/eval_results.json,bicycle_4_n10_s42_c0.0_p100000_random_farthestpose,bicycle_4_n10_s42_c0.0_p100000_random_farthestpose_i10_gteval_poseopt_steps15000_val_step14999.json,100000,vggt | ,10.0
vggt,10,42,0.0,100000,random,,,,0,10,farthestpose,10,GT Eval,,,,Pose Opt,,,,,0.0,,vggt,garden,,,15000,15000,,MCMC,,,,,,,,,,,gsplat,outdoor,15.86151123046875,0.44289296865463257,0.24762408435344696,1000000,0.009286259301006794,0.4746391773223877,,,0.07158312265403557,0.4454072638162994,100000,/home/ojab2/work/git/gsplat/results/vggt_outputs/garden_2_n10_s42_c0.0_p100000_random_farthestpose_i10_gteval_poseopt_steps15000/stats/val_step14999.json,/home/ojab2/work/git/gsplat/results/vggt_outputs/garden_2_n10_s42_c0.0_p100000_random_farthestpose_i10_gteval_poseopt_steps15000/stats/val_step14999.json,garden_2_n10_s42_c0.0_p100000_random_farthestpose_i10_gteval_poseopt_steps15000,0.7164,0.041493,10,6.042358,,,,/home/ojab2/work/git/vggt/vggt_outputs/garden_2_n10_s42_c0.0_p100000_random_farthestpose/eval_results.json,garden_2_n10_s42_c0.0_p100000_random_farthestpose,garden_2_n10_s42_c0.0_p100000_random_farthestpose_i10_gteval_poseopt_steps15000_val_step14999.json,100000,vggt | ,10.0
vggt,10,42,0.0,100000,random,,,,0,10,farthestpose,10,GT Eval,,,,Pose Opt,,,,,0.0,,vggt,stump,,,15000,15000,,MCMC,,,,,,,,,,,gsplat,outdoor,14.979829788208008,0.5985628366470337,0.2731395959854126,1000000,0.11537380516529083,2.3631744384765625,,,-0.025915470736765662,0.4942979692303875,100000,/home/ojab2/work/git/gsplat/results/vggt_outputs/stump_2_n10_s42_c0.0_p100000_random_farthestpose_i10_gteval_poseopt_steps15000/stats/val_step14999.json,/home/ojab2/work/git/gsplat/results/vggt_outputs/stump_2_n10_s42_c0.0_p100000_random_farthestpose_i10_gteval_poseopt_steps15000/stats/val_step14999.json,stump_2_n10_s42_c0.0_p100000_random_farthestpose_i10_gteval_poseopt_steps15000,2.3893,0.483844,10,7.015653,,,,/home/ojab2/work/git/vggt/vggt_outputs/stump_2_n10_s42_c0.0_p100000_random_farthestpose/eval_results.json,stump_2_n10_s42_c0.0_p100000_random_farthestpose,stump_2_n10_s42_c0.0_p100000_random_farthestpose_i10_gteval_poseopt_steps15000_val_step14999.json,100000,vggt | ,10.0
vggt,10,42,0.0,100000,random,,,,0,10,farthestpose,10,GT Eval,,,,Pose Opt,,,,,0.0,,vggt,lego,,,15000,15000,,MCMC,,,,,,,,,,,gsplat,synthetic,13.160910606384277,0.3646426200866699,0.5981189608573914,1000000,0.03498070314526558,2.4989686012268066,0.18922840058803558,0.053148090839385986,0.27484244832441046,0.34895975089048586,100000,/home/ojab2/work/git/gsplat/results/vggt_outputs/lego_1_n10_s42_c0.0_p100000_random_farthestpose_i10_gteval_poseopt_steps15000/stats/val_step14999.json,/home/ojab2/work/git/gsplat/results/vggt_outputs/lego_1_n10_s42_c0.0_p100000_random_farthestpose_i10_gteval_poseopt_steps15000/stats/val_step14999.json,lego_1_n10_s42_c0.0_p100000_random_farthestpose_i10_gteval_poseopt_steps15000,2.5484,0.158437,10,4.111717,0.0943,0.0269,0.1191,/home/ojab2/work/git/vggt/vggt_outputs/lego_1_n10_s42_c0.0_p100000_random_farthestpose/eval_results.json,lego_1_n10_s42_c0.0_p100000_random_farthestpose,lego_1_n10_s42_c0.0_p100000_random_farthestpose_i10_gteval_poseopt_steps15000_val_step14999.json,100000,vggt | ,10.0
vggt,10,42,0.0,100000,random,,,,0,10,farthestpose,10,GT Eval,,,,Pose Opt,,,,,0.0,,vggt,ship,,,15000,15000,,MCMC,,,,,,,,,,,gsplat,synthetic,20.7423038482666,0.17377804219722748,0.6939605474472046,1000000,0.003777428064495325,0.24968695640563965,0.12417115271091461,0.03369256854057312,0.5891039715989059,0.24513841459102229,100000,/home/ojab2/work/git/gsplat/results/vggt_outputs/ship_1_n10_s42_c0.0_p100000_random_farthestpose_i10_gteval_poseopt_steps15000/stats/val_step14999.json,/home/ojab2/work/git/gsplat/results/vggt_outputs/ship_1_n10_s42_c0.0_p100000_random_farthestpose_i10_gteval_poseopt_steps15000/stats/val_step14999.json,ship_1_n10_s42_c0.0_p100000_random_farthestpose_i10_gteval_poseopt_steps15000,0.3226,0.021268,10,4.196754,0.0995,0.0276,0.2459,/home/ojab2/work/git/vggt/vggt_outputs/ship_1_n10_s42_c0.0_p100000_random_farthestpose/eval_results.json,ship_1_n10_s42_c0.0_p100000_random_farthestpose,ship_1_n10_s42_c0.0_p100000_random_farthestpose_i10_gteval_poseopt_steps15000_val_step14999.json,100000,vggt | ,10.0
vggt,10,42,0.0,100000,random,,,,0,10,farthestpose,10,GT Eval,,,,Pose Opt,,,,,0.0,,vggt,drums,,,15000,15000,,MCMC,,,,,,,,,,,gsplat,synthetic,12.552970886230469,0.41816696524620056,0.6033636331558228,1000000,0.020867060869932175,1.1331332921981812,0.2664596736431122,0.06933683156967163,0.23361164594796507,0.36783670290435333,100000,/home/ojab2/work/git/gsplat/results/vggt_outputs/drums_1_n10_s42_c0.0_p100000_random_farthestpose_i10_gteval_poseopt_steps15000/stats/val_step14999.json,/home/ojab2/work/git/gsplat/results/vggt_outputs/drums_1_n10_s42_c0.0_p100000_random_farthestpose_i10_gteval_poseopt_steps15000/stats/val_step14999.json,drums_1_n10_s42_c0.0_p100000_random_farthestpose_i10_gteval_poseopt_steps15000,1.1533,0.077913,10,3.951663,,,,/home/ojab2/work/git/vggt/vggt_outputs/drums_1_n10_s42_c0.0_p100000_random_farthestpose/eval_results.json,drums_1_n10_s42_c0.0_p100000_random_farthestpose,drums_1_n10_s42_c0.0_p100000_random_farthestpose_i10_gteval_poseopt_steps15000_val_step14999.json,100000,vggt | ,10.0
vggt,20,42,0.0,100000,random,,,,0,10,farthestpose,20,GT Eval,,,,Pose Opt,,,,,0.0,,vggt,bonsai,,,15000,15000,,MCMC,,,,,,,,,,,gsplat,indoor,16.24112892150879,0.46481478214263916,0.501432478427887,1000000,0.02400674857199192,0.9037681818008423,,,0.21350705770798672,0.39822338226961573,100000,/home/ojab2/work/git/gsplat/results/vggt_outputs/bonsai_2_n20_s42_c0.0_p100000_random_farthestpose_i20_gteval_poseopt_steps15000/stats/val_step14999.json,/home/ojab2/work/git/gsplat/results/vggt_outputs/bonsai_2_n20_s42_c0.0_p100000_random_farthestpose_i20_gteval_poseopt_steps15000/stats/val_step14999.json,bonsai_2_n20_s42_c0.0_p100000_random_farthestpose_i20_gteval_poseopt_steps15000,0.8715,0.105606,20,7.855938,,,,/home/ojab2/work/git/vggt/vggt_outputs/bonsai_2_n20_s42_c0.0_p100000_random_farthestpose/eval_results.json,bonsai_2_n20_s42_c0.0_p100000_random_farthestpose,bonsai_2_n20_s42_c0.0_p100000_random_farthestpose_i20_gteval_poseopt_steps15000_val_step14999.json,100000,vggt | ,20.0
vggt,20,42,0.0,100000,random,,,,0,10,farthestpose,20,GT Eval,,,,Pose Opt,,,,,0.0,,vggt,kitchen,,,15000,15000,,MCMC,,,,,,,,,,,gsplat,indoor,17.5094051361084,0.2899823486804962,0.4110972285270691,1000000,0.006482676602900028,0.24654598534107208,,,0.29208727797724504,0.35837556042741314,100000,/home/ojab2/work/git/gsplat/results/vggt_outputs/kitchen_2_n20_s42_c0.0_p100000_random_farthestpose_i20_gteval_poseopt_steps15000/stats/val_step14999.json,/home/ojab2/work/git/gsplat/results/vggt_outputs/kitchen_2_n20_s42_c0.0_p100000_random_farthestpose_i20_gteval_poseopt_steps15000/stats/val_step14999.json,kitchen_2_n20_s42_c0.0_p100000_random_farthestpose_i20_gteval_poseopt_steps15000,0.3053,0.029336,20,4.779324,,,,/home/ojab2/work/git/vggt/vggt_outputs/kitchen_2_n20_s42_c0.0_p100000_random_farthestpose/eval_results.json,kitchen_2_n20_s42_c0.0_p100000_random_farthestpose,kitchen_2_n20_s42_c0.0_p100000_random_farthestpose_i20_gteval_poseopt_steps15000_val_step14999.json,100000,vggt | ,20.0
vggt,20,42,0.0,100000,random,,,,0,10,farthestpose,20,GT Eval,,,,Pose Opt,,,,,0.0,,vggt,counter,,,15000,15000,,MCMC,,,,,,,,,,,gsplat,indoor,16.50326156616211,0.4099852442741394,0.4949265122413635,1000000,0.0066604032181203365,0.4224449694156647,,,0.24840210109968477,0.38101362440123054,100000,/home/ojab2/work/git/gsplat/results/vggt_outputs/counter_2_n20_s42_c0.0_p100000_random_farthestpose_i20_gteval_poseopt_steps15000/stats/val_step14999.json,/home/ojab2/work/git/gsplat/results/vggt_outputs/counter_2_n20_s42_c0.0_p100000_random_farthestpose_i20_gteval_poseopt_steps15000/stats/val_step14999.json,counter_2_n20_s42_c0.0_p100000_random_farthestpose_i20_gteval_poseopt_steps15000,0.4873,0.036401,20,4.739446,,,,/home/ojab2/work/git/vggt/vggt_outputs/counter_2_n20_s42_c0.0_p100000_random_farthestpose/eval_results.json,counter_2_n20_s42_c0.0_p100000_random_farthestpose,counter_2_n20_s42_c0.0_p100000_random_farthestpose_i20_gteval_poseopt_steps15000_val_step14999.json,100000,vggt | ,20.0
vggt,20,42,0.0,100000,random,,,,0,10,farthestpose,20,GT Eval,,,,Pose Opt,,,,,0.0,,vggt,bicycle,,,15000,15000,,MCMC,,,,,,,,,,,gsplat,outdoor,15.618000984191895,0.4717748165130615,0.19081109762191772,1000000,0.02674267813563347,1.1133158206939697,,,0.016021403652882737,0.46625081922939604,100000,/home/ojab2/work/git/gsplat/results/vggt_outputs/bicycle_4_n20_s42_c0.0_p100000_random_farthestpose_i20_gteval_poseopt_steps15000/stats/val_step14999.json,/home/ojab2/work/git/gsplat/results/vggt_outputs/bicycle_4_n20_s42_c0.0_p100000_random_farthestpose_i20_gteval_poseopt_steps15000/stats/val_step14999.json,bicycle_4_n20_s42_c0.0_p100000_random_farthestpose_i20_gteval_poseopt_steps15000,1.1489,0.123985,20,6.103919,,,,/home/ojab2/work/git/vggt/vggt_outputs/bicycle_4_n20_s42_c0.0_p100000_random_farthestpose/eval_results.json,bicycle_4_n20_s42_c0.0_p100000_random_farthestpose,bicycle_4_n20_s42_c0.0_p100000_random_farthestpose_i20_gteval_poseopt_steps15000_val_step14999.json,100000,vggt | ,20.0
vggt,20,42,0.0,100000,random,,,,0,10,farthestpose,20,GT Eval,,,,Pose Opt,,,,,0.0,,vggt,garden,,,15000,15000,,MCMC,,,,,,,,,,,gsplat,outdoor,18.334653854370117,0.33225375413894653,0.3257960081100464,1000000,0.003356344997882843,0.14591506123542786,,,0.23139244685938326,0.3893421809100466,100000,/home/ojab2/work/git/gsplat/results/vggt_outputs/garden_2_n20_s42_c0.0_p100000_random_farthestpose_i20_gteval_poseopt_steps15000/stats/val_step14999.json,/home/ojab2/work/git/gsplat/results/vggt_outputs/garden_2_n20_s42_c0.0_p100000_random_farthestpose_i20_gteval_poseopt_steps15000/stats/val_step14999.json,garden_2_n20_s42_c0.0_p100000_random_farthestpose_i20_gteval_poseopt_steps15000,0.304,0.021383,20,6.348589,,,,/home/ojab2/work/git/vggt/vggt_outputs/garden_2_n20_s42_c0.0_p100000_random_farthestpose/eval_results.json,garden_2_n20_s42_c0.0_p100000_random_farthestpose,garden_2_n20_s42_c0.0_p100000_random_farthestpose_i20_gteval_poseopt_steps15000_val_step14999.json,100000,vggt | ,20.0
vggt,20,42,0.0,100000,random,,,,0,10,farthestpose,20,GT Eval,,,,Pose Opt,,,,,0.0,,vggt,stump,,,15000,15000,,MCMC,,,,,,,,,,,gsplat,outdoor,15.881011962890625,0.5566140413284302,0.29004812240600586,1000000,0.06916745752096176,3.0859811305999756,,,0.026555433298102317,0.4750056827904823,100000,/home/ojab2/work/git/gsplat/results/vggt_outputs/stump_2_n20_s42_c0.0_p100000_random_farthestpose_i20_gteval_poseopt_steps15000/stats/val_step14999.json,/home/ojab2/work/git/gsplat/results/vggt_outputs/stump_2_n20_s42_c0.0_p100000_random_farthestpose_i20_gteval_poseopt_steps15000/stats/val_step14999.json,stump_2_n20_s42_c0.0_p100000_random_farthestpose_i20_gteval_poseopt_steps15000,1.5109,0.298849,20,6.02322,,,,/home/ojab2/work/git/vggt/vggt_outputs/stump_2_n20_s42_c0.0_p100000_random_farthestpose/eval_results.json,stump_2_n20_s42_c0.0_p100000_random_farthestpose,stump_2_n20_s42_c0.0_p100000_random_farthestpose_i20_gteval_poseopt_steps15000_val_step14999.json,100000,vggt | ,20.0
vggt,20,42,0.0,100000,random,,,,0,10,farthestpose,20,GT Eval,,,,Pose Opt,,,,,0.0,,vggt,lego,,,15000,15000,,MCMC,,,,,,,,,,,gsplat,synthetic,13.527885437011719,0.3289046585559845,0.6177788972854614,1000000,0.0314418189227581,2.17228627204895,0.15538057684898376,0.04138690233230591,0.3151957874487095,0.3305091516587718,100000,/home/ojab2/work/git/gsplat/results/vggt_outputs/lego_1_n20_s42_c0.0_p100000_random_farthestpose_i20_gteval_poseopt_steps15000/stats/val_step14999.json,/home/ojab2/work/git/gsplat/results/vggt_outputs/lego_1_n20_s42_c0.0_p100000_random_farthestpose_i20_gteval_poseopt_steps15000/stats/val_step14999.json,lego_1_n20_s42_c0.0_p100000_random_farthestpose_i20_gteval_poseopt_steps15000,2.282,0.136623,20,4.112991,0.0677,0.0193,0.1011,/home/ojab2/work/git/vggt/vggt_outputs/lego_1_n20_s42_c0.0_p100000_random_farthestpose/eval_results.json,lego_1_n20_s42_c0.0_p100000_random_farthestpose,lego_1_n20_s42_c0.0_p100000_random_farthestpose_i20_gteval_poseopt_steps15000_val_step14999.json,100000,vggt | ,20.0
vggt,20,42,0.0,100000,random,,,,0,10,farthestpose,20,GT Eval,,,,Pose Opt,,,,,0.0,,vggt,ship,,,15000,15000,,MCMC,,,,,,,,,,,gsplat,synthetic,22.29784393310547,0.1319945603609085,0.7309792637825012,1000000,0.0047117359936237335,0.27472779154777527,0.10314862430095673,0.025460978969931602,0.6653509143306653,0.21885267008982215,100000,/home/ojab2/work/git/gsplat/results/vggt_outputs/ship_1_n20_s42_c0.0_p100000_random_farthestpose_i20_gteval_poseopt_steps15000/stats/val_step14999.json,/home/ojab2/work/git/gsplat/results/vggt_outputs/ship_1_n20_s42_c0.0_p100000_random_farthestpose_i20_gteval_poseopt_steps15000/stats/val_step14999.json,ship_1_n20_s42_c0.0_p100000_random_farthestpose_i20_gteval_poseopt_steps15000,0.3689,0.022972,20,4.180749,0.0975,0.0269,0.2478,/home/ojab2/work/git/vggt/vggt_outputs/ship_1_n20_s42_c0.0_p100000_random_farthestpose/eval_results.json,ship_1_n20_s42_c0.0_p100000_random_farthestpose,ship_1_n20_s42_c0.0_p100000_random_farthestpose_i20_gteval_poseopt_steps15000_val_step14999.json,100000,vggt | ,20.0
vggt,20,42,0.0,100000,random,,,,0,10,farthestpose,20,GT Eval,,,,Pose Opt,,,,,0.0,,vggt,drums,,,15000,15000,,MCMC,,,,,,,,,,,gsplat,synthetic,13.024746894836426,0.35147058963775635,0.6518818736076355,1000000,0.013671020977199078,0.8252199292182922,0.22249725461006165,0.06533606350421906,0.3118920809576618,0.3304399668677377,100000,/home/ojab2/work/git/gsplat/results/vggt_outputs/drums_1_n20_s42_c0.0_p100000_random_farthestpose_i20_gteval_poseopt_steps15000/stats/val_step14999.json,/home/ojab2/work/git/gsplat/results/vggt_outputs/drums_1_n20_s42_c0.0_p100000_random_farthestpose_i20_gteval_poseopt_steps15000/stats/val_step14999.json,drums_1_n20_s42_c0.0_p100000_random_farthestpose_i20_gteval_poseopt_steps15000,0.8537,0.052643,20,3.984908,,,,/home/ojab2/work/git/vggt/vggt_outputs/drums_1_n20_s42_c0.0_p100000_random_farthestpose/eval_results.json,drums_1_n20_s42_c0.0_p100000_random_farthestpose,drums_1_n20_s42_c0.0_p100000_random_farthestpose_i20_gteval_poseopt_steps15000_val_step14999.json,100000,vggt | ,20.0
colmap,30,42,,,,,,,0,10,farthestpose,,,,,,,,,,,0.0,,vggt,stump,,,,,default,MCMC,,,,,Shared Cam,,,,,,sfm,outdoor,,,,,,,,,,,,/home/ojab2/work/git/vggt/colmap_outputs/stump_2_n30_s42_default_farthestpose_sharedcam/eval_results.json,,stump_2_n30_s42_default_farthestpose_sharedcam,9.5272,0.202476,2,0.259046,,,,/home/ojab2/work/git/vggt/colmap_outputs/stump_2_n30_s42_default_farthestpose_sharedcam/eval_results.json,stump_2_n30_s42_default_farthestpose_sharedcam,,,colmap | ,30.0
vggt,30,42,0.0,100000,random,,,,0,10,farthestpose,30,GT Eval,,,,Pose Opt,,,,,0.0,,vggt,bonsai,,,15000,15000,,MCMC,,,,,,,,,,,gsplat,indoor,16.324657440185547,0.4496622383594513,0.5129817128181458,1000000,0.023799002170562744,0.9206830263137817,,,0.2311612424562317,0.39027958775051524,100000,/home/ojab2/work/git/gsplat/results/vggt_outputs/bonsai_2_n30_s42_c0.0_p100000_random_farthestpose_i30_gteval_poseopt_steps15000/stats/val_step14999.json,/home/ojab2/work/git/gsplat/results/vggt_outputs/bonsai_2_n30_s42_c0.0_p100000_random_farthestpose_i30_gteval_poseopt_steps15000/stats/val_step14999.json,bonsai_2_n30_s42_c0.0_p100000_random_farthestpose_i30_gteval_poseopt_steps15000,1.0012,0.109652,30,7.831735,,,,/home/ojab2/work/git/vggt/vggt_outputs/bonsai_2_n30_s42_c0.0_p100000_random_farthestpose/eval_results.json,bonsai_2_n30_s42_c0.0_p100000_random_farthestpose,bonsai_2_n30_s42_c0.0_p100000_random_farthestpose_i30_gteval_poseopt_steps15000_val_step14999.json,100000,vggt | ,30.0
vggt,30,42,0.0,100000,random,,,,0,10,farthestpose,30,GT Eval,,,,Pose Opt,,,,,0.0,,vggt,kitchen,,,15000,15000,,MCMC,,,,,,,,,,,gsplat,indoor,19.270221710205078,0.22625146806240082,0.49594083428382874,1000000,0.004843368194997311,0.16266058385372162,,,0.4136511857940285,0.31601750752141605,100000,/home/ojab2/work/git/gsplat/results/vggt_outputs/kitchen_2_n30_s42_c0.0_p100000_random_farthestpose_i30_gteval_poseopt_steps15000/stats/val_step14999.json,/home/ojab2/work/git/gsplat/results/vggt_outputs/kitchen_2_n30_s42_c0.0_p100000_random_farthestpose_i30_gteval_poseopt_steps15000/stats/val_step14999.json,kitchen_2_n30_s42_c0.0_p100000_random_farthestpose_i30_gteval_poseopt_steps15000,0.2666,0.028095,30,4.29831,,,,/home/ojab2/work/git/vggt/vggt_outputs/kitchen_2_n30_s42_c0.0_p100000_random_farthestpose/eval_results.json,kitchen_2_n30_s42_c0.0_p100000_random_farthestpose,kitchen_2_n30_s42_c0.0_p100000_random_farthestpose_i30_gteval_poseopt_steps15000_val_step14999.json,100000,vggt | ,30.0
vggt,30,42,0.0,100000,random,,,,0,10,farthestpose,30,GT Eval,,,,Pose Opt,,,,,0.0,,vggt,counter,,,15000,15000,,MCMC,,,,,,,,,,,gsplat,indoor,17.623441696166992,0.35817795991897583,0.5414295196533203,1000000,0.007026628591120243,0.3405108153820038,,,0.32832072391534795,0.3508802476364138,100000,/home/ojab2/work/git/gsplat/results/vggt_outputs/counter_2_n30_s42_c0.0_p100000_random_farthestpose_i30_gteval_poseopt_steps15000/stats/val_step14999.json,/home/ojab2/work/git/gsplat/results/vggt_outputs/counter_2_n30_s42_c0.0_p100000_random_farthestpose_i30_gteval_poseopt_steps15000/stats/val_step14999.json,counter_2_n30_s42_c0.0_p100000_random_farthestpose_i30_gteval_poseopt_steps15000,0.3534,0.03552,30,4.867009,,,,/home/ojab2/work/git/vggt/vggt_outputs/counter_2_n30_s42_c0.0_p100000_random_farthestpose/eval_results.json,counter_2_n30_s42_c0.0_p100000_random_farthestpose,counter_2_n30_s42_c0.0_p100000_random_farthestpose_i30_gteval_poseopt_steps15000_val_step14999.json,100000,vggt | ,30.0
vggt,30,42,0.0,100000,random,,,,0,10,farthestpose,30,GT Eval,,,,Pose Opt,,,,,0.0,,vggt,bicycle,,,15000,15000,,MCMC,,,,,,,,,,,gsplat,outdoor,16.09134292602539,0.4458269476890564,0.20969036221504211,1000000,0.019486337900161743,0.8984349966049194,,,0.05184470375611305,0.4531388754947626,100000,/home/ojab2/work/git/gsplat/results/vggt_outputs/bicycle_4_n30_s42_c0.0_p100000_random_farthestpose_i30_gteval_poseopt_steps15000/stats/val_step14999.json,/home/ojab2/work/git/gsplat/results/vggt_outputs/bicycle_4_n30_s42_c0.0_p100000_random_farthestpose_i30_gteval_poseopt_steps15000/stats/val_step14999.json,bicycle_4_n30_s42_c0.0_p100000_random_farthestpose_i30_gteval_poseopt_steps15000,0.9302,0.091567,30,5.970149,,,,/home/ojab2/work/git/vggt/vggt_outputs/bicycle_4_n30_s42_c0.0_p100000_random_farthestpose/eval_results.json,bicycle_4_n30_s42_c0.0_p100000_random_farthestpose,bicycle_4_n30_s42_c0.0_p100000_random_farthestpose_i30_gteval_poseopt_steps15000_val_step14999.json,100000,vggt | ,30.0
vggt,30,42,0.0,100000,random,,,,0,10,farthestpose,30,GT Eval,,,,Pose Opt,,,,,0.0,,vggt,garden,,,15000,15000,,MCMC,,,,,,,,,,,gsplat,outdoor,19.41567611694336,0.29161977767944336,0.38543829321861267,1000000,0.0029620386194437742,0.09548536688089371,,,0.31137260846924364,0.3623332690088955,100000,/home/ojab2/work/git/gsplat/results/vggt_outputs/garden_2_n30_s42_c0.0_p100000_random_farthestpose_i30_gteval_poseopt_steps15000/stats/val_step14999.json,/home/ojab2/work/git/gsplat/results/vggt_outputs/garden_2_n30_s42_c0.0_p100000_random_farthestpose_i30_gteval_poseopt_steps15000/stats/val_step14999.json,garden_2_n30_s42_c0.0_p100000_random_farthestpose_i30_gteval_poseopt_steps15000,0.2764,0.019966,30,6.409383,,,,/home/ojab2/work/git/vggt/vggt_outputs/garden_2_n30_s42_c0.0_p100000_random_farthestpose/eval_results.json,garden_2_n30_s42_c0.0_p100000_random_farthestpose,garden_2_n30_s42_c0.0_p100000_random_farthestpose_i30_gteval_poseopt_steps15000_val_step14999.json,100000,vggt | ,30.0
vggt,30,42,0.0,100000,random,,,,0,10,farthestpose,30,GT Eval,,,,Pose Opt,,,,,0.0,,vggt,stump,,,15000,15000,,MCMC,,,,,,,,,,,gsplat,outdoor,17.133214950561523,0.5170958042144775,0.3305170238018036,1000000,0.033216629177331924,1.1974972486495972,,,0.0978043752494302,0.4515550293651412,100000,/home/ojab2/work/git/gsplat/results/vggt_outputs/stump_2_n30_s42_c0.0_p100000_random_farthestpose_i30_gteval_poseopt_steps15000/stats/val_step14999.json,/home/ojab2/work/git/gsplat/results/vggt_outputs/stump_2_n30_s42_c0.0_p100000_random_farthestpose_i30_gteval_poseopt_steps15000/stats/val_step14999.json,stump_2_n30_s42_c0.0_p100000_random_farthestpose_i30_gteval_poseopt_steps15000,1.2376,0.149617,30,5.436723,,,,/home/ojab2/work/git/vggt/vggt_outputs/stump_2_n30_s42_c0.0_p100000_random_farthestpose/eval_results.json,stump_2_n30_s42_c0.0_p100000_random_farthestpose,stump_2_n30_s42_c0.0_p100000_random_farthestpose_i30_gteval_poseopt_steps15000_val_step14999.json,100000,vggt | ,30.0
vggt,30,42,0.0,100000,random,,,,0,10,farthestpose,30,GT Eval,,,,Pose Opt,,,,,0.0,,vggt,lego,,,15000,15000,,MCMC,,,,,,,,,,,gsplat,synthetic,13.8456449508667,0.3083689212799072,0.6319642663002014,1000000,0.02933218516409397,2.1169753074645996,0.14765754342079163,0.039542511105537415,0.34205214136060447,0.3187598353213299,100000,/home/ojab2/work/git/gsplat/results/vggt_outputs/lego_1_n30_s42_c0.0_p100000_random_farthestpose_i30_gteval_poseopt_steps15000/stats/val_step14999.json,/home/ojab2/work/git/gsplat/results/vggt_outputs/lego_1_n30_s42_c0.0_p100000_random_farthestpose_i30_gteval_poseopt_steps15000/stats/val_step14999.json,lego_1_n30_s42_c0.0_p100000_random_farthestpose_i30_gteval_poseopt_steps15000,2.2232,0.131161,30,4.097326,0.0649,0.0185,0.0998,/home/ojab2/work/git/vggt/vggt_outputs/lego_1_n30_s42_c0.0_p100000_random_farthestpose/eval_results.json,lego_1_n30_s42_c0.0_p100000_random_farthestpose,lego_1_n30_s42_c0.0_p100000_random_farthestpose_i30_gteval_poseopt_steps15000_val_step14999.json,100000,vggt | ,30.0
vggt,30,42,0.0,100000,random,,,,0,10,farthestpose,30,GT Eval,,,,Pose Opt,,,,,0.0,,vggt,ship,,,15000,15000,,MCMC,,,,,,,,,,,gsplat,synthetic,21.941848754882812,0.1384487748146057,0.7162020802497864,1000000,0.0038687291089445353,0.21569392085075378,0.0963425412774086,0.024165701121091843,0.646132700237227,0.22585675735860744,100000,/home/ojab2/work/git/gsplat/results/vggt_outputs/ship_1_n30_s42_c0.0_p100000_random_farthestpose_i30_gteval_poseopt_steps15000/stats/val_step14999.json,/home/ojab2/work/git/gsplat/results/vggt_outputs/ship_1_n30_s42_c0.0_p100000_random_farthestpose_i30_gteval_poseopt_steps15000/stats/val_step14999.json,ship_1_n30_s42_c0.0_p100000_random_farthestpose_i30_gteval_poseopt_steps15000,0.274,0.019493,30,4.168125,0.1011,0.0278,0.258,/home/ojab2/work/git/vggt/vggt_outputs/ship_1_n30_s42_c0.0_p100000_random_farthestpose/eval_results.json,ship_1_n30_s42_c0.0_p100000_random_farthestpose,ship_1_n30_s42_c0.0_p100000_random_farthestpose_i30_gteval_poseopt_steps15000_val_step14999.json,100000,vggt | ,30.0
vggt,30,42,0.0,100000,random,,,,0,10,farthestpose,30,GT Eval,,,,Pose Opt,,,,,0.0,,vggt,drums,,,15000,15000,,MCMC,,,,,,,,,,,gsplat,synthetic,13.856667518615723,0.28722187876701355,0.6922610998153687,1000000,0.01179701741784811,0.6450808048248291,0.2050703465938568,0.06134996563196182,0.3905712990810377,0.2943702014557016,100000,/home/ojab2/work/git/gsplat/results/vggt_outputs/drums_1_n30_s42_c0.0_p100000_random_farthestpose_i30_gteval_poseopt_steps15000/stats/val_step14999.json,/home/ojab2/work/git/gsplat/results/vggt_outputs/drums_1_n30_s42_c0.0_p100000_random_farthestpose_i30_gteval_poseopt_steps15000/stats/val_step14999.json,drums_1_n30_s42_c0.0_p100000_random_farthestpose_i30_gteval_poseopt_steps15000,0.6952,0.041396,30,4.001407,,,,/home/ojab2/work/git/vggt/vggt_outputs/drums_1_n30_s42_c0.0_p100000_random_farthestpose/eval_results.json,drums_1_n30_s42_c0.0_p100000_random_farthestpose,drums_1_n30_s42_c0.0_p100000_random_farthestpose_i30_gteval_poseopt_steps15000_val_step14999.json,100000,vggt | ,30.0
vggt,40,42,0.0,100000,random,,,,0,10,farthestpose,40,GT Eval,,,,Pose Opt,,,,,0.0,,vggt,bonsai,,,15000,15000,,MCMC,,,,,,,,,,,gsplat,indoor,16.5290584564209,0.4392838478088379,0.5240887999534607,1000000,0.02240687608718872,0.7884508371353149,,,0.24784823297447317,0.38379498073737217,100000,/home/ojab2/work/git/gsplat/results/vggt_outputs/bonsai_2_n40_s42_c0.0_p100000_random_farthestpose_i40_gteval_poseopt_steps15000/stats/val_step14999.json,/home/ojab2/work/git/gsplat/results/vggt_outputs/bonsai_2_n40_s42_c0.0_p100000_random_farthestpose_i40_gteval_poseopt_steps15000/stats/val_step14999.json,bonsai_2_n40_s42_c0.0_p100000_random_farthestpose_i40_gteval_poseopt_steps15000,0.891,0.103772,40,7.924747,,,,/home/ojab2/work/git/vggt/vggt_outputs/bonsai_2_n40_s42_c0.0_p100000_random_farthestpose/eval_results.json,bonsai_2_n40_s42_c0.0_p100000_random_farthestpose,bonsai_2_n40_s42_c0.0_p100000_random_farthestpose_i40_gteval_poseopt_steps15000_val_step14999.json,100000,vggt | ,40.0
vggt,40,42,0.0,100000,random,,,,0,10,farthestpose,40,GT Eval,,,,Pose Opt,,,,,0.0,,vggt,kitchen,,,15000,15000,,MCMC,,,,,,,,,,,gsplat,indoor,18.96849822998047,0.21142953634262085,0.44828301668167114,1000000,0.005756455007940531,0.1871022880077362,,,0.389342985732591,0.32229565861220244,100000,/home/ojab2/work/git/gsplat/results/vggt_outputs/kitchen_2_n40_s42_c0.0_p100000_random_farthestpose_i40_gteval_poseopt_steps15000/stats/val_step14999.json,/home/ojab2/work/git/gsplat/results/vggt_outputs/kitchen_2_n40_s42_c0.0_p100000_random_farthestpose_i40_gteval_poseopt_steps15000/stats/val_step14999.json,kitchen_2_n40_s42_c0.0_p100000_random_farthestpose_i40_gteval_poseopt_steps15000,0.3356,0.033074,40,4.262117,,,,/home/ojab2/work/git/vggt/vggt_outputs/kitchen_2_n40_s42_c0.0_p100000_random_farthestpose/eval_results.json,kitchen_2_n40_s42_c0.0_p100000_random_farthestpose,kitchen_2_n40_s42_c0.0_p100000_random_farthestpose_i40_gteval_poseopt_steps15000_val_step14999.json,100000,vggt | ,40.0
vggt,40,42,0.0,100000,random,,,,0,10,farthestpose,40,GT Eval,,,,Pose Opt,,,,,0.0,,vggt,counter,,,15000,15000,,MCMC,,,,,,,,,,,gsplat,indoor,18.961111068725586,0.3114233613014221,0.5920451283454895,1000000,0.007545196916908026,0.2980943024158478,,,0.41155301347190953,0.3209464341894417,100000,/home/ojab2/work/git/gsplat/results/vggt_outputs/counter_2_n40_s42_c0.0_p100000_random_farthestpose_i40_gteval_poseopt_steps15000/stats/val_step14999.json,/home/ojab2/work/git/gsplat/results/vggt_outputs/counter_2_n40_s42_c0.0_p100000_random_farthestpose_i40_gteval_poseopt_steps15000/stats/val_step14999.json,counter_2_n40_s42_c0.0_p100000_random_farthestpose_i40_gteval_poseopt_steps15000,0.3566,0.04067,40,4.850582,,,,/home/ojab2/work/git/vggt/vggt_outputs/counter_2_n40_s42_c0.0_p100000_random_farthestpose/eval_results.json,counter_2_n40_s42_c0.0_p100000_random_farthestpose,counter_2_n40_s42_c0.0_p100000_random_farthestpose_i40_gteval_poseopt_steps15000_val_step14999.json,100000,vggt | ,40.0
vggt,40,42,0.0,100000,random,,,,0,10,farthestpose,40,GT Eval,,,,Pose Opt,,,,,0.0,,vggt,bicycle,,,15000,15000,,MCMC,,,,,,,,,,,gsplat,outdoor,16.245380401611328,0.43395113945007324,0.21795745193958282,1000000,0.018973028287291527,0.9950696229934692,,,0.06686255082129813,0.44734060333193393,100000,/home/ojab2/work/git/gsplat/results/vggt_outputs/bicycle_4_n40_s42_c0.0_p100000_random_farthestpose_i40_gteval_poseopt_steps15000/stats/val_step14999.json,/home/ojab2/work/git/gsplat/results/vggt_outputs/bicycle_4_n40_s42_c0.0_p100000_random_farthestpose_i40_gteval_poseopt_steps15000/stats/val_step14999.json,bicycle_4_n40_s42_c0.0_p100000_random_farthestpose_i40_gteval_poseopt_steps15000,0.9969,0.089406,40,5.93023,,,,/home/ojab2/work/git/vggt/vggt_outputs/bicycle_4_n40_s42_c0.0_p100000_random_farthestpose/eval_results.json,bicycle_4_n40_s42_c0.0_p100000_random_farthestpose,bicycle_4_n40_s42_c0.0_p100000_random_farthestpose_i40_gteval_poseopt_steps15000_val_step14999.json,100000,vggt | ,40.0
vggt,40,42,0.0,100000,random,,,,0,10,farthestpose,40,GT Eval,,,,Pose Opt,,,,,0.0,,vggt,garden,,,15000,15000,,MCMC,,,,,,,,,,,gsplat,outdoor,19.92060089111328,0.29127728939056396,0.40400418639183044,1000000,0.0033329613506793976,0.08842624723911285,,,0.3317917272438858,0.35782314843509716,100000,/home/ojab2/work/git/gsplat/results/vggt_outputs/garden_2_n40_s42_c0.0_p100000_random_farthestpose_i40_gteval_poseopt_steps15000/stats/val_step14999.json,/home/ojab2/work/git/gsplat/results/vggt_outputs/garden_2_n40_s42_c0.0_p100000_random_farthestpose_i40_gteval_poseopt_steps15000/stats/val_step14999.json,garden_2_n40_s42_c0.0_p100000_random_farthestpose_i40_gteval_poseopt_steps15000,0.2895,0.024777,40,6.316159,,,,/home/ojab2/work/git/vggt/vggt_outputs/garden_2_n40_s42_c0.0_p100000_random_farthestpose/eval_results.json,garden_2_n40_s42_c0.0_p100000_random_farthestpose,garden_2_n40_s42_c0.0_p100000_random_farthestpose_i40_gteval_poseopt_steps15000_val_step14999.json,100000,vggt | ,40.0
vggt,40,42,0.0,100000,random,,,,0,10,farthestpose,40,GT Eval,,,,Pose Opt,,,,,0.0,,vggt,stump,,,15000,15000,,MCMC,,,,,,,,,,,gsplat,outdoor,17.802413940429688,0.4980175495147705,0.359388530254364,1000000,0.027240118011832237,0.794925332069397,,,0.13885757146987768,0.43832875800552673,100000,/home/ojab2/work/git/gsplat/results/vggt_outputs/stump_2_n40_s42_c0.0_p100000_random_farthestpose_i40_gteval_poseopt_steps15000/stats/val_step14999.json,/home/ojab2/work/git/gsplat/results/vggt_outputs/stump_2_n40_s42_c0.0_p100000_random_farthestpose_i40_gteval_poseopt_steps15000/stats/val_step14999.json,stump_2_n40_s42_c0.0_p100000_random_farthestpose_i40_gteval_poseopt_steps15000,0.8703,0.125919,40,4.983738,,,,/home/ojab2/work/git/vggt/vggt_outputs/stump_2_n40_s42_c0.0_p100000_random_farthestpose/eval_results.json,stump_2_n40_s42_c0.0_p100000_random_farthestpose,stump_2_n40_s42_c0.0_p100000_random_farthestpose_i40_gteval_poseopt_steps15000_val_step14999.json,100000,vggt | ,40.0
vggt,40,42,0.0,100000,random,,,,0,10,farthestpose,40,GT Eval,,,,Pose Opt,,,,,0.0,,vggt,lego,,,15000,15000,,MCMC,,,,,,,,,,,gsplat,synthetic,14.320556640625,0.26488545536994934,0.6630575656890869,1000000,0.0141433235257864,1.1891047954559326,0.1388605237007141,0.038355469703674316,0.3958716639223774,0.2941103203170917,100000,/home/ojab2/work/git/gsplat/results/vggt_outputs/lego_1_n40_s42_c0.0_p100000_random_farthestpose_i40_gteval_poseopt_steps15000/stats/val_step14999.json,/home/ojab2/work/git/gsplat/results/vggt_outputs/lego_1_n40_s42_c0.0_p100000_random_farthestpose_i40_gteval_poseopt_steps15000/stats/val_step14999.json,lego_1_n40_s42_c0.0_p100000_random_farthestpose_i40_gteval_poseopt_steps15000,1.3375,0.068919,40,4.021561,0.0541,0.0152,0.0944,/home/ojab2/work/git/vggt/vggt_outputs/lego_1_n40_s42_c0.0_p100000_random_farthestpose/eval_results.json,lego_1_n40_s42_c0.0_p100000_random_farthestpose,lego_1_n40_s42_c0.0_p100000_random_farthestpose_i40_gteval_poseopt_steps15000_val_step14999.json,100000,vggt | ,40.0
vggt,40,42,0.0,100000,random,,,,0,10,farthestpose,40,GT Eval,,,,Pose Opt,,,,,0.0,,vggt,ship,,,15000,15000,,MCMC,,,,,,,,,,,gsplat,synthetic,21.67275619506836,0.1381874829530716,0.7131345868110657,1000000,0.0033367816358804703,0.23290853202342987,0.10956966876983643,0.0287588220089674,0.6395169401455421,0.2268630133598234,100000,/home/ojab2/work/git/gsplat/results/vggt_outputs/ship_1_n40_s42_c0.0_p100000_random_farthestpose_i40_gteval_poseopt_steps15000/stats/val_step14999.json,/home/ojab2/work/git/gsplat/results/vggt_outputs/ship_1_n40_s42_c0.0_p100000_random_farthestpose_i40_gteval_poseopt_steps15000/stats/val_step14999.json,ship_1_n40_s42_c0.0_p100000_random_farthestpose_i40_gteval_poseopt_steps15000,0.2698,0.018068,40,4.169342,0.1029,0.0282,0.2617,/home/ojab2/work/git/vggt/vggt_outputs/ship_1_n40_s42_c0.0_p100000_random_farthestpose/eval_results.json,ship_1_n40_s42_c0.0_p100000_random_farthestpose,ship_1_n40_s42_c0.0_p100000_random_farthestpose_i40_gteval_poseopt_steps15000_val_step14999.json,100000,vggt | ,40.0
vggt,40,42,0.0,100000,random,,,,0,10,farthestpose,40,GT Eval,,,,Pose Opt,,,,,0.0,,vggt,drums,,,15000,15000,,MCMC,,,,,,,,,,,gsplat,synthetic,17.644712448120117,0.11200924217700958,0.7947654128074646,1000000,0.006328662391752005,0.24928505718708038,0.08195652067661285,0.024434417486190796,0.6288202704548294,0.19407916514678508,100000,/home/ojab2/work/git/gsplat/results/vggt_outputs/drums_1_n40_s42_c0.0_p100000_random_farthestpose_i40_gteval_poseopt_steps15000/stats/val_step14999.json,/home/ojab2/work/git/gsplat/results/vggt_outputs/drums_1_n40_s42_c0.0_p100000_random_farthestpose_i40_gteval_poseopt_steps15000/stats/val_step14999.json,drums_1_n40_s42_c0.0_p100000_random_farthestpose_i40_gteval_poseopt_steps15000,0.3733,0.019382,40,4.013289,,,,/home/ojab2/work/git/vggt/vggt_outputs/drums_1_n40_s42_c0.0_p100000_random_farthestpose/eval_results.json,drums_1_n40_s42_c0.0_p100000_random_farthestpose,drums_1_n40_s42_c0.0_p100000_random_farthestpose_i40_gteval_poseopt_steps15000_val_step14999.json,100000,vggt | ,40.0
vggt,5,42,0.0,100000,random,,,,0,10,farthestpose,5,GT Eval,,,,Pose Opt,,,closer,,1.0,,vggt,bonsai,,,15000,15000,,MCMC,,,,,,,,,,,gsplat,indoor,12.234193801879883,0.6429707407951355,0.3242850601673126,1000000,0.010333992540836334,1.3069260120391846,,,-0.07426323992931808,0.5082576538995626,100000,/home/ojab2/work/git/gsplat/results/vggt_outputs/bonsai_2_n5_s42_c0.0_p100000_random_farthestpose_i5_gteval_poseopt_depthcloser_dl1.0_confdisabled_steps15000/stats/val_step14999.json,/home/ojab2/work/git/gsplat/results/vggt_outputs/bonsai_2_n5_s42_c0.0_p100000_random_farthestpose_i5_gteval_poseopt_depthcloser_dl1.0_confdisabled_steps15000/stats/val_step14999.json,bonsai_2_n5_s42_c0.0_p100000_random_farthestpose_i5_gteval_poseopt_depthcloser_dl1.0_confdisabled_steps15000,1.3505,0.046422,5,7.87632,,,,/home/ojab2/work/git/vggt/vggt_outputs/bonsai_2_n5_s42_c0.0_p100000_random_farthestpose/eval_results.json,bonsai_2_n5_s42_c0.0_p100000_random_farthestpose,bonsai_2_n5_s42_c0.0_p100000_random_farthestpose_i5_gteval_poseopt_depthcloser_dl1.0_confdisabled_steps15000_val_step14999.json,100000,vggt | closer,5.0
vggt,5,42,0.0,100000,random,,,,0,10,farthestpose,5,GT Eval,,,,Pose Opt,,,closer,,1.0,,vggt,kitchen,,,15000,15000,,MCMC,,,,,,,,,,,gsplat,indoor,13.884986877441406,0.4958028495311737,0.29930564761161804,1000000,0.00664606224745512,0.36473968625068665,,,0.032543535934321834,0.4579189422882302,100000,/home/ojab2/work/git/gsplat/results/vggt_outputs/kitchen_2_n5_s42_c0.0_p100000_random_farthestpose_i5_gteval_poseopt_depthcloser_dl1.0_confdisabled_steps15000/stats/val_step14999.json,/home/ojab2/work/git/gsplat/results/vggt_outputs/kitchen_2_n5_s42_c0.0_p100000_random_farthestpose_i5_gteval_poseopt_depthcloser_dl1.0_confdisabled_steps15000/stats/val_step14999.json,kitchen_2_n5_s42_c0.0_p100000_random_farthestpose_i5_gteval_poseopt_depthcloser_dl1.0_confdisabled_steps15000,0.5008,0.022409,5,5.131426,,,,/home/ojab2/work/git/vggt/vggt_outputs/kitchen_2_n5_s42_c0.0_p100000_random_farthestpose/eval_results.json,kitchen_2_n5_s42_c0.0_p100000_random_farthestpose,kitchen_2_n5_s42_c0.0_p100000_random_farthestpose_i5_gteval_poseopt_depthcloser_dl1.0_confdisabled_steps15000_val_step14999.json,100000,vggt | closer,5.0
vggt,5,42,0.0,100000,random,,,,0,10,farthestpose,5,GT Eval,,,,Pose Opt,,,closer,,1.0,,vggt,counter,,,15000,15000,,MCMC,,,,,,,,,,,gsplat,indoor,12.44705867767334,0.6127027273178101,0.33192873001098633,1000000,0.01077957171946764,1.180511236190796,,,-0.0471673564836527,0.4956609428480788,100000,/home/ojab2/work/git/gsplat/results/vggt_outputs/counter_2_n5_s42_c0.0_p100000_random_farthestpose_i5_gteval_poseopt_depthcloser_dl1.0_confdisabled_steps15000/stats/val_step14999.json,/home/ojab2/work/git/gsplat/results/vggt_outputs/counter_2_n5_s42_c0.0_p100000_random_farthestpose_i5_gteval_poseopt_depthcloser_dl1.0_confdisabled_steps15000/stats/val_step14999.json,counter_2_n5_s42_c0.0_p100000_random_farthestpose_i5_gteval_poseopt_depthcloser_dl1.0_confdisabled_steps15000,1.1943,0.049675,5,4.457592,,,,/home/ojab2/work/git/vggt/vggt_outputs/counter_2_n5_s42_c0.0_p100000_random_farthestpose/eval_results.json,counter_2_n5_s42_c0.0_p100000_random_farthestpose,counter_2_n5_s42_c0.0_p100000_random_farthestpose_i5_gteval_poseopt_depthcloser_dl1.0_confdisabled_steps15000_val_step14999.json,100000,vggt | closer,5.0
vggt,5,42,0.0,100000,random,,,,0,10,farthestpose,5,GT Eval,,,,Pose Opt,,,closer,,1.0,,vggt,bicycle,,,15000,15000,,MCMC,,,,,,,,,,,gsplat,outdoor,12.089926719665527,0.6495100855827332,0.11364325881004333,1000000,0.027192285284399986,3.3723247051239014,,,-0.20415382512286542,0.5509259927237473,100000,/home/ojab2/work/git/gsplat/results/vggt_outputs/bicycle_4_n5_s42_c0.0_p100000_random_farthestpose_i5_gteval_poseopt_depthcloser_dl1.0_confdisabled_steps15000/stats/val_step14999.json,/home/ojab2/work/git/gsplat/results/vggt_outputs/bicycle_4_n5_s42_c0.0_p100000_random_farthestpose_i5_gteval_poseopt_depthcloser_dl1.0_confdisabled_steps15000/stats/val_step14999.json,bicycle_4_n5_s42_c0.0_p100000_random_farthestpose_i5_gteval_poseopt_depthcloser_dl1.0_confdisabled_steps15000,3.5379,0.168365,5,6.006836,,,,/home/ojab2/work/git/vggt/vggt_outputs/bicycle_4_n5_s42_c0.0_p100000_random_farthestpose/eval_results.json,bicycle_4_n5_s42_c0.0_p100000_random_farthestpose,bicycle_4_n5_s42_c0.0_p100000_random_farthestpose_i5_gteval_poseopt_depthcloser_dl1.0_confdisabled_steps15000_val_step14999.json,100000,vggt | closer,5.0
vggt,5,42,0.0,100000,random,,,,0,10,farthestpose,5,GT Eval,,,,Pose Opt,,,closer,,1.0,,vggt,garden,,,15000,15000,,MCMC,,,,,,,,,,,gsplat,outdoor,13.832738876342773,0.5380220413208008,0.21789370477199554,1000000,0.005735981278121471,0.8809787631034851,,,-0.04209457243937338,0.48792121523882415,100000,/home/ojab2/work/git/gsplat/results/vggt_outputs/garden_2_n5_s42_c0.0_p100000_random_farthestpose_i5_gteval_poseopt_depthcloser_dl1.0_confdisabled_steps15000/stats/val_step14999.json,/home/ojab2/work/git/gsplat/results/vggt_outputs/garden_2_n5_s42_c0.0_p100000_random_farthestpose_i5_gteval_poseopt_depthcloser_dl1.0_confdisabled_steps15000/stats/val_step14999.json,garden_2_n5_s42_c0.0_p100000_random_farthestpose_i5_gteval_poseopt_depthcloser_dl1.0_confdisabled_steps15000,0.92,0.033259,5,6.575757,,,,/home/ojab2/work/git/vggt/vggt_outputs/garden_2_n5_s42_c0.0_p100000_random_farthestpose/eval_results.json,garden_2_n5_s42_c0.0_p100000_random_farthestpose,garden_2_n5_s42_c0.0_p100000_random_farthestpose_i5_gteval_poseopt_depthcloser_dl1.0_confdisabled_steps15000_val_step14999.json,100000,vggt | closer,5.0
vggt,5,42,0.0,100000,random,,,,0,10,farthestpose,5,GT Eval,,,,Pose Opt,,,closer,,1.0,,vggt,stump,,,15000,15000,,MCMC,,,,,,,,,,,gsplat,outdoor,14.759392738342285,0.6241680383682251,0.24513356387615204,1000000,0.14312061667442322,2.533507823944092,,,-0.0621811149568043,0.5088075715758538,100000,/home/ojab2/work/git/gsplat/results/vggt_outputs/stump_2_n5_s42_c0.0_p100000_random_farthestpose_i5_gteval_poseopt_depthcloser_dl1.0_confdisabled_steps15000/stats/val_step14999.json,/home/ojab2/work/git/gsplat/results/vggt_outputs/stump_2_n5_s42_c0.0_p100000_random_farthestpose_i5_gteval_poseopt_depthcloser_dl1.0_confdisabled_steps15000/stats/val_step14999.json,stump_2_n5_s42_c0.0_p100000_random_farthestpose_i5_gteval_poseopt_depthcloser_dl1.0_confdisabled_steps15000,2.5661,0.583039,5,6.314052,,,,/home/ojab2/work/git/vggt/vggt_outputs/stump_2_n5_s42_c0.0_p100000_random_farthestpose/eval_results.json,stump_2_n5_s42_c0.0_p100000_random_farthestpose,stump_2_n5_s42_c0.0_p100000_random_farthestpose_i5_gteval_poseopt_depthcloser_dl1.0_confdisabled_steps15000_val_step14999.json,100000,vggt | closer,5.0
vggt,5,42,0.0,100000,random,,,,0,10,farthestpose,5,GT Eval,,,,Pose Opt,,,closer,,1.0,,vggt,lego,,,15000,15000,,MCMC,,,,,,,,,,,gsplat,synthetic,12.550320625305176,0.42487776279449463,0.571215808391571,1000000,0.027106940746307373,3.2868740558624268,0.2693898379802704,0.08303531259298325,0.21062020189658318,0.3784267452045094,100000,/home/ojab2/work/git/gsplat/results/vggt_outputs/lego_1_n5_s42_c0.0_p100000_random_farthestpose_i5_gteval_poseopt_depthcloser_dl1.0_confdisabled_steps15000/stats/val_step14999.json,/home/ojab2/work/git/gsplat/results/vggt_outputs/lego_1_n5_s42_c0.0_p100000_random_farthestpose_i5_gteval_poseopt_depthcloser_dl1.0_confdisabled_steps15000/stats/val_step14999.json,lego_1_n5_s42_c0.0_p100000_random_farthestpose_i5_gteval_poseopt_depthcloser_dl1.0_confdisabled_steps15000,3.4942,0.128822,5,4.022111,0.0781,0.0222,0.1114,/home/ojab2/work/git/vggt/vggt_outputs/lego_1_n5_s42_c0.0_p100000_random_farthestpose/eval_results.json,lego_1_n5_s42_c0.0_p100000_random_farthestpose,lego_1_n5_s42_c0.0_p100000_random_farthestpose_i5_gteval_poseopt_depthcloser_dl1.0_confdisabled_steps15000_val_step14999.json,100000,vggt | closer,5.0
vggt,5,42,0.0,100000,random,,,,0,10,farthestpose,5,GT Eval,,,,Pose Opt,,,closer,,1.0,,vggt,ship,,,15000,15000,,MCMC,,,,,,,,,,,gsplat,synthetic,19.73821449279785,0.24179188907146454,0.6741142272949219,1000000,0.005300787277519703,0.4454038739204407,0.13933101296424866,0.03964341804385185,0.5169198330034289,0.27442575615373327,100000,/home/ojab2/work/git/gsplat/results/vggt_outputs/ship_1_n5_s42_c0.0_p100000_random_farthestpose_i5_gteval_poseopt_depthcloser_dl1.0_confdisabled_steps15000/stats/val_step14999.json,/home/ojab2/work/git/gsplat/results/vggt_outputs/ship_1_n5_s42_c0.0_p100000_random_farthestpose_i5_gteval_poseopt_depthcloser_dl1.0_confdisabled_steps15000/stats/val_step14999.json,ship_1_n5_s42_c0.0_p100000_random_farthestpose_i5_gteval_poseopt_depthcloser_dl1.0_confdisabled_steps15000,0.5094,0.026414,5,4.184387,0.0934,0.0263,0.2262,/home/ojab2/work/git/vggt/vggt_outputs/ship_1_n5_s42_c0.0_p100000_random_farthestpose/eval_results.json,ship_1_n5_s42_c0.0_p100000_random_farthestpose,ship_1_n5_s42_c0.0_p100000_random_farthestpose_i5_gteval_poseopt_depthcloser_dl1.0_confdisabled_steps15000_val_step14999.json,100000,vggt | closer,5.0
vggt,5,42,0.0,100000,random,,,,0,10,farthestpose,5,GT Eval,,,,Pose Opt,,,closer,,1.0,,vggt,drums,,,15000,15000,,MCMC,,,,,,,,,,,gsplat,synthetic,12.432008743286133,0.43416014313697815,0.5797286033630371,1000000,0.01714375987648964,0.9955549240112305,0.3639586567878723,0.11679621785879135,0.20767761938288426,0.3798550011262609,100000,/home/ojab2/work/git/gsplat/results/vggt_outputs/drums_1_n5_s42_c0.0_p100000_random_farthestpose_i5_gteval_poseopt_depthcloser_dl1.0_confdisabled_steps15000/stats/val_step14999.json,/home/ojab2/work/git/gsplat/results/vggt_outputs/drums_1_n5_s42_c0.0_p100000_random_farthestpose_i5_gteval_poseopt_depthcloser_dl1.0_confdisabled_steps15000/stats/val_step14999.json,drums_1_n5_s42_c0.0_p100000_random_farthestpose_i5_gteval_poseopt_depthcloser_dl1.0_confdisabled_steps15000,0.9519,0.082748,5,3.925482,0.1071,0.0297,0.1585,/home/ojab2/work/git/vggt/vggt_outputs/drums_1_n5_s42_c0.0_p100000_random_farthestpose/eval_results.json,drums_1_n5_s42_c0.0_p100000_random_farthestpose,drums_1_n5_s42_c0.0_p100000_random_farthestpose_i5_gteval_poseopt_depthcloser_dl1.0_confdisabled_steps15000_val_step14999.json,100000,vggt | closer,5.0
vggt,10,42,0.0,100000,random,,,,0,10,farthestpose,10,GT Eval,,,,Pose Opt,,,closer,,1.0,,vggt,bonsai,,,15000,15000,,MCMC,,,,,,,,,,,gsplat,indoor,14.286487579345703,0.5477766990661621,0.4252573549747467,1000000,0.025963088497519493,1.23783278465271,,,0.08155208016619275,0.44772127672345186,100000,/home/ojab2/work/git/gsplat/results/vggt_outputs/bonsai_2_n10_s42_c0.0_p100000_random_farthestpose_i10_gteval_poseopt_depthcloser_dl1.0_confdisabled_steps15000/stats/val_step14999.json,/home/ojab2/work/git/gsplat/results/vggt_outputs/bonsai_2_n10_s42_c0.0_p100000_random_farthestpose_i10_gteval_poseopt_depthcloser_dl1.0_confdisabled_steps15000/stats/val_step14999.json,bonsai_2_n10_s42_c0.0_p100000_random_farthestpose_i10_gteval_poseopt_depthcloser_dl1.0_confdisabled_steps15000,1.2121,0.105759,10,7.840031,,,,/home/ojab2/work/git/vggt/vggt_outputs/bonsai_2_n10_s42_c0.0_p100000_random_farthestpose/eval_results.json,bonsai_2_n10_s42_c0.0_p100000_random_farthestpose,bonsai_2_n10_s42_c0.0_p100000_random_farthestpose_i10_gteval_poseopt_depthcloser_dl1.0_confdisabled_steps15000_val_step14999.json,100000,vggt | closer,10.0
vggt,10,42,0.0,100000,random,,,,0,10,farthestpose,10,GT Eval,,,,Pose Opt,,,closer,,1.0,,vggt,kitchen,,,15000,15000,,MCMC,,,,,,,,,,,gsplat,indoor,15.177952766418457,0.35761213302612305,0.36470159888267517,1000000,0.006795089691877365,0.347432404756546,,,0.18003350647337027,0.39500714461209097,100000,/home/ojab2/work/git/gsplat/results/vggt_outputs/kitchen_2_n10_s42_c0.0_p100000_random_farthestpose_i10_gteval_poseopt_depthcloser_dl1.0_confdisabled_steps15000/stats/val_step14999.json,/home/ojab2/work/git/gsplat/results/vggt_outputs/kitchen_2_n10_s42_c0.0_p100000_random_farthestpose_i10_gteval_poseopt_depthcloser_dl1.0_confdisabled_steps15000/stats/val_step14999.json,kitchen_2_n10_s42_c0.0_p100000_random_farthestpose_i10_gteval_poseopt_depthcloser_dl1.0_confdisabled_steps15000,0.313,0.033085,10,4.824765,,,,/home/ojab2/work/git/vggt/vggt_outputs/kitchen_2_n10_s42_c0.0_p100000_random_farthestpose/eval_results.json,kitchen_2_n10_s42_c0.0_p100000_random_farthestpose,kitchen_2_n10_s42_c0.0_p100000_random_farthestpose_i10_gteval_poseopt_depthcloser_dl1.0_confdisabled_steps15000_val_step14999.json,100000,vggt | closer,10.0
vggt,10,42,0.0,100000,random,,,,0,10,farthestpose,10,GT Eval,,,,Pose Opt,,,closer,,1.0,,vggt,counter,,,15000,15000,,MCMC,,,,,,,,,,,gsplat,indoor,14.172990798950195,0.5310961604118347,0.4047727882862091,1000000,0.01178058236837387,1.0618630647659302,,,0.07776763797038713,0.44695399225902055,100000,/home/ojab2/work/git/gsplat/results/vggt_outputs/counter_2_n10_s42_c0.0_p100000_random_farthestpose_i10_gteval_poseopt_depthcloser_dl1.0_confdisabled_steps15000/stats/val_step14999.json,/home/ojab2/work/git/gsplat/results/vggt_outputs/counter_2_n10_s42_c0.0_p100000_random_farthestpose_i10_gteval_poseopt_depthcloser_dl1.0_confdisabled_steps15000/stats/val_step14999.json,counter_2_n10_s42_c0.0_p100000_random_farthestpose_i10_gteval_poseopt_depthcloser_dl1.0_confdisabled_steps15000,1.0595,0.054762,10,4.672631,,,,/home/ojab2/work/git/vggt/vggt_outputs/counter_2_n10_s42_c0.0_p100000_random_farthestpose/eval_results.json,counter_2_n10_s42_c0.0_p100000_random_farthestpose,counter_2_n10_s42_c0.0_p100000_random_farthestpose_i10_gteval_poseopt_depthcloser_dl1.0_confdisabled_steps15000_val_step14999.json,100000,vggt | closer,10.0
vggt,10,42,0.0,100000,random,,,,0,10,farthestpose,10,GT Eval,,,,Pose Opt,,,closer,,1.0,,vggt,bicycle,,,15000,15000,,MCMC,,,,,,,,,,,gsplat,outdoor,13.562483787536621,0.5880552530288696,0.14343826472759247,1000000,0.03239182382822037,1.6435199975967407,,,-0.12152518789980449,0.5191972518495938,100000,/home/ojab2/work/git/gsplat/results/vggt_outputs/bicycle_4_n10_s42_c0.0_p100000_random_farthestpose_i10_gteval_poseopt_depthcloser_dl1.0_confdisabled_steps15000/stats/val_step14999.json,/home/ojab2/work/git/gsplat/results/vggt_outputs/bicycle_4_n10_s42_c0.0_p100000_random_farthestpose_i10_gteval_poseopt_depthcloser_dl1.0_confdisabled_steps15000/stats/val_step14999.json,bicycle_4_n10_s42_c0.0_p100000_random_farthestpose_i10_gteval_poseopt_depthcloser_dl1.0_confdisabled_steps15000,1.7481,0.149304,10,6.38044,,,,/home/ojab2/work/git/vggt/vggt_outputs/bicycle_4_n10_s42_c0.0_p100000_random_farthestpose/eval_results.json,bicycle_4_n10_s42_c0.0_p100000_random_farthestpose,bicycle_4_n10_s42_c0.0_p100000_random_farthestpose_i10_gteval_poseopt_depthcloser_dl1.0_confdisabled_steps15000_val_step14999.json,100000,vggt | closer,10.0
vggt,10,42,0.0,100000,random,,,,0,10,farthestpose,10,GT Eval,,,,Pose Opt,,,closer,,1.0,,vggt,garden,,,15000,15000,,MCMC,,,,,,,,,,,gsplat,outdoor,15.71419906616211,0.42520803213119507,0.2719220817089081,1000000,0.00924026407301426,0.2889201045036316,,,0.09398110227355563,0.435103448411909,100000,/home/ojab2/work/git/gsplat/results/vggt_outputs/garden_2_n10_s42_c0.0_p100000_random_farthestpose_i10_gteval_poseopt_depthcloser_dl1.0_confdisabled_steps15000/stats/val_step14999.json,/home/ojab2/work/git/gsplat/results/vggt_outputs/garden_2_n10_s42_c0.0_p100000_random_farthestpose_i10_gteval_poseopt_depthcloser_dl1.0_confdisabled_steps15000/stats/val_step14999.json,garden_2_n10_s42_c0.0_p100000_random_farthestpose_i10_gteval_poseopt_depthcloser_dl1.0_confdisabled_steps15000,0.7164,0.041493,10,6.042358,,,,/home/ojab2/work/git/vggt/vggt_outputs/garden_2_n10_s42_c0.0_p100000_random_farthestpose/eval_results.json,garden_2_n10_s42_c0.0_p100000_random_farthestpose,garden_2_n10_s42_c0.0_p100000_random_farthestpose_i10_gteval_poseopt_depthcloser_dl1.0_confdisabled_steps15000_val_step14999.json,100000,vggt | closer,10.0
vggt,10,42,0.0,100000,random,,,,0,10,farthestpose,10,GT Eval,,,,Pose Opt,,,closer,,1.0,,vggt,stump,,,15000,15000,,MCMC,,,,,,,,,,,gsplat,outdoor,15.238975524902344,0.6000827550888062,0.28060269355773926,1000000,0.11536164581775665,2.449141263961792,,,-0.017690312327929576,0.4927284611172468,100000,/home/ojab2/work/git/gsplat/results/vggt_outputs/stump_2_n10_s42_c0.0_p100000_random_farthestpose_i10_gteval_poseopt_depthcloser_dl1.0_confdisabled_steps15000/stats/val_step14999.json,/home/ojab2/work/git/gsplat/results/vggt_outputs/stump_2_n10_s42_c0.0_p100000_random_farthestpose_i10_gteval_poseopt_depthcloser_dl1.0_confdisabled_steps15000/stats/val_step14999.json,stump_2_n10_s42_c0.0_p100000_random_farthestpose_i10_gteval_poseopt_depthcloser_dl1.0_confdisabled_steps15000,2.3893,0.483844,10,7.015653,,,,/home/ojab2/work/git/vggt/vggt_outputs/stump_2_n10_s42_c0.0_p100000_random_farthestpose/eval_results.json,stump_2_n10_s42_c0.0_p100000_random_farthestpose,stump_2_n10_s42_c0.0_p100000_random_farthestpose_i10_gteval_poseopt_depthcloser_dl1.0_confdisabled_steps15000_val_step14999.json,100000,vggt | closer,10.0
vggt,10,42,0.0,100000,random,,,,0,10,farthestpose,10,GT Eval,,,,Pose Opt,,,closer,,1.0,,vggt,lego,,,15000,15000,,MCMC,,,,,,,,,,,gsplat,synthetic,13.341193199157715,0.35714244842529297,0.6072489023208618,1000000,0.03488941490650177,2.4866714477539062,0.21039602160453796,0.059499867260456085,0.28814989750535547,0.3433909930803437,100000,/home/ojab2/work/git/gsplat/results/vggt_outputs/lego_1_n10_s42_c0.0_p100000_random_farthestpose_i10_gteval_poseopt_depthcloser_dl1.0_confdisabled_steps15000/stats/val_step14999.json,/home/ojab2/work/git/gsplat/results/vggt_outputs/lego_1_n10_s42_c0.0_p100000_random_farthestpose_i10_gteval_poseopt_depthcloser_dl1.0_confdisabled_steps15000/stats/val_step14999.json,lego_1_n10_s42_c0.0_p100000_random_farthestpose_i10_gteval_poseopt_depthcloser_dl1.0_confdisabled_steps15000,2.5484,0.158437,10,4.111717,0.0943,0.0269,0.1191,/home/ojab2/work/git/vggt/vggt_outputs/lego_1_n10_s42_c0.0_p100000_random_farthestpose/eval_results.json,lego_1_n10_s42_c0.0_p100000_random_farthestpose,lego_1_n10_s42_c0.0_p100000_random_farthestpose_i10_gteval_poseopt_depthcloser_dl1.0_confdisabled_steps15000_val_step14999.json,100000,vggt | closer,10.0
vggt,10,42,0.0,100000,random,,,,0,10,farthestpose,10,GT Eval,,,,Pose Opt,,,closer,,1.0,,vggt,ship,,,15000,15000,,MCMC,,,,,,,,,,,gsplat,synthetic,20.823532104492188,0.17636346817016602,0.6944901943206787,1000000,0.0036641061305999756,0.23690438270568848,0.126133993268013,0.03616390377283096,0.5893219916211698,0.2457885244794608,100000,/home/ojab2/work/git/gsplat/results/vggt_outputs/ship_1_n10_s42_c0.0_p100000_random_farthestpose_i10_gteval_poseopt_depthcloser_dl1.0_confdisabled_steps15000/stats/val_step14999.json,/home/ojab2/work/git/gsplat/results/vggt_outputs/ship_1_n10_s42_c0.0_p100000_random_farthestpose_i10_gteval_poseopt_depthcloser_dl1.0_confdisabled_steps15000/stats/val_step14999.json,ship_1_n10_s42_c0.0_p100000_random_farthestpose_i10_gteval_poseopt_depthcloser_dl1.0_confdisabled_steps15000,0.3226,0.021268,10,4.196754,0.0995,0.0276,0.2459,/home/ojab2/work/git/vggt/vggt_outputs/ship_1_n10_s42_c0.0_p100000_random_farthestpose/eval_results.json,ship_1_n10_s42_c0.0_p100000_random_farthestpose,ship_1_n10_s42_c0.0_p100000_random_farthestpose_i10_gteval_poseopt_depthcloser_dl1.0_confdisabled_steps15000_val_step14999.json,100000,vggt | closer,10.0
vggt,10,42,0.0,100000,random,,,,0,10,farthestpose,10,GT Eval,,,,Pose Opt,,,closer,,1.0,,vggt,drums,,,15000,15000,,MCMC,,,,,,,,,,,gsplat,synthetic,12.727575302124023,0.41015419363975525,0.6087169051170349,1000000,0.021145811304450035,1.1564949750900269,0.4816643297672272,0.12580573558807373,0.24492178476809529,0.3630145741104225,100000,/home/ojab2/work/git/gsplat/results/vggt_outputs/drums_1_n10_s42_c0.0_p100000_random_farthestpose_i10_gteval_poseopt_depthcloser_dl1.0_confdisabled_steps15000/stats/val_step14999.json,/home/ojab2/work/git/gsplat/results/vggt_outputs/drums_1_n10_s42_c0.0_p100000_random_farthestpose_i10_gteval_poseopt_depthcloser_dl1.0_confdisabled_steps15000/stats/val_step14999.json,drums_1_n10_s42_c0.0_p100000_random_farthestpose_i10_gteval_poseopt_depthcloser_dl1.0_confdisabled_steps15000,1.1533,0.077913,10,3.951663,,,,/home/ojab2/work/git/vggt/vggt_outputs/drums_1_n10_s42_c0.0_p100000_random_farthestpose/eval_results.json,drums_1_n10_s42_c0.0_p100000_random_farthestpose,drums_1_n10_s42_c0.0_p100000_random_farthestpose_i10_gteval_poseopt_depthcloser_dl1.0_confdisabled_steps15000_val_step14999.json,100000,vggt | closer,10.0
vggt,20,42,0.0,100000,random,,,,0,10,farthestpose,20,GT Eval,,,,Pose Opt,,,closer,,1.0,,vggt,bonsai,,,15000,15000,,MCMC,,,,,,,,,,,gsplat,indoor,16.078779220581055,0.4644823968410492,0.4928486943244934,1000000,0.022366832941770554,0.9148353338241577,,,0.20568600109136284,0.400431762681861,100000,/home/ojab2/work/git/gsplat/results/vggt_outputs/bonsai_2_n20_s42_c0.0_p100000_random_farthestpose_i20_gteval_poseopt_depthcloser_dl1.0_confdisabled_steps15000/stats/val_step14999.json,/home/ojab2/work/git/gsplat/results/vggt_outputs/bonsai_2_n20_s42_c0.0_p100000_random_farthestpose_i20_gteval_poseopt_depthcloser_dl1.0_confdisabled_steps15000/stats/val_step14999.json,bonsai_2_n20_s42_c0.0_p100000_random_farthestpose_i20_gteval_poseopt_depthcloser_dl1.0_confdisabled_steps15000,0.8715,0.105606,20,7.855938,,,,/home/ojab2/work/git/vggt/vggt_outputs/bonsai_2_n20_s42_c0.0_p100000_random_farthestpose/eval_results.json,bonsai_2_n20_s42_c0.0_p100000_random_farthestpose,bonsai_2_n20_s42_c0.0_p100000_random_farthestpose_i20_gteval_poseopt_depthcloser_dl1.0_confdisabled_steps15000_val_step14999.json,100000,vggt | closer,20.0
vggt,20,42,0.0,100000,random,,,,0,10,farthestpose,20,GT Eval,,,,Pose Opt,,,closer,,1.0,,vggt,kitchen,,,15000,15000,,MCMC,,,,,,,,,,,gsplat,indoor,17.360851287841797,0.2895396947860718,0.40229520201683044,1000000,0.0065315403044223785,0.2666115164756775,,,0.2844621400077131,0.36033839393287204,100000,/home/ojab2/work/git/gsplat/results/vggt_outputs/kitchen_2_n20_s42_c0.0_p100000_random_farthestpose_i20_gteval_poseopt_depthcloser_dl1.0_confdisabled_steps15000/stats/val_step14999.json,/home/ojab2/work/git/gsplat/results/vggt_outputs/kitchen_2_n20_s42_c0.0_p100000_random_farthestpose_i20_gteval_poseopt_depthcloser_dl1.0_confdisabled_steps15000/stats/val_step14999.json,kitchen_2_n20_s42_c0.0_p100000_random_farthestpose_i20_gteval_poseopt_depthcloser_dl1.0_confdisabled_steps15000,0.3053,0.029336,20,4.779324,,,,/home/ojab2/work/git/vggt/vggt_outputs/kitchen_2_n20_s42_c0.0_p100000_random_farthestpose/eval_results.json,kitchen_2_n20_s42_c0.0_p100000_random_farthestpose,kitchen_2_n20_s42_c0.0_p100000_random_farthestpose_i20_gteval_poseopt_depthcloser_dl1.0_confdisabled_steps15000_val_step14999.json,100000,vggt | closer,20.0
vggt,20,42,0.0,100000,random,,,,0,10,farthestpose,20,GT Eval,,,,Pose Opt,,,closer,,1.0,,vggt,counter,,,15000,15000,,MCMC,,,,,,,,,,,gsplat,indoor,16.37965965270996,0.4083552956581116,0.48923543095588684,1000000,0.006366151385009289,0.4359202980995178,,,0.24379120018669664,0.3820164884247732,100000,/home/ojab2/work/git/gsplat/results/vggt_outputs/counter_2_n20_s42_c0.0_p100000_random_farthestpose_i20_gteval_poseopt_depthcloser_dl1.0_confdisabled_steps15000/stats/val_step14999.json,/home/ojab2/work/git/gsplat/results/vggt_outputs/counter_2_n20_s42_c0.0_p100000_random_farthestpose_i20_gteval_poseopt_depthcloser_dl1.0_confdisabled_steps15000/stats/val_step14999.json,counter_2_n20_s42_c0.0_p100000_random_farthestpose_i20_gteval_poseopt_depthcloser_dl1.0_confdisabled_steps15000,0.4873,0.036401,20,4.739446,,,,/home/ojab2/work/git/vggt/vggt_outputs/counter_2_n20_s42_c0.0_p100000_random_farthestpose/eval_results.json,counter_2_n20_s42_c0.0_p100000_random_farthestpose,counter_2_n20_s42_c0.0_p100000_random_farthestpose_i20_gteval_poseopt_depthcloser_dl1.0_confdisabled_steps15000_val_step14999.json,100000,vggt | closer,20.0
vggt,20,42,0.0,100000,random,,,,0,10,farthestpose,20,GT Eval,,,,Pose Opt,,,closer,,1.0,,vggt,bicycle,,,15000,15000,,MCMC,,,,,,,,,,,gsplat,outdoor,15.334067344665527,0.47888579964637756,0.18788886070251465,1000000,0.026001309975981712,1.1294859647750854,,,0.004664967050794111,0.46977979596101715,100000,/home/ojab2/work/git/gsplat/results/vggt_outputs/bicycle_4_n20_s42_c0.0_p100000_random_farthestpose_i20_gteval_poseopt_depthcloser_dl1.0_confdisabled_steps15000/stats/val_step14999.json,/home/ojab2/work/git/gsplat/results/vggt_outputs/bicycle_4_n20_s42_c0.0_p100000_random_farthestpose_i20_gteval_poseopt_depthcloser_dl1.0_confdisabled_steps15000/stats/val_step14999.json,bicycle_4_n20_s42_c0.0_p100000_random_farthestpose_i20_gteval_poseopt_depthcloser_dl1.0_confdisabled_steps15000,1.1489,0.123985,20,6.103919,,,,/home/ojab2/work/git/vggt/vggt_outputs/bicycle_4_n20_s42_c0.0_p100000_random_farthestpose/eval_results.json,bicycle_4_n20_s42_c0.0_p100000_random_farthestpose,bicycle_4_n20_s42_c0.0_p100000_random_farthestpose_i20_gteval_poseopt_depthcloser_dl1.0_confdisabled_steps15000_val_step14999.json,100000,vggt | closer,20.0
vggt,20,42,0.0,100000,random,,,,0,10,farthestpose,20,GT Eval,,,,Pose Opt,,,closer,,1.0,,vggt,garden,,,15000,15000,,MCMC,,,,,,,,,,,gsplat,outdoor,18.24966049194336,0.32565873861312866,0.35001182556152344,1000000,0.0030299255158752203,0.10041278600692749,,,0.24805078969674116,0.3822802352636302,100000,/home/ojab2/work/git/gsplat/results/vggt_outputs/garden_2_n20_s42_c0.0_p100000_random_farthestpose_i20_gteval_poseopt_depthcloser_dl1.0_confdisabled_steps15000/stats/val_step14999.json,/home/ojab2/work/git/gsplat/results/vggt_outputs/garden_2_n20_s42_c0.0_p100000_random_farthestpose_i20_gteval_poseopt_depthcloser_dl1.0_confdisabled_steps15000/stats/val_step14999.json,garden_2_n20_s42_c0.0_p100000_random_farthestpose_i20_gteval_poseopt_depthcloser_dl1.0_confdisabled_steps15000,0.304,0.021383,20,6.348589,,,,/home/ojab2/work/git/vggt/vggt_outputs/garden_2_n20_s42_c0.0_p100000_random_farthestpose/eval_results.json,garden_2_n20_s42_c0.0_p100000_random_farthestpose,garden_2_n20_s42_c0.0_p100000_random_farthestpose_i20_gteval_poseopt_depthcloser_dl1.0_confdisabled_steps15000_val_step14999.json,100000,vggt | closer,20.0
vggt,20,42,0.0,100000,random,,,,0,10,farthestpose,20,GT Eval,,,,Pose Opt,,,closer,,1.0,,vggt,stump,,,15000,15000,,MCMC,,,,,,,,,,,gsplat,outdoor,16.10002899169922,0.5441548824310303,0.2919119596481323,1000000,0.07178418338298798,1.5063859224319458,,,0.039392106327009846,0.47006049362947344,100000,/home/ojab2/work/git/gsplat/results/vggt_outputs/stump_2_n20_s42_c0.0_p100000_random_farthestpose_i20_gteval_poseopt_depthcloser_dl1.0_confdisabled_steps15000/stats/val_step14999.json,/home/ojab2/work/git/gsplat/results/vggt_outputs/stump_2_n20_s42_c0.0_p100000_random_farthestpose_i20_gteval_poseopt_depthcloser_dl1.0_confdisabled_steps15000/stats/val_step14999.json,stump_2_n20_s42_c0.0_p100000_random_farthestpose_i20_gteval_poseopt_depthcloser_dl1.0_confdisabled_steps15000,1.5109,0.298849,20,6.02322,,,,/home/ojab2/work/git/vggt/vggt_outputs/stump_2_n20_s42_c0.0_p100000_random_farthestpose/eval_results.json,stump_2_n20_s42_c0.0_p100000_random_farthestpose,stump_2_n20_s42_c0.0_p100000_random_farthestpose_i20_gteval_poseopt_depthcloser_dl1.0_confdisabled_steps15000_val_step14999.json,100000,vggt | closer,20.0
vggt,20,42,0.0,100000,random,,,,0,10,farthestpose,20,GT Eval,,,,Pose Opt,,,closer,,1.0,,vggt,lego,,,15000,15000,,MCMC,,,,,,,,,,,gsplat,synthetic,13.6578950881958,0.3194413185119629,0.6251646280288696,1000000,0.031523384153842926,2.1696553230285645,0.16763484477996826,0.04488564282655716,0.32776408229577536,0.3249176179450091,100000,/home/ojab2/work/git/gsplat/results/vggt_outputs/lego_1_n20_s42_c0.0_p100000_random_farthestpose_i20_gteval_poseopt_depthcloser_dl1.0_confdisabled_steps15000/stats/val_step14999.json,/home/ojab2/work/git/gsplat/results/vggt_outputs/lego_1_n20_s42_c0.0_p100000_random_farthestpose_i20_gteval_poseopt_depthcloser_dl1.0_confdisabled_steps15000/stats/val_step14999.json,lego_1_n20_s42_c0.0_p100000_random_farthestpose_i20_gteval_poseopt_depthcloser_dl1.0_confdisabled_steps15000,2.282,0.136623,20,4.112991,0.0677,0.0193,0.1011,/home/ojab2/work/git/vggt/vggt_outputs/lego_1_n20_s42_c0.0_p100000_random_farthestpose/eval_results.json,lego_1_n20_s42_c0.0_p100000_random_farthestpose,lego_1_n20_s42_c0.0_p100000_random_farthestpose_i20_gteval_poseopt_depthcloser_dl1.0_confdisabled_steps15000_val_step14999.json,100000,vggt | closer,20.0
vggt,20,42,0.0,100000,random,,,,0,10,farthestpose,20,GT Eval,,,,Pose Opt,,,closer,,1.0,,vggt,ship,,,15000,15000,,MCMC,,,,,,,,,,,gsplat,synthetic,22.272079467773438,0.14020274579524994,0.727719783782959,1000000,0.004626336507499218,0.2673896551132202,0.11852507293224335,0.030583104118704796,0.6579008848152818,0.22264464300030565,100000,/home/ojab2/work/git/gsplat/results/vggt_outputs/ship_1_n20_s42_c0.0_p100000_random_farthestpose_i20_gteval_poseopt_depthcloser_dl1.0_confdisabled_steps15000/stats/val_step14999.json,/home/ojab2/work/git/gsplat/results/vggt_outputs/ship_1_n20_s42_c0.0_p100000_random_farthestpose_i20_gteval_poseopt_depthcloser_dl1.0_confdisabled_steps15000/stats/val_step14999.json,ship_1_n20_s42_c0.0_p100000_random_farthestpose_i20_gteval_poseopt_depthcloser_dl1.0_confdisabled_steps15000,0.3689,0.022972,20,4.180749,0.0975,0.0269,0.2478,/home/ojab2/work/git/vggt/vggt_outputs/ship_1_n20_s42_c0.0_p100000_random_farthestpose/eval_results.json,ship_1_n20_s42_c0.0_p100000_random_farthestpose,ship_1_n20_s42_c0.0_p100000_random_farthestpose_i20_gteval_poseopt_depthcloser_dl1.0_confdisabled_steps15000_val_step14999.json,100000,vggt | closer,20.0
vggt,20,42,0.0,100000,random,,,,0,10,farthestpose,20,GT Eval,,,,Pose Opt,,,closer,,1.0,,vggt,drums,,,15000,15000,,MCMC,,,,,,,,,,,gsplat,synthetic,13.206490516662598,0.34246012568473816,0.6593264937400818,1000000,0.013491945341229439,0.8293703198432922,0.42375171184539795,0.12419264018535614,0.3251732973947085,0.3246413626159548,100000,/home/ojab2/work/git/gsplat/results/vggt_outputs/drums_1_n20_s42_c0.0_p100000_random_farthestpose_i20_gteval_poseopt_depthcloser_dl1.0_confdisabled_steps15000/stats/val_step14999.json,/home/ojab2/work/git/gsplat/results/vggt_outputs/drums_1_n20_s42_c0.0_p100000_random_farthestpose_i20_gteval_poseopt_depthcloser_dl1.0_confdisabled_steps15000/stats/val_step14999.json,drums_1_n20_s42_c0.0_p100000_random_farthestpose_i20_gteval_poseopt_depthcloser_dl1.0_confdisabled_steps15000,0.8537,0.052643,20,3.984908,,,,/home/ojab2/work/git/vggt/vggt_outputs/drums_1_n20_s42_c0.0_p100000_random_farthestpose/eval_results.json,drums_1_n20_s42_c0.0_p100000_random_farthestpose,drums_1_n20_s42_c0.0_p100000_random_farthestpose_i20_gteval_poseopt_depthcloser_dl1.0_confdisabled_steps15000_val_step14999.json,100000,vggt | closer,20.0
vggt,30,42,0.0,100000,random,,,,0,10,farthestpose,30,GT Eval,,,,Pose Opt,,,closer,,1.0,,vggt,bonsai,,,15000,15000,,MCMC,,,,,,,,,,,gsplat,indoor,16.388559341430664,0.4520750343799591,0.5087530016899109,1000000,0.02246338129043579,0.9195312857627869,,,0.2283823002538873,0.39197809536805456,100000,/home/ojab2/work/git/gsplat/results/vggt_outputs/bonsai_2_n30_s42_c0.0_p100000_random_farthestpose_i30_gteval_poseopt_depthcloser_dl1.0_confdisabled_steps15000/stats/val_step14999.json,/home/ojab2/work/git/gsplat/results/vggt_outputs/bonsai_2_n30_s42_c0.0_p100000_random_farthestpose_i30_gteval_poseopt_depthcloser_dl1.0_confdisabled_steps15000/stats/val_step14999.json,bonsai_2_n30_s42_c0.0_p100000_random_farthestpose_i30_gteval_poseopt_depthcloser_dl1.0_confdisabled_steps15000,1.0012,0.109652,30,7.831735,,,,/home/ojab2/work/git/vggt/vggt_outputs/bonsai_2_n30_s42_c0.0_p100000_random_farthestpose/eval_results.json,bonsai_2_n30_s42_c0.0_p100000_random_farthestpose,bonsai_2_n30_s42_c0.0_p100000_random_farthestpose_i30_gteval_poseopt_depthcloser_dl1.0_confdisabled_steps15000_val_step14999.json,100000,vggt | closer,30.0
vggt,30,42,0.0,100000,random,,,,0,10,farthestpose,30,GT Eval,,,,Pose Opt,,,closer,,1.0,,vggt,kitchen,,,15000,15000,,MCMC,,,,,,,,,,,gsplat,indoor,19.0994930267334,0.22278520464897156,0.48659247159957886,1000000,0.005234148818999529,0.17497652769088745,,,0.40716233351851844,0.31720464891129097,100000,/home/ojab2/work/git/gsplat/results/vggt_outputs/kitchen_2_n30_s42_c0.0_p100000_random_farthestpose_i30_gteval_poseopt_depthcloser_dl1.0_confdisabled_steps15000/stats/val_step14999.json,/home/ojab2/work/git/gsplat/results/vggt_outputs/kitchen_2_n30_s42_c0.0_p100000_random_farthestpose_i30_gteval_poseopt_depthcloser_dl1.0_confdisabled_steps15000/stats/val_step14999.json,kitchen_2_n30_s42_c0.0_p100000_random_farthestpose_i30_gteval_poseopt_depthcloser_dl1.0_confdisabled_steps15000,0.2666,0.028095,30,4.29831,,,,/home/ojab2/work/git/vggt/vggt_outputs/kitchen_2_n30_s42_c0.0_p100000_random_farthestpose/eval_results.json,kitchen_2_n30_s42_c0.0_p100000_random_farthestpose,kitchen_2_n30_s42_c0.0_p100000_random_farthestpose_i30_gteval_poseopt_depthcloser_dl1.0_confdisabled_steps15000_val_step14999.json,100000,vggt | closer,30.0
vggt,30,42,0.0,100000,random,,,,0,10,farthestpose,30,GT Eval,,,,Pose Opt,,,closer,,1.0,,vggt,counter,,,15000,15000,,MCMC,,,,,,,,,,,gsplat,indoor,18.250171661376953,0.33749428391456604,0.5701280236244202,1000000,0.006860075984150171,0.2534344494342804,,,0.36947728647978134,0.336034092380835,100000,/home/ojab2/work/git/gsplat/results/vggt_outputs/counter_2_n30_s42_c0.0_p100000_random_farthestpose_i30_gteval_poseopt_depthcloser_dl1.0_confdisabled_steps15000/stats/val_step14999.json,/home/ojab2/work/git/gsplat/results/vggt_outputs/counter_2_n30_s42_c0.0_p100000_random_farthestpose_i30_gteval_poseopt_depthcloser_dl1.0_confdisabled_steps15000/stats/val_step14999.json,counter_2_n30_s42_c0.0_p100000_random_farthestpose_i30_gteval_poseopt_depthcloser_dl1.0_confdisabled_steps15000,0.3534,0.03552,30,4.867009,,,,/home/ojab2/work/git/vggt/vggt_outputs/counter_2_n30_s42_c0.0_p100000_random_farthestpose/eval_results.json,counter_2_n30_s42_c0.0_p100000_random_farthestpose,counter_2_n30_s42_c0.0_p100000_random_farthestpose_i30_gteval_poseopt_depthcloser_dl1.0_confdisabled_steps15000_val_step14999.json,100000,vggt | closer,30.0
vggt,30,42,0.0,100000,random,,,,0,10,farthestpose,30,GT Eval,,,,Pose Opt,,,closer,,1.0,,vggt,bicycle,,,15000,15000,,MCMC,,,,,,,,,,,gsplat,outdoor,15.81289291381836,0.4507046341896057,0.20843897759914398,1000000,0.01839562878012657,0.8578892350196838,,,0.04294550058669751,0.45554216570704203,100000,/home/ojab2/work/git/gsplat/results/vggt_outputs/bicycle_4_n30_s42_c0.0_p100000_random_farthestpose_i30_gteval_poseopt_depthcloser_dl1.0_confdisabled_steps15000/stats/val_step14999.json,/home/ojab2/work/git/gsplat/results/vggt_outputs/bicycle_4_n30_s42_c0.0_p100000_random_farthestpose_i30_gteval_poseopt_depthcloser_dl1.0_confdisabled_steps15000/stats/val_step14999.json,bicycle_4_n30_s42_c0.0_p100000_random_farthestpose_i30_gteval_poseopt_depthcloser_dl1.0_confdisabled_steps15000,0.9302,0.091567,30,5.970149,,,,/home/ojab2/work/git/vggt/vggt_outputs/bicycle_4_n30_s42_c0.0_p100000_random_farthestpose/eval_results.json,bicycle_4_n30_s42_c0.0_p100000_random_farthestpose,bicycle_4_n30_s42_c0.0_p100000_random_farthestpose_i30_gteval_poseopt_depthcloser_dl1.0_confdisabled_steps15000_val_step14999.json,100000,vggt | closer,30.0
vggt,30,42,0.0,100000,random,,,,0,10,farthestpose,30,GT Eval,,,,Pose Opt,,,closer,,1.0,,vggt,garden,,,15000,15000,,MCMC,,,,,,,,,,,gsplat,outdoor,19.450178146362305,0.2874264419078827,0.38459643721580505,1000000,0.0029734366107732058,0.0881926491856575,,,0.31410770035936425,0.36108423386691535,100000,/home/ojab2/work/git/gsplat/results/vggt_outputs/garden_2_n30_s42_c0.0_p100000_random_farthestpose_i30_gteval_poseopt_depthcloser_dl1.0_confdisabled_steps15000/stats/val_step14999.json,/home/ojab2/work/git/gsplat/results/vggt_outputs/garden_2_n30_s42_c0.0_p100000_random_farthestpose_i30_gteval_poseopt_depthcloser_dl1.0_confdisabled_steps15000/stats/val_step14999.json,garden_2_n30_s42_c0.0_p100000_random_farthestpose_i30_gteval_poseopt_depthcloser_dl1.0_confdisabled_steps15000,0.2764,0.019966,30,6.409383,,,,/home/ojab2/work/git/vggt/vggt_outputs/garden_2_n30_s42_c0.0_p100000_random_farthestpose/eval_results.json,garden_2_n30_s42_c0.0_p100000_random_farthestpose,garden_2_n30_s42_c0.0_p100000_random_farthestpose_i30_gteval_poseopt_depthcloser_dl1.0_confdisabled_steps15000_val_step14999.json,100000,vggt | closer,30.0
vggt,30,42,0.0,100000,random,,,,0,10,farthestpose,30,GT Eval,,,,Pose Opt,,,closer,,1.0,,vggt,stump,,,15000,15000,,MCMC,,,,,,,,,,,gsplat,outdoor,17.09425926208496,0.5157061219215393,0.333138644695282,1000000,0.03390059620141983,1.0601803064346313,,,0.09947391382047617,0.45061538441192256,100000,/home/ojab2/work/git/gsplat/results/vggt_outputs/stump_2_n30_s42_c0.0_p100000_random_farthestpose_i30_gteval_poseopt_depthcloser_dl1.0_confdisabled_steps15000/stats/val_step14999.json,/home/ojab2/work/git/gsplat/results/vggt_outputs/stump_2_n30_s42_c0.0_p100000_random_farthestpose_i30_gteval_poseopt_depthcloser_dl1.0_confdisabled_steps15000/stats/val_step14999.json,stump_2_n30_s42_c0.0_p100000_random_farthestpose_i30_gteval_poseopt_depthcloser_dl1.0_confdisabled_steps15000,1.2376,0.149617,30,5.436723,,,,/home/ojab2/work/git/vggt/vggt_outputs/stump_2_n30_s42_c0.0_p100000_random_farthestpose/eval_results.json,stump_2_n30_s42_c0.0_p100000_random_farthestpose,stump_2_n30_s42_c0.0_p100000_random_farthestpose_i30_gteval_poseopt_depthcloser_dl1.0_confdisabled_steps15000_val_step14999.json,100000,vggt | closer,30.0
vggt,30,42,0.0,100000,random,,,,0,10,farthestpose,30,GT Eval,,,,Pose Opt,,,closer,,1.0,,vggt,lego,,,15000,15000,,MCMC,,,,,,,,,,,gsplat,synthetic,13.961328506469727,0.29988914728164673,0.638745129108429,1000000,0.029237573966383934,2.107685089111328,0.16477859020233154,0.04402179643511772,0.3533942746682319,0.31370025183702266,100000,/home/ojab2/work/git/gsplat/results/vggt_outputs/lego_1_n30_s42_c0.0_p100000_random_farthestpose_i30_gteval_poseopt_depthcloser_dl1.0_confdisabled_steps15000/stats/val_step14999.json,/home/ojab2/work/git/gsplat/results/vggt_outputs/lego_1_n30_s42_c0.0_p100000_random_farthestpose_i30_gteval_poseopt_depthcloser_dl1.0_confdisabled_steps15000/stats/val_step14999.json,lego_1_n30_s42_c0.0_p100000_random_farthestpose_i30_gteval_poseopt_depthcloser_dl1.0_confdisabled_steps15000,2.2232,0.131161,30,4.097326,0.0649,0.0185,0.0998,/home/ojab2/work/git/vggt/vggt_outputs/lego_1_n30_s42_c0.0_p100000_random_farthestpose/eval_results.json,lego_1_n30_s42_c0.0_p100000_random_farthestpose,lego_1_n30_s42_c0.0_p100000_random_farthestpose_i30_gteval_poseopt_depthcloser_dl1.0_confdisabled_steps15000_val_step14999.json,100000,vggt | closer,30.0
vggt,30,42,0.0,100000,random,,,,0,10,farthestpose,30,GT Eval,,,,Pose Opt,,,closer,,1.0,,vggt,ship,,,15000,15000,,MCMC,,,,,,,,,,,gsplat,synthetic,21.875244140625,0.14672790467739105,0.7145700454711914,1000000,0.0037771915085613728,0.21077094972133636,0.12412761896848679,0.03237973898649216,0.6388343011620292,0.22915926870079045,100000,/home/ojab2/work/git/gsplat/results/vggt_outputs/ship_1_n30_s42_c0.0_p100000_random_farthestpose_i30_gteval_poseopt_depthcloser_dl1.0_confdisabled_steps15000/stats/val_step14999.json,/home/ojab2/work/git/gsplat/results/vggt_outputs/ship_1_n30_s42_c0.0_p100000_random_farthestpose_i30_gteval_poseopt_depthcloser_dl1.0_confdisabled_steps15000/stats/val_step14999.json,ship_1_n30_s42_c0.0_p100000_random_farthestpose_i30_gteval_poseopt_depthcloser_dl1.0_confdisabled_steps15000,0.274,0.019493,30,4.168125,0.1011,0.0278,0.258,/home/ojab2/work/git/vggt/vggt_outputs/ship_1_n30_s42_c0.0_p100000_random_farthestpose/eval_results.json,ship_1_n30_s42_c0.0_p100000_random_farthestpose,ship_1_n30_s42_c0.0_p100000_random_farthestpose_i30_gteval_poseopt_depthcloser_dl1.0_confdisabled_steps15000_val_step14999.json,100000,vggt | closer,30.0
vggt,30,42,0.0,100000,random,,,,0,10,farthestpose,30,GT Eval,,,,Pose Opt,,,closer,,1.0,,vggt,drums,,,15000,15000,,MCMC,,,,,,,,,,,gsplat,synthetic,13.969110488891602,0.28373420238494873,0.6959607005119324,1000000,0.011316015385091305,0.6486456394195557,0.38707607984542847,0.11493374407291412,0.39696997214324137,0.29174222430965385,100000,/home/ojab2/work/git/gsplat/results/vggt_outputs/drums_1_n30_s42_c0.0_p100000_random_farthestpose_i30_gteval_poseopt_depthcloser_dl1.0_confdisabled_steps15000/stats/val_step14999.json,/home/ojab2/work/git/gsplat/results/vggt_outputs/drums_1_n30_s42_c0.0_p100000_random_farthestpose_i30_gteval_poseopt_depthcloser_dl1.0_confdisabled_steps15000/stats/val_step14999.json,drums_1_n30_s42_c0.0_p100000_random_farthestpose_i30_gteval_poseopt_depthcloser_dl1.0_confdisabled_steps15000,0.6952,0.041396,30,4.001407,,,,/home/ojab2/work/git/vggt/vggt_outputs/drums_1_n30_s42_c0.0_p100000_random_farthestpose/eval_results.json,drums_1_n30_s42_c0.0_p100000_random_farthestpose,drums_1_n30_s42_c0.0_p100000_random_farthestpose_i30_gteval_poseopt_depthcloser_dl1.0_confdisabled_steps15000_val_step14999.json,100000,vggt | closer,30.0
vggt,40,42,0.0,100000,random,,,,0,10,farthestpose,40,GT Eval,,,,Pose Opt,,,closer,,1.0,,vggt,bonsai,,,15000,15000,,MCMC,,,,,,,,,,,gsplat,indoor,16.521207809448242,0.43564584851264954,0.5230790972709656,1000000,0.02147546410560608,0.7613633275032043,,,0.2493580597960538,0.38283953475196475,100000,/home/ojab2/work/git/gsplat/results/vggt_outputs/bonsai_2_n40_s42_c0.0_p100000_random_farthestpose_i40_gteval_poseopt_depthcloser_dl1.0_confdisabled_steps15000/stats/val_step14999.json,/home/ojab2/work/git/gsplat/results/vggt_outputs/bonsai_2_n40_s42_c0.0_p100000_random_farthestpose_i40_gteval_poseopt_depthcloser_dl1.0_confdisabled_steps15000/stats/val_step14999.json,bonsai_2_n40_s42_c0.0_p100000_random_farthestpose_i40_gteval_poseopt_depthcloser_dl1.0_confdisabled_steps15000,0.891,0.103772,40,7.924747,,,,/home/ojab2/work/git/vggt/vggt_outputs/bonsai_2_n40_s42_c0.0_p100000_random_farthestpose/eval_results.json,bonsai_2_n40_s42_c0.0_p100000_random_farthestpose,bonsai_2_n40_s42_c0.0_p100000_random_farthestpose_i40_gteval_poseopt_depthcloser_dl1.0_confdisabled_steps15000_val_step14999.json,100000,vggt | closer,40.0
vggt,40,42,0.0,100000,random,,,,0,10,farthestpose,40,GT Eval,,,,Pose Opt,,,closer,,1.0,,vggt,kitchen,,,15000,15000,,MCMC,,,,,,,,,,,gsplat,indoor,19.168502807617188,0.20929047465324402,0.45649170875549316,1000000,0.005851286463439465,0.19282731413841248,,,0.399167587379111,0.319543592741386,100000,/home/ojab2/work/git/gsplat/results/vggt_outputs/kitchen_2_n40_s42_c0.0_p100000_random_farthestpose_i40_gteval_poseopt_depthcloser_dl1.0_confdisabled_steps15000/stats/val_step14999.json,/home/ojab2/work/git/gsplat/results/vggt_outputs/kitchen_2_n40_s42_c0.0_p100000_random_farthestpose_i40_gteval_poseopt_depthcloser_dl1.0_confdisabled_steps15000/stats/val_step14999.json,kitchen_2_n40_s42_c0.0_p100000_random_farthestpose_i40_gteval_poseopt_depthcloser_dl1.0_confdisabled_steps15000,0.3356,0.033074,40,4.262117,,,,/home/ojab2/work/git/vggt/vggt_outputs/kitchen_2_n40_s42_c0.0_p100000_random_farthestpose/eval_results.json,kitchen_2_n40_s42_c0.0_p100000_random_farthestpose,kitchen_2_n40_s42_c0.0_p100000_random_farthestpose_i40_gteval_poseopt_depthcloser_dl1.0_confdisabled_steps15000_val_step14999.json,100000,vggt | closer,40.0
vggt,40,42,0.0,100000,random,,,,0,10,farthestpose,40,GT Eval,,,,Pose Opt,,,closer,,1.0,,vggt,counter,,,15000,15000,,MCMC,,,,,,,,,,,gsplat,indoor,19.053300857543945,0.3105199337005615,0.596390962600708,1000000,0.006918411701917648,0.28559115529060364,,,0.41635932668298,0.3194193147195658,100000,/home/ojab2/work/git/gsplat/results/vggt_outputs/counter_2_n40_s42_c0.0_p100000_random_farthestpose_i40_gteval_poseopt_depthcloser_dl1.0_confdisabled_steps15000/stats/val_step14999.json,/home/ojab2/work/git/gsplat/results/vggt_outputs/counter_2_n40_s42_c0.0_p100000_random_farthestpose_i40_gteval_poseopt_depthcloser_dl1.0_confdisabled_steps15000/stats/val_step14999.json,counter_2_n40_s42_c0.0_p100000_random_farthestpose_i40_gteval_poseopt_depthcloser_dl1.0_confdisabled_steps15000,0.3566,0.04067,40,4.850582,,,,/home/ojab2/work/git/vggt/vggt_outputs/counter_2_n40_s42_c0.0_p100000_random_farthestpose/eval_results.json,counter_2_n40_s42_c0.0_p100000_random_farthestpose,counter_2_n40_s42_c0.0_p100000_random_farthestpose_i40_gteval_poseopt_depthcloser_dl1.0_confdisabled_steps15000_val_step14999.json,100000,vggt | closer,40.0
vggt,40,42,0.0,100000,random,,,,0,10,farthestpose,40,GT Eval,,,,Pose Opt,,,closer,,1.0,,vggt,bicycle,,,15000,15000,,MCMC,,,,,,,,,,,gsplat,outdoor,16.2347354888916,0.42275962233543396,0.22074122726917267,1000000,0.01722544990479946,0.8324710726737976,,,0.0752017054951292,0.4431044014258295,100000,/home/ojab2/work/git/gsplat/results/vggt_outputs/bicycle_4_n40_s42_c0.0_p100000_random_farthestpose_i40_gteval_poseopt_depthcloser_dl1.0_confdisabled_steps15000/stats/val_step14999.json,/home/ojab2/work/git/gsplat/results/vggt_outputs/bicycle_4_n40_s42_c0.0_p100000_random_farthestpose_i40_gteval_poseopt_depthcloser_dl1.0_confdisabled_steps15000/stats/val_step14999.json,bicycle_4_n40_s42_c0.0_p100000_random_farthestpose_i40_gteval_poseopt_depthcloser_dl1.0_confdisabled_steps15000,0.9969,0.089406,40,5.93023,,,,/home/ojab2/work/git/vggt/vggt_outputs/bicycle_4_n40_s42_c0.0_p100000_random_farthestpose/eval_results.json,bicycle_4_n40_s42_c0.0_p100000_random_farthestpose,bicycle_4_n40_s42_c0.0_p100000_random_farthestpose_i40_gteval_poseopt_depthcloser_dl1.0_confdisabled_steps15000_val_step14999.json,100000,vggt | closer,40.0
vggt,40,42,0.0,100000,random,,,,0,10,farthestpose,40,GT Eval,,,,Pose Opt,,,closer,,1.0,,vggt,garden,,,15000,15000,,MCMC,,,,,,,,,,,gsplat,outdoor,19.074874877929688,0.3077297806739807,0.39811086654663086,1000000,0.003381095128133893,0.08584121614694595,,,0.3025278897158429,0.36530633011979563,100000,/home/ojab2/work/git/gsplat/results/vggt_outputs/garden_2_n40_s42_c0.0_p100000_random_farthestpose_i40_gteval_poseopt_depthcloser_dl1.0_confdisabled_steps15000/stats/val_step14999.json,/home/ojab2/work/git/gsplat/results/vggt_outputs/garden_2_n40_s42_c0.0_p100000_random_farthestpose_i40_gteval_poseopt_depthcloser_dl1.0_confdisabled_steps15000/stats/val_step14999.json,garden_2_n40_s42_c0.0_p100000_random_farthestpose_i40_gteval_poseopt_depthcloser_dl1.0_confdisabled_steps15000,0.2895,0.024777,40,6.316159,,,,/home/ojab2/work/git/vggt/vggt_outputs/garden_2_n40_s42_c0.0_p100000_random_farthestpose/eval_results.json,garden_2_n40_s42_c0.0_p100000_random_farthestpose,garden_2_n40_s42_c0.0_p100000_random_farthestpose_i40_gteval_poseopt_depthcloser_dl1.0_confdisabled_steps15000_val_step14999.json,100000,vggt | closer,40.0
vggt,40,42,0.0,100000,random,,,,0,10,farthestpose,40,GT Eval,,,,Pose Opt,,,closer,,1.0,,vggt,stump,,,15000,15000,,MCMC,,,,,,,,,,,gsplat,outdoor,17.833972930908203,0.4971776604652405,0.35981523990631104,1000000,0.02880086563527584,0.7615325450897217,,,0.14020998505821008,0.43791989353067484,100000,/home/ojab2/work/git/gsplat/results/vggt_outputs/stump_2_n40_s42_c0.0_p100000_random_farthestpose_i40_gteval_poseopt_depthcloser_dl1.0_confdisabled_steps15000/stats/val_step14999.json,/home/ojab2/work/git/gsplat/results/vggt_outputs/stump_2_n40_s42_c0.0_p100000_random_farthestpose_i40_gteval_poseopt_depthcloser_dl1.0_confdisabled_steps15000/stats/val_step14999.json,stump_2_n40_s42_c0.0_p100000_random_farthestpose_i40_gteval_poseopt_depthcloser_dl1.0_confdisabled_steps15000,0.8703,0.125919,40,4.983738,,,,/home/ojab2/work/git/vggt/vggt_outputs/stump_2_n40_s42_c0.0_p100000_random_farthestpose/eval_results.json,stump_2_n40_s42_c0.0_p100000_random_farthestpose,stump_2_n40_s42_c0.0_p100000_random_farthestpose_i40_gteval_poseopt_depthcloser_dl1.0_confdisabled_steps15000_val_step14999.json,100000,vggt | closer,40.0
vggt,40,42,0.0,100000,random,,,,0,10,farthestpose,40,GT Eval,,,,Pose Opt,,,closer,,1.0,,vggt,lego,,,15000,15000,,MCMC,,,,,,,,,,,gsplat,synthetic,14.41645622253418,0.2602303624153137,0.6662796139717102,1000000,0.014179092831909657,1.1674147844314575,0.16322793066501617,0.044861722737550735,0.4024053350371769,0.2913620735407707,100000,/home/ojab2/work/git/gsplat/results/vggt_outputs/lego_1_n40_s42_c0.0_p100000_random_farthestpose_i40_gteval_poseopt_depthcloser_dl1.0_confdisabled_steps15000/stats/val_step14999.json,/home/ojab2/work/git/gsplat/results/vggt_outputs/lego_1_n40_s42_c0.0_p100000_random_farthestpose_i40_gteval_poseopt_depthcloser_dl1.0_confdisabled_steps15000/stats/val_step14999.json,lego_1_n40_s42_c0.0_p100000_random_farthestpose_i40_gteval_poseopt_depthcloser_dl1.0_confdisabled_steps15000,1.3375,0.068919,40,4.021561,0.0541,0.0152,0.0944,/home/ojab2/work/git/vggt/vggt_outputs/lego_1_n40_s42_c0.0_p100000_random_farthestpose/eval_results.json,lego_1_n40_s42_c0.0_p100000_random_farthestpose,lego_1_n40_s42_c0.0_p100000_random_farthestpose_i40_gteval_poseopt_depthcloser_dl1.0_confdisabled_steps15000_val_step14999.json,100000,vggt | closer,40.0
vggt,40,42,0.0,100000,random,,,,0,10,farthestpose,40,GT Eval,,,,Pose Opt,,,closer,,1.0,,vggt,ship,,,15000,15000,,MCMC,,,,,,,,,,,gsplat,synthetic,21.592222213745117,0.14636896550655365,0.7119264602661133,1000000,0.003241340396925807,0.2265194207429886,0.11562573909759521,0.03157930076122284,0.6322687654970838,0.23000816771878319,100000,/home/ojab2/work/git/gsplat/results/vggt_outputs/ship_1_n40_s42_c0.0_p100000_random_farthestpose_i40_gteval_poseopt_depthcloser_dl1.0_confdisabled_steps15000/stats/val_step14999.json,/home/ojab2/work/git/gsplat/results/vggt_outputs/ship_1_n40_s42_c0.0_p100000_random_farthestpose_i40_gteval_poseopt_depthcloser_dl1.0_confdisabled_steps15000/stats/val_step14999.json,ship_1_n40_s42_c0.0_p100000_random_farthestpose_i40_gteval_poseopt_depthcloser_dl1.0_confdisabled_steps15000,0.2698,0.018068,40,4.169342,0.1029,0.0282,0.2617,/home/ojab2/work/git/vggt/vggt_outputs/ship_1_n40_s42_c0.0_p100000_random_farthestpose/eval_results.json,ship_1_n40_s42_c0.0_p100000_random_farthestpose,ship_1_n40_s42_c0.0_p100000_random_farthestpose_i40_gteval_poseopt_depthcloser_dl1.0_confdisabled_steps15000_val_step14999.json,100000,vggt | closer,40.0
vggt,40,42,0.0,100000,random,,,,0,10,farthestpose,40,GT Eval,,,,Pose Opt,,,closer,,1.0,,vggt,drums,,,15000,15000,,MCMC,,,,,,,,,,,gsplat,synthetic,17.638532638549805,0.11381304264068604,0.7941414713859558,1000000,0.006141733378171921,0.25369638204574585,0.14301332831382751,0.042557671666145325,0.6272274944362428,0.19491796656344199,100000,/home/ojab2/work/git/gsplat/results/vggt_outputs/drums_1_n40_s42_c0.0_p100000_random_farthestpose_i40_gteval_poseopt_depthcloser_dl1.0_confdisabled_steps15000/stats/val_step14999.json,/home/ojab2/work/git/gsplat/results/vggt_outputs/drums_1_n40_s42_c0.0_p100000_random_farthestpose_i40_gteval_poseopt_depthcloser_dl1.0_confdisabled_steps15000/stats/val_step14999.json,drums_1_n40_s42_c0.0_p100000_random_farthestpose_i40_gteval_poseopt_depthcloser_dl1.0_confdisabled_steps15000,0.3733,0.019382,40,4.013289,,,,/home/ojab2/work/git/vggt/vggt_outputs/drums_1_n40_s42_c0.0_p100000_random_farthestpose/eval_results.json,drums_1_n40_s42_c0.0_p100000_random_farthestpose,drums_1_n40_s42_c0.0_p100000_random_farthestpose_i40_gteval_poseopt_depthcloser_dl1.0_confdisabled_steps15000_val_step14999.json,100000,vggt | closer,40.0
vggt,5,42,0.0,100000,random,,,,0,10,farthestpose,5,GT Eval,,,,Pose Opt,,,full,,1.0,,vggt,bonsai,,,15000,15000,,MCMC,,,,,,,,,,,gsplat,indoor,12.188382148742676,0.6407015323638916,0.30855295062065125,1000000,0.009031794965267181,1.2681714296340942,,,-0.0829109219934662,0.51088394983303,100000,/home/ojab2/work/git/gsplat/results/vggt_outputs/bonsai_2_n5_s42_c0.0_p100000_random_farthestpose_i5_gteval_poseopt_depthfull_dl1.0_confdisabled_steps15000/stats/val_step14999.json,/home/ojab2/work/git/gsplat/results/vggt_outputs/bonsai_2_n5_s42_c0.0_p100000_random_farthestpose_i5_gteval_poseopt_depthfull_dl1.0_confdisabled_steps15000/stats/val_step14999.json,bonsai_2_n5_s42_c0.0_p100000_random_farthestpose_i5_gteval_poseopt_depthfull_dl1.0_confdisabled_steps15000,1.3505,0.046422,5,7.87632,,,,/home/ojab2/work/git/vggt/vggt_outputs/bonsai_2_n5_s42_c0.0_p100000_random_farthestpose/eval_results.json,bonsai_2_n5_s42_c0.0_p100000_random_farthestpose,bonsai_2_n5_s42_c0.0_p100000_random_farthestpose_i5_gteval_poseopt_depthfull_dl1.0_confdisabled_steps15000_val_step14999.json,100000,vggt | full,5.0
vggt,5,42,0.0,100000,random,,,,0,10,farthestpose,5,GT Eval,,,,Pose Opt,,,full,,1.0,,vggt,kitchen,,,15000,15000,,MCMC,,,,,,,,,,,gsplat,indoor,14.731163024902344,0.4541296362876892,0.32039424777030945,1000000,0.007831841707229614,0.45030897855758667,,,0.08627018500954556,0.4373846084717351,100000,/home/ojab2/work/git/gsplat/results/vggt_outputs/kitchen_2_n5_s42_c0.0_p100000_random_farthestpose_i5_gteval_poseopt_depthfull_dl1.0_confdisabled_steps15000/stats/val_step14999.json,/home/ojab2/work/git/gsplat/results/vggt_outputs/kitchen_2_n5_s42_c0.0_p100000_random_farthestpose_i5_gteval_poseopt_depthfull_dl1.0_confdisabled_steps15000/stats/val_step14999.json,kitchen_2_n5_s42_c0.0_p100000_random_farthestpose_i5_gteval_poseopt_depthfull_dl1.0_confdisabled_steps15000,0.5008,0.022409,5,5.131426,,,,/home/ojab2/work/git/vggt/vggt_outputs/kitchen_2_n5_s42_c0.0_p100000_random_farthestpose/eval_results.json,kitchen_2_n5_s42_c0.0_p100000_random_farthestpose,kitchen_2_n5_s42_c0.0_p100000_random_farthestpose_i5_gteval_poseopt_depthfull_dl1.0_confdisabled_steps15000_val_step14999.json,100000,vggt | full,5.0
vggt,5,42,0.0,100000,random,,,,0,10,farthestpose,5,GT Eval,,,,Pose Opt,,,full,,1.0,,vggt,counter,,,15000,15000,,MCMC,,,,,,,,,,,gsplat,indoor,12.769659996032715,0.5796881914138794,0.33987823128700256,1000000,0.010998793877661228,1.1429808139801025,,,-0.016165083689376636,0.4816718781191779,100000,/home/ojab2/work/git/gsplat/results/vggt_outputs/counter_2_n5_s42_c0.0_p100000_random_farthestpose_i5_gteval_poseopt_depthfull_dl1.0_confdisabled_steps15000/stats/val_step14999.json,/home/ojab2/work/git/gsplat/results/vggt_outputs/counter_2_n5_s42_c0.0_p100000_random_farthestpose_i5_gteval_poseopt_depthfull_dl1.0_confdisabled_steps15000/stats/val_step14999.json,counter_2_n5_s42_c0.0_p100000_random_farthestpose_i5_gteval_poseopt_depthfull_dl1.0_confdisabled_steps15000,1.1943,0.049675,5,4.457592,,,,/home/ojab2/work/git/vggt/vggt_outputs/counter_2_n5_s42_c0.0_p100000_random_farthestpose/eval_results.json,counter_2_n5_s42_c0.0_p100000_random_farthestpose,counter_2_n5_s42_c0.0_p100000_random_farthestpose_i5_gteval_poseopt_depthfull_dl1.0_confdisabled_steps15000_val_step14999.json,100000,vggt | full,5.0
vggt,5,42,0.0,100000,random,,,,0,10,farthestpose,5,GT Eval,,,,Pose Opt,,,full,,1.0,,vggt,bicycle,,,15000,15000,,MCMC,,,,,,,,,,,gsplat,outdoor,12.071630477905273,0.6454141139984131,0.11109236627817154,1000000,0.027645209804177284,3.4423012733459473,,,-0.20345601691217513,0.5500988983003707,100000,/home/ojab2/work/git/gsplat/results/vggt_outputs/bicycle_4_n5_s42_c0.0_p100000_random_farthestpose_i5_gteval_poseopt_depthfull_dl1.0_confdisabled_steps15000/stats/val_step14999.json,/home/ojab2/work/git/gsplat/results/vggt_outputs/bicycle_4_n5_s42_c0.0_p100000_random_farthestpose_i5_gteval_poseopt_depthfull_dl1.0_confdisabled_steps15000/stats/val_step14999.json,bicycle_4_n5_s42_c0.0_p100000_random_farthestpose_i5_gteval_poseopt_depthfull_dl1.0_confdisabled_steps15000,3.5379,0.168365,5,6.006836,,,,/home/ojab2/work/git/vggt/vggt_outputs/bicycle_4_n5_s42_c0.0_p100000_random_farthestpose/eval_results.json,bicycle_4_n5_s42_c0.0_p100000_random_farthestpose,bicycle_4_n5_s42_c0.0_p100000_random_farthestpose_i5_gteval_poseopt_depthfull_dl1.0_confdisabled_steps15000_val_step14999.json,100000,vggt | full,5.0
vggt,5,42,0.0,100000,random,,,,0,10,farthestpose,5,GT Eval,,,,Pose Opt,,,full,,1.0,,vggt,garden,,,15000,15000,,MCMC,,,,,,,,,,,gsplat,outdoor,14.671725273132324,0.4851909279823303,0.22594282031059265,1000000,0.005769156385213137,0.820559024810791,,,0.010761096153730294,0.46636728727253474,100000,/home/ojab2/work/git/gsplat/results/vggt_outputs/garden_2_n5_s42_c0.0_p100000_random_farthestpose_i5_gteval_poseopt_depthfull_dl1.0_confdisabled_steps15000/stats/val_step14999.json,/home/ojab2/work/git/gsplat/results/vggt_outputs/garden_2_n5_s42_c0.0_p100000_random_farthestpose_i5_gteval_poseopt_depthfull_dl1.0_confdisabled_steps15000/stats/val_step14999.json,garden_2_n5_s42_c0.0_p100000_random_farthestpose_i5_gteval_poseopt_depthfull_dl1.0_confdisabled_steps15000,0.92,0.033259,5,6.575757,,,,/home/ojab2/work/git/vggt/vggt_outputs/garden_2_n5_s42_c0.0_p100000_random_farthestpose/eval_results.json,garden_2_n5_s42_c0.0_p100000_random_farthestpose,garden_2_n5_s42_c0.0_p100000_random_farthestpose_i5_gteval_poseopt_depthfull_dl1.0_confdisabled_steps15000_val_step14999.json,100000,vggt | full,5.0
vggt,5,42,0.0,100000,random,,,,0,10,farthestpose,5,GT Eval,,,,Pose Opt,,,full,,1.0,,vggt,stump,,,15000,15000,,MCMC,,,,,,,,,,,gsplat,outdoor,14.512951850891113,0.6301659345626831,0.2299746572971344,1000000,0.14315351843833923,2.5291895866394043,,,-0.07931209780164464,0.5143508316697807,100000,/home/ojab2/work/git/gsplat/results/vggt_outputs/stump_2_n5_s42_c0.0_p100000_random_farthestpose_i5_gteval_poseopt_depthfull_dl1.0_confdisabled_steps15000/stats/val_step14999.json,/home/ojab2/work/git/gsplat/results/vggt_outputs/stump_2_n5_s42_c0.0_p100000_random_farthestpose_i5_gteval_poseopt_depthfull_dl1.0_confdisabled_steps15000/stats/val_step14999.json,stump_2_n5_s42_c0.0_p100000_random_farthestpose_i5_gteval_poseopt_depthfull_dl1.0_confdisabled_steps15000,2.5661,0.583039,5,6.314052,,,,/home/ojab2/work/git/vggt/vggt_outputs/stump_2_n5_s42_c0.0_p100000_random_farthestpose/eval_results.json,stump_2_n5_s42_c0.0_p100000_random_farthestpose,stump_2_n5_s42_c0.0_p100000_random_farthestpose_i5_gteval_poseopt_depthfull_dl1.0_confdisabled_steps15000_val_step14999.json,100000,vggt | full,5.0
vggt,5,42,0.0,100000,random,,,,0,10,farthestpose,5,GT Eval,,,,Pose Opt,,,full,,1.0,,vggt,lego,,,15000,15000,,MCMC,,,,,,,,,,,gsplat,synthetic,12.538820266723633,0.418750137090683,0.5693713426589966,1000000,0.02592291496694088,3.293809413909912,0.2872520387172699,0.08802812546491623,0.21311108236424403,0.3769022912406097,100000,/home/ojab2/work/git/gsplat/results/vggt_outputs/lego_1_n5_s42_c0.0_p100000_random_farthestpose_i5_gteval_poseopt_depthfull_dl1.0_confdisabled_steps15000/stats/val_step14999.json,/home/ojab2/work/git/gsplat/results/vggt_outputs/lego_1_n5_s42_c0.0_p100000_random_farthestpose_i5_gteval_poseopt_depthfull_dl1.0_confdisabled_steps15000/stats/val_step14999.json,lego_1_n5_s42_c0.0_p100000_random_farthestpose_i5_gteval_poseopt_depthfull_dl1.0_confdisabled_steps15000,3.4942,0.128822,5,4.022111,0.0781,0.0222,0.1114,/home/ojab2/work/git/vggt/vggt_outputs/lego_1_n5_s42_c0.0_p100000_random_farthestpose/eval_results.json,lego_1_n5_s42_c0.0_p100000_random_farthestpose,lego_1_n5_s42_c0.0_p100000_random_farthestpose_i5_gteval_poseopt_depthfull_dl1.0_confdisabled_steps15000_val_step14999.json,100000,vggt | full,5.0
vggt,5,42,0.0,100000,random,,,,0,10,farthestpose,5,GT Eval,,,,Pose Opt,,,full,,1.0,,vggt,ship,,,15000,15000,,MCMC,,,,,,,,,,,gsplat,synthetic,19.669845581054688,0.22474615275859833,0.6711738705635071,1000000,0.005129341036081314,0.4535108506679535,0.13474313914775848,0.038177136331796646,0.5244562946371323,0.2696565449534901,100000,/home/ojab2/work/git/gsplat/results/vggt_outputs/ship_1_n5_s42_c0.0_p100000_random_farthestpose_i5_gteval_poseopt_depthfull_dl1.0_confdisabled_steps15000/stats/val_step14999.json,/home/ojab2/work/git/gsplat/results/vggt_outputs/ship_1_n5_s42_c0.0_p100000_random_farthestpose_i5_gteval_poseopt_depthfull_dl1.0_confdisabled_steps15000/stats/val_step14999.json,ship_1_n5_s42_c0.0_p100000_random_farthestpose_i5_gteval_poseopt_depthfull_dl1.0_confdisabled_steps15000,0.5094,0.026414,5,4.184387,0.0934,0.0263,0.2262,/home/ojab2/work/git/vggt/vggt_outputs/ship_1_n5_s42_c0.0_p100000_random_farthestpose/eval_results.json,ship_1_n5_s42_c0.0_p100000_random_farthestpose,ship_1_n5_s42_c0.0_p100000_random_farthestpose_i5_gteval_poseopt_depthfull_dl1.0_confdisabled_steps15000_val_step14999.json,100000,vggt | full,5.0
vggt,5,42,0.0,100000,random,,,,0,10,farthestpose,5,GT Eval,,,,Pose Opt,,,full,,1.0,,vggt,drums,,,15000,15000,,MCMC,,,,,,,,,,,gsplat,synthetic,12.482766151428223,0.43328461050987244,0.5765387415885925,1000000,0.015309500508010387,0.9808715581893921,0.30089613795280457,0.09628339856863022,0.20729260738210445,0.3801604487886443,100000,/home/ojab2/work/git/gsplat/results/vggt_outputs/drums_1_n5_s42_c0.0_p100000_random_farthestpose_i5_gteval_poseopt_depthfull_dl1.0_confdisabled_steps15000/stats/val_step14999.json,/home/ojab2/work/git/gsplat/results/vggt_outputs/drums_1_n5_s42_c0.0_p100000_random_farthestpose_i5_gteval_poseopt_depthfull_dl1.0_confdisabled_steps15000/stats/val_step14999.json,drums_1_n5_s42_c0.0_p100000_random_farthestpose_i5_gteval_poseopt_depthfull_dl1.0_confdisabled_steps15000,0.9519,0.082748,5,3.925482,0.1071,0.0297,0.1585,/home/ojab2/work/git/vggt/vggt_outputs/drums_1_n5_s42_c0.0_p100000_random_farthestpose/eval_results.json,drums_1_n5_s42_c0.0_p100000_random_farthestpose,drums_1_n5_s42_c0.0_p100000_random_farthestpose_i5_gteval_poseopt_depthfull_dl1.0_confdisabled_steps15000_val_step14999.json,100000,vggt | full,5.0
vggt,10,42,0.0,100000,random,,,,0,10,farthestpose,10,GT Eval,,,,Pose Opt,,,full,,1.0,,vggt,bonsai,,,15000,15000,,MCMC,,,,,,,,,,,gsplat,indoor,14.106234550476074,0.5348793268203735,0.41173121333122253,1000000,0.023167787119746208,1.1533132791519165,,,0.07826537765257542,0.446904951566098,100000,/home/ojab2/work/git/gsplat/results/vggt_outputs/bonsai_2_n10_s42_c0.0_p100000_random_farthestpose_i10_gteval_poseopt_depthfull_dl1.0_confdisabled_steps15000/stats/val_step14999.json,/home/ojab2/work/git/gsplat/results/vggt_outputs/bonsai_2_n10_s42_c0.0_p100000_random_farthestpose_i10_gteval_poseopt_depthfull_dl1.0_confdisabled_steps15000/stats/val_step14999.json,bonsai_2_n10_s42_c0.0_p100000_random_farthestpose_i10_gteval_poseopt_depthfull_dl1.0_confdisabled_steps15000,1.2121,0.105759,10,7.840031,,,,/home/ojab2/work/git/vggt/vggt_outputs/bonsai_2_n10_s42_c0.0_p100000_random_farthestpose/eval_results.json,bonsai_2_n10_s42_c0.0_p100000_random_farthestpose,bonsai_2_n10_s42_c0.0_p100000_random_farthestpose_i10_gteval_poseopt_depthfull_dl1.0_confdisabled_steps15000_val_step14999.json,100000,vggt | full,10.0
vggt,10,42,0.0,100000,random,,,,0,10,farthestpose,10,GT Eval,,,,Pose Opt,,,full,,1.0,,vggt,kitchen,,,15000,15000,,MCMC,,,,,,,,,,,gsplat,indoor,16.152029037475586,0.3622223436832428,0.35156551003456116,1000000,0.007011298090219498,0.3843281865119934,,,0.18754422358679573,0.3972438038365334,100000,/home/ojab2/work/git/gsplat/results/vggt_outputs/kitchen_2_n10_s42_c0.0_p100000_random_farthestpose_i10_gteval_poseopt_depthfull_dl1.0_confdisabled_steps15000/stats/val_step14999.json,/home/ojab2/work/git/gsplat/results/vggt_outputs/kitchen_2_n10_s42_c0.0_p100000_random_farthestpose_i10_gteval_poseopt_depthfull_dl1.0_confdisabled_steps15000/stats/val_step14999.json,kitchen_2_n10_s42_c0.0_p100000_random_farthestpose_i10_gteval_poseopt_depthfull_dl1.0_confdisabled_steps15000,0.313,0.033085,10,4.824765,,,,/home/ojab2/work/git/vggt/vggt_outputs/kitchen_2_n10_s42_c0.0_p100000_random_farthestpose/eval_results.json,kitchen_2_n10_s42_c0.0_p100000_random_farthestpose,kitchen_2_n10_s42_c0.0_p100000_random_farthestpose_i10_gteval_poseopt_depthfull_dl1.0_confdisabled_steps15000_val_step14999.json,100000,vggt | full,10.0
vggt,10,42,0.0,100000,random,,,,0,10,farthestpose,10,GT Eval,,,,Pose Opt,,,full,,1.0,,vggt,counter,,,15000,15000,,MCMC,,,,,,,,,,,gsplat,indoor,14.249979972839355,0.5041077733039856,0.41595062613487244,1000000,0.00995666440576315,0.937637984752655,,,0.10238960890742073,0.4353076392248168,100000,/home/ojab2/work/git/gsplat/results/vggt_outputs/counter_2_n10_s42_c0.0_p100000_random_farthestpose_i10_gteval_poseopt_depthfull_dl1.0_confdisabled_steps15000/stats/val_step14999.json,/home/ojab2/work/git/gsplat/results/vggt_outputs/counter_2_n10_s42_c0.0_p100000_random_farthestpose_i10_gteval_poseopt_depthfull_dl1.0_confdisabled_steps15000/stats/val_step14999.json,counter_2_n10_s42_c0.0_p100000_random_farthestpose_i10_gteval_poseopt_depthfull_dl1.0_confdisabled_steps15000,1.0595,0.054762,10,4.672631,,,,/home/ojab2/work/git/vggt/vggt_outputs/counter_2_n10_s42_c0.0_p100000_random_farthestpose/eval_results.json,counter_2_n10_s42_c0.0_p100000_random_farthestpose,counter_2_n10_s42_c0.0_p100000_random_farthestpose_i10_gteval_poseopt_depthfull_dl1.0_confdisabled_steps15000_val_step14999.json,100000,vggt | full,10.0
vggt,10,42,0.0,100000,random,,,,0,10,farthestpose,10,GT Eval,,,,Pose Opt,,,full,,1.0,,vggt,bicycle,,,15000,15000,,MCMC,,,,,,,,,,,gsplat,outdoor,13.88463020324707,0.552331268787384,0.15546855330467224,1000000,0.031988807022571564,1.6012887954711914,,,-0.08647241493259794,0.5040658819159529,100000,/home/ojab2/work/git/gsplat/results/vggt_outputs/bicycle_4_n10_s42_c0.0_p100000_random_farthestpose_i10_gteval_poseopt_depthfull_dl1.0_confdisabled_steps15000/stats/val_step14999.json,/home/ojab2/work/git/gsplat/results/vggt_outputs/bicycle_4_n10_s42_c0.0_p100000_random_farthestpose_i10_gteval_poseopt_depthfull_dl1.0_confdisabled_steps15000/stats/val_step14999.json,bicycle_4_n10_s42_c0.0_p100000_random_farthestpose_i10_gteval_poseopt_depthfull_dl1.0_confdisabled_steps15000,1.7481,0.149304,10,6.38044,,,,/home/ojab2/work/git/vggt/vggt_outputs/bicycle_4_n10_s42_c0.0_p100000_random_farthestpose/eval_results.json,bicycle_4_n10_s42_c0.0_p100000_random_farthestpose,bicycle_4_n10_s42_c0.0_p100000_random_farthestpose_i10_gteval_poseopt_depthfull_dl1.0_confdisabled_steps15000_val_step14999.json,100000,vggt | full,10.0
vggt,10,42,0.0,100000,random,,,,0,10,farthestpose,10,GT Eval,,,,Pose Opt,,,full,,1.0,,vggt,garden,,,15000,15000,,MCMC,,,,,,,,,,,gsplat,outdoor,16.631683349609375,0.4021511673927307,0.2738850712776184,1000000,0.008160129189491272,0.2956046164035797,,,0.126352131637836,0.4253311782577033,100000,/home/ojab2/work/git/gsplat/results/vggt_outputs/garden_2_n10_s42_c0.0_p100000_random_farthestpose_i10_gteval_poseopt_depthfull_dl1.0_confdisabled_steps15000/stats/val_step14999.json,/home/ojab2/work/git/gsplat/results/vggt_outputs/garden_2_n10_s42_c0.0_p100000_random_farthestpose_i10_gteval_poseopt_depthfull_dl1.0_confdisabled_steps15000/stats/val_step14999.json,garden_2_n10_s42_c0.0_p100000_random_farthestpose_i10_gteval_poseopt_depthfull_dl1.0_confdisabled_steps15000,0.7164,0.041493,10,6.042358,,,,/home/ojab2/work/git/vggt/vggt_outputs/garden_2_n10_s42_c0.0_p100000_random_farthestpose/eval_results.json,garden_2_n10_s42_c0.0_p100000_random_farthestpose,garden_2_n10_s42_c0.0_p100000_random_farthestpose_i10_gteval_poseopt_depthfull_dl1.0_confdisabled_steps15000_val_step14999.json,100000,vggt | full,10.0
vggt,10,42,0.0,100000,random,,,,0,10,farthestpose,10,GT Eval,,,,Pose Opt,,,full,,1.0,,vggt,stump,,,15000,15000,,MCMC,,,,,,,,,,,gsplat,outdoor,15.26652717590332,0.6049647927284241,0.29217880964279175,1000000,0.11430499702692032,2.4021201133728027,,,-0.013424041520627409,0.49200877454815095,100000,/home/ojab2/work/git/gsplat/results/vggt_outputs/stump_2_n10_s42_c0.0_p100000_random_farthestpose_i10_gteval_poseopt_depthfull_dl1.0_confdisabled_steps15000/stats/val_step14999.json,/home/ojab2/work/git/gsplat/results/vggt_outputs/stump_2_n10_s42_c0.0_p100000_random_farthestpose_i10_gteval_poseopt_depthfull_dl1.0_confdisabled_steps15000/stats/val_step14999.json,stump_2_n10_s42_c0.0_p100000_random_farthestpose_i10_gteval_poseopt_depthfull_dl1.0_confdisabled_steps15000,2.3893,0.483844,10,7.015653,,,,/home/ojab2/work/git/vggt/vggt_outputs/stump_2_n10_s42_c0.0_p100000_random_farthestpose/eval_results.json,stump_2_n10_s42_c0.0_p100000_random_farthestpose,stump_2_n10_s42_c0.0_p100000_random_farthestpose_i10_gteval_poseopt_depthfull_dl1.0_confdisabled_steps15000_val_step14999.json,100000,vggt | full,10.0
vggt,10,42,0.0,100000,random,,,,0,10,farthestpose,10,GT Eval,,,,Pose Opt,,,full,,1.0,,vggt,lego,,,15000,15000,,MCMC,,,,,,,,,,,gsplat,synthetic,13.506551742553711,0.3445596694946289,0.6126922369003296,1000000,0.032273996621370316,2.4647116661071777,0.16855715215206146,0.04774477332830429,0.3021624768376738,0.33716708180800414,100000,/home/ojab2/work/git/gsplat/results/vggt_outputs/lego_1_n10_s42_c0.0_p100000_random_farthestpose_i10_gteval_poseopt_depthfull_dl1.0_confdisabled_steps15000/stats/val_step14999.json,/home/ojab2/work/git/gsplat/results/vggt_outputs/lego_1_n10_s42_c0.0_p100000_random_farthestpose_i10_gteval_poseopt_depthfull_dl1.0_confdisabled_steps15000/stats/val_step14999.json,lego_1_n10_s42_c0.0_p100000_random_farthestpose_i10_gteval_poseopt_depthfull_dl1.0_confdisabled_steps15000,2.5484,0.158437,10,4.111717,0.0943,0.0269,0.1191,/home/ojab2/work/git/vggt/vggt_outputs/lego_1_n10_s42_c0.0_p100000_random_farthestpose/eval_results.json,lego_1_n10_s42_c0.0_p100000_random_farthestpose,lego_1_n10_s42_c0.0_p100000_random_farthestpose_i10_gteval_poseopt_depthfull_dl1.0_confdisabled_steps15000_val_step14999.json,100000,vggt | full,10.0
vggt,10,42,0.0,100000,random,,,,0,10,farthestpose,10,GT Eval,,,,Pose Opt,,,full,,1.0,,vggt,ship,,,15000,15000,,MCMC,,,,,,,,,,,gsplat,synthetic,21.074493408203125,0.16332323849201202,0.7011909484863281,1000000,0.0033461577259004116,0.262024849653244,0.10619167983531952,0.030517833307385445,0.6059375173515744,0.23925524258949898,100000,/home/ojab2/work/git/gsplat/results/vggt_outputs/ship_1_n10_s42_c0.0_p100000_random_farthestpose_i10_gteval_poseopt_depthfull_dl1.0_confdisabled_steps15000/stats/val_step14999.json,/home/ojab2/work/git/gsplat/results/vggt_outputs/ship_1_n10_s42_c0.0_p100000_random_farthestpose_i10_gteval_poseopt_depthfull_dl1.0_confdisabled_steps15000/stats/val_step14999.json,ship_1_n10_s42_c0.0_p100000_random_farthestpose_i10_gteval_poseopt_depthfull_dl1.0_confdisabled_steps15000,0.3226,0.021268,10,4.196754,0.0995,0.0276,0.2459,/home/ojab2/work/git/vggt/vggt_outputs/ship_1_n10_s42_c0.0_p100000_random_farthestpose/eval_results.json,ship_1_n10_s42_c0.0_p100000_random_farthestpose,ship_1_n10_s42_c0.0_p100000_random_farthestpose_i10_gteval_poseopt_depthfull_dl1.0_confdisabled_steps15000_val_step14999.json,100000,vggt | full,10.0
vggt,10,42,0.0,100000,random,,,,0,10,farthestpose,10,GT Eval,,,,Pose Opt,,,full,,1.0,,vggt,drums,,,15000,15000,,MCMC,,,,,,,,,,,gsplat,synthetic,12.605353355407715,0.4067106246948242,0.6089370846748352,1000000,0.017705999314785004,1.145597219467163,0.36875301599502563,0.09634579718112946,0.2449128352023317,0.36231574949219897,100000,/home/ojab2/work/git/gsplat/results/vggt_outputs/drums_1_n10_s42_c0.0_p100000_random_farthestpose_i10_gteval_poseopt_depthfull_dl1.0_confdisabled_steps15000/stats/val_step14999.json,/home/ojab2/work/git/gsplat/results/vggt_outputs/drums_1_n10_s42_c0.0_p100000_random_farthestpose_i10_gteval_poseopt_depthfull_dl1.0_confdisabled_steps15000/stats/val_step14999.json,drums_1_n10_s42_c0.0_p100000_random_farthestpose_i10_gteval_poseopt_depthfull_dl1.0_confdisabled_steps15000,1.1533,0.077913,10,3.951663,,,,/home/ojab2/work/git/vggt/vggt_outputs/drums_1_n10_s42_c0.0_p100000_random_farthestpose/eval_results.json,drums_1_n10_s42_c0.0_p100000_random_farthestpose,drums_1_n10_s42_c0.0_p100000_random_farthestpose_i10_gteval_poseopt_depthfull_dl1.0_confdisabled_steps15000_val_step14999.json,100000,vggt | full,10.0
vggt,20,42,0.0,100000,random,,,,0,10,farthestpose,20,GT Eval,,,,Pose Opt,,,full,,1.0,,vggt,bonsai,,,15000,15000,,MCMC,,,,,,,,,,,gsplat,indoor,16.299989700317383,0.43006521463394165,0.4996575117111206,1000000,0.01893802359700203,0.8044034838676453,,,0.23500943021235177,0.38695215796793164,100000,/home/ojab2/work/git/gsplat/results/vggt_outputs/bonsai_2_n20_s42_c0.0_p100000_random_farthestpose_i20_gteval_poseopt_depthfull_dl1.0_confdisabled_steps15000/stats/val_step14999.json,/home/ojab2/work/git/gsplat/results/vggt_outputs/bonsai_2_n20_s42_c0.0_p100000_random_farthestpose_i20_gteval_poseopt_depthfull_dl1.0_confdisabled_steps15000/stats/val_step14999.json,bonsai_2_n20_s42_c0.0_p100000_random_farthestpose_i20_gteval_poseopt_depthfull_dl1.0_confdisabled_steps15000,0.8715,0.105606,20,7.855938,,,,/home/ojab2/work/git/vggt/vggt_outputs/bonsai_2_n20_s42_c0.0_p100000_random_farthestpose/eval_results.json,bonsai_2_n20_s42_c0.0_p100000_random_farthestpose,bonsai_2_n20_s42_c0.0_p100000_random_farthestpose_i20_gteval_poseopt_depthfull_dl1.0_confdisabled_steps15000_val_step14999.json,100000,vggt | full,20.0
vggt,20,42,0.0,100000,random,,,,0,10,farthestpose,20,GT Eval,,,,Pose Opt,,,full,,1.0,,vggt,kitchen,,,15000,15000,,MCMC,,,,,,,,,,,gsplat,indoor,16.413503646850586,0.3408755660057068,0.3989662230014801,1000000,0.006089631002396345,0.26393693685531616,,,0.23328308442570006,0.37965893492379876,100000,/home/ojab2/work/git/gsplat/results/vggt_outputs/kitchen_2_n20_s42_c0.0_p100000_random_farthestpose_i20_gteval_poseopt_depthfull_dl1.0_confdisabled_steps15000/stats/val_step14999.json,/home/ojab2/work/git/gsplat/results/vggt_outputs/kitchen_2_n20_s42_c0.0_p100000_random_farthestpose_i20_gteval_poseopt_depthfull_dl1.0_confdisabled_steps15000/stats/val_step14999.json,kitchen_2_n20_s42_c0.0_p100000_random_farthestpose_i20_gteval_poseopt_depthfull_dl1.0_confdisabled_steps15000,0.3053,0.029336,20,4.779324,,,,/home/ojab2/work/git/vggt/vggt_outputs/kitchen_2_n20_s42_c0.0_p100000_random_farthestpose/eval_results.json,kitchen_2_n20_s42_c0.0_p100000_random_farthestpose,kitchen_2_n20_s42_c0.0_p100000_random_farthestpose_i20_gteval_poseopt_depthfull_dl1.0_confdisabled_steps15000_val_step14999.json,100000,vggt | full,20.0
vggt,20,42,0.0,100000,random,,,,0,10,farthestpose,20,GT Eval,,,,Pose Opt,,,full,,1.0,,vggt,counter,,,15000,15000,,MCMC,,,,,,,,,,,gsplat,indoor,16.30850601196289,0.3982497453689575,0.49058419466018677,1000000,0.0061630979180336,0.4041473865509033,,,0.2495002848827816,0.378459957467771,100000,/home/ojab2/work/git/gsplat/results/vggt_outputs/counter_2_n20_s42_c0.0_p100000_random_farthestpose_i20_gteval_poseopt_depthfull_dl1.0_confdisabled_steps15000/stats/val_step14999.json,/home/ojab2/work/git/gsplat/results/vggt_outputs/counter_2_n20_s42_c0.0_p100000_random_farthestpose_i20_gteval_poseopt_depthfull_dl1.0_confdisabled_steps15000/stats/val_step14999.json,counter_2_n20_s42_c0.0_p100000_random_farthestpose_i20_gteval_poseopt_depthfull_dl1.0_confdisabled_steps15000,0.4873,0.036401,20,4.739446,,,,/home/ojab2/work/git/vggt/vggt_outputs/counter_2_n20_s42_c0.0_p100000_random_farthestpose/eval_results.json,counter_2_n20_s42_c0.0_p100000_random_farthestpose,counter_2_n20_s42_c0.0_p100000_random_farthestpose_i20_gteval_poseopt_depthfull_dl1.0_confdisabled_steps15000_val_step14999.json,100000,vggt | full,20.0
vggt,20,42,0.0,100000,random,,,,0,10,farthestpose,20,GT Eval,,,,Pose Opt,,,full,,1.0,,vggt,bicycle,,,15000,15000,,MCMC,,,,,,,,,,,gsplat,outdoor,15.716642379760742,0.4490553140640259,0.20456860959529877,1000000,0.025332961231470108,1.0804623365402222,,,0.03991780903062088,0.4559124408162956,100000,/home/ojab2/work/git/gsplat/results/vggt_outputs/bicycle_4_n20_s42_c0.0_p100000_random_farthestpose_i20_gteval_poseopt_depthfull_dl1.0_confdisabled_steps15000/stats/val_step14999.json,/home/ojab2/work/git/gsplat/results/vggt_outputs/bicycle_4_n20_s42_c0.0_p100000_random_farthestpose_i20_gteval_poseopt_depthfull_dl1.0_confdisabled_steps15000/stats/val_step14999.json,bicycle_4_n20_s42_c0.0_p100000_random_farthestpose_i20_gteval_poseopt_depthfull_dl1.0_confdisabled_steps15000,1.1489,0.123985,20,6.103919,,,,/home/ojab2/work/git/vggt/vggt_outputs/bicycle_4_n20_s42_c0.0_p100000_random_farthestpose/eval_results.json,bicycle_4_n20_s42_c0.0_p100000_random_farthestpose,bicycle_4_n20_s42_c0.0_p100000_random_farthestpose_i20_gteval_poseopt_depthfull_dl1.0_confdisabled_steps15000_val_step14999.json,100000,vggt | full,20.0
vggt,20,42,0.0,100000,random,,,,0,10,farthestpose,20,GT Eval,,,,Pose Opt,,,full,,1.0,,vggt,garden,,,15000,15000,,MCMC,,,,,,,,,,,gsplat,outdoor,18.928943634033203,0.31444495916366577,0.36046215891838074,1000000,0.0028287707827985287,0.09386816620826721,,,0.2736634992794064,0.37565099434221516,100000,/home/ojab2/work/git/gsplat/results/vggt_outputs/garden_2_n20_s42_c0.0_p100000_random_farthestpose_i20_gteval_poseopt_depthfull_dl1.0_confdisabled_steps15000/stats/val_step14999.json,/home/ojab2/work/git/gsplat/results/vggt_outputs/garden_2_n20_s42_c0.0_p100000_random_farthestpose_i20_gteval_poseopt_depthfull_dl1.0_confdisabled_steps15000/stats/val_step14999.json,garden_2_n20_s42_c0.0_p100000_random_farthestpose_i20_gteval_poseopt_depthfull_dl1.0_confdisabled_steps15000,0.304,0.021383,20,6.348589,,,,/home/ojab2/work/git/vggt/vggt_outputs/garden_2_n20_s42_c0.0_p100000_random_farthestpose/eval_results.json,garden_2_n20_s42_c0.0_p100000_random_farthestpose,garden_2_n20_s42_c0.0_p100000_random_farthestpose_i20_gteval_poseopt_depthfull_dl1.0_confdisabled_steps15000_val_step14999.json,100000,vggt | full,20.0
vggt,20,42,0.0,100000,random,,,,0,10,farthestpose,20,GT Eval,,,,Pose Opt,,,full,,1.0,,vggt,stump,,,15000,15000,,MCMC,,,,,,,,,,,gsplat,outdoor,16.15569305419922,0.5478293895721436,0.3058602809906006,1000000,0.0700920894742012,1.4448926448822021,,,0.04631162108036516,0.46840472652294285,100000,/home/ojab2/work/git/gsplat/results/vggt_outputs/stump_2_n20_s42_c0.0_p100000_random_farthestpose_i20_gteval_poseopt_depthfull_dl1.0_confdisabled_steps15000/stats/val_step14999.json,/home/ojab2/work/git/gsplat/results/vggt_outputs/stump_2_n20_s42_c0.0_p100000_random_farthestpose_i20_gteval_poseopt_depthfull_dl1.0_confdisabled_steps15000/stats/val_step14999.json,stump_2_n20_s42_c0.0_p100000_random_farthestpose_i20_gteval_poseopt_depthfull_dl1.0_confdisabled_steps15000,1.5109,0.298849,20,6.02322,,,,/home/ojab2/work/git/vggt/vggt_outputs/stump_2_n20_s42_c0.0_p100000_random_farthestpose/eval_results.json,stump_2_n20_s42_c0.0_p100000_random_farthestpose,stump_2_n20_s42_c0.0_p100000_random_farthestpose_i20_gteval_poseopt_depthfull_dl1.0_confdisabled_steps15000_val_step14999.json,100000,vggt | full,20.0
vggt,20,42,0.0,100000,random,,,,0,10,farthestpose,20,GT Eval,,,,Pose Opt,,,full,,1.0,,vggt,lego,,,15000,15000,,MCMC,,,,,,,,,,,gsplat,synthetic,13.539888381958008,0.3174367845058441,0.6239428520202637,1000000,0.02940104901790619,2.1321308612823486,0.15977883338928223,0.042593613266944885,0.32610165069752345,0.32497724839746067,100000,/home/ojab2/work/git/gsplat/results/vggt_outputs/lego_1_n20_s42_c0.0_p100000_random_farthestpose_i20_gteval_poseopt_depthfull_dl1.0_confdisabled_steps15000/stats/val_step14999.json,/home/ojab2/work/git/gsplat/results/vggt_outputs/lego_1_n20_s42_c0.0_p100000_random_farthestpose_i20_gteval_poseopt_depthfull_dl1.0_confdisabled_steps15000/stats/val_step14999.json,lego_1_n20_s42_c0.0_p100000_random_farthestpose_i20_gteval_poseopt_depthfull_dl1.0_confdisabled_steps15000,2.282,0.136623,20,4.112991,0.0677,0.0193,0.1011,/home/ojab2/work/git/vggt/vggt_outputs/lego_1_n20_s42_c0.0_p100000_random_farthestpose/eval_results.json,lego_1_n20_s42_c0.0_p100000_random_farthestpose,lego_1_n20_s42_c0.0_p100000_random_farthestpose_i20_gteval_poseopt_depthfull_dl1.0_confdisabled_steps15000_val_step14999.json,100000,vggt | full,20.0
vggt,20,42,0.0,100000,random,,,,0,10,farthestpose,20,GT Eval,,,,Pose Opt,,,full,,1.0,,vggt,ship,,,15000,15000,,MCMC,,,,,,,,,,,gsplat,synthetic,22.57213020324707,0.13244295120239258,0.7389494776725769,1000000,0.004104724619537592,0.2567747235298157,0.09134910255670547,0.02379416674375534,0.6748144490289718,0.2163015911991863,100000,/home/ojab2/work/git/gsplat/results/vggt_outputs/ship_1_n20_s42_c0.0_p100000_random_farthestpose_i20_gteval_poseopt_depthfull_dl1.0_confdisabled_steps15000/stats/val_step14999.json,/home/ojab2/work/git/gsplat/results/vggt_outputs/ship_1_n20_s42_c0.0_p100000_random_farthestpose_i20_gteval_poseopt_depthfull_dl1.0_confdisabled_steps15000/stats/val_step14999.json,ship_1_n20_s42_c0.0_p100000_random_farthestpose_i20_gteval_poseopt_depthfull_dl1.0_confdisabled_steps15000,0.3689,0.022972,20,4.180749,0.0975,0.0269,0.2478,/home/ojab2/work/git/vggt/vggt_outputs/ship_1_n20_s42_c0.0_p100000_random_farthestpose/eval_results.json,ship_1_n20_s42_c0.0_p100000_random_farthestpose,ship_1_n20_s42_c0.0_p100000_random_farthestpose_i20_gteval_poseopt_depthfull_dl1.0_confdisabled_steps15000_val_step14999.json,100000,vggt | full,20.0
vggt,20,42,0.0,100000,random,,,,0,10,farthestpose,20,GT Eval,,,,Pose Opt,,,full,,1.0,,vggt,drums,,,15000,15000,,MCMC,,,,,,,,,,,gsplat,synthetic,13.225645065307617,0.33676260709762573,0.6617976427078247,1000000,0.010120371356606483,0.8527234196662903,0.3406711220741272,0.10010236501693726,0.33049011439607856,0.3219651663405285,100000,/home/ojab2/work/git/gsplat/results/vggt_outputs/drums_1_n20_s42_c0.0_p100000_random_farthestpose_i20_gteval_poseopt_depthfull_dl1.0_confdisabled_steps15000/stats/val_step14999.json,/home/ojab2/work/git/gsplat/results/vggt_outputs/drums_1_n20_s42_c0.0_p100000_random_farthestpose_i20_gteval_poseopt_depthfull_dl1.0_confdisabled_steps15000/stats/val_step14999.json,drums_1_n20_s42_c0.0_p100000_random_farthestpose_i20_gteval_poseopt_depthfull_dl1.0_confdisabled_steps15000,0.8537,0.052643,20,3.984908,,,,/home/ojab2/work/git/vggt/vggt_outputs/drums_1_n20_s42_c0.0_p100000_random_farthestpose/eval_results.json,drums_1_n20_s42_c0.0_p100000_random_farthestpose,drums_1_n20_s42_c0.0_p100000_random_farthestpose_i20_gteval_poseopt_depthfull_dl1.0_confdisabled_steps15000_val_step14999.json,100000,vggt | full,20.0
vggt,30,42,0.0,100000,random,,,,0,10,farthestpose,30,GT Eval,,,,Pose Opt,,,full,,1.0,,vggt,bonsai,,,15000,15000,,MCMC,,,,,,,,,,,gsplat,indoor,16.212940216064453,0.43554720282554626,0.5049737691879272,1000000,0.01879526488482952,0.9454103708267212,,,0.23312238189909196,0.38768172268155904,100000,/home/ojab2/work/git/gsplat/results/vggt_outputs/bonsai_2_n30_s42_c0.0_p100000_random_farthestpose_i30_gteval_poseopt_depthfull_dl1.0_confdisabled_steps15000/stats/val_step14999.json,/home/ojab2/work/git/gsplat/results/vggt_outputs/bonsai_2_n30_s42_c0.0_p100000_random_farthestpose_i30_gteval_poseopt_depthfull_dl1.0_confdisabled_steps15000/stats/val_step14999.json,bonsai_2_n30_s42_c0.0_p100000_random_farthestpose_i30_gteval_poseopt_depthfull_dl1.0_confdisabled_steps15000,1.0012,0.109652,30,7.831735,,,,/home/ojab2/work/git/vggt/vggt_outputs/bonsai_2_n30_s42_c0.0_p100000_random_farthestpose/eval_results.json,bonsai_2_n30_s42_c0.0_p100000_random_farthestpose,bonsai_2_n30_s42_c0.0_p100000_random_farthestpose_i30_gteval_poseopt_depthfull_dl1.0_confdisabled_steps15000_val_step14999.json,100000,vggt | full,30.0
vggt,30,42,0.0,100000,random,,,,0,10,farthestpose,30,GT Eval,,,,Pose Opt,,,full,,1.0,,vggt,kitchen,,,15000,15000,,MCMC,,,,,,,,,,,gsplat,indoor,17.627044677734375,0.26696205139160156,0.4371372163295746,1000000,0.005269907880574465,0.19122913479804993,,,0.3237039111046298,0.34482466507548515,100000,/home/ojab2/work/git/gsplat/results/vggt_outputs/kitchen_2_n30_s42_c0.0_p100000_random_farthestpose_i30_gteval_poseopt_depthfull_dl1.0_confdisabled_steps15000/stats/val_step14999.json,/home/ojab2/work/git/gsplat/results/vggt_outputs/kitchen_2_n30_s42_c0.0_p100000_random_farthestpose_i30_gteval_poseopt_depthfull_dl1.0_confdisabled_steps15000/stats/val_step14999.json,kitchen_2_n30_s42_c0.0_p100000_random_farthestpose_i30_gteval_poseopt_depthfull_dl1.0_confdisabled_steps15000,0.2666,0.028095,30,4.29831,,,,/home/ojab2/work/git/vggt/vggt_outputs/kitchen_2_n30_s42_c0.0_p100000_random_farthestpose/eval_results.json,kitchen_2_n30_s42_c0.0_p100000_random_farthestpose,kitchen_2_n30_s42_c0.0_p100000_random_farthestpose_i30_gteval_poseopt_depthfull_dl1.0_confdisabled_steps15000_val_step14999.json,100000,vggt | full,30.0
vggt,30,42,0.0,100000,random,,,,0,10,farthestpose,30,GT Eval,,,,Pose Opt,,,full,,1.0,,vggt,counter,,,15000,15000,,MCMC,,,,,,,,,,,gsplat,indoor,17.28729248046875,0.3585645854473114,0.5289648771286011,1000000,0.006857902277261019,0.32567012310028076,,,0.31456781607157536,0.35452000243875526,100000,/home/ojab2/work/git/gsplat/results/vggt_outputs/counter_2_n30_s42_c0.0_p100000_random_farthestpose_i30_gteval_poseopt_depthfull_dl1.0_confdisabled_steps15000/stats/val_step14999.json,/home/ojab2/work/git/gsplat/results/vggt_outputs/counter_2_n30_s42_c0.0_p100000_random_farthestpose_i30_gteval_poseopt_depthfull_dl1.0_confdisabled_steps15000/stats/val_step14999.json,counter_2_n30_s42_c0.0_p100000_random_farthestpose_i30_gteval_poseopt_depthfull_dl1.0_confdisabled_steps15000,0.3534,0.03552,30,4.867009,,,,/home/ojab2/work/git/vggt/vggt_outputs/counter_2_n30_s42_c0.0_p100000_random_farthestpose/eval_results.json,counter_2_n30_s42_c0.0_p100000_random_farthestpose,counter_2_n30_s42_c0.0_p100000_random_farthestpose_i30_gteval_poseopt_depthfull_dl1.0_confdisabled_steps15000_val_step14999.json,100000,vggt | full,30.0
vggt,30,42,0.0,100000,random,,,,0,10,farthestpose,30,GT Eval,,,,Pose Opt,,,full,,1.0,,vggt,bicycle,,,15000,15000,,MCMC,,,,,,,,,,,gsplat,outdoor,16.446300506591797,0.4230666160583496,0.2287280559539795,1000000,0.017313692718744278,0.7704908847808838,,,0.08360073394477952,0.44131775185432265,100000,/home/ojab2/work/git/gsplat/results/vggt_outputs/bicycle_4_n30_s42_c0.0_p100000_random_farthestpose_i30_gteval_poseopt_depthfull_dl1.0_confdisabled_steps15000/stats/val_step14999.json,/home/ojab2/work/git/gsplat/results/vggt_outputs/bicycle_4_n30_s42_c0.0_p100000_random_farthestpose_i30_gteval_poseopt_depthfull_dl1.0_confdisabled_steps15000/stats/val_step14999.json,bicycle_4_n30_s42_c0.0_p100000_random_farthestpose_i30_gteval_poseopt_depthfull_dl1.0_confdisabled_steps15000,0.9302,0.091567,30,5.970149,,,,/home/ojab2/work/git/vggt/vggt_outputs/bicycle_4_n30_s42_c0.0_p100000_random_farthestpose/eval_results.json,bicycle_4_n30_s42_c0.0_p100000_random_farthestpose,bicycle_4_n30_s42_c0.0_p100000_random_farthestpose_i30_gteval_poseopt_depthfull_dl1.0_confdisabled_steps15000_val_step14999.json,100000,vggt | full,30.0
vggt,30,42,0.0,100000,random,,,,0,10,farthestpose,30,GT Eval,,,,Pose Opt,,,full,,1.0,,vggt,garden,,,15000,15000,,MCMC,,,,,,,,,,,gsplat,outdoor,19.64376449584961,0.2934890389442444,0.3960878252983093,1000000,0.0027534726541489363,0.07307114452123642,,,0.32067039889744,0.36048724871468985,100000,/home/ojab2/work/git/gsplat/results/vggt_outputs/garden_2_n30_s42_c0.0_p100000_random_farthestpose_i30_gteval_poseopt_depthfull_dl1.0_confdisabled_steps15000/stats/val_step14999.json,/home/ojab2/work/git/gsplat/results/vggt_outputs/garden_2_n30_s42_c0.0_p100000_random_farthestpose_i30_gteval_poseopt_depthfull_dl1.0_confdisabled_steps15000/stats/val_step14999.json,garden_2_n30_s42_c0.0_p100000_random_farthestpose_i30_gteval_poseopt_depthfull_dl1.0_confdisabled_steps15000,0.2764,0.019966,30,6.409383,,,,/home/ojab2/work/git/vggt/vggt_outputs/garden_2_n30_s42_c0.0_p100000_random_farthestpose/eval_results.json,garden_2_n30_s42_c0.0_p100000_random_farthestpose,garden_2_n30_s42_c0.0_p100000_random_farthestpose_i30_gteval_poseopt_depthfull_dl1.0_confdisabled_steps15000_val_step14999.json,100000,vggt | full,30.0
vggt,30,42,0.0,100000,random,,,,0,10,farthestpose,30,GT Eval,,,,Pose Opt,,,full,,1.0,,vggt,stump,,,15000,15000,,MCMC,,,,,,,,,,,gsplat,outdoor,17.15066909790039,0.520605206489563,0.3420819044113159,1000000,0.03234219551086426,0.8634464144706726,,,0.1027243905752181,0.45033299700802165,100000,/home/ojab2/work/git/gsplat/results/vggt_outputs/stump_2_n30_s42_c0.0_p100000_random_farthestpose_i30_gteval_poseopt_depthfull_dl1.0_confdisabled_steps15000/stats/val_step14999.json,/home/ojab2/work/git/gsplat/results/vggt_outputs/stump_2_n30_s42_c0.0_p100000_random_farthestpose_i30_gteval_poseopt_depthfull_dl1.0_confdisabled_steps15000/stats/val_step14999.json,stump_2_n30_s42_c0.0_p100000_random_farthestpose_i30_gteval_poseopt_depthfull_dl1.0_confdisabled_steps15000,1.2376,0.149617,30,5.436723,,,,/home/ojab2/work/git/vggt/vggt_outputs/stump_2_n30_s42_c0.0_p100000_random_farthestpose/eval_results.json,stump_2_n30_s42_c0.0_p100000_random_farthestpose,stump_2_n30_s42_c0.0_p100000_random_farthestpose_i30_gteval_poseopt_depthfull_dl1.0_confdisabled_steps15000_val_step14999.json,100000,vggt | full,30.0
vggt,30,42,0.0,100000,random,,,,0,10,farthestpose,30,GT Eval,,,,Pose Opt,,,full,,1.0,,vggt,lego,,,15000,15000,,MCMC,,,,,,,,,,,gsplat,synthetic,13.895721435546875,0.2984773814678192,0.6378123164176941,1000000,0.02725835330784321,2.070296049118042,0.1563134640455246,0.04162072390317917,0.3525052847918014,0.31369195717648946,100000,/home/ojab2/work/git/gsplat/results/vggt_outputs/lego_1_n30_s42_c0.0_p100000_random_farthestpose_i30_gteval_poseopt_depthfull_dl1.0_confdisabled_steps15000/stats/val_step14999.json,/home/ojab2/work/git/gsplat/results/vggt_outputs/lego_1_n30_s42_c0.0_p100000_random_farthestpose_i30_gteval_poseopt_depthfull_dl1.0_confdisabled_steps15000/stats/val_step14999.json,lego_1_n30_s42_c0.0_p100000_random_farthestpose_i30_gteval_poseopt_depthfull_dl1.0_confdisabled_steps15000,2.2232,0.131161,30,4.097326,0.0649,0.0185,0.0998,/home/ojab2/work/git/vggt/vggt_outputs/lego_1_n30_s42_c0.0_p100000_random_farthestpose/eval_results.json,lego_1_n30_s42_c0.0_p100000_random_farthestpose,lego_1_n30_s42_c0.0_p100000_random_farthestpose_i30_gteval_poseopt_depthfull_dl1.0_confdisabled_steps15000_val_step14999.json,100000,vggt | full,30.0
vggt,30,42,0.0,100000,random,,,,0,10,farthestpose,30,GT Eval,,,,Pose Opt,,,full,,1.0,,vggt,ship,,,15000,15000,,MCMC,,,,,,,,,,,gsplat,synthetic,22.058561325073242,0.1413440704345703,0.7182753682136536,1000000,0.0034809252247214317,0.21324819326400757,0.09359773993492126,0.024591630324721336,0.6477192737128225,0.2261155065000711,100000,/home/ojab2/work/git/gsplat/results/vggt_outputs/ship_1_n30_s42_c0.0_p100000_random_farthestpose_i30_gteval_poseopt_depthfull_dl1.0_confdisabled_steps15000/stats/val_step14999.json,/home/ojab2/work/git/gsplat/results/vggt_outputs/ship_1_n30_s42_c0.0_p100000_random_farthestpose_i30_gteval_poseopt_depthfull_dl1.0_confdisabled_steps15000/stats/val_step14999.json,ship_1_n30_s42_c0.0_p100000_random_farthestpose_i30_gteval_poseopt_depthfull_dl1.0_confdisabled_steps15000,0.274,0.019493,30,4.168125,0.1011,0.0278,0.258,/home/ojab2/work/git/vggt/vggt_outputs/ship_1_n30_s42_c0.0_p100000_random_farthestpose/eval_results.json,ship_1_n30_s42_c0.0_p100000_random_farthestpose,ship_1_n30_s42_c0.0_p100000_random_farthestpose_i30_gteval_poseopt_depthfull_dl1.0_confdisabled_steps15000_val_step14999.json,100000,vggt | full,30.0
vggt,30,42,0.0,100000,random,,,,0,10,farthestpose,30,GT Eval,,,,Pose Opt,,,full,,1.0,,vggt,drums,,,15000,15000,,MCMC,,,,,,,,,,,gsplat,synthetic,13.97821044921875,0.27855655550956726,0.6978873610496521,1000000,0.00829554907977581,0.6324405670166016,0.3211914300918579,0.09538827836513519,0.40146127031405615,0.2894050849206564,100000,/home/ojab2/work/git/gsplat/results/vggt_outputs/drums_1_n30_s42_c0.0_p100000_random_farthestpose_i30_gteval_poseopt_depthfull_dl1.0_confdisabled_steps15000/stats/val_step14999.json,/home/ojab2/work/git/gsplat/results/vggt_outputs/drums_1_n30_s42_c0.0_p100000_random_farthestpose_i30_gteval_poseopt_depthfull_dl1.0_confdisabled_steps15000/stats/val_step14999.json,drums_1_n30_s42_c0.0_p100000_random_farthestpose_i30_gteval_poseopt_depthfull_dl1.0_confdisabled_steps15000,0.6952,0.041396,30,4.001407,,,,/home/ojab2/work/git/vggt/vggt_outputs/drums_1_n30_s42_c0.0_p100000_random_farthestpose/eval_results.json,drums_1_n30_s42_c0.0_p100000_random_farthestpose,drums_1_n30_s42_c0.0_p100000_random_farthestpose_i30_gteval_poseopt_depthfull_dl1.0_confdisabled_steps15000_val_step14999.json,100000,vggt | full,30.0
vggt,40,42,0.0,100000,random,,,,0,10,farthestpose,40,GT Eval,,,,Pose Opt,,,full,,1.0,,vggt,bonsai,,,15000,15000,,MCMC,,,,,,,,,,,gsplat,indoor,16.675907135009766,0.4228590130805969,0.5233073830604553,1000000,0.01794707216322422,0.7482945322990417,,,0.26024947087434763,0.3782622892993598,100000,/home/ojab2/work/git/gsplat/results/vggt_outputs/bonsai_2_n40_s42_c0.0_p100000_random_farthestpose_i40_gteval_poseopt_depthfull_dl1.0_confdisabled_steps15000/stats/val_step14999.json,/home/ojab2/work/git/gsplat/results/vggt_outputs/bonsai_2_n40_s42_c0.0_p100000_random_farthestpose_i40_gteval_poseopt_depthfull_dl1.0_confdisabled_steps15000/stats/val_step14999.json,bonsai_2_n40_s42_c0.0_p100000_random_farthestpose_i40_gteval_poseopt_depthfull_dl1.0_confdisabled_steps15000,0.891,0.103772,40,7.924747,,,,/home/ojab2/work/git/vggt/vggt_outputs/bonsai_2_n40_s42_c0.0_p100000_random_farthestpose/eval_results.json,bonsai_2_n40_s42_c0.0_p100000_random_farthestpose,bonsai_2_n40_s42_c0.0_p100000_random_farthestpose_i40_gteval_poseopt_depthfull_dl1.0_confdisabled_steps15000_val_step14999.json,100000,vggt | full,40.0
vggt,40,42,0.0,100000,random,,,,0,10,farthestpose,40,GT Eval,,,,Pose Opt,,,full,,1.0,,vggt,kitchen,,,15000,15000,,MCMC,,,,,,,,,,,gsplat,indoor,17.673006057739258,0.26443731784820557,0.42666488885879517,1000000,0.005846519488841295,0.1958748996257782,,,0.3199893571557435,0.3462381974228812,100000,/home/ojab2/work/git/gsplat/results/vggt_outputs/kitchen_2_n40_s42_c0.0_p100000_random_farthestpose_i40_gteval_poseopt_depthfull_dl1.0_confdisabled_steps15000/stats/val_step14999.json,/home/ojab2/work/git/gsplat/results/vggt_outputs/kitchen_2_n40_s42_c0.0_p100000_random_farthestpose_i40_gteval_poseopt_depthfull_dl1.0_confdisabled_steps15000/stats/val_step14999.json,kitchen_2_n40_s42_c0.0_p100000_random_farthestpose_i40_gteval_poseopt_depthfull_dl1.0_confdisabled_steps15000,0.3356,0.033074,40,4.262117,,,,/home/ojab2/work/git/vggt/vggt_outputs/kitchen_2_n40_s42_c0.0_p100000_random_farthestpose/eval_results.json,kitchen_2_n40_s42_c0.0_p100000_random_farthestpose,kitchen_2_n40_s42_c0.0_p100000_random_farthestpose_i40_gteval_poseopt_depthfull_dl1.0_confdisabled_steps15000_val_step14999.json,100000,vggt | full,40.0
vggt,40,42,0.0,100000,random,,,,0,10,farthestpose,40,GT Eval,,,,Pose Opt,,,full,,1.0,,vggt,counter,,,15000,15000,,MCMC,,,,,,,,,,,gsplat,indoor,18.83502769470215,0.3127005100250244,0.6021215319633484,1000000,0.006701150443404913,0.2867847681045532,,,0.41432240646020246,0.3188510886459407,100000,/home/ojab2/work/git/gsplat/results/vggt_outputs/counter_2_n40_s42_c0.0_p100000_random_farthestpose_i40_gteval_poseopt_depthfull_dl1.0_confdisabled_steps15000/stats/val_step14999.json,/home/ojab2/work/git/gsplat/results/vggt_outputs/counter_2_n40_s42_c0.0_p100000_random_farthestpose_i40_gteval_poseopt_depthfull_dl1.0_confdisabled_steps15000/stats/val_step14999.json,counter_2_n40_s42_c0.0_p100000_random_farthestpose_i40_gteval_poseopt_depthfull_dl1.0_confdisabled_steps15000,0.3566,0.04067,40,4.850582,,,,/home/ojab2/work/git/vggt/vggt_outputs/counter_2_n40_s42_c0.0_p100000_random_farthestpose/eval_results.json,counter_2_n40_s42_c0.0_p100000_random_farthestpose,counter_2_n40_s42_c0.0_p100000_random_farthestpose_i40_gteval_poseopt_depthfull_dl1.0_confdisabled_steps15000_val_step14999.json,100000,vggt | full,40.0
vggt,40,42,0.0,100000,random,,,,0,10,farthestpose,40,GT Eval,,,,Pose Opt,,,full,,1.0,,vggt,bicycle,,,15000,15000,,MCMC,,,,,,,,,,,gsplat,outdoor,16.771217346191406,0.40965735912323,0.23922385275363922,1000000,0.016461020335555077,0.7223881483078003,,,0.1040329244169343,0.434304691151557,100000,/home/ojab2/work/git/gsplat/results/vggt_outputs/bicycle_4_n40_s42_c0.0_p100000_random_farthestpose_i40_gteval_poseopt_depthfull_dl1.0_confdisabled_steps15000/stats/val_step14999.json,/home/ojab2/work/git/gsplat/results/vggt_outputs/bicycle_4_n40_s42_c0.0_p100000_random_farthestpose_i40_gteval_poseopt_depthfull_dl1.0_confdisabled_steps15000/stats/val_step14999.json,bicycle_4_n40_s42_c0.0_p100000_random_farthestpose_i40_gteval_poseopt_depthfull_dl1.0_confdisabled_steps15000,0.9969,0.089406,40,5.93023,,,,/home/ojab2/work/git/vggt/vggt_outputs/bicycle_4_n40_s42_c0.0_p100000_random_farthestpose/eval_results.json,bicycle_4_n40_s42_c0.0_p100000_random_farthestpose,bicycle_4_n40_s42_c0.0_p100000_random_farthestpose_i40_gteval_poseopt_depthfull_dl1.0_confdisabled_steps15000_val_step14999.json,100000,vggt | full,40.0
vggt,40,42,0.0,100000,random,,,,0,10,farthestpose,40,GT Eval,,,,Pose Opt,,,full,,1.0,,vggt,garden,,,15000,15000,,MCMC,,,,,,,,,,,gsplat,outdoor,20.035228729248047,0.2959815263748169,0.4121337831020355,1000000,0.0032210543286055326,0.0801461711525917,,,0.3357647651197695,0.35754169317470297,100000,/home/ojab2/work/git/gsplat/results/vggt_outputs/garden_2_n40_s42_c0.0_p100000_random_farthestpose_i40_gteval_poseopt_depthfull_dl1.0_confdisabled_steps15000/stats/val_step14999.json,/home/ojab2/work/git/gsplat/results/vggt_outputs/garden_2_n40_s42_c0.0_p100000_random_farthestpose_i40_gteval_poseopt_depthfull_dl1.0_confdisabled_steps15000/stats/val_step14999.json,garden_2_n40_s42_c0.0_p100000_random_farthestpose_i40_gteval_poseopt_depthfull_dl1.0_confdisabled_steps15000,0.2895,0.024777,40,6.316159,,,,/home/ojab2/work/git/vggt/vggt_outputs/garden_2_n40_s42_c0.0_p100000_random_farthestpose/eval_results.json,garden_2_n40_s42_c0.0_p100000_random_farthestpose,garden_2_n40_s42_c0.0_p100000_random_farthestpose_i40_gteval_poseopt_depthfull_dl1.0_confdisabled_steps15000_val_step14999.json,100000,vggt | full,40.0
vggt,40,42,0.0,100000,random,,,,0,10,farthestpose,40,GT Eval,,,,Pose Opt,,,full,,1.0,,vggt,stump,,,15000,15000,,MCMC,,,,,,,,,,,gsplat,outdoor,17.914411544799805,0.49590036273002625,0.36998218297958374,1000000,0.028268108144402504,0.8476282358169556,,,0.1484336251558771,0.43526711732387646,100000,/home/ojab2/work/git/gsplat/results/vggt_outputs/stump_2_n40_s42_c0.0_p100000_random_farthestpose_i40_gteval_poseopt_depthfull_dl1.0_confdisabled_steps15000/stats/val_step14999.json,/home/ojab2/work/git/gsplat/results/vggt_outputs/stump_2_n40_s42_c0.0_p100000_random_farthestpose_i40_gteval_poseopt_depthfull_dl1.0_confdisabled_steps15000/stats/val_step14999.json,stump_2_n40_s42_c0.0_p100000_random_farthestpose_i40_gteval_poseopt_depthfull_dl1.0_confdisabled_steps15000,0.8703,0.125919,40,4.983738,,,,/home/ojab2/work/git/vggt/vggt_outputs/stump_2_n40_s42_c0.0_p100000_random_farthestpose/eval_results.json,stump_2_n40_s42_c0.0_p100000_random_farthestpose,stump_2_n40_s42_c0.0_p100000_random_farthestpose_i40_gteval_poseopt_depthfull_dl1.0_confdisabled_steps15000_val_step14999.json,100000,vggt | full,40.0
vggt,40,42,0.0,100000,random,,,,0,10,farthestpose,40,GT Eval,,,,Pose Opt,,,full,,1.0,,vggt,lego,,,15000,15000,,MCMC,,,,,,,,,,,gsplat,synthetic,14.402677536010742,0.26058632135391235,0.6655199527740479,1000000,0.012996820732951164,1.1530258655548096,0.14934958517551422,0.040903691202402115,0.4014862001213336,0.2917380829914408,100000,/home/ojab2/work/git/gsplat/results/vggt_outputs/lego_1_n40_s42_c0.0_p100000_random_farthestpose_i40_gteval_poseopt_depthfull_dl1.0_confdisabled_steps15000/stats/val_step14999.json,/home/ojab2/work/git/gsplat/results/vggt_outputs/lego_1_n40_s42_c0.0_p100000_random_farthestpose_i40_gteval_poseopt_depthfull_dl1.0_confdisabled_steps15000/stats/val_step14999.json,lego_1_n40_s42_c0.0_p100000_random_farthestpose_i40_gteval_poseopt_depthfull_dl1.0_confdisabled_steps15000,1.3375,0.068919,40,4.021561,0.0541,0.0152,0.0944,/home/ojab2/work/git/vggt/vggt_outputs/lego_1_n40_s42_c0.0_p100000_random_farthestpose/eval_results.json,lego_1_n40_s42_c0.0_p100000_random_farthestpose,lego_1_n40_s42_c0.0_p100000_random_farthestpose_i40_gteval_poseopt_depthfull_dl1.0_confdisabled_steps15000_val_step14999.json,100000,vggt | full,40.0
vggt,40,42,0.0,100000,random,,,,0,10,farthestpose,40,GT Eval,,,,Pose Opt,,,full,,1.0,,vggt,ship,,,15000,15000,,MCMC,,,,,,,,,,,gsplat,synthetic,21.75402069091797,0.14242340624332428,0.715305745601654,1000000,0.003023711498826742,0.2214890718460083,0.10471644997596741,0.028530465438961983,0.6396767542569801,0.227556046511084,100000,/home/ojab2/work/git/gsplat/results/vggt_outputs/ship_1_n40_s42_c0.0_p100000_random_farthestpose_i40_gteval_poseopt_depthfull_dl1.0_confdisabled_steps15000/stats/val_step14999.json,/home/ojab2/work/git/gsplat/results/vggt_outputs/ship_1_n40_s42_c0.0_p100000_random_farthestpose_i40_gteval_poseopt_depthfull_dl1.0_confdisabled_steps15000/stats/val_step14999.json,ship_1_n40_s42_c0.0_p100000_random_farthestpose_i40_gteval_poseopt_depthfull_dl1.0_confdisabled_steps15000,0.2698,0.018068,40,4.169342,0.1029,0.0282,0.2617,/home/ojab2/work/git/vggt/vggt_outputs/ship_1_n40_s42_c0.0_p100000_random_farthestpose/eval_results.json,ship_1_n40_s42_c0.0_p100000_random_farthestpose,ship_1_n40_s42_c0.0_p100000_random_farthestpose_i40_gteval_poseopt_depthfull_dl1.0_confdisabled_steps15000_val_step14999.json,100000,vggt | full,40.0
vggt,40,42,0.0,100000,random,,,,0,10,farthestpose,40,GT Eval,,,,Pose Opt,,,full,,1.0,,vggt,drums,,,15000,15000,,MCMC,,,,,,,,,,,gsplat,synthetic,17.689868927001953,0.11227422207593918,0.7986449599266052,1000000,0.004811803810298443,0.2463492900133133,0.12146581709384918,0.036097701638936996,0.6317616747117336,0.1926741132767169,100000,/home/ojab2/work/git/gsplat/results/vggt_outputs/drums_1_n40_s42_c0.0_p100000_random_farthestpose_i40_gteval_poseopt_depthfull_dl1.0_confdisabled_steps15000/stats/val_step14999.json,/home/ojab2/work/git/gsplat/results/vggt_outputs/drums_1_n40_s42_c0.0_p100000_random_farthestpose_i40_gteval_poseopt_depthfull_dl1.0_confdisabled_steps15000/stats/val_step14999.json,drums_1_n40_s42_c0.0_p100000_random_farthestpose_i40_gteval_poseopt_depthfull_dl1.0_confdisabled_steps15000,0.3733,0.019382,40,4.013289,,,,/home/ojab2/work/git/vggt/vggt_outputs/drums_1_n40_s42_c0.0_p100000_random_farthestpose/eval_results.json,drums_1_n40_s42_c0.0_p100000_random_farthestpose,drums_1_n40_s42_c0.0_p100000_random_farthestpose_i40_gteval_poseopt_depthfull_dl1.0_confdisabled_steps15000_val_step14999.json,100000,vggt | full,40.0
colmap,10,42,,135,,,,,0,10,farthestpose,10,GT Eval,,,,Pose Opt,,,points,,1.0,,colmap,bonsai,,,15000,15000,default,MCMC,,,,,Shared Cam,,,,,,gsplat,indoor,10.33604907989502,0.8320455551147461,0.26926952600479126,140477,0.06491129845380783,13.354963302612305,,,-0.2582997434552881,0.5931424262817382,135,/home/ojab2/work/git/gsplat/results/colmap_outputs/bonsai_2_n10_s42_default_farthestpose_sharedcam_i10_gteval_poseopt_depthpoints_dl1.0_steps15000/stats/val_step14999.json,/home/ojab2/work/git/gsplat/results/colmap_outputs/bonsai_2_n10_s42_default_farthestpose_sharedcam_i10_gteval_poseopt_depthpoints_dl1.0_steps15000/stats/val_step14999.json,bonsai_2_n10_s42_default_farthestpose_sharedcam_i10_gteval_poseopt_depthpoints_dl1.0_steps15000,10.9378,0.183862,4,0.824922,,,,/home/ojab2/work/git/vggt/colmap_outputs/bonsai_2_n10_s42_default_farthestpose_sharedcam/eval_results.json,bonsai_2_n10_s42_default_farthestpose_sharedcam,bonsai_2_n10_s42_default_farthestpose_sharedcam_i10_gteval_poseopt_depthpoints_dl1.0_steps15000_val_step14999.json,135,colmap | points,10.0
colmap,10,42,,147,,,,,0,10,farthestpose,10,GT Eval,,,,Pose Opt,,,points,,1.0,,colmap,kitchen,,,15000,15000,default,MCMC,,,,,Shared Cam,,,,,,gsplat,indoor,14.054571151733398,0.7041211128234863,0.3949701189994812,154749,0.010176725685596466,1.9716542959213257,,,-0.03696339977802269,0.5070904621617132,147,/home/ojab2/work/git/gsplat/results/colmap_outputs/kitchen_2_n10_s42_default_farthestpose_sharedcam_i10_gteval_poseopt_depthpoints_dl1.0_steps15000/stats/val_step14999.json,/home/ojab2/work/git/gsplat/results/colmap_outputs/kitchen_2_n10_s42_default_farthestpose_sharedcam_i10_gteval_poseopt_depthpoints_dl1.0_steps15000/stats/val_step14999.json,kitchen_2_n10_s42_default_farthestpose_sharedcam_i10_gteval_poseopt_depthpoints_dl1.0_steps15000,2.0241,0.026475,5,0.764887,,,,/home/ojab2/work/git/vggt/colmap_outputs/kitchen_2_n10_s42_default_farthestpose_sharedcam/eval_results.json,kitchen_2_n10_s42_default_farthestpose_sharedcam,kitchen_2_n10_s42_default_farthestpose_sharedcam_i10_gteval_poseopt_depthpoints_dl1.0_steps15000_val_step14999.json,147,colmap | points,10.0
colmap,10,42,,148,,,,,0,10,farthestpose,10,GT Eval,,,,Pose Opt,,,points,,1.0,,colmap,counter,,,15000,15000,default,MCMC,,,,,Shared Cam,,,,,,gsplat,indoor,9.947150230407715,0.7828008532524109,0.41915684938430786,154875,0.005001740995794535,0.8709179162979126,,,-0.14745020440369938,0.5487186212366881,148,/home/ojab2/work/git/gsplat/results/colmap_outputs/counter_2_n10_s42_default_farthestpose_sharedcam_i10_gteval_poseopt_depthpoints_dl1.0_steps15000/stats/val_step14999.json,/home/ojab2/work/git/gsplat/results/colmap_outputs/counter_2_n10_s42_default_farthestpose_sharedcam_i10_gteval_poseopt_depthpoints_dl1.0_steps15000/stats/val_step14999.json,counter_2_n10_s42_default_farthestpose_sharedcam_i10_gteval_poseopt_depthpoints_dl1.0_steps15000,0.8205,0.012109,4,0.525947,,,,/home/ojab2/work/git/vggt/colmap_outputs/counter_2_n10_s42_default_farthestpose_sharedcam/eval_results.json,counter_2_n10_s42_default_farthestpose_sharedcam,counter_2_n10_s42_default_farthestpose_sharedcam_i10_gteval_poseopt_depthpoints_dl1.0_steps15000_val_step14999.json,148,colmap | points,10.0
colmap,10,42,,168,,,,,0,10,farthestpose,10,GT Eval,,,,Pose Opt,,,points,,1.0,,colmap,garden,,,15000,15000,default,MCMC,,,,,Shared Cam,,,,,,gsplat,outdoor,11.011634826660156,0.8347949981689453,0.2826154828071594,179055,0.01748279668390751,3.264289617538452,,,-0.23968143026266403,0.5870002839005852,168,/home/ojab2/work/git/gsplat/results/colmap_outputs/garden_2_n10_s42_default_farthestpose_sharedcam_i10_gteval_poseopt_depthpoints_dl1.0_steps15000/stats/val_step14999.json,/home/ojab2/work/git/gsplat/results/colmap_outputs/garden_2_n10_s42_default_farthestpose_sharedcam_i10_gteval_poseopt_depthpoints_dl1.0_steps15000/stats/val_step14999.json,garden_2_n10_s42_default_farthestpose_sharedcam_i10_gteval_poseopt_depthpoints_dl1.0_steps15000,0.1553,0.00235,3,0.322542,,,,/home/ojab2/work/git/vggt/colmap_outputs/garden_2_n10_s42_default_farthestpose_sharedcam/eval_results.json,garden_2_n10_s42_default_farthestpose_sharedcam,garden_2_n10_s42_default_farthestpose_sharedcam_i10_gteval_poseopt_depthpoints_dl1.0_steps15000_val_step14999.json,168,colmap | points,10.0
colmap,20,42,,48,,,,,0,10,farthestpose,20,GT Eval,,,,Pose Opt,,,points,,1.0,,colmap,counter,,,15000,15000,default,MCMC,,,,,Shared Cam,,,,,,gsplat,indoor,8.215845108032227,0.8393736481666565,0.38493847846984863,42962,0.0017864340916275978,1.6773052215576172,,,-0.23444363194057263,0.5914790471730993,48,/home/ojab2/work/git/gsplat/results/colmap_outputs/counter_2_n20_s42_default_farthestpose_sharedcam_i20_gteval_poseopt_depthpoints_dl1.0_steps15000/stats/val_step14999.json,/home/ojab2/work/git/gsplat/results/colmap_outputs/counter_2_n20_s42_default_farthestpose_sharedcam_i20_gteval_poseopt_depthpoints_dl1.0_steps15000/stats/val_step14999.json,counter_2_n20_s42_default_farthestpose_sharedcam_i20_gteval_poseopt_depthpoints_dl1.0_steps15000,0.116,0.001023,3,0.208277,,,,/home/ojab2/work/git/vggt/colmap_outputs/counter_2_n20_s42_default_farthestpose_sharedcam/eval_results.json,counter_2_n20_s42_default_farthestpose_sharedcam,counter_2_n20_s42_default_farthestpose_sharedcam_i20_gteval_poseopt_depthpoints_dl1.0_steps15000_val_step14999.json,48,colmap | points,20.0
colmap,20,42,,91,,,,,0,10,farthestpose,20,GT Eval,,,,Pose Opt,,,points,,1.0,,colmap,lego,pinhole,,15000,15000,default,MCMC,,,,,Shared Cam,,,,,,gsplat,synthetic,10.80698299407959,0.5117682218551636,0.6663588881492615,90557,0.3861164152622223,110.7788314819336,4.627017021179199,1.2247724533081055,0.18033931377725682,0.39080923978349347,91,/home/ojab2/work/git/gsplat/results/colmap_outputs/lego_1_n20_s42_default_mpinhole_farthestpose_sharedcam_i20_gteval_poseopt_depthpoints_dl1.0_steps15000/stats/val_step14999.json,/home/ojab2/work/git/gsplat/results/colmap_outputs/lego_1_n20_s42_default_mpinhole_farthestpose_sharedcam_i20_gteval_poseopt_depthpoints_dl1.0_steps15000/stats/val_step14999.json,lego_1_n20_s42_default_mpinhole_farthestpose_sharedcam_i20_gteval_poseopt_depthpoints_dl1.0_steps15000,111.3893,0.022876,3,0.14656,,,,/home/ojab2/work/git/vggt/colmap_outputs/lego_1_n20_s42_default_mpinhole_farthestpose_sharedcam/eval_results.json,lego_1_n20_s42_default_mpinhole_farthestpose_sharedcam,lego_1_n20_s42_default_mpinhole_farthestpose_sharedcam_i20_gteval_poseopt_depthpoints_dl1.0_steps15000_val_step14999.json,91,colmap | points,20.0
colmap,20,42,,105,,,,,0,10,farthestpose,20,GT Eval,,,,Pose Opt,,,points,,1.0,,colmap,drums,pinhole,,15000,15000,default,MCMC,,,,,Shared Cam,,,,,,gsplat,synthetic,6.632920742034912,0.864437460899353,0.08871408551931381,107549,0.018348343670368195,5.212318420410156,0.6871954798698425,0.37171539664268494,-0.45245917461923835,0.6787248246578301,105,/home/ojab2/work/git/gsplat/results/colmap_outputs/drums_1_n20_s42_default_mpinhole_farthestpose_sharedcam_i20_gteval_poseopt_depthpoints_dl1.0_steps15000/stats/val_step14999.json,/home/ojab2/work/git/gsplat/results/colmap_outputs/drums_1_n20_s42_default_mpinhole_farthestpose_sharedcam_i20_gteval_poseopt_depthpoints_dl1.0_steps15000/stats/val_step14999.json,drums_1_n20_s42_default_mpinhole_farthestpose_sharedcam_i20_gteval_poseopt_depthpoints_dl1.0_steps15000,5.1198,0.003811,3,0.082359,,,,/home/ojab2/work/git/vggt/colmap_outputs/drums_1_n20_s42_default_mpinhole_farthestpose_sharedcam/eval_results.json,drums_1_n20_s42_default_mpinhole_farthestpose_sharedcam,drums_1_n20_s42_default_mpinhole_farthestpose_sharedcam_i20_gteval_poseopt_depthpoints_dl1.0_steps15000_val_step14999.json,105,colmap | points,20.0
colmap,20,42,,162,,,,,0,10,farthestpose,20,GT Eval,,,,Pose Opt,,,points,,1.0,,colmap,ship,pinhole,,15000,15000,default,MCMC,,,,,Shared Cam,,,,,,gsplat,synthetic,15.591317176818848,0.4207835793495178,0.5553857088088989,170748,0.008514556102454662,0.7968277335166931,0.08635732531547546,0.09951765090227127,0.260204858405006,0.3717250087170424,162,/home/ojab2/work/git/gsplat/results/colmap_outputs/ship_1_n20_s42_default_mpinhole_farthestpose_sharedcam_i20_gteval_poseopt_depthpoints_dl1.0_steps15000/stats/val_step14999.json,/home/ojab2/work/git/gsplat/results/colmap_outputs/ship_1_n20_s42_default_mpinhole_farthestpose_sharedcam_i20_gteval_poseopt_depthpoints_dl1.0_steps15000/stats/val_step14999.json,ship_1_n20_s42_default_mpinhole_farthestpose_sharedcam_i20_gteval_poseopt_depthpoints_dl1.0_steps15000,0.2791,0.010321,5,0.379611,,,,/home/ojab2/work/git/vggt/colmap_outputs/ship_1_n20_s42_default_mpinhole_farthestpose_sharedcam/eval_results.json,ship_1_n20_s42_default_mpinhole_farthestpose_sharedcam,ship_1_n20_s42_default_mpinhole_farthestpose_sharedcam_i20_gteval_poseopt_depthpoints_dl1.0_steps15000_val_step14999.json,162,colmap | points,20.0
colmap,20,42,,316,,,,,0,10,farthestpose,20,GT Eval,,,,Pose Opt,,,points,,1.0,,colmap,stump,,,15000,15000,default,MCMC,,,,,Shared Cam,,,,,,gsplat,outdoor,12.71629810333252,0.9243663549423218,0.16642212867736816,345885,0.022407742217183113,1.5588761568069458,,,-0.33135388267745114,0.6302910781780587,316,/home/ojab2/work/git/gsplat/results/colmap_outputs/stump_2_n20_s42_default_farthestpose_sharedcam_i20_gteval_poseopt_depthpoints_dl1.0_steps15000/stats/val_step14999.json,/home/ojab2/work/git/gsplat/results/colmap_outputs/stump_2_n20_s42_default_farthestpose_sharedcam_i20_gteval_poseopt_depthpoints_dl1.0_steps15000/stats/val_step14999.json,stump_2_n20_s42_default_farthestpose_sharedcam_i20_gteval_poseopt_depthpoints_dl1.0_steps15000,0.868,0.030879,6,0.574264,,,,/home/ojab2/work/git/vggt/colmap_outputs/stump_2_n20_s42_default_farthestpose_sharedcam/eval_results.json,stump_2_n20_s42_default_farthestpose_sharedcam,stump_2_n20_s42_default_farthestpose_sharedcam_i20_gteval_poseopt_depthpoints_dl1.0_steps15000_val_step14999.json,316,colmap | points,20.0
colmap,20,42,,2092,,,,,0,10,farthestpose,20,GT Eval,,,,Pose Opt,,,points,,1.0,,colmap,kitchen,,,15000,15000,default,MCMC,,,,,Shared Cam,,,,,,gsplat,indoor,16.55855369567871,0.4295579493045807,0.4321531057357788,1000000,0.0016801235033199191,0.14217491447925568,,,0.20063451829089832,0.4017338387813257,2092,/home/ojab2/work/git/gsplat/results/colmap_outputs/kitchen_2_n20_s42_default_farthestpose_sharedcam_i20_gteval_poseopt_depthpoints_dl1.0_steps15000/stats/val_step14999.json,/home/ojab2/work/git/gsplat/results/colmap_outputs/kitchen_2_n20_s42_default_farthestpose_sharedcam_i20_gteval_poseopt_depthpoints_dl1.0_steps15000/stats/val_step14999.json,kitchen_2_n20_s42_default_farthestpose_sharedcam_i20_gteval_poseopt_depthpoints_dl1.0_steps15000,0.239,0.009345,12,0.859654,,,,/home/ojab2/work/git/vggt/colmap_outputs/kitchen_2_n20_s42_default_farthestpose_sharedcam/eval_results.json,kitchen_2_n20_s42_default_farthestpose_sharedcam,kitchen_2_n20_s42_default_farthestpose_sharedcam_i20_gteval_poseopt_depthpoints_dl1.0_steps15000_val_step14999.json,2092,colmap | points,20.0
colmap,20,42,,2440,,,,,0,10,farthestpose,20,GT Eval,,,,Pose Opt,,,points,,1.0,,colmap,bonsai,,,15000,15000,default,MCMC,,,,,Shared Cam,,,,,,gsplat,indoor,13.300905227661133,0.5556906461715698,0.409559428691864,1000000,0.006592866964638233,0.1911226063966751,,,0.049235328751155695,0.4569519069257765,2440,/home/ojab2/work/git/gsplat/results/colmap_outputs/bonsai_2_n20_s42_default_farthestpose_sharedcam_i20_gteval_poseopt_depthpoints_dl1.0_steps15000/stats/val_step14999.json,/home/ojab2/work/git/gsplat/results/colmap_outputs/bonsai_2_n20_s42_default_farthestpose_sharedcam_i20_gteval_poseopt_depthpoints_dl1.0_steps15000/stats/val_step14999.json,bonsai_2_n20_s42_default_farthestpose_sharedcam_i20_gteval_poseopt_depthpoints_dl1.0_steps15000,0.4539,0.008021,9,0.886607,,,,/home/ojab2/work/git/vggt/colmap_outputs/bonsai_2_n20_s42_default_farthestpose_sharedcam/eval_results.json,bonsai_2_n20_s42_default_farthestpose_sharedcam,bonsai_2_n20_s42_default_farthestpose_sharedcam_i20_gteval_poseopt_depthpoints_dl1.0_steps15000_val_step14999.json,2440,colmap | points,20.0
colmap,20,42,,4260,,,,,0,10,farthestpose,20,GT Eval,,,,Pose Opt,,,points,,1.0,,colmap,garden,,,15000,15000,default,MCMC,,,,,Shared Cam,,,,,,gsplat,outdoor,19.535451889038086,0.4309374690055847,0.38436585664749146,1000000,0.0009242709493264556,0.0807328149676323,,,0.22696494754062524,0.40889666760695365,4260,/home/ojab2/work/git/gsplat/results/colmap_outputs/garden_2_n20_s42_default_farthestpose_sharedcam_i20_gteval_poseopt_depthpoints_dl1.0_steps15000/stats/val_step14999.json,/home/ojab2/work/git/gsplat/results/colmap_outputs/garden_2_n20_s42_default_farthestpose_sharedcam_i20_gteval_poseopt_depthpoints_dl1.0_steps15000/stats/val_step14999.json,garden_2_n20_s42_default_farthestpose_sharedcam_i20_gteval_poseopt_depthpoints_dl1.0_steps15000,0.0713,0.004651,20,1.139238,,,,/home/ojab2/work/git/vggt/colmap_outputs/garden_2_n20_s42_default_farthestpose_sharedcam/eval_results.json,garden_2_n20_s42_default_farthestpose_sharedcam,garden_2_n20_s42_default_farthestpose_sharedcam_i20_gteval_poseopt_depthpoints_dl1.0_steps15000_val_step14999.json,4260,colmap | points,20.0
colmap,30,42,,105,,,,,0,10,farthestpose,30,GT Eval,,,,Pose Opt,,,points,,1.0,,colmap,drums,pinhole,,15000,15000,default,MCMC,,,,,Shared Cam,,,,,,gsplat,synthetic,11.079063415527344,0.5224236845970154,0.4248688817024231,107549,0.008318905718624592,0.6246181726455688,0.08092699199914932,0.0792141854763031,0.03757816797111472,0.4529325037772295,105,/home/ojab2/work/git/gsplat/results/colmap_outputs/drums_1_n30_s42_default_mpinhole_farthestpose_sharedcam_i30_gteval_poseopt_depthpoints_dl1.0_steps15000/stats/val_step14999.json,/home/ojab2/work/git/gsplat/results/colmap_outputs/drums_1_n30_s42_default_mpinhole_farthestpose_sharedcam_i30_gteval_poseopt_depthpoints_dl1.0_steps15000/stats/val_step14999.json,drums_1_n30_s42_default_mpinhole_farthestpose_sharedcam_i30_gteval_poseopt_depthpoints_dl1.0_steps15000,0.5778,0.011678,4,0.193321,,,,/home/ojab2/work/git/vggt/colmap_outputs/drums_1_n30_s42_default_mpinhole_farthestpose_sharedcam/eval_results.json,drums_1_n30_s42_default_mpinhole_farthestpose_sharedcam,drums_1_n30_s42_default_mpinhole_farthestpose_sharedcam_i30_gteval_poseopt_depthpoints_dl1.0_steps15000_val_step14999.json,105,colmap | points,30.0
colmap,30,42,,449,,,,,0,10,farthestpose,30,GT Eval,,,,Pose Opt,,,points,,1.0,,colmap,ship,pinhole,,15000,15000,default,MCMC,,,,,Shared Cam,,,,,,gsplat,synthetic,16.550121307373047,0.39309316873550415,0.5809154510498047,493204,0.015258217230439186,2.7140557765960693,0.07204828411340714,0.0694490596652031,0.30998301033543024,0.3541969654721463,449,/home/ojab2/work/git/gsplat/results/colmap_outputs/ship_1_n30_s42_default_mpinhole_farthestpose_sharedcam_i30_gteval_poseopt_depthpoints_dl1.0_steps15000/stats/val_step14999.json,/home/ojab2/work/git/gsplat/results/colmap_outputs/ship_1_n30_s42_default_mpinhole_farthestpose_sharedcam_i30_gteval_poseopt_depthpoints_dl1.0_steps15000/stats/val_step14999.json,ship_1_n30_s42_default_mpinhole_farthestpose_sharedcam_i30_gteval_poseopt_depthpoints_dl1.0_steps15000,3.3966,0.044897,10,0.576448,,,,/home/ojab2/work/git/vggt/colmap_outputs/ship_1_n30_s42_default_mpinhole_farthestpose_sharedcam/eval_results.json,ship_1_n30_s42_default_mpinhole_farthestpose_sharedcam,ship_1_n30_s42_default_mpinhole_farthestpose_sharedcam_i30_gteval_poseopt_depthpoints_dl1.0_steps15000_val_step14999.json,449,colmap | points,30.0
colmap,30,42,,726,,,,,0,10,farthestpose,30,GT Eval,,,,Pose Opt,,,points,,1.0,,colmap,bicycle,,,15000,15000,default,MCMC,,,,,Shared Cam,,,,,,gsplat,outdoor,11.842145919799805,0.7811257839202881,0.17024844884872437,808627,0.008243689313530922,1.1662691831588745,,,-0.25688416637175254,0.5858213521220077,726,/home/ojab2/work/git/gsplat/results/colmap_outputs/bicycle_4_n30_s42_default_farthestpose_sharedcam_i30_gteval_poseopt_depthpoints_dl1.0_steps15000/stats/val_step14999.json,/home/ojab2/work/git/gsplat/results/colmap_outputs/bicycle_4_n30_s42_default_farthestpose_sharedcam_i30_gteval_poseopt_depthpoints_dl1.0_steps15000/stats/val_step14999.json,bicycle_4_n30_s42_default_farthestpose_sharedcam_i30_gteval_poseopt_depthpoints_dl1.0_steps15000,0.5111,0.00955,8,0.516151,,,,/home/ojab2/work/git/vggt/colmap_outputs/bicycle_4_n30_s42_default_farthestpose_sharedcam/eval_results.json,bicycle_4_n30_s42_default_farthestpose_sharedcam,bicycle_4_n30_s42_default_farthestpose_sharedcam_i30_gteval_poseopt_depthpoints_dl1.0_steps15000_val_step14999.json,726,colmap | points,30.0
colmap,30,42,,1326,,,,,0,10,farthestpose,30,GT Eval,,,,Pose Opt,,,points,,1.0,,colmap,lego,pinhole,,15000,15000,default,MCMC,,,,,Shared Cam,,,,,,gsplat,synthetic,10.754471778869629,0.5123341679573059,0.6750343441963196,1000000,0.8642734885215759,119.86320495605469,0.34454914927482605,0.9935141801834106,0.18409090052958504,0.3888148936953096,1326,/home/ojab2/work/git/gsplat/results/colmap_outputs/lego_1_n30_s42_default_mpinhole_farthestpose_sharedcam_i30_gteval_poseopt_depthpoints_dl1.0_steps15000/stats/val_step14999.json,/home/ojab2/work/git/gsplat/results/colmap_outputs/lego_1_n30_s42_default_mpinhole_farthestpose_sharedcam_i30_gteval_poseopt_depthpoints_dl1.0_steps15000/stats/val_step14999.json,lego_1_n30_s42_default_mpinhole_farthestpose_sharedcam_i30_gteval_poseopt_depthpoints_dl1.0_steps15000,132.5397,3.729538,19,0.233873,,,,/home/ojab2/work/git/vggt/colmap_outputs/lego_1_n30_s42_default_mpinhole_farthestpose_sharedcam/eval_results.json,lego_1_n30_s42_default_mpinhole_farthestpose_sharedcam,lego_1_n30_s42_default_mpinhole_farthestpose_sharedcam_i30_gteval_poseopt_depthpoints_dl1.0_steps15000_val_step14999.json,1326,colmap | points,30.0
colmap,30,42,,4626,,,,,0,10,farthestpose,30,GT Eval,,,,Pose Opt,,,points,,1.0,,colmap,counter,,,15000,15000,default,MCMC,,,,,Shared Cam,,,,,,gsplat,indoor,15.270936965942383,0.5107088088989258,0.5018017888069153,1000000,0.012419166043400764,0.6921266913414001,,,0.16742686484834451,0.41541687764820845,4626,/home/ojab2/work/git/gsplat/results/colmap_outputs/counter_2_n30_s42_default_farthestpose_sharedcam_i30_gteval_poseopt_depthpoints_dl1.0_steps15000/stats/val_step14999.json,/home/ojab2/work/git/gsplat/results/colmap_outputs/counter_2_n30_s42_default_farthestpose_sharedcam_i30_gteval_poseopt_depthpoints_dl1.0_steps15000/stats/val_step14999.json,counter_2_n30_s42_default_farthestpose_sharedcam_i30_gteval_poseopt_depthpoints_dl1.0_steps15000,0.6777,0.043512,16,0.758277,,,,/home/ojab2/work/git/vggt/colmap_outputs/counter_2_n30_s42_default_farthestpose_sharedcam/eval_results.json,counter_2_n30_s42_default_farthestpose_sharedcam,counter_2_n30_s42_default_farthestpose_sharedcam_i30_gteval_poseopt_depthpoints_dl1.0_steps15000_val_step14999.json,4626,colmap | points,30.0
colmap,30,42,,6620,,,,,0,10,farthestpose,30,GT Eval,,,,Pose Opt,,,points,,1.0,,colmap,bonsai,,,15000,15000,default,MCMC,,,,,Shared Cam,,,,,,gsplat,indoor,12.019908905029297,0.7188583016395569,0.3525303602218628,1000000,0.1704748123884201,6.330552577972412,,,-0.10855793279049215,0.5287734789127334,6620,/home/ojab2/work/git/gsplat/results/colmap_outputs/bonsai_2_n30_s42_default_farthestpose_sharedcam_i30_gteval_poseopt_depthpoints_dl1.0_steps15000/stats/val_step14999.json,/home/ojab2/work/git/gsplat/results/colmap_outputs/bonsai_2_n30_s42_default_farthestpose_sharedcam_i30_gteval_poseopt_depthpoints_dl1.0_steps15000/stats/val_step14999.json,bonsai_2_n30_s42_default_farthestpose_sharedcam_i30_gteval_poseopt_depthpoints_dl1.0_steps15000,5.0799,0.503901,14,0.911934,,,,/home/ojab2/work/git/vggt/colmap_outputs/bonsai_2_n30_s42_default_farthestpose_sharedcam/eval_results.json,bonsai_2_n30_s42_default_farthestpose_sharedcam,bonsai_2_n30_s42_default_farthestpose_sharedcam_i30_gteval_poseopt_depthpoints_dl1.0_steps15000_val_step14999.json,6620,colmap | points,30.0
colmap,30,42,,12069,,,,,0,10,farthestpose,30,GT Eval,,,,Pose Opt,,,points,,1.0,,colmap,kitchen,,,15000,15000,default,MCMC,,,,,Shared Cam,,,,,,gsplat,indoor,19.08669662475586,0.2421877235174179,0.4648869037628174,1000000,0.0012960393214598298,0.11843607574701309,,,0.38225518508806405,0.32868080120446375,12069,/home/ojab2/work/git/gsplat/results/colmap_outputs/kitchen_2_n30_s42_default_farthestpose_sharedcam_i30_gteval_poseopt_depthpoints_dl1.0_steps15000/stats/val_step14999.json,/home/ojab2/work/git/gsplat/results/colmap_outputs/kitchen_2_n30_s42_default_farthestpose_sharedcam_i30_gteval_poseopt_depthpoints_dl1.0_steps15000/stats/val_step14999.json,kitchen_2_n30_s42_default_farthestpose_sharedcam_i30_gteval_poseopt_depthpoints_dl1.0_steps15000,0.1586,0.007942,28,1.053071,,,,/home/ojab2/work/git/vggt/colmap_outputs/kitchen_2_n30_s42_default_farthestpose_sharedcam/eval_results.json,kitchen_2_n30_s42_default_farthestpose_sharedcam,kitchen_2_n30_s42_default_farthestpose_sharedcam_i30_gteval_poseopt_depthpoints_dl1.0_steps15000_val_step14999.json,12069,colmap | points,30.0
colmap,30,42,,12379,,,,,0,10,farthestpose,30,GT Eval,,,,Pose Opt,,,points,,1.0,,colmap,garden,,,15000,15000,default,MCMC,,,,,Shared Cam,,,,,,gsplat,outdoor,20.914737701416016,0.3641599416732788,0.4435611367225647,1000000,0.000821499212179333,0.06447401642799377,,,0.32834509613453533,0.3727363361084704,12379,/home/ojab2/work/git/gsplat/results/colmap_outputs/garden_2_n30_s42_default_farthestpose_sharedcam_i30_gteval_poseopt_depthpoints_dl1.0_steps15000/stats/val_step14999.json,/home/ojab2/work/git/gsplat/results/colmap_outputs/garden_2_n30_s42_default_farthestpose_sharedcam_i30_gteval_poseopt_depthpoints_dl1.0_steps15000/stats/val_step14999.json,garden_2_n30_s42_default_farthestpose_sharedcam_i30_gteval_poseopt_depthpoints_dl1.0_steps15000,0.06,0.003487,30,1.094624,,,,/home/ojab2/work/git/vggt/colmap_outputs/garden_2_n30_s42_default_farthestpose_sharedcam/eval_results.json,garden_2_n30_s42_default_farthestpose_sharedcam,garden_2_n30_s42_default_farthestpose_sharedcam_i30_gteval_poseopt_depthpoints_dl1.0_steps15000_val_step14999.json,12379,colmap | points,30.0
colmap,40,42,,287,,,,,0,10,farthestpose,40,GT Eval,,,,Pose Opt,,,points,,1.0,,colmap,drums,pinhole,,15000,15000,default,MCMC,,,,,Shared Cam,,,,,,gsplat,synthetic,12.63220500946045,0.39283573627471924,0.5738005638122559,313729,0.004875779617577791,0.3362175524234772,0.06255851686000824,0.05415916442871094,0.23342716097444433,0.3667411126740091,287,/home/ojab2/work/git/gsplat/results/colmap_outputs/drums_1_n40_s42_default_mpinhole_farthestpose_sharedcam_i40_gteval_poseopt_depthpoints_dl1.0_steps15000/stats/val_step14999.json,/home/ojab2/work/git/gsplat/results/colmap_outputs/drums_1_n40_s42_default_mpinhole_farthestpose_sharedcam_i40_gteval_poseopt_depthpoints_dl1.0_steps15000/stats/val_step14999.json,drums_1_n40_s42_default_mpinhole_farthestpose_sharedcam_i40_gteval_poseopt_depthpoints_dl1.0_steps15000,0.9174,0.005572,5,0.199581,,,,/home/ojab2/work/git/vggt/colmap_outputs/drums_1_n40_s42_default_mpinhole_farthestpose_sharedcam/eval_results.json,drums_1_n40_s42_default_mpinhole_farthestpose_sharedcam,drums_1_n40_s42_default_mpinhole_farthestpose_sharedcam_i40_gteval_poseopt_depthpoints_dl1.0_steps15000_val_step14999.json,287,colmap | points,40.0
colmap,40,42,,870,,,,,0,10,farthestpose,40,GT Eval,,,,Pose Opt,,,points,,1.0,,colmap,stump,,,15000,15000,default,MCMC,,,,,Shared Cam,,,,,,gsplat,outdoor,14.425077438354492,0.6841177344322205,0.3601439297199249,968555,0.003448832780122757,0.17405778169631958,,,-0.038120600370093495,0.506708843660289,870,/home/ojab2/work/git/gsplat/results/colmap_outputs/stump_2_n40_s42_default_farthestpose_sharedcam_i40_gteval_poseopt_depthpoints_dl1.0_steps15000/stats/val_step14999.json,/home/ojab2/work/git/gsplat/results/colmap_outputs/stump_2_n40_s42_default_farthestpose_sharedcam_i40_gteval_poseopt_depthpoints_dl1.0_steps15000/stats/val_step14999.json,stump_2_n40_s42_default_farthestpose_sharedcam_i40_gteval_poseopt_depthpoints_dl1.0_steps15000,0.1699,0.003551,11,0.462953,,,,/home/ojab2/work/git/vggt/colmap_outputs/stump_2_n40_s42_default_farthestpose_sharedcam/eval_results.json,stump_2_n40_s42_default_farthestpose_sharedcam,stump_2_n40_s42_default_farthestpose_sharedcam_i40_gteval_poseopt_depthpoints_dl1.0_steps15000_val_step14999.json,870,colmap | points,40.0
colmap,40,42,,999,,,,,0,10,farthestpose,40,GT Eval,,,,Pose Opt,,,points,,1.0,,colmap,ship,pinhole,,15000,15000,default,MCMC,,,,,Shared Cam,,,,,,gsplat,synthetic,17.73253631591797,0.34335342049598694,0.594019889831543,1000000,0.21787512302398682,12.470614433288574,0.0831805169582367,0.07225063443183899,0.3702465473559865,0.33245826301218356,999,/home/ojab2/work/git/gsplat/results/colmap_outputs/ship_1_n40_s42_default_mpinhole_farthestpose_sharedcam_i40_gteval_poseopt_depthpoints_dl1.0_steps15000/stats/val_step14999.json,/home/ojab2/work/git/gsplat/results/colmap_outputs/ship_1_n40_s42_default_mpinhole_farthestpose_sharedcam_i40_gteval_poseopt_depthpoints_dl1.0_steps15000/stats/val_step14999.json,ship_1_n40_s42_default_mpinhole_farthestpose_sharedcam_i40_gteval_poseopt_depthpoints_dl1.0_steps15000,12.248,0.482789,17,0.632324,,,,/home/ojab2/work/git/vggt/colmap_outputs/ship_1_n40_s42_default_mpinhole_farthestpose_sharedcam/eval_results.json,ship_1_n40_s42_default_mpinhole_farthestpose_sharedcam,ship_1_n40_s42_default_mpinhole_farthestpose_sharedcam_i40_gteval_poseopt_depthpoints_dl1.0_steps15000_val_step14999.json,999,colmap | points,40.0
colmap,40,42,,1993,,,,,0,10,farthestpose,40,GT Eval,,,,Pose Opt,,,points,,1.0,,colmap,bicycle,,,15000,15000,default,MCMC,,,,,Shared Cam,,,,,,gsplat,outdoor,14.164867401123047,0.6668745279312134,0.2403191179037094,1000000,0.0026060491800308228,0.22781307995319366,,,-0.10236833949922504,0.5255996716659539,1993,/home/ojab2/work/git/gsplat/results/colmap_outputs/bicycle_4_n40_s42_default_farthestpose_sharedcam_i40_gteval_poseopt_depthpoints_dl1.0_steps15000/stats/val_step14999.json,/home/ojab2/work/git/gsplat/results/colmap_outputs/bicycle_4_n40_s42_default_farthestpose_sharedcam_i40_gteval_poseopt_depthpoints_dl1.0_steps15000/stats/val_step14999.json,bicycle_4_n40_s42_default_farthestpose_sharedcam_i40_gteval_poseopt_depthpoints_dl1.0_steps15000,0.2627,0.018073,18,0.79389,,,,/home/ojab2/work/git/vggt/colmap_outputs/bicycle_4_n40_s42_default_farthestpose_sharedcam/eval_results.json,bicycle_4_n40_s42_default_farthestpose_sharedcam,bicycle_4_n40_s42_default_farthestpose_sharedcam_i40_gteval_poseopt_depthpoints_dl1.0_steps15000_val_step14999.json,1993,colmap | points,40.0
colmap,40,42,,2721,,,,,0,10,farthestpose,40,GT Eval,,,,Pose Opt,,,points,,1.0,,colmap,lego,pinhole,,15000,15000,default,MCMC,,,,,Shared Cam,,,,,,gsplat,synthetic,10.867246627807617,0.5243493914604187,0.6381755471229553,1000000,0.9282207489013672,106.07014465332031,1.0714139938354492,0.8507091999053955,0.15720766693682853,0.40258874411139844,2721,/home/ojab2/work/git/gsplat/results/colmap_outputs/lego_1_n40_s42_default_mpinhole_farthestpose_sharedcam_i40_gteval_poseopt_depthpoints_dl1.0_steps15000/stats/val_step14999.json,/home/ojab2/work/git/gsplat/results/colmap_outputs/lego_1_n40_s42_default_mpinhole_farthestpose_sharedcam_i40_gteval_poseopt_depthpoints_dl1.0_steps15000/stats/val_step14999.json,lego_1_n40_s42_default_mpinhole_farthestpose_sharedcam_i40_gteval_poseopt_depthpoints_dl1.0_steps15000,173.622,3.771985,36,0.1834,,,,/home/ojab2/work/git/vggt/colmap_outputs/lego_1_n40_s42_default_mpinhole_farthestpose_sharedcam/eval_results.json,lego_1_n40_s42_default_mpinhole_farthestpose_sharedcam,lego_1_n40_s42_default_mpinhole_farthestpose_sharedcam_i40_gteval_poseopt_depthpoints_dl1.0_steps15000_val_step14999.json,2721,colmap | points,40.0
colmap,40,42,,9426,,,,,0,10,farthestpose,40,GT Eval,,,,Pose Opt,,,points,,1.0,,colmap,counter,,,15000,15000,default,MCMC,,,,,Shared Cam,,,,,,gsplat,indoor,16.39432144165039,0.45556873083114624,0.5152339339256287,1000000,0.0010676777455955744,0.15484431385993958,,,0.2301224219171625,0.3915862732364578,9426,/home/ojab2/work/git/gsplat/results/colmap_outputs/counter_2_n40_s42_default_farthestpose_sharedcam_i40_gteval_poseopt_depthpoints_dl1.0_steps15000/stats/val_step14999.json,/home/ojab2/work/git/gsplat/results/colmap_outputs/counter_2_n40_s42_default_farthestpose_sharedcam_i40_gteval_poseopt_depthpoints_dl1.0_steps15000/stats/val_step14999.json,counter_2_n40_s42_default_farthestpose_sharedcam_i40_gteval_poseopt_depthpoints_dl1.0_steps15000,0.1776,0.003977,21,0.676456,,,,/home/ojab2/work/git/vggt/colmap_outputs/counter_2_n40_s42_default_farthestpose_sharedcam/eval_results.json,counter_2_n40_s42_default_farthestpose_sharedcam,counter_2_n40_s42_default_farthestpose_sharedcam_i40_gteval_poseopt_depthpoints_dl1.0_steps15000_val_step14999.json,9426,colmap | points,40.0
colmap,40,42,,22059,,,,,0,10,farthestpose,40,GT Eval,,,,Pose Opt,,,points,,1.0,,colmap,bonsai,,,15000,15000,default,MCMC,,,,,Shared Cam,,,,,,gsplat,indoor,16.17671012878418,0.47270265221595764,0.5265456438064575,1000000,0.026929430663585663,1.0334012508392334,,,0.22213112312605665,0.39496672166766733,22059,/home/ojab2/work/git/gsplat/results/colmap_outputs/bonsai_2_n40_s42_default_farthestpose_sharedcam_i40_gteval_poseopt_depthpoints_dl1.0_steps15000/stats/val_step14999.json,/home/ojab2/work/git/gsplat/results/colmap_outputs/bonsai_2_n40_s42_default_farthestpose_sharedcam_i40_gteval_poseopt_depthpoints_dl1.0_steps15000/stats/val_step14999.json,bonsai_2_n40_s42_default_farthestpose_sharedcam_i40_gteval_poseopt_depthpoints_dl1.0_steps15000,1.264,0.122388,34,1.16002,,,,/home/ojab2/work/git/vggt/colmap_outputs/bonsai_2_n40_s42_default_farthestpose_sharedcam/eval_results.json,bonsai_2_n40_s42_default_farthestpose_sharedcam,bonsai_2_n40_s42_default_farthestpose_sharedcam_i40_gteval_poseopt_depthpoints_dl1.0_steps15000_val_step14999.json,22059,colmap | points,40.0
colmap,40,42,,22609,,,,,0,10,farthestpose,40,GT Eval,,,,Pose Opt,,,points,,1.0,,colmap,garden,,,15000,15000,default,MCMC,,,,,Shared Cam,,,,,,gsplat,outdoor,21.542984008789062,0.3314819037914276,0.4866301417350769,1000000,0.0007404137286357582,0.053583741188049316,,,0.3853374679728403,0.3516633232451279,22609,/home/ojab2/work/git/gsplat/results/colmap_outputs/garden_2_n40_s42_default_farthestpose_sharedcam_i40_gteval_poseopt_depthpoints_dl1.0_steps15000/stats/val_step14999.json,/home/ojab2/work/git/gsplat/results/colmap_outputs/garden_2_n40_s42_default_farthestpose_sharedcam_i40_gteval_poseopt_depthpoints_dl1.0_steps15000/stats/val_step14999.json,garden_2_n40_s42_default_farthestpose_sharedcam_i40_gteval_poseopt_depthpoints_dl1.0_steps15000,0.0553,0.003176,40,1.088567,,,,/home/ojab2/work/git/vggt/colmap_outputs/garden_2_n40_s42_default_farthestpose_sharedcam/eval_results.json,garden_2_n40_s42_default_farthestpose_sharedcam,garden_2_n40_s42_default_farthestpose_sharedcam_i40_gteval_poseopt_depthpoints_dl1.0_steps15000_val_step14999.json,22609,colmap | points,40.0
colmap,40,42,,25253,,,,,0,10,farthestpose,40,GT Eval,,,,Pose Opt,,,points,,1.0,,colmap,kitchen,,,15000,15000,default,MCMC,,,,,Shared Cam,,,,,,gsplat,indoor,20.683971405029297,0.19238655269145966,0.5093856453895569,1000000,0.0011964499717578292,0.09785022586584091,,,0.46859846708060393,0.3004560304994729,25253,/home/ojab2/work/git/gsplat/results/colmap_outputs/kitchen_2_n40_s42_default_farthestpose_sharedcam_i40_gteval_poseopt_depthpoints_dl1.0_steps15000/stats/val_step14999.json,/home/ojab2/work/git/gsplat/results/colmap_outputs/kitchen_2_n40_s42_default_farthestpose_sharedcam_i40_gteval_poseopt_depthpoints_dl1.0_steps15000/stats/val_step14999.json,kitchen_2_n40_s42_default_farthestpose_sharedcam_i40_gteval_poseopt_depthpoints_dl1.0_steps15000,0.1295,0.007284,40,1.110472,,,,/home/ojab2/work/git/vggt/colmap_outputs/kitchen_2_n40_s42_default_farthestpose_sharedcam/eval_results.json,kitchen_2_n40_s42_default_farthestpose_sharedcam,kitchen_2_n40_s42_default_farthestpose_sharedcam_i40_gteval_poseopt_depthpoints_dl1.0_steps15000_val_step14999.json,25253,colmap | points,40.0
vggt,5,42,0.0,100000,random,,,,0,10,farthestpose,5,GT Eval,,,,Pose Opt,,,points,,1.0,,vggt,bonsai,,,15000,15000,,MCMC,,,,,,,,,,,gsplat,indoor,12.138049125671387,0.6417262554168701,0.3062572181224823,1000000,0.00910346582531929,1.3379688262939453,,,-0.08581809373239631,0.5119200457716473,100000,/home/ojab2/work/git/gsplat/results/vggt_outputs/bonsai_2_n5_s42_c0.0_p100000_random_farthestpose_i5_gteval_poseopt_depthpoints_dl1.0_confdisabled_steps15000/stats/val_step14999.json,/home/ojab2/work/git/gsplat/results/vggt_outputs/bonsai_2_n5_s42_c0.0_p100000_random_farthestpose_i5_gteval_poseopt_depthpoints_dl1.0_confdisabled_steps15000/stats/val_step14999.json,bonsai_2_n5_s42_c0.0_p100000_random_farthestpose_i5_gteval_poseopt_depthpoints_dl1.0_confdisabled_steps15000,1.3505,0.046422,5,7.87632,,,,/home/ojab2/work/git/vggt/vggt_outputs/bonsai_2_n5_s42_c0.0_p100000_random_farthestpose/eval_results.json,bonsai_2_n5_s42_c0.0_p100000_random_farthestpose,bonsai_2_n5_s42_c0.0_p100000_random_farthestpose_i5_gteval_poseopt_depthpoints_dl1.0_confdisabled_steps15000_val_step14999.json,100000,vggt | points,5.0
vggt,5,42,0.0,100000,random,,,,0,10,farthestpose,5,GT Eval,,,,Pose Opt,,,points,,1.0,,vggt,kitchen,,,15000,15000,,MCMC,,,,,,,,,,,gsplat,indoor,14.681899070739746,0.4672650396823883,0.31946682929992676,1000000,0.007392274681478739,0.43337392807006836,,,0.07670726587897858,0.44207844021136383,100000,/home/ojab2/work/git/gsplat/results/vggt_outputs/kitchen_2_n5_s42_c0.0_p100000_random_farthestpose_i5_gteval_poseopt_depthpoints_dl1.0_confdisabled_steps15000/stats/val_step14999.json,/home/ojab2/work/git/gsplat/results/vggt_outputs/kitchen_2_n5_s42_c0.0_p100000_random_farthestpose_i5_gteval_poseopt_depthpoints_dl1.0_confdisabled_steps15000/stats/val_step14999.json,kitchen_2_n5_s42_c0.0_p100000_random_farthestpose_i5_gteval_poseopt_depthpoints_dl1.0_confdisabled_steps15000,0.5008,0.022409,5,5.131426,,,,/home/ojab2/work/git/vggt/vggt_outputs/kitchen_2_n5_s42_c0.0_p100000_random_farthestpose/eval_results.json,kitchen_2_n5_s42_c0.0_p100000_random_farthestpose,kitchen_2_n5_s42_c0.0_p100000_random_farthestpose_i5_gteval_poseopt_depthpoints_dl1.0_confdisabled_steps15000_val_step14999.json,100000,vggt | points,5.0
vggt,5,42,0.0,100000,random,,,,0,10,farthestpose,5,GT Eval,,,,Pose Opt,,,points,,1.0,,vggt,counter,,,15000,15000,,MCMC,,,,,,,,,,,gsplat,indoor,12.701443672180176,0.5874753594398499,0.32902178168296814,1000000,0.010995300486683846,1.1320698261260986,,,-0.0285840437271286,0.4867644304437745,100000,/home/ojab2/work/git/gsplat/results/vggt_outputs/counter_2_n5_s42_c0.0_p100000_random_farthestpose_i5_gteval_poseopt_depthpoints_dl1.0_confdisabled_steps15000/stats/val_step14999.json,/home/ojab2/work/git/gsplat/results/vggt_outputs/counter_2_n5_s42_c0.0_p100000_random_farthestpose_i5_gteval_poseopt_depthpoints_dl1.0_confdisabled_steps15000/stats/val_step14999.json,counter_2_n5_s42_c0.0_p100000_random_farthestpose_i5_gteval_poseopt_depthpoints_dl1.0_confdisabled_steps15000,1.1943,0.049675,5,4.457592,,,,/home/ojab2/work/git/vggt/vggt_outputs/counter_2_n5_s42_c0.0_p100000_random_farthestpose/eval_results.json,counter_2_n5_s42_c0.0_p100000_random_farthestpose,counter_2_n5_s42_c0.0_p100000_random_farthestpose_i5_gteval_poseopt_depthpoints_dl1.0_confdisabled_steps15000_val_step14999.json,100000,vggt | points,5.0
vggt,5,42,0.0,100000,random,,,,0,10,farthestpose,5,GT Eval,,,,Pose Opt,,,points,,1.0,,vggt,bicycle,,,15000,15000,,MCMC,,,,,,,,,,,gsplat,outdoor,12.038886070251465,0.6478686332702637,0.09951397031545639,1000000,0.02732527256011963,3.514097213745117,,,-0.21234852197574586,0.553113787794437,100000,/home/ojab2/work/git/gsplat/results/vggt_outputs/bicycle_4_n5_s42_c0.0_p100000_random_farthestpose_i5_gteval_poseopt_depthpoints_dl1.0_confdisabled_steps15000/stats/val_step14999.json,/home/ojab2/work/git/gsplat/results/vggt_outputs/bicycle_4_n5_s42_c0.0_p100000_random_farthestpose_i5_gteval_poseopt_depthpoints_dl1.0_confdisabled_steps15000/stats/val_step14999.json,bicycle_4_n5_s42_c0.0_p100000_random_farthestpose_i5_gteval_poseopt_depthpoints_dl1.0_confdisabled_steps15000,3.5379,0.168365,5,6.006836,,,,/home/ojab2/work/git/vggt/vggt_outputs/bicycle_4_n5_s42_c0.0_p100000_random_farthestpose/eval_results.json,bicycle_4_n5_s42_c0.0_p100000_random_farthestpose,bicycle_4_n5_s42_c0.0_p100000_random_farthestpose_i5_gteval_poseopt_depthpoints_dl1.0_confdisabled_steps15000_val_step14999.json,100000,vggt | points,5.0
vggt,5,42,0.0,100000,random,,,,0,10,farthestpose,5,GT Eval,,,,Pose Opt,,,points,,1.0,,vggt,garden,,,15000,15000,,MCMC,,,,,,,,,,,gsplat,outdoor,14.552291870117188,0.5022169351577759,0.21546289324760437,1000000,0.005782392807304859,0.9074974060058594,,,-0.008089126821769505,0.4743382035025934,100000,/home/ojab2/work/git/gsplat/results/vggt_outputs/garden_2_n5_s42_c0.0_p100000_random_farthestpose_i5_gteval_poseopt_depthpoints_dl1.0_confdisabled_steps15000/stats/val_step14999.json,/home/ojab2/work/git/gsplat/results/vggt_outputs/garden_2_n5_s42_c0.0_p100000_random_farthestpose_i5_gteval_poseopt_depthpoints_dl1.0_confdisabled_steps15000/stats/val_step14999.json,garden_2_n5_s42_c0.0_p100000_random_farthestpose_i5_gteval_poseopt_depthpoints_dl1.0_confdisabled_steps15000,0.92,0.033259,5,6.575757,,,,/home/ojab2/work/git/vggt/vggt_outputs/garden_2_n5_s42_c0.0_p100000_random_farthestpose/eval_results.json,garden_2_n5_s42_c0.0_p100000_random_farthestpose,garden_2_n5_s42_c0.0_p100000_random_farthestpose_i5_gteval_poseopt_depthpoints_dl1.0_confdisabled_steps15000_val_step14999.json,100000,vggt | points,5.0
vggt,5,42,0.0,100000,random,,,,0,10,farthestpose,5,GT Eval,,,,Pose Opt,,,points,,1.0,,vggt,stump,,,15000,15000,,MCMC,,,,,,,,,,,gsplat,outdoor,14.467846870422363,0.626266360282898,0.21633335947990417,1000000,0.14343564212322235,2.5529637336730957,,,-0.08571759774516033,0.5157536134961143,100000,/home/ojab2/work/git/gsplat/results/vggt_outputs/stump_2_n5_s42_c0.0_p100000_random_farthestpose_i5_gteval_poseopt_depthpoints_dl1.0_confdisabled_steps15000/stats/val_step14999.json,/home/ojab2/work/git/gsplat/results/vggt_outputs/stump_2_n5_s42_c0.0_p100000_random_farthestpose_i5_gteval_poseopt_depthpoints_dl1.0_confdisabled_steps15000/stats/val_step14999.json,stump_2_n5_s42_c0.0_p100000_random_farthestpose_i5_gteval_poseopt_depthpoints_dl1.0_confdisabled_steps15000,2.5661,0.583039,5,6.314052,,,,/home/ojab2/work/git/vggt/vggt_outputs/stump_2_n5_s42_c0.0_p100000_random_farthestpose/eval_results.json,stump_2_n5_s42_c0.0_p100000_random_farthestpose,stump_2_n5_s42_c0.0_p100000_random_farthestpose_i5_gteval_poseopt_depthpoints_dl1.0_confdisabled_steps15000_val_step14999.json,100000,vggt | points,5.0
vggt,5,42,0.0,100000,random,,,,0,10,farthestpose,5,GT Eval,,,,Pose Opt,,,points,,1.0,,vggt,lego,,,15000,15000,,MCMC,,,,,,,,,,,gsplat,synthetic,12.47802448272705,0.4110071063041687,0.5750299692153931,1000000,0.02663758024573326,3.4220073223114014,0.29152587056159973,0.08781465142965317,0.22007402148318025,0.37314125408037524,100000,/home/ojab2/work/git/gsplat/results/vggt_outputs/lego_1_n5_s42_c0.0_p100000_random_farthestpose_i5_gteval_poseopt_depthpoints_dl1.0_confdisabled_steps15000/stats/val_step14999.json,/home/ojab2/work/git/gsplat/results/vggt_outputs/lego_1_n5_s42_c0.0_p100000_random_farthestpose_i5_gteval_poseopt_depthpoints_dl1.0_confdisabled_steps15000/stats/val_step14999.json,lego_1_n5_s42_c0.0_p100000_random_farthestpose_i5_gteval_poseopt_depthpoints_dl1.0_confdisabled_steps15000,3.4942,0.128822,5,4.022111,0.0781,0.0222,0.1114,/home/ojab2/work/git/vggt/vggt_outputs/lego_1_n5_s42_c0.0_p100000_random_farthestpose/eval_results.json,lego_1_n5_s42_c0.0_p100000_random_farthestpose,lego_1_n5_s42_c0.0_p100000_random_farthestpose_i5_gteval_poseopt_depthpoints_dl1.0_confdisabled_steps15000_val_step14999.json,100000,vggt | points,5.0
vggt,5,42,0.0,100000,random,,,,0,10,farthestpose,5,GT Eval,,,,Pose Opt,,,points,,1.0,,vggt,ship,,,15000,15000,,MCMC,,,,,,,,,,,gsplat,synthetic,19.45757484436035,0.24044464528560638,0.6620087027549744,1000000,0.005337201990187168,0.45852845907211304,0.15650390088558197,0.04344712570309639,0.5054751803264592,0.2777150545521645,100000,/home/ojab2/work/git/gsplat/results/vggt_outputs/ship_1_n5_s42_c0.0_p100000_random_farthestpose_i5_gteval_poseopt_depthpoints_dl1.0_confdisabled_steps15000/stats/val_step14999.json,/home/ojab2/work/git/gsplat/results/vggt_outputs/ship_1_n5_s42_c0.0_p100000_random_farthestpose_i5_gteval_poseopt_depthpoints_dl1.0_confdisabled_steps15000/stats/val_step14999.json,ship_1_n5_s42_c0.0_p100000_random_farthestpose_i5_gteval_poseopt_depthpoints_dl1.0_confdisabled_steps15000,0.5094,0.026414,5,4.184387,0.0934,0.0263,0.2262,/home/ojab2/work/git/vggt/vggt_outputs/ship_1_n5_s42_c0.0_p100000_random_farthestpose/eval_results.json,ship_1_n5_s42_c0.0_p100000_random_farthestpose,ship_1_n5_s42_c0.0_p100000_random_farthestpose_i5_gteval_poseopt_depthpoints_dl1.0_confdisabled_steps15000_val_step14999.json,100000,vggt | points,5.0
vggt,5,42,0.0,100000,random,,,,0,10,farthestpose,5,GT Eval,,,,Pose Opt,,,points,,1.0,,vggt,drums,,,15000,15000,,MCMC,,,,,,,,,,,gsplat,synthetic,12.357109069824219,0.4357531666755676,0.5789831876754761,1000000,0.01580892875790596,0.9497877955436707,0.24642859399318695,0.07836614549160004,0.20487132492276117,0.38090878796083294,100000,/home/ojab2/work/git/gsplat/results/vggt_outputs/drums_1_n5_s42_c0.0_p100000_random_farthestpose_i5_gteval_poseopt_depthpoints_dl1.0_confdisabled_steps15000/stats/val_step14999.json,/home/ojab2/work/git/gsplat/results/vggt_outputs/drums_1_n5_s42_c0.0_p100000_random_farthestpose_i5_gteval_poseopt_depthpoints_dl1.0_confdisabled_steps15000/stats/val_step14999.json,drums_1_n5_s42_c0.0_p100000_random_farthestpose_i5_gteval_poseopt_depthpoints_dl1.0_confdisabled_steps15000,0.9519,0.082748,5,3.925482,0.1071,0.0297,0.1585,/home/ojab2/work/git/vggt/vggt_outputs/drums_1_n5_s42_c0.0_p100000_random_farthestpose/eval_results.json,drums_1_n5_s42_c0.0_p100000_random_farthestpose,drums_1_n5_s42_c0.0_p100000_random_farthestpose_i5_gteval_poseopt_depthpoints_dl1.0_confdisabled_steps15000_val_step14999.json,100000,vggt | points,5.0
vggt,10,42,0.0,100000,random,,,,0,10,farthestpose,10,GT Eval,,,,Pose Opt,,,points,,1.0,,vggt,bonsai,,,15000,15000,,MCMC,,,,,,,,,,,gsplat,indoor,14.111678123474121,0.5504880547523499,0.4026721715927124,1000000,0.023949718102812767,1.2029941082000732,,,0.06343348209078706,0.4540526537168865,100000,/home/ojab2/work/git/gsplat/results/vggt_outputs/bonsai_2_n10_s42_c0.0_p100000_random_farthestpose_i10_gteval_poseopt_depthpoints_dl1.0_confdisabled_steps15000/stats/val_step14999.json,/home/ojab2/work/git/gsplat/results/vggt_outputs/bonsai_2_n10_s42_c0.0_p100000_random_farthestpose_i10_gteval_poseopt_depthpoints_dl1.0_confdisabled_steps15000/stats/val_step14999.json,bonsai_2_n10_s42_c0.0_p100000_random_farthestpose_i10_gteval_poseopt_depthpoints_dl1.0_confdisabled_steps15000,1.2121,0.105759,10,7.840031,,,,/home/ojab2/work/git/vggt/vggt_outputs/bonsai_2_n10_s42_c0.0_p100000_random_farthestpose/eval_results.json,bonsai_2_n10_s42_c0.0_p100000_random_farthestpose,bonsai_2_n10_s42_c0.0_p100000_random_farthestpose_i10_gteval_poseopt_depthpoints_dl1.0_confdisabled_steps15000_val_step14999.json,100000,vggt | points,10.0
vggt,10,42,0.0,100000,random,,,,0,10,farthestpose,10,GT Eval,,,,Pose Opt,,,points,,1.0,,vggt,kitchen,,,15000,15000,,MCMC,,,,,,,,,,,gsplat,indoor,16.411924362182617,0.3690672516822815,0.356589674949646,1000000,0.006524978671222925,0.35109978914260864,,,0.1910699562564773,0.39801391190576185,100000,/home/ojab2/work/git/gsplat/results/vggt_outputs/kitchen_2_n10_s42_c0.0_p100000_random_farthestpose_i10_gteval_poseopt_depthpoints_dl1.0_confdisabled_steps15000/stats/val_step14999.json,/home/ojab2/work/git/gsplat/results/vggt_outputs/kitchen_2_n10_s42_c0.0_p100000_random_farthestpose_i10_gteval_poseopt_depthpoints_dl1.0_confdisabled_steps15000/stats/val_step14999.json,kitchen_2_n10_s42_c0.0_p100000_random_farthestpose_i10_gteval_poseopt_depthpoints_dl1.0_confdisabled_steps15000,0.313,0.033085,10,4.824765,,,,/home/ojab2/work/git/vggt/vggt_outputs/kitchen_2_n10_s42_c0.0_p100000_random_farthestpose/eval_results.json,kitchen_2_n10_s42_c0.0_p100000_random_farthestpose,kitchen_2_n10_s42_c0.0_p100000_random_farthestpose_i10_gteval_poseopt_depthpoints_dl1.0_confdisabled_steps15000_val_step14999.json,100000,vggt | points,10.0
vggt,10,42,0.0,100000,random,,,,0,10,farthestpose,10,GT Eval,,,,Pose Opt,,,points,,1.0,,vggt,counter,,,15000,15000,,MCMC,,,,,,,,,,,gsplat,indoor,14.256112098693848,0.515708327293396,0.40503358840942383,1000000,0.010539814829826355,0.9936545491218567,,,0.08895809840970106,0.44152662318578006,100000,/home/ojab2/work/git/gsplat/results/vggt_outputs/counter_2_n10_s42_c0.0_p100000_random_farthestpose_i10_gteval_poseopt_depthpoints_dl1.0_confdisabled_steps15000/stats/val_step14999.json,/home/ojab2/work/git/gsplat/results/vggt_outputs/counter_2_n10_s42_c0.0_p100000_random_farthestpose_i10_gteval_poseopt_depthpoints_dl1.0_confdisabled_steps15000/stats/val_step14999.json,counter_2_n10_s42_c0.0_p100000_random_farthestpose_i10_gteval_poseopt_depthpoints_dl1.0_confdisabled_steps15000,1.0595,0.054762,10,4.672631,,,,/home/ojab2/work/git/vggt/vggt_outputs/counter_2_n10_s42_c0.0_p100000_random_farthestpose/eval_results.json,counter_2_n10_s42_c0.0_p100000_random_farthestpose,counter_2_n10_s42_c0.0_p100000_random_farthestpose_i10_gteval_poseopt_depthpoints_dl1.0_confdisabled_steps15000_val_step14999.json,100000,vggt | points,10.0
vggt,10,42,0.0,100000,random,,,,0,10,farthestpose,10,GT Eval,,,,Pose Opt,,,points,,1.0,,vggt,bicycle,,,15000,15000,,MCMC,,,,,,,,,,,gsplat,outdoor,13.727160453796387,0.5629594922065735,0.13924013078212738,1000000,0.03239258751273155,1.694211721420288,,,-0.10543945871288696,0.5110409833398437,100000,/home/ojab2/work/git/gsplat/results/vggt_outputs/bicycle_4_n10_s42_c0.0_p100000_random_farthestpose_i10_gteval_poseopt_depthpoints_dl1.0_confdisabled_steps15000/stats/val_step14999.json,/home/ojab2/work/git/gsplat/results/vggt_outputs/bicycle_4_n10_s42_c0.0_p100000_random_farthestpose_i10_gteval_poseopt_depthpoints_dl1.0_confdisabled_steps15000/stats/val_step14999.json,bicycle_4_n10_s42_c0.0_p100000_random_farthestpose_i10_gteval_poseopt_depthpoints_dl1.0_confdisabled_steps15000,1.7481,0.149304,10,6.38044,,,,/home/ojab2/work/git/vggt/vggt_outputs/bicycle_4_n10_s42_c0.0_p100000_random_farthestpose/eval_results.json,bicycle_4_n10_s42_c0.0_p100000_random_farthestpose,bicycle_4_n10_s42_c0.0_p100000_random_farthestpose_i10_gteval_poseopt_depthpoints_dl1.0_confdisabled_steps15000_val_step14999.json,100000,vggt | points,10.0
vggt,10,42,0.0,100000,random,,,,0,10,farthestpose,10,GT Eval,,,,Pose Opt,,,points,,1.0,,vggt,garden,,,15000,15000,,MCMC,,,,,,,,,,,gsplat,outdoor,16.00888442993164,0.4423298239707947,0.24631550908088684,1000000,0.008934027515351772,0.598983645439148,,,0.07389462745522742,0.445182464721143,100000,/home/ojab2/work/git/gsplat/results/vggt_outputs/garden_2_n10_s42_c0.0_p100000_random_farthestpose_i10_gteval_poseopt_depthpoints_dl1.0_confdisabled_steps15000/stats/val_step14999.json,/home/ojab2/work/git/gsplat/results/vggt_outputs/garden_2_n10_s42_c0.0_p100000_random_farthestpose_i10_gteval_poseopt_depthpoints_dl1.0_confdisabled_steps15000/stats/val_step14999.json,garden_2_n10_s42_c0.0_p100000_random_farthestpose_i10_gteval_poseopt_depthpoints_dl1.0_confdisabled_steps15000,0.7164,0.041493,10,6.042358,,,,/home/ojab2/work/git/vggt/vggt_outputs/garden_2_n10_s42_c0.0_p100000_random_farthestpose/eval_results.json,garden_2_n10_s42_c0.0_p100000_random_farthestpose,garden_2_n10_s42_c0.0_p100000_random_farthestpose_i10_gteval_poseopt_depthpoints_dl1.0_confdisabled_steps15000_val_step14999.json,100000,vggt | points,10.0
vggt,10,42,0.0,100000,random,,,,0,10,farthestpose,10,GT Eval,,,,Pose Opt,,,points,,1.0,,vggt,stump,,,15000,15000,,MCMC,,,,,,,,,,,gsplat,outdoor,14.858047485351562,0.6012835502624512,0.2540063261985779,1000000,0.11554475128650665,2.3807930946350098,,,-0.04103919807543136,0.49922209088885316,100000,/home/ojab2/work/git/gsplat/results/vggt_outputs/stump_2_n10_s42_c0.0_p100000_random_farthestpose_i10_gteval_poseopt_depthpoints_dl1.0_confdisabled_steps15000/stats/val_step14999.json,/home/ojab2/work/git/gsplat/results/vggt_outputs/stump_2_n10_s42_c0.0_p100000_random_farthestpose_i10_gteval_poseopt_depthpoints_dl1.0_confdisabled_steps15000/stats/val_step14999.json,stump_2_n10_s42_c0.0_p100000_random_farthestpose_i10_gteval_poseopt_depthpoints_dl1.0_confdisabled_steps15000,2.3893,0.483844,10,7.015653,,,,/home/ojab2/work/git/vggt/vggt_outputs/stump_2_n10_s42_c0.0_p100000_random_farthestpose/eval_results.json,stump_2_n10_s42_c0.0_p100000_random_farthestpose,stump_2_n10_s42_c0.0_p100000_random_farthestpose_i10_gteval_poseopt_depthpoints_dl1.0_confdisabled_steps15000_val_step14999.json,100000,vggt | points,10.0
vggt,10,42,0.0,100000,random,,,,0,10,farthestpose,10,GT Eval,,,,Pose Opt,,,points,,1.0,,vggt,lego,,,15000,15000,,MCMC,,,,,,,,,,,gsplat,synthetic,13.5533447265625,0.35895365476608276,0.6019527912139893,1000000,0.033333707600831985,2.533219575881958,0.16597460210323334,0.046774666756391525,0.28786345989073614,0.3446621770534999,100000,/home/ojab2/work/git/gsplat/results/vggt_outputs/lego_1_n10_s42_c0.0_p100000_random_farthestpose_i10_gteval_poseopt_depthpoints_dl1.0_confdisabled_steps15000/stats/val_step14999.json,/home/ojab2/work/git/gsplat/results/vggt_outputs/lego_1_n10_s42_c0.0_p100000_random_farthestpose_i10_gteval_poseopt_depthpoints_dl1.0_confdisabled_steps15000/stats/val_step14999.json,lego_1_n10_s42_c0.0_p100000_random_farthestpose_i10_gteval_poseopt_depthpoints_dl1.0_confdisabled_steps15000,2.5484,0.158437,10,4.111717,0.0943,0.0269,0.1191,/home/ojab2/work/git/vggt/vggt_outputs/lego_1_n10_s42_c0.0_p100000_random_farthestpose/eval_results.json,lego_1_n10_s42_c0.0_p100000_random_farthestpose,lego_1_n10_s42_c0.0_p100000_random_farthestpose_i10_gteval_poseopt_depthpoints_dl1.0_confdisabled_steps15000_val_step14999.json,100000,vggt | points,10.0
vggt,10,42,0.0,100000,random,,,,0,10,farthestpose,10,GT Eval,,,,Pose Opt,,,points,,1.0,,vggt,ship,,,15000,15000,,MCMC,,,,,,,,,,,gsplat,synthetic,20.90789031982422,0.18312644958496094,0.6906472444534302,1000000,0.004023410379886627,0.2952309846878052,0.11588975042104721,0.03250115364789963,0.5844621618046553,0.24914496347894793,100000,/home/ojab2/work/git/gsplat/results/vggt_outputs/ship_1_n10_s42_c0.0_p100000_random_farthestpose_i10_gteval_poseopt_depthpoints_dl1.0_confdisabled_steps15000/stats/val_step14999.json,/home/ojab2/work/git/gsplat/results/vggt_outputs/ship_1_n10_s42_c0.0_p100000_random_farthestpose_i10_gteval_poseopt_depthpoints_dl1.0_confdisabled_steps15000/stats/val_step14999.json,ship_1_n10_s42_c0.0_p100000_random_farthestpose_i10_gteval_poseopt_depthpoints_dl1.0_confdisabled_steps15000,0.3226,0.021268,10,4.196754,0.0995,0.0276,0.2459,/home/ojab2/work/git/vggt/vggt_outputs/ship_1_n10_s42_c0.0_p100000_random_farthestpose/eval_results.json,ship_1_n10_s42_c0.0_p100000_random_farthestpose,ship_1_n10_s42_c0.0_p100000_random_farthestpose_i10_gteval_poseopt_depthpoints_dl1.0_confdisabled_steps15000_val_step14999.json,100000,vggt | points,10.0
vggt,10,42,0.0,100000,random,,,,0,10,farthestpose,10,GT Eval,,,,Pose Opt,,,points,,1.0,,vggt,drums,,,15000,15000,,MCMC,,,,,,,,,,,gsplat,synthetic,12.488531112670898,0.42801085114479065,0.5903642773628235,1000000,0.01917717047035694,1.140552043914795,0.26301994919776917,0.06825846433639526,0.21873988157901925,0.3748071970736027,100000,/home/ojab2/work/git/gsplat/results/vggt_outputs/drums_1_n10_s42_c0.0_p100000_random_farthestpose_i10_gteval_poseopt_depthpoints_dl1.0_confdisabled_steps15000/stats/val_step14999.json,/home/ojab2/work/git/gsplat/results/vggt_outputs/drums_1_n10_s42_c0.0_p100000_random_farthestpose_i10_gteval_poseopt_depthpoints_dl1.0_confdisabled_steps15000/stats/val_step14999.json,drums_1_n10_s42_c0.0_p100000_random_farthestpose_i10_gteval_poseopt_depthpoints_dl1.0_confdisabled_steps15000,1.1533,0.077913,10,3.951663,,,,/home/ojab2/work/git/vggt/vggt_outputs/drums_1_n10_s42_c0.0_p100000_random_farthestpose/eval_results.json,drums_1_n10_s42_c0.0_p100000_random_farthestpose,drums_1_n10_s42_c0.0_p100000_random_farthestpose_i10_gteval_poseopt_depthpoints_dl1.0_confdisabled_steps15000_val_step14999.json,100000,vggt | points,10.0
vggt,20,42,0.0,100000,random,,,,0,10,farthestpose,20,GT Eval,,,,Pose Opt,,,points,,1.0,,vggt,bonsai,,,15000,15000,,MCMC,,,,,,,,,,,gsplat,indoor,15.896809577941895,0.4695948660373688,0.48026415705680847,1000000,0.023158475756645203,0.842167854309082,,,0.19180096919231399,0.40541492845093724,100000,/home/ojab2/work/git/gsplat/results/vggt_outputs/bonsai_2_n20_s42_c0.0_p100000_random_farthestpose_i20_gteval_poseopt_depthpoints_dl1.0_confdisabled_steps15000/stats/val_step14999.json,/home/ojab2/work/git/gsplat/results/vggt_outputs/bonsai_2_n20_s42_c0.0_p100000_random_farthestpose_i20_gteval_poseopt_depthpoints_dl1.0_confdisabled_steps15000/stats/val_step14999.json,bonsai_2_n20_s42_c0.0_p100000_random_farthestpose_i20_gteval_poseopt_depthpoints_dl1.0_confdisabled_steps15000,0.8715,0.105606,20,7.855938,,,,/home/ojab2/work/git/vggt/vggt_outputs/bonsai_2_n20_s42_c0.0_p100000_random_farthestpose/eval_results.json,bonsai_2_n20_s42_c0.0_p100000_random_farthestpose,bonsai_2_n20_s42_c0.0_p100000_random_farthestpose_i20_gteval_poseopt_depthpoints_dl1.0_confdisabled_steps15000_val_step14999.json,100000,vggt | points,20.0
vggt,20,42,0.0,100000,random,,,,0,10,farthestpose,20,GT Eval,,,,Pose Opt,,,points,,1.0,,vggt,kitchen,,,15000,15000,,MCMC,,,,,,,,,,,gsplat,indoor,16.90940284729004,0.34420183300971985,0.4079149663448334,1000000,0.006075219716876745,0.29496219754219055,,,0.24564633495703853,0.37801522466664783,100000,/home/ojab2/work/git/gsplat/results/vggt_outputs/kitchen_2_n20_s42_c0.0_p100000_random_farthestpose_i20_gteval_poseopt_depthpoints_dl1.0_confdisabled_steps15000/stats/val_step14999.json,/home/ojab2/work/git/gsplat/results/vggt_outputs/kitchen_2_n20_s42_c0.0_p100000_random_farthestpose_i20_gteval_poseopt_depthpoints_dl1.0_confdisabled_steps15000/stats/val_step14999.json,kitchen_2_n20_s42_c0.0_p100000_random_farthestpose_i20_gteval_poseopt_depthpoints_dl1.0_confdisabled_steps15000,0.3053,0.029336,20,4.779324,,,,/home/ojab2/work/git/vggt/vggt_outputs/kitchen_2_n20_s42_c0.0_p100000_random_farthestpose/eval_results.json,kitchen_2_n20_s42_c0.0_p100000_random_farthestpose,kitchen_2_n20_s42_c0.0_p100000_random_farthestpose_i20_gteval_poseopt_depthpoints_dl1.0_confdisabled_steps15000_val_step14999.json,100000,vggt | points,20.0
vggt,20,42,0.0,100000,random,,,,0,10,farthestpose,20,GT Eval,,,,Pose Opt,,,points,,1.0,,vggt,counter,,,15000,15000,,MCMC,,,,,,,,,,,gsplat,indoor,16.23073959350586,0.4175405502319336,0.47582632303237915,1000000,0.006541338749229908,0.45292574167251587,,,0.22752192750079353,0.3884526946432757,100000,/home/ojab2/work/git/gsplat/results/vggt_outputs/counter_2_n20_s42_c0.0_p100000_random_farthestpose_i20_gteval_poseopt_depthpoints_dl1.0_confdisabled_steps15000/stats/val_step14999.json,/home/ojab2/work/git/gsplat/results/vggt_outputs/counter_2_n20_s42_c0.0_p100000_random_farthestpose_i20_gteval_poseopt_depthpoints_dl1.0_confdisabled_steps15000/stats/val_step14999.json,counter_2_n20_s42_c0.0_p100000_random_farthestpose_i20_gteval_poseopt_depthpoints_dl1.0_confdisabled_steps15000,0.4873,0.036401,20,4.739446,,,,/home/ojab2/work/git/vggt/vggt_outputs/counter_2_n20_s42_c0.0_p100000_random_farthestpose/eval_results.json,counter_2_n20_s42_c0.0_p100000_random_farthestpose,counter_2_n20_s42_c0.0_p100000_random_farthestpose_i20_gteval_poseopt_depthpoints_dl1.0_confdisabled_steps15000_val_step14999.json,100000,vggt | points,20.0
vggt,20,42,0.0,100000,random,,,,0,10,farthestpose,20,GT Eval,,,,Pose Opt,,,points,,1.0,,vggt,bicycle,,,15000,15000,,MCMC,,,,,,,,,,,gsplat,outdoor,15.663393020629883,0.4690738618373871,0.18888433277606964,1000000,0.026128659024834633,1.1126388311386108,,,0.01740248982514403,0.46561221396037056,100000,/home/ojab2/work/git/gsplat/results/vggt_outputs/bicycle_4_n20_s42_c0.0_p100000_random_farthestpose_i20_gteval_poseopt_depthpoints_dl1.0_confdisabled_steps15000/stats/val_step14999.json,/home/ojab2/work/git/gsplat/results/vggt_outputs/bicycle_4_n20_s42_c0.0_p100000_random_farthestpose_i20_gteval_poseopt_depthpoints_dl1.0_confdisabled_steps15000/stats/val_step14999.json,bicycle_4_n20_s42_c0.0_p100000_random_farthestpose_i20_gteval_poseopt_depthpoints_dl1.0_confdisabled_steps15000,1.1489,0.123985,20,6.103919,,,,/home/ojab2/work/git/vggt/vggt_outputs/bicycle_4_n20_s42_c0.0_p100000_random_farthestpose/eval_results.json,bicycle_4_n20_s42_c0.0_p100000_random_farthestpose,bicycle_4_n20_s42_c0.0_p100000_random_farthestpose_i20_gteval_poseopt_depthpoints_dl1.0_confdisabled_steps15000_val_step14999.json,100000,vggt | points,20.0
vggt,20,42,0.0,100000,random,,,,0,10,farthestpose,20,GT Eval,,,,Pose Opt,,,points,,1.0,,vggt,garden,,,15000,15000,,MCMC,,,,,,,,,,,gsplat,outdoor,18.06500244140625,0.3512769639492035,0.3118870258331299,1000000,0.003686737734824419,0.19581635296344757,,,0.2065222723054917,0.3988053993719024,100000,/home/ojab2/work/git/gsplat/results/vggt_outputs/garden_2_n20_s42_c0.0_p100000_random_farthestpose_i20_gteval_poseopt_depthpoints_dl1.0_confdisabled_steps15000/stats/val_step14999.json,/home/ojab2/work/git/gsplat/results/vggt_outputs/garden_2_n20_s42_c0.0_p100000_random_farthestpose_i20_gteval_poseopt_depthpoints_dl1.0_confdisabled_steps15000/stats/val_step14999.json,garden_2_n20_s42_c0.0_p100000_random_farthestpose_i20_gteval_poseopt_depthpoints_dl1.0_confdisabled_steps15000,0.304,0.021383,20,6.348589,,,,/home/ojab2/work/git/vggt/vggt_outputs/garden_2_n20_s42_c0.0_p100000_random_farthestpose/eval_results.json,garden_2_n20_s42_c0.0_p100000_random_farthestpose,garden_2_n20_s42_c0.0_p100000_random_farthestpose_i20_gteval_poseopt_depthpoints_dl1.0_confdisabled_steps15000_val_step14999.json,100000,vggt | points,20.0
vggt,20,42,0.0,100000,random,,,,0,10,farthestpose,20,GT Eval,,,,Pose Opt,,,points,,1.0,,vggt,stump,,,15000,15000,,MCMC,,,,,,,,,,,gsplat,outdoor,15.758843421936035,0.5549945831298828,0.2821250557899475,1000000,0.06995171308517456,3.0891408920288086,,,0.02065934617462062,0.4762742400634039,100000,/home/ojab2/work/git/gsplat/results/vggt_outputs/stump_2_n20_s42_c0.0_p100000_random_farthestpose_i20_gteval_poseopt_depthpoints_dl1.0_confdisabled_steps15000/stats/val_step14999.json,/home/ojab2/work/git/gsplat/results/vggt_outputs/stump_2_n20_s42_c0.0_p100000_random_farthestpose_i20_gteval_poseopt_depthpoints_dl1.0_confdisabled_steps15000/stats/val_step14999.json,stump_2_n20_s42_c0.0_p100000_random_farthestpose_i20_gteval_poseopt_depthpoints_dl1.0_confdisabled_steps15000,1.5109,0.298849,20,6.02322,,,,/home/ojab2/work/git/vggt/vggt_outputs/stump_2_n20_s42_c0.0_p100000_random_farthestpose/eval_results.json,stump_2_n20_s42_c0.0_p100000_random_farthestpose,stump_2_n20_s42_c0.0_p100000_random_farthestpose_i20_gteval_poseopt_depthpoints_dl1.0_confdisabled_steps15000_val_step14999.json,100000,vggt | points,20.0
vggt,20,42,0.0,100000,random,,,,0,10,farthestpose,20,GT Eval,,,,Pose Opt,,,points,,1.0,,vggt,lego,,,15000,15000,,MCMC,,,,,,,,,,,gsplat,synthetic,13.514041900634766,0.3348122835159302,0.6117641925811768,1000000,0.03066660463809967,2.1842901706695557,0.15540793538093567,0.041372641921043396,0.30777537241781433,0.33414072185608445,100000,/home/ojab2/work/git/gsplat/results/vggt_outputs/lego_1_n20_s42_c0.0_p100000_random_farthestpose_i20_gteval_poseopt_depthpoints_dl1.0_confdisabled_steps15000/stats/val_step14999.json,/home/ojab2/work/git/gsplat/results/vggt_outputs/lego_1_n20_s42_c0.0_p100000_random_farthestpose_i20_gteval_poseopt_depthpoints_dl1.0_confdisabled_steps15000/stats/val_step14999.json,lego_1_n20_s42_c0.0_p100000_random_farthestpose_i20_gteval_poseopt_depthpoints_dl1.0_confdisabled_steps15000,2.282,0.136623,20,4.112991,0.0677,0.0193,0.1011,/home/ojab2/work/git/vggt/vggt_outputs/lego_1_n20_s42_c0.0_p100000_random_farthestpose/eval_results.json,lego_1_n20_s42_c0.0_p100000_random_farthestpose,lego_1_n20_s42_c0.0_p100000_random_farthestpose_i20_gteval_poseopt_depthpoints_dl1.0_confdisabled_steps15000_val_step14999.json,100000,vggt | points,20.0
vggt,20,42,0.0,100000,random,,,,0,10,farthestpose,20,GT Eval,,,,Pose Opt,,,points,,1.0,,vggt,ship,,,15000,15000,,MCMC,,,,,,,,,,,gsplat,synthetic,22.267955780029297,0.1391230672597885,0.7282522320747375,1000000,0.004422916565090418,0.2789371907711029,0.09869680553674698,0.025109659880399704,0.6588023617292394,0.22211647730767817,100000,/home/ojab2/work/git/gsplat/results/vggt_outputs/ship_1_n20_s42_c0.0_p100000_random_farthestpose_i20_gteval_poseopt_depthpoints_dl1.0_confdisabled_steps15000/stats/val_step14999.json,/home/ojab2/work/git/gsplat/results/vggt_outputs/ship_1_n20_s42_c0.0_p100000_random_farthestpose_i20_gteval_poseopt_depthpoints_dl1.0_confdisabled_steps15000/stats/val_step14999.json,ship_1_n20_s42_c0.0_p100000_random_farthestpose_i20_gteval_poseopt_depthpoints_dl1.0_confdisabled_steps15000,0.3689,0.022972,20,4.180749,0.0975,0.0269,0.2478,/home/ojab2/work/git/vggt/vggt_outputs/ship_1_n20_s42_c0.0_p100000_random_farthestpose/eval_results.json,ship_1_n20_s42_c0.0_p100000_random_farthestpose,ship_1_n20_s42_c0.0_p100000_random_farthestpose_i20_gteval_poseopt_depthpoints_dl1.0_confdisabled_steps15000_val_step14999.json,100000,vggt | points,20.0
vggt,20,42,0.0,100000,random,,,,0,10,farthestpose,20,GT Eval,,,,Pose Opt,,,points,,1.0,,vggt,drums,,,15000,15000,,MCMC,,,,,,,,,,,gsplat,synthetic,13.250316619873047,0.35265251994132996,0.6470248103141785,1000000,0.010752396658062935,0.8593015670776367,0.19946402311325073,0.05858856067061424,0.3124993235899149,0.33136044932134184,100000,/home/ojab2/work/git/gsplat/results/vggt_outputs/drums_1_n20_s42_c0.0_p100000_random_farthestpose_i20_gteval_poseopt_depthpoints_dl1.0_confdisabled_steps15000/stats/val_step14999.json,/home/ojab2/work/git/gsplat/results/vggt_outputs/drums_1_n20_s42_c0.0_p100000_random_farthestpose_i20_gteval_poseopt_depthpoints_dl1.0_confdisabled_steps15000/stats/val_step14999.json,drums_1_n20_s42_c0.0_p100000_random_farthestpose_i20_gteval_poseopt_depthpoints_dl1.0_confdisabled_steps15000,0.8537,0.052643,20,3.984908,,,,/home/ojab2/work/git/vggt/vggt_outputs/drums_1_n20_s42_c0.0_p100000_random_farthestpose/eval_results.json,drums_1_n20_s42_c0.0_p100000_random_farthestpose,drums_1_n20_s42_c0.0_p100000_random_farthestpose_i20_gteval_poseopt_depthpoints_dl1.0_confdisabled_steps15000_val_step14999.json,100000,vggt | points,20.0
vggt,30,42,0.0,100000,random,,,,0,10,farthestpose,30,GT Eval,,,,Pose Opt,,,points,,1.0,,vggt,bonsai,,,15000,15000,,MCMC,,,,,,,,,,,gsplat,indoor,16.116254806518555,0.4545983076095581,0.49638697504997253,1000000,0.02293967269361019,0.9210569858551025,,,0.21455045308750742,0.39623689013965446,100000,/home/ojab2/work/git/gsplat/results/vggt_outputs/bonsai_2_n30_s42_c0.0_p100000_random_farthestpose_i30_gteval_poseopt_depthpoints_dl1.0_confdisabled_steps15000/stats/val_step14999.json,/home/ojab2/work/git/gsplat/results/vggt_outputs/bonsai_2_n30_s42_c0.0_p100000_random_farthestpose_i30_gteval_poseopt_depthpoints_dl1.0_confdisabled_steps15000/stats/val_step14999.json,bonsai_2_n30_s42_c0.0_p100000_random_farthestpose_i30_gteval_poseopt_depthpoints_dl1.0_confdisabled_steps15000,1.0012,0.109652,30,7.831735,,,,/home/ojab2/work/git/vggt/vggt_outputs/bonsai_2_n30_s42_c0.0_p100000_random_farthestpose/eval_results.json,bonsai_2_n30_s42_c0.0_p100000_random_farthestpose,bonsai_2_n30_s42_c0.0_p100000_random_farthestpose_i30_gteval_poseopt_depthpoints_dl1.0_confdisabled_steps15000_val_step14999.json,100000,vggt | points,30.0
vggt,30,42,0.0,100000,random,,,,0,10,farthestpose,30,GT Eval,,,,Pose Opt,,,points,,1.0,,vggt,kitchen,,,15000,15000,,MCMC,,,,,,,,,,,gsplat,indoor,18.289684295654297,0.2969687879085541,0.47915878891944885,1000000,0.005682476330548525,0.22159980237483978,,,0.3420263573362736,0.34449611360829896,100000,/home/ojab2/work/git/gsplat/results/vggt_outputs/kitchen_2_n30_s42_c0.0_p100000_random_farthestpose_i30_gteval_poseopt_depthpoints_dl1.0_confdisabled_steps15000/stats/val_step14999.json,/home/ojab2/work/git/gsplat/results/vggt_outputs/kitchen_2_n30_s42_c0.0_p100000_random_farthestpose_i30_gteval_poseopt_depthpoints_dl1.0_confdisabled_steps15000/stats/val_step14999.json,kitchen_2_n30_s42_c0.0_p100000_random_farthestpose_i30_gteval_poseopt_depthpoints_dl1.0_confdisabled_steps15000,0.2666,0.028095,30,4.29831,,,,/home/ojab2/work/git/vggt/vggt_outputs/kitchen_2_n30_s42_c0.0_p100000_random_farthestpose/eval_results.json,kitchen_2_n30_s42_c0.0_p100000_random_farthestpose,kitchen_2_n30_s42_c0.0_p100000_random_farthestpose_i30_gteval_poseopt_depthpoints_dl1.0_confdisabled_steps15000_val_step14999.json,100000,vggt | points,30.0
vggt,30,42,0.0,100000,random,,,,0,10,farthestpose,30,GT Eval,,,,Pose Opt,,,points,,1.0,,vggt,counter,,,15000,15000,,MCMC,,,,,,,,,,,gsplat,indoor,17.271814346313477,0.37299853563308716,0.5203019976615906,1000000,0.007039119955152273,0.36452966928482056,,,0.3003053267796834,0.36144766330219813,100000,/home/ojab2/work/git/gsplat/results/vggt_outputs/counter_2_n30_s42_c0.0_p100000_random_farthestpose_i30_gteval_poseopt_depthpoints_dl1.0_confdisabled_steps15000/stats/val_step14999.json,/home/ojab2/work/git/gsplat/results/vggt_outputs/counter_2_n30_s42_c0.0_p100000_random_farthestpose_i30_gteval_poseopt_depthpoints_dl1.0_confdisabled_steps15000/stats/val_step14999.json,counter_2_n30_s42_c0.0_p100000_random_farthestpose_i30_gteval_poseopt_depthpoints_dl1.0_confdisabled_steps15000,0.3534,0.03552,30,4.867009,,,,/home/ojab2/work/git/vggt/vggt_outputs/counter_2_n30_s42_c0.0_p100000_random_farthestpose/eval_results.json,counter_2_n30_s42_c0.0_p100000_random_farthestpose,counter_2_n30_s42_c0.0_p100000_random_farthestpose_i30_gteval_poseopt_depthpoints_dl1.0_confdisabled_steps15000_val_step14999.json,100000,vggt | points,30.0
vggt,30,42,0.0,100000,random,,,,0,10,farthestpose,30,GT Eval,,,,Pose Opt,,,points,,1.0,,vggt,bicycle,,,15000,15000,,MCMC,,,,,,,,,,,gsplat,outdoor,16.00709342956543,0.4548596143722534,0.2030530869960785,1000000,0.019431637600064278,0.8985821008682251,,,0.040827360224460464,0.457552105655257,100000,/home/ojab2/work/git/gsplat/results/vggt_outputs/bicycle_4_n30_s42_c0.0_p100000_random_farthestpose_i30_gteval_poseopt_depthpoints_dl1.0_confdisabled_steps15000/stats/val_step14999.json,/home/ojab2/work/git/gsplat/results/vggt_outputs/bicycle_4_n30_s42_c0.0_p100000_random_farthestpose_i30_gteval_poseopt_depthpoints_dl1.0_confdisabled_steps15000/stats/val_step14999.json,bicycle_4_n30_s42_c0.0_p100000_random_farthestpose_i30_gteval_poseopt_depthpoints_dl1.0_confdisabled_steps15000,0.9302,0.091567,30,5.970149,,,,/home/ojab2/work/git/vggt/vggt_outputs/bicycle_4_n30_s42_c0.0_p100000_random_farthestpose/eval_results.json,bicycle_4_n30_s42_c0.0_p100000_random_farthestpose,bicycle_4_n30_s42_c0.0_p100000_random_farthestpose_i30_gteval_poseopt_depthpoints_dl1.0_confdisabled_steps15000_val_step14999.json,100000,vggt | points,30.0
vggt,30,42,0.0,100000,random,,,,0,10,farthestpose,30,GT Eval,,,,Pose Opt,,,points,,1.0,,vggt,garden,,,15000,15000,,MCMC,,,,,,,,,,,gsplat,outdoor,19.11520004272461,0.3128010034561157,0.3569214344024658,1000000,0.002946766559034586,0.12932482361793518,,,0.27605688037463333,0.37566083431900915,100000,/home/ojab2/work/git/gsplat/results/vggt_outputs/garden_2_n30_s42_c0.0_p100000_random_farthestpose_i30_gteval_poseopt_depthpoints_dl1.0_confdisabled_steps15000/stats/val_step14999.json,/home/ojab2/work/git/gsplat/results/vggt_outputs/garden_2_n30_s42_c0.0_p100000_random_farthestpose_i30_gteval_poseopt_depthpoints_dl1.0_confdisabled_steps15000/stats/val_step14999.json,garden_2_n30_s42_c0.0_p100000_random_farthestpose_i30_gteval_poseopt_depthpoints_dl1.0_confdisabled_steps15000,0.2764,0.019966,30,6.409383,,,,/home/ojab2/work/git/vggt/vggt_outputs/garden_2_n30_s42_c0.0_p100000_random_farthestpose/eval_results.json,garden_2_n30_s42_c0.0_p100000_random_farthestpose,garden_2_n30_s42_c0.0_p100000_random_farthestpose_i30_gteval_poseopt_depthpoints_dl1.0_confdisabled_steps15000_val_step14999.json,100000,vggt | points,30.0
vggt,30,42,0.0,100000,random,,,,0,10,farthestpose,30,GT Eval,,,,Pose Opt,,,points,,1.0,,vggt,stump,,,15000,15000,,MCMC,,,,,,,,,,,gsplat,outdoor,17.111251831054688,0.5171279907226562,0.3259257972240448,1000000,0.03365114703774452,1.2057164907455444,,,0.09469285477594254,0.45253206854500316,100000,/home/ojab2/work/git/gsplat/results/vggt_outputs/stump_2_n30_s42_c0.0_p100000_random_farthestpose_i30_gteval_poseopt_depthpoints_dl1.0_confdisabled_steps15000/stats/val_step14999.json,/home/ojab2/work/git/gsplat/results/vggt_outputs/stump_2_n30_s42_c0.0_p100000_random_farthestpose_i30_gteval_poseopt_depthpoints_dl1.0_confdisabled_steps15000/stats/val_step14999.json,stump_2_n30_s42_c0.0_p100000_random_farthestpose_i30_gteval_poseopt_depthpoints_dl1.0_confdisabled_steps15000,1.2376,0.149617,30,5.436723,,,,/home/ojab2/work/git/vggt/vggt_outputs/stump_2_n30_s42_c0.0_p100000_random_farthestpose/eval_results.json,stump_2_n30_s42_c0.0_p100000_random_farthestpose,stump_2_n30_s42_c0.0_p100000_random_farthestpose_i30_gteval_poseopt_depthpoints_dl1.0_confdisabled_steps15000_val_step14999.json,100000,vggt | points,30.0
vggt,30,42,0.0,100000,random,,,,0,10,farthestpose,30,GT Eval,,,,Pose Opt,,,points,,1.0,,vggt,lego,,,15000,15000,,MCMC,,,,,,,,,,,gsplat,synthetic,13.85888957977295,0.31200578808784485,0.6264526844024658,1000000,0.028868114575743675,2.1328463554382324,0.1476864069700241,0.03945259377360344,0.33682928544658597,0.3214388156303402,100000,/home/ojab2/work/git/gsplat/results/vggt_outputs/lego_1_n30_s42_c0.0_p100000_random_farthestpose_i30_gteval_poseopt_depthpoints_dl1.0_confdisabled_steps15000/stats/val_step14999.json,/home/ojab2/work/git/gsplat/results/vggt_outputs/lego_1_n30_s42_c0.0_p100000_random_farthestpose_i30_gteval_poseopt_depthpoints_dl1.0_confdisabled_steps15000/stats/val_step14999.json,lego_1_n30_s42_c0.0_p100000_random_farthestpose_i30_gteval_poseopt_depthpoints_dl1.0_confdisabled_steps15000,2.2232,0.131161,30,4.097326,0.0649,0.0185,0.0998,/home/ojab2/work/git/vggt/vggt_outputs/lego_1_n30_s42_c0.0_p100000_random_farthestpose/eval_results.json,lego_1_n30_s42_c0.0_p100000_random_farthestpose,lego_1_n30_s42_c0.0_p100000_random_farthestpose_i30_gteval_poseopt_depthpoints_dl1.0_confdisabled_steps15000_val_step14999.json,100000,vggt | points,30.0
vggt,30,42,0.0,100000,random,,,,0,10,farthestpose,30,GT Eval,,,,Pose Opt,,,points,,1.0,,vggt,ship,,,15000,15000,,MCMC,,,,,,,,,,,gsplat,synthetic,22.0036678314209,0.14201214909553528,0.7150752544403076,1000000,0.0037600991781800985,0.24442759156227112,0.0943453311920166,0.02437034621834755,0.6444189217355516,0.22736660725021363,100000,/home/ojab2/work/git/gsplat/results/vggt_outputs/ship_1_n30_s42_c0.0_p100000_random_farthestpose_i30_gteval_poseopt_depthpoints_dl1.0_confdisabled_steps15000/stats/val_step14999.json,/home/ojab2/work/git/gsplat/results/vggt_outputs/ship_1_n30_s42_c0.0_p100000_random_farthestpose_i30_gteval_poseopt_depthpoints_dl1.0_confdisabled_steps15000/stats/val_step14999.json,ship_1_n30_s42_c0.0_p100000_random_farthestpose_i30_gteval_poseopt_depthpoints_dl1.0_confdisabled_steps15000,0.274,0.019493,30,4.168125,0.1011,0.0278,0.258,/home/ojab2/work/git/vggt/vggt_outputs/ship_1_n30_s42_c0.0_p100000_random_farthestpose/eval_results.json,ship_1_n30_s42_c0.0_p100000_random_farthestpose,ship_1_n30_s42_c0.0_p100000_random_farthestpose_i30_gteval_poseopt_depthpoints_dl1.0_confdisabled_steps15000_val_step14999.json,100000,vggt | points,30.0
vggt,30,42,0.0,100000,random,,,,0,10,farthestpose,30,GT Eval,,,,Pose Opt,,,points,,1.0,,vggt,drums,,,15000,15000,,MCMC,,,,,,,,,,,gsplat,synthetic,13.98939037322998,0.2866881191730499,0.6881235837936401,1000000,0.008457602001726627,0.6692621111869812,0.17521953582763672,0.05244677513837814,0.3909390109401776,0.29501839217923076,100000,/home/ojab2/work/git/gsplat/results/vggt_outputs/drums_1_n30_s42_c0.0_p100000_random_farthestpose_i30_gteval_poseopt_depthpoints_dl1.0_confdisabled_steps15000/stats/val_step14999.json,/home/ojab2/work/git/gsplat/results/vggt_outputs/drums_1_n30_s42_c0.0_p100000_random_farthestpose_i30_gteval_poseopt_depthpoints_dl1.0_confdisabled_steps15000/stats/val_step14999.json,drums_1_n30_s42_c0.0_p100000_random_farthestpose_i30_gteval_poseopt_depthpoints_dl1.0_confdisabled_steps15000,0.6952,0.041396,30,4.001407,,,,/home/ojab2/work/git/vggt/vggt_outputs/drums_1_n30_s42_c0.0_p100000_random_farthestpose/eval_results.json,drums_1_n30_s42_c0.0_p100000_random_farthestpose,drums_1_n30_s42_c0.0_p100000_random_farthestpose_i30_gteval_poseopt_depthpoints_dl1.0_confdisabled_steps15000_val_step14999.json,100000,vggt | points,30.0
vggt,40,42,0.0,100000,random,,,,0,10,farthestpose,40,GT Eval,,,,Pose Opt,,,points,,1.0,,vggt,bonsai,,,15000,15000,,MCMC,,,,,,,,,,,gsplat,indoor,16.493196487426758,0.44106540083885193,0.5158811807632446,1000000,0.022243276238441467,0.7994634509086609,,,0.24128462104072348,0.3864247286958132,100000,/home/ojab2/work/git/gsplat/results/vggt_outputs/bonsai_2_n40_s42_c0.0_p100000_random_farthestpose_i40_gteval_poseopt_depthpoints_dl1.0_confdisabled_steps15000/stats/val_step14999.json,/home/ojab2/work/git/gsplat/results/vggt_outputs/bonsai_2_n40_s42_c0.0_p100000_random_farthestpose_i40_gteval_poseopt_depthpoints_dl1.0_confdisabled_steps15000/stats/val_step14999.json,bonsai_2_n40_s42_c0.0_p100000_random_farthestpose_i40_gteval_poseopt_depthpoints_dl1.0_confdisabled_steps15000,0.891,0.103772,40,7.924747,,,,/home/ojab2/work/git/vggt/vggt_outputs/bonsai_2_n40_s42_c0.0_p100000_random_farthestpose/eval_results.json,bonsai_2_n40_s42_c0.0_p100000_random_farthestpose,bonsai_2_n40_s42_c0.0_p100000_random_farthestpose_i40_gteval_poseopt_depthpoints_dl1.0_confdisabled_steps15000_val_step14999.json,100000,vggt | points,40.0
vggt,40,42,0.0,100000,random,,,,0,10,farthestpose,40,GT Eval,,,,Pose Opt,,,points,,1.0,,vggt,kitchen,,,15000,15000,,MCMC,,,,,,,,,,,gsplat,indoor,18.1439208984375,0.26396146416664124,0.4307113587856293,1000000,0.00602439371868968,0.2649316191673279,,,0.33137009587669,0.3446019909998153,100000,/home/ojab2/work/git/gsplat/results/vggt_outputs/kitchen_2_n40_s42_c0.0_p100000_random_farthestpose_i40_gteval_poseopt_depthpoints_dl1.0_confdisabled_steps15000/stats/val_step14999.json,/home/ojab2/work/git/gsplat/results/vggt_outputs/kitchen_2_n40_s42_c0.0_p100000_random_farthestpose_i40_gteval_poseopt_depthpoints_dl1.0_confdisabled_steps15000/stats/val_step14999.json,kitchen_2_n40_s42_c0.0_p100000_random_farthestpose_i40_gteval_poseopt_depthpoints_dl1.0_confdisabled_steps15000,0.3356,0.033074,40,4.262117,,,,/home/ojab2/work/git/vggt/vggt_outputs/kitchen_2_n40_s42_c0.0_p100000_random_farthestpose/eval_results.json,kitchen_2_n40_s42_c0.0_p100000_random_farthestpose,kitchen_2_n40_s42_c0.0_p100000_random_farthestpose_i40_gteval_poseopt_depthpoints_dl1.0_confdisabled_steps15000_val_step14999.json,100000,vggt | points,40.0
vggt,40,42,0.0,100000,random,,,,0,10,farthestpose,40,GT Eval,,,,Pose Opt,,,points,,1.0,,vggt,counter,,,15000,15000,,MCMC,,,,,,,,,,,gsplat,indoor,18.608522415161133,0.3255532681941986,0.5735238790512085,1000000,0.007385089062154293,0.3045322895050049,,,0.38547028927465316,0.33079381386131623,100000,/home/ojab2/work/git/gsplat/results/vggt_outputs/counter_2_n40_s42_c0.0_p100000_random_farthestpose_i40_gteval_poseopt_depthpoints_dl1.0_confdisabled_steps15000/stats/val_step14999.json,/home/ojab2/work/git/gsplat/results/vggt_outputs/counter_2_n40_s42_c0.0_p100000_random_farthestpose_i40_gteval_poseopt_depthpoints_dl1.0_confdisabled_steps15000/stats/val_step14999.json,counter_2_n40_s42_c0.0_p100000_random_farthestpose_i40_gteval_poseopt_depthpoints_dl1.0_confdisabled_steps15000,0.3566,0.04067,40,4.850582,,,,/home/ojab2/work/git/vggt/vggt_outputs/counter_2_n40_s42_c0.0_p100000_random_farthestpose/eval_results.json,counter_2_n40_s42_c0.0_p100000_random_farthestpose,counter_2_n40_s42_c0.0_p100000_random_farthestpose_i40_gteval_poseopt_depthpoints_dl1.0_confdisabled_steps15000_val_step14999.json,100000,vggt | points,40.0
vggt,40,42,0.0,100000,random,,,,0,10,farthestpose,40,GT Eval,,,,Pose Opt,,,points,,1.0,,vggt,bicycle,,,15000,15000,,MCMC,,,,,,,,,,,gsplat,outdoor,16.10778045654297,0.4545832574367523,0.21228145062923431,1000000,0.0190955251455307,0.9860233068466187,,,0.048259229378083725,0.45554050233150134,100000,/home/ojab2/work/git/gsplat/results/vggt_outputs/bicycle_4_n40_s42_c0.0_p100000_random_farthestpose_i40_gteval_poseopt_depthpoints_dl1.0_confdisabled_steps15000/stats/val_step14999.json,/home/ojab2/work/git/gsplat/results/vggt_outputs/bicycle_4_n40_s42_c0.0_p100000_random_farthestpose_i40_gteval_poseopt_depthpoints_dl1.0_confdisabled_steps15000/stats/val_step14999.json,bicycle_4_n40_s42_c0.0_p100000_random_farthestpose_i40_gteval_poseopt_depthpoints_dl1.0_confdisabled_steps15000,0.9969,0.089406,40,5.93023,,,,/home/ojab2/work/git/vggt/vggt_outputs/bicycle_4_n40_s42_c0.0_p100000_random_farthestpose/eval_results.json,bicycle_4_n40_s42_c0.0_p100000_random_farthestpose,bicycle_4_n40_s42_c0.0_p100000_random_farthestpose_i40_gteval_poseopt_depthpoints_dl1.0_confdisabled_steps15000_val_step14999.json,100000,vggt | points,40.0
vggt,40,42,0.0,100000,random,,,,0,10,farthestpose,40,GT Eval,,,,Pose Opt,,,points,,1.0,,vggt,garden,,,15000,15000,,MCMC,,,,,,,,,,,gsplat,outdoor,19.801908493041992,0.3094792366027832,0.39848899841308594,1000000,0.003503365907818079,0.10031241178512573,,,0.31513269386018844,0.36517244160082907,100000,/home/ojab2/work/git/gsplat/results/vggt_outputs/garden_2_n40_s42_c0.0_p100000_random_farthestpose_i40_gteval_poseopt_depthpoints_dl1.0_confdisabled_steps15000/stats/val_step14999.json,/home/ojab2/work/git/gsplat/results/vggt_outputs/garden_2_n40_s42_c0.0_p100000_random_farthestpose_i40_gteval_poseopt_depthpoints_dl1.0_confdisabled_steps15000/stats/val_step14999.json,garden_2_n40_s42_c0.0_p100000_random_farthestpose_i40_gteval_poseopt_depthpoints_dl1.0_confdisabled_steps15000,0.2895,0.024777,40,6.316159,,,,/home/ojab2/work/git/vggt/vggt_outputs/garden_2_n40_s42_c0.0_p100000_random_farthestpose/eval_results.json,garden_2_n40_s42_c0.0_p100000_random_farthestpose,garden_2_n40_s42_c0.0_p100000_random_farthestpose_i40_gteval_poseopt_depthpoints_dl1.0_confdisabled_steps15000_val_step14999.json,100000,vggt | points,40.0
vggt,40,42,0.0,100000,random,,,,0,10,farthestpose,40,GT Eval,,,,Pose Opt,,,points,,1.0,,vggt,stump,,,15000,15000,,MCMC,,,,,,,,,,,gsplat,outdoor,17.690738677978516,0.5048968195915222,0.35438212752342224,1000000,0.028712425380945206,0.8388258218765259,,,0.12961532714848711,0.4418063361688169,100000,/home/ojab2/work/git/gsplat/results/vggt_outputs/stump_2_n40_s42_c0.0_p100000_random_farthestpose_i40_gteval_poseopt_depthpoints_dl1.0_confdisabled_steps15000/stats/val_step14999.json,/home/ojab2/work/git/gsplat/results/vggt_outputs/stump_2_n40_s42_c0.0_p100000_random_farthestpose_i40_gteval_poseopt_depthpoints_dl1.0_confdisabled_steps15000/stats/val_step14999.json,stump_2_n40_s42_c0.0_p100000_random_farthestpose_i40_gteval_poseopt_depthpoints_dl1.0_confdisabled_steps15000,0.8703,0.125919,40,4.983738,,,,/home/ojab2/work/git/vggt/vggt_outputs/stump_2_n40_s42_c0.0_p100000_random_farthestpose/eval_results.json,stump_2_n40_s42_c0.0_p100000_random_farthestpose,stump_2_n40_s42_c0.0_p100000_random_farthestpose_i40_gteval_poseopt_depthpoints_dl1.0_confdisabled_steps15000_val_step14999.json,100000,vggt | points,40.0
vggt,40,42,0.0,100000,random,,,,0,10,farthestpose,40,GT Eval,,,,Pose Opt,,,points,,1.0,,vggt,lego,,,15000,15000,,MCMC,,,,,,,,,,,gsplat,synthetic,14.411136627197266,0.2622443735599518,0.6624985933303833,1000000,0.013916757889091969,1.2006229162216187,0.13809095323085785,0.03790559992194176,0.39885248407440727,0.29313596889535787,100000,/home/ojab2/work/git/gsplat/results/vggt_outputs/lego_1_n40_s42_c0.0_p100000_random_farthestpose_i40_gteval_poseopt_depthpoints_dl1.0_confdisabled_steps15000/stats/val_step14999.json,/home/ojab2/work/git/gsplat/results/vggt_outputs/lego_1_n40_s42_c0.0_p100000_random_farthestpose_i40_gteval_poseopt_depthpoints_dl1.0_confdisabled_steps15000/stats/val_step14999.json,lego_1_n40_s42_c0.0_p100000_random_farthestpose_i40_gteval_poseopt_depthpoints_dl1.0_confdisabled_steps15000,1.3375,0.068919,40,4.021561,0.0541,0.0152,0.0944,/home/ojab2/work/git/vggt/vggt_outputs/lego_1_n40_s42_c0.0_p100000_random_farthestpose/eval_results.json,lego_1_n40_s42_c0.0_p100000_random_farthestpose,lego_1_n40_s42_c0.0_p100000_random_farthestpose_i40_gteval_poseopt_depthpoints_dl1.0_confdisabled_steps15000_val_step14999.json,100000,vggt | points,40.0
vggt,40,42,0.0,100000,random,,,,0,10,farthestpose,40,GT Eval,,,,Pose Opt,,,points,,1.0,,vggt,ship,,,15000,15000,,MCMC,,,,,,,,,,,gsplat,synthetic,21.79473876953125,0.14032359421253204,0.7126764059066772,1000000,0.003213080344721675,0.23272351920604706,0.10721695423126221,0.028824269771575928,0.640189347463122,0.22765475920281522,100000,/home/ojab2/work/git/gsplat/results/vggt_outputs/ship_1_n40_s42_c0.0_p100000_random_farthestpose_i40_gteval_poseopt_depthpoints_dl1.0_confdisabled_steps15000/stats/val_step14999.json,/home/ojab2/work/git/gsplat/results/vggt_outputs/ship_1_n40_s42_c0.0_p100000_random_farthestpose_i40_gteval_poseopt_depthpoints_dl1.0_confdisabled_steps15000/stats/val_step14999.json,ship_1_n40_s42_c0.0_p100000_random_farthestpose_i40_gteval_poseopt_depthpoints_dl1.0_confdisabled_steps15000,0.2698,0.018068,40,4.169342,0.1029,0.0282,0.2617,/home/ojab2/work/git/vggt/vggt_outputs/ship_1_n40_s42_c0.0_p100000_random_farthestpose/eval_results.json,ship_1_n40_s42_c0.0_p100000_random_farthestpose,ship_1_n40_s42_c0.0_p100000_random_farthestpose_i40_gteval_poseopt_depthpoints_dl1.0_confdisabled_steps15000_val_step14999.json,100000,vggt | points,40.0
vggt,40,42,0.0,100000,random,,,,0,10,farthestpose,40,GT Eval,,,,Pose Opt,,,points,,1.0,,vggt,drums,,,15000,15000,,MCMC,,,,,,,,,,,gsplat,synthetic,17.851755142211914,0.10883021354675293,0.7975872755050659,1000000,0.00457386951893568,0.25816017389297485,0.07685138285160065,0.022805800661444664,0.6362669698753629,0.19171083305438602,100000,/home/ojab2/work/git/gsplat/results/vggt_outputs/drums_1_n40_s42_c0.0_p100000_random_farthestpose_i40_gteval_poseopt_depthpoints_dl1.0_confdisabled_steps15000/stats/val_step14999.json,/home/ojab2/work/git/gsplat/results/vggt_outputs/drums_1_n40_s42_c0.0_p100000_random_farthestpose_i40_gteval_poseopt_depthpoints_dl1.0_confdisabled_steps15000/stats/val_step14999.json,drums_1_n40_s42_c0.0_p100000_random_farthestpose_i40_gteval_poseopt_depthpoints_dl1.0_confdisabled_steps15000,0.3733,0.019382,40,4.013289,,,,/home/ojab2/work/git/vggt/vggt_outputs/drums_1_n40_s42_c0.0_p100000_random_farthestpose/eval_results.json,drums_1_n40_s42_c0.0_p100000_random_farthestpose,drums_1_n40_s42_c0.0_p100000_random_farthestpose_i40_gteval_poseopt_depthpoints_dl1.0_confdisabled_steps15000_val_step14999.json,100000,vggt | points,40.0
