method,num_images,seed,conf_thres_value,num_points,sampling_mode,near_filtering_strength,near_filtering_quorum,reconstruct_pose_opt,optimisation_iterations,optimisation_neighbourhood,image_mode,num_cameras,gt_eval,use_gt_extrinsics,use_gt_intrinsics,use_gt_points,pose_opt,run_mvs,pose_opt_module,eval_opt,depth_loss_mode,error_opa,depth_lambda,depth_conf_mode,depth_conf_shifted,loss_multiplier,pose_loss_multiplier,choice,dataset,camera_type,copy_mode,val_step,num_steps,colmap_mode,splatting_strategy,camera_src,pcd_src,align_mode,align_glue,shared_camera,keep_backup_cams,random_init,use_ba,feature_extractor,max_ba_iterations,source,series_label_override,dataset_collection,psnr,lpips,ssim,num_GS,eval_rte,eval_rre,depth_l1,depth_abs_rel,quality,avge,real_num_points,file_path,gsplat_file_path,folder,rre,rte,num_aligned,alignment_scale,pred_depth_l1,pred_depth_absrel,pred_depth_rmse,inference_time,peak_memory_mb,peak_memory_reserved_mb,processing_time,sfm_file_path,input_folder,output_folder,initial_points,gsplat_cfg_file_path,plot_series
colmap,100,42,,66763,,,,,0,10,minfarthestpose,100,GT Eval,,,,,False,,,,,0.0,,False,1.0,1.0,colmap,bonsai,,,15000,15000,default,MCMC,,,,,Shared Cam,,,,,,gsplat,,indoor,27.826139450073242,0.13981762528419495,0.8659626841545105,1000000,0.0007070667925290763,0.05946106091141701,,,0.8418353775478633,0.1691927745954243,66763,/home/ojab2/work/git/gsplat/results/colmap_outputs/bonsai_2_n100_s42_default_minfarthestpose_sharedcam_i100_gteval_steps15000/stats/val_step14999.json,/home/ojab2/work/git/gsplat/results/colmap_outputs/bonsai_2_n100_s42_default_minfarthestpose_sharedcam_i100_gteval_steps15000/stats/val_step14999.json,bonsai_2_n100_s42_default_minfarthestpose_sharedcam_i100_gteval_steps15000,0.0595,0.002889,100,1.016141,,,,187.39341807365417,7726,7726,0,/home/ojab2/work/git/vggt/colmap_outputs/bonsai_2_n100_s42_default_minfarthestpose_sharedcam/eval_results.json,bonsai_2_n100_s42_default_minfarthestpose_sharedcam,bonsai_2_n100_s42_default_minfarthestpose_sharedcam_i100_gteval_steps15000_val_step14999.json,66763,,colmap |  |  | 
vggt,100,42,0.0,100000,random,,,,0,10,minfarthestpose,100,GT Eval,,,,,False,,,,,0.0,,False,1.0,1.0,vggt,bonsai,,,15000,15000,,MCMC,,,,,,,,,,,gsplat,,indoor,18.664011001586914,0.373970091342926,0.595427930355072,1000000,0.023722030222415924,0.7308099269866943,,,0.3694203145477662,0.3412105901612084,100000,/home/ojab2/work/git/gsplat/results/vggt_outputs/bonsai_2_n100_s42_c0.0_p100000_random_minfarthestpose_i100_gteval_steps15000/stats/val_step14999.json,/home/ojab2/work/git/gsplat/results/vggt_outputs/bonsai_2_n100_s42_c0.0_p100000_random_minfarthestpose_i100_gteval_steps15000/stats/val_step14999.json,bonsai_2_n100_s42_c0.0_p100000_random_minfarthestpose_i100_gteval_steps15000,0.7308,0.098078,100,7.817163,,,,,,,,/home/ojab2/work/git/vggt/vggt_outputs/bonsai_2_n100_s42_c0.0_p100000_random_minfarthestpose/eval_results.json,bonsai_2_n100_s42_c0.0_p100000_random_minfarthestpose,bonsai_2_n100_s42_c0.0_p100000_random_minfarthestpose_i100_gteval_steps15000_val_step14999.json,100000,,vggt |  |  | 
colmap,100,42,,206613,,,,,0,10,minfarthestpose,100,GT Eval,,,GT Points,,False,,,,,0.0,,False,1.0,1.0,colmap,bonsai,,,15000,15000,default,MCMC,,GT Pcd,,,Shared Cam,,,,,,gsplat,,indoor,27.992141723632812,0.12570872902870178,0.869906485080719,1000000,0.0007070667925290763,0.05946106091141701,,,0.8559250052754487,0.16266042622397114,206613,/home/ojab2/work/git/gsplat/results/colmap_outputs/bonsai_2_n100_s42_default_minfarthestpose_sharedcam_i100_gteval_gtpcd_steps15000/stats/val_step14999.json,/home/ojab2/work/git/gsplat/results/colmap_outputs/bonsai_2_n100_s42_default_minfarthestpose_sharedcam_i100_gteval_gtpcd_steps15000/stats/val_step14999.json,bonsai_2_n100_s42_default_minfarthestpose_sharedcam_i100_gteval_gtpcd_steps15000,0.0595,0.002889,100,1.016141,,,,187.39341807365417,7726,7726,0,/home/ojab2/work/git/vggt/colmap_outputs/bonsai_2_n100_s42_default_minfarthestpose_sharedcam/eval_results.json,bonsai_2_n100_s42_default_minfarthestpose_sharedcam,bonsai_2_n100_s42_default_minfarthestpose_sharedcam_i100_gteval_gtpcd_steps15000_val_step14999.json,206613,,colmap |  |  | GT Points
colmap,100,42,,,,,,,0,10,minfarthestpose,100,GT Eval,,,GT Points,,False,,,,,0.0,,False,1.0,1.0,colmap,bonsai,,,15000,15000,default,MCMC,,GT Pcd,,,Shared Cam,,,,,,gsplat_cfg,,indoor,,,,,,,,,,,,/home/ojab2/work/git/gsplat/results/colmap_outputs/bonsai_2_n100_s42_default_minfarthestpose_sharedcam_i100_gteval_gtpcd_steps15000/stats/config.json,,bonsai_2_n100_s42_default_minfarthestpose_sharedcam_i100_gteval_gtpcd_steps15000,,,,,,,,,,,,,bonsai_2_n100_s42_default_minfarthestpose_sharedcam_i100_gteval_gtpcd_steps15000,,,/home/ojab2/work/git/gsplat/results/colmap_outputs/bonsai_2_n100_s42_default_minfarthestpose_sharedcam_i100_gteval_gtpcd_steps15000/stats/config.json,colmap |  |  | GT Points
vggt,100,42,0.0,100000,random,,,,0,10,minfarthestpose,100,GT Eval,,,GT Points,,False,,,,,0.0,,False,1.0,1.0,vggt,bonsai,,,15000,15000,,MCMC,,GT Pcd,,,,,,,,,gsplat_cfg,,indoor,18.734052658081055,0.37494373321533203,0.5982176661491394,1000000,0.023722030222415924,0.7308099269866943,,,0.37174779320011053,0.34073034304158245,206613,/home/ojab2/work/git/gsplat/results/vggt_outputs/bonsai_2_n100_s42_c0.0_p100000_random_minfarthestpose_i100_gteval_gtpcd_steps15000/stats/config.json,/home/ojab2/work/git/gsplat/results/vggt_outputs/bonsai_2_n100_s42_c0.0_p100000_random_minfarthestpose_i100_gteval_gtpcd_steps15000/stats/val_step14999.json,bonsai_2_n100_s42_c0.0_p100000_random_minfarthestpose_i100_gteval_gtpcd_steps15000,0.7308,0.098078,100,7.817163,,,,,,,,/home/ojab2/work/git/vggt/vggt_outputs/bonsai_2_n100_s42_c0.0_p100000_random_minfarthestpose/eval_results.json,bonsai_2_n100_s42_c0.0_p100000_random_minfarthestpose_i100_gteval_gtpcd_steps15000,,206613,/home/ojab2/work/git/gsplat/results/vggt_outputs/bonsai_2_n100_s42_c0.0_p100000_random_minfarthestpose_i100_gteval_gtpcd_steps15000/stats/config.json,vggt |  |  | GT Points
colmap,100,42,,66763,,,,,0,10,minfarthestpose,100,GT Eval,,GT Intrinsics,,,False,,,,,0.0,,False,1.0,1.0,colmap,bonsai,,,15000,15000,default,MCMC,,,,,Shared Cam,,,,,,gsplat,,indoor,27.7514591217041,0.14010265469551086,0.8653700947761536,1000000,0.0007070667925290763,0.05946106091141701,,,0.839929920926816,0.1695667917815742,66763,/home/ojab2/work/git/gsplat/results/colmap_outputs/bonsai_2_n100_s42_default_minfarthestpose_sharedcam_i100_gteval_gtint_steps15000/stats/val_step14999.json,/home/ojab2/work/git/gsplat/results/colmap_outputs/bonsai_2_n100_s42_default_minfarthestpose_sharedcam_i100_gteval_gtint_steps15000/stats/val_step14999.json,bonsai_2_n100_s42_default_minfarthestpose_sharedcam_i100_gteval_gtint_steps15000,0.0595,0.002889,100,1.016141,,,,187.39341807365417,7726,7726,0,/home/ojab2/work/git/vggt/colmap_outputs/bonsai_2_n100_s42_default_minfarthestpose_sharedcam/eval_results.json,bonsai_2_n100_s42_default_minfarthestpose_sharedcam,bonsai_2_n100_s42_default_minfarthestpose_sharedcam_i100_gteval_gtint_steps15000_val_step14999.json,66763,,colmap |  | GT Intrinsics | 
colmap,100,42,,,,,,,0,10,minfarthestpose,100,GT Eval,,GT Intrinsics,,,False,,,,,0.0,,False,1.0,1.0,colmap,bonsai,,,15000,15000,default,MCMC,,,,,Shared Cam,,,,,,gsplat_cfg,,indoor,,,,,,,,,,,,/home/ojab2/work/git/gsplat/results/colmap_outputs/bonsai_2_n100_s42_default_minfarthestpose_sharedcam_i100_gteval_gtint_steps15000/stats/config.json,,bonsai_2_n100_s42_default_minfarthestpose_sharedcam_i100_gteval_gtint_steps15000,,,,,,,,,,,,,bonsai_2_n100_s42_default_minfarthestpose_sharedcam_i100_gteval_gtint_steps15000,,,/home/ojab2/work/git/gsplat/results/colmap_outputs/bonsai_2_n100_s42_default_minfarthestpose_sharedcam_i100_gteval_gtint_steps15000/stats/config.json,colmap |  | GT Intrinsics | 
vggt,100,42,0.0,100000,random,,,,0,10,minfarthestpose,100,GT Eval,,GT Intrinsics,,,False,,,,,0.0,,False,1.0,1.0,vggt,bonsai,,,15000,15000,,MCMC,,,,,,,,,,,gsplat_cfg,,indoor,19.571420669555664,0.34886738657951355,0.6171028017997742,1000000,0.023722030222415924,0.7308099269866943,,,0.41439505747342126,0.3262304793093373,100000,/home/ojab2/work/git/gsplat/results/vggt_outputs/bonsai_2_n100_s42_c0.0_p100000_random_minfarthestpose_i100_gteval_gtint_steps15000/stats/config.json,/home/ojab2/work/git/gsplat/results/vggt_outputs/bonsai_2_n100_s42_c0.0_p100000_random_minfarthestpose_i100_gteval_gtint_steps15000/stats/val_step14999.json,bonsai_2_n100_s42_c0.0_p100000_random_minfarthestpose_i100_gteval_gtint_steps15000,0.7308,0.098078,100,7.817163,,,,,,,,/home/ojab2/work/git/vggt/vggt_outputs/bonsai_2_n100_s42_c0.0_p100000_random_minfarthestpose/eval_results.json,bonsai_2_n100_s42_c0.0_p100000_random_minfarthestpose_i100_gteval_gtint_steps15000,,100000,/home/ojab2/work/git/gsplat/results/vggt_outputs/bonsai_2_n100_s42_c0.0_p100000_random_minfarthestpose_i100_gteval_gtint_steps15000/stats/config.json,vggt |  | GT Intrinsics | 
colmap,100,42,,206613,,,,,0,10,minfarthestpose,100,GT Eval,,GT Intrinsics,GT Points,,False,,,,,0.0,,False,1.0,1.0,colmap,bonsai,,,15000,15000,default,MCMC,,GT Pcd,,,Shared Cam,,,,,,gsplat,,indoor,27.955402374267578,0.12592414021492004,0.8691472411155701,1000000,0.0007070667925290763,0.05946106091141701,,,0.8546676747670339,0.16308705029048928,206613,/home/ojab2/work/git/gsplat/results/colmap_outputs/bonsai_2_n100_s42_default_minfarthestpose_sharedcam_i100_gteval_gtint_gtpcd_steps15000/stats/val_step14999.json,/home/ojab2/work/git/gsplat/results/colmap_outputs/bonsai_2_n100_s42_default_minfarthestpose_sharedcam_i100_gteval_gtint_gtpcd_steps15000/stats/val_step14999.json,bonsai_2_n100_s42_default_minfarthestpose_sharedcam_i100_gteval_gtint_gtpcd_steps15000,0.0595,0.002889,100,1.016141,,,,187.39341807365417,7726,7726,0,/home/ojab2/work/git/vggt/colmap_outputs/bonsai_2_n100_s42_default_minfarthestpose_sharedcam/eval_results.json,bonsai_2_n100_s42_default_minfarthestpose_sharedcam,bonsai_2_n100_s42_default_minfarthestpose_sharedcam_i100_gteval_gtint_gtpcd_steps15000_val_step14999.json,206613,,colmap |  | GT Intrinsics | GT Points
colmap,100,42,,,,,,,0,10,minfarthestpose,100,GT Eval,,GT Intrinsics,GT Points,,False,,,,,0.0,,False,1.0,1.0,colmap,bonsai,,,15000,15000,default,MCMC,,GT Pcd,,,Shared Cam,,,,,,gsplat_cfg,,indoor,,,,,,,,,,,,/home/ojab2/work/git/gsplat/results/colmap_outputs/bonsai_2_n100_s42_default_minfarthestpose_sharedcam_i100_gteval_gtint_gtpcd_steps15000/stats/config.json,,bonsai_2_n100_s42_default_minfarthestpose_sharedcam_i100_gteval_gtint_gtpcd_steps15000,,,,,,,,,,,,,bonsai_2_n100_s42_default_minfarthestpose_sharedcam_i100_gteval_gtint_gtpcd_steps15000,,,/home/ojab2/work/git/gsplat/results/colmap_outputs/bonsai_2_n100_s42_default_minfarthestpose_sharedcam_i100_gteval_gtint_gtpcd_steps15000/stats/config.json,colmap |  | GT Intrinsics | GT Points
vggt,100,42,0.0,100000,random,,,,0,10,minfarthestpose,100,GT Eval,,GT Intrinsics,GT Points,,False,,,,,0.0,,False,1.0,1.0,vggt,bonsai,,,15000,15000,,MCMC,,GT Pcd,,,,,,,,,gsplat_cfg,,indoor,19.63684844970703,0.338248074054718,0.6171293258666992,1000000,0.023722030222415924,0.7308099269866943,,,0.42217732537017394,0.3226285535273771,206613,/home/ojab2/work/git/gsplat/results/vggt_outputs/bonsai_2_n100_s42_c0.0_p100000_random_minfarthestpose_i100_gteval_gtint_gtpcd_steps15000/stats/config.json,/home/ojab2/work/git/gsplat/results/vggt_outputs/bonsai_2_n100_s42_c0.0_p100000_random_minfarthestpose_i100_gteval_gtint_gtpcd_steps15000/stats/val_step14999.json,bonsai_2_n100_s42_c0.0_p100000_random_minfarthestpose_i100_gteval_gtint_gtpcd_steps15000,0.7308,0.098078,100,7.817163,,,,,,,,/home/ojab2/work/git/vggt/vggt_outputs/bonsai_2_n100_s42_c0.0_p100000_random_minfarthestpose/eval_results.json,bonsai_2_n100_s42_c0.0_p100000_random_minfarthestpose_i100_gteval_gtint_gtpcd_steps15000,,206613,/home/ojab2/work/git/gsplat/results/vggt_outputs/bonsai_2_n100_s42_c0.0_p100000_random_minfarthestpose_i100_gteval_gtint_gtpcd_steps15000/stats/config.json,vggt |  | GT Intrinsics | GT Points
colmap,100,42,,66763,,,,,0,10,minfarthestpose,100,GT Eval,GT Extrinsics,,,,False,,,,,0.0,,False,1.0,1.0,colmap,bonsai,,,15000,15000,default,MCMC,,,,,Shared Cam,,,,,,gsplat,,indoor,31.33531379699707,0.13026222586631775,0.9401277303695679,1000000,0.0,0.0,,,0.9560898544340646,0.12522854652457954,66763,/home/ojab2/work/git/gsplat/results/colmap_outputs/bonsai_2_n100_s42_default_minfarthestpose_sharedcam_i100_gteval_gtext_steps15000/stats/val_step14999.json,/home/ojab2/work/git/gsplat/results/colmap_outputs/bonsai_2_n100_s42_default_minfarthestpose_sharedcam_i100_gteval_gtext_steps15000/stats/val_step14999.json,bonsai_2_n100_s42_default_minfarthestpose_sharedcam_i100_gteval_gtext_steps15000,0.0595,0.002889,100,1.016141,,,,187.39341807365417,7726,7726,0,/home/ojab2/work/git/vggt/colmap_outputs/bonsai_2_n100_s42_default_minfarthestpose_sharedcam/eval_results.json,bonsai_2_n100_s42_default_minfarthestpose_sharedcam,bonsai_2_n100_s42_default_minfarthestpose_sharedcam_i100_gteval_gtext_steps15000_val_step14999.json,66763,,colmap | GT Extrinsics |  | 
colmap,100,42,,,,,,,0,10,minfarthestpose,100,GT Eval,GT Extrinsics,,,,False,,,,,0.0,,False,1.0,1.0,colmap,bonsai,,,15000,15000,default,MCMC,,,,,Shared Cam,,,,,,gsplat_cfg,,indoor,,,,,0.0,0.0,,,,,,/home/ojab2/work/git/gsplat/results/colmap_outputs/bonsai_2_n100_s42_default_minfarthestpose_sharedcam_i100_gteval_gtext_steps15000/stats/config.json,,bonsai_2_n100_s42_default_minfarthestpose_sharedcam_i100_gteval_gtext_steps15000,,,,,,,,,,,,,bonsai_2_n100_s42_default_minfarthestpose_sharedcam_i100_gteval_gtext_steps15000,,,/home/ojab2/work/git/gsplat/results/colmap_outputs/bonsai_2_n100_s42_default_minfarthestpose_sharedcam_i100_gteval_gtext_steps15000/stats/config.json,colmap | GT Extrinsics |  | 
vggt,100,42,0.0,100000,random,,,,0,10,minfarthestpose,100,GT Eval,GT Extrinsics,,,,False,,,,,0.0,,False,1.0,1.0,vggt,bonsai,,,15000,15000,,MCMC,,,,,,,,,,,gsplat_cfg,,indoor,19.80470085144043,0.3128364086151123,0.6140482425689697,1000000,0.0,0.0,,,0.4391701133162887,0.31484884095953997,100000,/home/ojab2/work/git/gsplat/results/vggt_outputs/bonsai_2_n100_s42_c0.0_p100000_random_minfarthestpose_i100_gteval_gtext_steps15000/stats/config.json,/home/ojab2/work/git/gsplat/results/vggt_outputs/bonsai_2_n100_s42_c0.0_p100000_random_minfarthestpose_i100_gteval_gtext_steps15000/stats/val_step14999.json,bonsai_2_n100_s42_c0.0_p100000_random_minfarthestpose_i100_gteval_gtext_steps15000,0.7308,0.098078,100,7.817163,,,,,,,,/home/ojab2/work/git/vggt/vggt_outputs/bonsai_2_n100_s42_c0.0_p100000_random_minfarthestpose/eval_results.json,bonsai_2_n100_s42_c0.0_p100000_random_minfarthestpose_i100_gteval_gtext_steps15000,,100000,/home/ojab2/work/git/gsplat/results/vggt_outputs/bonsai_2_n100_s42_c0.0_p100000_random_minfarthestpose_i100_gteval_gtext_steps15000/stats/config.json,vggt | GT Extrinsics |  | 
colmap,100,42,,206613,,,,,0,10,minfarthestpose,100,GT Eval,GT Extrinsics,,GT Points,,False,,,,,0.0,,False,1.0,1.0,colmap,bonsai,,,15000,15000,default,MCMC,,GT Pcd,,,Shared Cam,,,,,,gsplat,,indoor,31.545259475708008,0.11653170734643936,0.9446998238563538,1000000,0.0,0.0,,,0.9711271049702919,0.11746406950485747,206613,/home/ojab2/work/git/gsplat/results/colmap_outputs/bonsai_2_n100_s42_default_minfarthestpose_sharedcam_i100_gteval_gtext_gtpcd_steps15000/stats/val_step14999.json,/home/ojab2/work/git/gsplat/results/colmap_outputs/bonsai_2_n100_s42_default_minfarthestpose_sharedcam_i100_gteval_gtext_gtpcd_steps15000/stats/val_step14999.json,bonsai_2_n100_s42_default_minfarthestpose_sharedcam_i100_gteval_gtext_gtpcd_steps15000,0.0595,0.002889,100,1.016141,,,,187.39341807365417,7726,7726,0,/home/ojab2/work/git/vggt/colmap_outputs/bonsai_2_n100_s42_default_minfarthestpose_sharedcam/eval_results.json,bonsai_2_n100_s42_default_minfarthestpose_sharedcam,bonsai_2_n100_s42_default_minfarthestpose_sharedcam_i100_gteval_gtext_gtpcd_steps15000_val_step14999.json,206613,,colmap | GT Extrinsics |  | GT Points
colmap,100,42,,,,,,,0,10,minfarthestpose,100,GT Eval,GT Extrinsics,,GT Points,,False,,,,,0.0,,False,1.0,1.0,colmap,bonsai,,,15000,15000,default,MCMC,,GT Pcd,,,Shared Cam,,,,,,gsplat_cfg,,indoor,,,,,0.0,0.0,,,,,,/home/ojab2/work/git/gsplat/results/colmap_outputs/bonsai_2_n100_s42_default_minfarthestpose_sharedcam_i100_gteval_gtext_gtpcd_steps15000/stats/config.json,,bonsai_2_n100_s42_default_minfarthestpose_sharedcam_i100_gteval_gtext_gtpcd_steps15000,,,,,,,,,,,,,bonsai_2_n100_s42_default_minfarthestpose_sharedcam_i100_gteval_gtext_gtpcd_steps15000,,,/home/ojab2/work/git/gsplat/results/colmap_outputs/bonsai_2_n100_s42_default_minfarthestpose_sharedcam_i100_gteval_gtext_gtpcd_steps15000/stats/config.json,colmap | GT Extrinsics |  | GT Points
vggt,100,42,0.0,100000,random,,,,0,10,minfarthestpose,100,GT Eval,GT Extrinsics,,GT Points,,False,,,,,0.0,,False,1.0,1.0,vggt,bonsai,,,15000,15000,,MCMC,,GT Pcd,,,,,,,,,gsplat_cfg,,indoor,19.890962600708008,0.30701348185539246,0.6156277060508728,1000000,0.0,0.0,,,0.4452856152068492,0.3124151280170071,206613,/home/ojab2/work/git/gsplat/results/vggt_outputs/bonsai_2_n100_s42_c0.0_p100000_random_minfarthestpose_i100_gteval_gtext_gtpcd_steps15000/stats/config.json,/home/ojab2/work/git/gsplat/results/vggt_outputs/bonsai_2_n100_s42_c0.0_p100000_random_minfarthestpose_i100_gteval_gtext_gtpcd_steps15000/stats/val_step14999.json,bonsai_2_n100_s42_c0.0_p100000_random_minfarthestpose_i100_gteval_gtext_gtpcd_steps15000,0.7308,0.098078,100,7.817163,,,,,,,,/home/ojab2/work/git/vggt/vggt_outputs/bonsai_2_n100_s42_c0.0_p100000_random_minfarthestpose/eval_results.json,bonsai_2_n100_s42_c0.0_p100000_random_minfarthestpose_i100_gteval_gtext_gtpcd_steps15000,,206613,/home/ojab2/work/git/gsplat/results/vggt_outputs/bonsai_2_n100_s42_c0.0_p100000_random_minfarthestpose_i100_gteval_gtext_gtpcd_steps15000/stats/config.json,vggt | GT Extrinsics |  | GT Points
colmap,100,42,,66763,,,,,0,10,minfarthestpose,100,GT Eval,GT Extrinsics,GT Intrinsics,,,False,,,,,0.0,,False,1.0,1.0,colmap,bonsai,,,15000,15000,default,MCMC,,,,,Shared Cam,,,,,,gsplat,,indoor,31.41236686706543,0.12954774498939514,0.94107586145401,1000000,0.0,0.0,,,0.9585122633398624,0.12433768948872681,66763,/home/ojab2/work/git/gsplat/results/colmap_outputs/bonsai_2_n100_s42_default_minfarthestpose_sharedcam_i100_gteval_gtext_gtint_steps15000/stats/val_step14999.json,/home/ojab2/work/git/gsplat/results/colmap_outputs/bonsai_2_n100_s42_default_minfarthestpose_sharedcam_i100_gteval_gtext_gtint_steps15000/stats/val_step14999.json,bonsai_2_n100_s42_default_minfarthestpose_sharedcam_i100_gteval_gtext_gtint_steps15000,0.0595,0.002889,100,1.016141,,,,187.39341807365417,7726,7726,0,/home/ojab2/work/git/vggt/colmap_outputs/bonsai_2_n100_s42_default_minfarthestpose_sharedcam/eval_results.json,bonsai_2_n100_s42_default_minfarthestpose_sharedcam,bonsai_2_n100_s42_default_minfarthestpose_sharedcam_i100_gteval_gtext_gtint_steps15000_val_step14999.json,66763,,colmap | GT Extrinsics | GT Intrinsics | 
vggt,100,42,0.0,100000,random,,,,0,10,minfarthestpose,100,GT Eval,GT Extrinsics,GT Intrinsics,,,False,,,,,0.0,,False,1.0,1.0,vggt,bonsai,,,15000,15000,,MCMC,,,,,,,,,,,gsplat,,indoor,28.487241744995117,0.1647702306509018,0.8804551362991333,1000000,0.0,0.0,,,0.847150288033284,0.17064650955577054,100000,/home/ojab2/work/git/gsplat/results/vggt_outputs/bonsai_2_n100_s42_c0.0_p100000_random_minfarthestpose_i100_gteval_gtext_gtint_steps15000/stats/val_step14999.json,/home/ojab2/work/git/gsplat/results/vggt_outputs/bonsai_2_n100_s42_c0.0_p100000_random_minfarthestpose_i100_gteval_gtext_gtint_steps15000/stats/val_step14999.json,bonsai_2_n100_s42_c0.0_p100000_random_minfarthestpose_i100_gteval_gtext_gtint_steps15000,0.7308,0.098078,100,7.817163,,,,,,,,/home/ojab2/work/git/vggt/vggt_outputs/bonsai_2_n100_s42_c0.0_p100000_random_minfarthestpose/eval_results.json,bonsai_2_n100_s42_c0.0_p100000_random_minfarthestpose,bonsai_2_n100_s42_c0.0_p100000_random_minfarthestpose_i100_gteval_gtext_gtint_steps15000_val_step14999.json,100000,,vggt | GT Extrinsics | GT Intrinsics | 
colmap,100,42,,206613,,,,,0,10,minfarthestpose,100,GT Eval,GT Extrinsics,GT Intrinsics,GT Points,,False,,,,,0.0,,False,1.0,1.0,colmap,bonsai,,,15000,15000,default,MCMC,,GT Pcd,,,Shared Cam,,,,,,gsplat,,indoor,31.638381958007812,0.11600640416145325,0.946309506893158,1000000,0.0,0.0,,,0.9741171917177934,0.11613474626917993,206613,/home/ojab2/work/git/gsplat/results/colmap_outputs/bonsai_2_n100_s42_default_minfarthestpose_sharedcam_i100_gteval_gtext_gtint_gtpcd_steps15000/stats/val_step14999.json,/home/ojab2/work/git/gsplat/results/colmap_outputs/bonsai_2_n100_s42_default_minfarthestpose_sharedcam_i100_gteval_gtext_gtint_gtpcd_steps15000/stats/val_step14999.json,bonsai_2_n100_s42_default_minfarthestpose_sharedcam_i100_gteval_gtext_gtint_gtpcd_steps15000,0.0595,0.002889,100,1.016141,,,,187.39341807365417,7726,7726,0,/home/ojab2/work/git/vggt/colmap_outputs/bonsai_2_n100_s42_default_minfarthestpose_sharedcam/eval_results.json,bonsai_2_n100_s42_default_minfarthestpose_sharedcam,bonsai_2_n100_s42_default_minfarthestpose_sharedcam_i100_gteval_gtext_gtint_gtpcd_steps15000_val_step14999.json,206613,,colmap | GT Extrinsics | GT Intrinsics | GT Points
colmap,100,42,,,,,,,0,10,minfarthestpose,100,GT Eval,GT Extrinsics,GT Intrinsics,GT Points,,False,,,,,0.0,,False,1.0,1.0,colmap,bonsai,,,15000,15000,default,MCMC,,GT Pcd,,,Shared Cam,,,,,,gsplat_cfg,,indoor,,,,,0.0,0.0,,,,,,/home/ojab2/work/git/gsplat/results/colmap_outputs/bonsai_2_n100_s42_default_minfarthestpose_sharedcam_i100_gteval_gtext_gtint_gtpcd_steps15000/stats/config.json,,bonsai_2_n100_s42_default_minfarthestpose_sharedcam_i100_gteval_gtext_gtint_gtpcd_steps15000,,,,,,,,,,,,,bonsai_2_n100_s42_default_minfarthestpose_sharedcam_i100_gteval_gtext_gtint_gtpcd_steps15000,,,/home/ojab2/work/git/gsplat/results/colmap_outputs/bonsai_2_n100_s42_default_minfarthestpose_sharedcam_i100_gteval_gtext_gtint_gtpcd_steps15000/stats/config.json,colmap | GT Extrinsics | GT Intrinsics | GT Points
vggt,100,42,0.0,100000,random,,,,0,10,minfarthestpose,100,GT Eval,GT Extrinsics,GT Intrinsics,GT Points,,False,,,,,0.0,,False,1.0,1.0,vggt,bonsai,,,15000,15000,,MCMC,,GT Pcd,,,,,,,,,gsplat_cfg,,indoor,31.628986358642578,0.11641067266464233,0.9461713433265686,1000000,0.0,0.0,,,0.973612853270835,0.11636931240063177,206613,/home/ojab2/work/git/gsplat/results/vggt_outputs/bonsai_2_n100_s42_c0.0_p100000_random_minfarthestpose_i100_gteval_gtext_gtint_gtpcd_steps15000/stats/config.json,/home/ojab2/work/git/gsplat/results/vggt_outputs/bonsai_2_n100_s42_c0.0_p100000_random_minfarthestpose_i100_gteval_gtext_gtint_gtpcd_steps15000/stats/val_step14999.json,bonsai_2_n100_s42_c0.0_p100000_random_minfarthestpose_i100_gteval_gtext_gtint_gtpcd_steps15000,0.7308,0.098078,100,7.817163,,,,,,,,/home/ojab2/work/git/vggt/vggt_outputs/bonsai_2_n100_s42_c0.0_p100000_random_minfarthestpose/eval_results.json,bonsai_2_n100_s42_c0.0_p100000_random_minfarthestpose_i100_gteval_gtext_gtint_gtpcd_steps15000,,206613,/home/ojab2/work/git/gsplat/results/vggt_outputs/bonsai_2_n100_s42_c0.0_p100000_random_minfarthestpose_i100_gteval_gtext_gtint_gtpcd_steps15000/stats/config.json,vggt | GT Extrinsics | GT Intrinsics | GT Points
colmap,100,42,,70681,,,,,0,10,minfarthestpose,100,GT Eval,,,,,False,,,,,0.0,,False,1.0,1.0,colmap,kitchen,,,15000,15000,default,MCMC,,,,,Shared Cam,,,,,,gsplat,,indoor,21.721317291259766,0.13745442032814026,0.497666597366333,1000000,0.0009086028439924121,0.10134392976760864,,,0.5148640553079076,0.28431232380636884,70681,/home/ojab2/work/git/gsplat/results/colmap_outputs/kitchen_2_n100_s42_default_minfarthestpose_sharedcam_i100_gteval_steps15000/stats/val_step14999.json,/home/ojab2/work/git/gsplat/results/colmap_outputs/kitchen_2_n100_s42_default_minfarthestpose_sharedcam_i100_gteval_steps15000/stats/val_step14999.json,kitchen_2_n100_s42_default_minfarthestpose_sharedcam_i100_gteval_steps15000,0.1013,0.003655,100,1.017479,,,,127.14479780197144,10130,10130,0,/home/ojab2/work/git/vggt/colmap_outputs/kitchen_2_n100_s42_default_minfarthestpose_sharedcam/eval_results.json,kitchen_2_n100_s42_default_minfarthestpose_sharedcam,kitchen_2_n100_s42_default_minfarthestpose_sharedcam_i100_gteval_steps15000_val_step14999.json,70681,,colmap |  |  | 
vggt,100,42,0.0,100000,random,,,,0,10,minfarthestpose,100,GT Eval,,,,,False,,,,,0.0,,False,1.0,1.0,vggt,kitchen,,,15000,15000,,MCMC,,,,,,,,,,,gsplat,,indoor,20.49005699157715,0.22959475219249725,0.4848734140396118,1000000,0.005697792861610651,0.28279656171798706,,,0.42770479682438395,0.3187502952410298,100000,/home/ojab2/work/git/gsplat/results/vggt_outputs/kitchen_2_n100_s42_c0.0_p100000_random_minfarthestpose_i100_gteval_steps15000/stats/val_step14999.json,/home/ojab2/work/git/gsplat/results/vggt_outputs/kitchen_2_n100_s42_c0.0_p100000_random_minfarthestpose_i100_gteval_steps15000/stats/val_step14999.json,kitchen_2_n100_s42_c0.0_p100000_random_minfarthestpose_i100_gteval_steps15000,0.2827,0.025851,100,4.144792,,,,,,,,/home/ojab2/work/git/vggt/vggt_outputs/kitchen_2_n100_s42_c0.0_p100000_random_minfarthestpose/eval_results.json,kitchen_2_n100_s42_c0.0_p100000_random_minfarthestpose,kitchen_2_n100_s42_c0.0_p100000_random_minfarthestpose_i100_gteval_steps15000_val_step14999.json,100000,,vggt |  |  | 
colmap,100,42,,241367,,,,,0,10,minfarthestpose,100,GT Eval,,,GT Points,,False,,,,,0.0,,False,1.0,1.0,colmap,kitchen,,,15000,15000,default,MCMC,,GT Pcd,,,Shared Cam,,,,,,gsplat,,indoor,21.620864868164062,0.12616446614265442,0.49301615357398987,1000000,0.0009086028439924121,0.10134392976760864,,,0.5172533749991846,0.2816925331096504,241367,/home/ojab2/work/git/gsplat/results/colmap_outputs/kitchen_2_n100_s42_default_minfarthestpose_sharedcam_i100_gteval_gtpcd_steps15000/stats/val_step14999.json,/home/ojab2/work/git/gsplat/results/colmap_outputs/kitchen_2_n100_s42_default_minfarthestpose_sharedcam_i100_gteval_gtpcd_steps15000/stats/val_step14999.json,kitchen_2_n100_s42_default_minfarthestpose_sharedcam_i100_gteval_gtpcd_steps15000,0.1013,0.003655,100,1.017479,,,,127.14479780197144,10130,10130,0,/home/ojab2/work/git/vggt/colmap_outputs/kitchen_2_n100_s42_default_minfarthestpose_sharedcam/eval_results.json,kitchen_2_n100_s42_default_minfarthestpose_sharedcam,kitchen_2_n100_s42_default_minfarthestpose_sharedcam_i100_gteval_gtpcd_steps15000_val_step14999.json,241367,,colmap |  |  | GT Points
colmap,100,42,,,,,,,0,10,minfarthestpose,100,GT Eval,,,GT Points,,False,,,,,0.0,,False,1.0,1.0,colmap,kitchen,,,15000,15000,default,MCMC,,GT Pcd,,,Shared Cam,,,,,,gsplat_cfg,,indoor,,,,,,,,,,,,/home/ojab2/work/git/gsplat/results/colmap_outputs/kitchen_2_n100_s42_default_minfarthestpose_sharedcam_i100_gteval_gtpcd_steps15000/stats/config.json,,kitchen_2_n100_s42_default_minfarthestpose_sharedcam_i100_gteval_gtpcd_steps15000,,,,,,,,,,,,,kitchen_2_n100_s42_default_minfarthestpose_sharedcam_i100_gteval_gtpcd_steps15000,,,/home/ojab2/work/git/gsplat/results/colmap_outputs/kitchen_2_n100_s42_default_minfarthestpose_sharedcam_i100_gteval_gtpcd_steps15000/stats/config.json,colmap |  |  | GT Points
vggt,100,42,0.0,100000,random,,,,0,10,minfarthestpose,100,GT Eval,,,GT Points,,False,,,,,0.0,,False,1.0,1.0,vggt,kitchen,,,15000,15000,,MCMC,,GT Pcd,,,,,,,,,gsplat_cfg,,indoor,20.956130981445312,0.2089700847864151,0.4945436716079712,1000000,0.005697792861610651,0.28279656171798706,,,0.4547221941983568,0.3093161765874596,241367,/home/ojab2/work/git/gsplat/results/vggt_outputs/kitchen_2_n100_s42_c0.0_p100000_random_minfarthestpose_i100_gteval_gtpcd_steps15000/stats/config.json,/home/ojab2/work/git/gsplat/results/vggt_outputs/kitchen_2_n100_s42_c0.0_p100000_random_minfarthestpose_i100_gteval_gtpcd_steps15000/stats/val_step14999.json,kitchen_2_n100_s42_c0.0_p100000_random_minfarthestpose_i100_gteval_gtpcd_steps15000,0.2827,0.025851,100,4.144792,,,,,,,,/home/ojab2/work/git/vggt/vggt_outputs/kitchen_2_n100_s42_c0.0_p100000_random_minfarthestpose/eval_results.json,kitchen_2_n100_s42_c0.0_p100000_random_minfarthestpose_i100_gteval_gtpcd_steps15000,,241367,/home/ojab2/work/git/gsplat/results/vggt_outputs/kitchen_2_n100_s42_c0.0_p100000_random_minfarthestpose_i100_gteval_gtpcd_steps15000/stats/config.json,vggt |  |  | GT Points
colmap,100,42,,70681,,,,,0,10,minfarthestpose,100,GT Eval,,GT Intrinsics,,,False,,,,,0.0,,False,1.0,1.0,colmap,kitchen,,,15000,15000,default,MCMC,,,,,Shared Cam,,,,,,gsplat,,indoor,21.851667404174805,0.14136192202568054,0.5137364268302917,1000000,0.0009086028439924121,0.10134392976760864,,,0.5242634692929486,0.2817389122861898,70681,/home/ojab2/work/git/gsplat/results/colmap_outputs/kitchen_2_n100_s42_default_minfarthestpose_sharedcam_i100_gteval_gtint_steps15000/stats/val_step14999.json,/home/ojab2/work/git/gsplat/results/colmap_outputs/kitchen_2_n100_s42_default_minfarthestpose_sharedcam_i100_gteval_gtint_steps15000/stats/val_step14999.json,kitchen_2_n100_s42_default_minfarthestpose_sharedcam_i100_gteval_gtint_steps15000,0.1013,0.003655,100,1.017479,,,,127.14479780197144,10130,10130,0,/home/ojab2/work/git/vggt/colmap_outputs/kitchen_2_n100_s42_default_minfarthestpose_sharedcam/eval_results.json,kitchen_2_n100_s42_default_minfarthestpose_sharedcam,kitchen_2_n100_s42_default_minfarthestpose_sharedcam_i100_gteval_gtint_steps15000_val_step14999.json,70681,,colmap |  | GT Intrinsics | 
colmap,100,42,,,,,,,0,10,minfarthestpose,100,GT Eval,,GT Intrinsics,,,False,,,,,0.0,,False,1.0,1.0,colmap,kitchen,,,15000,15000,default,MCMC,,,,,Shared Cam,,,,,,gsplat_cfg,,indoor,,,,,,,,,,,,/home/ojab2/work/git/gsplat/results/colmap_outputs/kitchen_2_n100_s42_default_minfarthestpose_sharedcam_i100_gteval_gtint_steps15000/stats/config.json,,kitchen_2_n100_s42_default_minfarthestpose_sharedcam_i100_gteval_gtint_steps15000,,,,,,,,,,,,,kitchen_2_n100_s42_default_minfarthestpose_sharedcam_i100_gteval_gtint_steps15000,,,/home/ojab2/work/git/gsplat/results/colmap_outputs/kitchen_2_n100_s42_default_minfarthestpose_sharedcam_i100_gteval_gtint_steps15000/stats/config.json,colmap |  | GT Intrinsics | 
vggt,100,42,0.0,100000,random,,,,0,10,minfarthestpose,100,GT Eval,,GT Intrinsics,,,False,,,,,0.0,,False,1.0,1.0,vggt,kitchen,,,15000,15000,,MCMC,,,,,,,,,,,gsplat_cfg,,indoor,20.659931182861328,0.23712818324565887,0.49324679374694824,1000000,0.005697792861610651,0.28279656171798706,,,0.43109706237844403,0.31919481919897674,100000,/home/ojab2/work/git/gsplat/results/vggt_outputs/kitchen_2_n100_s42_c0.0_p100000_random_minfarthestpose_i100_gteval_gtint_steps15000/stats/config.json,/home/ojab2/work/git/gsplat/results/vggt_outputs/kitchen_2_n100_s42_c0.0_p100000_random_minfarthestpose_i100_gteval_gtint_steps15000/stats/val_step14999.json,kitchen_2_n100_s42_c0.0_p100000_random_minfarthestpose_i100_gteval_gtint_steps15000,0.2827,0.025851,100,4.144792,,,,,,,,/home/ojab2/work/git/vggt/vggt_outputs/kitchen_2_n100_s42_c0.0_p100000_random_minfarthestpose/eval_results.json,kitchen_2_n100_s42_c0.0_p100000_random_minfarthestpose_i100_gteval_gtint_steps15000,,100000,/home/ojab2/work/git/gsplat/results/vggt_outputs/kitchen_2_n100_s42_c0.0_p100000_random_minfarthestpose_i100_gteval_gtint_steps15000/stats/config.json,vggt |  | GT Intrinsics | 
colmap,100,42,,241367,,,,,0,10,minfarthestpose,100,GT Eval,,GT Intrinsics,GT Points,,False,,,,,0.0,,False,1.0,1.0,colmap,kitchen,,,15000,15000,default,MCMC,,GT Pcd,,,Shared Cam,,,,,,gsplat,,indoor,21.763999938964844,0.13004885613918304,0.5081565976142883,1000000,0.0009086028439924121,0.10134392976760864,,,0.5263603136979426,0.2793420883874603,241367,/home/ojab2/work/git/gsplat/results/colmap_outputs/kitchen_2_n100_s42_default_minfarthestpose_sharedcam_i100_gteval_gtint_gtpcd_steps15000/stats/val_step14999.json,/home/ojab2/work/git/gsplat/results/colmap_outputs/kitchen_2_n100_s42_default_minfarthestpose_sharedcam_i100_gteval_gtint_gtpcd_steps15000/stats/val_step14999.json,kitchen_2_n100_s42_default_minfarthestpose_sharedcam_i100_gteval_gtint_gtpcd_steps15000,0.1013,0.003655,100,1.017479,,,,127.14479780197144,10130,10130,0,/home/ojab2/work/git/vggt/colmap_outputs/kitchen_2_n100_s42_default_minfarthestpose_sharedcam/eval_results.json,kitchen_2_n100_s42_default_minfarthestpose_sharedcam,kitchen_2_n100_s42_default_minfarthestpose_sharedcam_i100_gteval_gtint_gtpcd_steps15000_val_step14999.json,241367,,colmap |  | GT Intrinsics | GT Points
colmap,100,42,,,,,,,0,10,minfarthestpose,100,GT Eval,,GT Intrinsics,GT Points,,False,,,,,0.0,,False,1.0,1.0,colmap,kitchen,,,15000,15000,default,MCMC,,GT Pcd,,,Shared Cam,,,,,,gsplat_cfg,,indoor,,,,,,,,,,,,/home/ojab2/work/git/gsplat/results/colmap_outputs/kitchen_2_n100_s42_default_minfarthestpose_sharedcam_i100_gteval_gtint_gtpcd_steps15000/stats/config.json,,kitchen_2_n100_s42_default_minfarthestpose_sharedcam_i100_gteval_gtint_gtpcd_steps15000,,,,,,,,,,,,,kitchen_2_n100_s42_default_minfarthestpose_sharedcam_i100_gteval_gtint_gtpcd_steps15000,,,/home/ojab2/work/git/gsplat/results/colmap_outputs/kitchen_2_n100_s42_default_minfarthestpose_sharedcam_i100_gteval_gtint_gtpcd_steps15000/stats/config.json,colmap |  | GT Intrinsics | GT Points
vggt,100,42,0.0,100000,random,,,,0,10,minfarthestpose,100,GT Eval,,GT Intrinsics,GT Points,,False,,,,,0.0,,False,1.0,1.0,vggt,kitchen,,,15000,15000,,MCMC,,GT Pcd,,,,,,,,,gsplat,,indoor,21.090837478637695,0.21874277293682098,0.5032090544700623,1000000,0.005697792861610651,0.28279656171798706,,,0.45625171076949345,0.3104518742092576,241367,/home/ojab2/work/git/gsplat/results/vggt_outputs/kitchen_2_n100_s42_c0.0_p100000_random_minfarthestpose_i100_gteval_gtint_gtpcd_steps15000/stats/val_step14999.json,/home/ojab2/work/git/gsplat/results/vggt_outputs/kitchen_2_n100_s42_c0.0_p100000_random_minfarthestpose_i100_gteval_gtint_gtpcd_steps15000/stats/val_step14999.json,kitchen_2_n100_s42_c0.0_p100000_random_minfarthestpose_i100_gteval_gtint_gtpcd_steps15000,0.2827,0.025851,100,4.144792,,,,,,,,/home/ojab2/work/git/vggt/vggt_outputs/kitchen_2_n100_s42_c0.0_p100000_random_minfarthestpose/eval_results.json,kitchen_2_n100_s42_c0.0_p100000_random_minfarthestpose,kitchen_2_n100_s42_c0.0_p100000_random_minfarthestpose_i100_gteval_gtint_gtpcd_steps15000_val_step14999.json,241367,/home/ojab2/work/git/gsplat/results/vggt_outputs/kitchen_2_n100_s42_c0.0_p100000_random_minfarthestpose_i100_gteval_gtint_gtpcd_steps15000/stats/config.json,vggt |  | GT Intrinsics | GT Points
colmap,100,42,,70681,,,,,0,10,minfarthestpose,100,GT Eval,GT Extrinsics,,,,False,,,,,0.0,,False,1.0,1.0,colmap,kitchen,,,15000,15000,default,MCMC,,,,,Shared Cam,,,,,,gsplat,,indoor,26.714330673217773,0.1228097677230835,0.8435277938842773,1000000,0.0,0.0,,,0.8186251847599915,0.1735021217719681,70681,/home/ojab2/work/git/gsplat/results/colmap_outputs/kitchen_2_n100_s42_default_minfarthestpose_sharedcam_i100_gteval_gtext_steps15000/stats/val_step14999.json,/home/ojab2/work/git/gsplat/results/colmap_outputs/kitchen_2_n100_s42_default_minfarthestpose_sharedcam_i100_gteval_gtext_steps15000/stats/val_step14999.json,kitchen_2_n100_s42_default_minfarthestpose_sharedcam_i100_gteval_gtext_steps15000,0.1013,0.003655,100,1.017479,,,,127.14479780197144,10130,10130,0,/home/ojab2/work/git/vggt/colmap_outputs/kitchen_2_n100_s42_default_minfarthestpose_sharedcam/eval_results.json,kitchen_2_n100_s42_default_minfarthestpose_sharedcam,kitchen_2_n100_s42_default_minfarthestpose_sharedcam_i100_gteval_gtext_steps15000_val_step14999.json,70681,,colmap | GT Extrinsics |  | 
colmap,100,42,,,,,,,0,10,minfarthestpose,100,GT Eval,GT Extrinsics,,,,False,,,,,0.0,,False,1.0,1.0,colmap,kitchen,,,15000,15000,default,MCMC,,,,,Shared Cam,,,,,,gsplat_cfg,,indoor,,,,,0.0,0.0,,,,,,/home/ojab2/work/git/gsplat/results/colmap_outputs/kitchen_2_n100_s42_default_minfarthestpose_sharedcam_i100_gteval_gtext_steps15000/stats/config.json,,kitchen_2_n100_s42_default_minfarthestpose_sharedcam_i100_gteval_gtext_steps15000,,,,,,,,,,,,,kitchen_2_n100_s42_default_minfarthestpose_sharedcam_i100_gteval_gtext_steps15000,,,/home/ojab2/work/git/gsplat/results/colmap_outputs/kitchen_2_n100_s42_default_minfarthestpose_sharedcam_i100_gteval_gtext_steps15000/stats/config.json,colmap | GT Extrinsics |  | 
vggt,100,42,0.0,100000,random,,,,0,10,minfarthestpose,100,GT Eval,GT Extrinsics,,,,False,,,,,0.0,,False,1.0,1.0,vggt,kitchen,,,15000,15000,,MCMC,,,,,,,,,,,gsplat,,indoor,23.31653594970703,0.19201193749904633,0.6886836290359497,1000000,0.0,0.0,,,0.6224335283137823,0.2515429445255025,100000,/home/ojab2/work/git/gsplat/results/vggt_outputs/kitchen_2_n100_s42_c0.0_p100000_random_minfarthestpose_i100_gteval_gtext_steps15000/stats/val_step14999.json,/home/ojab2/work/git/gsplat/results/vggt_outputs/kitchen_2_n100_s42_c0.0_p100000_random_minfarthestpose_i100_gteval_gtext_steps15000/stats/val_step14999.json,kitchen_2_n100_s42_c0.0_p100000_random_minfarthestpose_i100_gteval_gtext_steps15000,0.2827,0.025851,100,4.144792,,,,,,,,/home/ojab2/work/git/vggt/vggt_outputs/kitchen_2_n100_s42_c0.0_p100000_random_minfarthestpose/eval_results.json,kitchen_2_n100_s42_c0.0_p100000_random_minfarthestpose,kitchen_2_n100_s42_c0.0_p100000_random_minfarthestpose_i100_gteval_gtext_steps15000_val_step14999.json,100000,/home/ojab2/work/git/gsplat/results/vggt_outputs/kitchen_2_n100_s42_c0.0_p100000_random_minfarthestpose_i100_gteval_gtext_steps15000/stats/config.json,vggt | GT Extrinsics |  | 
colmap,100,42,,241367,,,,,0,10,minfarthestpose,100,GT Eval,GT Extrinsics,,GT Points,,False,,,,,0.0,,False,1.0,1.0,colmap,kitchen,,,15000,15000,default,MCMC,,GT Pcd,,,Shared Cam,,,,,,gsplat,,indoor,27.078916549682617,0.10967385768890381,0.8494916558265686,1000000,0.0,0.0,,,0.836973000068491,0.16652908005080172,241367,/home/ojab2/work/git/gsplat/results/colmap_outputs/kitchen_2_n100_s42_default_minfarthestpose_sharedcam_i100_gteval_gtext_gtpcd_steps15000/stats/val_step14999.json,/home/ojab2/work/git/gsplat/results/colmap_outputs/kitchen_2_n100_s42_default_minfarthestpose_sharedcam_i100_gteval_gtext_gtpcd_steps15000/stats/val_step14999.json,kitchen_2_n100_s42_default_minfarthestpose_sharedcam_i100_gteval_gtext_gtpcd_steps15000,0.1013,0.003655,100,1.017479,,,,127.14479780197144,10130,10130,0,/home/ojab2/work/git/vggt/colmap_outputs/kitchen_2_n100_s42_default_minfarthestpose_sharedcam/eval_results.json,kitchen_2_n100_s42_default_minfarthestpose_sharedcam,kitchen_2_n100_s42_default_minfarthestpose_sharedcam_i100_gteval_gtext_gtpcd_steps15000_val_step14999.json,241367,,colmap | GT Extrinsics |  | GT Points
colmap,100,42,,,,,,,0,10,minfarthestpose,100,GT Eval,GT Extrinsics,,GT Points,,False,,,,,0.0,,False,1.0,1.0,colmap,kitchen,,,15000,15000,default,MCMC,,GT Pcd,,,Shared Cam,,,,,,gsplat_cfg,,indoor,,,,,0.0,0.0,,,,,,/home/ojab2/work/git/gsplat/results/colmap_outputs/kitchen_2_n100_s42_default_minfarthestpose_sharedcam_i100_gteval_gtext_gtpcd_steps15000/stats/config.json,,kitchen_2_n100_s42_default_minfarthestpose_sharedcam_i100_gteval_gtext_gtpcd_steps15000,,,,,,,,,,,,,kitchen_2_n100_s42_default_minfarthestpose_sharedcam_i100_gteval_gtext_gtpcd_steps15000,,,/home/ojab2/work/git/gsplat/results/colmap_outputs/kitchen_2_n100_s42_default_minfarthestpose_sharedcam_i100_gteval_gtext_gtpcd_steps15000/stats/config.json,colmap | GT Extrinsics |  | GT Points
vggt,100,42,0.0,100000,random,,,,0,10,minfarthestpose,100,GT Eval,GT Extrinsics,,GT Points,,False,,,,,0.0,,False,1.0,1.0,vggt,kitchen,,,15000,15000,,MCMC,,GT Pcd,,,,,,,,,gsplat,,indoor,24.478036880493164,0.16918732225894928,0.70037841796875,1000000,0.0,0.0,,,0.6648711313319872,0.24004348231438902,241367,/home/ojab2/work/git/gsplat/results/vggt_outputs/kitchen_2_n100_s42_c0.0_p100000_random_minfarthestpose_i100_gteval_gtext_gtpcd_steps15000/stats/val_step14999.json,/home/ojab2/work/git/gsplat/results/vggt_outputs/kitchen_2_n100_s42_c0.0_p100000_random_minfarthestpose_i100_gteval_gtext_gtpcd_steps15000/stats/val_step14999.json,kitchen_2_n100_s42_c0.0_p100000_random_minfarthestpose_i100_gteval_gtext_gtpcd_steps15000,0.2827,0.025851,100,4.144792,,,,,,,,/home/ojab2/work/git/vggt/vggt_outputs/kitchen_2_n100_s42_c0.0_p100000_random_minfarthestpose/eval_results.json,kitchen_2_n100_s42_c0.0_p100000_random_minfarthestpose,kitchen_2_n100_s42_c0.0_p100000_random_minfarthestpose_i100_gteval_gtext_gtpcd_steps15000_val_step14999.json,241367,/home/ojab2/work/git/gsplat/results/vggt_outputs/kitchen_2_n100_s42_c0.0_p100000_random_minfarthestpose_i100_gteval_gtext_gtpcd_steps15000/stats/config.json,vggt | GT Extrinsics |  | GT Points
colmap,100,42,,70681,,,,,0,10,minfarthestpose,100,GT Eval,GT Extrinsics,GT Intrinsics,,,False,,,,,0.0,,False,1.0,1.0,colmap,kitchen,,,15000,15000,default,MCMC,,,,,Shared Cam,,,,,,gsplat,,indoor,29.30306625366211,0.11349157243967056,0.9151408672332764,1000000,0.0,0.0,,,0.9141956952057387,0.1353238500093359,70681,/home/ojab2/work/git/gsplat/results/colmap_outputs/kitchen_2_n100_s42_default_minfarthestpose_sharedcam_i100_gteval_gtext_gtint_steps15000/stats/val_step14999.json,/home/ojab2/work/git/gsplat/results/colmap_outputs/kitchen_2_n100_s42_default_minfarthestpose_sharedcam_i100_gteval_gtext_gtint_steps15000/stats/val_step14999.json,kitchen_2_n100_s42_default_minfarthestpose_sharedcam_i100_gteval_gtext_gtint_steps15000,0.1013,0.003655,100,1.017479,,,,127.14479780197144,10130,10130,0,/home/ojab2/work/git/vggt/colmap_outputs/kitchen_2_n100_s42_default_minfarthestpose_sharedcam/eval_results.json,kitchen_2_n100_s42_default_minfarthestpose_sharedcam,kitchen_2_n100_s42_default_minfarthestpose_sharedcam_i100_gteval_gtext_gtint_steps15000_val_step14999.json,70681,,colmap | GT Extrinsics | GT Intrinsics | 
colmap,100,42,,,,,,,0,10,minfarthestpose,100,GT Eval,GT Extrinsics,GT Intrinsics,,,False,,,,,0.0,,False,1.0,1.0,colmap,kitchen,,,15000,15000,default,MCMC,,,,,Shared Cam,,,,,,gsplat_cfg,,indoor,,,,,0.0,0.0,,,,,,/home/ojab2/work/git/gsplat/results/colmap_outputs/kitchen_2_n100_s42_default_minfarthestpose_sharedcam_i100_gteval_gtext_gtint_steps15000/stats/config.json,,kitchen_2_n100_s42_default_minfarthestpose_sharedcam_i100_gteval_gtext_gtint_steps15000,,,,,,,,,,,,,kitchen_2_n100_s42_default_minfarthestpose_sharedcam_i100_gteval_gtext_gtint_steps15000,,,/home/ojab2/work/git/gsplat/results/colmap_outputs/kitchen_2_n100_s42_default_minfarthestpose_sharedcam_i100_gteval_gtext_gtint_steps15000/stats/config.json,colmap | GT Extrinsics | GT Intrinsics | 
vggt,100,42,0.0,100000,random,,,,0,10,minfarthestpose,100,GT Eval,GT Extrinsics,GT Intrinsics,,,False,,,,,0.0,,False,1.0,1.0,vggt,kitchen,,,15000,15000,,MCMC,,,,,,,,,,,gsplat,,indoor,26.902482986450195,0.12214373052120209,0.9047079682350159,1000000,0.0,0.0,,,0.8582985006693975,0.1442927920651846,100000,/home/ojab2/work/git/gsplat/results/vggt_outputs/kitchen_2_n100_s42_c0.0_p100000_random_minfarthestpose_i100_gteval_gtext_gtint_steps15000/stats/val_step14999.json,/home/ojab2/work/git/gsplat/results/vggt_outputs/kitchen_2_n100_s42_c0.0_p100000_random_minfarthestpose_i100_gteval_gtext_gtint_steps15000/stats/val_step14999.json,kitchen_2_n100_s42_c0.0_p100000_random_minfarthestpose_i100_gteval_gtext_gtint_steps15000,0.2827,0.025851,100,4.144792,,,,,,,,/home/ojab2/work/git/vggt/vggt_outputs/kitchen_2_n100_s42_c0.0_p100000_random_minfarthestpose/eval_results.json,kitchen_2_n100_s42_c0.0_p100000_random_minfarthestpose,kitchen_2_n100_s42_c0.0_p100000_random_minfarthestpose_i100_gteval_gtext_gtint_steps15000_val_step14999.json,100000,/home/ojab2/work/git/gsplat/results/vggt_outputs/kitchen_2_n100_s42_c0.0_p100000_random_minfarthestpose_i100_gteval_gtext_gtint_steps15000/stats/config.json,vggt | GT Extrinsics | GT Intrinsics | 
colmap,100,42,,241367,,,,,0,10,minfarthestpose,100,GT Eval,GT Extrinsics,GT Intrinsics,GT Points,,False,,,,,0.0,,False,1.0,1.0,colmap,kitchen,,,15000,15000,default,MCMC,,GT Pcd,,,Shared Cam,,,,,,gsplat,,indoor,29.640562057495117,0.10127568989992142,0.9228675961494446,1000000,0.0,0.0,,,0.9325048406550913,0.12669639538212302,241367,/home/ojab2/work/git/gsplat/results/colmap_outputs/kitchen_2_n100_s42_default_minfarthestpose_sharedcam_i100_gteval_gtext_gtint_gtpcd_steps15000/stats/val_step14999.json,/home/ojab2/work/git/gsplat/results/colmap_outputs/kitchen_2_n100_s42_default_minfarthestpose_sharedcam_i100_gteval_gtext_gtint_gtpcd_steps15000/stats/val_step14999.json,kitchen_2_n100_s42_default_minfarthestpose_sharedcam_i100_gteval_gtext_gtint_gtpcd_steps15000,0.1013,0.003655,100,1.017479,,,,127.14479780197144,10130,10130,0,/home/ojab2/work/git/vggt/colmap_outputs/kitchen_2_n100_s42_default_minfarthestpose_sharedcam/eval_results.json,kitchen_2_n100_s42_default_minfarthestpose_sharedcam,kitchen_2_n100_s42_default_minfarthestpose_sharedcam_i100_gteval_gtext_gtint_gtpcd_steps15000_val_step14999.json,241367,,colmap | GT Extrinsics | GT Intrinsics | GT Points
colmap,100,42,,,,,,,0,10,minfarthestpose,100,GT Eval,GT Extrinsics,GT Intrinsics,GT Points,,False,,,,,0.0,,False,1.0,1.0,colmap,kitchen,,,15000,15000,default,MCMC,,GT Pcd,,,Shared Cam,,,,,,gsplat_cfg,,indoor,,,,,0.0,0.0,,,,,,/home/ojab2/work/git/gsplat/results/colmap_outputs/kitchen_2_n100_s42_default_minfarthestpose_sharedcam_i100_gteval_gtext_gtint_gtpcd_steps15000/stats/config.json,,kitchen_2_n100_s42_default_minfarthestpose_sharedcam_i100_gteval_gtext_gtint_gtpcd_steps15000,,,,,,,,,,,,,kitchen_2_n100_s42_default_minfarthestpose_sharedcam_i100_gteval_gtext_gtint_gtpcd_steps15000,,,/home/ojab2/work/git/gsplat/results/colmap_outputs/kitchen_2_n100_s42_default_minfarthestpose_sharedcam_i100_gteval_gtext_gtint_gtpcd_steps15000/stats/config.json,colmap | GT Extrinsics | GT Intrinsics | GT Points
vggt,100,42,0.0,100000,random,,,,0,10,minfarthestpose,100,GT Eval,GT Extrinsics,GT Intrinsics,GT Points,,False,,,,,0.0,,False,1.0,1.0,vggt,kitchen,,,15000,15000,,MCMC,,GT Pcd,,,,,,,,,gsplat,,indoor,29.60303497314453,0.10165660828351974,0.9225965142250061,1000000,0.0,0.0,,,0.9314162324027166,0.12698904665710756,241367,/home/ojab2/work/git/gsplat/results/vggt_outputs/kitchen_2_n100_s42_c0.0_p100000_random_minfarthestpose_i100_gteval_gtext_gtint_gtpcd_steps15000/stats/val_step14999.json,/home/ojab2/work/git/gsplat/results/vggt_outputs/kitchen_2_n100_s42_c0.0_p100000_random_minfarthestpose_i100_gteval_gtext_gtint_gtpcd_steps15000/stats/val_step14999.json,kitchen_2_n100_s42_c0.0_p100000_random_minfarthestpose_i100_gteval_gtext_gtint_gtpcd_steps15000,0.2827,0.025851,100,4.144792,,,,,,,,/home/ojab2/work/git/vggt/vggt_outputs/kitchen_2_n100_s42_c0.0_p100000_random_minfarthestpose/eval_results.json,kitchen_2_n100_s42_c0.0_p100000_random_minfarthestpose,kitchen_2_n100_s42_c0.0_p100000_random_minfarthestpose_i100_gteval_gtext_gtint_gtpcd_steps15000_val_step14999.json,241367,/home/ojab2/work/git/gsplat/results/vggt_outputs/kitchen_2_n100_s42_c0.0_p100000_random_minfarthestpose_i100_gteval_gtext_gtint_gtpcd_steps15000/stats/config.json,vggt | GT Extrinsics | GT Intrinsics | GT Points
colmap,100,42,,41914,,,,,0,10,minfarthestpose,100,GT Eval,,,,,False,,,,,0.0,,False,1.0,1.0,colmap,counter,,,15000,15000,default,MCMC,,,,,Shared Cam,,,,,,gsplat,,indoor,27.93535614013672,0.16450491547584534,0.8961127400398254,1000000,0.0001695939718047157,0.015633879229426384,,,0.8462504524546369,0.16280968081820685,41914,/home/ojab2/work/git/gsplat/results/colmap_outputs/counter_2_n100_s42_default_minfarthestpose_sharedcam_i100_gteval_steps15000/stats/val_step14999.json,/home/ojab2/work/git/gsplat/results/colmap_outputs/counter_2_n100_s42_default_minfarthestpose_sharedcam_i100_gteval_steps15000/stats/val_step14999.json,counter_2_n100_s42_default_minfarthestpose_sharedcam_i100_gteval_steps15000,0.0156,0.000691,100,0.993642,,,,292.9965500831604,7726,7726,0,/home/ojab2/work/git/vggt/colmap_outputs/counter_2_n100_s42_default_minfarthestpose_sharedcam/eval_results.json,counter_2_n100_s42_default_minfarthestpose_sharedcam,counter_2_n100_s42_default_minfarthestpose_sharedcam_i100_gteval_steps15000_val_step14999.json,41914,,colmap |  |  | 
vggt,100,42,0.0,100000,random,,,,0,10,minfarthestpose,100,GT Eval,,,,,False,,,,,0.0,,False,1.0,1.0,vggt,counter,,,15000,15000,,MCMC,,,,,,,,,,,gsplat,,indoor,20.050086975097656,0.291461318731308,0.6177743673324585,1000000,0.007659002672880888,0.3872610032558441,,,0.4590878210492224,0.30653021430498645,100000,/home/ojab2/work/git/gsplat/results/vggt_outputs/counter_2_n100_s42_c0.0_p100000_random_minfarthestpose_i100_gteval_steps15000/stats/val_step14999.json,/home/ojab2/work/git/gsplat/results/vggt_outputs/counter_2_n100_s42_c0.0_p100000_random_minfarthestpose_i100_gteval_steps15000/stats/val_step14999.json,counter_2_n100_s42_c0.0_p100000_random_minfarthestpose_i100_gteval_steps15000,0.3873,0.030482,100,4.485239,,,,,,,,/home/ojab2/work/git/vggt/vggt_outputs/counter_2_n100_s42_c0.0_p100000_random_minfarthestpose/eval_results.json,counter_2_n100_s42_c0.0_p100000_random_minfarthestpose,counter_2_n100_s42_c0.0_p100000_random_minfarthestpose_i100_gteval_steps15000_val_step14999.json,100000,,vggt |  |  | 
colmap,100,42,,155767,,,,,0,10,minfarthestpose,100,GT Eval,,,GT Points,,False,,,,,0.0,,False,1.0,1.0,colmap,counter,,,15000,15000,default,MCMC,,GT Pcd,,,Shared Cam,,,,,,gsplat,,indoor,28.320175170898438,0.1441022902727127,0.902137279510498,1000000,0.0001695939718047157,0.015633879229426384,,,0.869494066387899,0.15280157391534382,155767,/home/ojab2/work/git/gsplat/results/colmap_outputs/counter_2_n100_s42_default_minfarthestpose_sharedcam_i100_gteval_gtpcd_steps15000/stats/val_step14999.json,/home/ojab2/work/git/gsplat/results/colmap_outputs/counter_2_n100_s42_default_minfarthestpose_sharedcam_i100_gteval_gtpcd_steps15000/stats/val_step14999.json,counter_2_n100_s42_default_minfarthestpose_sharedcam_i100_gteval_gtpcd_steps15000,0.0156,0.000691,100,0.993642,,,,292.9965500831604,7726,7726,0,/home/ojab2/work/git/vggt/colmap_outputs/counter_2_n100_s42_default_minfarthestpose_sharedcam/eval_results.json,counter_2_n100_s42_default_minfarthestpose_sharedcam,counter_2_n100_s42_default_minfarthestpose_sharedcam_i100_gteval_gtpcd_steps15000_val_step14999.json,155767,,colmap |  |  | GT Points
colmap,100,42,,,,,,,0,10,minfarthestpose,100,GT Eval,,,GT Points,,False,,,,,0.0,,False,1.0,1.0,colmap,counter,,,15000,15000,default,MCMC,,GT Pcd,,,Shared Cam,,,,,,gsplat_cfg,,indoor,,,,,,,,,,,,/home/ojab2/work/git/gsplat/results/colmap_outputs/counter_2_n100_s42_default_minfarthestpose_sharedcam_i100_gteval_gtpcd_steps15000/stats/config.json,,counter_2_n100_s42_default_minfarthestpose_sharedcam_i100_gteval_gtpcd_steps15000,,,,,,,,,,,,,counter_2_n100_s42_default_minfarthestpose_sharedcam_i100_gteval_gtpcd_steps15000,,,/home/ojab2/work/git/gsplat/results/colmap_outputs/counter_2_n100_s42_default_minfarthestpose_sharedcam_i100_gteval_gtpcd_steps15000/stats/config.json,colmap |  |  | GT Points
vggt,100,42,0.0,100000,random,,,,0,10,minfarthestpose,100,GT Eval,,,GT Points,,False,,,,,0.0,,False,1.0,1.0,vggt,counter,,,15000,15000,,MCMC,,GT Pcd,,,,,,,,,gsplat,,indoor,20.073970794677734,0.2881223261356354,0.6172584891319275,1000000,0.007659002672880888,0.3872610032558441,,,0.4612895373867424,0.30553816913229015,155767,/home/ojab2/work/git/gsplat/results/vggt_outputs/counter_2_n100_s42_c0.0_p100000_random_minfarthestpose_i100_gteval_gtpcd_steps15000/stats/val_step14999.json,/home/ojab2/work/git/gsplat/results/vggt_outputs/counter_2_n100_s42_c0.0_p100000_random_minfarthestpose_i100_gteval_gtpcd_steps15000/stats/val_step14999.json,counter_2_n100_s42_c0.0_p100000_random_minfarthestpose_i100_gteval_gtpcd_steps15000,0.3873,0.030482,100,4.485239,,,,,,,,/home/ojab2/work/git/vggt/vggt_outputs/counter_2_n100_s42_c0.0_p100000_random_minfarthestpose/eval_results.json,counter_2_n100_s42_c0.0_p100000_random_minfarthestpose,counter_2_n100_s42_c0.0_p100000_random_minfarthestpose_i100_gteval_gtpcd_steps15000_val_step14999.json,155767,/home/ojab2/work/git/gsplat/results/vggt_outputs/counter_2_n100_s42_c0.0_p100000_random_minfarthestpose_i100_gteval_gtpcd_steps15000/stats/config.json,vggt |  |  | GT Points
colmap,100,42,,41914,,,,,0,10,minfarthestpose,100,GT Eval,,GT Intrinsics,,,False,,,,,0.0,,False,1.0,1.0,colmap,counter,,,15000,15000,default,MCMC,,,,,Shared Cam,,,,,,gsplat,,indoor,28.094379425048828,0.1631069928407669,0.9012910723686218,1000000,0.0001695939718047157,0.015633879229426384,,,0.8530865078277599,0.1596125282738573,41914,/home/ojab2/work/git/gsplat/results/colmap_outputs/counter_2_n100_s42_default_minfarthestpose_sharedcam_i100_gteval_gtint_steps15000/stats/val_step14999.json,/home/ojab2/work/git/gsplat/results/colmap_outputs/counter_2_n100_s42_default_minfarthestpose_sharedcam_i100_gteval_gtint_steps15000/stats/val_step14999.json,counter_2_n100_s42_default_minfarthestpose_sharedcam_i100_gteval_gtint_steps15000,0.0156,0.000691,100,0.993642,,,,292.9965500831604,7726,7726,0,/home/ojab2/work/git/vggt/colmap_outputs/counter_2_n100_s42_default_minfarthestpose_sharedcam/eval_results.json,counter_2_n100_s42_default_minfarthestpose_sharedcam,counter_2_n100_s42_default_minfarthestpose_sharedcam_i100_gteval_gtint_steps15000_val_step14999.json,41914,,colmap |  | GT Intrinsics | 
colmap,100,42,,,,,,,0,10,minfarthestpose,100,GT Eval,,GT Intrinsics,,,False,,,,,0.0,,False,1.0,1.0,colmap,counter,,,15000,15000,default,MCMC,,,,,Shared Cam,,,,,,gsplat_cfg,,indoor,,,,,,,,,,,,/home/ojab2/work/git/gsplat/results/colmap_outputs/counter_2_n100_s42_default_minfarthestpose_sharedcam_i100_gteval_gtint_steps15000/stats/config.json,,counter_2_n100_s42_default_minfarthestpose_sharedcam_i100_gteval_gtint_steps15000,,,,,,,,,,,,,counter_2_n100_s42_default_minfarthestpose_sharedcam_i100_gteval_gtint_steps15000,,,/home/ojab2/work/git/gsplat/results/colmap_outputs/counter_2_n100_s42_default_minfarthestpose_sharedcam_i100_gteval_gtint_steps15000/stats/config.json,colmap |  | GT Intrinsics | 
vggt,100,42,0.0,100000,random,,,,0,10,minfarthestpose,100,GT Eval,,GT Intrinsics,,,False,,,,,0.0,,False,1.0,1.0,vggt,counter,,,15000,15000,,MCMC,,,,,,,,,,,gsplat_cfg,,indoor,20.110363006591797,0.3017990291118622,0.6220791935920715,1000000,0.007659002672880888,0.3872610032558441,,,0.45634018340770727,0.30876691632163455,100000,/home/ojab2/work/git/gsplat/results/vggt_outputs/counter_2_n100_s42_c0.0_p100000_random_minfarthestpose_i100_gteval_gtint_steps15000/stats/config.json,/home/ojab2/work/git/gsplat/results/vggt_outputs/counter_2_n100_s42_c0.0_p100000_random_minfarthestpose_i100_gteval_gtint_steps15000/stats/val_step14999.json,counter_2_n100_s42_c0.0_p100000_random_minfarthestpose_i100_gteval_gtint_steps15000,0.3873,0.030482,100,4.485239,,,,,,,,/home/ojab2/work/git/vggt/vggt_outputs/counter_2_n100_s42_c0.0_p100000_random_minfarthestpose/eval_results.json,counter_2_n100_s42_c0.0_p100000_random_minfarthestpose_i100_gteval_gtint_steps15000,,100000,/home/ojab2/work/git/gsplat/results/vggt_outputs/counter_2_n100_s42_c0.0_p100000_random_minfarthestpose_i100_gteval_gtint_steps15000/stats/config.json,vggt |  | GT Intrinsics | 
colmap,100,42,,155767,,,,,0,10,minfarthestpose,100,GT Eval,,GT Intrinsics,GT Points,,False,,,,,0.0,,False,1.0,1.0,colmap,counter,,,15000,15000,default,MCMC,,GT Pcd,,,Shared Cam,,,,,,gsplat,,indoor,28.4648494720459,0.1434216946363449,0.9070796370506287,1000000,0.0001695939718047157,0.015633879229426384,,,0.8754836084433697,0.14989137560872906,155767,/home/ojab2/work/git/gsplat/results/colmap_outputs/counter_2_n100_s42_default_minfarthestpose_sharedcam_i100_gteval_gtint_gtpcd_steps15000/stats/val_step14999.json,/home/ojab2/work/git/gsplat/results/colmap_outputs/counter_2_n100_s42_default_minfarthestpose_sharedcam_i100_gteval_gtint_gtpcd_steps15000/stats/val_step14999.json,counter_2_n100_s42_default_minfarthestpose_sharedcam_i100_gteval_gtint_gtpcd_steps15000,0.0156,0.000691,100,0.993642,,,,292.9965500831604,7726,7726,0,/home/ojab2/work/git/vggt/colmap_outputs/counter_2_n100_s42_default_minfarthestpose_sharedcam/eval_results.json,counter_2_n100_s42_default_minfarthestpose_sharedcam,counter_2_n100_s42_default_minfarthestpose_sharedcam_i100_gteval_gtint_gtpcd_steps15000_val_step14999.json,155767,,colmap |  | GT Intrinsics | GT Points
colmap,100,42,,,,,,,0,10,minfarthestpose,100,GT Eval,,GT Intrinsics,GT Points,,False,,,,,0.0,,False,1.0,1.0,colmap,counter,,,15000,15000,default,MCMC,,GT Pcd,,,Shared Cam,,,,,,gsplat_cfg,,indoor,,,,,,,,,,,,/home/ojab2/work/git/gsplat/results/colmap_outputs/counter_2_n100_s42_default_minfarthestpose_sharedcam_i100_gteval_gtint_gtpcd_steps15000/stats/config.json,,counter_2_n100_s42_default_minfarthestpose_sharedcam_i100_gteval_gtint_gtpcd_steps15000,,,,,,,,,,,,,counter_2_n100_s42_default_minfarthestpose_sharedcam_i100_gteval_gtint_gtpcd_steps15000,,,/home/ojab2/work/git/gsplat/results/colmap_outputs/counter_2_n100_s42_default_minfarthestpose_sharedcam_i100_gteval_gtint_gtpcd_steps15000/stats/config.json,colmap |  | GT Intrinsics | GT Points
vggt,100,42,0.0,100000,random,,,,0,10,minfarthestpose,100,GT Eval,,GT Intrinsics,GT Points,,False,,,,,0.0,,False,1.0,1.0,vggt,counter,,,15000,15000,,MCMC,,GT Pcd,,,,,,,,,gsplat,,indoor,20.15188980102539,0.2963642179965973,0.6223995089530945,1000000,0.007659002672880888,0.3872610032558441,,,0.4606513387201048,0.3068375277950626,155767,/home/ojab2/work/git/gsplat/results/vggt_outputs/counter_2_n100_s42_c0.0_p100000_random_minfarthestpose_i100_gteval_gtint_gtpcd_steps15000/stats/val_step14999.json,/home/ojab2/work/git/gsplat/results/vggt_outputs/counter_2_n100_s42_c0.0_p100000_random_minfarthestpose_i100_gteval_gtint_gtpcd_steps15000/stats/val_step14999.json,counter_2_n100_s42_c0.0_p100000_random_minfarthestpose_i100_gteval_gtint_gtpcd_steps15000,0.3873,0.030482,100,4.485239,,,,,,,,/home/ojab2/work/git/vggt/vggt_outputs/counter_2_n100_s42_c0.0_p100000_random_minfarthestpose/eval_results.json,counter_2_n100_s42_c0.0_p100000_random_minfarthestpose,counter_2_n100_s42_c0.0_p100000_random_minfarthestpose_i100_gteval_gtint_gtpcd_steps15000_val_step14999.json,155767,/home/ojab2/work/git/gsplat/results/vggt_outputs/counter_2_n100_s42_c0.0_p100000_random_minfarthestpose_i100_gteval_gtint_gtpcd_steps15000/stats/config.json,vggt |  | GT Intrinsics | GT Points
colmap,100,42,,41914,,,,,0,10,minfarthestpose,100,GT Eval,GT Extrinsics,,,,False,,,,,0.0,,False,1.0,1.0,colmap,counter,,,15000,15000,default,MCMC,,,,,Shared Cam,,,,,,gsplat,,indoor,28.137651443481445,0.16295675933361053,0.9023375511169434,1000000,0.0,0.0,,,0.8545925541114621,0.15900070815967662,41914,/home/ojab2/work/git/gsplat/results/colmap_outputs/counter_2_n100_s42_default_minfarthestpose_sharedcam_i100_gteval_gtext_steps15000/stats/val_step14999.json,/home/ojab2/work/git/gsplat/results/colmap_outputs/counter_2_n100_s42_default_minfarthestpose_sharedcam_i100_gteval_gtext_steps15000/stats/val_step14999.json,counter_2_n100_s42_default_minfarthestpose_sharedcam_i100_gteval_gtext_steps15000,0.0156,0.000691,100,0.993642,,,,292.9965500831604,7726,7726,0,/home/ojab2/work/git/vggt/colmap_outputs/counter_2_n100_s42_default_minfarthestpose_sharedcam/eval_results.json,counter_2_n100_s42_default_minfarthestpose_sharedcam,counter_2_n100_s42_default_minfarthestpose_sharedcam_i100_gteval_gtext_steps15000_val_step14999.json,41914,,colmap | GT Extrinsics |  | 
colmap,100,42,,,,,,,0,10,minfarthestpose,100,GT Eval,GT Extrinsics,,,,False,,,,,0.0,,False,1.0,1.0,colmap,counter,,,15000,15000,default,MCMC,,,,,Shared Cam,,,,,,gsplat_cfg,,indoor,,,,,0.0,0.0,,,,,,/home/ojab2/work/git/gsplat/results/colmap_outputs/counter_2_n100_s42_default_minfarthestpose_sharedcam_i100_gteval_gtext_steps15000/stats/config.json,,counter_2_n100_s42_default_minfarthestpose_sharedcam_i100_gteval_gtext_steps15000,,,,,,,,,,,,,counter_2_n100_s42_default_minfarthestpose_sharedcam_i100_gteval_gtext_steps15000,,,/home/ojab2/work/git/gsplat/results/colmap_outputs/counter_2_n100_s42_default_minfarthestpose_sharedcam_i100_gteval_gtext_steps15000/stats/config.json,colmap | GT Extrinsics |  | 
vggt,100,42,0.0,100000,random,,,,0,10,minfarthestpose,100,GT Eval,GT Extrinsics,,,,False,,,,,0.0,,False,1.0,1.0,vggt,counter,,,15000,15000,,MCMC,,,,,,,,,,,gsplat_cfg,,indoor,24.841814041137695,0.21309351921081543,0.7882049679756165,1000000,0.0,0.0,,,0.6958657102665395,0.22552834816149303,100000,/home/ojab2/work/git/gsplat/results/vggt_outputs/counter_2_n100_s42_c0.0_p100000_random_minfarthestpose_i100_gteval_gtext_steps15000/stats/config.json,/home/ojab2/work/git/gsplat/results/vggt_outputs/counter_2_n100_s42_c0.0_p100000_random_minfarthestpose_i100_gteval_gtext_steps15000/stats/val_step14999.json,counter_2_n100_s42_c0.0_p100000_random_minfarthestpose_i100_gteval_gtext_steps15000,0.3873,0.030482,100,4.485239,,,,,,,,/home/ojab2/work/git/vggt/vggt_outputs/counter_2_n100_s42_c0.0_p100000_random_minfarthestpose/eval_results.json,counter_2_n100_s42_c0.0_p100000_random_minfarthestpose_i100_gteval_gtext_steps15000,,100000,/home/ojab2/work/git/gsplat/results/vggt_outputs/counter_2_n100_s42_c0.0_p100000_random_minfarthestpose_i100_gteval_gtext_steps15000/stats/config.json,vggt | GT Extrinsics |  | 
colmap,100,42,,155767,,,,,0,10,minfarthestpose,100,GT Eval,GT Extrinsics,,GT Points,,False,,,,,0.0,,False,1.0,1.0,colmap,counter,,,15000,15000,default,MCMC,,GT Pcd,,,Shared Cam,,,,,,gsplat,,indoor,28.42946434020996,0.14307108521461487,0.9082711935043335,1000000,0.0,0.0,,,0.8757415704327485,0.1491247967623106,155767,/home/ojab2/work/git/gsplat/results/colmap_outputs/counter_2_n100_s42_default_minfarthestpose_sharedcam_i100_gteval_gtext_gtpcd_steps15000/stats/val_step14999.json,/home/ojab2/work/git/gsplat/results/colmap_outputs/counter_2_n100_s42_default_minfarthestpose_sharedcam_i100_gteval_gtext_gtpcd_steps15000/stats/val_step14999.json,counter_2_n100_s42_default_minfarthestpose_sharedcam_i100_gteval_gtext_gtpcd_steps15000,0.0156,0.000691,100,0.993642,,,,292.9965500831604,7726,7726,0,/home/ojab2/work/git/vggt/colmap_outputs/counter_2_n100_s42_default_minfarthestpose_sharedcam/eval_results.json,counter_2_n100_s42_default_minfarthestpose_sharedcam,counter_2_n100_s42_default_minfarthestpose_sharedcam_i100_gteval_gtext_gtpcd_steps15000_val_step14999.json,155767,,colmap | GT Extrinsics |  | GT Points
colmap,100,42,,,,,,,0,10,minfarthestpose,100,GT Eval,GT Extrinsics,,GT Points,,False,,,,,0.0,,False,1.0,1.0,colmap,counter,,,15000,15000,default,MCMC,,GT Pcd,,,Shared Cam,,,,,,gsplat_cfg,,indoor,,,,,0.0,0.0,,,,,,/home/ojab2/work/git/gsplat/results/colmap_outputs/counter_2_n100_s42_default_minfarthestpose_sharedcam_i100_gteval_gtext_gtpcd_steps15000/stats/config.json,,counter_2_n100_s42_default_minfarthestpose_sharedcam_i100_gteval_gtext_gtpcd_steps15000,,,,,,,,,,,,,counter_2_n100_s42_default_minfarthestpose_sharedcam_i100_gteval_gtext_gtpcd_steps15000,,,/home/ojab2/work/git/gsplat/results/colmap_outputs/counter_2_n100_s42_default_minfarthestpose_sharedcam_i100_gteval_gtext_gtpcd_steps15000/stats/config.json,colmap | GT Extrinsics |  | GT Points
vggt,100,42,0.0,100000,random,,,,0,10,minfarthestpose,100,GT Eval,GT Extrinsics,,GT Points,,False,,,,,0.0,,False,1.0,1.0,vggt,counter,,,15000,15000,,MCMC,,GT Pcd,,,,,,,,,gsplat,,indoor,25.064922332763672,0.2065301537513733,0.7913432121276855,1000000,0.0,0.0,,,0.7058840359550859,0.2221450547397066,155767,/home/ojab2/work/git/gsplat/results/vggt_outputs/counter_2_n100_s42_c0.0_p100000_random_minfarthestpose_i100_gteval_gtext_gtpcd_steps15000/stats/val_step14999.json,/home/ojab2/work/git/gsplat/results/vggt_outputs/counter_2_n100_s42_c0.0_p100000_random_minfarthestpose_i100_gteval_gtext_gtpcd_steps15000/stats/val_step14999.json,counter_2_n100_s42_c0.0_p100000_random_minfarthestpose_i100_gteval_gtext_gtpcd_steps15000,0.3873,0.030482,100,4.485239,,,,,,,,/home/ojab2/work/git/vggt/vggt_outputs/counter_2_n100_s42_c0.0_p100000_random_minfarthestpose/eval_results.json,counter_2_n100_s42_c0.0_p100000_random_minfarthestpose,counter_2_n100_s42_c0.0_p100000_random_minfarthestpose_i100_gteval_gtext_gtpcd_steps15000_val_step14999.json,155767,/home/ojab2/work/git/gsplat/results/vggt_outputs/counter_2_n100_s42_c0.0_p100000_random_minfarthestpose_i100_gteval_gtext_gtpcd_steps15000/stats/config.json,vggt | GT Extrinsics |  | GT Points
colmap,100,42,,41914,,,,,0,10,minfarthestpose,100,GT Eval,GT Extrinsics,GT Intrinsics,,,False,,,,,0.0,,False,1.0,1.0,colmap,counter,,,15000,15000,default,MCMC,,,,,Shared Cam,,,,,,gsplat,,indoor,28.30894660949707,0.16158327460289001,0.9065025448799133,1000000,0.0,0.0,,,0.8610481857633806,0.15627762493060074,41914,/home/ojab2/work/git/gsplat/results/colmap_outputs/counter_2_n100_s42_default_minfarthestpose_sharedcam_i100_gteval_gtext_gtint_steps15000/stats/val_step14999.json,/home/ojab2/work/git/gsplat/results/colmap_outputs/counter_2_n100_s42_default_minfarthestpose_sharedcam_i100_gteval_gtext_gtint_steps15000/stats/val_step14999.json,counter_2_n100_s42_default_minfarthestpose_sharedcam_i100_gteval_gtext_gtint_steps15000,0.0156,0.000691,100,0.993642,,,,292.9965500831604,7726,7726,0,/home/ojab2/work/git/vggt/colmap_outputs/counter_2_n100_s42_default_minfarthestpose_sharedcam/eval_results.json,counter_2_n100_s42_default_minfarthestpose_sharedcam,counter_2_n100_s42_default_minfarthestpose_sharedcam_i100_gteval_gtext_gtint_steps15000_val_step14999.json,41914,,colmap | GT Extrinsics | GT Intrinsics | 
colmap,100,42,,,,,,,0,10,minfarthestpose,100,GT Eval,GT Extrinsics,GT Intrinsics,,,False,,,,,0.0,,False,1.0,1.0,colmap,counter,,,15000,15000,default,MCMC,,,,,Shared Cam,,,,,,gsplat_cfg,,indoor,,,,,0.0,0.0,,,,,,/home/ojab2/work/git/gsplat/results/colmap_outputs/counter_2_n100_s42_default_minfarthestpose_sharedcam_i100_gteval_gtext_gtint_steps15000/stats/config.json,,counter_2_n100_s42_default_minfarthestpose_sharedcam_i100_gteval_gtext_gtint_steps15000,,,,,,,,,,,,,counter_2_n100_s42_default_minfarthestpose_sharedcam_i100_gteval_gtext_gtint_steps15000,,,/home/ojab2/work/git/gsplat/results/colmap_outputs/counter_2_n100_s42_default_minfarthestpose_sharedcam_i100_gteval_gtext_gtint_steps15000/stats/config.json,colmap | GT Extrinsics | GT Intrinsics | 
vggt,100,42,0.0,100000,random,,,,0,10,minfarthestpose,100,GT Eval,GT Extrinsics,GT Intrinsics,,,False,,,,,0.0,,False,1.0,1.0,vggt,counter,,,15000,15000,,MCMC,,,,,,,,,,,gsplat,,indoor,28.083406448364258,0.14783841371536255,0.90664142370224,1000000,0.0,0.0,,,0.8654372138276822,0.15164650547271283,100000,/home/ojab2/work/git/gsplat/results/vggt_outputs/counter_2_n100_s42_c0.0_p100000_random_minfarthestpose_i100_gteval_gtext_gtint_steps15000/stats/val_step14999.json,/home/ojab2/work/git/gsplat/results/vggt_outputs/counter_2_n100_s42_c0.0_p100000_random_minfarthestpose_i100_gteval_gtext_gtint_steps15000/stats/val_step14999.json,counter_2_n100_s42_c0.0_p100000_random_minfarthestpose_i100_gteval_gtext_gtint_steps15000,0.3873,0.030482,100,4.485239,,,,,,,,/home/ojab2/work/git/vggt/vggt_outputs/counter_2_n100_s42_c0.0_p100000_random_minfarthestpose/eval_results.json,counter_2_n100_s42_c0.0_p100000_random_minfarthestpose,counter_2_n100_s42_c0.0_p100000_random_minfarthestpose_i100_gteval_gtext_gtint_steps15000_val_step14999.json,100000,/home/ojab2/work/git/gsplat/results/vggt_outputs/counter_2_n100_s42_c0.0_p100000_random_minfarthestpose_i100_gteval_gtext_gtint_steps15000/stats/config.json,vggt | GT Extrinsics | GT Intrinsics | 
colmap,100,42,,155767,,,,,0,10,minfarthestpose,100,GT Eval,GT Extrinsics,GT Intrinsics,GT Points,,False,,,,,0.0,,False,1.0,1.0,colmap,counter,,,15000,15000,default,MCMC,,GT Pcd,,,Shared Cam,,,,,,gsplat,,indoor,28.63918113708496,0.14278480410575867,0.9126793146133423,1000000,0.0,0.0,,,0.8823797801549438,0.1465511758450277,155767,/home/ojab2/work/git/gsplat/results/colmap_outputs/counter_2_n100_s42_default_minfarthestpose_sharedcam_i100_gteval_gtext_gtint_gtpcd_steps15000/stats/val_step14999.json,/home/ojab2/work/git/gsplat/results/colmap_outputs/counter_2_n100_s42_default_minfarthestpose_sharedcam_i100_gteval_gtext_gtint_gtpcd_steps15000/stats/val_step14999.json,counter_2_n100_s42_default_minfarthestpose_sharedcam_i100_gteval_gtext_gtint_gtpcd_steps15000,0.0156,0.000691,100,0.993642,,,,292.9965500831604,7726,7726,0,/home/ojab2/work/git/vggt/colmap_outputs/counter_2_n100_s42_default_minfarthestpose_sharedcam/eval_results.json,counter_2_n100_s42_default_minfarthestpose_sharedcam,counter_2_n100_s42_default_minfarthestpose_sharedcam_i100_gteval_gtext_gtint_gtpcd_steps15000_val_step14999.json,155767,,colmap | GT Extrinsics | GT Intrinsics | GT Points
colmap,100,42,,,,,,,0,10,minfarthestpose,100,GT Eval,GT Extrinsics,GT Intrinsics,GT Points,,False,,,,,0.0,,False,1.0,1.0,colmap,counter,,,15000,15000,default,MCMC,,GT Pcd,,,Shared Cam,,,,,,gsplat_cfg,,indoor,,,,,0.0,0.0,,,,,,/home/ojab2/work/git/gsplat/results/colmap_outputs/counter_2_n100_s42_default_minfarthestpose_sharedcam_i100_gteval_gtext_gtint_gtpcd_steps15000/stats/config.json,,counter_2_n100_s42_default_minfarthestpose_sharedcam_i100_gteval_gtext_gtint_gtpcd_steps15000,,,,,,,,,,,,,counter_2_n100_s42_default_minfarthestpose_sharedcam_i100_gteval_gtext_gtint_gtpcd_steps15000,,,/home/ojab2/work/git/gsplat/results/colmap_outputs/counter_2_n100_s42_default_minfarthestpose_sharedcam_i100_gteval_gtext_gtint_gtpcd_steps15000/stats/config.json,colmap | GT Extrinsics | GT Intrinsics | GT Points
vggt,100,42,0.0,100000,random,,,,0,10,minfarthestpose,100,GT Eval,GT Extrinsics,GT Intrinsics,GT Points,,False,,,,,0.0,,False,1.0,1.0,vggt,counter,,,15000,15000,,MCMC,,GT Pcd,,,,,,,,,gsplat,,indoor,28.646669387817383,0.1420818716287613,0.9124764204025269,1000000,0.0,0.0,,,0.8828337088159497,0.14643044831081026,155767,/home/ojab2/work/git/gsplat/results/vggt_outputs/counter_2_n100_s42_c0.0_p100000_random_minfarthestpose_i100_gteval_gtext_gtint_gtpcd_steps15000/stats/val_step14999.json,/home/ojab2/work/git/gsplat/results/vggt_outputs/counter_2_n100_s42_c0.0_p100000_random_minfarthestpose_i100_gteval_gtext_gtint_gtpcd_steps15000/stats/val_step14999.json,counter_2_n100_s42_c0.0_p100000_random_minfarthestpose_i100_gteval_gtext_gtint_gtpcd_steps15000,0.3873,0.030482,100,4.485239,,,,,,,,/home/ojab2/work/git/vggt/vggt_outputs/counter_2_n100_s42_c0.0_p100000_random_minfarthestpose/eval_results.json,counter_2_n100_s42_c0.0_p100000_random_minfarthestpose,counter_2_n100_s42_c0.0_p100000_random_minfarthestpose_i100_gteval_gtext_gtint_gtpcd_steps15000_val_step14999.json,155767,/home/ojab2/work/git/gsplat/results/vggt_outputs/counter_2_n100_s42_c0.0_p100000_random_minfarthestpose_i100_gteval_gtext_gtint_gtpcd_steps15000/stats/config.json,vggt | GT Extrinsics | GT Intrinsics | GT Points
colmap,100,42,,17352,,,,,0,10,farthestpose,100,GT Eval,,,,,False,,,,,0.0,,False,1.0,1.0,colmap,bicycle,,,15000,15000,default,MCMC,,,,,Shared Cam,,,,,,gsplat,,outdoor,21.33245086669922,0.36376556754112244,0.4795043170452118,1000000,0.0017129764892160892,0.09855562448501587,,,0.3573433696410345,0.364192450848629,17352,/home/ojab2/work/git/gsplat/results/colmap_outputs/bicycle_4_n100_s42_default_farthestpose_sharedcam_i100_gteval_steps15000/stats/val_step14999.json,/home/ojab2/work/git/gsplat/results/colmap_outputs/bicycle_4_n100_s42_default_farthestpose_sharedcam_i100_gteval_steps15000/stats/val_step14999.json,bicycle_4_n100_s42_default_farthestpose_sharedcam_i100_gteval_steps15000,0.0986,0.006893,100,1.077433,,,,48.263854026794434,1699,1699,0,/home/ojab2/work/git/vggt/colmap_outputs/bicycle_4_n100_s42_default_farthestpose_sharedcam/eval_results.json,bicycle_4_n100_s42_default_farthestpose_sharedcam,bicycle_4_n100_s42_default_farthestpose_sharedcam_i100_gteval_steps15000_val_step14999.json,17352,,colmap |  |  | 
vggt,100,42,0.0,100000,random,,,,0,10,farthestpose,100,GT Eval,,,,,False,,,,,0.0,,False,1.0,1.0,vggt,bicycle,,,15000,15000,,MCMC,,,,,,,,,,,gsplat,,outdoor,17.558757781982422,0.4272405803203583,0.26381954550743103,1000000,0.015081527642905712,0.7160574197769165,,,0.12214661237092046,0.43426466383817025,100000,/home/ojab2/work/git/gsplat/results/vggt_outputs/bicycle_4_n100_s42_c0.0_p100000_random_farthestpose_i100_gteval_steps15000/stats/val_step14999.json,/home/ojab2/work/git/gsplat/results/vggt_outputs/bicycle_4_n100_s42_c0.0_p100000_random_farthestpose_i100_gteval_steps15000/stats/val_step14999.json,bicycle_4_n100_s42_c0.0_p100000_random_farthestpose_i100_gteval_steps15000,0.7161,0.065623,100,5.788567,,,,,,,,/home/ojab2/work/git/vggt/vggt_outputs/bicycle_4_n100_s42_c0.0_p100000_random_farthestpose/eval_results.json,bicycle_4_n100_s42_c0.0_p100000_random_farthestpose,bicycle_4_n100_s42_c0.0_p100000_random_farthestpose_i100_gteval_steps15000_val_step14999.json,100000,,vggt |  |  | 
colmap,100,42,,54275,,,,,0,10,farthestpose,100,GT Eval,,,GT Points,,False,,,,,0.0,,False,1.0,1.0,colmap,bicycle,,,15000,15000,default,MCMC,,GT Pcd,,,Shared Cam,,,,,,gsplat,,outdoor,21.293115615844727,0.2756120562553406,0.4883056879043579,1000000,0.0017129764892160892,0.09855562448501587,,,0.4161776872793524,0.3327883447129174,54275,/home/ojab2/work/git/gsplat/results/colmap_outputs/bicycle_4_n100_s42_default_farthestpose_sharedcam_i100_gteval_gtpcd_steps15000/stats/val_step14999.json,/home/ojab2/work/git/gsplat/results/colmap_outputs/bicycle_4_n100_s42_default_farthestpose_sharedcam_i100_gteval_gtpcd_steps15000/stats/val_step14999.json,bicycle_4_n100_s42_default_farthestpose_sharedcam_i100_gteval_gtpcd_steps15000,0.0986,0.006893,100,1.077433,,,,48.263854026794434,1699,1699,0,/home/ojab2/work/git/vggt/colmap_outputs/bicycle_4_n100_s42_default_farthestpose_sharedcam/eval_results.json,bicycle_4_n100_s42_default_farthestpose_sharedcam,bicycle_4_n100_s42_default_farthestpose_sharedcam_i100_gteval_gtpcd_steps15000_val_step14999.json,54275,,colmap |  |  | GT Points
vggt,100,42,0.0,100000,random,,,,0,10,farthestpose,100,GT Eval,,,GT Points,,False,,,,,0.0,,False,1.0,1.0,vggt,bicycle,,,15000,15000,,MCMC,,GT Pcd,,,,,,,,,gsplat,,outdoor,17.683635711669922,0.4314960837364197,0.2729337513446808,1000000,0.015081527642905712,0.7160574197769165,,,0.12716225759792515,0.4337414763608419,54275,/home/ojab2/work/git/gsplat/results/vggt_outputs/bicycle_4_n100_s42_c0.0_p100000_random_farthestpose_i100_gteval_gtpcd_steps15000/stats/val_step14999.json,/home/ojab2/work/git/gsplat/results/vggt_outputs/bicycle_4_n100_s42_c0.0_p100000_random_farthestpose_i100_gteval_gtpcd_steps15000/stats/val_step14999.json,bicycle_4_n100_s42_c0.0_p100000_random_farthestpose_i100_gteval_gtpcd_steps15000,0.7161,0.065623,100,5.788567,,,,,,,,/home/ojab2/work/git/vggt/vggt_outputs/bicycle_4_n100_s42_c0.0_p100000_random_farthestpose/eval_results.json,bicycle_4_n100_s42_c0.0_p100000_random_farthestpose,bicycle_4_n100_s42_c0.0_p100000_random_farthestpose_i100_gteval_gtpcd_steps15000_val_step14999.json,54275,,vggt |  |  | GT Points
colmap,100,42,,17352,,,,,0,10,farthestpose,100,GT Eval,,GT Intrinsics,,,False,,,,,0.0,,False,1.0,1.0,colmap,bicycle,,,15000,15000,default,MCMC,,,,,Shared Cam,,,,,,gsplat,,outdoor,21.279211044311523,0.38013240694999695,0.48365065455436707,1000000,0.0017129764892160892,0.09855562448501587,,,0.3486792184920803,0.3687185343191023,17352,/home/ojab2/work/git/gsplat/results/colmap_outputs/bicycle_4_n100_s42_default_farthestpose_sharedcam_i100_gteval_gtint_steps15000/stats/val_step14999.json,/home/ojab2/work/git/gsplat/results/colmap_outputs/bicycle_4_n100_s42_default_farthestpose_sharedcam_i100_gteval_gtint_steps15000/stats/val_step14999.json,bicycle_4_n100_s42_default_farthestpose_sharedcam_i100_gteval_gtint_steps15000,0.0986,0.006893,100,1.077433,,,,48.263854026794434,1699,1699,0,/home/ojab2/work/git/vggt/colmap_outputs/bicycle_4_n100_s42_default_farthestpose_sharedcam/eval_results.json,bicycle_4_n100_s42_default_farthestpose_sharedcam,bicycle_4_n100_s42_default_farthestpose_sharedcam_i100_gteval_gtint_steps15000_val_step14999.json,17352,,colmap |  | GT Intrinsics | 
vggt,100,42,0.0,100000,random,,,,0,10,farthestpose,100,GT Eval,,GT Intrinsics,,,False,,,,,0.0,,False,1.0,1.0,vggt,bicycle,,,15000,15000,,MCMC,,,,,,,,,,,gsplat,,outdoor,17.551815032958984,0.4275909960269928,0.26398521661758423,1000000,0.015081527642905712,0.7160574197769165,,,0.1218986206429589,0.43435864213009456,100000,/home/ojab2/work/git/gsplat/results/vggt_outputs/bicycle_4_n100_s42_c0.0_p100000_random_farthestpose_i100_gteval_gtint_steps15000/stats/val_step14999.json,/home/ojab2/work/git/gsplat/results/vggt_outputs/bicycle_4_n100_s42_c0.0_p100000_random_farthestpose_i100_gteval_gtint_steps15000/stats/val_step14999.json,bicycle_4_n100_s42_c0.0_p100000_random_farthestpose_i100_gteval_gtint_steps15000,0.7161,0.065623,100,5.788567,,,,,,,,/home/ojab2/work/git/vggt/vggt_outputs/bicycle_4_n100_s42_c0.0_p100000_random_farthestpose/eval_results.json,bicycle_4_n100_s42_c0.0_p100000_random_farthestpose,bicycle_4_n100_s42_c0.0_p100000_random_farthestpose_i100_gteval_gtint_steps15000_val_step14999.json,100000,,vggt |  | GT Intrinsics | 
colmap,100,42,,54275,,,,,0,10,farthestpose,100,GT Eval,,GT Intrinsics,GT Points,,False,,,,,0.0,,False,1.0,1.0,colmap,bicycle,,,15000,15000,default,MCMC,,GT Pcd,,,Shared Cam,,,,,,gsplat,,outdoor,21.22120475769043,0.29727211594581604,0.48824718594551086,1000000,0.0017129764892160892,0.09855562448501587,,,0.4014413858327562,0.34006331645370036,54275,/home/ojab2/work/git/gsplat/results/colmap_outputs/bicycle_4_n100_s42_default_farthestpose_sharedcam_i100_gteval_gtint_gtpcd_steps15000/stats/val_step14999.json,/home/ojab2/work/git/gsplat/results/colmap_outputs/bicycle_4_n100_s42_default_farthestpose_sharedcam_i100_gteval_gtint_gtpcd_steps15000/stats/val_step14999.json,bicycle_4_n100_s42_default_farthestpose_sharedcam_i100_gteval_gtint_gtpcd_steps15000,0.0986,0.006893,100,1.077433,,,,48.263854026794434,1699,1699,0,/home/ojab2/work/git/vggt/colmap_outputs/bicycle_4_n100_s42_default_farthestpose_sharedcam/eval_results.json,bicycle_4_n100_s42_default_farthestpose_sharedcam,bicycle_4_n100_s42_default_farthestpose_sharedcam_i100_gteval_gtint_gtpcd_steps15000_val_step14999.json,54275,,colmap |  | GT Intrinsics | GT Points
vggt,100,42,0.0,100000,random,,,,0,10,farthestpose,100,GT Eval,,GT Intrinsics,GT Points,,False,,,,,0.0,,False,1.0,1.0,vggt,bicycle,,,15000,15000,,MCMC,,GT Pcd,,,,,,,,,gsplat,,outdoor,17.684112548828125,0.4335588812828064,0.27386364340782166,1000000,0.015081527642905712,0.7160574197769165,,,0.12644155262506498,0.43424663522524154,54275,/home/ojab2/work/git/gsplat/results/vggt_outputs/bicycle_4_n100_s42_c0.0_p100000_random_farthestpose_i100_gteval_gtint_gtpcd_steps15000/stats/val_step14999.json,/home/ojab2/work/git/gsplat/results/vggt_outputs/bicycle_4_n100_s42_c0.0_p100000_random_farthestpose_i100_gteval_gtint_gtpcd_steps15000/stats/val_step14999.json,bicycle_4_n100_s42_c0.0_p100000_random_farthestpose_i100_gteval_gtint_gtpcd_steps15000,0.7161,0.065623,100,5.788567,,,,,,,,/home/ojab2/work/git/vggt/vggt_outputs/bicycle_4_n100_s42_c0.0_p100000_random_farthestpose/eval_results.json,bicycle_4_n100_s42_c0.0_p100000_random_farthestpose,bicycle_4_n100_s42_c0.0_p100000_random_farthestpose_i100_gteval_gtint_gtpcd_steps15000_val_step14999.json,54275,,vggt |  | GT Intrinsics | GT Points
colmap,100,42,,17352,,,,,0,10,farthestpose,100,GT Eval,GT Extrinsics,,,,False,,,,,0.0,,False,1.0,1.0,colmap,bicycle,,,15000,15000,default,MCMC,,,,,Shared Cam,,,,,,gsplat,,outdoor,22.022933959960938,0.38058966398239136,0.5184711217880249,1000000,0.0,0.0,,,0.382532453986249,0.3602629415539387,17352,/home/ojab2/work/git/gsplat/results/colmap_outputs/bicycle_4_n100_s42_default_farthestpose_sharedcam_i100_gteval_gtext_steps15000/stats/val_step14999.json,/home/ojab2/work/git/gsplat/results/colmap_outputs/bicycle_4_n100_s42_default_farthestpose_sharedcam_i100_gteval_gtext_steps15000/stats/val_step14999.json,bicycle_4_n100_s42_default_farthestpose_sharedcam_i100_gteval_gtext_steps15000,0.0986,0.006893,100,1.077433,,,,48.263854026794434,1699,1699,0,/home/ojab2/work/git/vggt/colmap_outputs/bicycle_4_n100_s42_default_farthestpose_sharedcam/eval_results.json,bicycle_4_n100_s42_default_farthestpose_sharedcam,bicycle_4_n100_s42_default_farthestpose_sharedcam_i100_gteval_gtext_steps15000_val_step14999.json,17352,,colmap | GT Extrinsics |  | 
vggt,100,42,0.0,100000,random,,,,0,10,farthestpose,100,GT Eval,GT Extrinsics,,,,False,,,,,0.0,,False,1.0,1.0,vggt,bicycle,,,15000,15000,,MCMC,,,,,,,,,,,gsplat,,outdoor,20.686031341552734,0.3352315425872803,0.4373089075088501,1000000,0.0,0.0,,,0.3383105552529576,0.36463257574795804,100000,/home/ojab2/work/git/gsplat/results/vggt_outputs/bicycle_4_n100_s42_c0.0_p100000_random_farthestpose_i100_gteval_gtext_steps15000/stats/val_step14999.json,/home/ojab2/work/git/gsplat/results/vggt_outputs/bicycle_4_n100_s42_c0.0_p100000_random_farthestpose_i100_gteval_gtext_steps15000/stats/val_step14999.json,bicycle_4_n100_s42_c0.0_p100000_random_farthestpose_i100_gteval_gtext_steps15000,0.7161,0.065623,100,5.788567,,,,,,,,/home/ojab2/work/git/vggt/vggt_outputs/bicycle_4_n100_s42_c0.0_p100000_random_farthestpose/eval_results.json,bicycle_4_n100_s42_c0.0_p100000_random_farthestpose,bicycle_4_n100_s42_c0.0_p100000_random_farthestpose_i100_gteval_gtext_steps15000_val_step14999.json,100000,,vggt | GT Extrinsics |  | 
colmap,100,42,,54275,,,,,0,10,farthestpose,100,GT Eval,GT Extrinsics,,GT Points,,False,,,,,0.0,,False,1.0,1.0,colmap,bicycle,,,15000,15000,default,MCMC,,GT Pcd,,,Shared Cam,,,,,,gsplat,,outdoor,22.00728416442871,0.30025455355644226,0.5332949757575989,1000000,0.0,0.0,,,0.4405011377449234,0.32990389285155386,54275,/home/ojab2/work/git/gsplat/results/colmap_outputs/bicycle_4_n100_s42_default_farthestpose_sharedcam_i100_gteval_gtext_gtpcd_steps15000/stats/val_step14999.json,/home/ojab2/work/git/gsplat/results/colmap_outputs/bicycle_4_n100_s42_default_farthestpose_sharedcam_i100_gteval_gtext_gtpcd_steps15000/stats/val_step14999.json,bicycle_4_n100_s42_default_farthestpose_sharedcam_i100_gteval_gtext_gtpcd_steps15000,0.0986,0.006893,100,1.077433,,,,48.263854026794434,1699,1699,0,/home/ojab2/work/git/vggt/colmap_outputs/bicycle_4_n100_s42_default_farthestpose_sharedcam/eval_results.json,bicycle_4_n100_s42_default_farthestpose_sharedcam,bicycle_4_n100_s42_default_farthestpose_sharedcam_i100_gteval_gtext_gtpcd_steps15000_val_step14999.json,54275,,colmap | GT Extrinsics |  | GT Points
vggt,100,42,0.0,100000,random,,,,0,10,farthestpose,100,GT Eval,GT Extrinsics,,GT Points,,False,,,,,0.0,,False,1.0,1.0,vggt,bicycle,,,15000,15000,,MCMC,,GT Pcd,,,,,,,,,gsplat,,outdoor,21.154090881347656,0.3393186926841736,0.46837547421455383,1000000,0.0,0.0,,,0.3626229752186756,0.358703648966612,54275,/home/ojab2/work/git/gsplat/results/vggt_outputs/bicycle_4_n100_s42_c0.0_p100000_random_farthestpose_i100_gteval_gtext_gtpcd_steps15000/stats/val_step14999.json,/home/ojab2/work/git/gsplat/results/vggt_outputs/bicycle_4_n100_s42_c0.0_p100000_random_farthestpose_i100_gteval_gtext_gtpcd_steps15000/stats/val_step14999.json,bicycle_4_n100_s42_c0.0_p100000_random_farthestpose_i100_gteval_gtext_gtpcd_steps15000,0.7161,0.065623,100,5.788567,,,,,,,,/home/ojab2/work/git/vggt/vggt_outputs/bicycle_4_n100_s42_c0.0_p100000_random_farthestpose/eval_results.json,bicycle_4_n100_s42_c0.0_p100000_random_farthestpose,bicycle_4_n100_s42_c0.0_p100000_random_farthestpose_i100_gteval_gtext_gtpcd_steps15000_val_step14999.json,54275,,vggt | GT Extrinsics |  | GT Points
colmap,100,42,,17352,,,,,0,10,farthestpose,100,GT Eval,GT Extrinsics,GT Intrinsics,,,False,,,,,0.0,,False,1.0,1.0,colmap,bicycle,,,15000,15000,default,MCMC,,,,,Shared Cam,,,,,,gsplat,,outdoor,22.997255325317383,0.34948840737342834,0.6103905439376831,1000000,0.0,0.0,,,0.4735277968230691,0.3262301614196912,17352,/home/ojab2/work/git/gsplat/results/colmap_outputs/bicycle_4_n100_s42_default_farthestpose_sharedcam_i100_gteval_gtext_gtint_steps15000/stats/val_step14999.json,/home/ojab2/work/git/gsplat/results/colmap_outputs/bicycle_4_n100_s42_default_farthestpose_sharedcam_i100_gteval_gtext_gtint_steps15000/stats/val_step14999.json,bicycle_4_n100_s42_default_farthestpose_sharedcam_i100_gteval_gtext_gtint_steps15000,0.0986,0.006893,100,1.077433,,,,48.263854026794434,1699,1699,0,/home/ojab2/work/git/vggt/colmap_outputs/bicycle_4_n100_s42_default_farthestpose_sharedcam/eval_results.json,bicycle_4_n100_s42_default_farthestpose_sharedcam,bicycle_4_n100_s42_default_farthestpose_sharedcam_i100_gteval_gtext_gtint_steps15000_val_step14999.json,17352,,colmap | GT Extrinsics | GT Intrinsics | 
vggt,100,42,0.0,100000,random,,,,0,10,farthestpose,100,GT Eval,GT Extrinsics,GT Intrinsics,,,False,,,,,0.0,,False,1.0,1.0,vggt,bicycle,,,15000,15000,,MCMC,,,,,,,,,,,gsplat,,outdoor,22.770076751708984,0.2482174187898636,0.6338316798210144,1000000,0.0,0.0,,,0.5455420087149113,0.2862067375847416,100000,/home/ojab2/work/git/gsplat/results/vggt_outputs/bicycle_4_n100_s42_c0.0_p100000_random_farthestpose_i100_gteval_gtext_gtint_steps15000/stats/val_step14999.json,/home/ojab2/work/git/gsplat/results/vggt_outputs/bicycle_4_n100_s42_c0.0_p100000_random_farthestpose_i100_gteval_gtext_gtint_steps15000/stats/val_step14999.json,bicycle_4_n100_s42_c0.0_p100000_random_farthestpose_i100_gteval_gtext_gtint_steps15000,0.7161,0.065623,100,5.788567,,,,,,,,/home/ojab2/work/git/vggt/vggt_outputs/bicycle_4_n100_s42_c0.0_p100000_random_farthestpose/eval_results.json,bicycle_4_n100_s42_c0.0_p100000_random_farthestpose,bicycle_4_n100_s42_c0.0_p100000_random_farthestpose_i100_gteval_gtext_gtint_steps15000_val_step14999.json,100000,,vggt | GT Extrinsics | GT Intrinsics | 
colmap,100,42,,54275,,,,,0,10,farthestpose,100,GT Eval,GT Extrinsics,GT Intrinsics,GT Points,,False,,,,,0.0,,False,1.0,1.0,colmap,bicycle,,,15000,15000,default,MCMC,,GT Pcd,,,Shared Cam,,,,,,gsplat,,outdoor,23.27762222290039,0.24971942603588104,0.6622080206871033,1000000,0.0,0.0,,,0.5706081853391598,0.2785398946327065,54275,/home/ojab2/work/git/gsplat/results/colmap_outputs/bicycle_4_n100_s42_default_farthestpose_sharedcam_i100_gteval_gtext_gtint_gtpcd_steps15000/stats/val_step14999.json,/home/ojab2/work/git/gsplat/results/colmap_outputs/bicycle_4_n100_s42_default_farthestpose_sharedcam_i100_gteval_gtext_gtint_gtpcd_steps15000/stats/val_step14999.json,bicycle_4_n100_s42_default_farthestpose_sharedcam_i100_gteval_gtext_gtint_gtpcd_steps15000,0.0986,0.006893,100,1.077433,,,,48.263854026794434,1699,1699,0,/home/ojab2/work/git/vggt/colmap_outputs/bicycle_4_n100_s42_default_farthestpose_sharedcam/eval_results.json,bicycle_4_n100_s42_default_farthestpose_sharedcam,bicycle_4_n100_s42_default_farthestpose_sharedcam_i100_gteval_gtext_gtint_gtpcd_steps15000_val_step14999.json,54275,,colmap | GT Extrinsics | GT Intrinsics | GT Points
vggt,100,42,0.0,100000,random,,,,0,10,farthestpose,100,GT Eval,GT Extrinsics,GT Intrinsics,GT Points,,False,,,,,0.0,,False,1.0,1.0,vggt,bicycle,,,15000,15000,,MCMC,,GT Pcd,,,,,,,,,gsplat,,outdoor,23.288042068481445,0.25135791301727295,0.6615500450134277,1000000,0.0,0.0,,,0.5694049526298874,0.2792708931231087,54275,/home/ojab2/work/git/gsplat/results/vggt_outputs/bicycle_4_n100_s42_c0.0_p100000_random_farthestpose_i100_gteval_gtext_gtint_gtpcd_steps15000/stats/val_step14999.json,/home/ojab2/work/git/gsplat/results/vggt_outputs/bicycle_4_n100_s42_c0.0_p100000_random_farthestpose_i100_gteval_gtext_gtint_gtpcd_steps15000/stats/val_step14999.json,bicycle_4_n100_s42_c0.0_p100000_random_farthestpose_i100_gteval_gtext_gtint_gtpcd_steps15000,0.7161,0.065623,100,5.788567,,,,,,,,/home/ojab2/work/git/vggt/vggt_outputs/bicycle_4_n100_s42_c0.0_p100000_random_farthestpose/eval_results.json,bicycle_4_n100_s42_c0.0_p100000_random_farthestpose,bicycle_4_n100_s42_c0.0_p100000_random_farthestpose_i100_gteval_gtext_gtint_gtpcd_steps15000_val_step14999.json,54275,,vggt | GT Extrinsics | GT Intrinsics | GT Points
colmap,100,42,,70656,,,,,0,10,farthestpose,100,GT Eval,,,,,False,,,,,0.0,,False,1.0,1.0,colmap,garden,,,15000,15000,default,MCMC,,,,,Shared Cam,,,,,,gsplat,,outdoor,21.593313217163086,0.27146899700164795,0.4668513238430023,1000000,0.0006200820789672434,0.06278770416975021,,,0.41174793437055524,0.3361894244091358,70656,/home/ojab2/work/git/gsplat/results/colmap_outputs/garden_2_n100_s42_default_farthestpose_sharedcam_i100_gteval_steps15000/stats/val_step14999.json,/home/ojab2/work/git/gsplat/results/colmap_outputs/garden_2_n100_s42_default_farthestpose_sharedcam_i100_gteval_steps15000/stats/val_step14999.json,garden_2_n100_s42_default_farthestpose_sharedcam_i100_gteval_steps15000,0.0628,0.002621,100,1.057253,,,,120.1125156879425,10100,10100,0,/home/ojab2/work/git/vggt/colmap_outputs/garden_2_n100_s42_default_farthestpose_sharedcam/eval_results.json,garden_2_n100_s42_default_farthestpose_sharedcam,garden_2_n100_s42_default_farthestpose_sharedcam_i100_gteval_steps15000_val_step14999.json,70656,,colmap |  |  | 
vggt,100,42,0.0,100000,random,,,,0,10,farthestpose,100,GT Eval,,,,,False,,,,,0.0,,False,1.0,1.0,vggt,garden,,,15000,15000,,MCMC,,,,,,,,,,,gsplat,,outdoor,18.581771850585938,0.4816316068172455,0.357485294342041,1000000,0.005971261765807867,0.3733385503292084,,,0.16229190134707794,0.4323545529005117,100000,/home/ojab2/work/git/gsplat/results/vggt_outputs/garden_2_n100_s42_c0.0_p100000_random_farthestpose_i100_gteval_steps15000/stats/val_step14999.json,/home/ojab2/work/git/gsplat/results/vggt_outputs/garden_2_n100_s42_c0.0_p100000_random_farthestpose_i100_gteval_steps15000/stats/val_step14999.json,garden_2_n100_s42_c0.0_p100000_random_farthestpose_i100_gteval_steps15000,0.3733,0.026869,100,6.069829,,,,,,,,/home/ojab2/work/git/vggt/vggt_outputs/garden_2_n100_s42_c0.0_p100000_random_farthestpose/eval_results.json,garden_2_n100_s42_c0.0_p100000_random_farthestpose,garden_2_n100_s42_c0.0_p100000_random_farthestpose_i100_gteval_steps15000_val_step14999.json,100000,,vggt |  |  | 
colmap,100,42,,138766,,,,,0,10,farthestpose,100,GT Eval,,,GT Points,,False,,,,,0.0,,False,1.0,1.0,colmap,garden,,,15000,15000,default,MCMC,,GT Pcd,,,Shared Cam,,,,,,gsplat,,outdoor,21.57794189453125,0.24778573215007782,0.4686927795410156,1000000,0.0006200820789672434,0.06278770416975021,,,0.42715945421603685,0.32788250283693443,138766,/home/ojab2/work/git/gsplat/results/colmap_outputs/garden_2_n100_s42_default_farthestpose_sharedcam_i100_gteval_gtpcd_steps15000/stats/val_step14999.json,/home/ojab2/work/git/gsplat/results/colmap_outputs/garden_2_n100_s42_default_farthestpose_sharedcam_i100_gteval_gtpcd_steps15000/stats/val_step14999.json,garden_2_n100_s42_default_farthestpose_sharedcam_i100_gteval_gtpcd_steps15000,0.0628,0.002621,100,1.057253,,,,120.1125156879425,10100,10100,0,/home/ojab2/work/git/vggt/colmap_outputs/garden_2_n100_s42_default_farthestpose_sharedcam/eval_results.json,garden_2_n100_s42_default_farthestpose_sharedcam,garden_2_n100_s42_default_farthestpose_sharedcam_i100_gteval_gtpcd_steps15000_val_step14999.json,138766,,colmap |  |  | GT Points
vggt,100,42,0.0,100000,random,,,,0,10,farthestpose,100,GT Eval,,,GT Points,,False,,,,,0.0,,False,1.0,1.0,vggt,garden,,,15000,15000,,MCMC,,GT Pcd,,,,,,,,,gsplat,,outdoor,18.739173889160156,0.47060319781303406,0.35681387782096863,1000000,0.005971261765807867,0.3733385503292084,,,0.17162177255201683,0.4286535166095017,138766,/home/ojab2/work/git/gsplat/results/vggt_outputs/garden_2_n100_s42_c0.0_p100000_random_farthestpose_i100_gteval_gtpcd_steps15000/stats/val_step14999.json,/home/ojab2/work/git/gsplat/results/vggt_outputs/garden_2_n100_s42_c0.0_p100000_random_farthestpose_i100_gteval_gtpcd_steps15000/stats/val_step14999.json,garden_2_n100_s42_c0.0_p100000_random_farthestpose_i100_gteval_gtpcd_steps15000,0.3733,0.026869,100,6.069829,,,,,,,,/home/ojab2/work/git/vggt/vggt_outputs/garden_2_n100_s42_c0.0_p100000_random_farthestpose/eval_results.json,garden_2_n100_s42_c0.0_p100000_random_farthestpose,garden_2_n100_s42_c0.0_p100000_random_farthestpose_i100_gteval_gtpcd_steps15000_val_step14999.json,138766,,vggt |  |  | GT Points
colmap,100,42,,70656,,,,,0,10,farthestpose,100,GT Eval,,GT Intrinsics,,,False,,,,,0.0,,False,1.0,1.0,colmap,garden,,,15000,15000,default,MCMC,,,,,Shared Cam,,,,,,gsplat,,outdoor,21.09083366394043,0.27195119857788086,0.43112775683403015,1000000,0.0006200820789672434,0.06278770416975021,,,0.38125412730600555,0.3446554230839598,70656,/home/ojab2/work/git/gsplat/results/colmap_outputs/garden_2_n100_s42_default_farthestpose_sharedcam_i100_gteval_gtint_steps15000/stats/val_step14999.json,/home/ojab2/work/git/gsplat/results/colmap_outputs/garden_2_n100_s42_default_farthestpose_sharedcam_i100_gteval_gtint_steps15000/stats/val_step14999.json,garden_2_n100_s42_default_farthestpose_sharedcam_i100_gteval_gtint_steps15000,0.0628,0.002621,100,1.057253,,,,120.1125156879425,10100,10100,0,/home/ojab2/work/git/vggt/colmap_outputs/garden_2_n100_s42_default_farthestpose_sharedcam/eval_results.json,garden_2_n100_s42_default_farthestpose_sharedcam,garden_2_n100_s42_default_farthestpose_sharedcam_i100_gteval_gtint_steps15000_val_step14999.json,70656,,colmap |  | GT Intrinsics | 
vggt,100,42,0.0,100000,random,,,,0,10,farthestpose,100,GT Eval,,GT Intrinsics,,,False,,,,,0.0,,False,1.0,1.0,vggt,garden,,,15000,15000,,MCMC,,,,,,,,,,,gsplat,,outdoor,18.59803009033203,0.4786947965621948,0.35622650384902954,1000000,0.005971261765807867,0.3733385503292084,,,0.16366969090611075,0.4316199569374855,100000,/home/ojab2/work/git/gsplat/results/vggt_outputs/garden_2_n100_s42_c0.0_p100000_random_farthestpose_i100_gteval_gtint_steps15000/stats/val_step14999.json,/home/ojab2/work/git/gsplat/results/vggt_outputs/garden_2_n100_s42_c0.0_p100000_random_farthestpose_i100_gteval_gtint_steps15000/stats/val_step14999.json,garden_2_n100_s42_c0.0_p100000_random_farthestpose_i100_gteval_gtint_steps15000,0.3733,0.026869,100,6.069829,,,,,,,,/home/ojab2/work/git/vggt/vggt_outputs/garden_2_n100_s42_c0.0_p100000_random_farthestpose/eval_results.json,garden_2_n100_s42_c0.0_p100000_random_farthestpose,garden_2_n100_s42_c0.0_p100000_random_farthestpose_i100_gteval_gtint_steps15000_val_step14999.json,100000,,vggt |  | GT Intrinsics | 
colmap,100,42,,138766,,,,,0,10,farthestpose,100,GT Eval,,GT Intrinsics,GT Points,,False,,,,,0.0,,False,1.0,1.0,colmap,garden,,,15000,15000,default,MCMC,,GT Pcd,,,Shared Cam,,,,,,gsplat,,outdoor,21.047609329223633,0.24840661883354187,0.42902320623397827,1000000,0.0006200820789672434,0.06278770416975021,,,0.39375663651825166,0.33729778765678003,138766,/home/ojab2/work/git/gsplat/results/colmap_outputs/garden_2_n100_s42_default_farthestpose_sharedcam_i100_gteval_gtint_gtpcd_steps15000/stats/val_step14999.json,/home/ojab2/work/git/gsplat/results/colmap_outputs/garden_2_n100_s42_default_farthestpose_sharedcam_i100_gteval_gtint_gtpcd_steps15000/stats/val_step14999.json,garden_2_n100_s42_default_farthestpose_sharedcam_i100_gteval_gtint_gtpcd_steps15000,0.0628,0.002621,100,1.057253,,,,120.1125156879425,10100,10100,0,/home/ojab2/work/git/vggt/colmap_outputs/garden_2_n100_s42_default_farthestpose_sharedcam/eval_results.json,garden_2_n100_s42_default_farthestpose_sharedcam,garden_2_n100_s42_default_farthestpose_sharedcam_i100_gteval_gtint_gtpcd_steps15000_val_step14999.json,138766,,colmap |  | GT Intrinsics | GT Points
vggt,100,42,0.0,100000,random,,,,0,10,farthestpose,100,GT Eval,,GT Intrinsics,GT Points,,False,,,,,0.0,,False,1.0,1.0,vggt,garden,,,15000,15000,,MCMC,,GT Pcd,,,,,,,,,gsplat,,outdoor,18.75043296813965,0.46912217140197754,0.3564438819885254,1000000,0.005971261765807867,0.3733385503292084,,,0.17252811601674733,0.4282251837498941,138766,/home/ojab2/work/git/gsplat/results/vggt_outputs/garden_2_n100_s42_c0.0_p100000_random_farthestpose_i100_gteval_gtint_gtpcd_steps15000/stats/val_step14999.json,/home/ojab2/work/git/gsplat/results/vggt_outputs/garden_2_n100_s42_c0.0_p100000_random_farthestpose_i100_gteval_gtint_gtpcd_steps15000/stats/val_step14999.json,garden_2_n100_s42_c0.0_p100000_random_farthestpose_i100_gteval_gtint_gtpcd_steps15000,0.3733,0.026869,100,6.069829,,,,,,,,/home/ojab2/work/git/vggt/vggt_outputs/garden_2_n100_s42_c0.0_p100000_random_farthestpose/eval_results.json,garden_2_n100_s42_c0.0_p100000_random_farthestpose,garden_2_n100_s42_c0.0_p100000_random_farthestpose_i100_gteval_gtint_gtpcd_steps15000_val_step14999.json,138766,,vggt |  | GT Intrinsics | GT Points
colmap,100,42,,70656,,,,,0,10,farthestpose,100,GT Eval,GT Extrinsics,,,,False,,,,,0.0,,False,1.0,1.0,colmap,garden,,,15000,15000,default,MCMC,,,,,Shared Cam,,,,,,gsplat,,outdoor,24.270122528076172,0.2597138583660126,0.6805086135864258,1000000,0.0,0.0,,,0.593520519057987,0.2762301832437959,70656,/home/ojab2/work/git/gsplat/results/colmap_outputs/garden_2_n100_s42_default_farthestpose_sharedcam_i100_gteval_gtext_steps15000/stats/val_step14999.json,/home/ojab2/work/git/gsplat/results/colmap_outputs/garden_2_n100_s42_default_farthestpose_sharedcam_i100_gteval_gtext_steps15000/stats/val_step14999.json,garden_2_n100_s42_default_farthestpose_sharedcam_i100_gteval_gtext_steps15000,0.0628,0.002621,100,1.057253,,,,120.1125156879425,10100,10100,0,/home/ojab2/work/git/vggt/colmap_outputs/garden_2_n100_s42_default_farthestpose_sharedcam/eval_results.json,garden_2_n100_s42_default_farthestpose_sharedcam,garden_2_n100_s42_default_farthestpose_sharedcam_i100_gteval_gtext_steps15000_val_step14999.json,70656,,colmap | GT Extrinsics |  | 
vggt,100,42,0.0,100000,random,,,,0,10,farthestpose,100,GT Eval,GT Extrinsics,,,,False,,,,,0.0,,False,1.0,1.0,vggt,garden,,,15000,15000,,MCMC,,,,,,,,,,,gsplat,,outdoor,21.52350425720215,0.3675938546657562,0.5155088901519775,1000000,0.0,0.0,,,0.37957356110108686,0.3568963525728635,100000,/home/ojab2/work/git/gsplat/results/vggt_outputs/garden_2_n100_s42_c0.0_p100000_random_farthestpose_i100_gteval_gtext_steps15000/stats/val_step14999.json,/home/ojab2/work/git/gsplat/results/vggt_outputs/garden_2_n100_s42_c0.0_p100000_random_farthestpose_i100_gteval_gtext_steps15000/stats/val_step14999.json,garden_2_n100_s42_c0.0_p100000_random_farthestpose_i100_gteval_gtext_steps15000,0.3733,0.026869,100,6.069829,,,,,,,,/home/ojab2/work/git/vggt/vggt_outputs/garden_2_n100_s42_c0.0_p100000_random_farthestpose/eval_results.json,garden_2_n100_s42_c0.0_p100000_random_farthestpose,garden_2_n100_s42_c0.0_p100000_random_farthestpose_i100_gteval_gtext_steps15000_val_step14999.json,100000,,vggt | GT Extrinsics |  | 
colmap,100,42,,138766,,,,,0,10,farthestpose,100,GT Eval,GT Extrinsics,,GT Points,,False,,,,,0.0,,False,1.0,1.0,colmap,garden,,,15000,15000,default,MCMC,,GT Pcd,,,Shared Cam,,,,,,gsplat,,outdoor,24.479137420654297,0.23532390594482422,0.6960862874984741,1000000,0.0,0.0,,,0.6215564422285192,0.26339094014530656,138766,/home/ojab2/work/git/gsplat/results/colmap_outputs/garden_2_n100_s42_default_farthestpose_sharedcam_i100_gteval_gtext_gtpcd_steps15000/stats/val_step14999.json,/home/ojab2/work/git/gsplat/results/colmap_outputs/garden_2_n100_s42_default_farthestpose_sharedcam_i100_gteval_gtext_gtpcd_steps15000/stats/val_step14999.json,garden_2_n100_s42_default_farthestpose_sharedcam_i100_gteval_gtext_gtpcd_steps15000,0.0628,0.002621,100,1.057253,,,,120.1125156879425,10100,10100,0,/home/ojab2/work/git/vggt/colmap_outputs/garden_2_n100_s42_default_farthestpose_sharedcam/eval_results.json,garden_2_n100_s42_default_farthestpose_sharedcam,garden_2_n100_s42_default_farthestpose_sharedcam_i100_gteval_gtext_gtpcd_steps15000_val_step14999.json,138766,,colmap | GT Extrinsics |  | GT Points
vggt,100,42,0.0,100000,random,,,,0,10,farthestpose,100,GT Eval,GT Extrinsics,,GT Points,,False,,,,,0.0,,False,1.0,1.0,vggt,garden,,,15000,15000,,MCMC,,GT Pcd,,,,,,,,,gsplat,,outdoor,22.115001678466797,0.34568628668785095,0.5266047716140747,1000000,0.0,0.0,,,0.41053922672872806,0.34662273451815695,138766,/home/ojab2/work/git/gsplat/results/vggt_outputs/garden_2_n100_s42_c0.0_p100000_random_farthestpose_i100_gteval_gtext_gtpcd_steps15000/stats/val_step14999.json,/home/ojab2/work/git/gsplat/results/vggt_outputs/garden_2_n100_s42_c0.0_p100000_random_farthestpose_i100_gteval_gtext_gtpcd_steps15000/stats/val_step14999.json,garden_2_n100_s42_c0.0_p100000_random_farthestpose_i100_gteval_gtext_gtpcd_steps15000,0.3733,0.026869,100,6.069829,,,,,,,,/home/ojab2/work/git/vggt/vggt_outputs/garden_2_n100_s42_c0.0_p100000_random_farthestpose/eval_results.json,garden_2_n100_s42_c0.0_p100000_random_farthestpose,garden_2_n100_s42_c0.0_p100000_random_farthestpose_i100_gteval_gtext_gtpcd_steps15000_val_step14999.json,138766,,vggt | GT Extrinsics |  | GT Points
colmap,100,42,,70656,,,,,0,10,farthestpose,100,GT Eval,GT Extrinsics,GT Intrinsics,,,False,,,,,0.0,,False,1.0,1.0,colmap,garden,,,15000,15000,default,MCMC,,,,,Shared Cam,,,,,,gsplat,,outdoor,24.718013763427734,0.24862007796764374,0.7222579717636108,1000000,0.0,0.0,,,0.6330776431290959,0.259668951531331,70656,/home/ojab2/work/git/gsplat/results/colmap_outputs/garden_2_n100_s42_default_farthestpose_sharedcam_i100_gteval_gtext_gtint_steps15000/stats/val_step14999.json,/home/ojab2/work/git/gsplat/results/colmap_outputs/garden_2_n100_s42_default_farthestpose_sharedcam_i100_gteval_gtext_gtint_steps15000/stats/val_step14999.json,garden_2_n100_s42_default_farthestpose_sharedcam_i100_gteval_gtext_gtint_steps15000,0.0628,0.002621,100,1.057253,,,,120.1125156879425,10100,10100,0,/home/ojab2/work/git/vggt/colmap_outputs/garden_2_n100_s42_default_farthestpose_sharedcam/eval_results.json,garden_2_n100_s42_default_farthestpose_sharedcam,garden_2_n100_s42_default_farthestpose_sharedcam_i100_gteval_gtext_gtint_steps15000_val_step14999.json,70656,,colmap | GT Extrinsics | GT Intrinsics | 
vggt,100,42,0.0,100000,random,,,,0,10,farthestpose,100,GT Eval,GT Extrinsics,GT Intrinsics,,,False,,,,,0.0,,False,1.0,1.0,vggt,garden,,,15000,15000,,MCMC,,,,,,,,,,,gsplat,,outdoor,23.761594772338867,0.2492913454771042,0.7079650163650513,1000000,0.0,0.0,,,0.6065933642215431,0.26463322654333676,100000,/home/ojab2/work/git/gsplat/results/vggt_outputs/garden_2_n100_s42_c0.0_p100000_random_farthestpose_i100_gteval_gtext_gtint_steps15000/stats/val_step14999.json,/home/ojab2/work/git/gsplat/results/vggt_outputs/garden_2_n100_s42_c0.0_p100000_random_farthestpose_i100_gteval_gtext_gtint_steps15000/stats/val_step14999.json,garden_2_n100_s42_c0.0_p100000_random_farthestpose_i100_gteval_gtext_gtint_steps15000,0.3733,0.026869,100,6.069829,,,,,,,,/home/ojab2/work/git/vggt/vggt_outputs/garden_2_n100_s42_c0.0_p100000_random_farthestpose/eval_results.json,garden_2_n100_s42_c0.0_p100000_random_farthestpose,garden_2_n100_s42_c0.0_p100000_random_farthestpose_i100_gteval_gtext_gtint_steps15000_val_step14999.json,100000,,vggt | GT Extrinsics | GT Intrinsics | 
colmap,100,42,,138766,,,,,0,10,farthestpose,100,GT Eval,GT Extrinsics,GT Intrinsics,GT Points,,False,,,,,0.0,,False,1.0,1.0,colmap,garden,,,15000,15000,default,MCMC,,GT Pcd,,,Shared Cam,,,,,,gsplat,,outdoor,25.027936935424805,0.22194264829158783,0.740301251411438,1000000,0.0,0.0,,,0.6658361358368373,0.24489703787703415,138766,/home/ojab2/work/git/gsplat/results/colmap_outputs/garden_2_n100_s42_default_farthestpose_sharedcam_i100_gteval_gtext_gtint_gtpcd_steps15000/stats/val_step14999.json,/home/ojab2/work/git/gsplat/results/colmap_outputs/garden_2_n100_s42_default_farthestpose_sharedcam_i100_gteval_gtext_gtint_gtpcd_steps15000/stats/val_step14999.json,garden_2_n100_s42_default_farthestpose_sharedcam_i100_gteval_gtext_gtint_gtpcd_steps15000,0.0628,0.002621,100,1.057253,,,,120.1125156879425,10100,10100,0,/home/ojab2/work/git/vggt/colmap_outputs/garden_2_n100_s42_default_farthestpose_sharedcam/eval_results.json,garden_2_n100_s42_default_farthestpose_sharedcam,garden_2_n100_s42_default_farthestpose_sharedcam_i100_gteval_gtext_gtint_gtpcd_steps15000_val_step14999.json,138766,,colmap | GT Extrinsics | GT Intrinsics | GT Points
vggt,100,42,0.0,100000,random,,,,0,10,farthestpose,100,GT Eval,GT Extrinsics,GT Intrinsics,GT Points,,False,,,,,0.0,,False,1.0,1.0,vggt,garden,,,15000,15000,,MCMC,,GT Pcd,,,,,,,,,gsplat,,outdoor,25.02545166015625,0.22222650051116943,0.740148663520813,1000000,0.0,0.0,,,0.6655256621166822,0.24504215130106616,138766,/home/ojab2/work/git/gsplat/results/vggt_outputs/garden_2_n100_s42_c0.0_p100000_random_farthestpose_i100_gteval_gtext_gtint_gtpcd_steps15000/stats/val_step14999.json,/home/ojab2/work/git/gsplat/results/vggt_outputs/garden_2_n100_s42_c0.0_p100000_random_farthestpose_i100_gteval_gtext_gtint_gtpcd_steps15000/stats/val_step14999.json,garden_2_n100_s42_c0.0_p100000_random_farthestpose_i100_gteval_gtext_gtint_gtpcd_steps15000,0.3733,0.026869,100,6.069829,,,,,,,,/home/ojab2/work/git/vggt/vggt_outputs/garden_2_n100_s42_c0.0_p100000_random_farthestpose/eval_results.json,garden_2_n100_s42_c0.0_p100000_random_farthestpose,garden_2_n100_s42_c0.0_p100000_random_farthestpose_i100_gteval_gtext_gtint_gtpcd_steps15000_val_step14999.json,138766,,vggt | GT Extrinsics | GT Intrinsics | GT Points
colmap,100,42,,19683,,,,,0,10,farthestpose,100,GT Eval,,,,,False,,,,,0.0,,False,1.0,1.0,colmap,stump,,,15000,15000,default,MCMC,,,,,Shared Cam,,,,,,gsplat,,outdoor,25.253517150878906,0.34493592381477356,0.7209020853042603,1000000,0.0005273927235975862,0.02191883511841297,,,0.5827472306366783,0.2920720245860316,19683,/home/ojab2/work/git/gsplat/results/colmap_outputs/stump_2_n100_s42_default_farthestpose_sharedcam_i100_gteval_steps15000/stats/val_step14999.json,/home/ojab2/work/git/gsplat/results/colmap_outputs/stump_2_n100_s42_default_farthestpose_sharedcam_i100_gteval_steps15000/stats/val_step14999.json,stump_2_n100_s42_default_farthestpose_sharedcam_i100_gteval_steps15000,0.0219,0.002013,100,0.977613,,,,51.79742503166199,9836,9836,0,/home/ojab2/work/git/vggt/colmap_outputs/stump_2_n100_s42_default_farthestpose_sharedcam/eval_results.json,stump_2_n100_s42_default_farthestpose_sharedcam,stump_2_n100_s42_default_farthestpose_sharedcam_i100_gteval_steps15000_val_step14999.json,19683,,colmap |  |  | 
vggt,100,42,0.0,100000,random,,,,0,10,farthestpose,100,GT Eval,,,,,False,,,,,0.0,,False,1.0,1.0,vggt,stump,,,15000,15000,,MCMC,,,,,,,,,,,gsplat,,outdoor,18.643842697143555,0.5296376943588257,0.4123508930206299,1000000,0.04037195071578026,0.8558043837547302,,,0.16589311952324493,0.43662854415015406,100000,/home/ojab2/work/git/gsplat/results/vggt_outputs/stump_2_n100_s42_c0.0_p100000_random_farthestpose_i100_gteval_steps15000/stats/val_step14999.json,/home/ojab2/work/git/gsplat/results/vggt_outputs/stump_2_n100_s42_c0.0_p100000_random_farthestpose_i100_gteval_steps15000/stats/val_step14999.json,stump_2_n100_s42_c0.0_p100000_random_farthestpose_i100_gteval_steps15000,0.8558,0.162829,100,4.685178,,,,,,,,/home/ojab2/work/git/vggt/vggt_outputs/stump_2_n100_s42_c0.0_p100000_random_farthestpose/eval_results.json,stump_2_n100_s42_c0.0_p100000_random_farthestpose,stump_2_n100_s42_c0.0_p100000_random_farthestpose_i100_gteval_steps15000_val_step14999.json,100000,,vggt |  |  | 
colmap,100,42,,32049,,,,,0,10,farthestpose,100,GT Eval,,,GT Points,,False,,,,,0.0,,False,1.0,1.0,colmap,stump,,,15000,15000,default,MCMC,,GT Pcd,,,Shared Cam,,,,,,gsplat,,outdoor,25.57315444946289,0.3145143389701843,0.7365225553512573,1000000,0.0005273927235975862,0.02191883511841297,,,0.6165799737518836,0.27686206190440477,32049,/home/ojab2/work/git/gsplat/results/colmap_outputs/stump_2_n100_s42_default_farthestpose_sharedcam_i100_gteval_gtpcd_steps15000/stats/val_step14999.json,/home/ojab2/work/git/gsplat/results/colmap_outputs/stump_2_n100_s42_default_farthestpose_sharedcam_i100_gteval_gtpcd_steps15000/stats/val_step14999.json,stump_2_n100_s42_default_farthestpose_sharedcam_i100_gteval_gtpcd_steps15000,0.0219,0.002013,100,0.977613,,,,51.79742503166199,9836,9836,0,/home/ojab2/work/git/vggt/colmap_outputs/stump_2_n100_s42_default_farthestpose_sharedcam/eval_results.json,stump_2_n100_s42_default_farthestpose_sharedcam,stump_2_n100_s42_default_farthestpose_sharedcam_i100_gteval_gtpcd_steps15000_val_step14999.json,32049,,colmap |  |  | GT Points
vggt,100,42,0.0,100000,random,,,,0,10,farthestpose,100,GT Eval,,,GT Points,,False,,,,,0.0,,False,1.0,1.0,vggt,stump,,,15000,15000,,MCMC,,GT Pcd,,,,,,,,,gsplat,,outdoor,18.821762084960938,0.5614203810691833,0.43133628368377686,1000000,0.04037195071578026,0.8558043837547302,,,0.16067154822681073,0.44287833527970816,32049,/home/ojab2/work/git/gsplat/results/vggt_outputs/stump_2_n100_s42_c0.0_p100000_random_farthestpose_i100_gteval_gtpcd_steps15000/stats/val_step14999.json,/home/ojab2/work/git/gsplat/results/vggt_outputs/stump_2_n100_s42_c0.0_p100000_random_farthestpose_i100_gteval_gtpcd_steps15000/stats/val_step14999.json,stump_2_n100_s42_c0.0_p100000_random_farthestpose_i100_gteval_gtpcd_steps15000,0.8558,0.162829,100,4.685178,,,,,,,,/home/ojab2/work/git/vggt/vggt_outputs/stump_2_n100_s42_c0.0_p100000_random_farthestpose/eval_results.json,stump_2_n100_s42_c0.0_p100000_random_farthestpose,stump_2_n100_s42_c0.0_p100000_random_farthestpose_i100_gteval_gtpcd_steps15000_val_step14999.json,32049,,vggt |  |  | GT Points
colmap,100,42,,19683,,,,,0,10,farthestpose,100,GT Eval,,GT Intrinsics,,,False,,,,,0.0,,False,1.0,1.0,colmap,stump,,,15000,15000,default,MCMC,,,,,Shared Cam,,,,,,gsplat,,outdoor,25.215248107910156,0.3424574136734009,0.7198479175567627,1000000,0.0005273927235975862,0.02191883511841297,,,0.5829520168205296,0.2915869093405091,19683,/home/ojab2/work/git/gsplat/results/colmap_outputs/stump_2_n100_s42_default_farthestpose_sharedcam_i100_gteval_gtint_steps15000/stats/val_step14999.json,/home/ojab2/work/git/gsplat/results/colmap_outputs/stump_2_n100_s42_default_farthestpose_sharedcam_i100_gteval_gtint_steps15000/stats/val_step14999.json,stump_2_n100_s42_default_farthestpose_sharedcam_i100_gteval_gtint_steps15000,0.0219,0.002013,100,0.977613,,,,51.79742503166199,9836,9836,0,/home/ojab2/work/git/vggt/colmap_outputs/stump_2_n100_s42_default_farthestpose_sharedcam/eval_results.json,stump_2_n100_s42_default_farthestpose_sharedcam,stump_2_n100_s42_default_farthestpose_sharedcam_i100_gteval_gtint_steps15000_val_step14999.json,19683,,colmap |  | GT Intrinsics | 
vggt,100,42,0.0,100000,random,,,,0,10,farthestpose,100,GT Eval,,GT Intrinsics,,,False,,,,,0.0,,False,1.0,1.0,vggt,stump,,,15000,15000,,MCMC,,,,,,,,,,,gsplat,,outdoor,18.72567367553711,0.5360805988311768,0.41339316964149475,1000000,0.04037195071578026,0.8558043837547302,,,0.16404092497760558,0.43846444748187713,100000,/home/ojab2/work/git/gsplat/results/vggt_outputs/stump_2_n100_s42_c0.0_p100000_random_farthestpose_i100_gteval_gtint_steps15000/stats/val_step14999.json,/home/ojab2/work/git/gsplat/results/vggt_outputs/stump_2_n100_s42_c0.0_p100000_random_farthestpose_i100_gteval_gtint_steps15000/stats/val_step14999.json,stump_2_n100_s42_c0.0_p100000_random_farthestpose_i100_gteval_gtint_steps15000,0.8558,0.162829,100,4.685178,,,,,,,,/home/ojab2/work/git/vggt/vggt_outputs/stump_2_n100_s42_c0.0_p100000_random_farthestpose/eval_results.json,stump_2_n100_s42_c0.0_p100000_random_farthestpose,stump_2_n100_s42_c0.0_p100000_random_farthestpose_i100_gteval_gtint_steps15000_val_step14999.json,100000,,vggt |  | GT Intrinsics | 
colmap,100,42,,32049,,,,,0,10,farthestpose,100,GT Eval,,GT Intrinsics,GT Points,,False,,,,,0.0,,False,1.0,1.0,colmap,stump,,,15000,15000,default,MCMC,,GT Pcd,,,Shared Cam,,,,,,gsplat,,outdoor,25.50511932373047,0.3140367865562439,0.7357770204544067,1000000,0.0005273927235975862,0.02191883511841297,,,0.6151788641370063,0.27695936441659297,32049,/home/ojab2/work/git/gsplat/results/colmap_outputs/stump_2_n100_s42_default_farthestpose_sharedcam_i100_gteval_gtint_gtpcd_steps15000/stats/val_step14999.json,/home/ojab2/work/git/gsplat/results/colmap_outputs/stump_2_n100_s42_default_farthestpose_sharedcam_i100_gteval_gtint_gtpcd_steps15000/stats/val_step14999.json,stump_2_n100_s42_default_farthestpose_sharedcam_i100_gteval_gtint_gtpcd_steps15000,0.0219,0.002013,100,0.977613,,,,51.79742503166199,9836,9836,0,/home/ojab2/work/git/vggt/colmap_outputs/stump_2_n100_s42_default_farthestpose_sharedcam/eval_results.json,stump_2_n100_s42_default_farthestpose_sharedcam,stump_2_n100_s42_default_farthestpose_sharedcam_i100_gteval_gtint_gtpcd_steps15000_val_step14999.json,32049,,colmap |  | GT Intrinsics | GT Points
vggt,100,42,0.0,100000,random,,,,0,10,farthestpose,100,GT Eval,,GT Intrinsics,GT Points,,False,,,,,0.0,,False,1.0,1.0,vggt,stump,,,15000,15000,,MCMC,,GT Pcd,,,,,,,,,gsplat,,outdoor,18.862804412841797,0.5688371658325195,0.43381816148757935,1000000,0.04037195071578026,0.8558043837547302,,,0.15830471966466478,0.44476034137856063,32049,/home/ojab2/work/git/gsplat/results/vggt_outputs/stump_2_n100_s42_c0.0_p100000_random_farthestpose_i100_gteval_gtint_gtpcd_steps15000/stats/val_step14999.json,/home/ojab2/work/git/gsplat/results/vggt_outputs/stump_2_n100_s42_c0.0_p100000_random_farthestpose_i100_gteval_gtint_gtpcd_steps15000/stats/val_step14999.json,stump_2_n100_s42_c0.0_p100000_random_farthestpose_i100_gteval_gtint_gtpcd_steps15000,0.8558,0.162829,100,4.685178,,,,,,,,/home/ojab2/work/git/vggt/vggt_outputs/stump_2_n100_s42_c0.0_p100000_random_farthestpose/eval_results.json,stump_2_n100_s42_c0.0_p100000_random_farthestpose,stump_2_n100_s42_c0.0_p100000_random_farthestpose_i100_gteval_gtint_gtpcd_steps15000_val_step14999.json,32049,,vggt |  | GT Intrinsics | GT Points
colmap,100,42,,19683,,,,,0,10,farthestpose,100,GT Eval,GT Extrinsics,,,,False,,,,,0.0,,False,1.0,1.0,colmap,stump,,,15000,15000,default,MCMC,,,,,Shared Cam,,,,,,gsplat,,outdoor,25.455684661865234,0.34212732315063477,0.7342187166213989,1000000,0.0,0.0,,,0.5960122812406207,0.2868381366991869,19683,/home/ojab2/work/git/gsplat/results/colmap_outputs/stump_2_n100_s42_default_farthestpose_sharedcam_i100_gteval_gtext_steps15000/stats/val_step14999.json,/home/ojab2/work/git/gsplat/results/colmap_outputs/stump_2_n100_s42_default_farthestpose_sharedcam_i100_gteval_gtext_steps15000/stats/val_step14999.json,stump_2_n100_s42_default_farthestpose_sharedcam_i100_gteval_gtext_steps15000,0.0219,0.002013,100,0.977613,,,,51.79742503166199,9836,9836,0,/home/ojab2/work/git/vggt/colmap_outputs/stump_2_n100_s42_default_farthestpose_sharedcam/eval_results.json,stump_2_n100_s42_default_farthestpose_sharedcam,stump_2_n100_s42_default_farthestpose_sharedcam_i100_gteval_gtext_steps15000_val_step14999.json,19683,,colmap | GT Extrinsics |  | 
vggt,100,42,0.0,100000,random,,,,0,10,farthestpose,100,GT Eval,GT Extrinsics,,,,False,,,,,0.0,,False,1.0,1.0,vggt,stump,,,15000,15000,,MCMC,,,,,,,,,,,gsplat,,outdoor,21.081771850585938,0.44583290815353394,0.5003362894058228,1000000,0.0,0.0,,,0.31422475338601846,0.3868323256661329,100000,/home/ojab2/work/git/gsplat/results/vggt_outputs/stump_2_n100_s42_c0.0_p100000_random_farthestpose_i100_gteval_gtext_steps15000/stats/val_step14999.json,/home/ojab2/work/git/gsplat/results/vggt_outputs/stump_2_n100_s42_c0.0_p100000_random_farthestpose_i100_gteval_gtext_steps15000/stats/val_step14999.json,stump_2_n100_s42_c0.0_p100000_random_farthestpose_i100_gteval_gtext_steps15000,0.8558,0.162829,100,4.685178,,,,,,,,/home/ojab2/work/git/vggt/vggt_outputs/stump_2_n100_s42_c0.0_p100000_random_farthestpose/eval_results.json,stump_2_n100_s42_c0.0_p100000_random_farthestpose,stump_2_n100_s42_c0.0_p100000_random_farthestpose_i100_gteval_gtext_steps15000_val_step14999.json,100000,,vggt | GT Extrinsics |  | 
colmap,100,42,,32049,,,,,0,10,farthestpose,100,GT Eval,GT Extrinsics,,GT Points,,False,,,,,0.0,,False,1.0,1.0,colmap,stump,,,15000,15000,default,MCMC,,GT Pcd,,,Shared Cam,,,,,,gsplat,,outdoor,25.847457885742188,0.3126147389411926,0.7509654760360718,1000000,0.0,0.0,,,0.6312784120740635,0.2714166703172998,32049,/home/ojab2/work/git/gsplat/results/colmap_outputs/stump_2_n100_s42_default_farthestpose_sharedcam_i100_gteval_gtext_gtpcd_steps15000/stats/val_step14999.json,/home/ojab2/work/git/gsplat/results/colmap_outputs/stump_2_n100_s42_default_farthestpose_sharedcam_i100_gteval_gtext_gtpcd_steps15000/stats/val_step14999.json,stump_2_n100_s42_default_farthestpose_sharedcam_i100_gteval_gtext_gtpcd_steps15000,0.0219,0.002013,100,0.977613,,,,51.79742503166199,9836,9836,0,/home/ojab2/work/git/vggt/colmap_outputs/stump_2_n100_s42_default_farthestpose_sharedcam/eval_results.json,stump_2_n100_s42_default_farthestpose_sharedcam,stump_2_n100_s42_default_farthestpose_sharedcam_i100_gteval_gtext_gtpcd_steps15000_val_step14999.json,32049,,colmap | GT Extrinsics |  | GT Points
vggt,100,42,0.0,100000,random,,,,0,10,farthestpose,100,GT Eval,GT Extrinsics,,GT Points,,False,,,,,0.0,,False,1.0,1.0,vggt,stump,,,15000,15000,,MCMC,,GT Pcd,,,,,,,,,gsplat,,outdoor,21.53493309020996,0.4721931219100952,0.5275106430053711,1000000,0.0,0.0,,,0.3222363261606416,0.3888648253651167,32049,/home/ojab2/work/git/gsplat/results/vggt_outputs/stump_2_n100_s42_c0.0_p100000_random_farthestpose_i100_gteval_gtext_gtpcd_steps15000/stats/val_step14999.json,/home/ojab2/work/git/gsplat/results/vggt_outputs/stump_2_n100_s42_c0.0_p100000_random_farthestpose_i100_gteval_gtext_gtpcd_steps15000/stats/val_step14999.json,stump_2_n100_s42_c0.0_p100000_random_farthestpose_i100_gteval_gtext_gtpcd_steps15000,0.8558,0.162829,100,4.685178,,,,,,,,/home/ojab2/work/git/vggt/vggt_outputs/stump_2_n100_s42_c0.0_p100000_random_farthestpose/eval_results.json,stump_2_n100_s42_c0.0_p100000_random_farthestpose,stump_2_n100_s42_c0.0_p100000_random_farthestpose_i100_gteval_gtext_gtpcd_steps15000_val_step14999.json,32049,,vggt | GT Extrinsics |  | GT Points
colmap,100,42,,19683,,,,,0,10,farthestpose,100,GT Eval,GT Extrinsics,GT Intrinsics,,,False,,,,,0.0,,False,1.0,1.0,colmap,stump,,,15000,15000,default,MCMC,,,,,Shared Cam,,,,,,gsplat,,outdoor,25.439922332763672,0.34192585945129395,0.7329229712486267,1000000,0.0,0.0,,,0.5950870007334629,0.28719281974388694,19683,/home/ojab2/work/git/gsplat/results/colmap_outputs/stump_2_n100_s42_default_farthestpose_sharedcam_i100_gteval_gtext_gtint_steps15000/stats/val_step14999.json,/home/ojab2/work/git/gsplat/results/colmap_outputs/stump_2_n100_s42_default_farthestpose_sharedcam_i100_gteval_gtext_gtint_steps15000/stats/val_step14999.json,stump_2_n100_s42_default_farthestpose_sharedcam_i100_gteval_gtext_gtint_steps15000,0.0219,0.002013,100,0.977613,,,,51.79742503166199,9836,9836,0,/home/ojab2/work/git/vggt/colmap_outputs/stump_2_n100_s42_default_farthestpose_sharedcam/eval_results.json,stump_2_n100_s42_default_farthestpose_sharedcam,stump_2_n100_s42_default_farthestpose_sharedcam_i100_gteval_gtext_gtint_steps15000_val_step14999.json,19683,,colmap | GT Extrinsics | GT Intrinsics | 
vggt,100,42,0.0,100000,random,,,,0,10,farthestpose,100,GT Eval,GT Extrinsics,GT Intrinsics,,,False,,,,,0.0,,False,1.0,1.0,vggt,stump,,,15000,15000,,MCMC,,,,,,,,,,,gsplat,,outdoor,25.891002655029297,0.27623826265335083,0.7545574903488159,1000000,0.0,0.0,,,0.6566400048483341,0.258078512169103,100000,/home/ojab2/work/git/gsplat/results/vggt_outputs/stump_2_n100_s42_c0.0_p100000_random_farthestpose_i100_gteval_gtext_gtint_steps15000/stats/val_step14999.json,/home/ojab2/work/git/gsplat/results/vggt_outputs/stump_2_n100_s42_c0.0_p100000_random_farthestpose_i100_gteval_gtext_gtint_steps15000/stats/val_step14999.json,stump_2_n100_s42_c0.0_p100000_random_farthestpose_i100_gteval_gtext_gtint_steps15000,0.8558,0.162829,100,4.685178,,,,,,,,/home/ojab2/work/git/vggt/vggt_outputs/stump_2_n100_s42_c0.0_p100000_random_farthestpose/eval_results.json,stump_2_n100_s42_c0.0_p100000_random_farthestpose,stump_2_n100_s42_c0.0_p100000_random_farthestpose_i100_gteval_gtext_gtint_steps15000_val_step14999.json,100000,,vggt | GT Extrinsics | GT Intrinsics | 
colmap,100,42,,32049,,,,,0,10,farthestpose,100,GT Eval,GT Extrinsics,GT Intrinsics,GT Points,,False,,,,,0.0,,False,1.0,1.0,colmap,stump,,,15000,15000,default,MCMC,,GT Pcd,,,Shared Cam,,,,,,gsplat,,outdoor,25.730247497558594,0.3119770884513855,0.7502245306968689,1000000,0.0,0.0,,,0.6290681593754293,0.2714751204668086,32049,/home/ojab2/work/git/gsplat/results/colmap_outputs/stump_2_n100_s42_default_farthestpose_sharedcam_i100_gteval_gtext_gtint_gtpcd_steps15000/stats/val_step14999.json,/home/ojab2/work/git/gsplat/results/colmap_outputs/stump_2_n100_s42_default_farthestpose_sharedcam_i100_gteval_gtext_gtint_gtpcd_steps15000/stats/val_step14999.json,stump_2_n100_s42_default_farthestpose_sharedcam_i100_gteval_gtext_gtint_gtpcd_steps15000,0.0219,0.002013,100,0.977613,,,,51.79742503166199,9836,9836,0,/home/ojab2/work/git/vggt/colmap_outputs/stump_2_n100_s42_default_farthestpose_sharedcam/eval_results.json,stump_2_n100_s42_default_farthestpose_sharedcam,stump_2_n100_s42_default_farthestpose_sharedcam_i100_gteval_gtext_gtint_gtpcd_steps15000_val_step14999.json,32049,,colmap | GT Extrinsics | GT Intrinsics | GT Points
vggt,100,42,0.0,100000,random,,,,0,10,farthestpose,100,GT Eval,GT Extrinsics,GT Intrinsics,GT Points,,False,,,,,0.0,,False,1.0,1.0,vggt,stump,,,15000,15000,,MCMC,,GT Pcd,,,,,,,,,gsplat,,outdoor,25.761587142944336,0.3115990459918976,0.7504220008850098,1000000,0.0,0.0,,,0.6299973623639503,0.27127683415896264,32049,/home/ojab2/work/git/gsplat/results/vggt_outputs/stump_2_n100_s42_c0.0_p100000_random_farthestpose_i100_gteval_gtext_gtint_gtpcd_steps15000/stats/val_step14999.json,/home/ojab2/work/git/gsplat/results/vggt_outputs/stump_2_n100_s42_c0.0_p100000_random_farthestpose_i100_gteval_gtext_gtint_gtpcd_steps15000/stats/val_step14999.json,stump_2_n100_s42_c0.0_p100000_random_farthestpose_i100_gteval_gtext_gtint_gtpcd_steps15000,0.8558,0.162829,100,4.685178,,,,,,,,/home/ojab2/work/git/vggt/vggt_outputs/stump_2_n100_s42_c0.0_p100000_random_farthestpose/eval_results.json,stump_2_n100_s42_c0.0_p100000_random_farthestpose,stump_2_n100_s42_c0.0_p100000_random_farthestpose_i100_gteval_gtext_gtint_gtpcd_steps15000_val_step14999.json,32049,,vggt | GT Extrinsics | GT Intrinsics | GT Points
colmap,87,42,,10313,,,,,0,10,farthestpose,87,GT Eval,,,,,False,,,,,0.0,,False,1.0,1.0,colmap,lego,pinhole,,15000,15000,default,MCMC,,,,,Shared Cam,,,,,,gsplat,,synthetic,22.786890029907227,0.06574113667011261,0.8507940173149109,1000000,0.11692719161510468,10.478508949279785,0.02123933658003807,0.0218884889036417,0.7853716059773675,0.15242566000284324,10313,/home/ojab2/work/git/gsplat/results/colmap_outputs/lego_1_n87_s42_default_mpinhole_farthestpose_sharedcam_i87_gteval_steps15000/stats/val_step14999.json,/home/ojab2/work/git/gsplat/results/colmap_outputs/lego_1_n87_s42_default_mpinhole_farthestpose_sharedcam_i87_gteval_steps15000/stats/val_step14999.json,lego_1_n87_s42_default_mpinhole_farthestpose_sharedcam_i87_gteval_steps15000,10.4784,0.403756,87,0.885202,,,,47.262017250061035,6778,6778,0,/home/ojab2/work/git/vggt/colmap_outputs/lego_1_n87_s42_default_mpinhole_farthestpose_sharedcam/eval_results.json,lego_1_n87_s42_default_mpinhole_farthestpose_sharedcam,lego_1_n87_s42_default_mpinhole_farthestpose_sharedcam_i87_gteval_steps15000_val_step14999.json,10313,,colmap |  |  | 
vggt,87,42,0.0,100000,random,,,,0,10,farthestpose,87,GT Eval,,,,,False,,,,,0.0,,False,1.0,1.0,vggt,lego,,,15000,15000,,MCMC,,,,,,,,,,,gsplat,,synthetic,20.5725154876709,0.09495189040899277,0.7736919522285461,1000000,0.00519891083240509,0.29695671796798706,0.08478271961212158,0.019924363121390343,0.681244413590493,0.1931450915679226,100000,/home/ojab2/work/git/gsplat/results/vggt_outputs/lego_1_n87_s42_c0.0_p100000_random_farthestpose_i87_gteval_steps15000/stats/val_step14999.json,/home/ojab2/work/git/gsplat/results/vggt_outputs/lego_1_n87_s42_c0.0_p100000_random_farthestpose_i87_gteval_steps15000/stats/val_step14999.json,lego_1_n87_s42_c0.0_p100000_random_farthestpose_i87_gteval_steps15000,0.2976,0.018838,87,4.04904,0.0478,0.0135,0.118,,,,,/home/ojab2/work/git/vggt/vggt_outputs/lego_1_n87_s42_c0.0_p100000_random_farthestpose/eval_results.json,lego_1_n87_s42_c0.0_p100000_random_farthestpose,lego_1_n87_s42_c0.0_p100000_random_farthestpose_i87_gteval_steps15000_val_step14999.json,100000,,vggt |  |  | 
colmap,87,42,,10313,,,,,0,10,farthestpose,87,GT Eval,,GT Intrinsics,,,False,,,,,0.0,,False,1.0,1.0,colmap,lego,pinhole,,15000,15000,default,MCMC,,,,,Shared Cam,,,,,,gsplat,,synthetic,23.624719619750977,0.06031637266278267,0.8512656688690186,1000000,0.11692719161510468,10.478508949279785,0.020844323560595512,0.0214671790599823,0.804511408132148,0.1501058857483752,10313,/home/ojab2/work/git/gsplat/results/colmap_outputs/lego_1_n87_s42_default_mpinhole_farthestpose_sharedcam_i87_gteval_gtint_steps15000/stats/val_step14999.json,/home/ojab2/work/git/gsplat/results/colmap_outputs/lego_1_n87_s42_default_mpinhole_farthestpose_sharedcam_i87_gteval_gtint_steps15000/stats/val_step14999.json,lego_1_n87_s42_default_mpinhole_farthestpose_sharedcam_i87_gteval_gtint_steps15000,10.4784,0.403756,87,0.885202,,,,47.262017250061035,6778,6778,0,/home/ojab2/work/git/vggt/colmap_outputs/lego_1_n87_s42_default_mpinhole_farthestpose_sharedcam/eval_results.json,lego_1_n87_s42_default_mpinhole_farthestpose_sharedcam,lego_1_n87_s42_default_mpinhole_farthestpose_sharedcam_i87_gteval_gtint_steps15000_val_step14999.json,10313,,colmap |  | GT Intrinsics | 
vggt,87,42,0.0,100000,random,,,,0,10,farthestpose,87,GT Eval,,GT Intrinsics,,,False,,,,,0.0,,False,1.0,1.0,vggt,lego,,,15000,15000,,MCMC,,,,,,,,,,,gsplat,,synthetic,20.92620849609375,0.09569153189659119,0.7787125110626221,1000000,0.00519891083240509,0.29695671796798706,0.0868031457066536,0.020408853888511658,0.69027371461551,0.19139432476893514,100000,/home/ojab2/work/git/gsplat/results/vggt_outputs/lego_1_n87_s42_c0.0_p100000_random_farthestpose_i87_gteval_gtint_steps15000/stats/val_step14999.json,/home/ojab2/work/git/gsplat/results/vggt_outputs/lego_1_n87_s42_c0.0_p100000_random_farthestpose_i87_gteval_gtint_steps15000/stats/val_step14999.json,lego_1_n87_s42_c0.0_p100000_random_farthestpose_i87_gteval_gtint_steps15000,0.2976,0.018838,87,4.04904,0.0478,0.0135,0.118,,,,,/home/ojab2/work/git/vggt/vggt_outputs/lego_1_n87_s42_c0.0_p100000_random_farthestpose/eval_results.json,lego_1_n87_s42_c0.0_p100000_random_farthestpose,lego_1_n87_s42_c0.0_p100000_random_farthestpose_i87_gteval_gtint_steps15000_val_step14999.json,100000,,vggt |  | GT Intrinsics | 
colmap,87,42,,10313,,,,,0,10,farthestpose,87,GT Eval,GT Extrinsics,,,,False,,,,,0.0,,False,1.0,1.0,colmap,lego,pinhole,,15000,15000,default,MCMC,,,,,Shared Cam,,,,,,gsplat,,synthetic,24.548786163330078,0.050848063081502914,0.8897243738174438,1000000,0.0,0.0,0.01825157180428505,0.018820462748408318,0.8499588578058344,0.1288114344897566,10313,/home/ojab2/work/git/gsplat/results/colmap_outputs/lego_1_n87_s42_default_mpinhole_farthestpose_sharedcam_i87_gteval_gtext_steps15000/stats/val_step14999.json,/home/ojab2/work/git/gsplat/results/colmap_outputs/lego_1_n87_s42_default_mpinhole_farthestpose_sharedcam_i87_gteval_gtext_steps15000/stats/val_step14999.json,lego_1_n87_s42_default_mpinhole_farthestpose_sharedcam_i87_gteval_gtext_steps15000,10.4784,0.403756,87,0.885202,,,,47.262017250061035,6778,6778,0,/home/ojab2/work/git/vggt/colmap_outputs/lego_1_n87_s42_default_mpinhole_farthestpose_sharedcam/eval_results.json,lego_1_n87_s42_default_mpinhole_farthestpose_sharedcam,lego_1_n87_s42_default_mpinhole_farthestpose_sharedcam_i87_gteval_gtext_steps15000_val_step14999.json,10313,,colmap | GT Extrinsics |  | 
vggt,87,42,0.0,100000,random,,,,0,10,farthestpose,87,GT Eval,GT Extrinsics,,,,False,,,,,0.0,,False,1.0,1.0,vggt,lego,,,15000,15000,,MCMC,,,,,,,,,,,gsplat,,synthetic,24.955116271972656,0.06210341304540634,0.8888888359069824,1000000,0.0,0.0,0.07773815095424652,0.018357817083597183,0.8500471238949765,0.1328773182244372,100000,/home/ojab2/work/git/gsplat/results/vggt_outputs/lego_1_n87_s42_c0.0_p100000_random_farthestpose_i87_gteval_gtext_steps15000/stats/val_step14999.json,/home/ojab2/work/git/gsplat/results/vggt_outputs/lego_1_n87_s42_c0.0_p100000_random_farthestpose_i87_gteval_gtext_steps15000/stats/val_step14999.json,lego_1_n87_s42_c0.0_p100000_random_farthestpose_i87_gteval_gtext_steps15000,0.2976,0.018838,87,4.04904,0.0478,0.0135,0.118,,,,,/home/ojab2/work/git/vggt/vggt_outputs/lego_1_n87_s42_c0.0_p100000_random_farthestpose/eval_results.json,lego_1_n87_s42_c0.0_p100000_random_farthestpose,lego_1_n87_s42_c0.0_p100000_random_farthestpose_i87_gteval_gtext_steps15000_val_step14999.json,100000,,vggt | GT Extrinsics |  | 
colmap,87,42,,10313,,,,,0,10,farthestpose,87,GT Eval,GT Extrinsics,GT Intrinsics,,,False,,,,,0.0,,False,1.0,1.0,colmap,lego,pinhole,,15000,15000,default,MCMC,,,,,Shared Cam,,,,,,gsplat,,synthetic,33.116729736328125,0.033978622406721115,0.9795733690261841,1000000,0.0,0.0,0.017630616202950478,0.01815767213702202,1.0715809865643484,0.059129427789242434,10313,/home/ojab2/work/git/gsplat/results/colmap_outputs/lego_1_n87_s42_default_mpinhole_farthestpose_sharedcam_i87_gteval_gtext_gtint_steps15000/stats/val_step14999.json,/home/ojab2/work/git/gsplat/results/colmap_outputs/lego_1_n87_s42_default_mpinhole_farthestpose_sharedcam_i87_gteval_gtext_gtint_steps15000/stats/val_step14999.json,lego_1_n87_s42_default_mpinhole_farthestpose_sharedcam_i87_gteval_gtext_gtint_steps15000,10.4784,0.403756,87,0.885202,,,,47.262017250061035,6778,6778,0,/home/ojab2/work/git/vggt/colmap_outputs/lego_1_n87_s42_default_mpinhole_farthestpose_sharedcam/eval_results.json,lego_1_n87_s42_default_mpinhole_farthestpose_sharedcam,lego_1_n87_s42_default_mpinhole_farthestpose_sharedcam_i87_gteval_gtext_gtint_steps15000_val_step14999.json,10313,,colmap | GT Extrinsics | GT Intrinsics | 
vggt,87,42,0.0,100000,random,,,,0,10,farthestpose,87,GT Eval,GT Extrinsics,GT Intrinsics,,,False,,,,,0.0,,False,1.0,1.0,vggt,lego,,,15000,15000,,MCMC,,,,,,,,,,,gsplat,,synthetic,33.284175872802734,0.031800854951143265,0.9806314706802368,1000000,0.0,0.0,0.07379835844039917,0.017447061836719513,1.0766449147391195,0.05714705373990323,100000,/home/ojab2/work/git/gsplat/results/vggt_outputs/lego_1_n87_s42_c0.0_p100000_random_farthestpose_i87_gteval_gtext_gtint_steps15000/stats/val_step14999.json,/home/ojab2/work/git/gsplat/results/vggt_outputs/lego_1_n87_s42_c0.0_p100000_random_farthestpose_i87_gteval_gtext_gtint_steps15000/stats/val_step14999.json,lego_1_n87_s42_c0.0_p100000_random_farthestpose_i87_gteval_gtext_gtint_steps15000,0.2976,0.018838,87,4.04904,0.0478,0.0135,0.118,,,,,/home/ojab2/work/git/vggt/vggt_outputs/lego_1_n87_s42_c0.0_p100000_random_farthestpose/eval_results.json,lego_1_n87_s42_c0.0_p100000_random_farthestpose,lego_1_n87_s42_c0.0_p100000_random_farthestpose_i87_gteval_gtext_gtint_steps15000_val_step14999.json,100000,,vggt | GT Extrinsics | GT Intrinsics | 
colmap,87,42,,5146,,,,,0,10,farthestpose,87,GT Eval,,,,,False,,,,,0.0,,False,1.0,1.0,colmap,ship,pinhole,,15000,15000,default,MCMC,,,,,Shared Cam,,,,,,gsplat,,synthetic,22.400592803955078,0.14908459782600403,0.7505561709403992,1000000,0.0035610124468803406,0.2434609830379486,0.031018691137433052,0.029304901137948036,0.6681527490736681,0.21809391039233772,5146,/home/ojab2/work/git/gsplat/results/colmap_outputs/ship_1_n87_s42_default_mpinhole_farthestpose_sharedcam_i87_gteval_steps15000/stats/val_step14999.json,/home/ojab2/work/git/gsplat/results/colmap_outputs/ship_1_n87_s42_default_mpinhole_farthestpose_sharedcam_i87_gteval_steps15000/stats/val_step14999.json,ship_1_n87_s42_default_mpinhole_farthestpose_sharedcam_i87_gteval_steps15000,0.2458,0.011214,80,0.865091,,,,25.509971380233765,983,983,0,/home/ojab2/work/git/vggt/colmap_outputs/ship_1_n87_s42_default_mpinhole_farthestpose_sharedcam/eval_results.json,ship_1_n87_s42_default_mpinhole_farthestpose_sharedcam,ship_1_n87_s42_default_mpinhole_farthestpose_sharedcam_i87_gteval_steps15000_val_step14999.json,5146,,colmap |  |  | 
vggt,87,42,0.0,100000,random,,,,0,10,farthestpose,87,GT Eval,,,,,False,,,,,0.0,,False,1.0,1.0,vggt,ship,,,15000,15000,,MCMC,,,,,,,,,,,gsplat,,synthetic,20.870609283447266,0.17614904046058655,0.701298177242279,1000000,0.008744901046156883,0.48666468262672424,0.1624460220336914,0.030732251703739166,0.5943074305774795,0.24362291487022897,100000,/home/ojab2/work/git/gsplat/results/vggt_outputs/ship_1_n87_s42_c0.0_p100000_random_farthestpose_i87_gteval_steps15000/stats/val_step14999.json,/home/ojab2/work/git/gsplat/results/vggt_outputs/ship_1_n87_s42_c0.0_p100000_random_farthestpose_i87_gteval_steps15000/stats/val_step14999.json,ship_1_n87_s42_c0.0_p100000_random_farthestpose_i87_gteval_steps15000,0.4869,0.027807,87,4.301907,0.1056,0.0284,0.2389,,,,,/home/ojab2/work/git/vggt/vggt_outputs/ship_1_n87_s42_c0.0_p100000_random_farthestpose/eval_results.json,ship_1_n87_s42_c0.0_p100000_random_farthestpose,ship_1_n87_s42_c0.0_p100000_random_farthestpose_i87_gteval_steps15000_val_step14999.json,100000,,vggt |  |  | 
colmap,87,42,,5146,,,,,0,10,farthestpose,87,GT Eval,,GT Intrinsics,,,False,,,,,0.0,,False,1.0,1.0,colmap,ship,pinhole,,15000,15000,default,MCMC,,,,,Shared Cam,,,,,,gsplat,,synthetic,24.370038986206055,0.13203038275241852,0.8015950918197632,1000000,0.0035610124468803406,0.2434609830379486,0.029545651748776436,0.02763986773788929,0.7449985900778829,0.19370431881229525,5146,/home/ojab2/work/git/gsplat/results/colmap_outputs/ship_1_n87_s42_default_mpinhole_farthestpose_sharedcam_i87_gteval_gtint_steps15000/stats/val_step14999.json,/home/ojab2/work/git/gsplat/results/colmap_outputs/ship_1_n87_s42_default_mpinhole_farthestpose_sharedcam_i87_gteval_gtint_steps15000/stats/val_step14999.json,ship_1_n87_s42_default_mpinhole_farthestpose_sharedcam_i87_gteval_gtint_steps15000,0.2458,0.011214,80,0.865091,,,,25.509971380233765,983,983,0,/home/ojab2/work/git/vggt/colmap_outputs/ship_1_n87_s42_default_mpinhole_farthestpose_sharedcam/eval_results.json,ship_1_n87_s42_default_mpinhole_farthestpose_sharedcam,ship_1_n87_s42_default_mpinhole_farthestpose_sharedcam_i87_gteval_gtint_steps15000_val_step14999.json,5146,,colmap |  | GT Intrinsics | 
vggt,87,42,0.0,100000,random,,,,0,10,farthestpose,87,GT Eval,,GT Intrinsics,,,False,,,,,0.0,,False,1.0,1.0,vggt,ship,,,15000,15000,,MCMC,,,,,,,,,,,gsplat,,synthetic,20.932992935180664,0.1692238599061966,0.7053824663162231,1000000,0.008744901046156883,0.48666468262672424,0.1660316437482834,0.031159553676843643,0.6021259593413665,0.24002582355243118,100000,/home/ojab2/work/git/gsplat/results/vggt_outputs/ship_1_n87_s42_c0.0_p100000_random_farthestpose_i87_gteval_gtint_steps15000/stats/val_step14999.json,/home/ojab2/work/git/gsplat/results/vggt_outputs/ship_1_n87_s42_c0.0_p100000_random_farthestpose_i87_gteval_gtint_steps15000/stats/val_step14999.json,ship_1_n87_s42_c0.0_p100000_random_farthestpose_i87_gteval_gtint_steps15000,0.4869,0.027807,87,4.301907,0.1056,0.0284,0.2389,,,,,/home/ojab2/work/git/vggt/vggt_outputs/ship_1_n87_s42_c0.0_p100000_random_farthestpose/eval_results.json,ship_1_n87_s42_c0.0_p100000_random_farthestpose,ship_1_n87_s42_c0.0_p100000_random_farthestpose_i87_gteval_gtint_steps15000_val_step14999.json,100000,,vggt |  | GT Intrinsics | 
colmap,87,42,,5146,,,,,0,10,farthestpose,87,GT Eval,GT Extrinsics,,,,False,,,,,0.0,,False,1.0,1.0,colmap,ship,pinhole,,15000,15000,default,MCMC,,,,,Shared Cam,,,,,,gsplat,,synthetic,22.78916358947754,0.14084778726100922,0.7600504755973816,1000000,0.0,0.0,0.030202526599168777,0.02860787883400917,0.685985180272771,0.21198513416310782,5146,/home/ojab2/work/git/gsplat/results/colmap_outputs/ship_1_n87_s42_default_mpinhole_farthestpose_sharedcam_i87_gteval_gtext_steps15000/stats/val_step14999.json,/home/ojab2/work/git/gsplat/results/colmap_outputs/ship_1_n87_s42_default_mpinhole_farthestpose_sharedcam_i87_gteval_gtext_steps15000/stats/val_step14999.json,ship_1_n87_s42_default_mpinhole_farthestpose_sharedcam_i87_gteval_gtext_steps15000,0.2458,0.011214,80,0.865091,,,,25.509971380233765,983,983,0,/home/ojab2/work/git/vggt/colmap_outputs/ship_1_n87_s42_default_mpinhole_farthestpose_sharedcam/eval_results.json,ship_1_n87_s42_default_mpinhole_farthestpose_sharedcam,ship_1_n87_s42_default_mpinhole_farthestpose_sharedcam_i87_gteval_gtext_steps15000_val_step14999.json,5146,,colmap | GT Extrinsics |  | 
vggt,87,42,0.0,100000,random,,,,0,10,farthestpose,87,GT Eval,GT Extrinsics,,,,False,,,,,0.0,,False,1.0,1.0,vggt,ship,,,15000,15000,,MCMC,,,,,,,,,,,gsplat,,synthetic,26.162757873535156,0.11005454510450363,0.8315536975860596,1000000,0.0,0.0,0.13107171654701233,0.024846132844686508,0.8092820723677239,0.17429871332124475,100000,/home/ojab2/work/git/gsplat/results/vggt_outputs/ship_1_n87_s42_c0.0_p100000_random_farthestpose_i87_gteval_gtext_steps15000/stats/val_step14999.json,/home/ojab2/work/git/gsplat/results/vggt_outputs/ship_1_n87_s42_c0.0_p100000_random_farthestpose_i87_gteval_gtext_steps15000/stats/val_step14999.json,ship_1_n87_s42_c0.0_p100000_random_farthestpose_i87_gteval_gtext_steps15000,0.4869,0.027807,87,4.301907,0.1056,0.0284,0.2389,,,,,/home/ojab2/work/git/vggt/vggt_outputs/ship_1_n87_s42_c0.0_p100000_random_farthestpose/eval_results.json,ship_1_n87_s42_c0.0_p100000_random_farthestpose,ship_1_n87_s42_c0.0_p100000_random_farthestpose_i87_gteval_gtext_steps15000_val_step14999.json,100000,,vggt | GT Extrinsics |  | 
colmap,87,42,,5146,,,,,0,10,farthestpose,87,GT Eval,GT Extrinsics,GT Intrinsics,,,False,,,,,0.0,,False,1.0,1.0,colmap,ship,pinhole,,15000,15000,default,MCMC,,,,,Shared Cam,,,,,,gsplat,,synthetic,29.063879013061523,0.11321047693490982,0.8914411664009094,1000000,0.0,0.0,0.02734973654150963,0.025675009936094284,0.8960803434339879,0.1479778988143626,5146,/home/ojab2/work/git/gsplat/results/colmap_outputs/ship_1_n87_s42_default_mpinhole_farthestpose_sharedcam_i87_gteval_gtext_gtint_steps15000/stats/val_step14999.json,/home/ojab2/work/git/gsplat/results/colmap_outputs/ship_1_n87_s42_default_mpinhole_farthestpose_sharedcam_i87_gteval_gtext_gtint_steps15000/stats/val_step14999.json,ship_1_n87_s42_default_mpinhole_farthestpose_sharedcam_i87_gteval_gtext_gtint_steps15000,0.2458,0.011214,80,0.865091,,,,25.509971380233765,983,983,0,/home/ojab2/work/git/vggt/colmap_outputs/ship_1_n87_s42_default_mpinhole_farthestpose_sharedcam/eval_results.json,ship_1_n87_s42_default_mpinhole_farthestpose_sharedcam,ship_1_n87_s42_default_mpinhole_farthestpose_sharedcam_i87_gteval_gtext_gtint_steps15000_val_step14999.json,5146,,colmap | GT Extrinsics | GT Intrinsics | 
vggt,87,42,0.0,100000,random,,,,0,10,farthestpose,87,GT Eval,GT Extrinsics,GT Intrinsics,,,False,,,,,0.0,,False,1.0,1.0,vggt,ship,,,15000,15000,,MCMC,,,,,,,,,,,gsplat,,synthetic,29.814409255981445,0.09409879148006439,0.8928140997886658,1000000,0.0,0.0,0.12867121398448944,0.02436995878815651,0.9225792733588103,0.14084500989692925,100000,/home/ojab2/work/git/gsplat/results/vggt_outputs/ship_1_n87_s42_c0.0_p100000_random_farthestpose_i87_gteval_gtext_gtint_steps15000/stats/val_step14999.json,/home/ojab2/work/git/gsplat/results/vggt_outputs/ship_1_n87_s42_c0.0_p100000_random_farthestpose_i87_gteval_gtext_gtint_steps15000/stats/val_step14999.json,ship_1_n87_s42_c0.0_p100000_random_farthestpose_i87_gteval_gtext_gtint_steps15000,0.4869,0.027807,87,4.301907,0.1056,0.0284,0.2389,,,,,/home/ojab2/work/git/vggt/vggt_outputs/ship_1_n87_s42_c0.0_p100000_random_farthestpose/eval_results.json,ship_1_n87_s42_c0.0_p100000_random_farthestpose,ship_1_n87_s42_c0.0_p100000_random_farthestpose_i87_gteval_gtext_gtint_steps15000_val_step14999.json,100000,,vggt | GT Extrinsics | GT Intrinsics | 
colmap,87,42,,3866,,,,,0,10,farthestpose,87,GT Eval,,,,,False,,,,,0.0,,False,1.0,1.0,colmap,drums,pinhole,,15000,15000,default,MCMC,,,,,Shared Cam,,,,,,gsplat,,synthetic,22.46944808959961,0.09344673901796341,0.898908793926239,1000000,0.0029796594753861427,0.1518741101026535,0.016105035319924355,0.016583064571022987,0.7905281241196481,0.13901942819483265,3866,/home/ojab2/work/git/gsplat/results/colmap_outputs/drums_1_n87_s42_default_mpinhole_farthestpose_sharedcam_i87_gteval_steps15000/stats/val_step14999.json,/home/ojab2/work/git/gsplat/results/colmap_outputs/drums_1_n87_s42_default_mpinhole_farthestpose_sharedcam_i87_gteval_steps15000/stats/val_step14999.json,drums_1_n87_s42_default_mpinhole_farthestpose_sharedcam_i87_gteval_steps15000,0.1528,0.009899,79,0.837402,,,,70.49110555648804,6778,6778,0,/home/ojab2/work/git/vggt/colmap_outputs/drums_1_n87_s42_default_mpinhole_farthestpose_sharedcam/eval_results.json,drums_1_n87_s42_default_mpinhole_farthestpose_sharedcam,drums_1_n87_s42_default_mpinhole_farthestpose_sharedcam_i87_gteval_steps15000_val_step14999.json,3866,,colmap |  |  | 
vggt,87,42,0.0,100000,random,,,,0,10,farthestpose,87,GT Eval,,,,,False,,,,,0.0,,False,1.0,1.0,vggt,drums,,,15000,15000,,MCMC,,,,,,,,,,,gsplat,,synthetic,19.667821884155273,0.10607661306858063,0.8355606198310852,1000000,0.0029657548293471336,0.1723455935716629,0.08291950821876526,0.0187007337808609,0.6938042229572777,0.1741275835483121,100000,/home/ojab2/work/git/gsplat/results/vggt_outputs/drums_1_n87_s42_c0.0_p100000_random_farthestpose_i87_gteval_steps15000/stats/val_step14999.json,/home/ojab2/work/git/gsplat/results/vggt_outputs/drums_1_n87_s42_c0.0_p100000_random_farthestpose_i87_gteval_steps15000/stats/val_step14999.json,drums_1_n87_s42_c0.0_p100000_random_farthestpose_i87_gteval_steps15000,0.173,0.01002,87,3.881439,0.0626,0.0172,0.1433,,,,,/home/ojab2/work/git/vggt/vggt_outputs/drums_1_n87_s42_c0.0_p100000_random_farthestpose/eval_results.json,drums_1_n87_s42_c0.0_p100000_random_farthestpose,drums_1_n87_s42_c0.0_p100000_random_farthestpose_i87_gteval_steps15000_val_step14999.json,100000,,vggt |  |  | 
colmap,87,42,,3866,,,,,0,10,farthestpose,87,GT Eval,,GT Intrinsics,,,False,,,,,0.0,,False,1.0,1.0,colmap,drums,pinhole,,15000,15000,default,MCMC,,,,,Shared Cam,,,,,,gsplat,,synthetic,23.399099349975586,0.09019648283720016,0.9154505729675293,1000000,0.0029796594753861427,0.1518741101026535,0.01580202579498291,0.016241813078522682,0.8194237741713712,0.12851405149281214,3866,/home/ojab2/work/git/gsplat/results/colmap_outputs/drums_1_n87_s42_default_mpinhole_farthestpose_sharedcam_i87_gteval_gtint_steps15000/stats/val_step14999.json,/home/ojab2/work/git/gsplat/results/colmap_outputs/drums_1_n87_s42_default_mpinhole_farthestpose_sharedcam_i87_gteval_gtint_steps15000/stats/val_step14999.json,drums_1_n87_s42_default_mpinhole_farthestpose_sharedcam_i87_gteval_gtint_steps15000,0.1528,0.009899,79,0.837402,,,,70.49110555648804,6778,6778,0,/home/ojab2/work/git/vggt/colmap_outputs/drums_1_n87_s42_default_mpinhole_farthestpose_sharedcam/eval_results.json,drums_1_n87_s42_default_mpinhole_farthestpose_sharedcam,drums_1_n87_s42_default_mpinhole_farthestpose_sharedcam_i87_gteval_gtint_steps15000_val_step14999.json,3866,,colmap |  | GT Intrinsics | 
vggt,87,42,0.0,100000,random,,,,0,10,farthestpose,87,GT Eval,,GT Intrinsics,,,False,,,,,0.0,,False,1.0,1.0,vggt,drums,,,15000,15000,,MCMC,,,,,,,,,,,gsplat,,synthetic,20.484140396118164,0.10101738572120667,0.8477348685264587,1000000,0.0029657548293471336,0.1723455935716629,0.08094965666532516,0.018220212310552597,0.719163655963635,0.1667247169897175,100000,/home/ojab2/work/git/gsplat/results/vggt_outputs/drums_1_n87_s42_c0.0_p100000_random_farthestpose_i87_gteval_gtint_steps15000/stats/val_step14999.json,/home/ojab2/work/git/gsplat/results/vggt_outputs/drums_1_n87_s42_c0.0_p100000_random_farthestpose_i87_gteval_gtint_steps15000/stats/val_step14999.json,drums_1_n87_s42_c0.0_p100000_random_farthestpose_i87_gteval_gtint_steps15000,0.173,0.01002,87,3.881439,0.0626,0.0172,0.1433,,,,,/home/ojab2/work/git/vggt/vggt_outputs/drums_1_n87_s42_c0.0_p100000_random_farthestpose/eval_results.json,drums_1_n87_s42_c0.0_p100000_random_farthestpose,drums_1_n87_s42_c0.0_p100000_random_farthestpose_i87_gteval_gtint_steps15000_val_step14999.json,100000,,vggt |  | GT Intrinsics | 
colmap,87,42,,3866,,,,,0,10,farthestpose,87,GT Eval,GT Extrinsics,,,,False,,,,,0.0,,False,1.0,1.0,colmap,drums,pinhole,,15000,15000,default,MCMC,,,,,Shared Cam,,,,,,gsplat,,synthetic,23.046409606933594,0.08765026926994324,0.9109316468238831,1000000,0.0,0.0,0.015675745904445648,0.01612403243780136,0.8118215725358389,0.13035069494990528,3866,/home/ojab2/work/git/gsplat/results/colmap_outputs/drums_1_n87_s42_default_mpinhole_farthestpose_sharedcam_i87_gteval_gtext_steps15000/stats/val_step14999.json,/home/ojab2/work/git/gsplat/results/colmap_outputs/drums_1_n87_s42_default_mpinhole_farthestpose_sharedcam_i87_gteval_gtext_steps15000/stats/val_step14999.json,drums_1_n87_s42_default_mpinhole_farthestpose_sharedcam_i87_gteval_gtext_steps15000,0.1528,0.009899,79,0.837402,,,,70.49110555648804,6778,6778,0,/home/ojab2/work/git/vggt/colmap_outputs/drums_1_n87_s42_default_mpinhole_farthestpose_sharedcam/eval_results.json,drums_1_n87_s42_default_mpinhole_farthestpose_sharedcam,drums_1_n87_s42_default_mpinhole_farthestpose_sharedcam_i87_gteval_gtext_steps15000_val_step14999.json,3866,,colmap | GT Extrinsics |  | 
vggt,87,42,0.0,100000,random,,,,0,10,farthestpose,87,GT Eval,GT Extrinsics,,,,False,,,,,0.0,,False,1.0,1.0,vggt,drums,,,15000,15000,,MCMC,,,,,,,,,,,gsplat,,synthetic,21.239639282226562,0.08491163700819016,0.8766151070594788,1000000,0.0,0.0,0.07285063713788986,0.016440019011497498,0.7599852246518566,0.14789678277931112,100000,/home/ojab2/work/git/gsplat/results/vggt_outputs/drums_1_n87_s42_c0.0_p100000_random_farthestpose_i87_gteval_gtext_steps15000/stats/val_step14999.json,/home/ojab2/work/git/gsplat/results/vggt_outputs/drums_1_n87_s42_c0.0_p100000_random_farthestpose_i87_gteval_gtext_steps15000/stats/val_step14999.json,drums_1_n87_s42_c0.0_p100000_random_farthestpose_i87_gteval_gtext_steps15000,0.173,0.01002,87,3.881439,0.0626,0.0172,0.1433,,,,,/home/ojab2/work/git/vggt/vggt_outputs/drums_1_n87_s42_c0.0_p100000_random_farthestpose/eval_results.json,drums_1_n87_s42_c0.0_p100000_random_farthestpose,drums_1_n87_s42_c0.0_p100000_random_farthestpose_i87_gteval_gtext_steps15000_val_step14999.json,100000,,vggt | GT Extrinsics |  | 
colmap,87,42,,3866,,,,,0,10,farthestpose,87,GT Eval,GT Extrinsics,GT Intrinsics,,,False,,,,,0.0,,False,1.0,1.0,colmap,drums,pinhole,,15000,15000,default,MCMC,,,,,Shared Cam,,,,,,gsplat,,synthetic,24.16399574279785,0.08432012051343918,0.9295817017555237,1000000,0.0,0.0,0.015438979491591454,0.015877043828368187,0.8454797243417432,0.1178393757729424,3866,/home/ojab2/work/git/gsplat/results/colmap_outputs/drums_1_n87_s42_default_mpinhole_farthestpose_sharedcam_i87_gteval_gtext_gtint_steps15000/stats/val_step14999.json,/home/ojab2/work/git/gsplat/results/colmap_outputs/drums_1_n87_s42_default_mpinhole_farthestpose_sharedcam_i87_gteval_gtext_gtint_steps15000/stats/val_step14999.json,drums_1_n87_s42_default_mpinhole_farthestpose_sharedcam_i87_gteval_gtext_gtint_steps15000,0.1528,0.009899,79,0.837402,,,,70.49110555648804,6778,6778,0,/home/ojab2/work/git/vggt/colmap_outputs/drums_1_n87_s42_default_mpinhole_farthestpose_sharedcam/eval_results.json,drums_1_n87_s42_default_mpinhole_farthestpose_sharedcam,drums_1_n87_s42_default_mpinhole_farthestpose_sharedcam_i87_gteval_gtext_gtint_steps15000_val_step14999.json,3866,,colmap | GT Extrinsics | GT Intrinsics | 
vggt,87,42,0.0,100000,random,,,,0,10,farthestpose,87,GT Eval,GT Extrinsics,GT Intrinsics,,,False,,,,,0.0,,False,1.0,1.0,vggt,drums,,,15000,15000,,MCMC,,,,,,,,,,,gsplat,,synthetic,25.00529670715332,0.07025686651468277,0.9412229657173157,1000000,0.0,0.0,0.07321978360414505,0.016529405489563942,0.8765481495194964,0.10528501456607582,100000,/home/ojab2/work/git/gsplat/results/vggt_outputs/drums_1_n87_s42_c0.0_p100000_random_farthestpose_i87_gteval_gtext_gtint_steps15000/stats/val_step14999.json,/home/ojab2/work/git/gsplat/results/vggt_outputs/drums_1_n87_s42_c0.0_p100000_random_farthestpose_i87_gteval_gtext_gtint_steps15000/stats/val_step14999.json,drums_1_n87_s42_c0.0_p100000_random_farthestpose_i87_gteval_gtext_gtint_steps15000,0.173,0.01002,87,3.881439,0.0626,0.0172,0.1433,,,,,/home/ojab2/work/git/vggt/vggt_outputs/drums_1_n87_s42_c0.0_p100000_random_farthestpose/eval_results.json,drums_1_n87_s42_c0.0_p100000_random_farthestpose,drums_1_n87_s42_c0.0_p100000_random_farthestpose_i87_gteval_gtext_gtint_steps15000_val_step14999.json,100000,,vggt | GT Extrinsics | GT Intrinsics | 
