method,num_images,seed,conf_thres_value,num_points,sampling_mode,image_mode,num_cameras,gt_eval,use_gt_extrinsics,use_gt_intrinsics,use_gt_points,pose_opt,eval_opt,depth_loss,error_opa,depth_lambda,depth_conf,choice,camera_type,copy_mode,val_step,num_steps,colmap_mode,splatting_strategy,camera_src,pcd_src,align_mode,shared_camera,keep_backup_cams,source,psnr,lpips,ssim,num_GS,eval_rte,eval_rre,raw_metrics,quality,real_num_points,file_path,folder,rre,rte,num_aligned,plot_series,num_images_jitter
combined,25,42,0.0,25000,random,farthestpose,25,GT Eval,,,,,,,,0.0,,colmap,,,15000,15000,default,MCMC,colmapcams,bothpcd,Global Alignment,,,gsplat,12.613409996032715,0.6832903623580933,0.1461251825094223,1000000,0.015377999283373356,2.0248000621795654,"{'psnr': [11.264154434204102, 11.076998710632324, 10.193415641784668, 11.110822677612305, 13.032190322875977, 12.679351806640625, 12.894134521484375, 12.562304496765137, 12.88479995727539, 12.997045516967773, 13.31311321258545, 13.845747947692871, 13.159741401672363, 12.548643112182617, 12.246755599975586, 12.701556205749512, 14.776774406433105, 12.440351486206055, 11.871919631958008, 11.926423072814941, 13.029308319091797, 16.02208137512207, 12.4419527053833, 12.032648086547852, 12.283040046691895], 'ssim': [0.12021332234144211, 0.10604662448167801, 0.10433648526668549, 0.09763103723526001, 0.1676265299320221, 0.16299256682395935, 0.13155098259449005, 0.11475760489702225, 0.1498708426952362, 0.11429958045482635, 0.1441992223262787, 0.17688262462615967, 0.14561161398887634, 0.11355552077293396, 0.14247246086597443, 0.1405019313097, 0.21455290913581848, 0.12279849499464035, 0.13206717371940613, 0.15265940129756927, 0.18558622896671295, 0.2333970069885254, 0.15539956092834473, 0.13594962656497955, 0.18817046284675598], 'lpips': [0.7039036750793457, 0.7455888986587524, 0.7931338548660278, 0.7178208231925964, 0.5499505996704102, 0.596648097038269, 0.7023847699165344, 0.7253656983375549, 0.7594764232635498, 0.7235496640205383, 0.6109924912452698, 0.5831783413887024, 0.6766566038131714, 0.7209943532943726, 0.7685650587081909, 0.6877533197402954, 0.5992801785469055, 0.6971967220306396, 0.7072257399559021, 0.7443258166313171, 0.6809638738632202, 0.5305787324905396, 0.6672515869140625, 0.6888000965118408, 0.7006757259368896], 'depth_factor': [126.39400482177734, 42.35402297973633, 8.308415412902832, 226.83599853515625, 17.421586990356445, 32.09443664550781, 64.44596862792969, 142.00155639648438, 84.6894760131836, 324.0478820800781, 141.05548095703125, 23.038827896118164, 614.62255859375, 171.86158752441406, 4.765396595001221, 63.219017028808594, 11.791447639465332, 162.10252380371094, 43.370967864990234, 110.47543334960938, 8.909557342529297, 11.753137588500977, 76.9774169921875, 13.202733039855957, 140.40626525878906], 'eval_rre': [2.0248000621795654, 2.0248000621795654, 2.0248000621795654, 2.0248000621795654, 2.0248000621795654, 2.0248000621795654, 2.0248000621795654, 2.0248000621795654, 2.0248000621795654, 2.0248000621795654, 2.0248000621795654, 2.0248000621795654, 2.0248000621795654, 2.0248000621795654, 2.0248000621795654, 2.0248000621795654, 2.0248000621795654, 2.0248000621795654, 2.0248000621795654, 2.0248000621795654, 2.0248000621795654, 2.0248000621795654, 2.0248000621795654, 2.0248000621795654, 2.0248000621795654], 'eval_rte': [0.01537800021469593, 0.01537800021469593, 0.01537800021469593, 0.01537800021469593, 0.01537800021469593, 0.01537800021469593, 0.01537800021469593, 0.01537800021469593, 0.01537800021469593, 0.01537800021469593, 0.01537800021469593, 0.01537800021469593, 0.01537800021469593, 0.01537800021469593, 0.01537800021469593, 0.01537800021469593, 0.01537800021469593, 0.01537800021469593, 0.01537800021469593, 0.01537800021469593, 0.01537800021469593, 0.01537800021469593, 0.01537800021469593, 0.01537800021469593, 0.01537800021469593]}",-0.19631643605898375,7706,/home/ojab2/work/git/gsplat/results/combined_outputs/bicycle_4_n25_s42_combined_colmapcams_bothpcd_amglobal_default_c0.0_p25000_random_farthestpose_i25_gteval_steps15000/stats/val_step14999.json,bicycle_4_n25_s42_combined_colmapcams_bothpcd_amglobal_default_c0.0_p25000_random_farthestpose_i25_gteval_steps15000,2.0248,0.019853,7,combined | default | bothpcd,25.0
combined,50,42,0.0,50000,random,farthestpose,50,GT Eval,,,,,,,,0.0,,colmap,,,15000,15000,default,MCMC,colmapcams,bothpcd,Global Alignment,,,gsplat,15.347504615783691,0.4865942597389221,0.20859745144844055,1000000,0.007499999366700649,0.4106999933719635,"{'psnr': [16.179136276245117, 13.18013858795166, 10.3795804977417, 12.557574272155762, 17.042726516723633, 17.12765121459961, 15.43752384185791, 14.404701232910156, 13.802721977233887, 14.670812606811523, 17.061317443847656, 18.254724502563477, 16.76076316833496, 15.147353172302246, 12.936030387878418, 15.211606979370117, 19.335458755493164, 15.69892406463623, 14.977609634399414, 12.855499267578125, 14.414032936096191, 18.578350067138672, 17.358041763305664, 13.725638389587402, 16.589702606201172], 'ssim': [0.2059767097234726, 0.14637219905853271, 0.12523093819618225, 0.13889779150485992, 0.2720305621623993, 0.2728354334831238, 0.17998294532299042, 0.15738973021507263, 0.192190483212471, 0.1704506278038025, 0.25269225239753723, 0.2754303514957428, 0.23021236062049866, 0.1870671957731247, 0.1494469940662384, 0.20645645260810852, 0.33153632283210754, 0.18327338993549347, 0.19951260089874268, 0.17776992917060852, 0.18275906145572662, 0.293232262134552, 0.2700490355491638, 0.15909218788146973, 0.2550484240055084], 'lpips': [0.38774970173835754, 0.471813827753067, 0.7243083715438843, 0.5787976384162903, 0.3816849887371063, 0.37478959560394287, 0.3734407126903534, 0.49370884895324707, 0.6712388396263123, 0.5913568139076233, 0.40760868787765503, 0.3871447741985321, 0.39862149953842163, 0.4935401976108551, 0.6693593859672546, 0.526440441608429, 0.3290347456932068, 0.4368746280670166, 0.5195601582527161, 0.6586732864379883, 0.5374531149864197, 0.31440502405166626, 0.400124728679657, 0.5682991743087769, 0.46882742643356323], 'depth_factor': [34.38863754272461, 6.585241317749023, 200.0832977294922, 19.957157135009766, 18.545576095581055, 21.616609573364258, 17.73552131652832, 21.511552810668945, 56.00155258178711, 21.804832458496094, 10.490702629089355, 18.43688201904297, 6.849429607391357, 3.7769362926483154, 7.755711078643799, 17.287878036499023, 9.559579849243164, 4.304743766784668, 2.8105177879333496, 2.9829914569854736, 16.83763885498047, 5.036752223968506, 7.199967861175537, 5.367230415344238, 3.4864039421081543], 'eval_rre': [0.4106999933719635, 0.4106999933719635, 0.4106999933719635, 0.4106999933719635, 0.4106999933719635, 0.4106999933719635, 0.4106999933719635, 0.4106999933719635, 0.4106999933719635, 0.4106999933719635, 0.4106999933719635, 0.4106999933719635, 0.4106999933719635, 0.4106999933719635, 0.4106999933719635, 0.4106999933719635, 0.4106999933719635, 0.4106999933719635, 0.4106999933719635, 0.4106999933719635, 0.4106999933719635, 0.4106999933719635, 0.4106999933719635, 0.4106999933719635, 0.4106999933719635], 'eval_rte': [0.007499999832361937, 0.007499999832361937, 0.007499999832361937, 0.007499999832361937, 0.007499999832361937, 0.007499999832361937, 0.007499999832361937, 0.007499999832361937, 0.007499999832361937, 0.007499999832361937, 0.007499999832361937, 0.007499999832361937, 0.007499999832361937, 0.007499999832361937, 0.007499999832361937, 0.007499999832361937, 0.007499999832361937, 0.007499999832361937, 0.007499999832361937, 0.007499999832361937, 0.007499999832361937, 0.007499999832361937, 0.007499999832361937, 0.007499999832361937, 0.007499999832361937]}",0.01226578369165417,31959,/home/ojab2/work/git/gsplat/results/combined_outputs/bicycle_4_n50_s42_combined_colmapcams_bothpcd_amglobal_default_c0.0_p50000_random_farthestpose_i50_gteval_steps15000/stats/val_step14999.json,bicycle_4_n50_s42_combined_colmapcams_bothpcd_amglobal_default_c0.0_p50000_random_farthestpose_i50_gteval_steps15000,0.4107,0.024175,29,combined | default | bothpcd,50.0
combined,75,42,0.0,75000,random,farthestpose,75,GT Eval,,,,,,,,0.0,,colmap,,,15000,15000,default,MCMC,colmapcams,bothpcd,Global Alignment,,,gsplat,16.22653579711914,0.4065142869949341,0.23221297562122345,1000000,0.009948000311851501,0.3172000050544739,"{'psnr': [16.58576774597168, 15.17406940460205, 10.521706581115723, 12.54945182800293, 16.498699188232422, 17.2777042388916, 17.259061813354492, 17.31606101989746, 14.119000434875488, 14.848409652709961, 16.757173538208008, 18.63037872314453, 17.1981201171875, 18.5726318359375, 13.949722290039062, 14.806626319885254, 19.894243240356445, 17.527620315551758, 19.0140323638916, 13.843506813049316, 14.608768463134766, 18.845787048339844, 18.11241912841797, 14.518985748291016, 17.233457565307617], 'ssim': [0.2170034945011139, 0.20803770422935486, 0.13865922391414642, 0.12965704500675201, 0.25311726331710815, 0.2523033022880554, 0.25630897283554077, 0.2631158232688904, 0.20028038322925568, 0.16215236485004425, 0.23834489285945892, 0.24964535236358643, 0.2562287151813507, 0.2890883684158325, 0.21568550169467926, 0.17994433641433716, 0.31906938552856445, 0.23482438921928406, 0.31567898392677307, 0.2419152706861496, 0.16882209479808807, 0.27695348858833313, 0.28743425011634827, 0.1724804788827896, 0.2785734534263611], 'lpips': [0.36166757345199585, 0.4058598577976227, 0.7022801637649536, 0.5227562189102173, 0.28345659375190735, 0.31402915716171265, 0.3148060441017151, 0.3886144161224365, 0.6259043216705322, 0.5212318897247314, 0.31732070446014404, 0.30525925755500793, 0.3201112449169159, 0.3450230360031128, 0.59139084815979, 0.4384636878967285, 0.25353729724884033, 0.34954410791397095, 0.35067614912986755, 0.584961473941803, 0.4485407769680023, 0.24164633452892303, 0.3120102882385254, 0.4948941767215729, 0.36887210607528687], 'depth_factor': [18.681194305419922, 11.696853637695312, 315.86962890625, 62.330711364746094, 22.288455963134766, 14.75864028930664, 12.728443145751953, 3.7176408767700195, 19.167449951171875, 32.96883010864258, 14.455738067626953, 22.072044372558594, 10.254508972167969, 3.585794448852539, 3.540830135345459, 39.990604400634766, 9.684142112731934, 47.99009323120117, 3.238090753555298, 3.7224528789520264, 7.8060688972473145, 6.018732070922852, 4.75038480758667, 1.9336729049682617, 3.59462308883667], 'eval_rre': [0.3172000050544739, 0.3172000050544739, 0.3172000050544739, 0.3172000050544739, 0.3172000050544739, 0.3172000050544739, 0.3172000050544739, 0.3172000050544739, 0.3172000050544739, 0.3172000050544739, 0.3172000050544739, 0.3172000050544739, 0.3172000050544739, 0.3172000050544739, 0.3172000050544739, 0.3172000050544739, 0.3172000050544739, 0.3172000050544739, 0.3172000050544739, 0.3172000050544739, 0.3172000050544739, 0.3172000050544739, 0.3172000050544739, 0.3172000050544739, 0.3172000050544739], 'eval_rte': [0.009948000311851501, 0.009948000311851501, 0.009948000311851501, 0.009948000311851501, 0.009948000311851501, 0.009948000311851501, 0.009948000311851501, 0.009948000311851501, 0.009948000311851501, 0.009948000311851501, 0.009948000311851501, 0.009948000311851501, 0.009948000311851501, 0.009948000311851501, 0.009948000311851501, 0.009948000311851501, 0.009948000311851501, 0.009948000311851501, 0.009948000311851501, 0.009948000311851501, 0.009948000311851501, 0.009948000311851501, 0.009948000311851501, 0.009948000311851501, 0.009948000311851501]}",0.09178646889656224,50155,/home/ojab2/work/git/gsplat/results/combined_outputs/bicycle_4_n75_s42_combined_colmapcams_bothpcd_amglobal_default_c0.0_p75000_random_farthestpose_i75_gteval_steps15000/stats/val_step14999.json,bicycle_4_n75_s42_combined_colmapcams_bothpcd_amglobal_default_c0.0_p75000_random_farthestpose_i75_gteval_steps15000,0.3172,0.031599,44,combined | default | bothpcd,75.0
combined,100,42,0.0,100000,random,farthestpose,100,GT Eval,,,,,,,,0.0,,colmap,,,15000,15000,default,MCMC,colmapcams,bothpcd,Global Alignment,,,gsplat,20.7758731842041,0.2605891823768616,0.4844003915786743,1000000,0.004395000170916319,0.10670001059770584,"{'psnr': [19.97469139099121, 16.76491928100586, 18.14623260498047, 19.808433532714844, 19.464017868041992, 19.88688850402832, 20.405168533325195, 19.830944061279297, 21.146440505981445, 21.601436614990234, 21.351213455200195, 21.84801483154297, 20.0372257232666, 20.845794677734375, 21.39220428466797, 22.74386215209961, 22.89309310913086, 20.2331485748291, 21.20588493347168, 22.754568099975586, 22.949003219604492, 23.031747817993164, 20.88817024230957, 20.8500919342041, 19.34362030029297], 'ssim': [0.45514464378356934, 0.322719931602478, 0.36610838770866394, 0.4806993901729584, 0.4854520559310913, 0.501175045967102, 0.4686172902584076, 0.41673532128334045, 0.42031532526016235, 0.5180296897888184, 0.5101357102394104, 0.5408580303192139, 0.4780977666378021, 0.5044762492179871, 0.44093817472457886, 0.5524942874908447, 0.5922098755836487, 0.43377622961997986, 0.523044228553772, 0.5381648540496826, 0.5350340604782104, 0.5950369238853455, 0.5268058180809021, 0.4155128598213196, 0.48842838406562805], 'lpips': [0.3382989168167114, 0.3674951195716858, 0.38108813762664795, 0.3096284866333008, 0.287874311208725, 0.2622661292552948, 0.2805398106575012, 0.28080326318740845, 0.2985726296901703, 0.2387605905532837, 0.2684851884841919, 0.2475619614124298, 0.2579178512096405, 0.2374134361743927, 0.25350987911224365, 0.24729745090007782, 0.19710740447044373, 0.22908861935138702, 0.19329801201820374, 0.20526069402694702, 0.21302638947963715, 0.2035122811794281, 0.20069190859794617, 0.26648005843162537, 0.2487509697675705], 'depth_factor': [13.639620780944824, 12.981184959411621, 15.271336555480957, 11.366426467895508, 21.25218963623047, 18.004840850830078, 10.153607368469238, 10.853299140930176, 19.61741828918457, 8.426721572875977, 18.12276840209961, 23.969738006591797, 5.810118675231934, 5.263318061828613, 10.084573745727539, 5.213049411773682, 9.947986602783203, 4.5167365074157715, 3.1501624584198, 5.812593936920166, 4.7505903244018555, 7.355391979217529, 8.471424102783203, 6.223140716552734, 2.730569362640381], 'eval_rre': [0.10670000314712524, 0.10670000314712524, 0.10670000314712524, 0.10670000314712524, 0.10670000314712524, 0.10670000314712524, 0.10670000314712524, 0.10670000314712524, 0.10670000314712524, 0.10670000314712524, 0.10670000314712524, 0.10670000314712524, 0.10670000314712524, 0.10670000314712524, 0.10670000314712524, 0.10670000314712524, 0.10670000314712524, 0.10670000314712524, 0.10670000314712524, 0.10670000314712524, 0.10670000314712524, 0.10670000314712524, 0.10670000314712524, 0.10670000314712524, 0.10670000314712524], 'eval_rte': [0.004395000170916319, 0.004395000170916319, 0.004395000170916319, 0.004395000170916319, 0.004395000170916319, 0.004395000170916319, 0.004395000170916319, 0.004395000170916319, 0.004395000170916319, 0.004395000170916319, 0.004395000170916319, 0.004395000170916319, 0.004395000170916319, 0.004395000170916319, 0.004395000170916319, 0.004395000170916319, 0.004395000170916319, 0.004395000170916319, 0.004395000170916319, 0.004395000170916319, 0.004395000170916319, 0.004395000170916319, 0.004395000170916319, 0.004395000170916319, 0.004395000170916319]}",0.413588703646917,116592,/home/ojab2/work/git/gsplat/results/combined_outputs/bicycle_4_n100_s42_combined_colmapcams_bothpcd_amglobal_default_c0.0_p100000_random_farthestpose_i100_gteval_steps15000/stats/val_step14999.json,bicycle_4_n100_s42_combined_colmapcams_bothpcd_amglobal_default_c0.0_p100000_random_farthestpose_i100_gteval_steps15000,0.1067,0.017644,100,combined | default | bothpcd,100.0
combined,25,42,,667,,farthestpose,25,GT Eval,,,,,,,,0.0,,vggt,,,15000,15000,default,MCMC,vggtcams,colmappcd,Global Alignment,,,gsplat,12.410017013549805,0.7760440707206726,0.2364211529493332,739712,0.008135000243782997,2.2537996768951416,"{'psnr': [12.277689933776855, 11.265493392944336, 11.666994094848633, 11.85788345336914, 12.793720245361328, 12.505285263061523, 12.953099250793457, 11.582374572753906, 8.991972923278809, 15.047286987304688, 13.476161003112793, 13.29163646697998, 12.643345832824707, 12.599474906921387, 12.306234359741211, 12.524057388305664, 13.928208351135254, 11.97147274017334, 12.862824440002441, 13.633502006530762, 9.3930082321167, 14.612210273742676, 12.453474998474121, 11.211363792419434, 12.401657104492188], 'ssim': [0.19325098395347595, 0.1795707643032074, 0.20143036544322968, 0.15884830057621002, 0.1909770667552948, 0.21974867582321167, 0.2090241014957428, 0.201032817363739, 0.26169437170028687, 0.23785512149333954, 0.2132629156112671, 0.2091768980026245, 0.23236599564552307, 0.2524641156196594, 0.33264005184173584, 0.21225130558013916, 0.28170326352119446, 0.20109672844409943, 0.2913777232170105, 0.3639903962612152, 0.24031533300876617, 0.2958065867424011, 0.2716508209705353, 0.1917410045862198, 0.2672536373138428], 'lpips': [0.7978437542915344, 0.8286202549934387, 0.8390007019042969, 0.8056238889694214, 0.6543064117431641, 0.7190951108932495, 0.7923946976661682, 0.81071937084198, 0.9044207334518433, 0.7956656217575073, 0.690119206905365, 0.7167126536369324, 0.7717128396034241, 0.7742624282836914, 0.8844888210296631, 0.7575879693031311, 0.7195388674736023, 0.7698456048965454, 0.752284586429596, 0.8526356220245361, 0.7981928586959839, 0.6875247955322266, 0.7394590377807617, 0.7712321877479553, 0.7678138613700867], 'depth_factor': [100.81217193603516, 3.3775999546051025, 1.7003695964813232, 26.783533096313477, 28.70792579650879, 47.46521759033203, 31.19598960876465, 7.652785301208496, 0.19407175481319427, 34.1099739074707, 17.880943298339844, 23.39487075805664, 25.595182418823242, 24.568737030029297, 0.8707104921340942, 14.688599586486816, 18.299236297607422, 69.93431854248047, 3.953946113586426, 1.3801645040512085, 6.040811061859131, 20.919544219970703, 907.4595336914062, 16.114360809326172, 5.411283493041992], 'eval_rre': [2.2537999153137207, 2.2537999153137207, 2.2537999153137207, 2.2537999153137207, 2.2537999153137207, 2.2537999153137207, 2.2537999153137207, 2.2537999153137207, 2.2537999153137207, 2.2537999153137207, 2.2537999153137207, 2.2537999153137207, 2.2537999153137207, 2.2537999153137207, 2.2537999153137207, 2.2537999153137207, 2.2537999153137207, 2.2537999153137207, 2.2537999153137207, 2.2537999153137207, 2.2537999153137207, 2.2537999153137207, 2.2537999153137207, 2.2537999153137207, 2.2537999153137207], 'eval_rte': [0.008135000243782997, 0.008135000243782997, 0.008135000243782997, 0.008135000243782997, 0.008135000243782997, 0.008135000243782997, 0.008135000243782997, 0.008135000243782997, 0.008135000243782997, 0.008135000243782997, 0.008135000243782997, 0.008135000243782997, 0.008135000243782997, 0.008135000243782997, 0.008135000243782997, 0.008135000243782997, 0.008135000243782997, 0.008135000243782997, 0.008135000243782997, 0.008135000243782997, 0.008135000243782997, 0.008135000243782997, 0.008135000243782997, 0.008135000243782997, 0.008135000243782997]}",-0.20453368722811532,667,/home/ojab2/work/git/gsplat/results/combined_outputs/bicycle_4_n25_s42_combined_vggtcams_colmappcd_amglobal_default_farthestpose_i25_gteval_steps15000/stats/val_step14999.json,bicycle_4_n25_s42_combined_vggtcams_colmappcd_amglobal_default_farthestpose_i25_gteval_steps15000,2.2538,0.026684,7,combined | default | colmappcd,25.0
combined,50,42,,3101,,farthestpose,50,GT Eval,,,,,,,,0.0,,vggt,,,15000,15000,default,MCMC,vggtcams,colmappcd,Global Alignment,,,gsplat,15.337075233459473,0.6254356503486633,0.2524105906486511,1000000,0.014287998899817467,0.6889999508857727,"{'psnr': [15.696380615234375, 13.208849906921387, 11.236726760864258, 12.492752075195312, 16.58245086669922, 16.243623733520508, 15.128705978393555, 14.457054138183594, 15.084291458129883, 15.48060131072998, 16.401235580444336, 18.055593490600586, 15.67142391204834, 15.056853294372559, 14.197615623474121, 14.847776412963867, 18.688426971435547, 15.230156898498535, 15.516610145568848, 14.087766647338867, 15.028992652893066, 18.127914428710938, 16.41664695739746, 15.10718059539795, 15.381239891052246], 'ssim': [0.19792290031909943, 0.17298303544521332, 0.19835352897644043, 0.15759079158306122, 0.26991885900497437, 0.26758596301078796, 0.19670286774635315, 0.2032041698694229, 0.29020100831985474, 0.2374318242073059, 0.25312086939811707, 0.285777747631073, 0.248599112033844, 0.22897323966026306, 0.2686687409877777, 0.22490502893924713, 0.36716893315315247, 0.21365781128406525, 0.2864786386489868, 0.3122375011444092, 0.23376381397247314, 0.34036701917648315, 0.3183992803096771, 0.23481062054634094, 0.3014417290687561], 'lpips': [0.5407814979553223, 0.5921685099601746, 0.8116711378097534, 0.6806688904762268, 0.5584085583686829, 0.5539716482162476, 0.5277648568153381, 0.6155611276626587, 0.7663437128067017, 0.6986707448959351, 0.5349464416503906, 0.6151812672615051, 0.5526227951049805, 0.6084808111190796, 0.7578235864639282, 0.623310923576355, 0.5821610689163208, 0.5727396011352539, 0.6172271370887756, 0.7437407970428467, 0.6465667486190796, 0.5850828289985657, 0.5571964979171753, 0.6742311716079712, 0.6185687780380249], 'depth_factor': [42.88009262084961, 26.017385482788086, 47.809906005859375, 63.91132736206055, 19.626811981201172, 34.326236724853516, 30.37657356262207, 10.116324424743652, 107.33944702148438, 11.378260612487793, 11.299224853515625, 55.32794952392578, 31.381145477294922, 11.925822257995605, 442.5093994140625, 147.24880981445312, 26.80396270751953, 6.556123733520508, 4.005002975463867, 1060.8216552734375, 118.95074462890625, 6.159611701965332, 7.436922550201416, 8.034808158874512, 8.291206359863281], 'eval_rre': [0.6890000104904175, 0.6890000104904175, 0.6890000104904175, 0.6890000104904175, 0.6890000104904175, 0.6890000104904175, 0.6890000104904175, 0.6890000104904175, 0.6890000104904175, 0.6890000104904175, 0.6890000104904175, 0.6890000104904175, 0.6890000104904175, 0.6890000104904175, 0.6890000104904175, 0.6890000104904175, 0.6890000104904175, 0.6890000104904175, 0.6890000104904175, 0.6890000104904175, 0.6890000104904175, 0.6890000104904175, 0.6890000104904175, 0.6890000104904175, 0.6890000104904175], 'eval_rte': [0.014287999831140041, 0.014287999831140041, 0.014287999831140041, 0.014287999831140041, 0.014287999831140041, 0.014287999831140041, 0.014287999831140041, 0.014287999831140041, 0.014287999831140041, 0.014287999831140041, 0.014287999831140041, 0.014287999831140041, 0.014287999831140041, 0.014287999831140041, 0.014287999831140041, 0.014287999831140041, 0.014287999831140041, 0.014287999831140041, 0.014287999831140041, 0.014287999831140041, 0.014287999831140041, 0.014287999831140041, 0.014287999831140041, 0.014287999831140041, 0.014287999831140041]}",-0.04801019629229959,3101,/home/ojab2/work/git/gsplat/results/combined_outputs/bicycle_4_n50_s42_combined_vggtcams_colmappcd_amglobal_default_farthestpose_i50_gteval_steps15000/stats/val_step14999.json,bicycle_4_n50_s42_combined_vggtcams_colmappcd_amglobal_default_farthestpose_i50_gteval_steps15000,0.689,0.054909,29,combined | default | colmappcd,50.0
combined,75,42,,6098,,farthestpose,75,GT Eval,,,,,,,,0.0,,vggt,,,15000,15000,default,MCMC,vggtcams,colmappcd,Global Alignment,,,gsplat,15.63171100616455,0.5693802833557129,0.2532193660736084,1000000,0.012511000968515873,0.5740999579429626,"{'psnr': [16.472576141357422, 14.080524444580078, 11.873856544494629, 12.465909004211426, 16.2149658203125, 16.471546173095703, 15.909692764282227, 15.243535995483398, 14.195512771606445, 15.624730110168457, 16.924182891845703, 18.299985885620117, 16.003416061401367, 16.014070510864258, 13.668524742126465, 15.067182540893555, 19.249418258666992, 16.05130958557129, 16.078832626342773, 14.115352630615234, 15.29655647277832, 18.181577682495117, 16.70208740234375, 15.074207305908203, 15.513243675231934], 'ssim': [0.21577687561511993, 0.19498701393604279, 0.21968187391757965, 0.13244695961475372, 0.25052738189697266, 0.2753189206123352, 0.21106326580047607, 0.21574223041534424, 0.2510443925857544, 0.22119520604610443, 0.2625998556613922, 0.2886744737625122, 0.25528424978256226, 0.2536062002182007, 0.2495386302471161, 0.2277195155620575, 0.3767787218093872, 0.2244790494441986, 0.29554009437561035, 0.30591320991516113, 0.2252301573753357, 0.33595889806747437, 0.3125505745410919, 0.21910162270069122, 0.309724897146225], 'lpips': [0.47886231541633606, 0.5452885031700134, 0.7957503795623779, 0.655272364616394, 0.5065709352493286, 0.498667448759079, 0.47612082958221436, 0.551195502281189, 0.725641667842865, 0.6455848217010498, 0.4779092073440552, 0.5397098064422607, 0.493338018655777, 0.5307237505912781, 0.717723548412323, 0.5404842495918274, 0.5078731179237366, 0.5072591304779053, 0.5342100858688354, 0.6997986435890198, 0.5736552476882935, 0.5146620869636536, 0.5050886869430542, 0.6264466643333435, 0.5866703987121582], 'depth_factor': [26.012182235717773, 71.69202423095703, 7.0156121253967285, 31.988101959228516, 19.902301788330078, 86.6250228881836, 39.118797302246094, 33.224544525146484, 38.97292709350586, 21.594141006469727, 132.61843872070312, 20.238685607910156, 358.32806396484375, 27.079513549804688, 14.713790893554688, 11.998863220214844, 19.19315528869629, 11.326583862304688, 7.16250467300415, 17.186506271362305, 7.803133010864258, 9.273242950439453, 4.636080741882324, 18.739591598510742, 4.998134613037109], 'eval_rre': [0.5741000175476074, 0.5741000175476074, 0.5741000175476074, 0.5741000175476074, 0.5741000175476074, 0.5741000175476074, 0.5741000175476074, 0.5741000175476074, 0.5741000175476074, 0.5741000175476074, 0.5741000175476074, 0.5741000175476074, 0.5741000175476074, 0.5741000175476074, 0.5741000175476074, 0.5741000175476074, 0.5741000175476074, 0.5741000175476074, 0.5741000175476074, 0.5741000175476074, 0.5741000175476074, 0.5741000175476074, 0.5741000175476074, 0.5741000175476074, 0.5741000175476074], 'eval_rte': [0.012511000037193298, 0.012511000037193298, 0.012511000037193298, 0.012511000037193298, 0.012511000037193298, 0.012511000037193298, 0.012511000037193298, 0.012511000037193298, 0.012511000037193298, 0.012511000037193298, 0.012511000037193298, 0.012511000037193298, 0.012511000037193298, 0.012511000037193298, 0.012511000037193298, 0.012511000037193298, 0.012511000037193298, 0.012511000037193298, 0.012511000037193298, 0.012511000037193298, 0.012511000037193298, 0.012511000037193298, 0.012511000037193298, 0.012511000037193298, 0.012511000037193298]}",-0.007478931803762097,6098,/home/ojab2/work/git/gsplat/results/combined_outputs/bicycle_4_n75_s42_combined_vggtcams_colmappcd_amglobal_default_farthestpose_i75_gteval_steps15000/stats/val_step14999.json,bicycle_4_n75_s42_combined_vggtcams_colmappcd_amglobal_default_farthestpose_i75_gteval_steps15000,0.5741,0.045375,44,combined | default | colmappcd,75.0
combined,100,42,,16592,,farthestpose,100,GT Eval,,,,,,,,0.0,,vggt,,,15000,15000,default,MCMC,vggtcams,colmappcd,Global Alignment,,,gsplat,17.42807388305664,0.5197178721427917,0.2889438271522522,1000000,0.015425998717546463,0.8569999933242798,"{'psnr': [15.967836380004883, 14.530688285827637, 16.732702255249023, 15.913970947265625, 17.038860321044922, 16.55767250061035, 15.66323471069336, 16.147363662719727, 19.156715393066406, 18.974721908569336, 18.200891494750977, 18.610273361206055, 16.053306579589844, 16.590442657470703, 19.56418228149414, 18.94002342224121, 19.783166885375977, 16.025327682495117, 17.064746856689453, 20.60962677001953, 18.88652229309082, 18.679346084594727, 16.95527458190918, 17.039783477783203, 16.015132904052734], 'ssim': [0.20995958149433136, 0.20626011490821838, 0.27180078625679016, 0.20622463524341583, 0.2890332043170929, 0.27895990014076233, 0.21136313676834106, 0.23023760318756104, 0.3486866354942322, 0.3009827733039856, 0.3002924621105194, 0.30281683802604675, 0.2648009955883026, 0.2760888636112213, 0.34699976444244385, 0.32073572278022766, 0.3977132737636566, 0.24061450362205505, 0.31397154927253723, 0.4098659157752991, 0.2671099305152893, 0.34792667627334595, 0.32480472326278687, 0.23785988986492157, 0.3184865415096283], 'lpips': [0.5182753801345825, 0.5507681369781494, 0.593137264251709, 0.5560159087181091, 0.5308835506439209, 0.5184269547462463, 0.496675044298172, 0.5223151445388794, 0.5506147742271423, 0.5006370544433594, 0.47817981243133545, 0.5472787618637085, 0.5066075325012207, 0.514285683631897, 0.5436426401138306, 0.46464046835899353, 0.5102929472923279, 0.4927525222301483, 0.4956982433795929, 0.5139296054840088, 0.47079479694366455, 0.5184720754623413, 0.4884691536426544, 0.5354088544845581, 0.5747448205947876], 'depth_factor': [15.56174087524414, 81.76909637451172, 16.028564453125, 27.478517532348633, 25.861852645874023, 17.684165954589844, 16.7229061126709, 34.24186325073242, 16.382965087890625, 16.874282836914062, 17.913537979125977, 23.604413986206055, 7.191208839416504, 11.335526466369629, 6.218787670135498, 24.665367126464844, 14.150293350219727, 11.131769180297852, 4.727480411529541, 5.992447376251221, 5.936647415161133, 14.518538475036621, 11.659785270690918, 2.672119140625, 3.842153787612915], 'eval_rre': [0.8569999933242798, 0.8569999933242798, 0.8569999933242798, 0.8569999933242798, 0.8569999933242798, 0.8569999933242798, 0.8569999933242798, 0.8569999933242798, 0.8569999933242798, 0.8569999933242798, 0.8569999933242798, 0.8569999933242798, 0.8569999933242798, 0.8569999933242798, 0.8569999933242798, 0.8569999933242798, 0.8569999933242798, 0.8569999933242798, 0.8569999933242798, 0.8569999933242798, 0.8569999933242798, 0.8569999933242798, 0.8569999933242798, 0.8569999933242798, 0.8569999933242798], 'eval_rte': [0.015425999648869038, 0.015425999648869038, 0.015425999648869038, 0.015425999648869038, 0.015425999648869038, 0.015425999648869038, 0.015425999648869038, 0.015425999648869038, 0.015425999648869038, 0.015425999648869038, 0.015425999648869038, 0.015425999648869038, 0.015425999648869038, 0.015425999648869038, 0.015425999648869038, 0.015425999648869038, 0.015425999648869038, 0.015425999648869038, 0.015425999648869038, 0.015425999648869038, 0.015425999648869038, 0.015425999648869038, 0.015425999648869038, 0.015425999648869038, 0.015425999648869038]}",0.07733435449544453,16592,/home/ojab2/work/git/gsplat/results/combined_outputs/bicycle_4_n100_s42_combined_vggtcams_colmappcd_amglobal_default_farthestpose_i100_gteval_steps15000/stats/val_step14999.json,bicycle_4_n100_s42_combined_vggtcams_colmappcd_amglobal_default_farthestpose_i100_gteval_steps15000,0.857,0.067143,100,combined | default | colmappcd,100.0
combined,25,42,0.0,25000,random,farthestpose,25,GT Eval,,,,,,,,0.0,,colmap,,,15000,15000,default,MCMC,colmapcams,vggtpcd,Global Alignment,,,gsplat,12.606840133666992,0.6925151944160461,0.15705612301826477,1000000,0.015377999283373356,2.0248000621795654,"{'psnr': [11.443081855773926, 10.962559700012207, 10.698874473571777, 11.259554862976074, 13.058924674987793, 12.600685119628906, 12.935023307800293, 12.415761947631836, 12.218825340270996, 13.462334632873535, 13.271764755249023, 13.771628379821777, 13.216702461242676, 12.662449836730957, 11.980779647827148, 12.80656623840332, 14.535584449768066, 12.513781547546387, 12.022124290466309, 12.234919548034668, 12.434966087341309, 15.71058177947998, 12.396062850952148, 12.007976531982422, 12.549500465393066], 'ssim': [0.12333603948354721, 0.12859347462654114, 0.12434972822666168, 0.10212177783250809, 0.16914400458335876, 0.166592538356781, 0.13672780990600586, 0.13242316246032715, 0.17591290175914764, 0.15032958984375, 0.14570222795009613, 0.17903850972652435, 0.14973683655261993, 0.13802677392959595, 0.14612753689289093, 0.1522025763988495, 0.21478155255317688, 0.13417598605155945, 0.14766936004161835, 0.2459252029657364, 0.14216788113117218, 0.22864796221256256, 0.16276296973228455, 0.13752666115760803, 0.19238010048866272], 'lpips': [0.7146291136741638, 0.7520936727523804, 0.798798680305481, 0.732417106628418, 0.5562138557434082, 0.6108789443969727, 0.7036295533180237, 0.7350862622261047, 0.7820030450820923, 0.7178614735603333, 0.6127684116363525, 0.5934541821479797, 0.6868009567260742, 0.73671555519104, 0.7865189909934998, 0.6899919509887695, 0.6056574583053589, 0.7044836282730103, 0.7238669991493225, 0.7494980096817017, 0.6886775493621826, 0.5349744558334351, 0.682599663734436, 0.6998022794723511, 0.7134572863578796], 'depth_factor': [97.4263687133789, 90.97582244873047, 82.6930923461914, 263.7365417480469, 17.844846725463867, 50.05290985107422, 16.08744239807129, 182.7872772216797, 40.2273063659668, 25.35309600830078, 891.2758178710938, 55.62043762207031, 118.43883514404297, 31.250986099243164, 52.52424621582031, 45.52050018310547, 31.07158088684082, 7.643802642822266, 18.660367965698242, 24.280611038208008, 71.42815399169922, 17.577245712280273, 74.9695053100586, 118.26611328125, 7.290724277496338], 'eval_rre': [2.0248000621795654, 2.0248000621795654, 2.0248000621795654, 2.0248000621795654, 2.0248000621795654, 2.0248000621795654, 2.0248000621795654, 2.0248000621795654, 2.0248000621795654, 2.0248000621795654, 2.0248000621795654, 2.0248000621795654, 2.0248000621795654, 2.0248000621795654, 2.0248000621795654, 2.0248000621795654, 2.0248000621795654, 2.0248000621795654, 2.0248000621795654, 2.0248000621795654, 2.0248000621795654, 2.0248000621795654, 2.0248000621795654, 2.0248000621795654, 2.0248000621795654], 'eval_rte': [0.01537800021469593, 0.01537800021469593, 0.01537800021469593, 0.01537800021469593, 0.01537800021469593, 0.01537800021469593, 0.01537800021469593, 0.01537800021469593, 0.01537800021469593, 0.01537800021469593, 0.01537800021469593, 0.01537800021469593, 0.01537800021469593, 0.01537800021469593, 0.01537800021469593, 0.01537800021469593, 0.01537800021469593, 0.01537800021469593, 0.01537800021469593, 0.01537800021469593, 0.01537800021469593, 0.01537800021469593, 0.01537800021469593, 0.01537800021469593, 0.01537800021469593]}",-0.1957400780827135,7039,/home/ojab2/work/git/gsplat/results/combined_outputs/bicycle_4_n25_s42_combined_colmapcams_vggtpcd_amglobal_default_c0.0_p25000_random_farthestpose_i25_gteval_steps15000/stats/val_step14999.json,bicycle_4_n25_s42_combined_colmapcams_vggtpcd_amglobal_default_c0.0_p25000_random_farthestpose_i25_gteval_steps15000,2.0248,0.019853,7,combined | default | vggtpcd,25.0
combined,50,42,0.0,50000,random,farthestpose,50,GT Eval,,,,,,,,0.0,,colmap,,,15000,15000,default,MCMC,colmapcams,vggtpcd,Global Alignment,,,gsplat,15.2349853515625,0.49031415581703186,0.20475028455257416,1000000,0.007499999366700649,0.4106999933719635,"{'psnr': [15.582762718200684, 13.027935028076172, 10.298376083374023, 12.559110641479492, 16.888914108276367, 16.822324752807617, 15.27268123626709, 14.342158317565918, 13.393747329711914, 14.574075698852539, 17.3684024810791, 17.79031753540039, 16.72906494140625, 15.016340255737305, 12.861138343811035, 14.963640213012695, 19.288122177124023, 15.709141731262207, 14.8745756149292, 12.973036766052246, 14.402703285217285, 18.45196533203125, 17.350500106811523, 13.713190078735352, 16.620412826538086], 'ssim': [0.20221078395843506, 0.146241694688797, 0.1136370599269867, 0.13582320511341095, 0.2751736342906952, 0.2732544243335724, 0.182496577501297, 0.15836939215660095, 0.14787358045578003, 0.16945920884609222, 0.25587406754493713, 0.274795800447464, 0.23047183454036713, 0.18362578749656677, 0.1412762552499771, 0.19610941410064697, 0.33258071541786194, 0.18096867203712463, 0.19024766981601715, 0.18197306990623474, 0.18147629499435425, 0.2926100492477417, 0.2638181746006012, 0.15895040333271027, 0.2494393140077591], 'lpips': [0.40506696701049805, 0.4830995202064514, 0.730222761631012, 0.5796529054641724, 0.39919552206993103, 0.3833370506763458, 0.37227678298950195, 0.4958854019641876, 0.6734833717346191, 0.5979738235473633, 0.4145835041999817, 0.4094439744949341, 0.4005871117115021, 0.4917791485786438, 0.6673914194107056, 0.5371426343917847, 0.33197981119155884, 0.4337882697582245, 0.5201846957206726, 0.6563208699226379, 0.5352005958557129, 0.31198012828826904, 0.3951038420200348, 0.5663502812385559, 0.4658237099647522], 'depth_factor': [4.468214988708496, 6.390172481536865, 18.632076263427734, 16.632593154907227, 7.382466793060303, 7.23397159576416, 5.4187211990356445, 3.473775863647461, 9.73774242401123, 10.014872550964355, 10.323360443115234, 8.36292839050293, 6.428371906280518, 3.3040828704833984, 4.130916595458984, 4.500147819519043, 8.314285278320312, 3.31265926361084, 3.340686559677124, 9.375484466552734, 14.499942779541016, 4.8324456214904785, 5.626371383666992, 9.492630958557129, 2.508012533187866], 'eval_rre': [0.4106999933719635, 0.4106999933719635, 0.4106999933719635, 0.4106999933719635, 0.4106999933719635, 0.4106999933719635, 0.4106999933719635, 0.4106999933719635, 0.4106999933719635, 0.4106999933719635, 0.4106999933719635, 0.4106999933719635, 0.4106999933719635, 0.4106999933719635, 0.4106999933719635, 0.4106999933719635, 0.4106999933719635, 0.4106999933719635, 0.4106999933719635, 0.4106999933719635, 0.4106999933719635, 0.4106999933719635, 0.4106999933719635, 0.4106999933719635, 0.4106999933719635], 'eval_rte': [0.007499999832361937, 0.007499999832361937, 0.007499999832361937, 0.007499999832361937, 0.007499999832361937, 0.007499999832361937, 0.007499999832361937, 0.007499999832361937, 0.007499999832361937, 0.007499999832361937, 0.007499999832361937, 0.007499999832361937, 0.007499999832361937, 0.007499999832361937, 0.007499999832361937, 0.007499999832361937, 0.007499999832361937, 0.007499999832361937, 0.007499999832361937, 0.007499999832361937, 0.007499999832361937, 0.007499999832361937, 0.007499999832361937, 0.007499999832361937, 0.007499999832361937]}",0.0056360562642415735,28858,/home/ojab2/work/git/gsplat/results/combined_outputs/bicycle_4_n50_s42_combined_colmapcams_vggtpcd_amglobal_default_c0.0_p50000_random_farthestpose_i50_gteval_steps15000/stats/val_step14999.json,bicycle_4_n50_s42_combined_colmapcams_vggtpcd_amglobal_default_c0.0_p50000_random_farthestpose_i50_gteval_steps15000,0.4107,0.024175,29,combined | default | vggtpcd,50.0
combined,75,42,0.0,75000,random,farthestpose,75,GT Eval,,,,,,,,0.0,,colmap,,,15000,15000,default,MCMC,colmapcams,vggtpcd,Global Alignment,,,gsplat,16.20039176940918,0.4151793122291565,0.23351137340068817,1000000,0.009948000311851501,0.3172000050544739,"{'psnr': [16.17371368408203, 15.032049179077148, 10.750000953674316, 12.475205421447754, 16.260339736938477, 17.20256233215332, 17.227397918701172, 17.093889236450195, 14.213423728942871, 14.862826347351074, 16.78812599182129, 18.555543899536133, 17.144010543823242, 18.53992462158203, 14.122824668884277, 14.846144676208496, 19.858245849609375, 17.580291748046875, 19.037919998168945, 13.90488052368164, 14.588348388671875, 18.774274826049805, 18.15381622314453, 14.554198265075684, 17.269853591918945], 'ssim': [0.21831651031970978, 0.20698091387748718, 0.14196538925170898, 0.11861737072467804, 0.2502906322479248, 0.25699281692504883, 0.25959280133247375, 0.26479923725128174, 0.20114919543266296, 0.165357768535614, 0.2338080257177353, 0.25229448080062866, 0.2561502754688263, 0.28940945863723755, 0.2262233942747116, 0.18138912320137024, 0.3231770396232605, 0.23604032397270203, 0.315513014793396, 0.24622109532356262, 0.16821706295013428, 0.27699515223503113, 0.28988024592399597, 0.17693401873111725, 0.2814688980579376], 'lpips': [0.37746888399124146, 0.41308337450027466, 0.7055193781852722, 0.5273728370666504, 0.3115859627723694, 0.3359341025352478, 0.3229798376560211, 0.40826499462127686, 0.6279250979423523, 0.5316293239593506, 0.3263874351978302, 0.33965572714805603, 0.3256109356880188, 0.35147199034690857, 0.5953514575958252, 0.44288375973701477, 0.26988038420677185, 0.3550737798213959, 0.35530775785446167, 0.5854929089546204, 0.4495537281036377, 0.24230729043483734, 0.3123045265674591, 0.49490439891815186, 0.37153369188308716], 'depth_factor': [6.225342273712158, 3.879103660583496, 26.01226806640625, 10.30073356628418, 9.08498764038086, 8.431319236755371, 5.548461437225342, 7.746137619018555, 9.763628005981445, 4.721395015716553, 12.73901081085205, 8.584798812866211, 5.3587727546691895, 3.1804840564727783, 5.368063926696777, 3.9572036266326904, 9.028363227844238, 3.0523715019226074, 3.0792953968048096, 6.495249271392822, 10.930312156677246, 6.143798828125, 3.2874081134796143, 2.3082900047302246, 2.651139736175537], 'eval_rre': [0.3172000050544739, 0.3172000050544739, 0.3172000050544739, 0.3172000050544739, 0.3172000050544739, 0.3172000050544739, 0.3172000050544739, 0.3172000050544739, 0.3172000050544739, 0.3172000050544739, 0.3172000050544739, 0.3172000050544739, 0.3172000050544739, 0.3172000050544739, 0.3172000050544739, 0.3172000050544739, 0.3172000050544739, 0.3172000050544739, 0.3172000050544739, 0.3172000050544739, 0.3172000050544739, 0.3172000050544739, 0.3172000050544739, 0.3172000050544739, 0.3172000050544739], 'eval_rte': [0.009948000311851501, 0.009948000311851501, 0.009948000311851501, 0.009948000311851501, 0.009948000311851501, 0.009948000311851501, 0.009948000311851501, 0.009948000311851501, 0.009948000311851501, 0.009948000311851501, 0.009948000311851501, 0.009948000311851501, 0.009948000311851501, 0.009948000311851501, 0.009948000311851501, 0.009948000311851501, 0.009948000311851501, 0.009948000311851501, 0.009948000311851501, 0.009948000311851501, 0.009948000311851501, 0.009948000311851501, 0.009948000311851501, 0.009948000311851501, 0.009948000311851501]}",0.08671283617354278,44057,/home/ojab2/work/git/gsplat/results/combined_outputs/bicycle_4_n75_s42_combined_colmapcams_vggtpcd_amglobal_default_c0.0_p75000_random_farthestpose_i75_gteval_steps15000/stats/val_step14999.json,bicycle_4_n75_s42_combined_colmapcams_vggtpcd_amglobal_default_c0.0_p75000_random_farthestpose_i75_gteval_steps15000,0.3172,0.031599,44,combined | default | vggtpcd,75.0
combined,100,42,0.0,100000,random,farthestpose,100,GT Eval,,,,,,,,0.0,,colmap,,,15000,15000,default,MCMC,colmapcams,vggtpcd,Global Alignment,,,gsplat,20.55174446105957,0.27579376101493835,0.4731433391571045,1000000,0.004395000170916319,0.10670001059770584,"{'psnr': [18.589874267578125, 16.21710777282715, 17.930904388427734, 19.22439193725586, 18.48799705505371, 19.518428802490234, 19.990177154541016, 19.66574478149414, 20.90155601501465, 21.515426635742188, 20.95888900756836, 21.34762191772461, 20.12124252319336, 20.914535522460938, 21.328767776489258, 22.759828567504883, 22.869646072387695, 20.271663665771484, 21.27411651611328, 22.65521812438965, 23.03155517578125, 22.973140716552734, 21.021923065185547, 20.839733123779297, 19.384164810180664], 'ssim': [0.4318965971469879, 0.3164580762386322, 0.3514949381351471, 0.45023927092552185, 0.45223289728164673, 0.47791925072669983, 0.45226266980171204, 0.41288474202156067, 0.399300217628479, 0.4882168471813202, 0.49475955963134766, 0.5080496668815613, 0.4636729955673218, 0.5023037195205688, 0.438481867313385, 0.5503279566764832, 0.581733226776123, 0.4304944574832916, 0.5258903503417969, 0.5342133641242981, 0.5363287329673767, 0.5951805114746094, 0.5279756188392639, 0.41597333550453186, 0.49029281735420227], 'lpips': [0.3556491434574127, 0.37001103162765503, 0.41946595907211304, 0.3255826234817505, 0.3242926597595215, 0.30104154348373413, 0.28996554017066956, 0.2884489893913269, 0.33755338191986084, 0.2573305666446686, 0.27633944153785706, 0.29644039273262024, 0.26995187997817993, 0.2470327615737915, 0.2605443596839905, 0.2515718340873718, 0.2201194167137146, 0.23468902707099915, 0.19917215406894684, 0.21591748297214508, 0.21391302347183228, 0.21208259463310242, 0.2064492106437683, 0.2659675180912018, 0.2553121745586395], 'depth_factor': [17.316585540771484, 6.3680419921875, 7.276757717132568, 46.0374641418457, 7.754147529602051, 7.010159969329834, 3.8552474975585938, 5.6579718589782715, 7.040687561035156, 6.515055179595947, 7.940652370452881, 10.359308242797852, 4.312683582305908, 4.891190528869629, 5.436922073364258, 4.94069766998291, 11.060089111328125, 3.0543370246887207, 3.0535776615142822, 5.430505752563477, 3.426997661590576, 5.271839141845703, 3.146059989929199, 2.8247644901275635, 2.4721179008483887], 'eval_rre': [0.10670000314712524, 0.10670000314712524, 0.10670000314712524, 0.10670000314712524, 0.10670000314712524, 0.10670000314712524, 0.10670000314712524, 0.10670000314712524, 0.10670000314712524, 0.10670000314712524, 0.10670000314712524, 0.10670000314712524, 0.10670000314712524, 0.10670000314712524, 0.10670000314712524, 0.10670000314712524, 0.10670000314712524, 0.10670000314712524, 0.10670000314712524, 0.10670000314712524, 0.10670000314712524, 0.10670000314712524, 0.10670000314712524, 0.10670000314712524, 0.10670000314712524], 'eval_rte': [0.004395000170916319, 0.004395000170916319, 0.004395000170916319, 0.004395000170916319, 0.004395000170916319, 0.004395000170916319, 0.004395000170916319, 0.004395000170916319, 0.004395000170916319, 0.004395000170916319, 0.004395000170916319, 0.004395000170916319, 0.004395000170916319, 0.004395000170916319, 0.004395000170916319, 0.004395000170916319, 0.004395000170916319, 0.004395000170916319, 0.004395000170916319, 0.004395000170916319, 0.004395000170916319, 0.004395000170916319, 0.004395000170916319, 0.004395000170916319, 0.004395000170916319]}",0.3934695577760886,100000,/home/ojab2/work/git/gsplat/results/combined_outputs/bicycle_4_n100_s42_combined_colmapcams_vggtpcd_amglobal_default_c0.0_p100000_random_farthestpose_i100_gteval_steps15000/stats/val_step14999.json,bicycle_4_n100_s42_combined_colmapcams_vggtpcd_amglobal_default_c0.0_p100000_random_farthestpose_i100_gteval_steps15000,0.1067,0.017644,100,combined | default | vggtpcd,100.0
colmap,25,42,,667,,farthestpose,25,GT Eval,,,,,,,,0.0,,colmap,,,15000,15000,default,MCMC,,,,,,gsplat,11.950754165649414,0.755700409412384,0.20383784174919128,739712,0.015377999283373356,2.0248000621795654,"{'psnr': [10.501816749572754, 10.534689903259277, 11.71003246307373, 11.674934387207031, 12.585287094116211, 12.362726211547852, 11.505033493041992, 10.546648025512695, 11.5386323928833, 13.375252723693848, 12.179642677307129, 13.479207992553711, 12.11359691619873, 10.8034029006958, 11.28799819946289, 12.902021408081055, 13.803945541381836, 11.238350868225098, 10.79304027557373, 11.090764999389648, 12.632440567016602, 15.268312454223633, 11.449551582336426, 12.26933765411377, 11.122167587280273], 'ssim': [0.1346772015094757, 0.1630105972290039, 0.21586403250694275, 0.1568533480167389, 0.18499672412872314, 0.20245063304901123, 0.15329933166503906, 0.17019952833652496, 0.2145310491323471, 0.24186670780181885, 0.19019818305969238, 0.20247280597686768, 0.19574104249477386, 0.17425411939620972, 0.19728831946849823, 0.23430980741977692, 0.26872196793556213, 0.1627511978149414, 0.2053993195295334, 0.24669994413852692, 0.23342134058475494, 0.2971383333206177, 0.21648111939430237, 0.21225228905677795, 0.2210679054260254], 'lpips': [0.7842065095901489, 0.807409405708313, 0.8696432709693909, 0.7671449780464172, 0.6417918801307678, 0.6879907846450806, 0.7715737819671631, 0.7912297248840332, 0.8417659997940063, 0.8012933731079102, 0.6703303456306458, 0.6987106800079346, 0.7469329237937927, 0.7725487947463989, 0.8478895425796509, 0.7089210152626038, 0.69789719581604, 0.7472587823867798, 0.7689204216003418, 0.8315635919570923, 0.7316872477531433, 0.6407347321510315, 0.7292291522026062, 0.7785868644714355, 0.7572508454322815], 'depth_factor': [40.983070373535156, 26.37382698059082, 11.25057601928711, 70.287353515625, 36.76217269897461, 23.80056381225586, 175.06141662597656, 131.74859619140625, 484.00982666015625, 37.30101013183594, 15.996511459350586, 24.263057708740234, 123.77803802490234, 37.600364685058594, 29.339717864990234, 12.590774536132812, 18.26392936706543, 76.57837677001953, 37.35734558105469, 29.266677856445312, 17.565690994262695, 11.28600025177002, 39.093727111816406, 13.054408073425293, 149.85105895996094], 'eval_rre': [2.0248000621795654, 2.0248000621795654, 2.0248000621795654, 2.0248000621795654, 2.0248000621795654, 2.0248000621795654, 2.0248000621795654, 2.0248000621795654, 2.0248000621795654, 2.0248000621795654, 2.0248000621795654, 2.0248000621795654, 2.0248000621795654, 2.0248000621795654, 2.0248000621795654, 2.0248000621795654, 2.0248000621795654, 2.0248000621795654, 2.0248000621795654, 2.0248000621795654, 2.0248000621795654, 2.0248000621795654, 2.0248000621795654, 2.0248000621795654, 2.0248000621795654], 'eval_rte': [0.01537800021469593, 0.01537800021469593, 0.01537800021469593, 0.01537800021469593, 0.01537800021469593, 0.01537800021469593, 0.01537800021469593, 0.01537800021469593, 0.01537800021469593, 0.01537800021469593, 0.01537800021469593, 0.01537800021469593, 0.01537800021469593, 0.01537800021469593, 0.01537800021469593, 0.01537800021469593, 0.01537800021469593, 0.01537800021469593, 0.01537800021469593, 0.01537800021469593, 0.01537800021469593, 0.01537800021469593, 0.01537800021469593, 0.01537800021469593, 0.01537800021469593]}",-0.21953530711272531,667,/home/ojab2/work/git/gsplat/results/colmap_outputs/bicycle_4_n25_s42_default_farthestpose_i25_gteval_steps15000/stats/val_step14999.json,bicycle_4_n25_s42_default_farthestpose_i25_gteval_steps15000,2.0248,0.019853,7,colmap | default | ,25.0
colmap,50,42,,3101,,farthestpose,50,GT Eval,,,,,,,,0.0,,colmap,,,15000,15000,default,MCMC,,,,,,gsplat,15.716667175292969,0.5955236554145813,0.25875329971313477,1000000,0.007499999366700649,0.4106999933719635,"{'psnr': [16.440418243408203, 13.629634857177734, 11.293692588806152, 12.675304412841797, 16.78162956237793, 17.188804626464844, 15.52381420135498, 14.803051948547363, 15.102294921875, 15.135223388671875, 17.30838394165039, 18.539928436279297, 16.639673233032227, 15.26212215423584, 14.322724342346191, 15.270650863647461, 19.51445770263672, 15.8060941696167, 15.732422828674316, 14.101298332214355, 14.779938697814941, 18.776817321777344, 17.053733825683594, 14.978950500488281, 16.255615234375], 'ssim': [0.22573590278625488, 0.17805494368076324, 0.20069348812103271, 0.16195979714393616, 0.28491640090942383, 0.29148411750793457, 0.20998698472976685, 0.19815495610237122, 0.2892738878726959, 0.2122410237789154, 0.28123345971107483, 0.30240821838378906, 0.26474276185035706, 0.23267951607704163, 0.2620472013950348, 0.23168011009693146, 0.3777911961078644, 0.2227163165807724, 0.28366103768348694, 0.29913175106048584, 0.22662535309791565, 0.34949588775634766, 0.3347371220588684, 0.2347860336303711, 0.3125953674316406], 'lpips': [0.505867600440979, 0.5571574568748474, 0.812340259552002, 0.6554824709892273, 0.5182052850723267, 0.5176721215248108, 0.4921039938926697, 0.5726041793823242, 0.7425174713134766, 0.6703654527664185, 0.49649661779403687, 0.5485584735870361, 0.5312071442604065, 0.584968090057373, 0.7448099851608276, 0.595789909362793, 0.5283949971199036, 0.5492697954177856, 0.598179817199707, 0.7368464469909668, 0.6253998875617981, 0.525470495223999, 0.5347301959991455, 0.6492218375205994, 0.5944311022758484], 'depth_factor': [9.960835456848145, 8.610958099365234, 63.73011779785156, 334.09033203125, 19.558130264282227, 46.95656967163086, 10.134379386901855, 6.756802082061768, 38.69695281982422, 355.9097900390625, 14.210565567016602, 18.49753189086914, 58.57658767700195, 6.843924522399902, 135.50384521484375, 56.474063873291016, 28.047677993774414, 10.734586715698242, 4.771660327911377, 128.05093383789062, 460.6143798828125, 7.7714924812316895, 20.664772033691406, 9.129692077636719, 7.274670600891113], 'eval_rre': [0.4106999933719635, 0.4106999933719635, 0.4106999933719635, 0.4106999933719635, 0.4106999933719635, 0.4106999933719635, 0.4106999933719635, 0.4106999933719635, 0.4106999933719635, 0.4106999933719635, 0.4106999933719635, 0.4106999933719635, 0.4106999933719635, 0.4106999933719635, 0.4106999933719635, 0.4106999933719635, 0.4106999933719635, 0.4106999933719635, 0.4106999933719635, 0.4106999933719635, 0.4106999933719635, 0.4106999933719635, 0.4106999933719635, 0.4106999933719635, 0.4106999933719635], 'eval_rte': [0.007499999832361937, 0.007499999832361937, 0.007499999832361937, 0.007499999832361937, 0.007499999832361937, 0.007499999832361937, 0.007499999832361937, 0.007499999832361937, 0.007499999832361937, 0.007499999832361937, 0.007499999832361937, 0.007499999832361937, 0.007499999832361937, 0.007499999832361937, 0.007499999832361937, 0.007499999832361937, 0.007499999832361937, 0.007499999832361937, 0.007499999832361937, 0.007499999832361937, 0.007499999832361937, 0.007499999832361937, 0.007499999832361937, 0.007499999832361937, 0.007499999832361937]}",-0.018807334896803897,3101,/home/ojab2/work/git/gsplat/results/colmap_outputs/bicycle_4_n50_s42_default_farthestpose_i50_gteval_steps15000/stats/val_step14999.json,bicycle_4_n50_s42_default_farthestpose_i50_gteval_steps15000,0.4107,0.024175,29,colmap | default | ,50.0
colmap,75,42,,6098,,farthestpose,75,GT Eval,,,,,,,,0.0,,colmap,,,15000,15000,default,MCMC,,,,,,gsplat,16.598560333251953,0.5024242997169495,0.26815733313560486,1000000,0.009948000311851501,0.3172000050544739,"{'psnr': [16.969945907592773, 15.63541030883789, 11.223036766052246, 12.695589065551758, 16.43889045715332, 17.422868728637695, 17.49506187438965, 17.648771286010742, 14.71446704864502, 15.396564483642578, 16.74247932434082, 19.02931022644043, 17.375146865844727, 18.74176597595215, 14.543508529663086, 15.412327766418457, 20.02869415283203, 17.855880737304688, 19.419540405273438, 14.488642692565918, 15.181906700134277, 18.97945785522461, 18.473655700683594, 15.576229095458984, 17.474868774414062], 'ssim': [0.23467709124088287, 0.23259295523166656, 0.19222591817378998, 0.14683304727077484, 0.2578783333301544, 0.2730835974216461, 0.27118730545043945, 0.28037744760513306, 0.2468208372592926, 0.21061265468597412, 0.2539812922477722, 0.2800317704677582, 0.2790555953979492, 0.32435572147369385, 0.26295292377471924, 0.22295337915420532, 0.35627371072769165, 0.2725864350795746, 0.37110596895217896, 0.30241432785987854, 0.21558457612991333, 0.31911638379096985, 0.3450707197189331, 0.2253843992948532, 0.3267773687839508], 'lpips': [0.43650367856025696, 0.4986606538295746, 0.7627444863319397, 0.5818279981613159, 0.3826632499694824, 0.4063495695590973, 0.40380316972732544, 0.5007284879684448, 0.6944140195846558, 0.5962375402450562, 0.37879765033721924, 0.42450809478759766, 0.4171026051044464, 0.4677121639251709, 0.6698616147041321, 0.4940186142921448, 0.40469688177108765, 0.444705069065094, 0.4775053858757019, 0.659665584564209, 0.5212485790252686, 0.4121953248977661, 0.44320839643478394, 0.5719580054283142, 0.5094918608665466], 'depth_factor': [37.35213851928711, 12.655738830566406, 105.9122543334961, 110.36937713623047, 44.66196823120117, 16.538585662841797, 12.59306526184082, 22.8663387298584, 40.89912414550781, 111.37386322021484, 26.057409286499023, 22.38545799255371, 15.064189910888672, 5.820756912231445, 14.22242546081543, 10.084742546081543, 15.36291790008545, 22.35187530517578, 32.58694839477539, 19.24659538269043, 20.526472091674805, 12.8009614944458, 10.475444793701172, 7.905878067016602, 5.158069610595703], 'eval_rre': [0.3172000050544739, 0.3172000050544739, 0.3172000050544739, 0.3172000050544739, 0.3172000050544739, 0.3172000050544739, 0.3172000050544739, 0.3172000050544739, 0.3172000050544739, 0.3172000050544739, 0.3172000050544739, 0.3172000050544739, 0.3172000050544739, 0.3172000050544739, 0.3172000050544739, 0.3172000050544739, 0.3172000050544739, 0.3172000050544739, 0.3172000050544739, 0.3172000050544739, 0.3172000050544739, 0.3172000050544739, 0.3172000050544739, 0.3172000050544739, 0.3172000050544739], 'eval_rte': [0.009948000311851501, 0.009948000311851501, 0.009948000311851501, 0.009948000311851501, 0.009948000311851501, 0.009948000311851501, 0.009948000311851501, 0.009948000311851501, 0.009948000311851501, 0.009948000311851501, 0.009948000311851501, 0.009948000311851501, 0.009948000311851501, 0.009948000311851501, 0.009948000311851501, 0.009948000311851501, 0.009948000311851501, 0.009948000311851501, 0.009948000311851501, 0.009948000311851501, 0.009948000311851501, 0.009948000311851501, 0.009948000311851501, 0.009948000311851501, 0.009948000311851501]}",0.06049219271515475,6098,/home/ojab2/work/git/gsplat/results/colmap_outputs/bicycle_4_n75_s42_default_farthestpose_i75_gteval_steps15000/stats/val_step14999.json,bicycle_4_n75_s42_default_farthestpose_i75_gteval_steps15000,0.3172,0.031599,44,colmap | default | ,75.0
colmap,100,42,,16592,,farthestpose,100,GT Eval,,,,,,,,0.0,,colmap,,,15000,15000,default,MCMC,,,,,,gsplat,20.884952545166016,0.3679383099079132,0.480841726064682,1000000,0.004395000170916319,0.10670001059770584,"{'psnr': [20.25153160095215, 17.200498580932617, 18.23328399658203, 19.791227340698242, 19.79511260986328, 19.882421493530273, 20.43458366394043, 19.839359283447266, 21.211193084716797, 21.803157806396484, 21.373043060302734, 21.997758865356445, 20.19300651550293, 20.733135223388672, 21.501182556152344, 22.7217960357666, 23.147781372070312, 20.32737159729004, 21.278072357177734, 22.78484535217285, 23.014244079589844, 23.2575626373291, 20.974706649780273, 20.93233871459961, 19.444589614868164], 'ssim': [0.44915515184402466, 0.3360975980758667, 0.36508288979530334, 0.48125359416007996, 0.48807379603385925, 0.4943126142024994, 0.45307764410972595, 0.4079592525959015, 0.438553124666214, 0.5191377401351929, 0.5139434933662415, 0.5356083512306213, 0.47131219506263733, 0.47791796922683716, 0.45986780524253845, 0.5547766089439392, 0.5957773327827454, 0.4189739227294922, 0.508437991142273, 0.5451262593269348, 0.5358468890190125, 0.5923466086387634, 0.5056003332138062, 0.41488438844680786, 0.457920104265213], 'lpips': [0.4390217065811157, 0.4695642590522766, 0.4567634165287018, 0.3737293481826782, 0.36712446808815, 0.36225414276123047, 0.38759392499923706, 0.4061426520347595, 0.3970412611961365, 0.31532490253448486, 0.3340708613395691, 0.35544830560684204, 0.36009398102760315, 0.366007924079895, 0.38037919998168945, 0.32953938841819763, 0.3227614462375641, 0.3490954339504242, 0.33072489500045776, 0.344992071390152, 0.3154153525829315, 0.34363365173339844, 0.33639636635780334, 0.3650446832180023, 0.39029377698898315], 'depth_factor': [15.169671058654785, 35.70987319946289, 14.485447883605957, 10.79124927520752, 23.11434555053711, 13.70008659362793, 13.432612419128418, 6.19611930847168, 16.342010498046875, 23.67352294921875, 24.444564819335938, 23.8139705657959, 107.31226348876953, 6.106441974639893, 6.163629531860352, 7.4783935546875, 10.00186824798584, 3.876049757003784, 8.051451683044434, 6.306272029876709, 2.7736940383911133, 6.01753568649292, 5.344354152679443, 2.1921772956848145, 2.607241153717041], 'eval_rre': [0.10670000314712524, 0.10670000314712524, 0.10670000314712524, 0.10670000314712524, 0.10670000314712524, 0.10670000314712524, 0.10670000314712524, 0.10670000314712524, 0.10670000314712524, 0.10670000314712524, 0.10670000314712524, 0.10670000314712524, 0.10670000314712524, 0.10670000314712524, 0.10670000314712524, 0.10670000314712524, 0.10670000314712524, 0.10670000314712524, 0.10670000314712524, 0.10670000314712524, 0.10670000314712524, 0.10670000314712524, 0.10670000314712524, 0.10670000314712524, 0.10670000314712524], 'eval_rte': [0.004395000170916319, 0.004395000170916319, 0.004395000170916319, 0.004395000170916319, 0.004395000170916319, 0.004395000170916319, 0.004395000170916319, 0.004395000170916319, 0.004395000170916319, 0.004395000170916319, 0.004395000170916319, 0.004395000170916319, 0.004395000170916319, 0.004395000170916319, 0.004395000170916319, 0.004395000170916319, 0.004395000170916319, 0.004395000170916319, 0.004395000170916319, 0.004395000170916319, 0.004395000170916319, 0.004395000170916319, 0.004395000170916319, 0.004395000170916319, 0.004395000170916319]}",0.3472627073313371,16592,/home/ojab2/work/git/gsplat/results/colmap_outputs/bicycle_4_n100_s42_default_farthestpose_i100_gteval_steps15000/stats/val_step14999.json,bicycle_4_n100_s42_default_farthestpose_i100_gteval_steps15000,0.1067,0.017644,100,colmap | default | ,100.0
combined,25,42,0.0,25000,random,farthestpose,25,GT Eval,,,,,,,,0.0,,colmap,,,15000,15000,relaxed,MCMC,colmapcams,bothpcd,Global Alignment,,,gsplat,12.758941650390625,0.6847022771835327,0.16576465964317322,1000000,0.005824999883770943,2.8498995304107666,"{'psnr': [11.55651569366455, 11.853560447692871, 11.084701538085938, 11.299688339233398, 11.322937965393066, 11.631324768066406, 13.088022232055664, 13.689493179321289, 14.628252983093262, 14.191025733947754, 12.600245475769043, 12.910507202148438, 13.024601936340332, 13.022889137268066, 15.183125495910645, 13.167105674743652, 11.708168983459473, 12.659114837646484, 12.40999698638916, 15.089925765991211, 14.252606391906738, 11.392373085021973, 11.833235740661621, 14.743402481079102, 10.630717277526855], 'ssim': [0.18139225244522095, 0.14065130054950714, 0.13984256982803345, 0.12061935663223267, 0.15296076238155365, 0.17801156640052795, 0.17326518893241882, 0.18296262621879578, 0.2007284015417099, 0.1662129908800125, 0.16495727002620697, 0.1789727360010147, 0.17999234795570374, 0.17665612697601318, 0.2078692466020584, 0.1594216674566269, 0.15977677702903748, 0.16041670739650726, 0.17198090255260468, 0.2239726036787033, 0.15352369844913483, 0.12859117984771729, 0.15324687957763672, 0.15331637859344482, 0.13477513194084167], 'lpips': [0.777908205986023, 0.7600451707839966, 0.6835999488830566, 0.7262634634971619, 0.7727128863334656, 0.748483419418335, 0.7375066876411438, 0.7207728624343872, 0.6300309896469116, 0.6187304258346558, 0.6988306045532227, 0.7696404457092285, 0.722622275352478, 0.7118598818778992, 0.5856767892837524, 0.617810845375061, 0.7608420848846436, 0.686046838760376, 0.6836223006248474, 0.5159915685653687, 0.5521134734153748, 0.7467730641365051, 0.6725906729698181, 0.5010523796081543, 0.7160311937332153], 'depth_factor': [1.6685289144515991, 3.744805335998535, 21.174299240112305, 17.865093231201172, 6.847897052764893, 7.90772819519043, 6.674898147583008, 3.607241153717041, 8.734493255615234, 4.957296848297119, 7.983813285827637, 5.006738185882568, 6.861134052276611, 3.021963119506836, 5.749272346496582, 3.2323036193847656, 15.282740592956543, 15.80366325378418, 2.967238187789917, 71.0339584350586, 3.118853807449341, 23.39859962463379, 22.117507934570312, 3.810443162918091, 102.58250427246094], 'eval_rre': [2.849900007247925, 2.849900007247925, 2.849900007247925, 2.849900007247925, 2.849900007247925, 2.849900007247925, 2.849900007247925, 2.849900007247925, 2.849900007247925, 2.849900007247925, 2.849900007247925, 2.849900007247925, 2.849900007247925, 2.849900007247925, 2.849900007247925, 2.849900007247925, 2.849900007247925, 2.849900007247925, 2.849900007247925, 2.849900007247925, 2.849900007247925, 2.849900007247925, 2.849900007247925, 2.849900007247925, 2.849900007247925], 'eval_rte': [0.005824999883770943, 0.005824999883770943, 0.005824999883770943, 0.005824999883770943, 0.005824999883770943, 0.005824999883770943, 0.005824999883770943, 0.005824999883770943, 0.005824999883770943, 0.005824999883770943, 0.005824999883770943, 0.005824999883770943, 0.005824999883770943, 0.005824999883770943, 0.005824999883770943, 0.005824999883770943, 0.005824999883770943, 0.005824999883770943, 0.005824999883770943, 0.005824999883770943, 0.005824999883770943, 0.005824999883770943, 0.005824999883770943, 0.005824999883770943, 0.005824999883770943]}",-0.1830078834368858,5800,/home/ojab2/work/git/gsplat/results/combined_outputs/bicycle_4_n25_s42_combined_colmapcams_bothpcd_amglobal_relaxed_c0.0_p25000_random_farthestpose_i25_gteval_steps15000/stats/val_step14999.json,bicycle_4_n25_s42_combined_colmapcams_bothpcd_amglobal_relaxed_c0.0_p25000_random_farthestpose_i25_gteval_steps15000,2.8499,0.006194,3,combined | relaxed | bothpcd,25.0
combined,50,42,0.0,50000,random,farthestpose,50,GT Eval,,,,,,,,0.0,,colmap,,,15000,15000,relaxed,MCMC,colmapcams,bothpcd,Global Alignment,,,gsplat,15.022187232971191,0.5098466277122498,0.21058908104896545,1000000,0.09008899331092834,5.884600639343262,"{'psnr': [12.93329906463623, 12.767139434814453, 14.163581848144531, 13.602864265441895, 14.035076141357422, 13.410364151000977, 13.100400924682617, 13.946429252624512, 16.62708854675293, 15.904251098632812, 15.607688903808594, 14.924997329711914, 13.991311073303223, 14.020125389099121, 17.013282775878906, 16.20806884765625, 16.388813018798828, 14.021703720092773, 14.668988227844238, 18.215049743652344, 16.582178115844727, 17.681673049926758, 14.984562873840332, 16.496990203857422, 14.258768081665039], 'ssim': [0.16080962121486664, 0.14643226563930511, 0.1898549646139145, 0.1512463539838791, 0.1888573318719864, 0.19933435320854187, 0.16115204989910126, 0.17382313311100006, 0.25795549154281616, 0.2084764540195465, 0.2110661268234253, 0.2041366696357727, 0.18625400960445404, 0.19159527122974396, 0.2660556137561798, 0.22849459946155548, 0.27277761697769165, 0.16831056773662567, 0.22175534069538116, 0.305814266204834, 0.20378896594047546, 0.2854968309402466, 0.24189601838588715, 0.19337254762649536, 0.24597029387950897], 'lpips': [0.5423633456230164, 0.5221847295761108, 0.5386823415756226, 0.5779072642326355, 0.51020348072052, 0.5387865304946899, 0.5281177759170532, 0.5363506078720093, 0.5137237310409546, 0.5111208558082581, 0.46057432889938354, 0.5363044738769531, 0.5535849928855896, 0.5450572967529297, 0.4593545198440552, 0.4668383300304413, 0.5065577626228333, 0.5430105924606323, 0.527930498123169, 0.40445709228515625, 0.4142046272754669, 0.454095721244812, 0.526597797870636, 0.4374043345451355, 0.5907530188560486], 'depth_factor': [18.123266220092773, 13.087387084960938, 13.857495307922363, 28.904239654541016, 17.843273162841797, 12.24187183380127, 17.110658645629883, 10.103416442871094, 14.045971870422363, 9.434700012207031, 26.592636108398438, 19.431930541992188, 10.278155326843262, 14.902737617492676, 8.095770835876465, 6.12592077255249, 11.081066131591797, 6.456702709197998, 4.955631256103516, 9.387450218200684, 3.664066791534424, 8.502049446105957, 5.36987829208374, 4.292242527008057, 4.726192951202393], 'eval_rre': [5.8846001625061035, 5.8846001625061035, 5.8846001625061035, 5.8846001625061035, 5.8846001625061035, 5.8846001625061035, 5.8846001625061035, 5.8846001625061035, 5.8846001625061035, 5.8846001625061035, 5.8846001625061035, 5.8846001625061035, 5.8846001625061035, 5.8846001625061035, 5.8846001625061035, 5.8846001625061035, 5.8846001625061035, 5.8846001625061035, 5.8846001625061035, 5.8846001625061035, 5.8846001625061035, 5.8846001625061035, 5.8846001625061035, 5.8846001625061035, 5.8846001625061035], 'eval_rte': [0.09008900076150894, 0.09008900076150894, 0.09008900076150894, 0.09008900076150894, 0.09008900076150894, 0.09008900076150894, 0.09008900076150894, 0.09008900076150894, 0.09008900076150894, 0.09008900076150894, 0.09008900076150894, 0.09008900076150894, 0.09008900076150894, 0.09008900076150894, 0.09008900076150894, 0.09008900076150894, 0.09008900076150894, 0.09008900076150894, 0.09008900076150894, 0.09008900076150894, 0.09008900076150894, 0.09008900076150894, 0.09008900076150894, 0.09008900076150894, 0.09008900076150894]}",-0.006947230177316022,73525,/home/ojab2/work/git/gsplat/results/combined_outputs/bicycle_4_n50_s42_combined_colmapcams_bothpcd_amglobal_relaxed_c0.0_p50000_random_farthestpose_i50_gteval_steps15000/stats/val_step14999.json,bicycle_4_n50_s42_combined_colmapcams_bothpcd_amglobal_relaxed_c0.0_p50000_random_farthestpose_i50_gteval_steps15000,5.8846,0.500275,50,combined | relaxed | bothpcd,50.0
combined,75,42,0.0,75000,random,farthestpose,75,GT Eval,,,,,,,,0.0,,colmap,,,15000,15000,relaxed,MCMC,colmapcams,bothpcd,Global Alignment,,,gsplat,19.82434844970703,0.2878277003765106,0.41797709465026855,1000000,0.006102000363171101,0.1462000161409378,"{'psnr': [18.001861572265625, 16.928760528564453, 17.686491012573242, 16.5898380279541, 19.34146499633789, 19.205598831176758, 18.04279899597168, 18.918363571166992, 20.484949111938477, 20.3685245513916, 20.095497131347656, 21.094192504882812, 18.20227813720703, 19.09422492980957, 21.249956130981445, 20.43893051147461, 23.00455093383789, 18.234989166259766, 19.538175582885742, 22.8763427734375, 22.42643165588379, 24.569908142089844, 19.444782257080078, 21.41901969909668, 18.350811004638672], 'ssim': [0.293512761592865, 0.32548987865448, 0.2891455292701721, 0.22288572788238525, 0.5334891080856323, 0.41905537247657776, 0.3010684847831726, 0.342332661151886, 0.3856315612792969, 0.3921329975128174, 0.45235952734947205, 0.4954575300216675, 0.344751238822937, 0.3790430426597595, 0.46229687333106995, 0.44961655139923096, 0.5790072679519653, 0.2997402250766754, 0.4133462607860565, 0.575302004814148, 0.5259024500846863, 0.651269793510437, 0.40835660696029663, 0.505992591381073, 0.4022417664527893], 'lpips': [0.34992653131484985, 0.36736565828323364, 0.377897173166275, 0.35824236273765564, 0.2862137258052826, 0.299349844455719, 0.3060276508331299, 0.3105132579803467, 0.33424025774002075, 0.2678736746311188, 0.2812154293060303, 0.29280683398246765, 0.30588242411613464, 0.2674301266670227, 0.2628178596496582, 0.30418771505355835, 0.23087677359580994, 0.3032102584838867, 0.21836675703525543, 0.20677614212036133, 0.23273061215877533, 0.2150968462228775, 0.2510509788990021, 0.2600243091583252, 0.3055700659751892], 'depth_factor': [12.853569030761719, 18.023712158203125, 15.894847869873047, 15.552932739257812, 19.900781631469727, 14.456398010253906, 9.668476104736328, 5.074173927307129, 18.451213836669922, 13.928505897521973, 10.916301727294922, 25.36016273498535, 9.230515480041504, 7.182835578918457, 7.15748929977417, 4.5888237953186035, 12.385151863098145, 7.003509998321533, 4.361229419708252, 6.662842750549316, 3.9647743701934814, 7.989837646484375, 5.308902263641357, 3.4943978786468506, 5.611149787902832], 'eval_rre': [0.1462000012397766, 0.1462000012397766, 0.1462000012397766, 0.1462000012397766, 0.1462000012397766, 0.1462000012397766, 0.1462000012397766, 0.1462000012397766, 0.1462000012397766, 0.1462000012397766, 0.1462000012397766, 0.1462000012397766, 0.1462000012397766, 0.1462000012397766, 0.1462000012397766, 0.1462000012397766, 0.1462000012397766, 0.1462000012397766, 0.1462000012397766, 0.1462000012397766, 0.1462000012397766, 0.1462000012397766, 0.1462000012397766, 0.1462000012397766, 0.1462000012397766], 'eval_rte': [0.006101999897509813, 0.006101999897509813, 0.006101999897509813, 0.006101999897509813, 0.006101999897509813, 0.006101999897509813, 0.006101999897509813, 0.006101999897509813, 0.006101999897509813, 0.006101999897509813, 0.006101999897509813, 0.006101999897509813, 0.006101999897509813, 0.006101999897509813, 0.006101999897509813, 0.006101999897509813, 0.006101999897509813, 0.006101999897509813, 0.006101999897509813, 0.006101999897509813, 0.006101999897509813, 0.006101999897509813, 0.006101999897509813, 0.006101999897509813, 0.006101999897509813]}",0.3403099419390559,123702,/home/ojab2/work/git/gsplat/results/combined_outputs/bicycle_4_n75_s42_combined_colmapcams_bothpcd_amglobal_relaxed_c0.0_p75000_random_farthestpose_i75_gteval_steps15000/stats/val_step14999.json,bicycle_4_n75_s42_combined_colmapcams_bothpcd_amglobal_relaxed_c0.0_p75000_random_farthestpose_i75_gteval_steps15000,0.1462,0.025247,75,combined | relaxed | bothpcd,75.0
combined,100,42,0.0,100000,random,farthestpose,100,GT Eval,,,,,,,,0.0,,colmap,,,15000,15000,relaxed,MCMC,colmapcams,bothpcd,Global Alignment,,,gsplat,21.75104522705078,0.24155844748020172,0.5548090934753418,1000000,0.004424000158905983,0.098999984562397,"{'psnr': [20.137174606323242, 17.29421043395996, 19.05076026916504, 19.719430923461914, 18.757265090942383, 20.7406063079834, 20.91952133178711, 20.261714935302734, 22.51366424560547, 22.4934139251709, 21.438196182250977, 22.06769561767578, 21.742286682128906, 21.601852416992188, 23.474884033203125, 23.29705810546875, 24.656938552856445, 21.454452514648438, 22.36360740661621, 24.78021240234375, 24.072406768798828, 25.575830459594727, 22.3717041015625, 22.534461975097656, 20.456743240356445], 'ssim': [0.4609157145023346, 0.3430393934249878, 0.45595064759254456, 0.4882131516933441, 0.49200206995010376, 0.541894793510437, 0.49557510018348694, 0.4665059745311737, 0.5469435453414917, 0.5758054852485657, 0.5284013748168945, 0.598397433757782, 0.5734655261039734, 0.5648027658462524, 0.6035453677177429, 0.5921046733856201, 0.7132838368415833, 0.4989183247089386, 0.603578507900238, 0.6884522438049316, 0.603907585144043, 0.7560229897499084, 0.596397340297699, 0.5326856374740601, 0.5494182705879211], 'lpips': [0.34126102924346924, 0.34666088223457336, 0.34248295426368713, 0.28451797366142273, 0.2812391221523285, 0.24781373143196106, 0.2793247699737549, 0.2639368176460266, 0.2623303532600403, 0.21181021630764008, 0.251882404088974, 0.23375087976455688, 0.24961015582084656, 0.2223738133907318, 0.21724312007427216, 0.2215639054775238, 0.18011091649532318, 0.22271303832530975, 0.17525848746299744, 0.16824078559875488, 0.1911790519952774, 0.1765228658914566, 0.1880987137556076, 0.24483828246593475, 0.23419702053070068], 'depth_factor': [15.11253833770752, 11.416962623596191, 17.336584091186523, 10.557677268981934, 31.06319808959961, 12.800130844116211, 16.052522659301758, 6.316481590270996, 19.996706008911133, 10.043546676635742, 15.105386734008789, 25.777620315551758, 9.397157669067383, 19.282400131225586, 9.512843132019043, 7.455935478210449, 11.782865524291992, 5.340946197509766, 3.658327102661133, 7.479822635650635, 5.392279624938965, 9.176458358764648, 4.264526844024658, 3.3278615474700928, 3.6289281845092773], 'eval_rre': [0.0989999994635582, 0.0989999994635582, 0.0989999994635582, 0.0989999994635582, 0.0989999994635582, 0.0989999994635582, 0.0989999994635582, 0.0989999994635582, 0.0989999994635582, 0.0989999994635582, 0.0989999994635582, 0.0989999994635582, 0.0989999994635582, 0.0989999994635582, 0.0989999994635582, 0.0989999994635582, 0.0989999994635582, 0.0989999994635582, 0.0989999994635582, 0.0989999994635582, 0.0989999994635582, 0.0989999994635582, 0.0989999994635582, 0.0989999994635582, 0.0989999994635582], 'eval_rte': [0.004424000158905983, 0.004424000158905983, 0.004424000158905983, 0.004424000158905983, 0.004424000158905983, 0.004424000158905983, 0.004424000158905983, 0.004424000158905983, 0.004424000158905983, 0.004424000158905983, 0.004424000158905983, 0.004424000158905983, 0.004424000158905983, 0.004424000158905983, 0.004424000158905983, 0.004424000158905983, 0.004424000158905983, 0.004424000158905983, 0.004424000158905983, 0.004424000158905983, 0.004424000158905983, 0.004424000158905983, 0.004424000158905983, 0.004424000158905983, 0.004424000158905983]}",0.48456949187301057,172468,/home/ojab2/work/git/gsplat/results/combined_outputs/bicycle_4_n100_s42_combined_colmapcams_bothpcd_amglobal_relaxed_c0.0_p100000_random_farthestpose_i100_gteval_steps15000/stats/val_step14999.json,bicycle_4_n100_s42_combined_colmapcams_bothpcd_amglobal_relaxed_c0.0_p100000_random_farthestpose_i100_gteval_steps15000,0.099,0.017792,100,combined | relaxed | bothpcd,100.0
combined,25,42,,2808,,farthestpose,25,GT Eval,,,,,,,,0.0,,vggt,,,15000,15000,relaxed,MCMC,vggtcams,colmappcd,Global Alignment,,,gsplat,13.692509651184082,0.7467513084411621,0.22769221663475037,1000000,0.0024400001857429743,1.6015000343322754,"{'psnr': [12.912248611450195, 12.55392074584961, 11.664337158203125, 12.188770294189453, 10.204864501953125, 12.658112525939941, 13.260672569274902, 14.168536186218262, 14.629419326782227, 14.219430923461914, 13.246095657348633, 14.730780601501465, 13.130263328552246, 12.996882438659668, 15.432443618774414, 12.990804672241211, 15.0678071975708, 13.92944049835205, 13.686820030212402, 16.640457153320312, 14.352395057678223, 15.96506118774414, 13.621071815490723, 14.349737167358398, 13.712349891662598], 'ssim': [0.2185169756412506, 0.17985989153385162, 0.16309532523155212, 0.16517779231071472, 0.17039619386196136, 0.24965956807136536, 0.2032252848148346, 0.2104947865009308, 0.22233889997005463, 0.1839260458946228, 0.21154586970806122, 0.27102211117744446, 0.23317967355251312, 0.2325626015663147, 0.24543729424476624, 0.18511952459812164, 0.32553762197494507, 0.22562313079833984, 0.2693440914154053, 0.2802813649177551, 0.1854308396577835, 0.3299584984779358, 0.29499152302742004, 0.15646903216838837, 0.27911195158958435], 'lpips': [0.9561913013458252, 0.7984230518341064, 0.712561845779419, 0.8046584129333496, 0.9318632483482361, 0.8898095488548279, 0.8134493827819824, 0.786918044090271, 0.6829516291618347, 0.6467139720916748, 0.7755446434020996, 0.8760203719139099, 0.8222466707229614, 0.8158383965492249, 0.6392375230789185, 0.6516063213348389, 0.7957257628440857, 0.7609091401100159, 0.7520539164543152, 0.5499647855758667, 0.525368869304657, 0.7220404148101807, 0.7045407295227051, 0.5161093473434448, 0.7380352020263672], 'depth_factor': [0.5237752199172974, 2.0336740016937256, 3.654489040374756, 2.5709948539733887, 0.9622157216072083, 0.5333941578865051, 1.2688030004501343, 1.7484381198883057, 3.140937566757202, 2.916722297668457, 1.671903371810913, 0.8246800303459167, 1.0854095220565796, 1.7540557384490967, 3.018603563308716, 2.2124931812286377, 1.0775737762451172, 1.2258031368255615, 1.8426203727722168, 4.456088066101074, 2.1304306983947754, 1.0710203647613525, 1.3085336685180664, 2.186424493789673, 1.3045347929000854], 'eval_rre': [1.6015000343322754, 1.6015000343322754, 1.6015000343322754, 1.6015000343322754, 1.6015000343322754, 1.6015000343322754, 1.6015000343322754, 1.6015000343322754, 1.6015000343322754, 1.6015000343322754, 1.6015000343322754, 1.6015000343322754, 1.6015000343322754, 1.6015000343322754, 1.6015000343322754, 1.6015000343322754, 1.6015000343322754, 1.6015000343322754, 1.6015000343322754, 1.6015000343322754, 1.6015000343322754, 1.6015000343322754, 1.6015000343322754, 1.6015000343322754, 1.6015000343322754], 'eval_rte': [0.0024399999529123306, 0.0024399999529123306, 0.0024399999529123306, 0.0024399999529123306, 0.0024399999529123306, 0.0024399999529123306, 0.0024399999529123306, 0.0024399999529123306, 0.0024399999529123306, 0.0024399999529123306, 0.0024399999529123306, 0.0024399999529123306, 0.0024399999529123306, 0.0024399999529123306, 0.0024399999529123306, 0.0024399999529123306, 0.0024399999529123306, 0.0024399999529123306, 0.0024399999529123306, 0.0024399999529123306, 0.0024399999529123306, 0.0024399999529123306, 0.0024399999529123306, 0.0024399999529123306, 0.0024399999529123306]}",-0.16780651266347119,2808,/home/ojab2/work/git/gsplat/results/combined_outputs/bicycle_4_n25_s42_combined_vggtcams_colmappcd_amglobal_relaxed_farthestpose_i25_gteval_steps15000/stats/val_step14999.json,bicycle_4_n25_s42_combined_vggtcams_colmappcd_amglobal_relaxed_farthestpose_i25_gteval_steps15000,1.6015,0.017838,3,combined | relaxed | colmappcd,25.0
combined,50,42,,23525,,farthestpose,50,GT Eval,,,,,,,,0.0,,vggt,,,15000,15000,relaxed,MCMC,vggtcams,colmappcd,Global Alignment,,,gsplat,16.60559844970703,0.5058855414390564,0.251045286655426,1000000,0.01934400014579296,0.9197998642921448,"{'psnr': [15.185807228088379, 13.656432151794434, 16.055463790893555, 14.432178497314453, 16.521499633789062, 16.309663772583008, 14.736894607543945, 15.255664825439453, 18.833417892456055, 17.190706253051758, 16.996034622192383, 17.847185134887695, 15.483011245727539, 15.813456535339355, 19.640342712402344, 16.50004005432129, 19.05097007751465, 15.283490180969238, 16.42641258239746, 20.32807159423828, 17.030309677124023, 17.799335479736328, 16.184062957763672, 17.230178833007812, 15.349310874938965], 'ssim': [0.18524441123008728, 0.16913583874702454, 0.23948147892951965, 0.1728808730840683, 0.25413888692855835, 0.2572651207447052, 0.17874553799629211, 0.20990367233753204, 0.31556928157806396, 0.23794549703598022, 0.2466338723897934, 0.27100980281829834, 0.23575809597969055, 0.2378968447446823, 0.3218754529953003, 0.21416820585727692, 0.3532942533493042, 0.20483162999153137, 0.2721502184867859, 0.37050774693489075, 0.21092364192008972, 0.30751073360443115, 0.29226502776145935, 0.22958481311798096, 0.2874114215373993], 'lpips': [0.508010745048523, 0.5276349782943726, 0.5375309586524963, 0.5628233551979065, 0.4860742688179016, 0.5131872892379761, 0.48754382133483887, 0.5502591133117676, 0.5343000292778015, 0.4931343197822571, 0.4491593837738037, 0.5307082533836365, 0.5252853631973267, 0.5371782779693604, 0.4611917734146118, 0.5149078965187073, 0.49272316694259644, 0.5028314590454102, 0.5161049365997314, 0.45220717787742615, 0.4690440893173218, 0.4708350896835327, 0.49713271856307983, 0.453136146068573, 0.5741953253746033], 'depth_factor': [18.014114379882812, 20.309471130371094, 16.96200180053711, 110.47380828857422, 76.88623046875, 16.31888771057129, 21.234617233276367, 51.865196228027344, 14.472025871276855, 50.544029235839844, 235.80531311035156, 18.6783504486084, 9.808631896972656, 28.894004821777344, 13.211485862731934, 10.05500602722168, 14.50738525390625, 11.114459991455078, 39.39836120605469, 9.4941987991333, 5.169215679168701, 8.743886947631836, 8.958085060119629, 8.021528244018555, 6.23875617980957], 'eval_rre': [0.9197999835014343, 0.9197999835014343, 0.9197999835014343, 0.9197999835014343, 0.9197999835014343, 0.9197999835014343, 0.9197999835014343, 0.9197999835014343, 0.9197999835014343, 0.9197999835014343, 0.9197999835014343, 0.9197999835014343, 0.9197999835014343, 0.9197999835014343, 0.9197999835014343, 0.9197999835014343, 0.9197999835014343, 0.9197999835014343, 0.9197999835014343, 0.9197999835014343, 0.9197999835014343, 0.9197999835014343, 0.9197999835014343, 0.9197999835014343, 0.9197999835014343], 'eval_rte': [0.01934400014579296, 0.01934400014579296, 0.01934400014579296, 0.01934400014579296, 0.01934400014579296, 0.01934400014579296, 0.01934400014579296, 0.01934400014579296, 0.01934400014579296, 0.01934400014579296, 0.01934400014579296, 0.01934400014579296, 0.01934400014579296, 0.01934400014579296, 0.01934400014579296, 0.01934400014579296, 0.01934400014579296, 0.01934400014579296, 0.01934400014579296, 0.01934400014579296, 0.01934400014579296, 0.01934400014579296, 0.01934400014579296, 0.01934400014579296, 0.01934400014579296]}",0.04847891451554927,23525,/home/ojab2/work/git/gsplat/results/combined_outputs/bicycle_4_n50_s42_combined_vggtcams_colmappcd_amglobal_relaxed_farthestpose_i50_gteval_steps15000/stats/val_step14999.json,bicycle_4_n50_s42_combined_vggtcams_colmappcd_amglobal_relaxed_farthestpose_i50_gteval_steps15000,0.9198,0.086453,50,combined | relaxed | colmappcd,50.0
combined,75,42,,48702,,farthestpose,75,GT Eval,,,,,,,,0.0,,vggt,,,15000,15000,relaxed,MCMC,vggtcams,colmappcd,Global Alignment,,,gsplat,17.00395965576172,0.46270114183425903,0.2556009590625763,1000000,0.017280997708439827,0.8918999433517456,"{'psnr': [15.732439041137695, 14.214186668395996, 16.33161735534668, 15.193917274475098, 16.77889060974121, 16.443843841552734, 15.420164108276367, 16.050302505493164, 18.753490447998047, 17.968143463134766, 17.792194366455078, 18.200769424438477, 15.863422393798828, 16.318973541259766, 19.336929321289062, 17.382816314697266, 19.26072883605957, 15.84795093536377, 16.855058670043945, 20.134044647216797, 17.841712951660156, 18.410497665405273, 16.635488510131836, 16.696868896484375, 15.634540557861328], 'ssim': [0.19083061814308167, 0.18229888379573822, 0.24591320753097534, 0.17286360263824463, 0.2625799775123596, 0.2578360140323639, 0.1894463449716568, 0.21477338671684265, 0.31544867157936096, 0.2512994110584259, 0.27082571387290955, 0.2716960608959198, 0.24206002056598663, 0.24277405440807343, 0.31501805782318115, 0.2528812885284424, 0.35106161236763, 0.2107359915971756, 0.27269843220710754, 0.35965752601623535, 0.24137437343597412, 0.3062519431114197, 0.2851085066795349, 0.20391781628131866, 0.28067243099212646], 'lpips': [0.4640742540359497, 0.5038378834724426, 0.5223073959350586, 0.5215319991111755, 0.47101879119873047, 0.47574377059936523, 0.456862211227417, 0.47552818059921265, 0.4883200228214264, 0.4471369981765747, 0.43706274032592773, 0.49338608980178833, 0.4735802412033081, 0.4571225643157959, 0.4308072328567505, 0.47192877531051636, 0.44018179178237915, 0.4675839841365814, 0.41721224784851074, 0.4062366485595703, 0.42610183358192444, 0.43167513608932495, 0.4347051978111267, 0.4454359710216522, 0.5081467032432556], 'depth_factor': [13.586907386779785, 45.85082244873047, 14.885345458984375, 51.24053955078125, 43.743141174316406, 16.12918472290039, 15.2501220703125, 23.443607330322266, 100.24150848388672, 25.1717529296875, 30.104869842529297, 15.390801429748535, 14.748270988464355, 23.930742263793945, 9.66053581237793, 5.5343918800354, 9.570326805114746, 27.131668090820312, 25.382381439208984, 6.539320468902588, 5.763979434967041, 6.851009368896484, 12.473984718322754, 3.466946601867676, 4.156031131744385], 'eval_rre': [0.8919000029563904, 0.8919000029563904, 0.8919000029563904, 0.8919000029563904, 0.8919000029563904, 0.8919000029563904, 0.8919000029563904, 0.8919000029563904, 0.8919000029563904, 0.8919000029563904, 0.8919000029563904, 0.8919000029563904, 0.8919000029563904, 0.8919000029563904, 0.8919000029563904, 0.8919000029563904, 0.8919000029563904, 0.8919000029563904, 0.8919000029563904, 0.8919000029563904, 0.8919000029563904, 0.8919000029563904, 0.8919000029563904, 0.8919000029563904, 0.8919000029563904], 'eval_rte': [0.017280999571084976, 0.017280999571084976, 0.017280999571084976, 0.017280999571084976, 0.017280999571084976, 0.017280999571084976, 0.017280999571084976, 0.017280999571084976, 0.017280999571084976, 0.017280999571084976, 0.017280999571084976, 0.017280999571084976, 0.017280999571084976, 0.017280999571084976, 0.017280999571084976, 0.017280999571084976, 0.017280999571084976, 0.017280999571084976, 0.017280999571084976, 0.017280999571084976, 0.017280999571084976, 0.017280999571084976, 0.017280999571084976, 0.017280999571084976, 0.017280999571084976]}",0.08517714659063132,48702,/home/ojab2/work/git/gsplat/results/combined_outputs/bicycle_4_n75_s42_combined_vggtcams_colmappcd_amglobal_relaxed_farthestpose_i75_gteval_steps15000/stats/val_step14999.json,bicycle_4_n75_s42_combined_vggtcams_colmappcd_amglobal_relaxed_farthestpose_i75_gteval_steps15000,0.8919,0.075478,75,combined | relaxed | colmappcd,75.0
combined,100,42,,72468,,farthestpose,100,GT Eval,,,,,,,,0.0,,vggt,,,15000,15000,relaxed,MCMC,vggtcams,colmappcd,Global Alignment,,,gsplat,17.265575408935547,0.4511847496032715,0.2663770020008087,1000000,0.015425998717546463,0.8569999933242798,"{'psnr': [15.918340682983398, 14.453437805175781, 16.2180118560791, 15.897634506225586, 16.7203426361084, 16.469900131225586, 15.710171699523926, 16.012027740478516, 18.846223831176758, 18.699968338012695, 18.092445373535156, 18.324365615844727, 15.925217628479004, 16.68461036682129, 19.395036697387695, 18.71688461303711, 19.53753089904785, 15.883487701416016, 16.91033363342285, 20.233015060424805, 18.66876220703125, 18.636512756347656, 16.743892669677734, 17.047996520996094, 15.893219947814941], 'ssim': [0.1961154341697693, 0.18745094537734985, 0.2562173902988434, 0.20048876106739044, 0.2806587815284729, 0.2637860178947449, 0.19612056016921997, 0.21335245668888092, 0.3249686062335968, 0.2844604253768921, 0.2850247919559479, 0.27952802181243896, 0.24192708730697632, 0.251677006483078, 0.32063379883766174, 0.2908695340156555, 0.367220401763916, 0.21660904586315155, 0.27467310428619385, 0.3697044849395752, 0.24374039471149445, 0.3253133296966553, 0.285465270280838, 0.22098705172538757, 0.28243276476860046], 'lpips': [0.45869407057762146, 0.49808454513549805, 0.5313470363616943, 0.5031627416610718, 0.46919798851013184, 0.44223082065582275, 0.4471142292022705, 0.46336477994918823, 0.4681641757488251, 0.44229763746261597, 0.4411161243915558, 0.4663732647895813, 0.4534686803817749, 0.45632046461105347, 0.4457804560661316, 0.400017112493515, 0.4212858974933624, 0.43823695182800293, 0.4147915542125702, 0.4111814498901367, 0.3992012143135071, 0.43522024154663086, 0.4224945902824402, 0.45297971367836, 0.4974931478500366], 'depth_factor': [18.532827377319336, 85.9765396118164, 15.246034622192383, 80.55313110351562, 33.73982238769531, 14.746806144714355, 53.87515640258789, 17.491256713867188, 18.213682174682617, 175.76026916503906, 56.52674865722656, 21.462034225463867, 11.73219108581543, 31.61147689819336, 9.1199369430542, 8.694046974182129, 11.829651832580566, 5.636145114898682, 6.015865802764893, 42.51213836669922, 4.245866775512695, 9.8446044921875, 6.681583404541016, 3.2506601810455322, 3.9756360054016113], 'eval_rre': [0.8569999933242798, 0.8569999933242798, 0.8569999933242798, 0.8569999933242798, 0.8569999933242798, 0.8569999933242798, 0.8569999933242798, 0.8569999933242798, 0.8569999933242798, 0.8569999933242798, 0.8569999933242798, 0.8569999933242798, 0.8569999933242798, 0.8569999933242798, 0.8569999933242798, 0.8569999933242798, 0.8569999933242798, 0.8569999933242798, 0.8569999933242798, 0.8569999933242798, 0.8569999933242798, 0.8569999933242798, 0.8569999933242798, 0.8569999933242798, 0.8569999933242798], 'eval_rte': [0.015425999648869038, 0.015425999648869038, 0.015425999648869038, 0.015425999648869038, 0.015425999648869038, 0.015425999648869038, 0.015425999648869038, 0.015425999648869038, 0.015425999648869038, 0.015425999648869038, 0.015425999648869038, 0.015425999648869038, 0.015425999648869038, 0.015425999648869038, 0.015425999648869038, 0.015425999648869038, 0.015425999648869038, 0.015425999648869038, 0.015425999648869038, 0.015425999648869038, 0.015425999648869038, 0.015425999648869038, 0.015425999648869038, 0.015425999648869038, 0.015425999648869038]}",0.10343254634976158,72468,/home/ojab2/work/git/gsplat/results/combined_outputs/bicycle_4_n100_s42_combined_vggtcams_colmappcd_amglobal_relaxed_farthestpose_i100_gteval_steps15000/stats/val_step14999.json,bicycle_4_n100_s42_combined_vggtcams_colmappcd_amglobal_relaxed_farthestpose_i100_gteval_steps15000,0.857,0.067143,100,combined | relaxed | colmappcd,100.0
combined,25,42,0.0,25000,random,farthestpose,25,GT Eval,,,,,,,,0.0,,colmap,,,15000,15000,relaxed,MCMC,colmapcams,vggtpcd,Global Alignment,,,gsplat,12.510343551635742,0.6852940917015076,0.16298143565654755,1000000,0.005824999883770943,2.8498995304107666,"{'psnr': [10.733604431152344, 11.74199104309082, 10.937844276428223, 11.375786781311035, 11.902246475219727, 11.35344409942627, 12.274645805358887, 13.195505142211914, 13.873963356018066, 13.956969261169434, 12.834596633911133, 12.730106353759766, 12.638764381408691, 12.62242317199707, 14.594776153564453, 12.62240982055664, 11.73992919921875, 12.392923355102539, 12.198142051696777, 15.365407943725586, 13.568477630615234, 11.230791091918945, 11.845416069030762, 14.282513618469238, 10.745944023132324], 'ssim': [0.1617436707019806, 0.1262696385383606, 0.1343374103307724, 0.12108410149812698, 0.20082952082157135, 0.18113958835601807, 0.1584976613521576, 0.1604110598564148, 0.1925484985113144, 0.15813139081001282, 0.1696927696466446, 0.2063465416431427, 0.16827356815338135, 0.15713968873023987, 0.1959526538848877, 0.14229750633239746, 0.18396523594856262, 0.15797550976276398, 0.15968208014965057, 0.21867957711219788, 0.14196407794952393, 0.13865350186824799, 0.15613900125026703, 0.14098306000232697, 0.14179876446723938], 'lpips': [0.7624947428703308, 0.7501364946365356, 0.6871118545532227, 0.736185610294342, 0.769149661064148, 0.7280749678611755, 0.7288352251052856, 0.7184891700744629, 0.6479253768920898, 0.6340488195419312, 0.6997664570808411, 0.757992148399353, 0.7100274562835693, 0.7027924656867981, 0.6065842509269714, 0.6424578428268433, 0.7544283866882324, 0.6879678964614868, 0.6672611832618713, 0.5379183292388916, 0.5598141551017761, 0.7393345832824707, 0.6740440726280212, 0.5152615904808044, 0.7142502665519714], 'depth_factor': [3.8788719177246094, 24.10796546936035, 17.555326461791992, 18.1608943939209, 1.692258596420288, 6.653604507446289, 15.65556812286377, 11.703420639038086, 20.622238159179688, 6.708601951599121, 9.757193565368652, 1.5161654949188232, 13.626465797424316, 26.221824645996094, 25.795604705810547, 7.475627422332764, 7.97691535949707, 17.858749389648438, 46.560367584228516, 12.262286186218262, 3.6598117351531982, 19.588048934936523, 21.084936141967773, 3.760322332382202, 28.946882247924805], 'eval_rre': [2.849900007247925, 2.849900007247925, 2.849900007247925, 2.849900007247925, 2.849900007247925, 2.849900007247925, 2.849900007247925, 2.849900007247925, 2.849900007247925, 2.849900007247925, 2.849900007247925, 2.849900007247925, 2.849900007247925, 2.849900007247925, 2.849900007247925, 2.849900007247925, 2.849900007247925, 2.849900007247925, 2.849900007247925, 2.849900007247925, 2.849900007247925, 2.849900007247925, 2.849900007247925, 2.849900007247925, 2.849900007247925], 'eval_rte': [0.005824999883770943, 0.005824999883770943, 0.005824999883770943, 0.005824999883770943, 0.005824999883770943, 0.005824999883770943, 0.005824999883770943, 0.005824999883770943, 0.005824999883770943, 0.005824999883770943, 0.005824999883770943, 0.005824999883770943, 0.005824999883770943, 0.005824999883770943, 0.005824999883770943, 0.005824999883770943, 0.005824999883770943, 0.005824999883770943, 0.005824999883770943, 0.005824999883770943, 0.005824999883770943, 0.005824999883770943, 0.005824999883770943, 0.005824999883770943, 0.005824999883770943]}",-0.18960448590248252,2992,/home/ojab2/work/git/gsplat/results/combined_outputs/bicycle_4_n25_s42_combined_colmapcams_vggtpcd_amglobal_relaxed_c0.0_p25000_random_farthestpose_i25_gteval_steps15000/stats/val_step14999.json,bicycle_4_n25_s42_combined_colmapcams_vggtpcd_amglobal_relaxed_c0.0_p25000_random_farthestpose_i25_gteval_steps15000,2.8499,0.006194,3,combined | relaxed | vggtpcd,25.0
combined,50,42,0.0,50000,random,farthestpose,50,GT Eval,,,,,,,,0.0,,colmap,,,15000,15000,relaxed,MCMC,colmapcams,vggtpcd,Global Alignment,,,gsplat,14.987104415893555,0.5242541432380676,0.2142382264137268,1000000,0.09008899331092834,5.884600639343262,"{'psnr': [12.681556701660156, 12.785794258117676, 14.18521499633789, 13.711952209472656, 14.05152702331543, 13.193815231323242, 12.58255386352539, 13.885411262512207, 16.8409423828125, 15.945990562438965, 15.71704387664795, 15.049417495727539, 13.968395233154297, 14.007885932922363, 17.08037757873535, 16.050090789794922, 16.279125213623047, 13.951760292053223, 14.58149528503418, 18.312652587890625, 16.463647842407227, 17.670860290527344, 14.95722484588623, 16.501413345336914, 14.221446990966797], 'ssim': [0.16080643236637115, 0.15138299763202667, 0.19549046456813812, 0.15290378034114838, 0.20129874348640442, 0.2030808925628662, 0.1574186086654663, 0.1724524348974228, 0.2716173827648163, 0.21248920261859894, 0.21140627562999725, 0.21389248967170715, 0.1897728592157364, 0.19463518261909485, 0.27918893098831177, 0.22754432260990143, 0.2824104428291321, 0.16952653229236603, 0.2210274338722229, 0.3203835189342499, 0.2013428807258606, 0.2822416126728058, 0.24372591078281403, 0.1971621960401535, 0.2427539974451065], 'lpips': [0.5465770959854126, 0.5392606854438782, 0.5607286095619202, 0.5932726263999939, 0.5343236923217773, 0.5490295886993408, 0.5365758538246155, 0.5461387634277344, 0.53505539894104, 0.5243699550628662, 0.4787542223930359, 0.5591975450515747, 0.5579362511634827, 0.5483801364898682, 0.4817129671573639, 0.48786717653274536, 0.5157516598701477, 0.5524515509605408, 0.5324903130531311, 0.4330195188522339, 0.43501174449920654, 0.46402910351753235, 0.5388889312744141, 0.45581287145614624, 0.5997169017791748], 'depth_factor': [5.437739849090576, 5.855340480804443, 6.910142421722412, 9.133740425109863, 9.135597229003906, 10.794857025146484, 4.762341022491455, 8.20662784576416, 6.848298072814941, 7.373072624206543, 16.851259231567383, 9.523280143737793, 5.03271484375, 7.402304649353027, 4.675708770751953, 3.749166965484619, 8.851574897766113, 4.979459762573242, 5.234385967254639, 4.430682182312012, 2.8586626052856445, 6.518247127532959, 5.099158763885498, 2.5388078689575195, 4.08157205581665], 'eval_rre': [5.8846001625061035, 5.8846001625061035, 5.8846001625061035, 5.8846001625061035, 5.8846001625061035, 5.8846001625061035, 5.8846001625061035, 5.8846001625061035, 5.8846001625061035, 5.8846001625061035, 5.8846001625061035, 5.8846001625061035, 5.8846001625061035, 5.8846001625061035, 5.8846001625061035, 5.8846001625061035, 5.8846001625061035, 5.8846001625061035, 5.8846001625061035, 5.8846001625061035, 5.8846001625061035, 5.8846001625061035, 5.8846001625061035, 5.8846001625061035, 5.8846001625061035], 'eval_rte': [0.09008900076150894, 0.09008900076150894, 0.09008900076150894, 0.09008900076150894, 0.09008900076150894, 0.09008900076150894, 0.09008900076150894, 0.09008900076150894, 0.09008900076150894, 0.09008900076150894, 0.09008900076150894, 0.09008900076150894, 0.09008900076150894, 0.09008900076150894, 0.09008900076150894, 0.09008900076150894, 0.09008900076150894, 0.09008900076150894, 0.09008900076150894, 0.09008900076150894, 0.09008900076150894, 0.09008900076150894, 0.09008900076150894, 0.09008900076150894, 0.09008900076150894]}",-0.014356436940119417,50000,/home/ojab2/work/git/gsplat/results/combined_outputs/bicycle_4_n50_s42_combined_colmapcams_vggtpcd_amglobal_relaxed_c0.0_p50000_random_farthestpose_i50_gteval_steps15000/stats/val_step14999.json,bicycle_4_n50_s42_combined_colmapcams_vggtpcd_amglobal_relaxed_c0.0_p50000_random_farthestpose_i50_gteval_steps15000,5.8846,0.500275,50,combined | relaxed | vggtpcd,50.0
combined,75,42,0.0,75000,random,farthestpose,75,GT Eval,,,,,,,,0.0,,colmap,,,15000,15000,relaxed,MCMC,colmapcams,vggtpcd,Global Alignment,,,gsplat,19.608388900756836,0.31642836332321167,0.4087609648704529,1000000,0.006102000363171101,0.1462000161409378,"{'psnr': [16.912460327148438, 16.056976318359375, 17.367956161499023, 16.323448181152344, 19.008419036865234, 18.736040115356445, 17.676895141601562, 18.400583267211914, 20.054643630981445, 20.262004852294922, 19.99197006225586, 21.068368911743164, 18.301342010498047, 19.147016525268555, 21.133432388305664, 20.41286849975586, 22.856523513793945, 18.179048538208008, 19.571823120117188, 22.66455078125, 22.443483352661133, 24.595550537109375, 19.406742095947266, 21.29715919494629, 18.340402603149414], 'ssim': [0.27619192004203796, 0.31592461466789246, 0.2973530888557434, 0.2133374661207199, 0.5172524452209473, 0.39113131165504456, 0.2872314751148224, 0.34009048342704773, 0.36541756987571716, 0.38945311307907104, 0.44262200593948364, 0.4700136184692383, 0.33928966522216797, 0.3715091645717621, 0.4539787173271179, 0.45342227816581726, 0.561469316482544, 0.291591614484787, 0.4075073003768921, 0.5564408302307129, 0.5351930856704712, 0.6488487720489502, 0.4042094945907593, 0.4948517382144928, 0.39469319581985474], 'lpips': [0.3777070641517639, 0.3763255178928375, 0.4399755001068115, 0.3836987614631653, 0.30734407901763916, 0.34577763080596924, 0.3222060799598694, 0.3378814160823822, 0.3866845965385437, 0.3027269244194031, 0.2891572415828705, 0.3395737409591675, 0.32317641377449036, 0.28821420669555664, 0.2943737506866455, 0.326822429895401, 0.26749956607818604, 0.3191583454608917, 0.24586261808872223, 0.2508264183998108, 0.25506967306137085, 0.2367238700389862, 0.280735582113266, 0.2777627110481262, 0.3354251980781555], 'depth_factor': [4.927237510681152, 5.405205726623535, 6.953274250030518, 9.228225708007812, 9.01963996887207, 7.590234279632568, 4.374837398529053, 4.992081165313721, 6.456117153167725, 6.285207748413086, 8.991028785705566, 8.895492553710938, 4.673494815826416, 3.9024906158447266, 5.285909175872803, 3.7415857315063477, 8.478306770324707, 3.118757486343384, 3.0832839012145996, 5.218576431274414, 2.606585741043091, 5.181656360626221, 3.0722544193267822, 2.7822701930999756, 2.5193445682525635], 'eval_rre': [0.1462000012397766, 0.1462000012397766, 0.1462000012397766, 0.1462000012397766, 0.1462000012397766, 0.1462000012397766, 0.1462000012397766, 0.1462000012397766, 0.1462000012397766, 0.1462000012397766, 0.1462000012397766, 0.1462000012397766, 0.1462000012397766, 0.1462000012397766, 0.1462000012397766, 0.1462000012397766, 0.1462000012397766, 0.1462000012397766, 0.1462000012397766, 0.1462000012397766, 0.1462000012397766, 0.1462000012397766, 0.1462000012397766, 0.1462000012397766, 0.1462000012397766], 'eval_rte': [0.006101999897509813, 0.006101999897509813, 0.006101999897509813, 0.006101999897509813, 0.006101999897509813, 0.006101999897509813, 0.006101999897509813, 0.006101999897509813, 0.006101999897509813, 0.006101999897509813, 0.006101999897509813, 0.006101999897509813, 0.006101999897509813, 0.006101999897509813, 0.006101999897509813, 0.006101999897509813, 0.006101999897509813, 0.006101999897509813, 0.006101999897509813, 0.006101999897509813, 0.006101999897509813, 0.006101999897509813, 0.006101999897509813, 0.006101999897509813, 0.006101999897509813]}",0.3132664112397182,75000,/home/ojab2/work/git/gsplat/results/combined_outputs/bicycle_4_n75_s42_combined_colmapcams_vggtpcd_amglobal_relaxed_c0.0_p75000_random_farthestpose_i75_gteval_steps15000/stats/val_step14999.json,bicycle_4_n75_s42_combined_colmapcams_vggtpcd_amglobal_relaxed_c0.0_p75000_random_farthestpose_i75_gteval_steps15000,0.1462,0.025247,75,combined | relaxed | vggtpcd,75.0
combined,100,42,0.0,100000,random,farthestpose,100,GT Eval,,,,,,,,0.0,,colmap,,,15000,15000,relaxed,MCMC,colmapcams,vggtpcd,Global Alignment,,,gsplat,21.40524673461914,0.27212560176849365,0.5341745018959045,1000000,0.004424000158905983,0.098999984562397,"{'psnr': [18.527057647705078, 16.29410171508789, 18.356565475463867, 19.182069778442383, 17.315834045410156, 20.27448844909668, 20.33852767944336, 20.0861873626709, 22.088760375976562, 22.15384292602539, 20.893531799316406, 21.955320358276367, 21.727333068847656, 21.660245895385742, 23.353519439697266, 23.20413589477539, 24.668048858642578, 21.43922233581543, 22.34122085571289, 24.448745727539062, 24.084157943725586, 25.55944061279297, 22.401897430419922, 22.30465316772461, 20.472248077392578], 'ssim': [0.4316292703151703, 0.3189621865749359, 0.40969422459602356, 0.45181581377983093, 0.4514414966106415, 0.5104262232780457, 0.46828362345695496, 0.4552134871482849, 0.49711528420448303, 0.5401899814605713, 0.5044219493865967, 0.5687872767448425, 0.551096498966217, 0.5553862452507019, 0.5899306535720825, 0.5866348743438721, 0.6931915879249573, 0.4893501400947571, 0.6024137139320374, 0.6734334230422974, 0.6076546311378479, 0.7456215023994446, 0.5864639282226562, 0.5266212821006775, 0.5385845899581909], 'lpips': [0.36796802282333374, 0.3761473298072815, 0.40944206714630127, 0.31183767318725586, 0.33124974370002747, 0.2998843789100647, 0.30064845085144043, 0.28652042150497437, 0.3170126974582672, 0.24606895446777344, 0.2690732479095459, 0.29707029461860657, 0.27318206429481506, 0.25092992186546326, 0.2381877601146698, 0.24395699799060822, 0.2173193395137787, 0.23982037603855133, 0.19666066765785217, 0.1977415382862091, 0.2025109827518463, 0.20487475395202637, 0.21339941024780273, 0.2510872781276703, 0.26054611802101135], 'depth_factor': [5.148191452026367, 6.3010053634643555, 7.049513339996338, 6.739419460296631, 6.445931434631348, 7.126263618469238, 3.9364640712738037, 5.808825492858887, 7.740023136138916, 6.446811676025391, 8.234850883483887, 8.315816879272461, 4.235494613647461, 3.799569606781006, 5.355056285858154, 4.596050262451172, 7.6668381690979, 3.918243408203125, 3.089552640914917, 5.535226821899414, 2.968007802963257, 5.922964096069336, 3.1091973781585693, 3.1905667781829834, 2.521876335144043], 'eval_rre': [0.0989999994635582, 0.0989999994635582, 0.0989999994635582, 0.0989999994635582, 0.0989999994635582, 0.0989999994635582, 0.0989999994635582, 0.0989999994635582, 0.0989999994635582, 0.0989999994635582, 0.0989999994635582, 0.0989999994635582, 0.0989999994635582, 0.0989999994635582, 0.0989999994635582, 0.0989999994635582, 0.0989999994635582, 0.0989999994635582, 0.0989999994635582, 0.0989999994635582, 0.0989999994635582, 0.0989999994635582, 0.0989999994635582, 0.0989999994635582, 0.0989999994635582], 'eval_rte': [0.004424000158905983, 0.004424000158905983, 0.004424000158905983, 0.004424000158905983, 0.004424000158905983, 0.004424000158905983, 0.004424000158905983, 0.004424000158905983, 0.004424000158905983, 0.004424000158905983, 0.004424000158905983, 0.004424000158905983, 0.004424000158905983, 0.004424000158905983, 0.004424000158905983, 0.004424000158905983, 0.004424000158905983, 0.004424000158905983, 0.004424000158905983, 0.004424000158905983, 0.004424000158905983, 0.004424000158905983, 0.004424000158905983, 0.004424000158905983, 0.004424000158905983]}",0.4472301897094806,100000,/home/ojab2/work/git/gsplat/results/combined_outputs/bicycle_4_n100_s42_combined_colmapcams_vggtpcd_amglobal_relaxed_c0.0_p100000_random_farthestpose_i100_gteval_steps15000/stats/val_step14999.json,bicycle_4_n100_s42_combined_colmapcams_vggtpcd_amglobal_relaxed_c0.0_p100000_random_farthestpose_i100_gteval_steps15000,0.099,0.017792,100,combined | relaxed | vggtpcd,100.0
colmap,25,42,,2808,,farthestpose,25,GT Eval,,,,,,,,0.0,,colmap,,,15000,15000,relaxed,MCMC,,,,,,gsplat,12.800058364868164,0.6889354586601257,0.18987753987312317,1000000,0.005824999883770943,2.8498995304107666,"{'psnr': [12.42892837524414, 12.444632530212402, 11.431180953979492, 11.151750564575195, 12.345586776733398, 12.167078018188477, 13.178581237792969, 12.979681968688965, 14.039176940917969, 13.510588645935059, 14.084709167480469, 12.379868507385254, 11.759431838989258, 12.569055557250977, 14.473546028137207, 12.635717391967773, 11.7845458984375, 12.182430267333984, 12.263286590576172, 15.506781578063965, 14.148186683654785, 11.7859525680542, 12.313254356384277, 14.96792221069336, 11.469590187072754], 'ssim': [0.2079017609357834, 0.18334351480007172, 0.16275916993618011, 0.12316425144672394, 0.20095294713974, 0.2130899727344513, 0.2081022560596466, 0.18544341623783112, 0.20121389627456665, 0.1603095680475235, 0.2130393087863922, 0.20867490768432617, 0.1933111846446991, 0.20705026388168335, 0.20565325021743774, 0.15268875658512115, 0.17303095757961273, 0.1929725706577301, 0.19107967615127563, 0.24212655425071716, 0.15522906184196472, 0.168620303273201, 0.23293918371200562, 0.1635887771844864, 0.20065294206142426], 'lpips': [0.8423233032226562, 0.7742971181869507, 0.6866433024406433, 0.7082421183586121, 0.7804265022277832, 0.7445298433303833, 0.7692111134529114, 0.7230675220489502, 0.6371432542800903, 0.6105288863182068, 0.7002238035202026, 0.7737351655960083, 0.740685224533081, 0.7236799597740173, 0.5886160135269165, 0.6127744913101196, 0.7574178576469421, 0.7059162855148315, 0.6811621785163879, 0.5082953572273254, 0.5453271865844727, 0.7186064720153809, 0.6743125319480896, 0.5017203688621521, 0.7145005464553833], 'depth_factor': [1.117424726486206, 4.893197059631348, 4.443124771118164, 24.750375747680664, 5.95254373550415, 3.745710849761963, 2.060643196105957, 3.0191051959991455, 3.541412115097046, 4.425614833831787, 3.8354954719543457, 25.907331466674805, 9.334309577941895, 4.060266494750977, 3.492278575897217, 52.32535934448242, 49.996463775634766, 1.61684250831604, 2.985732078552246, 3.3455255031585693, 9.902631759643555, 10.150458335876465, 7.842734336853027, 2.5069849491119385, 1.2124890089035034], 'eval_rre': [2.849900007247925, 2.849900007247925, 2.849900007247925, 2.849900007247925, 2.849900007247925, 2.849900007247925, 2.849900007247925, 2.849900007247925, 2.849900007247925, 2.849900007247925, 2.849900007247925, 2.849900007247925, 2.849900007247925, 2.849900007247925, 2.849900007247925, 2.849900007247925, 2.849900007247925, 2.849900007247925, 2.849900007247925, 2.849900007247925, 2.849900007247925, 2.849900007247925, 2.849900007247925, 2.849900007247925, 2.849900007247925], 'eval_rte': [0.005824999883770943, 0.005824999883770943, 0.005824999883770943, 0.005824999883770943, 0.005824999883770943, 0.005824999883770943, 0.005824999883770943, 0.005824999883770943, 0.005824999883770943, 0.005824999883770943, 0.005824999883770943, 0.005824999883770943, 0.005824999883770943, 0.005824999883770943, 0.005824999883770943, 0.005824999883770943, 0.005824999883770943, 0.005824999883770943, 0.005824999883770943, 0.005824999883770943, 0.005824999883770943, 0.005824999883770943, 0.005824999883770943, 0.005824999883770943, 0.005824999883770943]}",-0.17075843823428574,2808,/home/ojab2/work/git/gsplat/results/colmap_outputs/bicycle_4_n25_s42_relaxed_farthestpose_i25_gteval_steps15000/stats/val_step14999.json,bicycle_4_n25_s42_relaxed_farthestpose_i25_gteval_steps15000,2.8499,0.006194,3,colmap | relaxed | ,25.0
colmap,50,42,,23525,,farthestpose,50,GT Eval,,,,,,,,0.0,,colmap,,,15000,15000,relaxed,MCMC,,,,,,gsplat,15.05355167388916,0.5360285043716431,0.22604788839817047,1000000,,,,-0.013487821240329026,23525,/home/ojab2/work/git/gsplat/results/colmap_outputs/bicycle_4_n50_s42_relaxed_farthestpose_i50_gteval_steps15000/stats/val_step14999.json,bicycle_4_n50_s42_relaxed_farthestpose_i50_gteval_steps15000,5.8846,0.500275,50,colmap | relaxed | ,50.0
colmap,75,42,,48702,,farthestpose,75,GT Eval,,,,,,,,0.0,,colmap,,,15000,15000,relaxed,MCMC,,,,,,gsplat,19.944950103759766,0.3198994994163513,0.42595213651657104,1000000,0.006102000363171101,0.1462000161409378,"{'psnr': [18.31084632873535, 17.291715621948242, 17.817594528198242, 16.679214477539062, 19.28484344482422, 19.165103912353516, 18.109493255615234, 19.149341583251953, 20.564416885375977, 20.263473510742188, 20.236074447631836, 21.49587631225586, 18.50328254699707, 19.078996658325195, 21.312572479248047, 20.499013900756836, 23.222017288208008, 18.387784957885742, 19.572086334228516, 22.915611267089844, 22.51369285583496, 24.73639678955078, 19.511808395385742, 21.588403701782227, 18.414060592651367], 'ssim': [0.3106883466243744, 0.3406018316745758, 0.291095107793808, 0.22884538769721985, 0.5376408100128174, 0.42734792828559875, 0.31675848364830017, 0.350583553314209, 0.39565932750701904, 0.3960341215133667, 0.46771758794784546, 0.5050582885742188, 0.3630814850330353, 0.3820302486419678, 0.4619274437427521, 0.46019408106803894, 0.5846974849700928, 0.3109220266342163, 0.4141601622104645, 0.5778409838676453, 0.5332379341125488, 0.6540488004684448, 0.4216964840888977, 0.5072274208068848, 0.4097081124782562], 'lpips': [0.38912728428840637, 0.4221128821372986, 0.40158072113990784, 0.380594938993454, 0.3124878406524658, 0.3331284821033478, 0.35423576831817627, 0.3557063341140747, 0.353900671005249, 0.28495320677757263, 0.30486541986465454, 0.3110697269439697, 0.3461223840713501, 0.3230315148830414, 0.28489118814468384, 0.3287900388240814, 0.2578984797000885, 0.33669763803482056, 0.26859813928604126, 0.2331276684999466, 0.25217166543006897, 0.24648135900497437, 0.293354332447052, 0.2750095725059509, 0.3475501239299774], 'depth_factor': [32.38189697265625, 62.32353973388672, 52.31504821777344, 15.142464637756348, 29.049816131591797, 11.804655075073242, 14.697582244873047, 9.812103271484375, 67.72551727294922, 18.183353424072266, 47.306922912597656, 14.3261137008667, 8.937051773071289, 13.474796295166016, 7.101828098297119, 4.606002330780029, 14.697144508361816, 5.123736381530762, 4.345544815063477, 6.8379316329956055, 3.572969913482666, 8.345900535583496, 3.783041000366211, 3.0390594005584717, 3.55338978767395], 'eval_rre': [0.1462000012397766, 0.1462000012397766, 0.1462000012397766, 0.1462000012397766, 0.1462000012397766, 0.1462000012397766, 0.1462000012397766, 0.1462000012397766, 0.1462000012397766, 0.1462000012397766, 0.1462000012397766, 0.1462000012397766, 0.1462000012397766, 0.1462000012397766, 0.1462000012397766, 0.1462000012397766, 0.1462000012397766, 0.1462000012397766, 0.1462000012397766, 0.1462000012397766, 0.1462000012397766, 0.1462000012397766, 0.1462000012397766, 0.1462000012397766, 0.1462000012397766], 'eval_rte': [0.006101999897509813, 0.006101999897509813, 0.006101999897509813, 0.006101999897509813, 0.006101999897509813, 0.006101999897509813, 0.006101999897509813, 0.006101999897509813, 0.006101999897509813, 0.006101999897509813, 0.006101999897509813, 0.006101999897509813, 0.006101999897509813, 0.006101999897509813, 0.006101999897509813, 0.006101999897509813, 0.006101999897509813, 0.006101999897509813, 0.006101999897509813, 0.006101999897509813, 0.006101999897509813, 0.006101999897509813, 0.006101999897509813, 0.006101999897509813, 0.006101999897509813]}",0.3274096662615552,48702,/home/ojab2/work/git/gsplat/results/colmap_outputs/bicycle_4_n75_s42_relaxed_farthestpose_i75_gteval_steps15000/stats/val_step14999.json,bicycle_4_n75_s42_relaxed_farthestpose_i75_gteval_steps15000,0.1462,0.025247,75,colmap | relaxed | ,75.0
colmap,100,42,,72468,,farthestpose,100,GT Eval,,,,,,,,0.0,,colmap,,,15000,15000,relaxed,MCMC,,,,,,gsplat,21.861061096191406,0.26650169491767883,0.556559681892395,1000000,,,,0.47223349237999723,72468,/home/ojab2/work/git/gsplat/results/colmap_outputs/bicycle_4_n100_s42_relaxed_farthestpose_i100_gteval_steps15000/stats/val_step14999.json,bicycle_4_n100_s42_relaxed_farthestpose_i100_gteval_steps15000,0.099,0.017792,100,colmap | relaxed | ,100.0
vggt,25,42,0.0,25000,random,farthestpose,25,GT Eval,,,,,,,,0.0,,vggt,,,15000,15000,,MCMC,,,,,,gsplat,15.644537925720215,0.5010181665420532,0.2147984504699707,1000000,0.0202380008995533,1.0782999992370605,"{'psnr': [14.742596626281738, 13.136197090148926, 14.768409729003906, 13.649816513061523, 15.974615097045898, 15.250069618225098, 14.72234058380127, 15.035205841064453, 17.5284481048584, 16.559677124023438, 15.934521675109863, 16.764711380004883, 14.868895530700684, 15.306000709533691, 17.755611419677734, 15.156758308410645, 17.544666290283203, 14.899377822875977, 15.445333480834961, 17.435997009277344, 15.565343856811523, 16.871131896972656, 15.410200119018555, 16.32538414001465, 14.462166786193848], 'ssim': [0.1766468584537506, 0.15021628141403198, 0.19581449031829834, 0.15134276449680328, 0.23641972243785858, 0.22618596255779266, 0.17506757378578186, 0.17798258364200592, 0.26706141233444214, 0.219047412276268, 0.23009388148784637, 0.23150944709777832, 0.20381911098957062, 0.20193392038345337, 0.27110403776168823, 0.1809787005186081, 0.2868031859397888, 0.18364858627319336, 0.22322030365467072, 0.31502261757850647, 0.15906867384910583, 0.24617017805576324, 0.2452695667743683, 0.18526285886764526, 0.23027101159095764], 'lpips': [0.4887655973434448, 0.509968638420105, 0.5629143118858337, 0.5519949197769165, 0.47349002957344055, 0.5084022879600525, 0.4603581130504608, 0.5215590000152588, 0.510370671749115, 0.5034887194633484, 0.49672451615333557, 0.5334593057632446, 0.5011970400810242, 0.5329424142837524, 0.4900839030742645, 0.5227286219596863, 0.5188367962837219, 0.5058570504188538, 0.5093488693237305, 0.4431900978088379, 0.4419291913509369, 0.4887326657772064, 0.4717520475387573, 0.44152235984802246, 0.5358371734619141], 'depth_factor': [4.119064807891846, 5.018599987030029, 6.7071757316589355, 6.851190567016602, 9.68413257598877, 14.233870506286621, 3.9399027824401855, 5.599400043487549, 5.242773056030273, 5.183316707611084, 6.938231468200684, 11.725564956665039, 5.49049711227417, 3.639768600463867, 4.366726398468018, 4.807693958282471, 7.4329423904418945, 3.7910616397857666, 3.138134479522705, 3.437072992324829, 3.386371612548828, 6.902589797973633, 4.861522674560547, 2.761516571044922, 3.128014326095581], 'eval_rre': [1.0782999992370605, 1.0782999992370605, 1.0782999992370605, 1.0782999992370605, 1.0782999992370605, 1.0782999992370605, 1.0782999992370605, 1.0782999992370605, 1.0782999992370605, 1.0782999992370605, 1.0782999992370605, 1.0782999992370605, 1.0782999992370605, 1.0782999992370605, 1.0782999992370605, 1.0782999992370605, 1.0782999992370605, 1.0782999992370605, 1.0782999992370605, 1.0782999992370605, 1.0782999992370605, 1.0782999992370605, 1.0782999992370605, 1.0782999992370605, 1.0782999992370605], 'eval_rte': [0.0202380008995533, 0.0202380008995533, 0.0202380008995533, 0.0202380008995533, 0.0202380008995533, 0.0202380008995533, 0.0202380008995533, 0.0202380008995533, 0.0202380008995533, 0.0202380008995533, 0.0202380008995533, 0.0202380008995533, 0.0202380008995533, 0.0202380008995533, 0.0202380008995533, 0.0202380008995533, 0.0202380008995533, 0.0202380008995533, 0.0202380008995533, 0.0202380008995533, 0.0202380008995533, 0.0202380008995533, 0.0202380008995533, 0.0202380008995533, 0.0202380008995533]}",0.012489069584827317,25000,/home/ojab2/work/git/gsplat/results/vggt_outputs/bicycle_4_n25_s42_c0.0_p25000_random_farthestpose_i25_gteval_steps15000/stats/val_step14999.json,bicycle_4_n25_s42_c0.0_p25000_random_farthestpose_i25_gteval_steps15000,1.0783,0.091856,25,vggt |  | ,25.0
vggt,50,42,0.0,50000,random,farthestpose,50,GT Eval,,,,,,,,0.0,,vggt,,,15000,15000,,MCMC,,,,,,gsplat,16.593347549438477,0.45837247371673584,0.23123961687088013,1000000,0.01934400014579296,0.9197998642921448,"{'psnr': [14.898454666137695, 13.690185546875, 15.94757080078125, 14.604233741760254, 16.584312438964844, 15.95789909362793, 14.710127830505371, 15.46356201171875, 18.823394775390625, 17.09921646118164, 17.09140968322754, 17.804901123046875, 15.773295402526855, 15.742094039916992, 19.681245803833008, 16.240249633789062, 18.967870712280273, 15.439014434814453, 16.221420288085938, 20.0944881439209, 16.958642959594727, 17.94659423828125, 16.431121826171875, 17.12138557434082, 15.540972709655762], 'ssim': [0.17461013793945312, 0.15935182571411133, 0.22595278918743134, 0.16673319041728973, 0.2432478368282318, 0.24108560383319855, 0.16978491842746735, 0.18319949507713318, 0.29956990480422974, 0.22798055410385132, 0.23694828152656555, 0.2593863606452942, 0.2196895182132721, 0.20214655995368958, 0.30968862771987915, 0.19906428456306458, 0.3290645480155945, 0.18027667701244354, 0.2246449738740921, 0.34048452973365784, 0.1940997838973999, 0.2810715138912201, 0.255549818277359, 0.21026428043842316, 0.24709442257881165], 'lpips': [0.44889605045318604, 0.47606033086776733, 0.4942519962787628, 0.5278860330581665, 0.44896870851516724, 0.4569830596446991, 0.44011190533638, 0.4752708673477173, 0.4762796461582184, 0.4674808382987976, 0.42414018511772156, 0.47861433029174805, 0.4615270793437958, 0.48598799109458923, 0.4149913191795349, 0.491644024848938, 0.41970551013946533, 0.47035732865333557, 0.4706977605819702, 0.4021986126899719, 0.43082088232040405, 0.41961148381233215, 0.44064995646476746, 0.4252617359161377, 0.5109151601791382], 'depth_factor': [4.495233535766602, 5.370038032531738, 6.743305683135986, 5.1344895362854, 7.7599711418151855, 7.789872646331787, 4.532097816467285, 4.626352787017822, 6.983703136444092, 8.158964157104492, 6.7463698387146, 8.183377265930176, 6.070886135101318, 3.4705917835235596, 4.982705593109131, 4.382673263549805, 7.973570823669434, 2.967477560043335, 3.068882465362549, 4.405458450317383, 5.1517438888549805, 5.325817108154297, 3.7073276042938232, 3.263899087905884, 3.253842830657959], 'eval_rre': [0.9197999835014343, 0.9197999835014343, 0.9197999835014343, 0.9197999835014343, 0.9197999835014343, 0.9197999835014343, 0.9197999835014343, 0.9197999835014343, 0.9197999835014343, 0.9197999835014343, 0.9197999835014343, 0.9197999835014343, 0.9197999835014343, 0.9197999835014343, 0.9197999835014343, 0.9197999835014343, 0.9197999835014343, 0.9197999835014343, 0.9197999835014343, 0.9197999835014343, 0.9197999835014343, 0.9197999835014343, 0.9197999835014343, 0.9197999835014343, 0.9197999835014343], 'eval_rte': [0.01934400014579296, 0.01934400014579296, 0.01934400014579296, 0.01934400014579296, 0.01934400014579296, 0.01934400014579296, 0.01934400014579296, 0.01934400014579296, 0.01934400014579296, 0.01934400014579296, 0.01934400014579296, 0.01934400014579296, 0.01934400014579296, 0.01934400014579296, 0.01934400014579296, 0.01934400014579296, 0.01934400014579296, 0.01934400014579296, 0.01934400014579296, 0.01934400014579296, 0.01934400014579296, 0.01934400014579296, 0.01934400014579296, 0.01934400014579296, 0.01934400014579296]}",0.06599883710973989,50000,/home/ojab2/work/git/gsplat/results/vggt_outputs/bicycle_4_n50_s42_c0.0_p50000_random_farthestpose_i50_gteval_steps15000/stats/val_step14999.json,bicycle_4_n50_s42_c0.0_p50000_random_farthestpose_i50_gteval_steps15000,0.9199,0.086453,50,vggt |  | ,50.0
vggt,75,42,0.0,75000,random,farthestpose,75,GT Eval,,,,,,,,0.0,,vggt,,,15000,15000,,MCMC,,,,,,gsplat,16.91168212890625,0.44822928309440613,0.24732838571071625,1000000,0.017280997708439827,0.8917999863624573,"{'psnr': [15.162203788757324, 14.084346771240234, 16.18513298034668, 15.12828540802002, 16.66046714782715, 16.29937171936035, 15.20513916015625, 15.882370948791504, 18.541540145874023, 17.931793212890625, 17.620010375976562, 18.07591438293457, 15.830242156982422, 16.305204391479492, 19.23653221130371, 17.486248016357422, 19.27850914001465, 15.77592945098877, 16.82084083557129, 20.13776206970215, 18.140140533447266, 18.30124282836914, 16.482866287231445, 16.714885711669922, 15.505111694335938], 'ssim': [0.18321922421455383, 0.17325431108474731, 0.23550812900066376, 0.16465526819229126, 0.2577870786190033, 0.2563742399215698, 0.18143786489963531, 0.20783254504203796, 0.30674904584884644, 0.2533881366252899, 0.2575964331626892, 0.2643278241157532, 0.23420217633247375, 0.23717857897281647, 0.3115353286266327, 0.24986839294433594, 0.34906861186027527, 0.19658860564231873, 0.258157879114151, 0.34884658455848694, 0.23910924792289734, 0.29179608821868896, 0.26945626735687256, 0.1939624845981598, 0.2613093852996826], 'lpips': [0.45388713479042053, 0.4665975570678711, 0.5084986686706543, 0.5027114748954773, 0.45078763365745544, 0.4552706778049469, 0.4348297417163849, 0.45110955834388733, 0.47468480467796326, 0.42384880781173706, 0.4256230890750885, 0.4761433005332947, 0.4449060559272766, 0.4293583333492279, 0.42759495973587036, 0.4633204936981201, 0.4320927560329437, 0.45826828479766846, 0.4005810022354126, 0.40758150815963745, 0.42611801624298096, 0.42253804206848145, 0.42650526762008667, 0.4387006163597107, 0.5041748881340027], 'depth_factor': [5.607522487640381, 5.382676124572754, 6.717464923858643, 6.169195652008057, 9.7121000289917, 7.477295875549316, 4.952986240386963, 5.533971309661865, 7.818379878997803, 6.430131435394287, 7.632781505584717, 8.417901039123535, 4.361850261688232, 12.20741081237793, 5.685755729675293, 4.278051376342773, 7.675033092498779, 3.873847007751465, 3.580018997192383, 5.120270729064941, 3.942080020904541, 5.045851230621338, 3.366835832595825, 2.5511972904205322, 2.5535571575164795], 'eval_rre': [0.8917999863624573, 0.8917999863624573, 0.8917999863624573, 0.8917999863624573, 0.8917999863624573, 0.8917999863624573, 0.8917999863624573, 0.8917999863624573, 0.8917999863624573, 0.8917999863624573, 0.8917999863624573, 0.8917999863624573, 0.8917999863624573, 0.8917999863624573, 0.8917999863624573, 0.8917999863624573, 0.8917999863624573, 0.8917999863624573, 0.8917999863624573, 0.8917999863624573, 0.8917999863624573, 0.8917999863624573, 0.8917999863624573, 0.8917999863624573, 0.8917999863624573], 'eval_rte': [0.017280999571084976, 0.017280999571084976, 0.017280999571084976, 0.017280999571084976, 0.017280999571084976, 0.017280999571084976, 0.017280999571084976, 0.017280999571084976, 0.017280999571084976, 0.017280999571084976, 0.017280999571084976, 0.017280999571084976, 0.017280999571084976, 0.017280999571084976, 0.017280999571084976, 0.017280999571084976, 0.017280999571084976, 0.017280999571084976, 0.017280999571084976, 0.017280999571084976, 0.017280999571084976, 0.017280999571084976, 0.017280999571084976, 0.017280999571084976, 0.017280999571084976]}",0.08756378744235671,75000,/home/ojab2/work/git/gsplat/results/vggt_outputs/bicycle_4_n75_s42_c0.0_p75000_random_farthestpose_i75_gteval_steps15000/stats/val_step14999.json,bicycle_4_n75_s42_c0.0_p75000_random_farthestpose_i75_gteval_steps15000,0.8919,0.075478,75,vggt |  | ,75.0
vggt,100,42,0.0,100000,random,farthestpose,100,GT Eval,,,,,,,,0.0,,vggt,,,15000,15000,,MCMC,,,,,,gsplat,17.17383575439453,0.44064733386039734,0.25722789764404297,1000000,0.015425998717546463,0.8569999933242798,"{'psnr': [15.383967399597168, 14.425381660461426, 16.083362579345703, 15.79816722869873, 16.293304443359375, 16.429676055908203, 15.432826042175293, 16.02716636657715, 18.728656768798828, 18.69711685180664, 17.9404239654541, 18.281816482543945, 15.945855140686035, 16.48810386657715, 19.339887619018555, 18.854902267456055, 19.594511032104492, 15.917031288146973, 16.905332565307617, 20.26235008239746, 18.637636184692383, 18.425769805908203, 16.691650390625, 16.964099884033203, 15.796876907348633], 'ssim': [0.1901250183582306, 0.19061166048049927, 0.23720847070217133, 0.19264920055866241, 0.2655022442340851, 0.2679121792316437, 0.18995501101016998, 0.20916400849819183, 0.3117121756076813, 0.27713489532470703, 0.2710062563419342, 0.27559489011764526, 0.23846465349197388, 0.24307917058467865, 0.31256040930747986, 0.2933866083621979, 0.3662533760070801, 0.2080569565296173, 0.26677802205085754, 0.36080020666122437, 0.2312249392271042, 0.29772302508354187, 0.2664288878440857, 0.2045130580663681, 0.262852281332016], 'lpips': [0.4530673027038574, 0.47578486800193787, 0.5227537751197815, 0.48290586471557617, 0.4789089560508728, 0.4452431797981262, 0.4340428411960602, 0.4466060996055603, 0.47317278385162354, 0.412153422832489, 0.4239423871040344, 0.4674471318721771, 0.4370427429676056, 0.4330288767814636, 0.4350355565547943, 0.38450828194618225, 0.4083137810230255, 0.43502160906791687, 0.4043532609939575, 0.4072950780391693, 0.38627973198890686, 0.4217430353164673, 0.4112255871295929, 0.44500479102134705, 0.4913034737110138], 'depth_factor': [5.067328929901123, 5.5504279136657715, 6.814485549926758, 6.10461950302124, 7.354462623596191, 6.935052394866943, 3.8905086517333984, 5.094203948974609, 7.7632975578308105, 7.655962944030762, 15.220427513122559, 8.361783981323242, 4.416600227355957, 5.681155681610107, 5.52675724029541, 4.4952287673950195, 7.547421932220459, 3.479107141494751, 3.425550937652588, 5.500849723815918, 2.6567094326019287, 5.419965744018555, 3.6928720474243164, 2.1538686752319336, 2.618213415145874], 'eval_rre': [0.8569999933242798, 0.8569999933242798, 0.8569999933242798, 0.8569999933242798, 0.8569999933242798, 0.8569999933242798, 0.8569999933242798, 0.8569999933242798, 0.8569999933242798, 0.8569999933242798, 0.8569999933242798, 0.8569999933242798, 0.8569999933242798, 0.8569999933242798, 0.8569999933242798, 0.8569999933242798, 0.8569999933242798, 0.8569999933242798, 0.8569999933242798, 0.8569999933242798, 0.8569999933242798, 0.8569999933242798, 0.8569999933242798, 0.8569999933242798, 0.8569999933242798], 'eval_rte': [0.015425999648869038, 0.015425999648869038, 0.015425999648869038, 0.015425999648869038, 0.015425999648869038, 0.015425999648869038, 0.015425999648869038, 0.015425999648869038, 0.015425999648869038, 0.015425999648869038, 0.015425999648869038, 0.015425999648869038, 0.015425999648869038, 0.015425999648869038, 0.015425999648869038, 0.015425999648869038, 0.015425999648869038, 0.015425999648869038, 0.015425999648869038, 0.015425999648869038, 0.015425999648869038, 0.015425999648869038, 0.015425999648869038, 0.015425999648869038, 0.015425999648869038]}",0.10288788805231015,100000,/home/ojab2/work/git/gsplat/results/vggt_outputs/bicycle_4_n100_s42_c0.0_p100000_random_farthestpose_i100_gteval_steps15000/stats/val_step14999.json,bicycle_4_n100_s42_c0.0_p100000_random_farthestpose_i100_gteval_steps15000,0.857,0.067143,100,vggt |  | ,100.0
