method,num_images,seed,conf_thres_value,num_points,sampling_mode,near_filtering_strength,near_filtering_quorum,reconstruct_pose_opt,optimisation_iterations,optimisation_neighbourhood,image_mode,num_cameras,gt_eval,use_gt_extrinsics,use_gt_intrinsics,use_gt_points,pose_opt,pose_opt_module,eval_opt,depth_loss_mode,error_opa,depth_lambda,depth_conf_mode,depth_conf_shifted,loss_multiplier,pose_loss_multiplier,choice,dataset,camera_type,copy_mode,val_step,num_steps,colmap_mode,splatting_strategy,camera_src,pcd_src,align_mode,align_glue,shared_camera,keep_backup_cams,random_init,use_ba,feature_extractor,max_ba_iterations,source,dataset_collection,psnr,lpips,ssim,num_GS,eval_rte,eval_rre,depth_l1,depth_abs_rel,quality,avge,real_num_points,file_path,gsplat_file_path,folder,rre,rte,num_aligned,alignment_scale,pred_depth_l1,pred_depth_absrel,pred_depth_rmse,sfm_file_path,input_folder,output_folder,initial_points,plot_series
combined,87,42,0.0,87000,confidence,,,,0,10,farthestpose,87,GT Eval,,,,Pose Opt,,,,,0.0,,False,1.0,1.0,colmap,lego,,,15000,15000,default,MCMC,COLMAP Cams,Both Pcds,Global Alignment,,Shared Cam,,,,,,gsplat,synthetic,25.149423599243164,0.05014980956912041,0.9035831093788147,1000000,0.11250514537096024,10.389172554016113,0.017813609912991524,0.01874624565243721,0.869617317692462,0.12123860980323475,97069,/home/ojab2/work/git/gsplat/results/combined_outputs/lego_1_n87_s42_combined_colmapcams_bothpcd_amglobal_default_c0.0_p87000_confidence_farthestpose_sharedcam_i87_gteval_poseopt_steps15000/stats/val_step14999.json,/home/ojab2/work/git/gsplat/results/combined_outputs/lego_1_n87_s42_combined_colmapcams_bothpcd_amglobal_default_c0.0_p87000_confidence_farthestpose_sharedcam_i87_gteval_poseopt_steps15000/stats/val_step14999.json,lego_1_n87_s42_combined_colmapcams_bothpcd_amglobal_default_c0.0_p87000_confidence_farthestpose_sharedcam_i87_gteval_poseopt_steps15000,10.4269,0.396164,87,0.88238,0.0454,0.0128,0.1163,/home/ojab2/work/git/vggt/combined_outputs/lego_1_n87_s42_combined_colmapcams_bothpcd_amglobal_default_c0.0_p87000_confidence_farthestpose_sharedcam/eval_results.json,lego_1_n87_s42_combined_colmapcams_bothpcd_amglobal_default_c0.0_p87000_confidence_farthestpose_sharedcam,lego_1_n87_s42_combined_colmapcams_bothpcd_amglobal_default_c0.0_p87000_confidence_farthestpose_sharedcam_i87_gteval_poseopt_steps15000_val_step14999.json,97069,combined | COLMAP Cams | Both Pcds | confidence
combined,87,42,0.0,87000,confidence,,,,0,10,farthestpose,87,GT Eval,,,,Pose Opt,,,,,0.0,,False,1.0,1.0,colmap,ship,,,15000,15000,default,MCMC,COLMAP Cams,Both Pcds,Global Alignment,,Shared Cam,,,,,,gsplat,synthetic,21.877010345458984,0.13503731787204742,0.7337315082550049,1000000,0.0034312093630433083,0.19737577438354492,0.02907658740878105,0.029772795736789703,0.6572889540588955,0.21918007772116227,86262,/home/ojab2/work/git/gsplat/results/combined_outputs/ship_1_n87_s42_combined_colmapcams_bothpcd_amglobal_default_c0.0_p87000_confidence_farthestpose_sharedcam_i87_gteval_poseopt_steps15000/stats/val_step14999.json,/home/ojab2/work/git/gsplat/results/combined_outputs/ship_1_n87_s42_combined_colmapcams_bothpcd_amglobal_default_c0.0_p87000_confidence_farthestpose_sharedcam_i87_gteval_poseopt_steps15000/stats/val_step14999.json,ship_1_n87_s42_combined_colmapcams_bothpcd_amglobal_default_c0.0_p87000_confidence_farthestpose_sharedcam_i87_gteval_poseopt_steps15000,0.2963,0.015258,81,0.797312,0.11,0.0294,0.2408,/home/ojab2/work/git/vggt/combined_outputs/ship_1_n87_s42_combined_colmapcams_bothpcd_amglobal_default_c0.0_p87000_confidence_farthestpose_sharedcam/eval_results.json,ship_1_n87_s42_combined_colmapcams_bothpcd_amglobal_default_c0.0_p87000_confidence_farthestpose_sharedcam,ship_1_n87_s42_combined_colmapcams_bothpcd_amglobal_default_c0.0_p87000_confidence_farthestpose_sharedcam_i87_gteval_poseopt_steps15000_val_step14999.json,86262,combined | COLMAP Cams | Both Pcds | confidence
combined,100,42,0.0,100000,confidence,,,,0,10,farthestpose,100,GT Eval,,,,Pose Opt,,,,,0.0,,False,1.0,1.0,colmap,bonsai,,,15000,15000,default,MCMC,COLMAP Cams,Both Pcds,Global Alignment,,Shared Cam,,,,,,gsplat,indoor,25.20047378540039,0.1691034883260727,0.7971417307853699,1000000,0.0011855873744934797,0.09638803452253342,,,0.7348880745165528,0.20750700386558296,180892,/home/ojab2/work/git/gsplat/results/combined_outputs/bonsai_2_n100_s42_combined_colmapcams_bothpcd_amglobal_default_c0.0_p100000_confidence_farthestpose_sharedcam_i100_gteval_poseopt_steps15000/stats/val_step14999.json,/home/ojab2/work/git/gsplat/results/combined_outputs/bonsai_2_n100_s42_combined_colmapcams_bothpcd_amglobal_default_c0.0_p100000_confidence_farthestpose_sharedcam_i100_gteval_poseopt_steps15000/stats/val_step14999.json,bonsai_2_n100_s42_combined_colmapcams_bothpcd_amglobal_default_c0.0_p100000_confidence_farthestpose_sharedcam_i100_gteval_poseopt_steps15000,0.1581,0.013152,100,1.113392,,,,/home/ojab2/work/git/vggt/combined_outputs/bonsai_2_n100_s42_combined_colmapcams_bothpcd_amglobal_default_c0.0_p100000_confidence_farthestpose_sharedcam/eval_results.json,bonsai_2_n100_s42_combined_colmapcams_bothpcd_amglobal_default_c0.0_p100000_confidence_farthestpose_sharedcam,bonsai_2_n100_s42_combined_colmapcams_bothpcd_amglobal_default_c0.0_p100000_confidence_farthestpose_sharedcam_i100_gteval_poseopt_steps15000_val_step14999.json,180892,combined | COLMAP Cams | Both Pcds | confidence
combined,100,42,0.0,100000,confidence,,,,0,10,farthestpose,100,GT Eval,,,,Pose Opt,,,,,0.0,,False,1.0,1.0,colmap,kitchen,,,15000,15000,default,MCMC,COLMAP Cams,Both Pcds,Global Alignment,,Shared Cam,,,,,,gsplat,indoor,22.16900062561035,0.1359124332666397,0.5457472801208496,1000000,0.0008952112984843552,0.08178713172674179,,,0.5522236896266094,0.27198797419020027,192853,/home/ojab2/work/git/gsplat/results/combined_outputs/kitchen_2_n100_s42_combined_colmapcams_bothpcd_amglobal_default_c0.0_p100000_confidence_farthestpose_sharedcam_i100_gteval_poseopt_steps15000/stats/val_step14999.json,/home/ojab2/work/git/gsplat/results/combined_outputs/kitchen_2_n100_s42_combined_colmapcams_bothpcd_amglobal_default_c0.0_p100000_confidence_farthestpose_sharedcam_i100_gteval_poseopt_steps15000/stats/val_step14999.json,kitchen_2_n100_s42_combined_colmapcams_bothpcd_amglobal_default_c0.0_p100000_confidence_farthestpose_sharedcam_i100_gteval_poseopt_steps15000,0.1073,0.004456,100,1.070086,,,,/home/ojab2/work/git/vggt/combined_outputs/kitchen_2_n100_s42_combined_colmapcams_bothpcd_amglobal_default_c0.0_p100000_confidence_farthestpose_sharedcam/eval_results.json,kitchen_2_n100_s42_combined_colmapcams_bothpcd_amglobal_default_c0.0_p100000_confidence_farthestpose_sharedcam,kitchen_2_n100_s42_combined_colmapcams_bothpcd_amglobal_default_c0.0_p100000_confidence_farthestpose_sharedcam_i100_gteval_poseopt_steps15000_val_step14999.json,192853,combined | COLMAP Cams | Both Pcds | confidence
combined,100,42,0.0,100000,confidence,,,,0,10,farthestpose,100,GT Eval,,,,Pose Opt,,,,,0.0,,False,1.0,1.0,colmap,counter,,,15000,15000,default,MCMC,COLMAP Cams,Both Pcds,Global Alignment,,Shared Cam,,,,,,gsplat,indoor,24.978403091430664,0.1846751570701599,0.8438005447387695,1000000,0.00028253369964659214,0.028481638059020042,,,0.7484493691708997,0.1943579890827635,160980,/home/ojab2/work/git/gsplat/results/combined_outputs/counter_2_n100_s42_combined_colmapcams_bothpcd_amglobal_default_c0.0_p100000_confidence_farthestpose_sharedcam_i100_gteval_poseopt_steps15000/stats/val_step14999.json,/home/ojab2/work/git/gsplat/results/combined_outputs/counter_2_n100_s42_combined_colmapcams_bothpcd_amglobal_default_c0.0_p100000_confidence_farthestpose_sharedcam_i100_gteval_poseopt_steps15000/stats/val_step14999.json,counter_2_n100_s42_combined_colmapcams_bothpcd_amglobal_default_c0.0_p100000_confidence_farthestpose_sharedcam_i100_gteval_poseopt_steps15000,0.029,0.002114,100,1.074256,,,,/home/ojab2/work/git/vggt/combined_outputs/counter_2_n100_s42_combined_colmapcams_bothpcd_amglobal_default_c0.0_p100000_confidence_farthestpose_sharedcam/eval_results.json,counter_2_n100_s42_combined_colmapcams_bothpcd_amglobal_default_c0.0_p100000_confidence_farthestpose_sharedcam,counter_2_n100_s42_combined_colmapcams_bothpcd_amglobal_default_c0.0_p100000_confidence_farthestpose_sharedcam_i100_gteval_poseopt_steps15000_val_step14999.json,160980,combined | COLMAP Cams | Both Pcds | confidence
combined,100,42,0.0,100000,confidence,,,,0,10,farthestpose,100,GT Eval,,,,Pose Opt,,,,,0.0,,False,1.0,1.0,colmap,bicycle,,,15000,15000,default,MCMC,COLMAP Cams,Both Pcds,Global Alignment,,Shared Cam,,,,,,gsplat,outdoor,22.227602005004883,0.25709494948387146,0.5663310885429382,1000000,0.002315578516572714,0.10074357688426971,,,0.4905421928665404,0.30720593322914314,117352,/home/ojab2/work/git/gsplat/results/combined_outputs/bicycle_4_n100_s42_combined_colmapcams_bothpcd_amglobal_default_c0.0_p100000_confidence_farthestpose_sharedcam_i100_gteval_poseopt_steps15000/stats/val_step14999.json,/home/ojab2/work/git/gsplat/results/combined_outputs/bicycle_4_n100_s42_combined_colmapcams_bothpcd_amglobal_default_c0.0_p100000_confidence_farthestpose_sharedcam_i100_gteval_poseopt_steps15000/stats/val_step14999.json,bicycle_4_n100_s42_combined_colmapcams_bothpcd_amglobal_default_c0.0_p100000_confidence_farthestpose_sharedcam_i100_gteval_poseopt_steps15000,0.0986,0.006893,100,1.077433,,,,/home/ojab2/work/git/vggt/combined_outputs/bicycle_4_n100_s42_combined_colmapcams_bothpcd_amglobal_default_c0.0_p100000_confidence_farthestpose_sharedcam/eval_results.json,bicycle_4_n100_s42_combined_colmapcams_bothpcd_amglobal_default_c0.0_p100000_confidence_farthestpose_sharedcam,bicycle_4_n100_s42_combined_colmapcams_bothpcd_amglobal_default_c0.0_p100000_confidence_farthestpose_sharedcam_i100_gteval_poseopt_steps15000_val_step14999.json,117352,combined | COLMAP Cams | Both Pcds | confidence
combined,100,42,0.0,100000,confidence,,,,0,10,farthestpose,100,GT Eval,,,,Pose Opt,,,,,0.0,,False,1.0,1.0,colmap,garden,,,15000,15000,default,MCMC,COLMAP Cams,Both Pcds,Global Alignment,,Shared Cam,,,,,,gsplat,outdoor,22.1619930267334,0.24636688828468323,0.5178869962692261,1000000,0.0005706340889446437,0.049484290182590485,,,0.467619593264299,0.3155963419067049,170656,/home/ojab2/work/git/gsplat/results/combined_outputs/garden_2_n100_s42_combined_colmapcams_bothpcd_amglobal_default_c0.0_p100000_confidence_farthestpose_sharedcam_i100_gteval_poseopt_steps15000/stats/val_step14999.json,/home/ojab2/work/git/gsplat/results/combined_outputs/garden_2_n100_s42_combined_colmapcams_bothpcd_amglobal_default_c0.0_p100000_confidence_farthestpose_sharedcam_i100_gteval_poseopt_steps15000/stats/val_step14999.json,garden_2_n100_s42_combined_colmapcams_bothpcd_amglobal_default_c0.0_p100000_confidence_farthestpose_sharedcam_i100_gteval_poseopt_steps15000,0.0628,0.002621,100,1.057253,,,,/home/ojab2/work/git/vggt/combined_outputs/garden_2_n100_s42_combined_colmapcams_bothpcd_amglobal_default_c0.0_p100000_confidence_farthestpose_sharedcam/eval_results.json,garden_2_n100_s42_combined_colmapcams_bothpcd_amglobal_default_c0.0_p100000_confidence_farthestpose_sharedcam,garden_2_n100_s42_combined_colmapcams_bothpcd_amglobal_default_c0.0_p100000_confidence_farthestpose_sharedcam_i100_gteval_poseopt_steps15000_val_step14999.json,170656,combined | COLMAP Cams | Both Pcds | confidence
combined,100,42,0.0,100000,confidence,,,,0,10,farthestpose,100,GT Eval,,,,Pose Opt,,,,,0.0,,False,1.0,1.0,colmap,stump,,,15000,15000,default,MCMC,COLMAP Cams,Both Pcds,Global Alignment,,Shared Cam,,,,,,gsplat,outdoor,25.997045516967773,0.26498061418533325,0.7452086806297302,1000000,0.0009110494866035879,0.02749263122677803,,,0.660085787085297,0.2574209300121876,119683,/home/ojab2/work/git/gsplat/results/combined_outputs/stump_2_n100_s42_combined_colmapcams_bothpcd_amglobal_default_c0.0_p100000_confidence_farthestpose_sharedcam_i100_gteval_poseopt_steps15000/stats/val_step14999.json,/home/ojab2/work/git/gsplat/results/combined_outputs/stump_2_n100_s42_combined_colmapcams_bothpcd_amglobal_default_c0.0_p100000_confidence_farthestpose_sharedcam_i100_gteval_poseopt_steps15000/stats/val_step14999.json,stump_2_n100_s42_combined_colmapcams_bothpcd_amglobal_default_c0.0_p100000_confidence_farthestpose_sharedcam_i100_gteval_poseopt_steps15000,0.0219,0.002013,100,0.977613,,,,/home/ojab2/work/git/vggt/combined_outputs/stump_2_n100_s42_combined_colmapcams_bothpcd_amglobal_default_c0.0_p100000_confidence_farthestpose_sharedcam/eval_results.json,stump_2_n100_s42_combined_colmapcams_bothpcd_amglobal_default_c0.0_p100000_confidence_farthestpose_sharedcam,stump_2_n100_s42_combined_colmapcams_bothpcd_amglobal_default_c0.0_p100000_confidence_farthestpose_sharedcam_i100_gteval_poseopt_steps15000_val_step14999.json,119683,combined | COLMAP Cams | Both Pcds | confidence
combined,87,42,0.0,87000,random,,,,0,10,farthestpose,87,GT Eval,,,,Pose Opt,,,,,0.0,,False,1.0,1.0,colmap,lego,,,15000,15000,default,MCMC,COLMAP Cams,Both Pcds,Global Alignment,,Shared Cam,,,,,,gsplat,synthetic,25.261592864990234,0.04986940324306488,0.905335009098053,1000000,0.11250179260969162,10.389239311218262,0.017865311354398727,0.018794257193803787,0.8728921194019219,0.12017453036979549,97069,/home/ojab2/work/git/gsplat/results/combined_outputs/lego_1_n87_s42_combined_colmapcams_bothpcd_amglobal_default_c0.0_p87000_random_farthestpose_sharedcam_i87_gteval_poseopt_steps15000/stats/val_step14999.json,/home/ojab2/work/git/gsplat/results/combined_outputs/lego_1_n87_s42_combined_colmapcams_bothpcd_amglobal_default_c0.0_p87000_random_farthestpose_sharedcam_i87_gteval_poseopt_steps15000/stats/val_step14999.json,lego_1_n87_s42_combined_colmapcams_bothpcd_amglobal_default_c0.0_p87000_random_farthestpose_sharedcam_i87_gteval_poseopt_steps15000,10.4269,0.396164,87,0.88238,0.0454,0.0128,0.1163,/home/ojab2/work/git/vggt/combined_outputs/lego_1_n87_s42_combined_colmapcams_bothpcd_amglobal_default_c0.0_p87000_random_farthestpose_sharedcam/eval_results.json,lego_1_n87_s42_combined_colmapcams_bothpcd_amglobal_default_c0.0_p87000_random_farthestpose_sharedcam,lego_1_n87_s42_combined_colmapcams_bothpcd_amglobal_default_c0.0_p87000_random_farthestpose_sharedcam_i87_gteval_poseopt_steps15000_val_step14999.json,97069,combined | COLMAP Cams | Both Pcds | random
combined,87,42,0.0,87000,random,,,,0,10,farthestpose,87,GT Eval,,,,Pose Opt,,,,,0.0,,False,1.0,1.0,colmap,ship,,,15000,15000,default,MCMC,COLMAP Cams,Both Pcds,Global Alignment,,Shared Cam,,,,,,gsplat,synthetic,21.754127502441406,0.13633710145950317,0.7322109341621399,1000000,0.0034548304975032806,0.20330606400966644,0.029363851994276047,0.030022744089365005,0.6533217856913436,0.22016586281340314,87565,/home/ojab2/work/git/gsplat/results/combined_outputs/ship_1_n87_s42_combined_colmapcams_bothpcd_amglobal_default_c0.0_p87000_random_farthestpose_sharedcam_i87_gteval_poseopt_steps15000/stats/val_step14999.json,/home/ojab2/work/git/gsplat/results/combined_outputs/ship_1_n87_s42_combined_colmapcams_bothpcd_amglobal_default_c0.0_p87000_random_farthestpose_sharedcam_i87_gteval_poseopt_steps15000/stats/val_step14999.json,ship_1_n87_s42_combined_colmapcams_bothpcd_amglobal_default_c0.0_p87000_random_farthestpose_sharedcam_i87_gteval_poseopt_steps15000,0.2963,0.015258,81,0.797312,0.11,0.0294,0.2408,/home/ojab2/work/git/vggt/combined_outputs/ship_1_n87_s42_combined_colmapcams_bothpcd_amglobal_default_c0.0_p87000_random_farthestpose_sharedcam/eval_results.json,ship_1_n87_s42_combined_colmapcams_bothpcd_amglobal_default_c0.0_p87000_random_farthestpose_sharedcam,ship_1_n87_s42_combined_colmapcams_bothpcd_amglobal_default_c0.0_p87000_random_farthestpose_sharedcam_i87_gteval_poseopt_steps15000_val_step14999.json,87565,combined | COLMAP Cams | Both Pcds | random
combined,100,42,0.0,100000,random,,,,0,10,farthestpose,100,GT Eval,,,,Pose Opt,,,,,0.0,,False,1.0,1.0,colmap,bonsai,,,15000,15000,default,MCMC,COLMAP Cams,Both Pcds,Global Alignment,,Shared Cam,,,,,,gsplat,indoor,24.777677536010742,0.17138056457042694,0.7783323526382446,1000000,0.0011102990247309208,0.09921345859766006,,,0.7146532753793506,0.2151749591376249,180892,/home/ojab2/work/git/gsplat/results/combined_outputs/bonsai_2_n100_s42_combined_colmapcams_bothpcd_amglobal_default_c0.0_p100000_random_farthestpose_sharedcam_i100_gteval_poseopt_steps15000/stats/val_step14999.json,/home/ojab2/work/git/gsplat/results/combined_outputs/bonsai_2_n100_s42_combined_colmapcams_bothpcd_amglobal_default_c0.0_p100000_random_farthestpose_sharedcam_i100_gteval_poseopt_steps15000/stats/val_step14999.json,bonsai_2_n100_s42_combined_colmapcams_bothpcd_amglobal_default_c0.0_p100000_random_farthestpose_sharedcam_i100_gteval_poseopt_steps15000,0.1581,0.013152,100,1.113392,,,,/home/ojab2/work/git/vggt/combined_outputs/bonsai_2_n100_s42_combined_colmapcams_bothpcd_amglobal_default_c0.0_p100000_random_farthestpose_sharedcam/eval_results.json,bonsai_2_n100_s42_combined_colmapcams_bothpcd_amglobal_default_c0.0_p100000_random_farthestpose_sharedcam,bonsai_2_n100_s42_combined_colmapcams_bothpcd_amglobal_default_c0.0_p100000_random_farthestpose_sharedcam_i100_gteval_poseopt_steps15000_val_step14999.json,180892,combined | COLMAP Cams | Both Pcds | random
combined,100,42,0.0,100000,random,,,,0,10,farthestpose,100,GT Eval,,,,Pose Opt,,,,,0.0,,False,1.0,1.0,colmap,kitchen,,,15000,15000,default,MCMC,COLMAP Cams,Both Pcds,Global Alignment,,Shared Cam,,,,,,gsplat,indoor,22.089454650878906,0.1353577822446823,0.5560758113861084,1000000,0.0008892402984201908,0.07984500378370285,,,0.5571330699578285,0.26927169429515607,192853,/home/ojab2/work/git/gsplat/results/combined_outputs/kitchen_2_n100_s42_combined_colmapcams_bothpcd_amglobal_default_c0.0_p100000_random_farthestpose_sharedcam_i100_gteval_poseopt_steps15000/stats/val_step14999.json,/home/ojab2/work/git/gsplat/results/combined_outputs/kitchen_2_n100_s42_combined_colmapcams_bothpcd_amglobal_default_c0.0_p100000_random_farthestpose_sharedcam_i100_gteval_poseopt_steps15000/stats/val_step14999.json,kitchen_2_n100_s42_combined_colmapcams_bothpcd_amglobal_default_c0.0_p100000_random_farthestpose_sharedcam_i100_gteval_poseopt_steps15000,0.1073,0.004456,100,1.070086,,,,/home/ojab2/work/git/vggt/combined_outputs/kitchen_2_n100_s42_combined_colmapcams_bothpcd_amglobal_default_c0.0_p100000_random_farthestpose_sharedcam/eval_results.json,kitchen_2_n100_s42_combined_colmapcams_bothpcd_amglobal_default_c0.0_p100000_random_farthestpose_sharedcam,kitchen_2_n100_s42_combined_colmapcams_bothpcd_amglobal_default_c0.0_p100000_random_farthestpose_sharedcam_i100_gteval_poseopt_steps15000_val_step14999.json,192853,combined | COLMAP Cams | Both Pcds | random
combined,100,42,0.0,100000,random,,,,0,10,farthestpose,100,GT Eval,,,,Pose Opt,,,,,0.0,,False,1.0,1.0,colmap,counter,,,15000,15000,default,MCMC,COLMAP Cams,Both Pcds,Global Alignment,,Shared Cam,,,,,,gsplat,indoor,24.679990768432617,0.18393070995807648,0.834809422492981,1000000,0.000319864833727479,0.032511673867702484,,,0.7381247840700713,0.19792374543983274,160980,/home/ojab2/work/git/gsplat/results/combined_outputs/counter_2_n100_s42_combined_colmapcams_bothpcd_amglobal_default_c0.0_p100000_random_farthestpose_sharedcam_i100_gteval_poseopt_steps15000/stats/val_step14999.json,/home/ojab2/work/git/gsplat/results/combined_outputs/counter_2_n100_s42_combined_colmapcams_bothpcd_amglobal_default_c0.0_p100000_random_farthestpose_sharedcam_i100_gteval_poseopt_steps15000/stats/val_step14999.json,counter_2_n100_s42_combined_colmapcams_bothpcd_amglobal_default_c0.0_p100000_random_farthestpose_sharedcam_i100_gteval_poseopt_steps15000,0.029,0.002114,100,1.074256,,,,/home/ojab2/work/git/vggt/combined_outputs/counter_2_n100_s42_combined_colmapcams_bothpcd_amglobal_default_c0.0_p100000_random_farthestpose_sharedcam/eval_results.json,counter_2_n100_s42_combined_colmapcams_bothpcd_amglobal_default_c0.0_p100000_random_farthestpose_sharedcam,counter_2_n100_s42_combined_colmapcams_bothpcd_amglobal_default_c0.0_p100000_random_farthestpose_sharedcam_i100_gteval_poseopt_steps15000_val_step14999.json,160980,combined | COLMAP Cams | Both Pcds | random
combined,100,42,0.0,100000,random,,,,0,10,farthestpose,100,GT Eval,,,,Pose Opt,,,,,0.0,,False,1.0,1.0,colmap,bicycle,,,15000,15000,default,MCMC,COLMAP Cams,Both Pcds,Global Alignment,,Shared Cam,,,,,,gsplat,outdoor,21.907724380493164,0.24226100742816925,0.542457640171051,1000000,0.0022379732690751553,0.09525962173938751,,,0.4798142065894999,0.3083749505919997,116763,/home/ojab2/work/git/gsplat/results/combined_outputs/bicycle_4_n100_s42_combined_colmapcams_bothpcd_amglobal_default_c0.0_p100000_random_farthestpose_sharedcam_i100_gteval_poseopt_steps15000/stats/val_step14999.json,/home/ojab2/work/git/gsplat/results/combined_outputs/bicycle_4_n100_s42_combined_colmapcams_bothpcd_amglobal_default_c0.0_p100000_random_farthestpose_sharedcam_i100_gteval_poseopt_steps15000/stats/val_step14999.json,bicycle_4_n100_s42_combined_colmapcams_bothpcd_amglobal_default_c0.0_p100000_random_farthestpose_sharedcam_i100_gteval_poseopt_steps15000,0.1009,0.007663,100,1.059077,,,,/home/ojab2/work/git/vggt/combined_outputs/bicycle_4_n100_s42_combined_colmapcams_bothpcd_amglobal_default_c0.0_p100000_random_farthestpose_sharedcam/eval_results.json,bicycle_4_n100_s42_combined_colmapcams_bothpcd_amglobal_default_c0.0_p100000_random_farthestpose_sharedcam,bicycle_4_n100_s42_combined_colmapcams_bothpcd_amglobal_default_c0.0_p100000_random_farthestpose_sharedcam_i100_gteval_poseopt_steps15000_val_step14999.json,116763,combined | COLMAP Cams | Both Pcds | random
combined,100,42,0.0,100000,random,,,,0,10,farthestpose,100,GT Eval,,,,Pose Opt,,,,,0.0,,False,1.0,1.0,colmap,garden,,,15000,15000,default,MCMC,COLMAP Cams,Both Pcds,Global Alignment,,Shared Cam,,,,,,gsplat,outdoor,21.961639404296875,0.23983292281627655,0.5088359713554382,1000000,0.0005763900699093938,0.052254818379879,,,0.4626496559888841,0.3156764768288158,170656,/home/ojab2/work/git/gsplat/results/combined_outputs/garden_2_n100_s42_combined_colmapcams_bothpcd_amglobal_default_c0.0_p100000_random_farthestpose_sharedcam_i100_gteval_poseopt_steps15000/stats/val_step14999.json,/home/ojab2/work/git/gsplat/results/combined_outputs/garden_2_n100_s42_combined_colmapcams_bothpcd_amglobal_default_c0.0_p100000_random_farthestpose_sharedcam_i100_gteval_poseopt_steps15000/stats/val_step14999.json,garden_2_n100_s42_combined_colmapcams_bothpcd_amglobal_default_c0.0_p100000_random_farthestpose_sharedcam_i100_gteval_poseopt_steps15000,0.0628,0.002621,100,1.057253,,,,/home/ojab2/work/git/vggt/combined_outputs/garden_2_n100_s42_combined_colmapcams_bothpcd_amglobal_default_c0.0_p100000_random_farthestpose_sharedcam/eval_results.json,garden_2_n100_s42_combined_colmapcams_bothpcd_amglobal_default_c0.0_p100000_random_farthestpose_sharedcam,garden_2_n100_s42_combined_colmapcams_bothpcd_amglobal_default_c0.0_p100000_random_farthestpose_sharedcam_i100_gteval_poseopt_steps15000_val_step14999.json,170656,combined | COLMAP Cams | Both Pcds | random
combined,100,42,0.0,100000,random,,,,0,10,farthestpose,100,GT Eval,,,,Pose Opt,,,,,0.0,,False,1.0,1.0,colmap,stump,,,15000,15000,default,MCMC,COLMAP Cams,Both Pcds,Global Alignment,,Shared Cam,,,,,,gsplat,outdoor,26.263011932373047,0.26159462332725525,0.7564905881881714,1000000,0.0009335018112324178,0.023509979248046875,,,0.6736988156472343,0.2524752103149186,119683,/home/ojab2/work/git/gsplat/results/combined_outputs/stump_2_n100_s42_combined_colmapcams_bothpcd_amglobal_default_c0.0_p100000_random_farthestpose_sharedcam_i100_gteval_poseopt_steps15000/stats/val_step14999.json,/home/ojab2/work/git/gsplat/results/combined_outputs/stump_2_n100_s42_combined_colmapcams_bothpcd_amglobal_default_c0.0_p100000_random_farthestpose_sharedcam_i100_gteval_poseopt_steps15000/stats/val_step14999.json,stump_2_n100_s42_combined_colmapcams_bothpcd_amglobal_default_c0.0_p100000_random_farthestpose_sharedcam_i100_gteval_poseopt_steps15000,0.0219,0.002013,100,0.977613,,,,/home/ojab2/work/git/vggt/combined_outputs/stump_2_n100_s42_combined_colmapcams_bothpcd_amglobal_default_c0.0_p100000_random_farthestpose_sharedcam/eval_results.json,stump_2_n100_s42_combined_colmapcams_bothpcd_amglobal_default_c0.0_p100000_random_farthestpose_sharedcam,stump_2_n100_s42_combined_colmapcams_bothpcd_amglobal_default_c0.0_p100000_random_farthestpose_sharedcam_i100_gteval_poseopt_steps15000_val_step14999.json,119683,combined | COLMAP Cams | Both Pcds | random
combined,87,42,0.0,87000,voxels,,,,0,10,farthestpose,87,GT Eval,,,,Pose Opt,,,,,0.0,,False,1.0,1.0,colmap,lego,,,15000,15000,default,MCMC,COLMAP Cams,Both Pcds,Global Alignment,,Shared Cam,,,,,,gsplat,synthetic,25.121536254882812,0.050351109355688095,0.9034000039100647,1000000,0.11250968277454376,10.389180183410645,0.017873870208859444,0.01881062425673008,0.8688695470404904,0.12141050576853529,96726,/home/ojab2/work/git/gsplat/results/combined_outputs/lego_1_n87_s42_combined_colmapcams_bothpcd_amglobal_default_c0.0_p87000_voxels_farthestpose_sharedcam_i87_gteval_poseopt_steps15000/stats/val_step14999.json,/home/ojab2/work/git/gsplat/results/combined_outputs/lego_1_n87_s42_combined_colmapcams_bothpcd_amglobal_default_c0.0_p87000_voxels_farthestpose_sharedcam_i87_gteval_poseopt_steps15000/stats/val_step14999.json,lego_1_n87_s42_combined_colmapcams_bothpcd_amglobal_default_c0.0_p87000_voxels_farthestpose_sharedcam_i87_gteval_poseopt_steps15000,10.4269,0.396164,87,0.88238,0.0454,0.0128,0.1163,/home/ojab2/work/git/vggt/combined_outputs/lego_1_n87_s42_combined_colmapcams_bothpcd_amglobal_default_c0.0_p87000_voxels_farthestpose_sharedcam/eval_results.json,lego_1_n87_s42_combined_colmapcams_bothpcd_amglobal_default_c0.0_p87000_voxels_farthestpose_sharedcam,lego_1_n87_s42_combined_colmapcams_bothpcd_amglobal_default_c0.0_p87000_voxels_farthestpose_sharedcam_i87_gteval_poseopt_steps15000_val_step14999.json,96726,combined | COLMAP Cams | Both Pcds | voxels
combined,87,42,0.0,87000,voxels,,,,0,10,farthestpose,87,GT Eval,,,,Pose Opt,,,,,0.0,,False,1.0,1.0,colmap,ship,,,15000,15000,default,MCMC,COLMAP Cams,Both Pcds,Global Alignment,,Shared Cam,,,,,,gsplat,synthetic,21.84964942932129,0.13685834407806396,0.7339637875556946,1000000,0.00339730572886765,0.19532789289951324,0.02884804457426071,0.02953815832734108,0.6557940160244451,0.21972572014614034,85564,/home/ojab2/work/git/gsplat/results/combined_outputs/ship_1_n87_s42_combined_colmapcams_bothpcd_amglobal_default_c0.0_p87000_voxels_farthestpose_sharedcam_i87_gteval_poseopt_steps15000/stats/val_step14999.json,/home/ojab2/work/git/gsplat/results/combined_outputs/ship_1_n87_s42_combined_colmapcams_bothpcd_amglobal_default_c0.0_p87000_voxels_farthestpose_sharedcam_i87_gteval_poseopt_steps15000/stats/val_step14999.json,ship_1_n87_s42_combined_colmapcams_bothpcd_amglobal_default_c0.0_p87000_voxels_farthestpose_sharedcam_i87_gteval_poseopt_steps15000,0.2963,0.015258,81,0.797312,0.11,0.0294,0.2408,/home/ojab2/work/git/vggt/combined_outputs/ship_1_n87_s42_combined_colmapcams_bothpcd_amglobal_default_c0.0_p87000_voxels_farthestpose_sharedcam/eval_results.json,ship_1_n87_s42_combined_colmapcams_bothpcd_amglobal_default_c0.0_p87000_voxels_farthestpose_sharedcam,ship_1_n87_s42_combined_colmapcams_bothpcd_amglobal_default_c0.0_p87000_voxels_farthestpose_sharedcam_i87_gteval_poseopt_steps15000_val_step14999.json,85564,combined | COLMAP Cams | Both Pcds | voxels
combined,100,42,0.0,100000,voxels,,,,0,10,farthestpose,100,GT Eval,,,,Pose Opt,,,,,0.0,,False,1.0,1.0,colmap,bonsai,,,15000,15000,default,MCMC,COLMAP Cams,Both Pcds,Global Alignment,,Shared Cam,,,,,,gsplat,indoor,25.1602725982666,0.17045849561691284,0.7945981621742249,1000000,0.0011319362092763186,0.09414631128311157,,,0.731819716810483,0.20890633153480437,180645,/home/ojab2/work/git/gsplat/results/combined_outputs/bonsai_2_n100_s42_combined_colmapcams_bothpcd_amglobal_default_c0.0_p100000_voxels_farthestpose_sharedcam_i100_gteval_poseopt_steps15000/stats/val_step14999.json,/home/ojab2/work/git/gsplat/results/combined_outputs/bonsai_2_n100_s42_combined_colmapcams_bothpcd_amglobal_default_c0.0_p100000_voxels_farthestpose_sharedcam_i100_gteval_poseopt_steps15000/stats/val_step14999.json,bonsai_2_n100_s42_combined_colmapcams_bothpcd_amglobal_default_c0.0_p100000_voxels_farthestpose_sharedcam_i100_gteval_poseopt_steps15000,0.1581,0.013152,100,1.113392,,,,/home/ojab2/work/git/vggt/combined_outputs/bonsai_2_n100_s42_combined_colmapcams_bothpcd_amglobal_default_c0.0_p100000_voxels_farthestpose_sharedcam/eval_results.json,bonsai_2_n100_s42_combined_colmapcams_bothpcd_amglobal_default_c0.0_p100000_voxels_farthestpose_sharedcam,bonsai_2_n100_s42_combined_colmapcams_bothpcd_amglobal_default_c0.0_p100000_voxels_farthestpose_sharedcam_i100_gteval_poseopt_steps15000_val_step14999.json,180645,combined | COLMAP Cams | Both Pcds | voxels
combined,100,42,0.0,100000,voxels,,,,0,10,farthestpose,100,GT Eval,,,,Pose Opt,,,,,0.0,,False,1.0,1.0,colmap,kitchen,,,15000,15000,default,MCMC,COLMAP Cams,Both Pcds,Global Alignment,,Shared Cam,,,,,,gsplat,indoor,21.831560134887695,0.13975396752357483,0.5224546194076538,1000000,0.0009923942852765322,0.08330802619457245,,,0.5299820351941466,0.27911988234305896,187150,/home/ojab2/work/git/gsplat/results/combined_outputs/kitchen_2_n100_s42_combined_colmapcams_bothpcd_amglobal_default_c0.0_p100000_voxels_farthestpose_sharedcam_i100_gteval_poseopt_steps15000/stats/val_step14999.json,/home/ojab2/work/git/gsplat/results/combined_outputs/kitchen_2_n100_s42_combined_colmapcams_bothpcd_amglobal_default_c0.0_p100000_voxels_farthestpose_sharedcam_i100_gteval_poseopt_steps15000/stats/val_step14999.json,kitchen_2_n100_s42_combined_colmapcams_bothpcd_amglobal_default_c0.0_p100000_voxels_farthestpose_sharedcam_i100_gteval_poseopt_steps15000,0.1073,0.004456,100,1.070086,,,,/home/ojab2/work/git/vggt/combined_outputs/kitchen_2_n100_s42_combined_colmapcams_bothpcd_amglobal_default_c0.0_p100000_voxels_farthestpose_sharedcam/eval_results.json,kitchen_2_n100_s42_combined_colmapcams_bothpcd_amglobal_default_c0.0_p100000_voxels_farthestpose_sharedcam,kitchen_2_n100_s42_combined_colmapcams_bothpcd_amglobal_default_c0.0_p100000_voxels_farthestpose_sharedcam_i100_gteval_poseopt_steps15000_val_step14999.json,187150,combined | COLMAP Cams | Both Pcds | voxels
combined,100,42,0.0,100000,voxels,,,,0,10,farthestpose,100,GT Eval,,,,Pose Opt,,,,,0.0,,False,1.0,1.0,colmap,counter,,,15000,15000,default,MCMC,COLMAP Cams,Both Pcds,Global Alignment,,Shared Cam,,,,,,gsplat,indoor,24.988401412963867,0.18309949338436127,0.8421204090118408,1000000,0.000299373670713976,0.030269110575318336,,,0.7486246196653565,0.19453695876342117,156022,/home/ojab2/work/git/gsplat/results/combined_outputs/counter_2_n100_s42_combined_colmapcams_bothpcd_amglobal_default_c0.0_p100000_voxels_farthestpose_sharedcam_i100_gteval_poseopt_steps15000/stats/val_step14999.json,/home/ojab2/work/git/gsplat/results/combined_outputs/counter_2_n100_s42_combined_colmapcams_bothpcd_amglobal_default_c0.0_p100000_voxels_farthestpose_sharedcam_i100_gteval_poseopt_steps15000/stats/val_step14999.json,counter_2_n100_s42_combined_colmapcams_bothpcd_amglobal_default_c0.0_p100000_voxels_farthestpose_sharedcam_i100_gteval_poseopt_steps15000,0.029,0.002114,100,1.074256,,,,/home/ojab2/work/git/vggt/combined_outputs/counter_2_n100_s42_combined_colmapcams_bothpcd_amglobal_default_c0.0_p100000_voxels_farthestpose_sharedcam/eval_results.json,counter_2_n100_s42_combined_colmapcams_bothpcd_amglobal_default_c0.0_p100000_voxels_farthestpose_sharedcam,counter_2_n100_s42_combined_colmapcams_bothpcd_amglobal_default_c0.0_p100000_voxels_farthestpose_sharedcam_i100_gteval_poseopt_steps15000_val_step14999.json,156022,combined | COLMAP Cams | Both Pcds | voxels
combined,100,42,0.0,100000,voxels,,,,0,10,farthestpose,100,GT Eval,,,,Pose Opt,,,,,0.0,,False,1.0,1.0,colmap,bicycle,,,15000,15000,default,MCMC,COLMAP Cams,Both Pcds,Global Alignment,,Shared Cam,,,,,,gsplat,outdoor,21.884368896484375,0.2773078680038452,0.5323728919029236,1000000,0.0021598602179437876,0.09226328879594803,,,0.45185031946639564,0.32254011713471026,116725,/home/ojab2/work/git/gsplat/results/combined_outputs/bicycle_4_n100_s42_combined_colmapcams_bothpcd_amglobal_default_c0.0_p100000_voxels_farthestpose_sharedcam_i100_gteval_poseopt_steps15000/stats/val_step14999.json,/home/ojab2/work/git/gsplat/results/combined_outputs/bicycle_4_n100_s42_combined_colmapcams_bothpcd_amglobal_default_c0.0_p100000_voxels_farthestpose_sharedcam_i100_gteval_poseopt_steps15000/stats/val_step14999.json,bicycle_4_n100_s42_combined_colmapcams_bothpcd_amglobal_default_c0.0_p100000_voxels_farthestpose_sharedcam_i100_gteval_poseopt_steps15000,0.0986,0.006893,100,1.077433,,,,/home/ojab2/work/git/vggt/combined_outputs/bicycle_4_n100_s42_combined_colmapcams_bothpcd_amglobal_default_c0.0_p100000_voxels_farthestpose_sharedcam/eval_results.json,bicycle_4_n100_s42_combined_colmapcams_bothpcd_amglobal_default_c0.0_p100000_voxels_farthestpose_sharedcam,bicycle_4_n100_s42_combined_colmapcams_bothpcd_amglobal_default_c0.0_p100000_voxels_farthestpose_sharedcam_i100_gteval_poseopt_steps15000_val_step14999.json,116725,combined | COLMAP Cams | Both Pcds | voxels
combined,100,42,0.0,100000,voxels,,,,0,10,farthestpose,100,GT Eval,,,,Pose Opt,,,,,0.0,,False,1.0,1.0,colmap,garden,,,15000,15000,default,MCMC,COLMAP Cams,Both Pcds,Global Alignment,,Shared Cam,,,,,,gsplat,outdoor,22.086294174194336,0.2450336515903473,0.513746440410614,1000000,0.0005752869183197618,0.05186782777309418,,,0.4646193705804167,0.3161793092523604,166541,/home/ojab2/work/git/gsplat/results/combined_outputs/garden_2_n100_s42_combined_colmapcams_bothpcd_amglobal_default_c0.0_p100000_voxels_farthestpose_sharedcam_i100_gteval_poseopt_steps15000/stats/val_step14999.json,/home/ojab2/work/git/gsplat/results/combined_outputs/garden_2_n100_s42_combined_colmapcams_bothpcd_amglobal_default_c0.0_p100000_voxels_farthestpose_sharedcam_i100_gteval_poseopt_steps15000/stats/val_step14999.json,garden_2_n100_s42_combined_colmapcams_bothpcd_amglobal_default_c0.0_p100000_voxels_farthestpose_sharedcam_i100_gteval_poseopt_steps15000,0.0628,0.002621,100,1.057253,,,,/home/ojab2/work/git/vggt/combined_outputs/garden_2_n100_s42_combined_colmapcams_bothpcd_amglobal_default_c0.0_p100000_voxels_farthestpose_sharedcam/eval_results.json,garden_2_n100_s42_combined_colmapcams_bothpcd_amglobal_default_c0.0_p100000_voxels_farthestpose_sharedcam,garden_2_n100_s42_combined_colmapcams_bothpcd_amglobal_default_c0.0_p100000_voxels_farthestpose_sharedcam_i100_gteval_poseopt_steps15000_val_step14999.json,166541,combined | COLMAP Cams | Both Pcds | voxels
combined,100,42,0.0,100000,voxels,,,,0,10,farthestpose,100,GT Eval,,,,Pose Opt,,,,,0.0,,False,1.0,1.0,colmap,stump,,,15000,15000,default,MCMC,COLMAP Cams,Both Pcds,Global Alignment,,Shared Cam,,,,,,gsplat,outdoor,25.980953216552734,0.2829059660434723,0.7464344501495361,1000000,0.0008471948676742613,0.026586659252643585,,,0.6494395737914468,0.26299393985692304,119487,/home/ojab2/work/git/gsplat/results/combined_outputs/stump_2_n100_s42_combined_colmapcams_bothpcd_amglobal_default_c0.0_p100000_voxels_farthestpose_sharedcam_i100_gteval_poseopt_steps15000/stats/val_step14999.json,/home/ojab2/work/git/gsplat/results/combined_outputs/stump_2_n100_s42_combined_colmapcams_bothpcd_amglobal_default_c0.0_p100000_voxels_farthestpose_sharedcam_i100_gteval_poseopt_steps15000/stats/val_step14999.json,stump_2_n100_s42_combined_colmapcams_bothpcd_amglobal_default_c0.0_p100000_voxels_farthestpose_sharedcam_i100_gteval_poseopt_steps15000,0.0219,0.002013,100,0.977613,,,,/home/ojab2/work/git/vggt/combined_outputs/stump_2_n100_s42_combined_colmapcams_bothpcd_amglobal_default_c0.0_p100000_voxels_farthestpose_sharedcam/eval_results.json,stump_2_n100_s42_combined_colmapcams_bothpcd_amglobal_default_c0.0_p100000_voxels_farthestpose_sharedcam,stump_2_n100_s42_combined_colmapcams_bothpcd_amglobal_default_c0.0_p100000_voxels_farthestpose_sharedcam_i100_gteval_poseopt_steps15000_val_step14999.json,119487,combined | COLMAP Cams | Both Pcds | voxels
combined,87,42,0.0,87000,confidence,,,,0,10,farthestpose,87,GT Eval,,,,Pose Opt,,,,,0.0,,False,1.0,1.0,colmap,lego,,,15000,15000,default,MCMC,COLMAP Cams,VGGT Pcd,Global Alignment,,Shared Cam,,,,,,gsplat,synthetic,25.25286293029785,0.05039108917117119,0.904667317867279,1000000,0.11248759925365448,10.394617080688477,0.01768171228468418,0.01859995722770691,0.8720179628859175,0.12071147153658457,87000,/home/ojab2/work/git/gsplat/results/combined_outputs/lego_1_n87_s42_combined_colmapcams_vggtpcd_amglobal_default_c0.0_p87000_confidence_farthestpose_sharedcam_i87_gteval_poseopt_steps15000/stats/val_step14999.json,/home/ojab2/work/git/gsplat/results/combined_outputs/lego_1_n87_s42_combined_colmapcams_vggtpcd_amglobal_default_c0.0_p87000_confidence_farthestpose_sharedcam_i87_gteval_poseopt_steps15000/stats/val_step14999.json,lego_1_n87_s42_combined_colmapcams_vggtpcd_amglobal_default_c0.0_p87000_confidence_farthestpose_sharedcam_i87_gteval_poseopt_steps15000,10.4269,0.396164,87,0.88238,0.0454,0.0128,0.1163,/home/ojab2/work/git/vggt/combined_outputs/lego_1_n87_s42_combined_colmapcams_vggtpcd_amglobal_default_c0.0_p87000_confidence_farthestpose_sharedcam/eval_results.json,lego_1_n87_s42_combined_colmapcams_vggtpcd_amglobal_default_c0.0_p87000_confidence_farthestpose_sharedcam,lego_1_n87_s42_combined_colmapcams_vggtpcd_amglobal_default_c0.0_p87000_confidence_farthestpose_sharedcam_i87_gteval_poseopt_steps15000_val_step14999.json,87000,combined | COLMAP Cams | VGGT Pcd | confidence
combined,87,42,0.0,87000,confidence,,,,0,10,farthestpose,87,GT Eval,,,,Pose Opt,,,,,0.0,,False,1.0,1.0,colmap,ship,,,15000,15000,default,MCMC,COLMAP Cams,VGGT Pcd,Global Alignment,,Shared Cam,,,,,,gsplat,synthetic,21.95587921142578,0.13516291975975037,0.7362685203552246,1000000,0.003413102123886347,0.19253678619861603,0.028766624629497528,0.029506172984838486,0.660155589391536,0.21836161773375076,81124,/home/ojab2/work/git/gsplat/results/combined_outputs/ship_1_n87_s42_combined_colmapcams_vggtpcd_amglobal_default_c0.0_p87000_confidence_farthestpose_sharedcam_i87_gteval_poseopt_steps15000/stats/val_step14999.json,/home/ojab2/work/git/gsplat/results/combined_outputs/ship_1_n87_s42_combined_colmapcams_vggtpcd_amglobal_default_c0.0_p87000_confidence_farthestpose_sharedcam_i87_gteval_poseopt_steps15000/stats/val_step14999.json,ship_1_n87_s42_combined_colmapcams_vggtpcd_amglobal_default_c0.0_p87000_confidence_farthestpose_sharedcam_i87_gteval_poseopt_steps15000,0.2963,0.015258,81,0.797312,0.11,0.0294,0.2408,/home/ojab2/work/git/vggt/combined_outputs/ship_1_n87_s42_combined_colmapcams_vggtpcd_amglobal_default_c0.0_p87000_confidence_farthestpose_sharedcam/eval_results.json,ship_1_n87_s42_combined_colmapcams_vggtpcd_amglobal_default_c0.0_p87000_confidence_farthestpose_sharedcam,ship_1_n87_s42_combined_colmapcams_vggtpcd_amglobal_default_c0.0_p87000_confidence_farthestpose_sharedcam_i87_gteval_poseopt_steps15000_val_step14999.json,81124,combined | COLMAP Cams | VGGT Pcd | confidence
combined,100,42,0.0,100000,confidence,,,,0,10,farthestpose,100,GT Eval,,,,Pose Opt,,,,,0.0,,False,1.0,1.0,colmap,bonsai,,,15000,15000,default,MCMC,COLMAP Cams,VGGT Pcd,Global Alignment,,Shared Cam,,,,,,gsplat,indoor,22.52419662475586,0.22877410054206848,0.6952694058418274,1000000,0.002376160817220807,0.17634589970111847,,,0.5889192160807157,0.2621301195232437,100000,/home/ojab2/work/git/gsplat/results/combined_outputs/bonsai_2_n100_s42_combined_colmapcams_vggtpcd_amglobal_default_c0.0_p100000_confidence_farthestpose_sharedcam_i100_gteval_poseopt_steps15000/stats/val_step14999.json,/home/ojab2/work/git/gsplat/results/combined_outputs/bonsai_2_n100_s42_combined_colmapcams_vggtpcd_amglobal_default_c0.0_p100000_confidence_farthestpose_sharedcam_i100_gteval_poseopt_steps15000/stats/val_step14999.json,bonsai_2_n100_s42_combined_colmapcams_vggtpcd_amglobal_default_c0.0_p100000_confidence_farthestpose_sharedcam_i100_gteval_poseopt_steps15000,0.1581,0.013152,100,1.113392,,,,/home/ojab2/work/git/vggt/combined_outputs/bonsai_2_n100_s42_combined_colmapcams_vggtpcd_amglobal_default_c0.0_p100000_confidence_farthestpose_sharedcam/eval_results.json,bonsai_2_n100_s42_combined_colmapcams_vggtpcd_amglobal_default_c0.0_p100000_confidence_farthestpose_sharedcam,bonsai_2_n100_s42_combined_colmapcams_vggtpcd_amglobal_default_c0.0_p100000_confidence_farthestpose_sharedcam_i100_gteval_poseopt_steps15000_val_step14999.json,100000,combined | COLMAP Cams | VGGT Pcd | confidence
combined,100,42,0.0,100000,confidence,,,,0,10,farthestpose,100,GT Eval,,,,Pose Opt,,,,,0.0,,False,1.0,1.0,colmap,kitchen,,,15000,15000,default,MCMC,COLMAP Cams,VGGT Pcd,Global Alignment,,Shared Cam,,,,,,gsplat,indoor,21.75140953063965,0.16803665459156036,0.5859130024909973,1000000,0.0009020167635753751,0.07714039087295532,,,0.548149481483525,0.2727379479211895,100000,/home/ojab2/work/git/gsplat/results/combined_outputs/kitchen_2_n100_s42_combined_colmapcams_vggtpcd_amglobal_default_c0.0_p100000_confidence_farthestpose_sharedcam_i100_gteval_poseopt_steps15000/stats/val_step14999.json,/home/ojab2/work/git/gsplat/results/combined_outputs/kitchen_2_n100_s42_combined_colmapcams_vggtpcd_amglobal_default_c0.0_p100000_confidence_farthestpose_sharedcam_i100_gteval_poseopt_steps15000/stats/val_step14999.json,kitchen_2_n100_s42_combined_colmapcams_vggtpcd_amglobal_default_c0.0_p100000_confidence_farthestpose_sharedcam_i100_gteval_poseopt_steps15000,0.1073,0.004456,100,1.070086,,,,/home/ojab2/work/git/vggt/combined_outputs/kitchen_2_n100_s42_combined_colmapcams_vggtpcd_amglobal_default_c0.0_p100000_confidence_farthestpose_sharedcam/eval_results.json,kitchen_2_n100_s42_combined_colmapcams_vggtpcd_amglobal_default_c0.0_p100000_confidence_farthestpose_sharedcam,kitchen_2_n100_s42_combined_colmapcams_vggtpcd_amglobal_default_c0.0_p100000_confidence_farthestpose_sharedcam_i100_gteval_poseopt_steps15000_val_step14999.json,100000,combined | COLMAP Cams | VGGT Pcd | confidence
combined,100,42,0.0,100000,confidence,,,,0,10,farthestpose,100,GT Eval,,,,Pose Opt,,,,,0.0,,False,1.0,1.0,colmap,counter,,,15000,15000,default,MCMC,COLMAP Cams,VGGT Pcd,Global Alignment,,Shared Cam,,,,,,gsplat,indoor,24.60444450378418,0.1986352950334549,0.8353351354598999,1000000,0.0003880143049173057,0.038138315081596375,,,0.727956309285235,0.20262943473791434,100000,/home/ojab2/work/git/gsplat/results/combined_outputs/counter_2_n100_s42_combined_colmapcams_vggtpcd_amglobal_default_c0.0_p100000_confidence_farthestpose_sharedcam_i100_gteval_poseopt_steps15000/stats/val_step14999.json,/home/ojab2/work/git/gsplat/results/combined_outputs/counter_2_n100_s42_combined_colmapcams_vggtpcd_amglobal_default_c0.0_p100000_confidence_farthestpose_sharedcam_i100_gteval_poseopt_steps15000/stats/val_step14999.json,counter_2_n100_s42_combined_colmapcams_vggtpcd_amglobal_default_c0.0_p100000_confidence_farthestpose_sharedcam_i100_gteval_poseopt_steps15000,0.029,0.002114,100,1.074256,,,,/home/ojab2/work/git/vggt/combined_outputs/counter_2_n100_s42_combined_colmapcams_vggtpcd_amglobal_default_c0.0_p100000_confidence_farthestpose_sharedcam/eval_results.json,counter_2_n100_s42_combined_colmapcams_vggtpcd_amglobal_default_c0.0_p100000_confidence_farthestpose_sharedcam,counter_2_n100_s42_combined_colmapcams_vggtpcd_amglobal_default_c0.0_p100000_confidence_farthestpose_sharedcam_i100_gteval_poseopt_steps15000_val_step14999.json,100000,combined | COLMAP Cams | VGGT Pcd | confidence
combined,100,42,0.0,100000,confidence,,,,0,10,farthestpose,100,GT Eval,,,,Pose Opt,,,,,0.0,,False,1.0,1.0,colmap,bicycle,,,15000,15000,default,MCMC,COLMAP Cams,VGGT Pcd,Global Alignment,,Shared Cam,,,,,,gsplat,outdoor,21.79796028137207,0.3021373748779297,0.5407339930534363,1000000,0.0028176670894026756,0.1078501045703888,,,0.43981283666872223,0.3288130295154098,100000,/home/ojab2/work/git/gsplat/results/combined_outputs/bicycle_4_n100_s42_combined_colmapcams_vggtpcd_amglobal_default_c0.0_p100000_confidence_farthestpose_sharedcam_i100_gteval_poseopt_steps15000/stats/val_step14999.json,/home/ojab2/work/git/gsplat/results/combined_outputs/bicycle_4_n100_s42_combined_colmapcams_vggtpcd_amglobal_default_c0.0_p100000_confidence_farthestpose_sharedcam_i100_gteval_poseopt_steps15000/stats/val_step14999.json,bicycle_4_n100_s42_combined_colmapcams_vggtpcd_amglobal_default_c0.0_p100000_confidence_farthestpose_sharedcam_i100_gteval_poseopt_steps15000,0.0986,0.006893,100,1.077433,,,,/home/ojab2/work/git/vggt/combined_outputs/bicycle_4_n100_s42_combined_colmapcams_vggtpcd_amglobal_default_c0.0_p100000_confidence_farthestpose_sharedcam/eval_results.json,bicycle_4_n100_s42_combined_colmapcams_vggtpcd_amglobal_default_c0.0_p100000_confidence_farthestpose_sharedcam,bicycle_4_n100_s42_combined_colmapcams_vggtpcd_amglobal_default_c0.0_p100000_confidence_farthestpose_sharedcam_i100_gteval_poseopt_steps15000_val_step14999.json,100000,combined | COLMAP Cams | VGGT Pcd | confidence
combined,100,42,0.0,100000,confidence,,,,0,10,farthestpose,100,GT Eval,,,,Pose Opt,,,,,0.0,,False,1.0,1.0,colmap,garden,,,15000,15000,default,MCMC,COLMAP Cams,VGGT Pcd,Global Alignment,,Shared Cam,,,,,,gsplat,outdoor,21.21573829650879,0.32344773411750793,0.4667033553123474,1000000,0.0005805426626466215,0.053986452519893646,,,0.37258363471083866,0.353759231203813,100000,/home/ojab2/work/git/gsplat/results/combined_outputs/garden_2_n100_s42_combined_colmapcams_vggtpcd_amglobal_default_c0.0_p100000_confidence_farthestpose_sharedcam_i100_gteval_poseopt_steps15000/stats/val_step14999.json,/home/ojab2/work/git/gsplat/results/combined_outputs/garden_2_n100_s42_combined_colmapcams_vggtpcd_amglobal_default_c0.0_p100000_confidence_farthestpose_sharedcam_i100_gteval_poseopt_steps15000/stats/val_step14999.json,garden_2_n100_s42_combined_colmapcams_vggtpcd_amglobal_default_c0.0_p100000_confidence_farthestpose_sharedcam_i100_gteval_poseopt_steps15000,0.0628,0.002621,100,1.057253,,,,/home/ojab2/work/git/vggt/combined_outputs/garden_2_n100_s42_combined_colmapcams_vggtpcd_amglobal_default_c0.0_p100000_confidence_farthestpose_sharedcam/eval_results.json,garden_2_n100_s42_combined_colmapcams_vggtpcd_amglobal_default_c0.0_p100000_confidence_farthestpose_sharedcam,garden_2_n100_s42_combined_colmapcams_vggtpcd_amglobal_default_c0.0_p100000_confidence_farthestpose_sharedcam_i100_gteval_poseopt_steps15000_val_step14999.json,100000,combined | COLMAP Cams | VGGT Pcd | confidence
combined,100,42,0.0,100000,confidence,,,,0,10,farthestpose,100,GT Eval,,,,Pose Opt,,,,,0.0,,False,1.0,1.0,colmap,stump,,,15000,15000,default,MCMC,COLMAP Cams,VGGT Pcd,Global Alignment,,Shared Cam,,,,,,gsplat,outdoor,25.102792739868164,0.3071064352989197,0.7131845951080322,1000000,0.003974481951445341,0.2031511515378952,,,0.5987944217995438,0.28191541339058057,100000,/home/ojab2/work/git/gsplat/results/combined_outputs/stump_2_n100_s42_combined_colmapcams_vggtpcd_amglobal_default_c0.0_p100000_confidence_farthestpose_sharedcam_i100_gteval_poseopt_steps15000/stats/val_step14999.json,/home/ojab2/work/git/gsplat/results/combined_outputs/stump_2_n100_s42_combined_colmapcams_vggtpcd_amglobal_default_c0.0_p100000_confidence_farthestpose_sharedcam_i100_gteval_poseopt_steps15000/stats/val_step14999.json,stump_2_n100_s42_combined_colmapcams_vggtpcd_amglobal_default_c0.0_p100000_confidence_farthestpose_sharedcam_i100_gteval_poseopt_steps15000,0.0219,0.002013,100,0.977613,,,,/home/ojab2/work/git/vggt/combined_outputs/stump_2_n100_s42_combined_colmapcams_vggtpcd_amglobal_default_c0.0_p100000_confidence_farthestpose_sharedcam/eval_results.json,stump_2_n100_s42_combined_colmapcams_vggtpcd_amglobal_default_c0.0_p100000_confidence_farthestpose_sharedcam,stump_2_n100_s42_combined_colmapcams_vggtpcd_amglobal_default_c0.0_p100000_confidence_farthestpose_sharedcam_i100_gteval_poseopt_steps15000_val_step14999.json,100000,combined | COLMAP Cams | VGGT Pcd | confidence
combined,87,42,0.0,87000,random,,,,0,10,farthestpose,87,GT Eval,,,,Pose Opt,,,,,0.0,,False,1.0,1.0,colmap,lego,,,15000,15000,default,MCMC,COLMAP Cams,VGGT Pcd,Global Alignment,,Shared Cam,,,,,,gsplat,synthetic,25.1333065032959,0.05061832815408707,0.9027419090270996,1000000,0.11246350407600403,10.389333724975586,0.01809123530983925,0.019032306969165802,0.8685377139193893,0.12184910310613252,87000,/home/ojab2/work/git/gsplat/results/combined_outputs/lego_1_n87_s42_combined_colmapcams_vggtpcd_amglobal_default_c0.0_p87000_random_farthestpose_sharedcam_i87_gteval_poseopt_steps15000/stats/val_step14999.json,/home/ojab2/work/git/gsplat/results/combined_outputs/lego_1_n87_s42_combined_colmapcams_vggtpcd_amglobal_default_c0.0_p87000_random_farthestpose_sharedcam_i87_gteval_poseopt_steps15000/stats/val_step14999.json,lego_1_n87_s42_combined_colmapcams_vggtpcd_amglobal_default_c0.0_p87000_random_farthestpose_sharedcam_i87_gteval_poseopt_steps15000,10.4269,0.396164,87,0.88238,0.0454,0.0128,0.1163,/home/ojab2/work/git/vggt/combined_outputs/lego_1_n87_s42_combined_colmapcams_vggtpcd_amglobal_default_c0.0_p87000_random_farthestpose_sharedcam/eval_results.json,lego_1_n87_s42_combined_colmapcams_vggtpcd_amglobal_default_c0.0_p87000_random_farthestpose_sharedcam,lego_1_n87_s42_combined_colmapcams_vggtpcd_amglobal_default_c0.0_p87000_random_farthestpose_sharedcam_i87_gteval_poseopt_steps15000_val_step14999.json,87000,combined | COLMAP Cams | VGGT Pcd | random
combined,87,42,0.0,87000,random,,,,0,10,farthestpose,87,GT Eval,,,,Pose Opt,,,,,0.0,,False,1.0,1.0,colmap,ship,,,15000,15000,default,MCMC,COLMAP Cams,VGGT Pcd,Global Alignment,,Shared Cam,,,,,,gsplat,synthetic,21.830835342407227,0.13609963655471802,0.7337884306907654,1000000,0.0034411493688821793,0.20051275193691254,0.029224758967757225,0.029915934428572655,0.6558113971106645,0.2195389241624414,82427,/home/ojab2/work/git/gsplat/results/combined_outputs/ship_1_n87_s42_combined_colmapcams_vggtpcd_amglobal_default_c0.0_p87000_random_farthestpose_sharedcam_i87_gteval_poseopt_steps15000/stats/val_step14999.json,/home/ojab2/work/git/gsplat/results/combined_outputs/ship_1_n87_s42_combined_colmapcams_vggtpcd_amglobal_default_c0.0_p87000_random_farthestpose_sharedcam_i87_gteval_poseopt_steps15000/stats/val_step14999.json,ship_1_n87_s42_combined_colmapcams_vggtpcd_amglobal_default_c0.0_p87000_random_farthestpose_sharedcam_i87_gteval_poseopt_steps15000,0.2963,0.015258,81,0.797312,0.11,0.0294,0.2408,/home/ojab2/work/git/vggt/combined_outputs/ship_1_n87_s42_combined_colmapcams_vggtpcd_amglobal_default_c0.0_p87000_random_farthestpose_sharedcam/eval_results.json,ship_1_n87_s42_combined_colmapcams_vggtpcd_amglobal_default_c0.0_p87000_random_farthestpose_sharedcam,ship_1_n87_s42_combined_colmapcams_vggtpcd_amglobal_default_c0.0_p87000_random_farthestpose_sharedcam_i87_gteval_poseopt_steps15000_val_step14999.json,82427,combined | COLMAP Cams | VGGT Pcd | random
combined,100,42,0.0,100000,random,,,,0,10,farthestpose,100,GT Eval,,,,Pose Opt,,,,,0.0,,False,1.0,1.0,colmap,bonsai,,,15000,15000,default,MCMC,COLMAP Cams,VGGT Pcd,Global Alignment,,Shared Cam,,,,,,gsplat,indoor,22.354103088378906,0.22717973589897156,0.6824870109558105,1000000,0.0020405687391757965,0.1642637997865677,,,0.5792784267543893,0.26549272680185343,100000,/home/ojab2/work/git/gsplat/results/combined_outputs/bonsai_2_n100_s42_combined_colmapcams_vggtpcd_amglobal_default_c0.0_p100000_random_farthestpose_sharedcam_i100_gteval_poseopt_steps15000/stats/val_step14999.json,/home/ojab2/work/git/gsplat/results/combined_outputs/bonsai_2_n100_s42_combined_colmapcams_vggtpcd_amglobal_default_c0.0_p100000_random_farthestpose_sharedcam_i100_gteval_poseopt_steps15000/stats/val_step14999.json,bonsai_2_n100_s42_combined_colmapcams_vggtpcd_amglobal_default_c0.0_p100000_random_farthestpose_sharedcam_i100_gteval_poseopt_steps15000,0.1581,0.013152,100,1.113392,,,,/home/ojab2/work/git/vggt/combined_outputs/bonsai_2_n100_s42_combined_colmapcams_vggtpcd_amglobal_default_c0.0_p100000_random_farthestpose_sharedcam/eval_results.json,bonsai_2_n100_s42_combined_colmapcams_vggtpcd_amglobal_default_c0.0_p100000_random_farthestpose_sharedcam,bonsai_2_n100_s42_combined_colmapcams_vggtpcd_amglobal_default_c0.0_p100000_random_farthestpose_sharedcam_i100_gteval_poseopt_steps15000_val_step14999.json,100000,combined | COLMAP Cams | VGGT Pcd | random
combined,100,42,0.0,100000,random,,,,0,10,farthestpose,100,GT Eval,,,,Pose Opt,,,,,0.0,,False,1.0,1.0,colmap,kitchen,,,15000,15000,default,MCMC,COLMAP Cams,VGGT Pcd,Global Alignment,,Shared Cam,,,,,,gsplat,indoor,21.91946792602539,0.1460961252450943,0.5976847410202026,1000000,0.000896739715244621,0.07327450066804886,,,0.5716892682437078,0.26226901794803276,100000,/home/ojab2/work/git/gsplat/results/combined_outputs/kitchen_2_n100_s42_combined_colmapcams_vggtpcd_amglobal_default_c0.0_p100000_random_farthestpose_sharedcam_i100_gteval_poseopt_steps15000/stats/val_step14999.json,/home/ojab2/work/git/gsplat/results/combined_outputs/kitchen_2_n100_s42_combined_colmapcams_vggtpcd_amglobal_default_c0.0_p100000_random_farthestpose_sharedcam_i100_gteval_poseopt_steps15000/stats/val_step14999.json,kitchen_2_n100_s42_combined_colmapcams_vggtpcd_amglobal_default_c0.0_p100000_random_farthestpose_sharedcam_i100_gteval_poseopt_steps15000,0.1073,0.004456,100,1.070086,,,,/home/ojab2/work/git/vggt/combined_outputs/kitchen_2_n100_s42_combined_colmapcams_vggtpcd_amglobal_default_c0.0_p100000_random_farthestpose_sharedcam/eval_results.json,kitchen_2_n100_s42_combined_colmapcams_vggtpcd_amglobal_default_c0.0_p100000_random_farthestpose_sharedcam,kitchen_2_n100_s42_combined_colmapcams_vggtpcd_amglobal_default_c0.0_p100000_random_farthestpose_sharedcam_i100_gteval_poseopt_steps15000_val_step14999.json,100000,combined | COLMAP Cams | VGGT Pcd | random
combined,100,42,0.0,100000,random,,,,0,10,farthestpose,100,GT Eval,,,,Pose Opt,,,,,0.0,,False,1.0,1.0,colmap,counter,,,15000,15000,default,MCMC,COLMAP Cams,VGGT Pcd,Global Alignment,,Shared Cam,,,,,,gsplat,indoor,24.387418746948242,0.19035828113555908,0.8267272114753723,1000000,0.00044411950511857867,0.0436636358499527,,,0.7240127079513182,0.20342002555599806,100000,/home/ojab2/work/git/gsplat/results/combined_outputs/counter_2_n100_s42_combined_colmapcams_vggtpcd_amglobal_default_c0.0_p100000_random_farthestpose_sharedcam_i100_gteval_poseopt_steps15000/stats/val_step14999.json,/home/ojab2/work/git/gsplat/results/combined_outputs/counter_2_n100_s42_combined_colmapcams_vggtpcd_amglobal_default_c0.0_p100000_random_farthestpose_sharedcam_i100_gteval_poseopt_steps15000/stats/val_step14999.json,counter_2_n100_s42_combined_colmapcams_vggtpcd_amglobal_default_c0.0_p100000_random_farthestpose_sharedcam_i100_gteval_poseopt_steps15000,0.029,0.002114,100,1.074256,,,,/home/ojab2/work/git/vggt/combined_outputs/counter_2_n100_s42_combined_colmapcams_vggtpcd_amglobal_default_c0.0_p100000_random_farthestpose_sharedcam/eval_results.json,counter_2_n100_s42_combined_colmapcams_vggtpcd_amglobal_default_c0.0_p100000_random_farthestpose_sharedcam,counter_2_n100_s42_combined_colmapcams_vggtpcd_amglobal_default_c0.0_p100000_random_farthestpose_sharedcam_i100_gteval_poseopt_steps15000_val_step14999.json,100000,combined | COLMAP Cams | VGGT Pcd | random
combined,100,42,0.0,100000,random,,,,0,10,farthestpose,100,GT Eval,,,,Pose Opt,,,,,0.0,,False,1.0,1.0,colmap,bicycle,,,15000,15000,default,MCMC,COLMAP Cams,VGGT Pcd,Global Alignment,,Shared Cam,,,,,,gsplat,outdoor,21.494110107421875,0.2581041157245636,0.5169304013252258,1000000,0.0024948089849203825,0.0917556956410408,,,0.4474467766834901,0.32007508862152434,100000,/home/ojab2/work/git/gsplat/results/combined_outputs/bicycle_4_n100_s42_combined_colmapcams_vggtpcd_amglobal_default_c0.0_p100000_random_farthestpose_sharedcam_i100_gteval_poseopt_steps15000/stats/val_step14999.json,/home/ojab2/work/git/gsplat/results/combined_outputs/bicycle_4_n100_s42_combined_colmapcams_vggtpcd_amglobal_default_c0.0_p100000_random_farthestpose_sharedcam_i100_gteval_poseopt_steps15000/stats/val_step14999.json,bicycle_4_n100_s42_combined_colmapcams_vggtpcd_amglobal_default_c0.0_p100000_random_farthestpose_sharedcam_i100_gteval_poseopt_steps15000,0.0986,0.006893,100,1.077433,,,,/home/ojab2/work/git/vggt/combined_outputs/bicycle_4_n100_s42_combined_colmapcams_vggtpcd_amglobal_default_c0.0_p100000_random_farthestpose_sharedcam/eval_results.json,bicycle_4_n100_s42_combined_colmapcams_vggtpcd_amglobal_default_c0.0_p100000_random_farthestpose_sharedcam,bicycle_4_n100_s42_combined_colmapcams_vggtpcd_amglobal_default_c0.0_p100000_random_farthestpose_sharedcam_i100_gteval_poseopt_steps15000_val_step14999.json,100000,combined | COLMAP Cams | VGGT Pcd | random
combined,100,42,0.0,100000,random,,,,0,10,farthestpose,100,GT Eval,,,,Pose Opt,,,,,0.0,,False,1.0,1.0,colmap,garden,,,15000,15000,default,MCMC,COLMAP Cams,VGGT Pcd,Global Alignment,,Shared Cam,,,,,,gsplat,outdoor,21.55792999267578,0.2635071873664856,0.48781153559684753,1000000,0.0005744374357163906,0.053707703948020935,,,0.42826482055247644,0.32872209147386694,100000,/home/ojab2/work/git/gsplat/results/combined_outputs/garden_2_n100_s42_combined_colmapcams_vggtpcd_amglobal_default_c0.0_p100000_random_farthestpose_sharedcam_i100_gteval_poseopt_steps15000/stats/val_step14999.json,/home/ojab2/work/git/gsplat/results/combined_outputs/garden_2_n100_s42_combined_colmapcams_vggtpcd_amglobal_default_c0.0_p100000_random_farthestpose_sharedcam_i100_gteval_poseopt_steps15000/stats/val_step14999.json,garden_2_n100_s42_combined_colmapcams_vggtpcd_amglobal_default_c0.0_p100000_random_farthestpose_sharedcam_i100_gteval_poseopt_steps15000,0.0628,0.002621,100,1.057253,,,,/home/ojab2/work/git/vggt/combined_outputs/garden_2_n100_s42_combined_colmapcams_vggtpcd_amglobal_default_c0.0_p100000_random_farthestpose_sharedcam/eval_results.json,garden_2_n100_s42_combined_colmapcams_vggtpcd_amglobal_default_c0.0_p100000_random_farthestpose_sharedcam,garden_2_n100_s42_combined_colmapcams_vggtpcd_amglobal_default_c0.0_p100000_random_farthestpose_sharedcam_i100_gteval_poseopt_steps15000_val_step14999.json,100000,combined | COLMAP Cams | VGGT Pcd | random
combined,100,42,0.0,100000,random,,,,0,10,farthestpose,100,GT Eval,,,,Pose Opt,,,,,0.0,,False,1.0,1.0,colmap,stump,,,15000,15000,default,MCMC,COLMAP Cams,VGGT Pcd,Global Alignment,,Shared Cam,,,,,,gsplat,outdoor,25.077381134033203,0.28265607357025146,0.7065534591674805,1000000,0.002528646495193243,0.06452125310897827,,,0.6095387951130212,0.2758231892163079,100000,/home/ojab2/work/git/gsplat/results/combined_outputs/stump_2_n100_s42_combined_colmapcams_vggtpcd_amglobal_default_c0.0_p100000_random_farthestpose_sharedcam_i100_gteval_poseopt_steps15000/stats/val_step14999.json,/home/ojab2/work/git/gsplat/results/combined_outputs/stump_2_n100_s42_combined_colmapcams_vggtpcd_amglobal_default_c0.0_p100000_random_farthestpose_sharedcam_i100_gteval_poseopt_steps15000/stats/val_step14999.json,stump_2_n100_s42_combined_colmapcams_vggtpcd_amglobal_default_c0.0_p100000_random_farthestpose_sharedcam_i100_gteval_poseopt_steps15000,0.0219,0.002013,100,0.977613,,,,/home/ojab2/work/git/vggt/combined_outputs/stump_2_n100_s42_combined_colmapcams_vggtpcd_amglobal_default_c0.0_p100000_random_farthestpose_sharedcam/eval_results.json,stump_2_n100_s42_combined_colmapcams_vggtpcd_amglobal_default_c0.0_p100000_random_farthestpose_sharedcam,stump_2_n100_s42_combined_colmapcams_vggtpcd_amglobal_default_c0.0_p100000_random_farthestpose_sharedcam_i100_gteval_poseopt_steps15000_val_step14999.json,100000,combined | COLMAP Cams | VGGT Pcd | random
combined,87,42,0.0,87000,voxels,,,,0,10,farthestpose,87,GT Eval,,,,Pose Opt,,,,,0.0,,False,1.0,1.0,colmap,lego,,,15000,15000,default,MCMC,COLMAP Cams,VGGT Pcd,Global Alignment,,Shared Cam,,,,,,gsplat,synthetic,25.320816040039062,0.05013762414455414,0.905252993106842,1000000,0.11247402429580688,10.391925811767578,0.017554717138409615,0.018464112654328346,0.87377531384012,0.12029491313189945,86657,/home/ojab2/work/git/gsplat/results/combined_outputs/lego_1_n87_s42_combined_colmapcams_vggtpcd_amglobal_default_c0.0_p87000_voxels_farthestpose_sharedcam_i87_gteval_poseopt_steps15000/stats/val_step14999.json,/home/ojab2/work/git/gsplat/results/combined_outputs/lego_1_n87_s42_combined_colmapcams_vggtpcd_amglobal_default_c0.0_p87000_voxels_farthestpose_sharedcam_i87_gteval_poseopt_steps15000/stats/val_step14999.json,lego_1_n87_s42_combined_colmapcams_vggtpcd_amglobal_default_c0.0_p87000_voxels_farthestpose_sharedcam_i87_gteval_poseopt_steps15000,10.4269,0.396164,87,0.88238,0.0454,0.0128,0.1163,/home/ojab2/work/git/vggt/combined_outputs/lego_1_n87_s42_combined_colmapcams_vggtpcd_amglobal_default_c0.0_p87000_voxels_farthestpose_sharedcam/eval_results.json,lego_1_n87_s42_combined_colmapcams_vggtpcd_amglobal_default_c0.0_p87000_voxels_farthestpose_sharedcam,lego_1_n87_s42_combined_colmapcams_vggtpcd_amglobal_default_c0.0_p87000_voxels_farthestpose_sharedcam_i87_gteval_poseopt_steps15000_val_step14999.json,86657,combined | COLMAP Cams | VGGT Pcd | voxels
combined,87,42,0.0,87000,voxels,,,,0,10,farthestpose,87,GT Eval,,,,Pose Opt,,,,,0.0,,False,1.0,1.0,colmap,ship,,,15000,15000,default,MCMC,COLMAP Cams,VGGT Pcd,Global Alignment,,Shared Cam,,,,,,gsplat,synthetic,21.917020797729492,0.13570022583007812,0.7355678081512451,1000000,0.0033918232657015324,0.19251559674739838,0.028963424265384674,0.029736964032053947,0.6586945455054171,0.2187870735157853,80426,/home/ojab2/work/git/gsplat/results/combined_outputs/ship_1_n87_s42_combined_colmapcams_vggtpcd_amglobal_default_c0.0_p87000_voxels_farthestpose_sharedcam_i87_gteval_poseopt_steps15000/stats/val_step14999.json,/home/ojab2/work/git/gsplat/results/combined_outputs/ship_1_n87_s42_combined_colmapcams_vggtpcd_amglobal_default_c0.0_p87000_voxels_farthestpose_sharedcam_i87_gteval_poseopt_steps15000/stats/val_step14999.json,ship_1_n87_s42_combined_colmapcams_vggtpcd_amglobal_default_c0.0_p87000_voxels_farthestpose_sharedcam_i87_gteval_poseopt_steps15000,0.2963,0.015258,81,0.797312,0.11,0.0294,0.2408,/home/ojab2/work/git/vggt/combined_outputs/ship_1_n87_s42_combined_colmapcams_vggtpcd_amglobal_default_c0.0_p87000_voxels_farthestpose_sharedcam/eval_results.json,ship_1_n87_s42_combined_colmapcams_vggtpcd_amglobal_default_c0.0_p87000_voxels_farthestpose_sharedcam,ship_1_n87_s42_combined_colmapcams_vggtpcd_amglobal_default_c0.0_p87000_voxels_farthestpose_sharedcam_i87_gteval_poseopt_steps15000_val_step14999.json,80426,combined | COLMAP Cams | VGGT Pcd | voxels
combined,100,42,0.0,100000,voxels,,,,0,10,farthestpose,100,GT Eval,,,,Pose Opt,,,,,0.0,,False,1.0,1.0,colmap,bonsai,,,15000,15000,default,MCMC,COLMAP Cams,VGGT Pcd,Global Alignment,,Shared Cam,,,,,,gsplat,indoor,21.630859375,0.24026240408420563,0.6636233925819397,1000000,0.0033368030562996864,0.2435988485813141,,,0.5467779477785902,0.2757038542297569,99753,/home/ojab2/work/git/gsplat/results/combined_outputs/bonsai_2_n100_s42_combined_colmapcams_vggtpcd_amglobal_default_c0.0_p100000_voxels_farthestpose_sharedcam_i100_gteval_poseopt_steps15000/stats/val_step14999.json,/home/ojab2/work/git/gsplat/results/combined_outputs/bonsai_2_n100_s42_combined_colmapcams_vggtpcd_amglobal_default_c0.0_p100000_voxels_farthestpose_sharedcam_i100_gteval_poseopt_steps15000/stats/val_step14999.json,bonsai_2_n100_s42_combined_colmapcams_vggtpcd_amglobal_default_c0.0_p100000_voxels_farthestpose_sharedcam_i100_gteval_poseopt_steps15000,0.1581,0.013152,100,1.113392,,,,/home/ojab2/work/git/vggt/combined_outputs/bonsai_2_n100_s42_combined_colmapcams_vggtpcd_amglobal_default_c0.0_p100000_voxels_farthestpose_sharedcam/eval_results.json,bonsai_2_n100_s42_combined_colmapcams_vggtpcd_amglobal_default_c0.0_p100000_voxels_farthestpose_sharedcam,bonsai_2_n100_s42_combined_colmapcams_vggtpcd_amglobal_default_c0.0_p100000_voxels_farthestpose_sharedcam_i100_gteval_poseopt_steps15000_val_step14999.json,99753,combined | COLMAP Cams | VGGT Pcd | voxels
combined,100,42,0.0,100000,voxels,,,,0,10,farthestpose,100,GT Eval,,,,Pose Opt,,,,,0.0,,False,1.0,1.0,colmap,kitchen,,,15000,15000,default,MCMC,COLMAP Cams,VGGT Pcd,Global Alignment,,Shared Cam,,,,,,gsplat,indoor,21.23701286315918,0.16066107153892517,0.5643624663352966,1000000,0.0008669713861308992,0.07466715574264526,,,0.5305737935931284,0.2760703020014895,94297,/home/ojab2/work/git/gsplat/results/combined_outputs/kitchen_2_n100_s42_combined_colmapcams_vggtpcd_amglobal_default_c0.0_p100000_voxels_farthestpose_sharedcam_i100_gteval_poseopt_steps15000/stats/val_step14999.json,/home/ojab2/work/git/gsplat/results/combined_outputs/kitchen_2_n100_s42_combined_colmapcams_vggtpcd_amglobal_default_c0.0_p100000_voxels_farthestpose_sharedcam_i100_gteval_poseopt_steps15000/stats/val_step14999.json,kitchen_2_n100_s42_combined_colmapcams_vggtpcd_amglobal_default_c0.0_p100000_voxels_farthestpose_sharedcam_i100_gteval_poseopt_steps15000,0.1073,0.004456,100,1.070086,,,,/home/ojab2/work/git/vggt/combined_outputs/kitchen_2_n100_s42_combined_colmapcams_vggtpcd_amglobal_default_c0.0_p100000_voxels_farthestpose_sharedcam/eval_results.json,kitchen_2_n100_s42_combined_colmapcams_vggtpcd_amglobal_default_c0.0_p100000_voxels_farthestpose_sharedcam,kitchen_2_n100_s42_combined_colmapcams_vggtpcd_amglobal_default_c0.0_p100000_voxels_farthestpose_sharedcam_i100_gteval_poseopt_steps15000_val_step14999.json,94297,combined | COLMAP Cams | VGGT Pcd | voxels
combined,100,42,0.0,100000,voxels,,,,0,10,farthestpose,100,GT Eval,,,,Pose Opt,,,,,0.0,,False,1.0,1.0,colmap,counter,,,15000,15000,default,MCMC,COLMAP Cams,VGGT Pcd,Global Alignment,,Shared Cam,,,,,,gsplat,indoor,24.195131301879883,0.20304936170578003,0.8250895738601685,1000000,0.00040661130333319306,0.04209303855895996,,,0.7116601461710443,0.20835948617680083,95042,/home/ojab2/work/git/gsplat/results/combined_outputs/counter_2_n100_s42_combined_colmapcams_vggtpcd_amglobal_default_c0.0_p100000_voxels_farthestpose_sharedcam_i100_gteval_poseopt_steps15000/stats/val_step14999.json,/home/ojab2/work/git/gsplat/results/combined_outputs/counter_2_n100_s42_combined_colmapcams_vggtpcd_amglobal_default_c0.0_p100000_voxels_farthestpose_sharedcam_i100_gteval_poseopt_steps15000/stats/val_step14999.json,counter_2_n100_s42_combined_colmapcams_vggtpcd_amglobal_default_c0.0_p100000_voxels_farthestpose_sharedcam_i100_gteval_poseopt_steps15000,0.029,0.002114,100,1.074256,,,,/home/ojab2/work/git/vggt/combined_outputs/counter_2_n100_s42_combined_colmapcams_vggtpcd_amglobal_default_c0.0_p100000_voxels_farthestpose_sharedcam/eval_results.json,counter_2_n100_s42_combined_colmapcams_vggtpcd_amglobal_default_c0.0_p100000_voxels_farthestpose_sharedcam,counter_2_n100_s42_combined_colmapcams_vggtpcd_amglobal_default_c0.0_p100000_voxels_farthestpose_sharedcam_i100_gteval_poseopt_steps15000_val_step14999.json,95042,combined | COLMAP Cams | VGGT Pcd | voxels
combined,100,42,0.0,100000,voxels,,,,0,10,farthestpose,100,GT Eval,,,,Pose Opt,,,,,0.0,,False,1.0,1.0,colmap,bicycle,,,15000,15000,default,MCMC,COLMAP Cams,VGGT Pcd,Global Alignment,,Shared Cam,,,,,,gsplat,outdoor,21.492279052734375,0.30879929661750793,0.5153391361236572,1000000,0.002381294732913375,0.09299986064434052,,,0.41518898227913487,0.33735574578226274,99373,/home/ojab2/work/git/gsplat/results/combined_outputs/bicycle_4_n100_s42_combined_colmapcams_vggtpcd_amglobal_default_c0.0_p100000_voxels_farthestpose_sharedcam_i100_gteval_poseopt_steps15000/stats/val_step14999.json,/home/ojab2/work/git/gsplat/results/combined_outputs/bicycle_4_n100_s42_combined_colmapcams_vggtpcd_amglobal_default_c0.0_p100000_voxels_farthestpose_sharedcam_i100_gteval_poseopt_steps15000/stats/val_step14999.json,bicycle_4_n100_s42_combined_colmapcams_vggtpcd_amglobal_default_c0.0_p100000_voxels_farthestpose_sharedcam_i100_gteval_poseopt_steps15000,0.0986,0.006893,100,1.077433,,,,/home/ojab2/work/git/vggt/combined_outputs/bicycle_4_n100_s42_combined_colmapcams_vggtpcd_amglobal_default_c0.0_p100000_voxels_farthestpose_sharedcam/eval_results.json,bicycle_4_n100_s42_combined_colmapcams_vggtpcd_amglobal_default_c0.0_p100000_voxels_farthestpose_sharedcam,bicycle_4_n100_s42_combined_colmapcams_vggtpcd_amglobal_default_c0.0_p100000_voxels_farthestpose_sharedcam_i100_gteval_poseopt_steps15000_val_step14999.json,99373,combined | COLMAP Cams | VGGT Pcd | voxels
combined,100,42,0.0,100000,voxels,,,,0,10,farthestpose,100,GT Eval,,,,Pose Opt,,,,,0.0,,False,1.0,1.0,colmap,garden,,,15000,15000,default,MCMC,COLMAP Cams,VGGT Pcd,Global Alignment,,Shared Cam,,,,,,gsplat,outdoor,20.725143432617188,0.30099090933799744,0.4572690725326538,1000000,0.0005787650588899851,0.05974017456173897,,,0.3718436577244189,0.3487186319252539,95885,/home/ojab2/work/git/gsplat/results/combined_outputs/garden_2_n100_s42_combined_colmapcams_vggtpcd_amglobal_default_c0.0_p100000_voxels_farthestpose_sharedcam_i100_gteval_poseopt_steps15000/stats/val_step14999.json,/home/ojab2/work/git/gsplat/results/combined_outputs/garden_2_n100_s42_combined_colmapcams_vggtpcd_amglobal_default_c0.0_p100000_voxels_farthestpose_sharedcam_i100_gteval_poseopt_steps15000/stats/val_step14999.json,garden_2_n100_s42_combined_colmapcams_vggtpcd_amglobal_default_c0.0_p100000_voxels_farthestpose_sharedcam_i100_gteval_poseopt_steps15000,0.0628,0.002621,100,1.057253,,,,/home/ojab2/work/git/vggt/combined_outputs/garden_2_n100_s42_combined_colmapcams_vggtpcd_amglobal_default_c0.0_p100000_voxels_farthestpose_sharedcam/eval_results.json,garden_2_n100_s42_combined_colmapcams_vggtpcd_amglobal_default_c0.0_p100000_voxels_farthestpose_sharedcam,garden_2_n100_s42_combined_colmapcams_vggtpcd_amglobal_default_c0.0_p100000_voxels_farthestpose_sharedcam_i100_gteval_poseopt_steps15000_val_step14999.json,95885,combined | COLMAP Cams | VGGT Pcd | voxels
combined,100,42,0.0,100000,voxels,,,,0,10,farthestpose,100,GT Eval,,,,Pose Opt,,,,,0.0,,False,1.0,1.0,colmap,stump,,,15000,15000,default,MCMC,COLMAP Cams,VGGT Pcd,Global Alignment,,Shared Cam,,,,,,gsplat,outdoor,25.099510192871094,0.3123313784599304,0.7135690450668335,1000000,0.001920023700222373,0.07081916928291321,,,0.5957331848733218,0.28353815635857993,99804,/home/ojab2/work/git/gsplat/results/combined_outputs/stump_2_n100_s42_combined_colmapcams_vggtpcd_amglobal_default_c0.0_p100000_voxels_farthestpose_sharedcam_i100_gteval_poseopt_steps15000/stats/val_step14999.json,/home/ojab2/work/git/gsplat/results/combined_outputs/stump_2_n100_s42_combined_colmapcams_vggtpcd_amglobal_default_c0.0_p100000_voxels_farthestpose_sharedcam_i100_gteval_poseopt_steps15000/stats/val_step14999.json,stump_2_n100_s42_combined_colmapcams_vggtpcd_amglobal_default_c0.0_p100000_voxels_farthestpose_sharedcam_i100_gteval_poseopt_steps15000,0.0219,0.002013,100,0.977613,,,,/home/ojab2/work/git/vggt/combined_outputs/stump_2_n100_s42_combined_colmapcams_vggtpcd_amglobal_default_c0.0_p100000_voxels_farthestpose_sharedcam/eval_results.json,stump_2_n100_s42_combined_colmapcams_vggtpcd_amglobal_default_c0.0_p100000_voxels_farthestpose_sharedcam,stump_2_n100_s42_combined_colmapcams_vggtpcd_amglobal_default_c0.0_p100000_voxels_farthestpose_sharedcam_i100_gteval_poseopt_steps15000_val_step14999.json,99804,combined | COLMAP Cams | VGGT Pcd | voxels
vggt,87,42,0.0,87000,confidence,,,,0,10,farthestpose,87,GT Eval,,,,Pose Opt,,,,,0.0,,False,1.0,1.0,vggt,lego,,,15000,15000,,MCMC,,,,,,,,,,,gsplat,synthetic,20.372922897338867,0.07540085166692734,0.7739322781562805,1000000,0.006147838197648525,0.25111961364746094,0.09004391729831696,0.02119751274585724,0.6897573384218513,0.18668126458014955,87000,/home/ojab2/work/git/gsplat/results/vggt_outputs/lego_1_n87_s42_c0.0_p87000_confidence_farthestpose_i87_gteval_poseopt_steps15000/stats/val_step14999.json,/home/ojab2/work/git/gsplat/results/vggt_outputs/lego_1_n87_s42_c0.0_p87000_confidence_farthestpose_i87_gteval_poseopt_steps15000/stats/val_step14999.json,lego_1_n87_s42_c0.0_p87000_confidence_farthestpose_i87_gteval_poseopt_steps15000,,,,,,,,,lego_1_n87_s42_c0.0_p87000_confidence_farthestpose,lego_1_n87_s42_c0.0_p87000_confidence_farthestpose_i87_gteval_poseopt_steps15000_val_step14999.json,87000,vggt |  |  | confidence
vggt,87,42,0.0,87000,confidence,,,,0,10,farthestpose,87,GT Eval,,,,Pose Opt,,,,,0.0,,False,1.0,1.0,vggt,ship,,,15000,15000,,MCMC,,,,,,,,,,,gsplat,synthetic,22.837900161743164,0.12902608513832092,0.7482362985610962,1000000,0.008320881985127926,0.37889042496681213,0.14297524094581604,0.027403075248003006,0.6872761809182988,0.21199638721398642,87000,/home/ojab2/work/git/gsplat/results/vggt_outputs/ship_1_n87_s42_c0.0_p87000_confidence_farthestpose_i87_gteval_poseopt_steps15000/stats/val_step14999.json,/home/ojab2/work/git/gsplat/results/vggt_outputs/ship_1_n87_s42_c0.0_p87000_confidence_farthestpose_i87_gteval_poseopt_steps15000/stats/val_step14999.json,ship_1_n87_s42_c0.0_p87000_confidence_farthestpose_i87_gteval_poseopt_steps15000,0.4869,0.027807,87,4.301907,0.1056,0.0284,0.2389,/home/ojab2/work/git/vggt/vggt_outputs/ship_1_n87_s42_c0.0_p87000_confidence_farthestpose/eval_results.json,ship_1_n87_s42_c0.0_p87000_confidence_farthestpose,ship_1_n87_s42_c0.0_p87000_confidence_farthestpose_i87_gteval_poseopt_steps15000_val_step14999.json,87000,vggt |  |  | confidence
vggt,87,42,0.0,87000,confidence,,,,0,10,farthestpose,87,GT Eval,,,,Pose Opt,,,,,0.0,,False,1.0,1.0,vggt,drums,,,15000,15000,,MCMC,,,,,,,,,,,gsplat,synthetic,20.873910903930664,0.08522767573595047,0.8683367967605591,1000000,0.0031097140163183212,0.1160699874162674,0.07789193093776703,0.01755652204155922,0.748176274137345,0.15208640055895445,87000,/home/ojab2/work/git/gsplat/results/vggt_outputs/drums_1_n87_s42_c0.0_p87000_confidence_farthestpose_i87_gteval_poseopt_steps15000/stats/val_step14999.json,/home/ojab2/work/git/gsplat/results/vggt_outputs/drums_1_n87_s42_c0.0_p87000_confidence_farthestpose_i87_gteval_poseopt_steps15000/stats/val_step14999.json,drums_1_n87_s42_c0.0_p87000_confidence_farthestpose_i87_gteval_poseopt_steps15000,0.173,0.01002,87,3.881439,,,,/home/ojab2/work/git/vggt/vggt_outputs/drums_1_n87_s42_c0.0_p87000_confidence_farthestpose/eval_results.json,drums_1_n87_s42_c0.0_p87000_confidence_farthestpose,drums_1_n87_s42_c0.0_p87000_confidence_farthestpose_i87_gteval_poseopt_steps15000_val_step14999.json,87000,vggt |  |  | confidence
vggt,100,42,0.0,100000,confidence,,,,0,10,farthestpose,100,GT Eval,,,,Pose Opt,,,,,0.0,,False,1.0,1.0,vggt,bonsai,,,15000,15000,,MCMC,,,,,,,,,,,gsplat,indoor,17.407270431518555,0.3998410701751709,0.5593662858009338,1000000,0.021956823766231537,0.7770581245422363,,,0.30908891998226573,0.3606033690902244,100000,/home/ojab2/work/git/gsplat/results/vggt_outputs/bonsai_2_n100_s42_c0.0_p100000_confidence_farthestpose_i100_gteval_poseopt_steps15000/stats/val_step14999.json,/home/ojab2/work/git/gsplat/results/vggt_outputs/bonsai_2_n100_s42_c0.0_p100000_confidence_farthestpose_i100_gteval_poseopt_steps15000/stats/val_step14999.json,bonsai_2_n100_s42_c0.0_p100000_confidence_farthestpose_i100_gteval_poseopt_steps15000,0.7897,0.107121,100,7.792566,,,,/home/ojab2/work/git/vggt/vggt_outputs/bonsai_2_n100_s42_c0.0_p100000_confidence_farthestpose/eval_results.json,bonsai_2_n100_s42_c0.0_p100000_confidence_farthestpose,bonsai_2_n100_s42_c0.0_p100000_confidence_farthestpose_i100_gteval_poseopt_steps15000_val_step14999.json,100000,vggt |  |  | confidence
vggt,100,42,0.0,100000,confidence,,,,0,10,farthestpose,100,GT Eval,,,,Pose Opt,,,,,0.0,,False,1.0,1.0,vggt,kitchen,,,15000,15000,,MCMC,,,,,,,,,,,gsplat,indoor,20.04349136352539,0.19931328296661377,0.4245116114616394,1000000,0.005346193909645081,0.22247520089149475,,,0.4028280281726225,0.3226077166921839,100000,/home/ojab2/work/git/gsplat/results/vggt_outputs/kitchen_2_n100_s42_c0.0_p100000_confidence_farthestpose_i100_gteval_poseopt_steps15000/stats/val_step14999.json,/home/ojab2/work/git/gsplat/results/vggt_outputs/kitchen_2_n100_s42_c0.0_p100000_confidence_farthestpose_i100_gteval_poseopt_steps15000/stats/val_step14999.json,kitchen_2_n100_s42_c0.0_p100000_confidence_farthestpose_i100_gteval_poseopt_steps15000,0.3392,0.031011,100,4.199786,,,,/home/ojab2/work/git/vggt/vggt_outputs/kitchen_2_n100_s42_c0.0_p100000_confidence_farthestpose/eval_results.json,kitchen_2_n100_s42_c0.0_p100000_confidence_farthestpose,kitchen_2_n100_s42_c0.0_p100000_confidence_farthestpose_i100_gteval_poseopt_steps15000_val_step14999.json,100000,vggt |  |  | confidence
vggt,100,42,0.0,100000,confidence,,,,0,10,farthestpose,100,GT Eval,,,,Pose Opt,,,,,0.0,,False,1.0,1.0,vggt,counter,,,15000,15000,,MCMC,,,,,,,,,,,gsplat,indoor,20.955392837524414,0.24340613186359406,0.6473628282546997,1000000,0.006256469525396824,0.25278395414352417,,,0.5228196335466284,0.28175467802769083,100000,/home/ojab2/work/git/gsplat/results/vggt_outputs/counter_2_n100_s42_c0.0_p100000_confidence_farthestpose_i100_gteval_poseopt_steps15000/stats/val_step14999.json,/home/ojab2/work/git/gsplat/results/vggt_outputs/counter_2_n100_s42_c0.0_p100000_confidence_farthestpose_i100_gteval_poseopt_steps15000/stats/val_step14999.json,counter_2_n100_s42_c0.0_p100000_confidence_farthestpose_i100_gteval_poseopt_steps15000,0.3433,0.032901,100,4.853077,,,,/home/ojab2/work/git/vggt/vggt_outputs/counter_2_n100_s42_c0.0_p100000_confidence_farthestpose/eval_results.json,counter_2_n100_s42_c0.0_p100000_confidence_farthestpose,counter_2_n100_s42_c0.0_p100000_confidence_farthestpose_i100_gteval_poseopt_steps15000_val_step14999.json,100000,vggt |  |  | confidence
vggt,100,42,0.0,100000,confidence,,,,0,10,farthestpose,100,GT Eval,,,,Pose Opt,,,,,0.0,,False,1.0,1.0,vggt,bicycle,,,15000,15000,,MCMC,,,,,,,,,,,gsplat,outdoor,17.05126953125,0.3936842381954193,0.2693771719932556,1000000,0.013411002233624458,0.7272999286651611,,,0.13671254720526754,0.4227224933165218,100000,/home/ojab2/work/git/gsplat/results/vggt_outputs/bicycle_4_n100_s42_c0.0_p100000_confidence_farthestpose_i100_gteval_poseopt_steps15000/stats/val_step14999.json,/home/ojab2/work/git/gsplat/results/vggt_outputs/bicycle_4_n100_s42_c0.0_p100000_confidence_farthestpose_i100_gteval_poseopt_steps15000/stats/val_step14999.json,bicycle_4_n100_s42_c0.0_p100000_confidence_farthestpose_i100_gteval_poseopt_steps15000,0.857,0.067143,100,5.77909,,,,/home/ojab2/work/git/vggt/vggt_outputs/bicycle_4_n100_s42_c0.0_p100000_confidence_farthestpose/eval_results.json,bicycle_4_n100_s42_c0.0_p100000_confidence_farthestpose,bicycle_4_n100_s42_c0.0_p100000_confidence_farthestpose_i100_gteval_poseopt_steps15000_val_step14999.json,100000,vggt |  |  | confidence
vggt,100,42,0.0,100000,confidence,,,,0,10,farthestpose,100,GT Eval,,,,Pose Opt,,,,,0.0,,False,1.0,1.0,vggt,garden,,,15000,15000,,MCMC,,,,,,,,,,,gsplat,outdoor,19.474353790283203,0.38323974609375,0.36665821075439453,1000000,0.004173023626208305,0.13780391216278076,,,0.2449211916263573,0.3967847077223535,100000,/home/ojab2/work/git/gsplat/results/vggt_outputs/garden_2_n100_s42_c0.0_p100000_confidence_farthestpose_i100_gteval_poseopt_steps15000/stats/val_step14999.json,/home/ojab2/work/git/gsplat/results/vggt_outputs/garden_2_n100_s42_c0.0_p100000_confidence_farthestpose_i100_gteval_poseopt_steps15000/stats/val_step14999.json,garden_2_n100_s42_c0.0_p100000_confidence_farthestpose_i100_gteval_poseopt_steps15000,0.3733,0.026869,100,6.069829,,,,/home/ojab2/work/git/vggt/vggt_outputs/garden_2_n100_s42_c0.0_p100000_confidence_farthestpose/eval_results.json,garden_2_n100_s42_c0.0_p100000_confidence_farthestpose,garden_2_n100_s42_c0.0_p100000_confidence_farthestpose_i100_gteval_poseopt_steps15000_val_step14999.json,100000,vggt |  |  | confidence
vggt,100,42,0.0,100000,confidence,,,,0,10,farthestpose,100,GT Eval,,,,Pose Opt,,,,,0.0,,False,1.0,1.0,vggt,stump,,,15000,15000,,MCMC,,,,,,,,,,,gsplat,outdoor,18.347354888916016,0.5157699584960938,0.40262094140052795,1000000,0.03569183126091957,0.8669331073760986,,,0.16327290514833825,0.434434548573011,100000,/home/ojab2/work/git/gsplat/results/vggt_outputs/stump_2_n100_s42_c0.0_p100000_confidence_farthestpose_i100_gteval_poseopt_steps15000/stats/val_step14999.json,/home/ojab2/work/git/gsplat/results/vggt_outputs/stump_2_n100_s42_c0.0_p100000_confidence_farthestpose_i100_gteval_poseopt_steps15000/stats/val_step14999.json,stump_2_n100_s42_c0.0_p100000_confidence_farthestpose_i100_gteval_poseopt_steps15000,0.8558,0.162829,100,4.685178,,,,/home/ojab2/work/git/vggt/vggt_outputs/stump_2_n100_s42_c0.0_p100000_confidence_farthestpose/eval_results.json,stump_2_n100_s42_c0.0_p100000_confidence_farthestpose,stump_2_n100_s42_c0.0_p100000_confidence_farthestpose_i100_gteval_poseopt_steps15000_val_step14999.json,100000,vggt |  |  | confidence
vggt,87,42,0.0,87000,random,,,,0,10,farthestpose,87,GT Eval,,,,Pose Opt,,,,,0.0,,False,1.0,1.0,vggt,lego,,,15000,15000,,MCMC,,,,,,,,,,,gsplat,synthetic,20.37809944152832,0.07559234648942947,0.7738922238349915,1000000,0.00614055385813117,0.2510397136211395,0.08977365493774414,0.021131223067641258,0.6897115700910277,0.18675549190421725,87000,/home/ojab2/work/git/gsplat/results/vggt_outputs/lego_1_n87_s42_c0.0_p87000_random_farthestpose_i87_gteval_poseopt_steps15000/stats/val_step14999.json,/home/ojab2/work/git/gsplat/results/vggt_outputs/lego_1_n87_s42_c0.0_p87000_random_farthestpose_i87_gteval_poseopt_steps15000/stats/val_step14999.json,lego_1_n87_s42_c0.0_p87000_random_farthestpose_i87_gteval_poseopt_steps15000,,,,,,,,,lego_1_n87_s42_c0.0_p87000_random_farthestpose,lego_1_n87_s42_c0.0_p87000_random_farthestpose_i87_gteval_poseopt_steps15000_val_step14999.json,87000,vggt |  |  | random
vggt,87,42,0.0,87000,random,,,,0,10,farthestpose,87,GT Eval,,,,Pose Opt,,,,,0.0,,False,1.0,1.0,vggt,ship,,,15000,15000,,MCMC,,,,,,,,,,,gsplat,synthetic,22.873300552368164,0.1295565515756607,0.7488802075386047,1000000,0.008290652185678482,0.3774765133857727,0.14302252233028412,0.02739964798092842,0.687980850247147,0.2119451111411748,87000,/home/ojab2/work/git/gsplat/results/vggt_outputs/ship_1_n87_s42_c0.0_p87000_random_farthestpose_i87_gteval_poseopt_steps15000/stats/val_step14999.json,/home/ojab2/work/git/gsplat/results/vggt_outputs/ship_1_n87_s42_c0.0_p87000_random_farthestpose_i87_gteval_poseopt_steps15000/stats/val_step14999.json,ship_1_n87_s42_c0.0_p87000_random_farthestpose_i87_gteval_poseopt_steps15000,0.4869,0.027807,87,4.301907,0.1056,0.0284,0.2389,/home/ojab2/work/git/vggt/vggt_outputs/ship_1_n87_s42_c0.0_p87000_random_farthestpose/eval_results.json,ship_1_n87_s42_c0.0_p87000_random_farthestpose,ship_1_n87_s42_c0.0_p87000_random_farthestpose_i87_gteval_poseopt_steps15000_val_step14999.json,87000,vggt |  |  | random
vggt,87,42,0.0,87000,random,,,,0,10,farthestpose,87,GT Eval,,,,Pose Opt,,,,,0.0,,False,1.0,1.0,vggt,drums,,,15000,15000,,MCMC,,,,,,,,,,,gsplat,synthetic,20.82868766784668,0.08489738404750824,0.867317259311676,1000000,0.003112764097750187,0.11680243164300919,0.07827773690223694,0.017644401639699936,0.7469464698304131,0.15247222720723957,87000,/home/ojab2/work/git/gsplat/results/vggt_outputs/drums_1_n87_s42_c0.0_p87000_random_farthestpose_i87_gteval_poseopt_steps15000/stats/val_step14999.json,/home/ojab2/work/git/gsplat/results/vggt_outputs/drums_1_n87_s42_c0.0_p87000_random_farthestpose_i87_gteval_poseopt_steps15000/stats/val_step14999.json,drums_1_n87_s42_c0.0_p87000_random_farthestpose_i87_gteval_poseopt_steps15000,0.173,0.01002,87,3.881439,,,,/home/ojab2/work/git/vggt/vggt_outputs/drums_1_n87_s42_c0.0_p87000_random_farthestpose/eval_results.json,drums_1_n87_s42_c0.0_p87000_random_farthestpose,drums_1_n87_s42_c0.0_p87000_random_farthestpose_i87_gteval_poseopt_steps15000_val_step14999.json,87000,vggt |  |  | random
vggt,100,42,0.0,100000,random,,,,0,10,farthestpose,100,GT Eval,,,,Pose Opt,,,,,0.0,,False,1.0,1.0,vggt,bonsai,,,15000,15000,,MCMC,,,,,,,,,,,gsplat,indoor,17.422657012939453,0.3988327085971832,0.5597713589668274,1000000,0.021631203591823578,0.7885617017745972,,,0.3102331869860916,0.3601441038292793,100000,/home/ojab2/work/git/gsplat/results/vggt_outputs/bonsai_2_n100_s42_c0.0_p100000_random_farthestpose_i100_gteval_poseopt_steps15000/stats/val_step14999.json,/home/ojab2/work/git/gsplat/results/vggt_outputs/bonsai_2_n100_s42_c0.0_p100000_random_farthestpose_i100_gteval_poseopt_steps15000/stats/val_step14999.json,bonsai_2_n100_s42_c0.0_p100000_random_farthestpose_i100_gteval_poseopt_steps15000,0.7215,0.105749,100,7.778965,,,,/home/ojab2/work/git/vggt/vggt_outputs/bonsai_2_n100_s42_c0.0_p100000_random_farthestpose/eval_results.json,bonsai_2_n100_s42_c0.0_p100000_random_farthestpose,bonsai_2_n100_s42_c0.0_p100000_random_farthestpose_i100_gteval_poseopt_steps15000_val_step14999.json,100000,vggt |  |  | random
vggt,100,42,0.0,100000,random,,,,0,10,farthestpose,100,GT Eval,,,,Pose Opt,,,,,0.0,,False,1.0,1.0,vggt,kitchen,,,15000,15000,,MCMC,,,,,,,,,,,gsplat,indoor,20.017711639404297,0.17643724381923676,0.4138493239879608,1000000,0.005308283492922783,0.235776886343956,,,0.41023638186089173,0.31733377408505686,100000,/home/ojab2/work/git/gsplat/results/vggt_outputs/kitchen_2_n100_s42_c0.0_p100000_random_farthestpose_i100_gteval_poseopt_steps15000/stats/val_step14999.json,/home/ojab2/work/git/gsplat/results/vggt_outputs/kitchen_2_n100_s42_c0.0_p100000_random_farthestpose_i100_gteval_poseopt_steps15000/stats/val_step14999.json,kitchen_2_n100_s42_c0.0_p100000_random_farthestpose_i100_gteval_poseopt_steps15000,0.3392,0.031011,100,4.199786,,,,/home/ojab2/work/git/vggt/vggt_outputs/kitchen_2_n100_s42_c0.0_p100000_random_farthestpose/eval_results.json,kitchen_2_n100_s42_c0.0_p100000_random_farthestpose,kitchen_2_n100_s42_c0.0_p100000_random_farthestpose_i100_gteval_poseopt_steps15000_val_step14999.json,100000,vggt |  |  | random
vggt,100,42,0.0,100000,random,,,,0,10,farthestpose,100,GT Eval,,,,Pose Opt,,,,,0.0,,False,1.0,1.0,vggt,counter,,,15000,15000,,MCMC,,,,,,,,,,,gsplat,indoor,20.807443618774414,0.23748624324798584,0.6405438780784607,1000000,0.006176562514156103,0.25385963916778564,,,0.5197463952697198,0.28177874468515063,100000,/home/ojab2/work/git/gsplat/results/vggt_outputs/counter_2_n100_s42_c0.0_p100000_random_farthestpose_i100_gteval_poseopt_steps15000/stats/val_step14999.json,/home/ojab2/work/git/gsplat/results/vggt_outputs/counter_2_n100_s42_c0.0_p100000_random_farthestpose_i100_gteval_poseopt_steps15000/stats/val_step14999.json,counter_2_n100_s42_c0.0_p100000_random_farthestpose_i100_gteval_poseopt_steps15000,0.3433,0.032901,100,4.853077,,,,/home/ojab2/work/git/vggt/vggt_outputs/counter_2_n100_s42_c0.0_p100000_random_farthestpose/eval_results.json,counter_2_n100_s42_c0.0_p100000_random_farthestpose,counter_2_n100_s42_c0.0_p100000_random_farthestpose_i100_gteval_poseopt_steps15000_val_step14999.json,100000,vggt |  |  | random
vggt,100,42,0.0,100000,random,,,,0,10,farthestpose,100,GT Eval,,,,Pose Opt,,,,,0.0,,False,1.0,1.0,vggt,bicycle,,,15000,15000,,MCMC,,,,,,,,,,,gsplat,outdoor,17.384122848510742,0.337806761264801,0.26788055896759033,1000000,0.013628819026052952,0.4889967441558838,,,0.17649355493945842,0.4039034005824482,100000,/home/ojab2/work/git/gsplat/results/vggt_outputs/bicycle_4_n100_s42_c0.0_p100000_random_farthestpose_i100_gteval_poseopt_steps15000/stats/val_step14999.json,/home/ojab2/work/git/gsplat/results/vggt_outputs/bicycle_4_n100_s42_c0.0_p100000_random_farthestpose_i100_gteval_poseopt_steps15000/stats/val_step14999.json,bicycle_4_n100_s42_c0.0_p100000_random_farthestpose_i100_gteval_poseopt_steps15000,0.7161,0.065623,100,5.788567,,,,/home/ojab2/work/git/vggt/vggt_outputs/bicycle_4_n100_s42_c0.0_p100000_random_farthestpose/eval_results.json,bicycle_4_n100_s42_c0.0_p100000_random_farthestpose,bicycle_4_n100_s42_c0.0_p100000_random_farthestpose_i100_gteval_poseopt_steps15000_val_step14999.json,100000,vggt |  |  | random
vggt,100,42,0.0,100000,random,,,,0,10,farthestpose,100,GT Eval,,,,Pose Opt,,,,,0.0,,False,1.0,1.0,vggt,garden,,,15000,15000,,MCMC,,,,,,,,,,,gsplat,outdoor,19.350812911987305,0.33780568838119507,0.3663502633571625,1000000,0.004315244033932686,0.13491961359977722,,,0.2704990260240085,0.3818130639337203,100000,/home/ojab2/work/git/gsplat/results/vggt_outputs/garden_2_n100_s42_c0.0_p100000_random_farthestpose_i100_gteval_poseopt_steps15000/stats/val_step14999.json,/home/ojab2/work/git/gsplat/results/vggt_outputs/garden_2_n100_s42_c0.0_p100000_random_farthestpose_i100_gteval_poseopt_steps15000/stats/val_step14999.json,garden_2_n100_s42_c0.0_p100000_random_farthestpose_i100_gteval_poseopt_steps15000,0.3733,0.026869,100,6.069829,,,,/home/ojab2/work/git/vggt/vggt_outputs/garden_2_n100_s42_c0.0_p100000_random_farthestpose/eval_results.json,garden_2_n100_s42_c0.0_p100000_random_farthestpose,garden_2_n100_s42_c0.0_p100000_random_farthestpose_i100_gteval_poseopt_steps15000_val_step14999.json,100000,vggt |  |  | random
vggt,100,42,0.0,100000,random,,,,0,10,farthestpose,100,GT Eval,,,,Pose Opt,,,,,0.0,,False,1.0,1.0,vggt,stump,,,15000,15000,,MCMC,,,,,,,,,,,gsplat,outdoor,18.294498443603516,0.4924980700016022,0.39796870946884155,1000000,0.03541010245680809,0.7774907946586609,,,0.17393884188637787,0.42773821885616137,100000,/home/ojab2/work/git/gsplat/results/vggt_outputs/stump_2_n100_s42_c0.0_p100000_random_farthestpose_i100_gteval_poseopt_steps15000/stats/val_step14999.json,/home/ojab2/work/git/gsplat/results/vggt_outputs/stump_2_n100_s42_c0.0_p100000_random_farthestpose_i100_gteval_poseopt_steps15000/stats/val_step14999.json,stump_2_n100_s42_c0.0_p100000_random_farthestpose_i100_gteval_poseopt_steps15000,0.8558,0.162829,100,4.685178,,,,/home/ojab2/work/git/vggt/vggt_outputs/stump_2_n100_s42_c0.0_p100000_random_farthestpose/eval_results.json,stump_2_n100_s42_c0.0_p100000_random_farthestpose,stump_2_n100_s42_c0.0_p100000_random_farthestpose_i100_gteval_poseopt_steps15000_val_step14999.json,100000,vggt |  |  | random
vggt,87,42,0.0,87000,voxels,,,,0,10,farthestpose,87,GT Eval,,,,Pose Opt,,,,,0.0,,False,1.0,1.0,vggt,lego,,,15000,15000,,MCMC,,,,,,,,,,,gsplat,synthetic,20.346023559570312,0.07587768882513046,0.7733228802680969,1000000,0.006142660975456238,0.2516622543334961,0.08938292413949966,0.02103985659778118,0.6886084855784063,0.1870726868238496,86657,/home/ojab2/work/git/gsplat/results/vggt_outputs/lego_1_n87_s42_c0.0_p87000_voxels_farthestpose_i87_gteval_poseopt_steps15000/stats/val_step14999.json,/home/ojab2/work/git/gsplat/results/vggt_outputs/lego_1_n87_s42_c0.0_p87000_voxels_farthestpose_i87_gteval_poseopt_steps15000/stats/val_step14999.json,lego_1_n87_s42_c0.0_p87000_voxels_farthestpose_i87_gteval_poseopt_steps15000,0.2976,0.018838,87,4.04904,0.0478,0.0135,0.118,/home/ojab2/work/git/vggt/vggt_outputs/lego_1_n87_s42_c0.0_p87000_voxels_farthestpose/eval_results.json,lego_1_n87_s42_c0.0_p87000_voxels_farthestpose,lego_1_n87_s42_c0.0_p87000_voxels_farthestpose_i87_gteval_poseopt_steps15000_val_step14999.json,86657,vggt |  |  | voxels
vggt,87,42,0.0,87000,voxels,,,,0,10,farthestpose,87,GT Eval,,,,Pose Opt,,,,,0.0,,False,1.0,1.0,vggt,ship,,,15000,15000,,MCMC,,,,,,,,,,,gsplat,synthetic,22.76759147644043,0.1307801455259323,0.7470088601112366,1000000,0.008308185264468193,0.37872210144996643,0.14411693811416626,0.02762945368885994,0.6841736146387456,0.21301659187374322,85433,/home/ojab2/work/git/gsplat/results/vggt_outputs/ship_1_n87_s42_c0.0_p87000_voxels_farthestpose_i87_gteval_poseopt_steps15000/stats/val_step14999.json,/home/ojab2/work/git/gsplat/results/vggt_outputs/ship_1_n87_s42_c0.0_p87000_voxels_farthestpose_i87_gteval_poseopt_steps15000/stats/val_step14999.json,ship_1_n87_s42_c0.0_p87000_voxels_farthestpose_i87_gteval_poseopt_steps15000,0.4869,0.027807,87,4.301907,0.1056,0.0284,0.2389,/home/ojab2/work/git/vggt/vggt_outputs/ship_1_n87_s42_c0.0_p87000_voxels_farthestpose/eval_results.json,ship_1_n87_s42_c0.0_p87000_voxels_farthestpose,ship_1_n87_s42_c0.0_p87000_voxels_farthestpose_i87_gteval_poseopt_steps15000_val_step14999.json,85433,vggt |  |  | voxels
vggt,87,42,0.0,87000,voxels,,,,0,10,farthestpose,87,GT Eval,,,,Pose Opt,,,,,0.0,,False,1.0,1.0,vggt,drums,,,15000,15000,,MCMC,,,,,,,,,,,gsplat,synthetic,20.8713321685791,0.08494403213262558,0.8681344389915466,1000000,0.003111577592790127,0.11604703962802887,0.07852306962013245,0.017697518691420555,0.748185270546395,0.15208638320019036,85509,/home/ojab2/work/git/gsplat/results/vggt_outputs/drums_1_n87_s42_c0.0_p87000_voxels_farthestpose_i87_gteval_poseopt_steps15000/stats/val_step14999.json,/home/ojab2/work/git/gsplat/results/vggt_outputs/drums_1_n87_s42_c0.0_p87000_voxels_farthestpose_i87_gteval_poseopt_steps15000/stats/val_step14999.json,drums_1_n87_s42_c0.0_p87000_voxels_farthestpose_i87_gteval_poseopt_steps15000,0.173,0.01002,87,3.881439,,,,/home/ojab2/work/git/vggt/vggt_outputs/drums_1_n87_s42_c0.0_p87000_voxels_farthestpose/eval_results.json,drums_1_n87_s42_c0.0_p87000_voxels_farthestpose,drums_1_n87_s42_c0.0_p87000_voxels_farthestpose_i87_gteval_poseopt_steps15000_val_step14999.json,85509,vggt |  |  | voxels
vggt,100,42,0.0,100000,voxels,,,,0,10,farthestpose,100,GT Eval,,,,Pose Opt,,,,,0.0,,False,1.0,1.0,vggt,bonsai,,,15000,15000,,MCMC,,,,,,,,,,,gsplat,indoor,17.41287612915039,0.4037659764289856,0.5611202120780945,1000000,0.022118790075182915,0.7518887519836426,,,0.3077956354408933,0.3614630473485273,99753,/home/ojab2/work/git/gsplat/results/vggt_outputs/bonsai_2_n100_s42_c0.0_p100000_voxels_farthestpose_i100_gteval_poseopt_steps15000/stats/val_step14999.json,/home/ojab2/work/git/gsplat/results/vggt_outputs/bonsai_2_n100_s42_c0.0_p100000_voxels_farthestpose_i100_gteval_poseopt_steps15000/stats/val_step14999.json,bonsai_2_n100_s42_c0.0_p100000_voxels_farthestpose_i100_gteval_poseopt_steps15000,0.7215,0.105749,100,7.778965,,,,/home/ojab2/work/git/vggt/vggt_outputs/bonsai_2_n100_s42_c0.0_p100000_voxels_farthestpose/eval_results.json,bonsai_2_n100_s42_c0.0_p100000_voxels_farthestpose,bonsai_2_n100_s42_c0.0_p100000_voxels_farthestpose_i100_gteval_poseopt_steps15000_val_step14999.json,99753,vggt |  |  | voxels
vggt,100,42,0.0,100000,voxels,,,,0,10,farthestpose,100,GT Eval,,,,Pose Opt,,,,,0.0,,False,1.0,1.0,vggt,kitchen,,,15000,15000,,MCMC,,,,,,,,,,,gsplat,indoor,20.05906105041504,0.18366584181785583,0.4160352051258087,1000000,0.005254858639091253,0.23032867908477783,,,0.4078183072274811,0.3192355539601194,94297,/home/ojab2/work/git/gsplat/results/vggt_outputs/kitchen_2_n100_s42_c0.0_p100000_voxels_farthestpose_i100_gteval_poseopt_steps15000/stats/val_step14999.json,/home/ojab2/work/git/gsplat/results/vggt_outputs/kitchen_2_n100_s42_c0.0_p100000_voxels_farthestpose_i100_gteval_poseopt_steps15000/stats/val_step14999.json,kitchen_2_n100_s42_c0.0_p100000_voxels_farthestpose_i100_gteval_poseopt_steps15000,0.3392,0.031011,100,4.199786,,,,/home/ojab2/work/git/vggt/vggt_outputs/kitchen_2_n100_s42_c0.0_p100000_voxels_farthestpose/eval_results.json,kitchen_2_n100_s42_c0.0_p100000_voxels_farthestpose,kitchen_2_n100_s42_c0.0_p100000_voxels_farthestpose_i100_gteval_poseopt_steps15000_val_step14999.json,94297,vggt |  |  | voxels
vggt,100,42,0.0,100000,voxels,,,,0,10,farthestpose,100,GT Eval,,,,Pose Opt,,,,,0.0,,False,1.0,1.0,vggt,counter,,,15000,15000,,MCMC,,,,,,,,,,,gsplat,indoor,20.83941650390625,0.24691995978355408,0.6443480253219604,1000000,0.006151745095849037,0.2506875991821289,,,0.5167398514338636,0.28384269556330566,95042,/home/ojab2/work/git/gsplat/results/vggt_outputs/counter_2_n100_s42_c0.0_p100000_voxels_farthestpose_i100_gteval_poseopt_steps15000/stats/val_step14999.json,/home/ojab2/work/git/gsplat/results/vggt_outputs/counter_2_n100_s42_c0.0_p100000_voxels_farthestpose_i100_gteval_poseopt_steps15000/stats/val_step14999.json,counter_2_n100_s42_c0.0_p100000_voxels_farthestpose_i100_gteval_poseopt_steps15000,0.3433,0.032901,100,4.853077,,,,/home/ojab2/work/git/vggt/vggt_outputs/counter_2_n100_s42_c0.0_p100000_voxels_farthestpose/eval_results.json,counter_2_n100_s42_c0.0_p100000_voxels_farthestpose,counter_2_n100_s42_c0.0_p100000_voxels_farthestpose_i100_gteval_poseopt_steps15000_val_step14999.json,95042,vggt |  |  | voxels
vggt,100,42,0.0,100000,voxels,,,,0,10,farthestpose,100,GT Eval,,,,Pose Opt,,,,,0.0,,False,1.0,1.0,vggt,bicycle,,,15000,15000,,MCMC,,,,,,,,,,,gsplat,outdoor,17.940832138061523,0.3630050718784332,0.285719096660614,1000000,0.01320565864443779,0.4734974205493927,,,0.1816803668907047,0.40807427140772834,99373,/home/ojab2/work/git/gsplat/results/vggt_outputs/bicycle_4_n100_s42_c0.0_p100000_voxels_farthestpose_i100_gteval_poseopt_steps15000/stats/val_step14999.json,/home/ojab2/work/git/gsplat/results/vggt_outputs/bicycle_4_n100_s42_c0.0_p100000_voxels_farthestpose_i100_gteval_poseopt_steps15000/stats/val_step14999.json,bicycle_4_n100_s42_c0.0_p100000_voxels_farthestpose_i100_gteval_poseopt_steps15000,0.7161,0.065623,100,5.788567,,,,/home/ojab2/work/git/vggt/vggt_outputs/bicycle_4_n100_s42_c0.0_p100000_voxels_farthestpose/eval_results.json,bicycle_4_n100_s42_c0.0_p100000_voxels_farthestpose,bicycle_4_n100_s42_c0.0_p100000_voxels_farthestpose_i100_gteval_poseopt_steps15000_val_step14999.json,99373,vggt |  |  | voxels
vggt,100,42,0.0,100000,voxels,,,,0,10,farthestpose,100,GT Eval,,,,Pose Opt,,,,,0.0,,False,1.0,1.0,vggt,garden,,,15000,15000,,MCMC,,,,,,,,,,,gsplat,outdoor,19.032806396484375,0.36798176169395447,0.3662523627281189,1000000,0.004397943150252104,0.14579446613788605,,,0.245925558899191,0.3921863193026828,95885,/home/ojab2/work/git/gsplat/results/vggt_outputs/garden_2_n100_s42_c0.0_p100000_voxels_farthestpose_i100_gteval_poseopt_steps15000/stats/val_step14999.json,/home/ojab2/work/git/gsplat/results/vggt_outputs/garden_2_n100_s42_c0.0_p100000_voxels_farthestpose_i100_gteval_poseopt_steps15000/stats/val_step14999.json,garden_2_n100_s42_c0.0_p100000_voxels_farthestpose_i100_gteval_poseopt_steps15000,0.3733,0.026869,100,6.069829,,,,/home/ojab2/work/git/vggt/vggt_outputs/garden_2_n100_s42_c0.0_p100000_voxels_farthestpose/eval_results.json,garden_2_n100_s42_c0.0_p100000_voxels_farthestpose,garden_2_n100_s42_c0.0_p100000_voxels_farthestpose_i100_gteval_poseopt_steps15000_val_step14999.json,95885,vggt |  |  | voxels
vggt,100,42,0.0,100000,voxels,,,,0,10,farthestpose,100,GT Eval,,,,Pose Opt,,,,,0.0,,False,1.0,1.0,vggt,stump,,,15000,15000,,MCMC,,,,,,,,,,,gsplat,outdoor,18.392549514770508,0.49900147318840027,0.40596097707748413,1000000,0.0355401486158371,0.7445504665374756,,,0.17641399675874916,0.4280733198773452,99804,/home/ojab2/work/git/gsplat/results/vggt_outputs/stump_2_n100_s42_c0.0_p100000_voxels_farthestpose_i100_gteval_poseopt_steps15000/stats/val_step14999.json,/home/ojab2/work/git/gsplat/results/vggt_outputs/stump_2_n100_s42_c0.0_p100000_voxels_farthestpose_i100_gteval_poseopt_steps15000/stats/val_step14999.json,stump_2_n100_s42_c0.0_p100000_voxels_farthestpose_i100_gteval_poseopt_steps15000,0.8558,0.162829,100,4.685178,,,,/home/ojab2/work/git/vggt/vggt_outputs/stump_2_n100_s42_c0.0_p100000_voxels_farthestpose/eval_results.json,stump_2_n100_s42_c0.0_p100000_voxels_farthestpose,stump_2_n100_s42_c0.0_p100000_voxels_farthestpose_i100_gteval_poseopt_steps15000_val_step14999.json,99804,vggt |  |  | voxels
colmap,87,42,,3866,,,,,0,10,farthestpose,87,GT Eval,,,,Pose Opt,,,,,0.0,,False,1.0,1.0,colmap,drums,pinhole,,15000,15000,default,MCMC,,,,,Shared Cam,,,,,,gsplat,synthetic,22.8007869720459,0.08921363204717636,0.906125545501709,1000000,0.0019269566982984543,0.09517744928598404,0.015581444837152958,0.016012171283364296,0.8034973809032024,0.13361671317880486,3866,/home/ojab2/work/git/gsplat/results/colmap_outputs/drums_1_n87_s42_default_mpinhole_farthestpose_sharedcam_i87_gteval_poseopt_steps15000/stats/val_step14999.json,/home/ojab2/work/git/gsplat/results/colmap_outputs/drums_1_n87_s42_default_mpinhole_farthestpose_sharedcam_i87_gteval_poseopt_steps15000/stats/val_step14999.json,drums_1_n87_s42_default_mpinhole_farthestpose_sharedcam_i87_gteval_poseopt_steps15000,0.1528,0.009899,79,0.837402,,,,/home/ojab2/work/git/vggt/colmap_outputs/drums_1_n87_s42_default_mpinhole_farthestpose_sharedcam/eval_results.json,drums_1_n87_s42_default_mpinhole_farthestpose_sharedcam,drums_1_n87_s42_default_mpinhole_farthestpose_sharedcam_i87_gteval_poseopt_steps15000_val_step14999.json,3866,colmap |  |  | 
colmap,87,42,,5138,,,,,0,10,farthestpose,87,GT Eval,,,,Pose Opt,,,,,0.0,,False,1.0,1.0,colmap,ship,pinhole,,15000,15000,default,MCMC,,,,,Shared Cam,,,,,,gsplat,synthetic,21.73459243774414,0.14872097969055176,0.7402476668357849,1000000,0.0032720775343477726,0.19158199429512024,0.030905814841389656,0.03161221742630005,0.6500154996243601,0.2216957360488479,5138,/home/ojab2/work/git/gsplat/results/colmap_outputs/ship_1_n87_s42_default_mpinhole_farthestpose_sharedcam_i87_gteval_poseopt_steps15000/stats/val_step14999.json,/home/ojab2/work/git/gsplat/results/colmap_outputs/ship_1_n87_s42_default_mpinhole_farthestpose_sharedcam_i87_gteval_poseopt_steps15000/stats/val_step14999.json,ship_1_n87_s42_default_mpinhole_farthestpose_sharedcam_i87_gteval_poseopt_steps15000,0.2963,0.015258,81,0.797312,,,,/home/ojab2/work/git/vggt/colmap_outputs/ship_1_n87_s42_default_mpinhole_farthestpose_sharedcam/eval_results.json,ship_1_n87_s42_default_mpinhole_farthestpose_sharedcam,ship_1_n87_s42_default_mpinhole_farthestpose_sharedcam_i87_gteval_poseopt_steps15000_val_step14999.json,5138,colmap |  |  | 
colmap,87,42,,10069,,,,,0,10,farthestpose,87,GT Eval,,,,Pose Opt,,,,,0.0,,False,1.0,1.0,colmap,lego,pinhole,,15000,15000,default,MCMC,,,,,Shared Cam,,,,,,gsplat,synthetic,25.237646102905273,0.05288347229361534,0.9056525826454163,1000000,0.11235309392213821,10.380709648132324,0.018892427906394005,0.01985725574195385,0.8707738399186097,0.1210125354067277,10069,/home/ojab2/work/git/gsplat/results/colmap_outputs/lego_1_n87_s42_default_mpinhole_farthestpose_sharedcam_i87_gteval_poseopt_steps15000/stats/val_step14999.json,/home/ojab2/work/git/gsplat/results/colmap_outputs/lego_1_n87_s42_default_mpinhole_farthestpose_sharedcam_i87_gteval_poseopt_steps15000/stats/val_step14999.json,lego_1_n87_s42_default_mpinhole_farthestpose_sharedcam_i87_gteval_poseopt_steps15000,,,,,,,,,lego_1_n87_s42_default_mpinhole_farthestpose_sharedcam,lego_1_n87_s42_default_mpinhole_farthestpose_sharedcam_i87_gteval_poseopt_steps15000_val_step14999.json,10069,colmap |  |  | 
colmap,100,42,,17352,,,,,0,10,farthestpose,100,GT Eval,,,,Pose Opt,,,,,0.0,,False,1.0,1.0,colmap,bicycle,,,15000,15000,default,MCMC,,,,,Shared Cam,,,,,,gsplat,outdoor,22.163246154785156,0.3494715690612793,0.5586552619934082,1000000,0.002470657927915454,0.1106053814291954,,,0.42783902572919363,0.3399620648095866,17352,/home/ojab2/work/git/gsplat/results/colmap_outputs/bicycle_4_n100_s42_default_farthestpose_sharedcam_i100_gteval_poseopt_steps15000/stats/val_step14999.json,/home/ojab2/work/git/gsplat/results/colmap_outputs/bicycle_4_n100_s42_default_farthestpose_sharedcam_i100_gteval_poseopt_steps15000/stats/val_step14999.json,bicycle_4_n100_s42_default_farthestpose_sharedcam_i100_gteval_poseopt_steps15000,0.0986,0.006893,100,1.077433,,,,/home/ojab2/work/git/vggt/colmap_outputs/bicycle_4_n100_s42_default_farthestpose_sharedcam/eval_results.json,bicycle_4_n100_s42_default_farthestpose_sharedcam,bicycle_4_n100_s42_default_farthestpose_sharedcam_i100_gteval_poseopt_steps15000_val_step14999.json,17352,colmap |  |  | 
colmap,100,42,,19683,,,,,0,10,farthestpose,100,GT Eval,,,,Pose Opt,,,,,0.0,,False,1.0,1.0,colmap,stump,,,15000,15000,default,MCMC,,,,,Shared Cam,,,,,,gsplat,outdoor,24.832897186279297,0.3404231071472168,0.6964612603187561,1000000,0.001068504061549902,0.03414143621921539,,,0.563450781225461,0.2982176433162218,19683,/home/ojab2/work/git/gsplat/results/colmap_outputs/stump_2_n100_s42_default_farthestpose_sharedcam_i100_gteval_poseopt_steps15000/stats/val_step14999.json,/home/ojab2/work/git/gsplat/results/colmap_outputs/stump_2_n100_s42_default_farthestpose_sharedcam_i100_gteval_poseopt_steps15000/stats/val_step14999.json,stump_2_n100_s42_default_farthestpose_sharedcam_i100_gteval_poseopt_steps15000,0.0219,0.002013,100,0.977613,,,,/home/ojab2/work/git/vggt/colmap_outputs/stump_2_n100_s42_default_farthestpose_sharedcam/eval_results.json,stump_2_n100_s42_default_farthestpose_sharedcam,stump_2_n100_s42_default_farthestpose_sharedcam_i100_gteval_poseopt_steps15000_val_step14999.json,19683,colmap |  |  | 
colmap,100,42,,60980,,,,,0,10,farthestpose,100,GT Eval,,,,Pose Opt,,,,,0.0,,False,1.0,1.0,colmap,counter,,,15000,15000,default,MCMC,,,,,Shared Cam,,,,,,gsplat,indoor,25.227703094482422,0.18847616016864777,0.8500107526779175,1000000,0.0002561314613558352,0.025510873645544052,,,0.7543514382343466,0.19292045401160557,60980,/home/ojab2/work/git/gsplat/results/colmap_outputs/counter_2_n100_s42_default_farthestpose_sharedcam_i100_gteval_poseopt_steps15000/stats/val_step14999.json,/home/ojab2/work/git/gsplat/results/colmap_outputs/counter_2_n100_s42_default_farthestpose_sharedcam_i100_gteval_poseopt_steps15000/stats/val_step14999.json,counter_2_n100_s42_default_farthestpose_sharedcam_i100_gteval_poseopt_steps15000,0.029,0.002114,100,1.074256,,,,/home/ojab2/work/git/vggt/colmap_outputs/counter_2_n100_s42_default_farthestpose_sharedcam/eval_results.json,counter_2_n100_s42_default_farthestpose_sharedcam,counter_2_n100_s42_default_farthestpose_sharedcam_i100_gteval_poseopt_steps15000_val_step14999.json,60980,colmap |  |  | 
colmap,100,42,,70656,,,,,0,10,farthestpose,100,GT Eval,,,,Pose Opt,,,,,0.0,,False,1.0,1.0,colmap,garden,,,15000,15000,default,MCMC,,,,,Shared Cam,,,,,,gsplat,outdoor,22.12991714477539,0.2636813521385193,0.5120896697044373,1000000,0.0005747699178755283,0.04868227615952492,,,0.45294740534665295,0.3227702522973086,70656,/home/ojab2/work/git/gsplat/results/colmap_outputs/garden_2_n100_s42_default_farthestpose_sharedcam_i100_gteval_poseopt_steps15000/stats/val_step14999.json,/home/ojab2/work/git/gsplat/results/colmap_outputs/garden_2_n100_s42_default_farthestpose_sharedcam_i100_gteval_poseopt_steps15000/stats/val_step14999.json,garden_2_n100_s42_default_farthestpose_sharedcam_i100_gteval_poseopt_steps15000,0.0628,0.002621,100,1.057253,,,,/home/ojab2/work/git/vggt/colmap_outputs/garden_2_n100_s42_default_farthestpose_sharedcam/eval_results.json,garden_2_n100_s42_default_farthestpose_sharedcam,garden_2_n100_s42_default_farthestpose_sharedcam_i100_gteval_poseopt_steps15000_val_step14999.json,70656,colmap |  |  | 
colmap,100,42,,80892,,,,,0,10,farthestpose,100,GT Eval,,,,Pose Opt,,,,,0.0,,False,1.0,1.0,colmap,bonsai,,,15000,15000,default,MCMC,,,,,Shared Cam,,,,,,gsplat,indoor,24.653011322021484,0.17453931272029877,0.7761514782905579,1000000,0.0010529047576710582,0.09680686891078949,,,0.7091194321343928,0.2170303140499316,80892,/home/ojab2/work/git/gsplat/results/colmap_outputs/bonsai_2_n100_s42_default_farthestpose_sharedcam_i100_gteval_poseopt_steps15000/stats/val_step14999.json,/home/ojab2/work/git/gsplat/results/colmap_outputs/bonsai_2_n100_s42_default_farthestpose_sharedcam_i100_gteval_poseopt_steps15000/stats/val_step14999.json,bonsai_2_n100_s42_default_farthestpose_sharedcam_i100_gteval_poseopt_steps15000,0.1581,0.013152,100,1.113392,,,,/home/ojab2/work/git/vggt/colmap_outputs/bonsai_2_n100_s42_default_farthestpose_sharedcam/eval_results.json,bonsai_2_n100_s42_default_farthestpose_sharedcam,bonsai_2_n100_s42_default_farthestpose_sharedcam_i100_gteval_poseopt_steps15000_val_step14999.json,80892,colmap |  |  | 
colmap,100,42,,92853,,,,,0,10,farthestpose,100,GT Eval,,,,Pose Opt,,,,,0.0,,False,1.0,1.0,colmap,kitchen,,,15000,15000,default,MCMC,,,,,Shared Cam,,,,,,gsplat,indoor,21.59664535522461,0.14201965928077698,0.49743717908859253,1000000,0.0009081275202333927,0.09359873086214066,,,0.5096031042799847,0.28595332267000567,92853,/home/ojab2/work/git/gsplat/results/colmap_outputs/kitchen_2_n100_s42_default_farthestpose_sharedcam_i100_gteval_poseopt_steps15000/stats/val_step14999.json,/home/ojab2/work/git/gsplat/results/colmap_outputs/kitchen_2_n100_s42_default_farthestpose_sharedcam_i100_gteval_poseopt_steps15000/stats/val_step14999.json,kitchen_2_n100_s42_default_farthestpose_sharedcam_i100_gteval_poseopt_steps15000,0.1073,0.004456,100,1.070086,,,,/home/ojab2/work/git/vggt/colmap_outputs/kitchen_2_n100_s42_default_farthestpose_sharedcam/eval_results.json,kitchen_2_n100_s42_default_farthestpose_sharedcam,kitchen_2_n100_s42_default_farthestpose_sharedcam_i100_gteval_poseopt_steps15000_val_step14999.json,92853,colmap |  |  | 
