method,num_images,seed,conf_thres_value,num_points,sampling_mode,image_mode,num_cameras,gt_eval,use_gt_extrinsics,use_gt_intrinsics,use_gt_points,pose_opt,pose_opt_module,eval_opt,depth_loss_mode,error_opa,depth_lambda,depth_conf_mode,choice,camera_type,copy_mode,val_step,num_steps,colmap_mode,splatting_strategy,camera_src,pcd_src,align_mode,align_glue,shared_camera,keep_backup_cams,random_init,use_ba,max_ba_iterations,source,psnr,lpips,ssim,num_GS,eval_rte,eval_rre,quality,real_num_points,file_path,gsplat_file_path,folder,rre,rte,num_aligned,raw_eval_metrics,sfm_file_path,input_folder,output_folder,initial_points,plot_series,num_images_jitter
combined,20,42,0.0,20000,random,farthestpose,20,GT Eval,,,,Pose Opt,,,,,0.0,,colmap,,,15000,15000,default,MCMC,colmapcams,bothpcd,Global Alignment,,Shared Cam,Fallback Cams,,,,gsplat,13.993386268615723,0.3319746255874634,0.6164544224739075,1000000,0.0300279650837183,8.408858299255371,0.32114658516827455,20090,/home/ojab2/work/git/gsplat/results/combined_outputs/lego_1_n20_s42_combined_colmapcams_bothpcd_amglobal_fallbackcams_default_c0.0_p20000_random_farthestpose_sharedcam_i20_gteval_poseopt_steps15000/stats/val_step14999.json,/home/ojab2/work/git/gsplat/results/combined_outputs/lego_1_n20_s42_combined_colmapcams_bothpcd_amglobal_fallbackcams_default_c0.0_p20000_random_farthestpose_sharedcam_i20_gteval_poseopt_steps15000/stats/val_step14999.json,lego_1_n20_s42_combined_colmapcams_bothpcd_amglobal_fallbackcams_default_c0.0_p20000_random_farthestpose_sharedcam_i20_gteval_poseopt_steps15000,14.824,0.141192,20,"{'rre': [0.9212606582176336, 0.9493231247317702, 4.5067798359393025, 2.143795949397384, 1.2122270236731294, 1.4316177875395115, 2.92192454675059, 3.666175981193821, 1.826563282414013, 0.9009628538528811, 86.52109397762032, 1.522480458071986, 3.3905555086245767, 2.2563192217012586, 85.89179027425574, 1.877159345954564, 2.786576772702323, 86.12471979082446, 1.981863278082294, 3.6465619456507667], 'rte': [0.05764113365296506, 0.10789453890024517, 0.24482131039839503, 0.10745733085043051, 0.0708711431847855, 0.09888821770413604, 0.11367987188824459, 0.22002438189821477, 0.12649876894265144, 0.0694555778154476, 0.1068774961076555, 0.15444705629959918, 0.272584461545373, 0.11772473406279588, 0.17282432009103257, 0.12980168850332766, 0.21903717013245064, 0.13632050559269876, 0.11331226846812745, 0.1836724000477818]}",/home/ojab2/work/git/vggt/combined_outputs/lego_1_n20_s42_combined_colmapcams_bothpcd_amglobal_fallbackcams_default_c0.0_p20000_random_farthestpose_sharedcam/eval_results.json,lego_1_n20_s42_combined_colmapcams_bothpcd_amglobal_fallbackcams_default_c0.0_p20000_random_farthestpose_sharedcam,lego_1_n20_s42_combined_colmapcams_bothpcd_amglobal_fallbackcams_default_c0.0_p20000_random_farthestpose_sharedcam_i20_gteval_poseopt_steps15000_val_step14999.json,20090,combined | colmapcams | bothpcd | Global Alignment | Fallback Cams,20.0
combined,30,42,0.0,30000,random,farthestpose,30,GT Eval,,,,Pose Opt,,,,,0.0,,colmap,,,15000,15000,default,MCMC,colmapcams,bothpcd,Global Alignment,,Shared Cam,Fallback Cams,,,,gsplat,13.22477912902832,0.40427619218826294,0.6007505655288696,1000000,0.8955463767051697,57.38703155517578,0.25309898088007793,31259,/home/ojab2/work/git/gsplat/results/combined_outputs/lego_1_n30_s42_combined_colmapcams_bothpcd_amglobal_fallbackcams_default_c0.0_p30000_random_farthestpose_sharedcam_i30_gteval_poseopt_steps15000/stats/val_step14999.json,/home/ojab2/work/git/gsplat/results/combined_outputs/lego_1_n30_s42_combined_colmapcams_bothpcd_amglobal_fallbackcams_default_c0.0_p30000_random_farthestpose_sharedcam_i30_gteval_poseopt_steps15000/stats/val_step14999.json,lego_1_n30_s42_combined_colmapcams_bothpcd_amglobal_fallbackcams_default_c0.0_p30000_random_farthestpose_sharedcam_i30_gteval_poseopt_steps15000,46.6839,2.815385,30,"{'rre': [66.72439407520302, 1.7499727873004849, 115.426809690785, 76.84877462722598, 55.032672880479865, 65.7731361168425, 112.7510240373241, 1.88239062243163, 3.6843537384581886, 63.429093797673396, 115.44538675250341, 63.484048462915624, 1.56627961820545, 2.045890240545732, 63.60619431560566, 63.46763853389956, 0.6406337442696289, 113.9758221290834, 63.67225626030621, 2.666084186061094, 3.183635871257422, 63.47887320566051, 4.010429961400117, 74.87019458720391, 2.5486341052884645, 4.44884349157432, 63.645178341847874, 63.45764609484936, 62.472645077300236, 4.529107589827658], 'rte': [6.099325052965388, 2.4692554180725557, 2.8973466183891445, 3.1513076227355046, 2.113793712181079, 5.283378281607824, 4.260756610595834, 2.4695909426691447, 2.227227375348002, 3.038346978873923, 2.986605297244569, 0.39558791286921124, 2.4303965768276545, 2.4722481267584415, 2.6052438147872374, 4.221908790628252, 2.4272897278798644, 3.5593310969828043, 1.4413172440254534, 2.4402103870967955, 2.444456487379026, 4.375261248787085, 2.386806181273966, 2.9932378449697876, 2.439791774108565, 2.3042086481267194, 1.0668850768221585, 2.346440673960979, 2.796060013243965, 2.3179307543003382]}",/home/ojab2/work/git/vggt/combined_outputs/lego_1_n30_s42_combined_colmapcams_bothpcd_amglobal_fallbackcams_default_c0.0_p30000_random_farthestpose_sharedcam/eval_results.json,lego_1_n30_s42_combined_colmapcams_bothpcd_amglobal_fallbackcams_default_c0.0_p30000_random_farthestpose_sharedcam,lego_1_n30_s42_combined_colmapcams_bothpcd_amglobal_fallbackcams_default_c0.0_p30000_random_farthestpose_sharedcam_i30_gteval_poseopt_steps15000_val_step14999.json,31259,combined | colmapcams | bothpcd | Global Alignment | Fallback Cams,30.0
combined,40,42,0.0,40000,random,farthestpose,40,GT Eval,,,,Pose Opt,,,,,0.0,,colmap,,,15000,15000,default,MCMC,colmapcams,bothpcd,Global Alignment,,Shared Cam,Fallback Cams,,,,gsplat,11.965654373168945,0.5496809482574463,0.4326562285423279,1000000,0.8163686990737915,129.9265899658203,0.041725051643168344,42398,/home/ojab2/work/git/gsplat/results/combined_outputs/lego_1_n40_s42_combined_colmapcams_bothpcd_amglobal_fallbackcams_default_c0.0_p40000_random_farthestpose_sharedcam_i40_gteval_poseopt_steps15000/stats/val_step14999.json,/home/ojab2/work/git/gsplat/results/combined_outputs/lego_1_n40_s42_combined_colmapcams_bothpcd_amglobal_fallbackcams_default_c0.0_p40000_random_farthestpose_sharedcam_i40_gteval_poseopt_steps15000/stats/val_step14999.json,lego_1_n40_s42_combined_colmapcams_bothpcd_amglobal_fallbackcams_default_c0.0_p40000_random_farthestpose_sharedcam_i40_gteval_poseopt_steps15000,136.0307,3.676437,40,"{'rre': [159.16541276282183, 159.30439287121018, 152.18784641973753, 149.36796540796368, 152.44503928207908, 152.31411027802645, 161.02910115564316, 152.2645683166614, 149.18570758334687, 3.154717832593273, 149.56082014171932, 159.1586035810176, 3.590352649131735, 2.9385739462549765, 155.44934495573594, 161.7195310940673, 149.07258635096602, 160.8107500921122, 159.22954607795134, 159.1819669442945, 149.640287044571, 159.18213799189525, 156.02738291665887, 152.2084619057396, 149.20896510382758, 158.96928040511747, 152.25699637329149, 159.14831161045728, 152.2428361993614, 152.2913079349514, 155.8806207598993, 152.27290874030246, 152.47998768173738, 159.16095049223247, 2.628895705278853, 159.02675341438754, 158.53444032565253, 154.0562294502375, 152.20962862614232, 2.6714728146988724], 'rte': [4.050157266429218, 3.297651680158777, 3.3703883103912955, 4.168628062393609, 4.133943588461242, 3.6121490503262303, 2.9986011712359724, 3.4916194668852074, 4.1452359726470505, 3.2244756024443175, 4.513786852512153, 3.2281916765336773, 3.086086025403247, 3.400244555589146, 3.182375773275949, 3.540077281875768, 4.44324441832422, 3.580232981682001, 3.9314340713380127, 3.5095471844025865, 2.881664350085717, 4.228979191087016, 3.2680336726415877, 3.5493235373382435, 4.27466354411266, 4.296741105938387, 3.3623376806374137, 4.141956086466717, 3.8650205801399564, 3.7115987329794007, 3.2931787129042642, 3.701764166863239, 4.011372167656317, 4.128824062582282, 3.5349330416370317, 4.180416705638091, 2.951063753995876, 3.278493334054512, 3.928613159372025, 3.560434255768331]}",/home/ojab2/work/git/vggt/combined_outputs/lego_1_n40_s42_combined_colmapcams_bothpcd_amglobal_fallbackcams_default_c0.0_p40000_random_farthestpose_sharedcam/eval_results.json,lego_1_n40_s42_combined_colmapcams_bothpcd_amglobal_fallbackcams_default_c0.0_p40000_random_farthestpose_sharedcam,lego_1_n40_s42_combined_colmapcams_bothpcd_amglobal_fallbackcams_default_c0.0_p40000_random_farthestpose_sharedcam_i40_gteval_poseopt_steps15000_val_step14999.json,42398,combined | colmapcams | bothpcd | Global Alignment | Fallback Cams,40.0
combined,50,42,0.0,50000,random,farthestpose,50,GT Eval,,,,Pose Opt,,,,,0.0,,colmap,,,15000,15000,default,MCMC,colmapcams,bothpcd,Global Alignment,,Shared Cam,Fallback Cams,,,,gsplat,12.858009338378906,0.45839449763298035,0.5288450717926025,1000000,1.1766551733016968,157.75062561035156,0.1708505899972773,53914,/home/ojab2/work/git/gsplat/results/combined_outputs/lego_1_n50_s42_combined_colmapcams_bothpcd_amglobal_fallbackcams_default_c0.0_p50000_random_farthestpose_sharedcam_i50_gteval_poseopt_steps15000/stats/val_step14999.json,/home/ojab2/work/git/gsplat/results/combined_outputs/lego_1_n50_s42_combined_colmapcams_bothpcd_amglobal_fallbackcams_default_c0.0_p50000_random_farthestpose_sharedcam_i50_gteval_poseopt_steps15000/stats/val_step14999.json,lego_1_n50_s42_combined_colmapcams_bothpcd_amglobal_fallbackcams_default_c0.0_p50000_random_farthestpose_sharedcam_i50_gteval_poseopt_steps15000,147.0024,3.561043,50,"{'rre': [171.042594068417, 170.7264144219745, 0.3956382237649088, 170.70902757854657, 170.91387871138602, 170.7623319925701, 170.74038211419074, 170.71838609949762, 170.75285934345126, 170.8152702041415, 170.78558020677247, 170.7901137113146, 171.01753683149153, 0.6366096291088016, 170.73454618410167, 0.9189264090761795, 170.71026976397138, 170.8492526851578, 170.77740509963851, 170.79056189048606, 170.81408089775792, 170.97366664296197, 170.96345261853477, 171.34119808595833, 170.9642695410667, 170.76350214381438, 170.7004744021702, 170.68091197617088, 170.95065689626722, 0.4499243762580689, 170.73477527828584, 171.0311740443463, 170.67748118301597, 170.726578992617, 170.79068333364717, 170.75158876771306, 0.7181428128339612, 170.85157825080458, 170.73233045458392, 170.95299917487327, 0.9781506627171087, 170.9037441689312, 170.7133828617082, 170.7654897411055, 170.7266339032971, 170.72362414502993, 170.74512174802047, 170.6928249065136, 170.70551375480574, 1.007381260183943], 'rte': [3.938010681091203, 2.9494447483274935, 2.796249941905721, 3.721956620603464, 4.68196878560593, 4.1013410892785656, 3.5199942788944676, 2.5754228698321664, 3.267202990235067, 4.420962408539976, 3.382894080918019, 4.601093954814645, 2.9450685271603074, 2.9947497526170186, 3.1797706217915027, 3.3095653318497114, 3.164584071427181, 3.7161706790337874, 3.512872464110384, 4.929312585040139, 3.6139488305366756, 3.71516768662339, 3.246933438636705, 3.6944266262615177, 4.19699256760884, 2.9877626146554483, 3.9229316680143587, 4.398204442820196, 4.317891226666951, 2.8783772839508703, 3.3593630340398244, 3.9748912825975693, 4.324332303773868, 3.3317616833524784, 3.0027357286951615, 3.948801484528691, 2.9684012848525905, 3.872817931898188, 3.1916243930630515, 3.9591161671368242, 3.492535425663277, 4.217593278719629, 2.648518134687106, 3.484281924508271, 2.768188190014841, 3.5396125100280083, 3.1287319607425306, 2.5498690827911012, 4.086692602745841, 3.521001787887045]}",/home/ojab2/work/git/vggt/combined_outputs/lego_1_n50_s42_combined_colmapcams_bothpcd_amglobal_fallbackcams_default_c0.0_p50000_random_farthestpose_sharedcam/eval_results.json,lego_1_n50_s42_combined_colmapcams_bothpcd_amglobal_fallbackcams_default_c0.0_p50000_random_farthestpose_sharedcam,lego_1_n50_s42_combined_colmapcams_bothpcd_amglobal_fallbackcams_default_c0.0_p50000_random_farthestpose_sharedcam_i50_gteval_poseopt_steps15000_val_step14999.json,53914,combined | colmapcams | bothpcd | Global Alignment | Fallback Cams,50.0
combined,60,42,0.0,60000,random,farthestpose,60,GT Eval,,,,Pose Opt,,,,,0.0,,colmap,,,15000,15000,default,MCMC,colmapcams,bothpcd,Global Alignment,,Shared Cam,Fallback Cams,,,,gsplat,13.286310195922852,0.40523287653923035,0.5466038584709167,1000000,1.0683950185775757,82.71719360351562,0.22198315821660664,65276,/home/ojab2/work/git/gsplat/results/combined_outputs/lego_1_n60_s42_combined_colmapcams_bothpcd_amglobal_fallbackcams_default_c0.0_p60000_random_farthestpose_sharedcam_i60_gteval_poseopt_steps15000/stats/val_step14999.json,/home/ojab2/work/git/gsplat/results/combined_outputs/lego_1_n60_s42_combined_colmapcams_bothpcd_amglobal_fallbackcams_default_c0.0_p60000_random_farthestpose_sharedcam_i60_gteval_poseopt_steps15000/stats/val_step14999.json,lego_1_n60_s42_combined_colmapcams_bothpcd_amglobal_fallbackcams_default_c0.0_p60000_random_farthestpose_sharedcam_i60_gteval_poseopt_steps15000,84.7757,3.412263,60,"{'rre': [108.85412619312208, 108.9548402874227, 0.4312246760475919, 75.22601913935948, 75.06370825449304, 75.19021301571472, 75.21074523335699, 108.96811645505882, 75.21335336799227, 75.20650077792713, 108.91224955418768, 75.16468349093836, 108.78542806040736, 0.6641431661230787, 75.1964347673502, 74.82598660237696, 108.94051747751084, 108.91424083695885, 108.8935373937347, 75.23239466422463, 75.13289700980611, 108.85667936276732, 108.82348302811174, 108.70686743431, 74.84903842137544, 75.157942560951, 108.81406669187892, 108.94469638362378, 108.89433955504413, 75.35202547911902, 0.47289271355662077, 75.19047597191191, 108.72870023238976, 0.5722820816875699, 75.18427235293585, 108.84778888268268, 75.34843679952252, 75.15940170729606, 108.9997322363185, 75.34606448042032, 74.89161014265856, 75.16011981308687, 75.17031722098356, 108.77109555061396, 74.71085901650316, 75.14582946164418, 108.74247893708868, 108.94204122595585, 75.23922538684145, 108.93110850639198, 75.1754553024366, 108.81842127293929, 108.89306530611043, 108.95374974667277, 74.90510555933133, 108.91401716988548, 75.23337543072877, 108.90058716190374, 74.72350042147447, 75.09123285178272], 'rte': [4.387781973405317, 3.524733855726316, 2.7593249573530723, 3.5462173005459157, 4.5020858168541045, 4.222260289209221, 3.8359442355724385, 3.2484773480504954, 3.0821212314083537, 3.9080884686295665, 2.9938351199870294, 4.299219136999443, 5.3127404254108725, 3.002253611377917, 3.0640091080283556, 2.3411694741280913, 3.3704796394773546, 3.6045278518267194, 3.3396950882874883, 2.5519761141108037, 4.749314960700825, 3.4066526556385575, 4.891434095857469, 5.210388139532195, 2.0448012849798616, 3.9557246737021625, 4.213837695363157, 3.424499048796637, 3.0761288511131246, 3.2581694106828945, 2.5107646326872888, 3.920284418197146, 3.9996860681597557, 2.862833150338191, 3.43769867088527, 4.7838589057393675, 3.0974996650958073, 3.4480150670200516, 3.4489185207691793, 3.0438879814284396, 1.9775323365049526, 4.0338122816272595, 3.252127974048046, 4.793595191058189, 2.601473292161063, 2.522005574908941, 3.883473923303219, 3.193156413299654, 2.952443183209534, 2.963892884458668, 2.1461703310647513, 3.4528867074977514, 3.115294864929491, 2.841276686929229, 1.7725697193496563, 3.145328234003276, 4.244892145398054, 2.9562643494088223, 2.618450981956901, 2.5877789884676505]}",/home/ojab2/work/git/vggt/combined_outputs/lego_1_n60_s42_combined_colmapcams_bothpcd_amglobal_fallbackcams_default_c0.0_p60000_random_farthestpose_sharedcam/eval_results.json,lego_1_n60_s42_combined_colmapcams_bothpcd_amglobal_fallbackcams_default_c0.0_p60000_random_farthestpose_sharedcam,lego_1_n60_s42_combined_colmapcams_bothpcd_amglobal_fallbackcams_default_c0.0_p60000_random_farthestpose_sharedcam_i60_gteval_poseopt_steps15000_val_step14999.json,65276,combined | colmapcams | bothpcd | Global Alignment | Fallback Cams,60.0
combined,70,42,0.0,70000,random,farthestpose,70,GT Eval,,,,Pose Opt,,,,,0.0,,colmap,,,15000,15000,default,MCMC,colmapcams,bothpcd,Global Alignment,,Shared Cam,Fallback Cams,,,,gsplat,10.927486419677734,0.5164387822151184,0.5628973841667175,1000000,1.0578041076660156,98.97870635986328,0.1191839932465879,77387,/home/ojab2/work/git/gsplat/results/combined_outputs/lego_1_n70_s42_combined_colmapcams_bothpcd_amglobal_fallbackcams_default_c0.0_p70000_random_farthestpose_sharedcam_i70_gteval_poseopt_steps15000/stats/val_step14999.json,/home/ojab2/work/git/gsplat/results/combined_outputs/lego_1_n70_s42_combined_colmapcams_bothpcd_amglobal_fallbackcams_default_c0.0_p70000_random_farthestpose_sharedcam_i70_gteval_poseopt_steps15000/stats/val_step14999.json,lego_1_n70_s42_combined_colmapcams_bothpcd_amglobal_fallbackcams_default_c0.0_p70000_random_farthestpose_sharedcam_i70_gteval_poseopt_steps15000,76.4292,3.071785,70,"{'rre': [31.458381992000273, 31.721974168815997, 31.634460621567495, 31.65229906701107, 156.96939736544883, 156.99318619094862, 156.97110290592624, 157.0113873335482, 31.799873412581796, 157.02327556276208, 157.10070737249868, 31.70081557718611, 157.0192407158159, 31.367350627958533, 31.62118701311153, 156.99624950694843, 31.79590951676567, 31.68283659096109, 31.68850218161815, 156.9378646944609, 31.551204429508935, 31.692211704709294, 156.93491119457616, 31.67966271306473, 157.0226719367785, 31.65017330538055, 31.458956622044383, 31.520571814006605, 156.95217802062024, 31.67027193799126, 156.92249878621828, 31.717328783309295, 31.57881755895676, 31.490537722636024, 31.651604451069456, 31.69253900061257, 157.11799849334554, 31.660669708526626, 157.08296473449778, 31.389413820706277, 31.6419118006858, 156.97191988330968, 31.442908621158818, 157.21692386277977, 31.747335435444963, 156.95075490980253, 31.648371889750635, 157.12829425700596, 31.697057590502492, 157.00049618300346, 156.9703134443193, 31.4068993563823, 31.477209824147298, 33.017067296508, 31.413017254033562, 31.66919452963523, 31.685936275854086, 157.06437479622656, 31.641694712597612, 157.00463299578493, 31.669468198419494, 31.587062092697366, 31.68916756795877, 31.71510308726407, 31.65577872593132, 31.669108956760827, 157.03421946376565, 31.678827734818167, 32.0220973462408, 156.94507939782747], 'rte': [3.4249290763977376, 2.307532967015176, 2.258880475212913, 2.088701101353034, 4.638998278631124, 5.260933811812278, 4.732957188462203, 4.5445814502619255, 2.206082725162192, 4.24430136111041, 4.441331080326743, 1.5419215136063895, 4.838352535874055, 3.652166956954745, 2.7327304996625696, 4.090622267436086, 1.6196077106968234, 0.9759010326077833, 2.832463061264863, 3.0615385052048536, 2.9562378510046283, 2.9146972876262414, 3.350864290993709, 1.8753122642315887, 5.512370163818036, 2.975118306420877, 3.6495299296261647, 3.6906527164101033, 3.0359027855095166, 1.0782604811526098, 2.057215472457597, 2.1496205233296832, 2.7291482063690617, 3.4649910167995857, 2.684997647512905, 2.669641063930798, 4.68792633421726, 1.9007900031985587, 4.4366491156093755, 3.4500695205131997, 2.503451614062933, 4.487334083356972, 3.6832514664687035, 4.804512418522519, 2.216089364328439, 4.160354411446048, 2.678012033785261, 4.64444832226923, 1.1717104766368869, 4.602429334408083, 4.079928323523714, 3.6829920875777575, 1.6943032500660817, 1.4911218330519629, 3.368473817605857, 2.0114930107066322, 2.5104804357576143, 3.4345707249494977, 2.4876160697143064, 3.361422070042395, 3.0238872986328165, 1.3816339518572156, 2.692046778322207, 2.3061126607586573, 1.118357127352861, 2.718241372308683, 4.727697082789183, 2.5018669117305206, 1.7621467248033595, 2.954458391951515]}",/home/ojab2/work/git/vggt/combined_outputs/lego_1_n70_s42_combined_colmapcams_bothpcd_amglobal_fallbackcams_default_c0.0_p70000_random_farthestpose_sharedcam/eval_results.json,lego_1_n70_s42_combined_colmapcams_bothpcd_amglobal_fallbackcams_default_c0.0_p70000_random_farthestpose_sharedcam,lego_1_n70_s42_combined_colmapcams_bothpcd_amglobal_fallbackcams_default_c0.0_p70000_random_farthestpose_sharedcam_i70_gteval_poseopt_steps15000_val_step14999.json,77387,combined | colmapcams | bothpcd | Global Alignment | Fallback Cams,70.0
combined,80,42,0.0,80000,random,farthestpose,80,GT Eval,,,,Pose Opt,,,,,0.0,,colmap,,,15000,15000,default,MCMC,colmapcams,bothpcd,Global Alignment,,Shared Cam,Fallback Cams,,,,gsplat,10.553866386413574,0.5258094668388367,0.5256888270378113,1000000,0.2896437644958496,16.301820755004883,0.08472134038331527,89496,/home/ojab2/work/git/gsplat/results/combined_outputs/lego_1_n80_s42_combined_colmapcams_bothpcd_amglobal_fallbackcams_default_c0.0_p80000_random_farthestpose_sharedcam_i80_gteval_poseopt_steps15000/stats/val_step14999.json,/home/ojab2/work/git/gsplat/results/combined_outputs/lego_1_n80_s42_combined_colmapcams_bothpcd_amglobal_fallbackcams_default_c0.0_p80000_random_farthestpose_sharedcam_i80_gteval_poseopt_steps15000/stats/val_step14999.json,lego_1_n80_s42_combined_colmapcams_bothpcd_amglobal_fallbackcams_default_c0.0_p80000_random_farthestpose_sharedcam_i80_gteval_poseopt_steps15000,13.712,0.865246,80,"{'rre': [2.7723807158588762, 2.863067748227888, 2.689762200599454, 2.7217990960837186, 2.389145313440103, 2.727272118912143, 179.9399734458409, 2.613712122851455, 2.612645610351639, 2.4431778807125273, 2.861871736613302, 2.4499228357367056, 2.659510078885584, 179.3666387612869, 2.7064432251357844, 178.66657088056954, 2.7582003837328606, 2.69872378027516, 2.484196655149492, 2.5885035601052104, 2.6998879028368354, 2.788749834272994, 2.5656686069703922, 2.7382334306007956, 2.734290794461072, 2.5439294336151863, 2.6261959257908774, 2.700393221951446, 179.9180077082216, 2.714733055042126, 2.7373989009761335, 3.028084283786243, 2.560119305036151, 2.6881824645021832, 2.63536814780827, 2.6765856319937305, 2.5852591026362286, 2.8077915416916364, 2.593118753172597, 2.7800400615740273, 2.7741892089078446, 2.7359107783668715, 2.367267015401918, 2.6848015680383024, 2.6790974916764867, 179.02791005194226, 2.7869515665647824, 2.685257205826656, 2.4464979717285185, 2.7831923595273205, 2.4035359919707724, 2.704683623606177, 2.5774470607579096, 2.64275225221068, 2.4334718336678907, 2.6602354895679454, 2.616898045956116, 2.579948870291644, 2.7927515119925337, 2.7897047119817477, 2.6335309968820177, 2.7719991726907094, 2.6795744588280863, 2.7805020726370313, 2.532120950831873, 2.7239431180400273, 2.748530558197223, 2.596315197686812, 2.834043747477858, 2.6248307058151763, 2.6589550214281137, 2.7578694481892803, 2.7944398353327444, 2.66252306742646, 2.658991839346454, 2.687994082895499, 2.4257289229625583, 2.8031214930185744, 2.703866925462131, 2.574559241477397], 'rte': [0.5892171647711261, 0.8128343954970373, 0.2826924311740246, 0.35983420231645585, 0.551664297336651, 0.5153958005396123, 6.228683198749304, 0.3582473169770903, 0.21027555940247414, 0.40774476708235685, 0.7750768932683058, 0.4603302286202431, 0.4781225932722343, 5.622373382373413, 0.6703424891260611, 6.625841098724045, 0.4915342843473355, 0.41703487577667764, 0.4146841733552042, 0.6854111639514904, 0.5160377166982506, 0.8020659246865907, 0.31028400212035406, 0.5909624638191098, 0.7101363887188319, 0.33326243973345754, 0.20601614670802082, 0.31676278847542655, 6.542538475069838, 0.7088657628399263, 0.5707996861633712, 0.5411072864484472, 0.25918285738825075, 0.5449175925412935, 0.5095470409587551, 0.248822216180206, 0.20530956930524086, 0.622301848016647, 0.30324171815456685, 0.6416929691694788, 0.823515107671052, 0.6872590697296823, 0.5930506203103862, 0.2704536158135702, 0.5537663655500066, 5.898386778670737, 0.6926193901922569, 0.35788600744244403, 0.4829305543776783, 0.5994851577689857, 0.6360514529171907, 0.4851821073161714, 0.3196427499065233, 0.829807944331712, 0.5887079107526352, 0.577194414929696, 0.33808634151908357, 0.35566122747940154, 0.5964197863329759, 0.6288068615643687, 0.11469035423425744, 0.6961706733198737, 0.3046473824598812, 0.7758899207587552, 0.2108752234667586, 0.33731443732988936, 0.7183345134280715, 0.441672910330263, 0.8031211309886094, 0.3051292728806137, 0.5660287782933253, 0.7105084169260998, 0.7129345706265193, 0.5716733298175954, 0.5464226764893619, 0.6484393340133834, 0.44088192545812843, 0.7100612323134184, 0.6412538096375457, 0.207548724573177]}",/home/ojab2/work/git/vggt/combined_outputs/lego_1_n80_s42_combined_colmapcams_bothpcd_amglobal_fallbackcams_default_c0.0_p80000_random_farthestpose_sharedcam/eval_results.json,lego_1_n80_s42_combined_colmapcams_bothpcd_amglobal_fallbackcams_default_c0.0_p80000_random_farthestpose_sharedcam,lego_1_n80_s42_combined_colmapcams_bothpcd_amglobal_fallbackcams_default_c0.0_p80000_random_farthestpose_sharedcam_i80_gteval_poseopt_steps15000_val_step14999.json,89496,combined | colmapcams | bothpcd | Global Alignment | Fallback Cams,80.0
combined,87,42,0.0,87000,random,farthestpose,,,,,,,,,,,0.0,,vggt,,,,,default,MCMC,colmapcams,bothpcd,Global Alignment,,Shared Cam,Fallback Cams,,,,sfm,,,,,,,,,/home/ojab2/work/git/vggt/combined_outputs/lego_1_n87_s42_combined_colmapcams_bothpcd_amglobal_fallbackcams_default_c0.0_p87000_random_farthestpose_sharedcam/eval_results.json,,lego_1_n87_s42_combined_colmapcams_bothpcd_amglobal_fallbackcams_default_c0.0_p87000_random_farthestpose_sharedcam,12.7941,0.784629,87,"{'rre': [2.8125052263355794, 2.861514881104509, 2.708356922479344, 2.731301662421618, 2.3925702947248824, 2.722057818694585, 179.23816131655263, 2.500385856209345, 2.6294026890035553, 2.4313211552145497, 2.908020388928903, 2.4863210524090658, 2.6829003426648965, 178.87125361892421, 2.584374472069475, 178.24902152615348, 2.830674889397041, 2.721314412838678, 2.4832593055900247, 2.583576807591771, 2.703847605513869, 2.71117071504642, 2.7554833100808085, 2.515096417034729, 2.7576823376091557, 2.772609835392147, 2.5415239153870584, 2.609251316666384, 2.7149928541317148, 179.22561457272568, 2.7536509774578666, 2.8056487239085137, 3.0714019009042026, 2.497327338820031, 2.631292031548252, 2.577283968777546, 2.6686947839335895, 2.653729339034708, 2.5949105607906167, 2.7791290294754116, 2.6352527942273696, 2.801540689172982, 2.834626464995691, 2.7864728831594987, 2.3781013488368394, 2.739784007359273, 2.6845709680861183, 2.6847241521142022, 178.56572475587384, 2.819287216427665, 2.6999003141866362, 2.733182089894469, 2.444577645916223, 2.8254942047772165, 2.4071336700934416, 2.7086817010355495, 2.528949171923523, 2.6913578392306956, 2.695046252887517, 2.444645860919716, 2.6578485578834385, 2.5883659768507763, 2.53449433952476, 2.8325219723633017, 2.6927027298727855, 2.655857405652439, 2.8190165347829756, 2.7043332592785245, 2.7929369373043733, 2.515463858137073, 2.7376075040551244, 2.752928407044171, 2.577890831409277, 2.8938558062683293, 2.5850494516765687, 2.6474417524786125, 2.6688229386430393, 2.7846919916521755, 2.8192858100163636, 2.7057756022659043, 2.6994236896673507, 2.6375064927450422, 2.715159238151584, 2.390553850275569, 2.8032949909205285, 2.4511320811505866, 2.549228170788176], 'rte': [0.5395539819899566, 0.7583987793996974, 0.24914185086072566, 0.318372428551498, 0.5122176637661657, 0.46846389470703464, 6.19308859335009, 0.34231725383563133, 0.1819040664304068, 0.3857386079165618, 0.7198010606892563, 0.4261942404865425, 0.43662984814826367, 5.529797076494643, 0.6251677105012741, 6.5794254751142764, 0.4564039066074996, 0.37652885972289046, 0.3844992768754733, 0.6378281896814606, 0.47254777905032075, 0.39988004124180715, 0.7445129557899934, 0.2900141166231839, 0.5405010958854881, 0.6521633260392252, 0.31121066060168356, 0.1773958517370519, 0.2777838827049031, 6.52521370863186, 0.6507070418596675, 0.5248849758104815, 0.5021464907275089, 0.24343414841602035, 0.5005114089048194, 0.47391693143291813, 0.21512943482667599, 0.3361076705172131, 0.1837284274187233, 0.5704955983576693, 0.2773432304374398, 0.5905771748439239, 0.7654345976854282, 0.6298673408468032, 0.5503820899251127, 0.3257349455277307, 0.2353897998927497, 0.5038589347103015, 5.806314183373199, 0.6381600062921166, 0.3193195572527533, 0.38427721051928865, 0.44835416450772425, 0.5525629119077146, 0.5926047127759665, 0.43756950181016485, 0.3028065501241917, 0.7718972704094974, 0.3008550969758457, 0.544537687204893, 0.5349205726705265, 0.32846235940529916, 0.3338727006028474, 0.5497473123399296, 0.5893477593932711, 0.09183978675294466, 0.6405576430350388, 0.2666159553115794, 0.7180296773166768, 0.20483015590044437, 0.296132815594928, 0.6614731000105617, 0.4108614639738854, 0.7445810854530434, 0.2817869298946023, 0.5189647198701706, 0.2761330147480795, 0.6533851295137926, 0.6564959919105827, 0.31589115363932296, 0.5258735888138915, 0.5008467410030348, 0.5931882529091728, 0.41841738303870346, 0.654229710938894, 0.6094785237529764, 0.19519605379260074]}",/home/ojab2/work/git/vggt/combined_outputs/lego_1_n87_s42_combined_colmapcams_bothpcd_amglobal_fallbackcams_default_c0.0_p87000_random_farthestpose_sharedcam/eval_results.json,lego_1_n87_s42_combined_colmapcams_bothpcd_amglobal_fallbackcams_default_c0.0_p87000_random_farthestpose_sharedcam,,,combined | colmapcams | bothpcd | Global Alignment | Fallback Cams,87.0
combined,20,42,0.0,20000,random,farthestpose,20,GT Eval,,,,Pose Opt,,,,,0.0,,colmap,,,15000,15000,default,MCMC,colmapcams,bothpcd,Global Alignment,,Shared Cam,,,,,gsplat,11.476509094238281,0.5257536172866821,0.6427621245384216,1000000,0.3128262460231781,109.32064056396484,0.17030570815336094,2808,/home/ojab2/work/git/gsplat/results/combined_outputs/lego_1_n20_s42_combined_colmapcams_bothpcd_amglobal_default_c0.0_p20000_random_farthestpose_sharedcam_i20_gteval_poseopt_steps15000/stats/val_step14999.json,/home/ojab2/work/git/gsplat/results/combined_outputs/lego_1_n20_s42_combined_colmapcams_bothpcd_amglobal_default_c0.0_p20000_random_farthestpose_sharedcam_i20_gteval_poseopt_steps15000/stats/val_step14999.json,lego_1_n20_s42_combined_colmapcams_bothpcd_amglobal_default_c0.0_p20000_random_farthestpose_sharedcam_i20_gteval_poseopt_steps15000,114.8832,0.023191,3,"{'rre': [115.15442481371456, 114.45029251182523, 115.04485804293381], 'rte': [0.034597293410217944, 0.03380108774050576, 0.00117367991965672]}",/home/ojab2/work/git/vggt/combined_outputs/lego_1_n20_s42_combined_colmapcams_bothpcd_amglobal_default_c0.0_p20000_random_farthestpose_sharedcam/eval_results.json,lego_1_n20_s42_combined_colmapcams_bothpcd_amglobal_default_c0.0_p20000_random_farthestpose_sharedcam,lego_1_n20_s42_combined_colmapcams_bothpcd_amglobal_default_c0.0_p20000_random_farthestpose_sharedcam_i20_gteval_poseopt_steps15000_val_step14999.json,2808,combined | colmapcams | bothpcd | Global Alignment | ,20.0
combined,30,42,0.0,30000,random,farthestpose,30,GT Eval,,,,Pose Opt,,,,,0.0,,colmap,,,15000,15000,default,MCMC,colmapcams,bothpcd,Global Alignment,,Shared Cam,,,,,gsplat,11.645111083984375,0.4778989851474762,0.6156230568885803,1000000,1.2705905437469482,79.94775390625,0.18709706380973007,20154,/home/ojab2/work/git/gsplat/results/combined_outputs/lego_1_n30_s42_combined_colmapcams_bothpcd_amglobal_default_c0.0_p30000_random_farthestpose_sharedcam_i30_gteval_poseopt_steps15000/stats/val_step14999.json,/home/ojab2/work/git/gsplat/results/combined_outputs/lego_1_n30_s42_combined_colmapcams_bothpcd_amglobal_default_c0.0_p30000_random_farthestpose_sharedcam_i30_gteval_poseopt_steps15000/stats/val_step14999.json,lego_1_n30_s42_combined_colmapcams_bothpcd_amglobal_default_c0.0_p30000_random_farthestpose_sharedcam_i30_gteval_poseopt_steps15000,75.8732,2.952918,18,"{'rre': [65.41847137430776, 116.89595987001461, 78.31235477598091, 56.422038954777165, 64.45328842345667, 114.22105951046848, 62.07369094284259, 116.91614032009872, 62.13324575258194, 62.252892533286065, 62.10974349247404, 115.43249121357513, 62.31886679556397, 62.119588959960716, 76.3057165238248, 62.292518764675954, 62.10270753892076, 63.93686132958813], 'rte': [5.198770061130597, 2.8325071820410552, 3.616211761196474, 2.926619457892395, 4.580104776189189, 4.266687403844712, 3.064234674900497, 2.9542664701830152, 1.060769273439241, 1.0847766619828594, 3.9086953768531845, 3.6678555205316323, 0.2670702370475647, 4.019365038417877, 3.4700849929864654, 0.21007114738112795, 2.5758112269459055, 3.4486232340340304]}",/home/ojab2/work/git/vggt/combined_outputs/lego_1_n30_s42_combined_colmapcams_bothpcd_amglobal_default_c0.0_p30000_random_farthestpose_sharedcam/eval_results.json,lego_1_n30_s42_combined_colmapcams_bothpcd_amglobal_default_c0.0_p30000_random_farthestpose_sharedcam,lego_1_n30_s42_combined_colmapcams_bothpcd_amglobal_default_c0.0_p30000_random_farthestpose_sharedcam_i30_gteval_poseopt_steps15000_val_step14999.json,20154,combined | colmapcams | bothpcd | Global Alignment | ,30.0
combined,40,42,0.0,40000,random,farthestpose,40,GT Eval,,,,Pose Opt,,,,,0.0,,colmap,,,15000,15000,default,MCMC,colmapcams,bothpcd,Global Alignment,,Shared Cam,,,,,gsplat,11.359358787536621,0.5082951784133911,0.6729475855827332,1000000,0.8725718259811401,153.38539123535156,0.19656538854875377,37083,/home/ojab2/work/git/gsplat/results/combined_outputs/lego_1_n40_s42_combined_colmapcams_bothpcd_amglobal_default_c0.0_p40000_random_farthestpose_sharedcam_i40_gteval_poseopt_steps15000/stats/val_step14999.json,/home/ojab2/work/git/gsplat/results/combined_outputs/lego_1_n40_s42_combined_colmapcams_bothpcd_amglobal_default_c0.0_p40000_random_farthestpose_sharedcam_i40_gteval_poseopt_steps15000/stats/val_step14999.json,lego_1_n40_s42_combined_colmapcams_bothpcd_amglobal_default_c0.0_p40000_random_farthestpose_sharedcam_i40_gteval_poseopt_steps15000,154.9139,3.71729,35,"{'rre': [159.09243526914173, 159.18997695485177, 152.02228541947827, 149.20255844999994, 152.27941513069152, 152.14846349089055, 160.92188980658082, 152.0988690380647, 149.02029948205958, 149.39499079076498, 159.0864569466076, 155.3755816173145, 161.63749768207882, 148.90719941408992, 160.73271448042928, 159.1570288705732, 159.10985059573085, 149.47467603057655, 159.10880782495363, 155.9360172330679, 152.042882941392, 149.04339081821144, 158.89538650089182, 152.0914083153855, 159.07562969141478, 152.07724288730788, 152.1256809488121, 155.78718130114171, 152.1073177479969, 152.3143108075171, 159.08837922130292, 158.95249408717527, 158.44797773900808, 153.99524435079996, 152.04394067118437], 'rte': [3.8305551002569564, 3.5989048658743243, 3.6469583820740787, 3.872382467549935, 4.065763619837913, 3.7072548458491825, 3.319122693793524, 3.722611155646678, 3.912759870137876, 4.293169288629924, 3.0133298981371053, 3.356611803932165, 3.5346433507346715, 4.127211788942395, 3.5563018669404007, 3.686428072804764, 3.2778549580526373, 2.6778981447909014, 4.0227938879077, 3.4958193123369297, 3.850627138908975, 4.061290826435951, 4.123326504407491, 3.6024067324728763, 3.892724026995796, 4.151925185131918, 3.7697235943828065, 3.524750566903742, 3.9916798650607563, 3.9692871216332266, 3.8794743878490427, 4.03123574765459, 3.2027882588236225, 3.3929858848183763, 3.942559656160817]}",/home/ojab2/work/git/vggt/combined_outputs/lego_1_n40_s42_combined_colmapcams_bothpcd_amglobal_default_c0.0_p40000_random_farthestpose_sharedcam/eval_results.json,lego_1_n40_s42_combined_colmapcams_bothpcd_amglobal_default_c0.0_p40000_random_farthestpose_sharedcam,lego_1_n40_s42_combined_colmapcams_bothpcd_amglobal_default_c0.0_p40000_random_farthestpose_sharedcam_i40_gteval_poseopt_steps15000_val_step14999.json,37083,combined | colmapcams | bothpcd | Global Alignment | ,40.0
combined,50,42,0.0,50000,random,farthestpose,50,GT Eval,,,,Pose Opt,,,,,0.0,,colmap,,,15000,15000,default,MCMC,colmapcams,bothpcd,Global Alignment,,Shared Cam,,,,,gsplat,11.360930442810059,0.5087998509407043,0.673119068145752,1000000,1.0642094612121582,170.4890899658203,0.19638324922520747,46528,/home/ojab2/work/git/gsplat/results/combined_outputs/lego_1_n50_s42_combined_colmapcams_bothpcd_amglobal_default_c0.0_p50000_random_farthestpose_sharedcam_i50_gteval_poseopt_steps15000/stats/val_step14999.json,/home/ojab2/work/git/gsplat/results/combined_outputs/lego_1_n50_s42_combined_colmapcams_bothpcd_amglobal_default_c0.0_p50000_random_farthestpose_sharedcam_i50_gteval_poseopt_steps15000/stats/val_step14999.json,lego_1_n50_s42_combined_colmapcams_bothpcd_amglobal_default_c0.0_p50000_random_farthestpose_sharedcam_i50_gteval_poseopt_steps15000,170.7687,3.636532,43,"{'rre': [170.99541910908218, 170.67926139930375, 170.66537357275325, 170.87023636001976, 170.71863645846852, 170.69671386771589, 170.6712193431016, 170.7091867370307, 170.77166609671053, 170.7383004501966, 170.7464767403654, 170.9703353215006, 170.69088845100737, 170.66311417854007, 170.80208826227033, 170.73020818241145, 170.7469442101529, 170.7668853515985, 170.92648179316595, 170.9162033456688, 171.29762673470327, 170.91708760110973, 170.716371131436, 170.65688228489918, 170.63732027216048, 170.90341552280395, 170.6910930257706, 170.98398877830826, 170.63385751651106, 170.6829099353334, 170.7435900563671, 170.70798111434385, 170.8078585998565, 170.6886625985553, 170.9057817891897, 170.85650940884315, 170.66622179430823, 170.7218478822062, 170.67946738078754, 170.67642480830986, 170.69791778471307, 170.64565994931465, 170.66188180850523], 'rte': [3.815128059544936, 3.1033857357904284, 3.824037719459684, 4.497532503617521, 4.072510606759255, 3.6002955598523814, 2.779603002626079, 3.426091806706396, 4.288930938061442, 3.494964282172346, 4.473614752996314, 2.899945737238215, 3.3388062799346363, 3.2213591514957245, 3.6412088166063676, 3.4878958145296646, 4.723931871642324, 3.5737477354407376, 3.59889552851408, 3.1702294931998884, 3.5860400854562435, 4.058653918123958, 3.0944957426105737, 4.014900071803613, 4.282618922448288, 4.180148891682355, 3.50082519260545, 3.8382697362134888, 4.376200376479403, 3.427110471038287, 3.1105792183688075, 4.041591566067324, 3.874807007272402, 3.3256388254515032, 3.8235131011748176, 4.093874595211249, 2.80096668103339, 3.538207775806137, 2.877057678651359, 3.5345532954488483, 3.1669341106573645, 2.7098086998800945, 4.081965569413945]}",/home/ojab2/work/git/vggt/combined_outputs/lego_1_n50_s42_combined_colmapcams_bothpcd_amglobal_default_c0.0_p50000_random_farthestpose_sharedcam/eval_results.json,lego_1_n50_s42_combined_colmapcams_bothpcd_amglobal_default_c0.0_p50000_random_farthestpose_sharedcam,lego_1_n50_s42_combined_colmapcams_bothpcd_amglobal_default_c0.0_p50000_random_farthestpose_sharedcam_i50_gteval_poseopt_steps15000_val_step14999.json,46528,combined | colmapcams | bothpcd | Global Alignment | ,50.0
combined,60,42,0.0,60000,random,farthestpose,60,GT Eval,,,,Pose Opt,,,,,0.0,,colmap,,,15000,15000,default,MCMC,colmapcams,bothpcd,Global Alignment,,Shared Cam,,,,,gsplat,11.696672439575195,0.48284268379211426,0.5911158919334412,1000000,1.0750616788864136,88.47824096679688,0.170668562485693,60952,/home/ojab2/work/git/gsplat/results/combined_outputs/lego_1_n60_s42_combined_colmapcams_bothpcd_amglobal_default_c0.0_p60000_random_farthestpose_sharedcam_i60_gteval_poseopt_steps15000/stats/val_step14999.json,/home/ojab2/work/git/gsplat/results/combined_outputs/lego_1_n60_s42_combined_colmapcams_bothpcd_amglobal_default_c0.0_p60000_random_farthestpose_sharedcam_i60_gteval_poseopt_steps15000/stats/val_step14999.json,lego_1_n60_s42_combined_colmapcams_bothpcd_amglobal_default_c0.0_p60000_random_farthestpose_sharedcam_i60_gteval_poseopt_steps15000,90.7994,3.439075,56,"{'rre': [108.90482362965619, 109.00558070133859, 75.19438316353855, 75.03163763590683, 75.1584238487103, 75.17904648085279, 109.01886404548054, 75.18160325335798, 75.17452179018522, 108.9628716984824, 75.13277497446386, 108.83611053319208, 75.16470280926751, 74.7937932354071, 108.99130378416754, 108.96502641161877, 108.94433649013031, 75.20072570088196, 75.1009834163707, 108.90746989573383, 108.87421063916835, 108.75755767961867, 74.81679737937104, 75.1255365705867, 108.86480269277293, 108.99547205220291, 108.94514523314585, 75.3203810332561, 75.15856086389608, 108.7794223562504, 75.15257284197355, 108.89846331469334, 75.31664984705576, 75.12764389210808, 109.05050971310027, 75.31432682181273, 74.85941299995105, 75.12831557987168, 75.13855948653524, 108.82181007165904, 74.67871649600822, 75.11390102283852, 108.7932161362181, 108.99283056195586, 75.20738564727775, 108.98191091043597, 75.14356259627404, 108.86919211188287, 108.94386149839933, 109.00456018836682, 74.87303973384614, 108.96480897310728, 75.20173212772131, 108.95138813414805, 74.6913887673228, 75.05930426715952], 'rte': [4.50990378455571, 3.3544734797163325, 3.430405074440098, 4.559955866259201, 4.172336143869413, 3.7589220041962994, 3.0990291154678156, 2.984995465387347, 3.962914245410718, 2.8109878847901846, 4.303631975726095, 5.422084817535043, 2.98118475340149, 2.249125601421293, 3.3134064245009345, 3.718453222290548, 3.383268507144256, 2.510281073065218, 4.794590053767224, 3.456989429889099, 5.0117284151258215, 5.323783360108427, 1.970989676976426, 4.062907038647113, 4.325149271360093, 3.3175723321481567, 3.1084998805261015, 3.131191191242943, 3.9541495388267536, 4.091703899859602, 3.3350706337789053, 4.903534262430918, 2.9628292076850617, 3.3948113090736145, 3.3359506104751504, 2.91620643244983, 1.9086831358713718, 3.985057416614515, 3.187016853982461, 4.913411942502728, 2.4753817552442117, 2.6279652919193768, 3.9685744680754094, 3.104869763650816, 2.9482706905471496, 2.9377075668221377, 2.0854298384339316, 3.427607269209689, 3.1284658693068272, 2.78829738433397, 1.7550749334084184, 3.2175694101027217, 4.171636616956484, 2.9398985611976394, 2.4911539659775355, 2.603096861638124]}",/home/ojab2/work/git/vggt/combined_outputs/lego_1_n60_s42_combined_colmapcams_bothpcd_amglobal_default_c0.0_p60000_random_farthestpose_sharedcam/eval_results.json,lego_1_n60_s42_combined_colmapcams_bothpcd_amglobal_default_c0.0_p60000_random_farthestpose_sharedcam,lego_1_n60_s42_combined_colmapcams_bothpcd_amglobal_default_c0.0_p60000_random_farthestpose_sharedcam_i60_gteval_poseopt_steps15000_val_step14999.json,60952,combined | colmapcams | bothpcd | Global Alignment | ,60.0
combined,70,42,0.0,70000,random,farthestpose,70,GT Eval,,,,Pose Opt,,,,,0.0,,colmap,,,15000,15000,default,MCMC,colmapcams,bothpcd,Global Alignment,,Shared Cam,,,,,gsplat,10.831490516662598,0.5031766295433044,0.634554386138916,1000000,1.057916522026062,98.97590637207031,0.1674974848497526,77387,/home/ojab2/work/git/gsplat/results/combined_outputs/lego_1_n70_s42_combined_colmapcams_bothpcd_amglobal_default_c0.0_p70000_random_farthestpose_sharedcam_i70_gteval_poseopt_steps15000/stats/val_step14999.json,/home/ojab2/work/git/gsplat/results/combined_outputs/lego_1_n70_s42_combined_colmapcams_bothpcd_amglobal_default_c0.0_p70000_random_farthestpose_sharedcam_i70_gteval_poseopt_steps15000/stats/val_step14999.json,lego_1_n70_s42_combined_colmapcams_bothpcd_amglobal_default_c0.0_p70000_random_farthestpose_sharedcam_i70_gteval_poseopt_steps15000,76.4292,3.071785,70,"{'rre': [31.458381992000273, 31.721974168815997, 31.634460621567495, 31.65229906701107, 156.96939736544883, 156.99318619094862, 156.97110290592624, 157.0113873335482, 31.799873412581796, 157.02327556276208, 157.10070737249868, 31.70081557718611, 157.0192407158159, 31.367350627958533, 31.62118701311153, 156.99624950694843, 31.79590951676567, 31.68283659096109, 31.68850218161815, 156.9378646944609, 31.551204429508935, 31.692211704709294, 156.93491119457616, 31.67966271306473, 157.0226719367785, 31.65017330538055, 31.458956622044383, 31.520571814006605, 156.95217802062024, 31.67027193799126, 156.92249878621828, 31.717328783309295, 31.57881755895676, 31.490537722636024, 31.651604451069456, 31.69253900061257, 157.11799849334554, 31.660669708526626, 157.08296473449778, 31.389413820706277, 31.6419118006858, 156.97191988330968, 31.442908621158818, 157.21692386277977, 31.747335435444963, 156.95075490980253, 31.648371889750635, 157.12829425700596, 31.697057590502492, 157.00049618300346, 156.9703134443193, 31.4068993563823, 31.477209824147298, 33.017067296508, 31.413017254033562, 31.66919452963523, 31.685936275854086, 157.06437479622656, 31.641694712597612, 157.00463299578493, 31.669468198419494, 31.587062092697366, 31.68916756795877, 31.71510308726407, 31.65577872593132, 31.669108956760827, 157.03421946376565, 31.678827734818167, 32.0220973462408, 156.94507939782747], 'rte': [3.4249290763977376, 2.307532967015176, 2.258880475212913, 2.088701101353034, 4.638998278631124, 5.260933811812278, 4.732957188462203, 4.5445814502619255, 2.206082725162192, 4.24430136111041, 4.441331080326743, 1.5419215136063895, 4.838352535874055, 3.652166956954745, 2.7327304996625696, 4.090622267436086, 1.6196077106968234, 0.9759010326077833, 2.832463061264863, 3.0615385052048536, 2.9562378510046283, 2.9146972876262414, 3.350864290993709, 1.8753122642315887, 5.512370163818036, 2.975118306420877, 3.6495299296261647, 3.6906527164101033, 3.0359027855095166, 1.0782604811526098, 2.057215472457597, 2.1496205233296832, 2.7291482063690617, 3.4649910167995857, 2.684997647512905, 2.669641063930798, 4.68792633421726, 1.9007900031985587, 4.4366491156093755, 3.4500695205131997, 2.503451614062933, 4.487334083356972, 3.6832514664687035, 4.804512418522519, 2.216089364328439, 4.160354411446048, 2.678012033785261, 4.64444832226923, 1.1717104766368869, 4.602429334408083, 4.079928323523714, 3.6829920875777575, 1.6943032500660817, 1.4911218330519629, 3.368473817605857, 2.0114930107066322, 2.5104804357576143, 3.4345707249494977, 2.4876160697143064, 3.361422070042395, 3.0238872986328165, 1.3816339518572156, 2.692046778322207, 2.3061126607586573, 1.118357127352861, 2.718241372308683, 4.727697082789183, 2.5018669117305206, 1.7621467248033595, 2.954458391951515]}",/home/ojab2/work/git/vggt/combined_outputs/lego_1_n70_s42_combined_colmapcams_bothpcd_amglobal_default_c0.0_p70000_random_farthestpose_sharedcam/eval_results.json,lego_1_n70_s42_combined_colmapcams_bothpcd_amglobal_default_c0.0_p70000_random_farthestpose_sharedcam,lego_1_n70_s42_combined_colmapcams_bothpcd_amglobal_default_c0.0_p70000_random_farthestpose_sharedcam_i70_gteval_poseopt_steps15000_val_step14999.json,77387,combined | colmapcams | bothpcd | Global Alignment | ,70.0
combined,80,42,0.0,80000,random,farthestpose,80,GT Eval,,,,Pose Opt,,,,,0.0,,colmap,,,15000,15000,default,MCMC,colmapcams,bothpcd,Global Alignment,,Shared Cam,,,,,gsplat,10.524003982543945,0.5261210799217224,0.525784969329834,1000000,0.28947657346725464,16.30121612548828,0.08403220271196672,89496,/home/ojab2/work/git/gsplat/results/combined_outputs/lego_1_n80_s42_combined_colmapcams_bothpcd_amglobal_default_c0.0_p80000_random_farthestpose_sharedcam_i80_gteval_poseopt_steps15000/stats/val_step14999.json,/home/ojab2/work/git/gsplat/results/combined_outputs/lego_1_n80_s42_combined_colmapcams_bothpcd_amglobal_default_c0.0_p80000_random_farthestpose_sharedcam_i80_gteval_poseopt_steps15000/stats/val_step14999.json,lego_1_n80_s42_combined_colmapcams_bothpcd_amglobal_default_c0.0_p80000_random_farthestpose_sharedcam_i80_gteval_poseopt_steps15000,13.712,0.865246,80,"{'rre': [2.7723807158588762, 2.863067748227888, 2.689762200599454, 2.7217990960837186, 2.389145313440103, 2.727272118912143, 179.9399734458409, 2.613712122851455, 2.612645610351639, 2.4431778807125273, 2.861871736613302, 2.4499228357367056, 2.659510078885584, 179.3666387612869, 2.7064432251357844, 178.66657088056954, 2.7582003837328606, 2.69872378027516, 2.484196655149492, 2.5885035601052104, 2.6998879028368354, 2.788749834272994, 2.5656686069703922, 2.7382334306007956, 2.734290794461072, 2.5439294336151863, 2.6261959257908774, 2.700393221951446, 179.9180077082216, 2.714733055042126, 2.7373989009761335, 3.028084283786243, 2.560119305036151, 2.6881824645021832, 2.63536814780827, 2.6765856319937305, 2.5852591026362286, 2.8077915416916364, 2.593118753172597, 2.7800400615740273, 2.7741892089078446, 2.7359107783668715, 2.367267015401918, 2.6848015680383024, 2.6790974916764867, 179.02791005194226, 2.7869515665647824, 2.685257205826656, 2.4464979717285185, 2.7831923595273205, 2.4035359919707724, 2.704683623606177, 2.5774470607579096, 2.64275225221068, 2.4334718336678907, 2.6602354895679454, 2.616898045956116, 2.579948870291644, 2.7927515119925337, 2.7897047119817477, 2.6335309968820177, 2.7719991726907094, 2.6795744588280863, 2.7805020726370313, 2.532120950831873, 2.7239431180400273, 2.748530558197223, 2.596315197686812, 2.834043747477858, 2.6248307058151763, 2.6589550214281137, 2.7578694481892803, 2.7944398353327444, 2.66252306742646, 2.658991839346454, 2.687994082895499, 2.4257289229625583, 2.8031214930185744, 2.703866925462131, 2.574559241477397], 'rte': [0.5892171647711261, 0.8128343954970373, 0.2826924311740246, 0.35983420231645585, 0.551664297336651, 0.5153958005396123, 6.228683198749304, 0.3582473169770903, 0.21027555940247414, 0.40774476708235685, 0.7750768932683058, 0.4603302286202431, 0.4781225932722343, 5.622373382373413, 0.6703424891260611, 6.625841098724045, 0.4915342843473355, 0.41703487577667764, 0.4146841733552042, 0.6854111639514904, 0.5160377166982506, 0.8020659246865907, 0.31028400212035406, 0.5909624638191098, 0.7101363887188319, 0.33326243973345754, 0.20601614670802082, 0.31676278847542655, 6.542538475069838, 0.7088657628399263, 0.5707996861633712, 0.5411072864484472, 0.25918285738825075, 0.5449175925412935, 0.5095470409587551, 0.248822216180206, 0.20530956930524086, 0.622301848016647, 0.30324171815456685, 0.6416929691694788, 0.823515107671052, 0.6872590697296823, 0.5930506203103862, 0.2704536158135702, 0.5537663655500066, 5.898386778670737, 0.6926193901922569, 0.35788600744244403, 0.4829305543776783, 0.5994851577689857, 0.6360514529171907, 0.4851821073161714, 0.3196427499065233, 0.829807944331712, 0.5887079107526352, 0.577194414929696, 0.33808634151908357, 0.35566122747940154, 0.5964197863329759, 0.6288068615643687, 0.11469035423425744, 0.6961706733198737, 0.3046473824598812, 0.7758899207587552, 0.2108752234667586, 0.33731443732988936, 0.7183345134280715, 0.441672910330263, 0.8031211309886094, 0.3051292728806137, 0.5660287782933253, 0.7105084169260998, 0.7129345706265193, 0.5716733298175954, 0.5464226764893619, 0.6484393340133834, 0.44088192545812843, 0.7100612323134184, 0.6412538096375457, 0.207548724573177]}",/home/ojab2/work/git/vggt/combined_outputs/lego_1_n80_s42_combined_colmapcams_bothpcd_amglobal_default_c0.0_p80000_random_farthestpose_sharedcam/eval_results.json,lego_1_n80_s42_combined_colmapcams_bothpcd_amglobal_default_c0.0_p80000_random_farthestpose_sharedcam,lego_1_n80_s42_combined_colmapcams_bothpcd_amglobal_default_c0.0_p80000_random_farthestpose_sharedcam_i80_gteval_poseopt_steps15000_val_step14999.json,89496,combined | colmapcams | bothpcd | Global Alignment | ,80.0
combined,87,42,0.0,87000,random,farthestpose,,,,,,,,,,,0.0,,vggt,,,,,default,MCMC,colmapcams,bothpcd,Global Alignment,,Shared Cam,,,,,sfm,,,,,,,,,/home/ojab2/work/git/vggt/combined_outputs/lego_1_n87_s42_combined_colmapcams_bothpcd_amglobal_default_c0.0_p87000_random_farthestpose_sharedcam/eval_results.json,,lego_1_n87_s42_combined_colmapcams_bothpcd_amglobal_default_c0.0_p87000_random_farthestpose_sharedcam,12.7941,0.784629,87,"{'rre': [2.8125052263355794, 2.861514881104509, 2.708356922479344, 2.731301662421618, 2.3925702947248824, 2.722057818694585, 179.23816131655263, 2.500385856209345, 2.6294026890035553, 2.4313211552145497, 2.908020388928903, 2.4863210524090658, 2.6829003426648965, 178.87125361892421, 2.584374472069475, 178.24902152615348, 2.830674889397041, 2.721314412838678, 2.4832593055900247, 2.583576807591771, 2.703847605513869, 2.71117071504642, 2.7554833100808085, 2.515096417034729, 2.7576823376091557, 2.772609835392147, 2.5415239153870584, 2.609251316666384, 2.7149928541317148, 179.22561457272568, 2.7536509774578666, 2.8056487239085137, 3.0714019009042026, 2.497327338820031, 2.631292031548252, 2.577283968777546, 2.6686947839335895, 2.653729339034708, 2.5949105607906167, 2.7791290294754116, 2.6352527942273696, 2.801540689172982, 2.834626464995691, 2.7864728831594987, 2.3781013488368394, 2.739784007359273, 2.6845709680861183, 2.6847241521142022, 178.56572475587384, 2.819287216427665, 2.6999003141866362, 2.733182089894469, 2.444577645916223, 2.8254942047772165, 2.4071336700934416, 2.7086817010355495, 2.528949171923523, 2.6913578392306956, 2.695046252887517, 2.444645860919716, 2.6578485578834385, 2.5883659768507763, 2.53449433952476, 2.8325219723633017, 2.6927027298727855, 2.655857405652439, 2.8190165347829756, 2.7043332592785245, 2.7929369373043733, 2.515463858137073, 2.7376075040551244, 2.752928407044171, 2.577890831409277, 2.8938558062683293, 2.5850494516765687, 2.6474417524786125, 2.6688229386430393, 2.7846919916521755, 2.8192858100163636, 2.7057756022659043, 2.6994236896673507, 2.6375064927450422, 2.715159238151584, 2.390553850275569, 2.8032949909205285, 2.4511320811505866, 2.549228170788176], 'rte': [0.5395539819899566, 0.7583987793996974, 0.24914185086072566, 0.318372428551498, 0.5122176637661657, 0.46846389470703464, 6.19308859335009, 0.34231725383563133, 0.1819040664304068, 0.3857386079165618, 0.7198010606892563, 0.4261942404865425, 0.43662984814826367, 5.529797076494643, 0.6251677105012741, 6.5794254751142764, 0.4564039066074996, 0.37652885972289046, 0.3844992768754733, 0.6378281896814606, 0.47254777905032075, 0.39988004124180715, 0.7445129557899934, 0.2900141166231839, 0.5405010958854881, 0.6521633260392252, 0.31121066060168356, 0.1773958517370519, 0.2777838827049031, 6.52521370863186, 0.6507070418596675, 0.5248849758104815, 0.5021464907275089, 0.24343414841602035, 0.5005114089048194, 0.47391693143291813, 0.21512943482667599, 0.3361076705172131, 0.1837284274187233, 0.5704955983576693, 0.2773432304374398, 0.5905771748439239, 0.7654345976854282, 0.6298673408468032, 0.5503820899251127, 0.3257349455277307, 0.2353897998927497, 0.5038589347103015, 5.806314183373199, 0.6381600062921166, 0.3193195572527533, 0.38427721051928865, 0.44835416450772425, 0.5525629119077146, 0.5926047127759665, 0.43756950181016485, 0.3028065501241917, 0.7718972704094974, 0.3008550969758457, 0.544537687204893, 0.5349205726705265, 0.32846235940529916, 0.3338727006028474, 0.5497473123399296, 0.5893477593932711, 0.09183978675294466, 0.6405576430350388, 0.2666159553115794, 0.7180296773166768, 0.20483015590044437, 0.296132815594928, 0.6614731000105617, 0.4108614639738854, 0.7445810854530434, 0.2817869298946023, 0.5189647198701706, 0.2761330147480795, 0.6533851295137926, 0.6564959919105827, 0.31589115363932296, 0.5258735888138915, 0.5008467410030348, 0.5931882529091728, 0.41841738303870346, 0.654229710938894, 0.6094785237529764, 0.19519605379260074]}",/home/ojab2/work/git/vggt/combined_outputs/lego_1_n87_s42_combined_colmapcams_bothpcd_amglobal_default_c0.0_p87000_random_farthestpose_sharedcam/eval_results.json,lego_1_n87_s42_combined_colmapcams_bothpcd_amglobal_default_c0.0_p87000_random_farthestpose_sharedcam,,,combined | colmapcams | bothpcd | Global Alignment | ,87.0
combined,20,42,0.0,20000,random,farthestpose,20,GT Eval,,,,Pose Opt,,,,,0.0,,colmap,,,15000,15000,default,MCMC,colmapcams,bothpcd,Local Alignment,,Shared Cam,Fallback Cams,,,,gsplat,14.002992630004883,0.3309245705604553,0.6172448992729187,1000000,0.02874860353767872,8.46187686920166,0.3224349299989171,20090,/home/ojab2/work/git/gsplat/results/combined_outputs/lego_1_n20_s42_combined_colmapcams_bothpcd_amlocal_fallbackcams_default_c0.0_p20000_random_farthestpose_sharedcam_i20_gteval_poseopt_steps15000/stats/val_step14999.json,/home/ojab2/work/git/gsplat/results/combined_outputs/lego_1_n20_s42_combined_colmapcams_bothpcd_amlocal_fallbackcams_default_c0.0_p20000_random_farthestpose_sharedcam_i20_gteval_poseopt_steps15000/stats/val_step14999.json,lego_1_n20_s42_combined_colmapcams_bothpcd_amlocal_fallbackcams_default_c0.0_p20000_random_farthestpose_sharedcam_i20_gteval_poseopt_steps15000,14.824,0.141192,20,"{'rre': [0.9212606582176336, 0.9493231247317702, 4.5067798359393025, 2.143795949397384, 1.2122270236731294, 1.4316177875395115, 2.92192454675059, 3.666175981193821, 1.826563282414013, 0.9009628538528811, 86.52109397762032, 1.522480458071986, 3.3905555086245767, 2.2563192217012586, 85.89179027425574, 1.877159345954564, 2.786576772702323, 86.12471979082446, 1.981863278082294, 3.6465619456507667], 'rte': [0.05764113365296506, 0.10789453890024517, 0.24482131039839503, 0.10745733085043051, 0.0708711431847855, 0.09888821770413604, 0.11367987188824459, 0.22002438189821477, 0.12649876894265144, 0.0694555778154476, 0.1068774961076555, 0.15444705629959918, 0.272584461545373, 0.11772473406279588, 0.17282432009103257, 0.12980168850332766, 0.21903717013245064, 0.13632050559269876, 0.11331226846812745, 0.1836724000477818]}",/home/ojab2/work/git/vggt/combined_outputs/lego_1_n20_s42_combined_colmapcams_bothpcd_amlocal_fallbackcams_default_c0.0_p20000_random_farthestpose_sharedcam/eval_results.json,lego_1_n20_s42_combined_colmapcams_bothpcd_amlocal_fallbackcams_default_c0.0_p20000_random_farthestpose_sharedcam,lego_1_n20_s42_combined_colmapcams_bothpcd_amlocal_fallbackcams_default_c0.0_p20000_random_farthestpose_sharedcam_i20_gteval_poseopt_steps15000_val_step14999.json,20090,combined | colmapcams | bothpcd | Local Alignment | Fallback Cams,20.0
combined,30,42,0.0,30000,random,farthestpose,30,GT Eval,,,,Pose Opt,,,,,0.0,,colmap,,,15000,15000,default,MCMC,colmapcams,bothpcd,Local Alignment,,Shared Cam,Fallback Cams,,,,gsplat,12.571653366088867,0.4809719920158386,0.5262316465377808,1000000,0.9008223414421082,57.318870544433594,0.15008265783137667,31259,/home/ojab2/work/git/gsplat/results/combined_outputs/lego_1_n30_s42_combined_colmapcams_bothpcd_amlocal_fallbackcams_default_c0.0_p30000_random_farthestpose_sharedcam_i30_gteval_poseopt_steps15000/stats/val_step14999.json,/home/ojab2/work/git/gsplat/results/combined_outputs/lego_1_n30_s42_combined_colmapcams_bothpcd_amlocal_fallbackcams_default_c0.0_p30000_random_farthestpose_sharedcam_i30_gteval_poseopt_steps15000/stats/val_step14999.json,lego_1_n30_s42_combined_colmapcams_bothpcd_amlocal_fallbackcams_default_c0.0_p30000_random_farthestpose_sharedcam_i30_gteval_poseopt_steps15000,46.6839,2.815385,30,"{'rre': [66.72439407520302, 1.7499727873004849, 115.426809690785, 76.84877462722598, 55.032672880479865, 65.7731361168425, 112.7510240373241, 1.88239062243163, 3.6843537384581886, 63.429093797673396, 115.44538675250341, 63.484048462915624, 1.56627961820545, 2.045890240545732, 63.60619431560566, 63.46763853389956, 0.6406337442696289, 113.9758221290834, 63.67225626030621, 2.666084186061094, 3.183635871257422, 63.47887320566051, 4.010429961400117, 74.87019458720391, 2.5486341052884645, 4.44884349157432, 63.645178341847874, 63.45764609484936, 62.472645077300236, 4.529107589827658], 'rte': [6.099325052965388, 2.4692554180725557, 2.8973466183891445, 3.1513076227355046, 2.113793712181079, 5.283378281607824, 4.260756610595834, 2.4695909426691447, 2.227227375348002, 3.038346978873923, 2.986605297244569, 0.39558791286921124, 2.4303965768276545, 2.4722481267584415, 2.6052438147872374, 4.221908790628252, 2.4272897278798644, 3.5593310969828043, 1.4413172440254534, 2.4402103870967955, 2.444456487379026, 4.375261248787085, 2.386806181273966, 2.9932378449697876, 2.439791774108565, 2.3042086481267194, 1.0668850768221585, 2.346440673960979, 2.796060013243965, 2.3179307543003382]}",/home/ojab2/work/git/vggt/combined_outputs/lego_1_n30_s42_combined_colmapcams_bothpcd_amlocal_fallbackcams_default_c0.0_p30000_random_farthestpose_sharedcam/eval_results.json,lego_1_n30_s42_combined_colmapcams_bothpcd_amlocal_fallbackcams_default_c0.0_p30000_random_farthestpose_sharedcam,lego_1_n30_s42_combined_colmapcams_bothpcd_amlocal_fallbackcams_default_c0.0_p30000_random_farthestpose_sharedcam_i30_gteval_poseopt_steps15000_val_step14999.json,31259,combined | colmapcams | bothpcd | Local Alignment | Fallback Cams,30.0
combined,40,42,0.0,40000,random,farthestpose,40,GT Eval,,,,Pose Opt,,,,,0.0,,colmap,,,15000,15000,default,MCMC,colmapcams,bothpcd,Local Alignment,,Shared Cam,Fallback Cams,,,,gsplat,11.89973258972168,0.5756075978279114,0.3898170292377472,1000000,0.8289026021957397,131.19300842285156,-0.000551990133512259,42398,/home/ojab2/work/git/gsplat/results/combined_outputs/lego_1_n40_s42_combined_colmapcams_bothpcd_amlocal_fallbackcams_default_c0.0_p40000_random_farthestpose_sharedcam_i40_gteval_poseopt_steps15000/stats/val_step14999.json,/home/ojab2/work/git/gsplat/results/combined_outputs/lego_1_n40_s42_combined_colmapcams_bothpcd_amlocal_fallbackcams_default_c0.0_p40000_random_farthestpose_sharedcam_i40_gteval_poseopt_steps15000/stats/val_step14999.json,lego_1_n40_s42_combined_colmapcams_bothpcd_amlocal_fallbackcams_default_c0.0_p40000_random_farthestpose_sharedcam_i40_gteval_poseopt_steps15000,136.0307,3.676437,40,"{'rre': [159.16541276282183, 159.30439287121018, 152.18784641973753, 149.36796540796368, 152.44503928207908, 152.31411027802645, 161.02910115564316, 152.2645683166614, 149.18570758334687, 3.154717832593273, 149.56082014171932, 159.1586035810176, 3.590352649131735, 2.9385739462549765, 155.44934495573594, 161.7195310940673, 149.07258635096602, 160.8107500921122, 159.22954607795134, 159.1819669442945, 149.640287044571, 159.18213799189525, 156.02738291665887, 152.2084619057396, 149.20896510382758, 158.96928040511747, 152.25699637329149, 159.14831161045728, 152.2428361993614, 152.2913079349514, 155.8806207598993, 152.27290874030246, 152.47998768173738, 159.16095049223247, 2.628895705278853, 159.02675341438754, 158.53444032565253, 154.0562294502375, 152.20962862614232, 2.6714728146988724], 'rte': [4.050157266429218, 3.297651680158777, 3.3703883103912955, 4.168628062393609, 4.133943588461242, 3.6121490503262303, 2.9986011712359724, 3.4916194668852074, 4.1452359726470505, 3.2244756024443175, 4.513786852512153, 3.2281916765336773, 3.086086025403247, 3.400244555589146, 3.182375773275949, 3.540077281875768, 4.44324441832422, 3.580232981682001, 3.9314340713380127, 3.5095471844025865, 2.881664350085717, 4.228979191087016, 3.2680336726415877, 3.5493235373382435, 4.27466354411266, 4.296741105938387, 3.3623376806374137, 4.141956086466717, 3.8650205801399564, 3.7115987329794007, 3.2931787129042642, 3.701764166863239, 4.011372167656317, 4.128824062582282, 3.5349330416370317, 4.180416705638091, 2.951063753995876, 3.278493334054512, 3.928613159372025, 3.560434255768331]}",/home/ojab2/work/git/vggt/combined_outputs/lego_1_n40_s42_combined_colmapcams_bothpcd_amlocal_fallbackcams_default_c0.0_p40000_random_farthestpose_sharedcam/eval_results.json,lego_1_n40_s42_combined_colmapcams_bothpcd_amlocal_fallbackcams_default_c0.0_p40000_random_farthestpose_sharedcam,lego_1_n40_s42_combined_colmapcams_bothpcd_amlocal_fallbackcams_default_c0.0_p40000_random_farthestpose_sharedcam_i40_gteval_poseopt_steps15000_val_step14999.json,42398,combined | colmapcams | bothpcd | Local Alignment | Fallback Cams,40.0
combined,50,42,0.0,50000,random,farthestpose,50,GT Eval,,,,Pose Opt,,,,,0.0,,colmap,,,15000,15000,default,MCMC,colmapcams,bothpcd,Local Alignment,,Shared Cam,Fallback Cams,,,,gsplat,12.38315486907959,0.4898286461830139,0.49083828926086426,1000000,1.1861785650253296,158.09161376953125,0.12042700469764969,53914,/home/ojab2/work/git/gsplat/results/combined_outputs/lego_1_n50_s42_combined_colmapcams_bothpcd_amlocal_fallbackcams_default_c0.0_p50000_random_farthestpose_sharedcam_i50_gteval_poseopt_steps15000/stats/val_step14999.json,/home/ojab2/work/git/gsplat/results/combined_outputs/lego_1_n50_s42_combined_colmapcams_bothpcd_amlocal_fallbackcams_default_c0.0_p50000_random_farthestpose_sharedcam_i50_gteval_poseopt_steps15000/stats/val_step14999.json,lego_1_n50_s42_combined_colmapcams_bothpcd_amlocal_fallbackcams_default_c0.0_p50000_random_farthestpose_sharedcam_i50_gteval_poseopt_steps15000,147.0024,3.561043,50,"{'rre': [171.042594068417, 170.7264144219745, 0.3956382237649088, 170.70902757854657, 170.91387871138602, 170.7623319925701, 170.74038211419074, 170.71838609949762, 170.75285934345126, 170.8152702041415, 170.78558020677247, 170.7901137113146, 171.01753683149153, 0.6366096291088016, 170.73454618410167, 0.9189264090761795, 170.71026976397138, 170.8492526851578, 170.77740509963851, 170.79056189048606, 170.81408089775792, 170.97366664296197, 170.96345261853477, 171.34119808595833, 170.9642695410667, 170.76350214381438, 170.7004744021702, 170.68091197617088, 170.95065689626722, 0.4499243762580689, 170.73477527828584, 171.0311740443463, 170.67748118301597, 170.726578992617, 170.79068333364717, 170.75158876771306, 0.7181428128339612, 170.85157825080458, 170.73233045458392, 170.95299917487327, 0.9781506627171087, 170.9037441689312, 170.7133828617082, 170.7654897411055, 170.7266339032971, 170.72362414502993, 170.74512174802047, 170.6928249065136, 170.70551375480574, 1.007381260183943], 'rte': [3.938010681091203, 2.9494447483274935, 2.796249941905721, 3.721956620603464, 4.68196878560593, 4.1013410892785656, 3.5199942788944676, 2.5754228698321664, 3.267202990235067, 4.420962408539976, 3.382894080918019, 4.601093954814645, 2.9450685271603074, 2.9947497526170186, 3.1797706217915027, 3.3095653318497114, 3.164584071427181, 3.7161706790337874, 3.512872464110384, 4.929312585040139, 3.6139488305366756, 3.71516768662339, 3.246933438636705, 3.6944266262615177, 4.19699256760884, 2.9877626146554483, 3.9229316680143587, 4.398204442820196, 4.317891226666951, 2.8783772839508703, 3.3593630340398244, 3.9748912825975693, 4.324332303773868, 3.3317616833524784, 3.0027357286951615, 3.948801484528691, 2.9684012848525905, 3.872817931898188, 3.1916243930630515, 3.9591161671368242, 3.492535425663277, 4.217593278719629, 2.648518134687106, 3.484281924508271, 2.768188190014841, 3.5396125100280083, 3.1287319607425306, 2.5498690827911012, 4.086692602745841, 3.521001787887045]}",/home/ojab2/work/git/vggt/combined_outputs/lego_1_n50_s42_combined_colmapcams_bothpcd_amlocal_fallbackcams_default_c0.0_p50000_random_farthestpose_sharedcam/eval_results.json,lego_1_n50_s42_combined_colmapcams_bothpcd_amlocal_fallbackcams_default_c0.0_p50000_random_farthestpose_sharedcam,lego_1_n50_s42_combined_colmapcams_bothpcd_amlocal_fallbackcams_default_c0.0_p50000_random_farthestpose_sharedcam_i50_gteval_poseopt_steps15000_val_step14999.json,53914,combined | colmapcams | bothpcd | Local Alignment | Fallback Cams,50.0
combined,60,42,0.0,60000,random,farthestpose,60,GT Eval,,,,Pose Opt,,,,,0.0,,colmap,,,15000,15000,default,MCMC,colmapcams,bothpcd,Local Alignment,,Shared Cam,Fallback Cams,,,,gsplat,13.002989768981934,0.4469826817512512,0.519625186920166,1000000,1.0705475807189941,82.38068389892578,0.17518799803797652,65276,/home/ojab2/work/git/gsplat/results/combined_outputs/lego_1_n60_s42_combined_colmapcams_bothpcd_amlocal_fallbackcams_default_c0.0_p60000_random_farthestpose_sharedcam_i60_gteval_poseopt_steps15000/stats/val_step14999.json,/home/ojab2/work/git/gsplat/results/combined_outputs/lego_1_n60_s42_combined_colmapcams_bothpcd_amlocal_fallbackcams_default_c0.0_p60000_random_farthestpose_sharedcam_i60_gteval_poseopt_steps15000/stats/val_step14999.json,lego_1_n60_s42_combined_colmapcams_bothpcd_amlocal_fallbackcams_default_c0.0_p60000_random_farthestpose_sharedcam_i60_gteval_poseopt_steps15000,84.7757,3.412263,60,"{'rre': [108.85412619312208, 108.9548402874227, 0.4312246760475919, 75.22601913935948, 75.06370825449304, 75.19021301571472, 75.21074523335699, 108.96811645505882, 75.21335336799227, 75.20650077792713, 108.91224955418768, 75.16468349093836, 108.78542806040736, 0.6641431661230787, 75.1964347673502, 74.82598660237696, 108.94051747751084, 108.91424083695885, 108.8935373937347, 75.23239466422463, 75.13289700980611, 108.85667936276732, 108.82348302811174, 108.70686743431, 74.84903842137544, 75.157942560951, 108.81406669187892, 108.94469638362378, 108.89433955504413, 75.35202547911902, 0.47289271355662077, 75.19047597191191, 108.72870023238976, 0.5722820816875699, 75.18427235293585, 108.84778888268268, 75.34843679952252, 75.15940170729606, 108.9997322363185, 75.34606448042032, 74.89161014265856, 75.16011981308687, 75.17031722098356, 108.77109555061396, 74.71085901650316, 75.14582946164418, 108.74247893708868, 108.94204122595585, 75.23922538684145, 108.93110850639198, 75.1754553024366, 108.81842127293929, 108.89306530611043, 108.95374974667277, 74.90510555933133, 108.91401716988548, 75.23337543072877, 108.90058716190374, 74.72350042147447, 75.09123285178272], 'rte': [4.387781973405317, 3.524733855726316, 2.7593249573530723, 3.5462173005459157, 4.5020858168541045, 4.222260289209221, 3.8359442355724385, 3.2484773480504954, 3.0821212314083537, 3.9080884686295665, 2.9938351199870294, 4.299219136999443, 5.3127404254108725, 3.002253611377917, 3.0640091080283556, 2.3411694741280913, 3.3704796394773546, 3.6045278518267194, 3.3396950882874883, 2.5519761141108037, 4.749314960700825, 3.4066526556385575, 4.891434095857469, 5.210388139532195, 2.0448012849798616, 3.9557246737021625, 4.213837695363157, 3.424499048796637, 3.0761288511131246, 3.2581694106828945, 2.5107646326872888, 3.920284418197146, 3.9996860681597557, 2.862833150338191, 3.43769867088527, 4.7838589057393675, 3.0974996650958073, 3.4480150670200516, 3.4489185207691793, 3.0438879814284396, 1.9775323365049526, 4.0338122816272595, 3.252127974048046, 4.793595191058189, 2.601473292161063, 2.522005574908941, 3.883473923303219, 3.193156413299654, 2.952443183209534, 2.963892884458668, 2.1461703310647513, 3.4528867074977514, 3.115294864929491, 2.841276686929229, 1.7725697193496563, 3.145328234003276, 4.244892145398054, 2.9562643494088223, 2.618450981956901, 2.5877789884676505]}",/home/ojab2/work/git/vggt/combined_outputs/lego_1_n60_s42_combined_colmapcams_bothpcd_amlocal_fallbackcams_default_c0.0_p60000_random_farthestpose_sharedcam/eval_results.json,lego_1_n60_s42_combined_colmapcams_bothpcd_amlocal_fallbackcams_default_c0.0_p60000_random_farthestpose_sharedcam,lego_1_n60_s42_combined_colmapcams_bothpcd_amlocal_fallbackcams_default_c0.0_p60000_random_farthestpose_sharedcam_i60_gteval_poseopt_steps15000_val_step14999.json,65276,combined | colmapcams | bothpcd | Local Alignment | Fallback Cams,60.0
combined,70,42,0.0,70000,random,farthestpose,70,GT Eval,,,,Pose Opt,,,,,0.0,,colmap,,,15000,15000,default,MCMC,colmapcams,bothpcd,Local Alignment,,Shared Cam,Fallback Cams,,,,gsplat,10.290671348571777,0.6463080644607544,0.35538625717163086,1000000,1.0587306022644043,98.93052673339844,-0.09412663830341331,77387,/home/ojab2/work/git/gsplat/results/combined_outputs/lego_1_n70_s42_combined_colmapcams_bothpcd_amlocal_fallbackcams_default_c0.0_p70000_random_farthestpose_sharedcam_i70_gteval_poseopt_steps15000/stats/val_step14999.json,/home/ojab2/work/git/gsplat/results/combined_outputs/lego_1_n70_s42_combined_colmapcams_bothpcd_amlocal_fallbackcams_default_c0.0_p70000_random_farthestpose_sharedcam_i70_gteval_poseopt_steps15000/stats/val_step14999.json,lego_1_n70_s42_combined_colmapcams_bothpcd_amlocal_fallbackcams_default_c0.0_p70000_random_farthestpose_sharedcam_i70_gteval_poseopt_steps15000,76.4292,3.071785,70,"{'rre': [31.458381992000273, 31.721974168815997, 31.634460621567495, 31.65229906701107, 156.96939736544883, 156.99318619094862, 156.97110290592624, 157.0113873335482, 31.799873412581796, 157.02327556276208, 157.10070737249868, 31.70081557718611, 157.0192407158159, 31.367350627958533, 31.62118701311153, 156.99624950694843, 31.79590951676567, 31.68283659096109, 31.68850218161815, 156.9378646944609, 31.551204429508935, 31.692211704709294, 156.93491119457616, 31.67966271306473, 157.0226719367785, 31.65017330538055, 31.458956622044383, 31.520571814006605, 156.95217802062024, 31.67027193799126, 156.92249878621828, 31.717328783309295, 31.57881755895676, 31.490537722636024, 31.651604451069456, 31.69253900061257, 157.11799849334554, 31.660669708526626, 157.08296473449778, 31.389413820706277, 31.6419118006858, 156.97191988330968, 31.442908621158818, 157.21692386277977, 31.747335435444963, 156.95075490980253, 31.648371889750635, 157.12829425700596, 31.697057590502492, 157.00049618300346, 156.9703134443193, 31.4068993563823, 31.477209824147298, 33.017067296508, 31.413017254033562, 31.66919452963523, 31.685936275854086, 157.06437479622656, 31.641694712597612, 157.00463299578493, 31.669468198419494, 31.587062092697366, 31.68916756795877, 31.71510308726407, 31.65577872593132, 31.669108956760827, 157.03421946376565, 31.678827734818167, 32.0220973462408, 156.94507939782747], 'rte': [3.4249290763977376, 2.307532967015176, 2.258880475212913, 2.088701101353034, 4.638998278631124, 5.260933811812278, 4.732957188462203, 4.5445814502619255, 2.206082725162192, 4.24430136111041, 4.441331080326743, 1.5419215136063895, 4.838352535874055, 3.652166956954745, 2.7327304996625696, 4.090622267436086, 1.6196077106968234, 0.9759010326077833, 2.832463061264863, 3.0615385052048536, 2.9562378510046283, 2.9146972876262414, 3.350864290993709, 1.8753122642315887, 5.512370163818036, 2.975118306420877, 3.6495299296261647, 3.6906527164101033, 3.0359027855095166, 1.0782604811526098, 2.057215472457597, 2.1496205233296832, 2.7291482063690617, 3.4649910167995857, 2.684997647512905, 2.669641063930798, 4.68792633421726, 1.9007900031985587, 4.4366491156093755, 3.4500695205131997, 2.503451614062933, 4.487334083356972, 3.6832514664687035, 4.804512418522519, 2.216089364328439, 4.160354411446048, 2.678012033785261, 4.64444832226923, 1.1717104766368869, 4.602429334408083, 4.079928323523714, 3.6829920875777575, 1.6943032500660817, 1.4911218330519629, 3.368473817605857, 2.0114930107066322, 2.5104804357576143, 3.4345707249494977, 2.4876160697143064, 3.361422070042395, 3.0238872986328165, 1.3816339518572156, 2.692046778322207, 2.3061126607586573, 1.118357127352861, 2.718241372308683, 4.727697082789183, 2.5018669117305206, 1.7621467248033595, 2.954458391951515]}",/home/ojab2/work/git/vggt/combined_outputs/lego_1_n70_s42_combined_colmapcams_bothpcd_amlocal_fallbackcams_default_c0.0_p70000_random_farthestpose_sharedcam/eval_results.json,lego_1_n70_s42_combined_colmapcams_bothpcd_amlocal_fallbackcams_default_c0.0_p70000_random_farthestpose_sharedcam,lego_1_n70_s42_combined_colmapcams_bothpcd_amlocal_fallbackcams_default_c0.0_p70000_random_farthestpose_sharedcam_i70_gteval_poseopt_steps15000_val_step14999.json,77387,combined | colmapcams | bothpcd | Local Alignment | Fallback Cams,70.0
combined,80,42,0.0,80000,random,farthestpose,80,GT Eval,,,,Pose Opt,,,,,0.0,,colmap,,,15000,15000,default,MCMC,colmapcams,bothpcd,Local Alignment,,Shared Cam,Fallback Cams,,,,gsplat,10.606630325317383,0.5250204205513,0.5259696841239929,1000000,0.28973227739334106,16.309574127197266,0.08634975988265373,89496,/home/ojab2/work/git/gsplat/results/combined_outputs/lego_1_n80_s42_combined_colmapcams_bothpcd_amlocal_fallbackcams_default_c0.0_p80000_random_farthestpose_sharedcam_i80_gteval_poseopt_steps15000/stats/val_step14999.json,/home/ojab2/work/git/gsplat/results/combined_outputs/lego_1_n80_s42_combined_colmapcams_bothpcd_amlocal_fallbackcams_default_c0.0_p80000_random_farthestpose_sharedcam_i80_gteval_poseopt_steps15000/stats/val_step14999.json,lego_1_n80_s42_combined_colmapcams_bothpcd_amlocal_fallbackcams_default_c0.0_p80000_random_farthestpose_sharedcam_i80_gteval_poseopt_steps15000,13.712,0.865246,80,"{'rre': [2.7723807158588762, 2.863067748227888, 2.689762200599454, 2.7217990960837186, 2.389145313440103, 2.727272118912143, 179.9399734458409, 2.613712122851455, 2.612645610351639, 2.4431778807125273, 2.861871736613302, 2.4499228357367056, 2.659510078885584, 179.3666387612869, 2.7064432251357844, 178.66657088056954, 2.7582003837328606, 2.69872378027516, 2.484196655149492, 2.5885035601052104, 2.6998879028368354, 2.788749834272994, 2.5656686069703922, 2.7382334306007956, 2.734290794461072, 2.5439294336151863, 2.6261959257908774, 2.700393221951446, 179.9180077082216, 2.714733055042126, 2.7373989009761335, 3.028084283786243, 2.560119305036151, 2.6881824645021832, 2.63536814780827, 2.6765856319937305, 2.5852591026362286, 2.8077915416916364, 2.593118753172597, 2.7800400615740273, 2.7741892089078446, 2.7359107783668715, 2.367267015401918, 2.6848015680383024, 2.6790974916764867, 179.02791005194226, 2.7869515665647824, 2.685257205826656, 2.4464979717285185, 2.7831923595273205, 2.4035359919707724, 2.704683623606177, 2.5774470607579096, 2.64275225221068, 2.4334718336678907, 2.6602354895679454, 2.616898045956116, 2.579948870291644, 2.7927515119925337, 2.7897047119817477, 2.6335309968820177, 2.7719991726907094, 2.6795744588280863, 2.7805020726370313, 2.532120950831873, 2.7239431180400273, 2.748530558197223, 2.596315197686812, 2.834043747477858, 2.6248307058151763, 2.6589550214281137, 2.7578694481892803, 2.7944398353327444, 2.66252306742646, 2.658991839346454, 2.687994082895499, 2.4257289229625583, 2.8031214930185744, 2.703866925462131, 2.574559241477397], 'rte': [0.5892171647711261, 0.8128343954970373, 0.2826924311740246, 0.35983420231645585, 0.551664297336651, 0.5153958005396123, 6.228683198749304, 0.3582473169770903, 0.21027555940247414, 0.40774476708235685, 0.7750768932683058, 0.4603302286202431, 0.4781225932722343, 5.622373382373413, 0.6703424891260611, 6.625841098724045, 0.4915342843473355, 0.41703487577667764, 0.4146841733552042, 0.6854111639514904, 0.5160377166982506, 0.8020659246865907, 0.31028400212035406, 0.5909624638191098, 0.7101363887188319, 0.33326243973345754, 0.20601614670802082, 0.31676278847542655, 6.542538475069838, 0.7088657628399263, 0.5707996861633712, 0.5411072864484472, 0.25918285738825075, 0.5449175925412935, 0.5095470409587551, 0.248822216180206, 0.20530956930524086, 0.622301848016647, 0.30324171815456685, 0.6416929691694788, 0.823515107671052, 0.6872590697296823, 0.5930506203103862, 0.2704536158135702, 0.5537663655500066, 5.898386778670737, 0.6926193901922569, 0.35788600744244403, 0.4829305543776783, 0.5994851577689857, 0.6360514529171907, 0.4851821073161714, 0.3196427499065233, 0.829807944331712, 0.5887079107526352, 0.577194414929696, 0.33808634151908357, 0.35566122747940154, 0.5964197863329759, 0.6288068615643687, 0.11469035423425744, 0.6961706733198737, 0.3046473824598812, 0.7758899207587552, 0.2108752234667586, 0.33731443732988936, 0.7183345134280715, 0.441672910330263, 0.8031211309886094, 0.3051292728806137, 0.5660287782933253, 0.7105084169260998, 0.7129345706265193, 0.5716733298175954, 0.5464226764893619, 0.6484393340133834, 0.44088192545812843, 0.7100612323134184, 0.6412538096375457, 0.207548724573177]}",/home/ojab2/work/git/vggt/combined_outputs/lego_1_n80_s42_combined_colmapcams_bothpcd_amlocal_fallbackcams_default_c0.0_p80000_random_farthestpose_sharedcam/eval_results.json,lego_1_n80_s42_combined_colmapcams_bothpcd_amlocal_fallbackcams_default_c0.0_p80000_random_farthestpose_sharedcam,lego_1_n80_s42_combined_colmapcams_bothpcd_amlocal_fallbackcams_default_c0.0_p80000_random_farthestpose_sharedcam_i80_gteval_poseopt_steps15000_val_step14999.json,89496,combined | colmapcams | bothpcd | Local Alignment | Fallback Cams,80.0
combined,87,42,0.0,87000,random,farthestpose,,,,,,,,,,,0.0,,vggt,,,,,default,MCMC,colmapcams,bothpcd,Local Alignment,,Shared Cam,Fallback Cams,,,,sfm,,,,,,,,,/home/ojab2/work/git/vggt/combined_outputs/lego_1_n87_s42_combined_colmapcams_bothpcd_amlocal_fallbackcams_default_c0.0_p87000_random_farthestpose_sharedcam/eval_results.json,,lego_1_n87_s42_combined_colmapcams_bothpcd_amlocal_fallbackcams_default_c0.0_p87000_random_farthestpose_sharedcam,12.7941,0.784629,87,"{'rre': [2.8125052263355794, 2.861514881104509, 2.708356922479344, 2.731301662421618, 2.3925702947248824, 2.722057818694585, 179.23816131655263, 2.500385856209345, 2.6294026890035553, 2.4313211552145497, 2.908020388928903, 2.4863210524090658, 2.6829003426648965, 178.87125361892421, 2.584374472069475, 178.24902152615348, 2.830674889397041, 2.721314412838678, 2.4832593055900247, 2.583576807591771, 2.703847605513869, 2.71117071504642, 2.7554833100808085, 2.515096417034729, 2.7576823376091557, 2.772609835392147, 2.5415239153870584, 2.609251316666384, 2.7149928541317148, 179.22561457272568, 2.7536509774578666, 2.8056487239085137, 3.0714019009042026, 2.497327338820031, 2.631292031548252, 2.577283968777546, 2.6686947839335895, 2.653729339034708, 2.5949105607906167, 2.7791290294754116, 2.6352527942273696, 2.801540689172982, 2.834626464995691, 2.7864728831594987, 2.3781013488368394, 2.739784007359273, 2.6845709680861183, 2.6847241521142022, 178.56572475587384, 2.819287216427665, 2.6999003141866362, 2.733182089894469, 2.444577645916223, 2.8254942047772165, 2.4071336700934416, 2.7086817010355495, 2.528949171923523, 2.6913578392306956, 2.695046252887517, 2.444645860919716, 2.6578485578834385, 2.5883659768507763, 2.53449433952476, 2.8325219723633017, 2.6927027298727855, 2.655857405652439, 2.8190165347829756, 2.7043332592785245, 2.7929369373043733, 2.515463858137073, 2.7376075040551244, 2.752928407044171, 2.577890831409277, 2.8938558062683293, 2.5850494516765687, 2.6474417524786125, 2.6688229386430393, 2.7846919916521755, 2.8192858100163636, 2.7057756022659043, 2.6994236896673507, 2.6375064927450422, 2.715159238151584, 2.390553850275569, 2.8032949909205285, 2.4511320811505866, 2.549228170788176], 'rte': [0.5395539819899566, 0.7583987793996974, 0.24914185086072566, 0.318372428551498, 0.5122176637661657, 0.46846389470703464, 6.19308859335009, 0.34231725383563133, 0.1819040664304068, 0.3857386079165618, 0.7198010606892563, 0.4261942404865425, 0.43662984814826367, 5.529797076494643, 0.6251677105012741, 6.5794254751142764, 0.4564039066074996, 0.37652885972289046, 0.3844992768754733, 0.6378281896814606, 0.47254777905032075, 0.39988004124180715, 0.7445129557899934, 0.2900141166231839, 0.5405010958854881, 0.6521633260392252, 0.31121066060168356, 0.1773958517370519, 0.2777838827049031, 6.52521370863186, 0.6507070418596675, 0.5248849758104815, 0.5021464907275089, 0.24343414841602035, 0.5005114089048194, 0.47391693143291813, 0.21512943482667599, 0.3361076705172131, 0.1837284274187233, 0.5704955983576693, 0.2773432304374398, 0.5905771748439239, 0.7654345976854282, 0.6298673408468032, 0.5503820899251127, 0.3257349455277307, 0.2353897998927497, 0.5038589347103015, 5.806314183373199, 0.6381600062921166, 0.3193195572527533, 0.38427721051928865, 0.44835416450772425, 0.5525629119077146, 0.5926047127759665, 0.43756950181016485, 0.3028065501241917, 0.7718972704094974, 0.3008550969758457, 0.544537687204893, 0.5349205726705265, 0.32846235940529916, 0.3338727006028474, 0.5497473123399296, 0.5893477593932711, 0.09183978675294466, 0.6405576430350388, 0.2666159553115794, 0.7180296773166768, 0.20483015590044437, 0.296132815594928, 0.6614731000105617, 0.4108614639738854, 0.7445810854530434, 0.2817869298946023, 0.5189647198701706, 0.2761330147480795, 0.6533851295137926, 0.6564959919105827, 0.31589115363932296, 0.5258735888138915, 0.5008467410030348, 0.5931882529091728, 0.41841738303870346, 0.654229710938894, 0.6094785237529764, 0.19519605379260074]}",/home/ojab2/work/git/vggt/combined_outputs/lego_1_n87_s42_combined_colmapcams_bothpcd_amlocal_fallbackcams_default_c0.0_p87000_random_farthestpose_sharedcam/eval_results.json,lego_1_n87_s42_combined_colmapcams_bothpcd_amlocal_fallbackcams_default_c0.0_p87000_random_farthestpose_sharedcam,,,combined | colmapcams | bothpcd | Local Alignment | Fallback Cams,87.0
combined,20,42,0.0,20000,random,farthestpose,20,GT Eval,,,,Pose Opt,,,,,0.0,,colmap,,,15000,15000,default,MCMC,colmapcams,bothpcd,Local Alignment,,Shared Cam,,,,,gsplat,11.36070728302002,0.5093797445297241,0.6726985573768616,1000000,0.49305474758148193,145.0198211669922,0.19577524490059,2808,/home/ojab2/work/git/gsplat/results/combined_outputs/lego_1_n20_s42_combined_colmapcams_bothpcd_amlocal_default_c0.0_p20000_random_farthestpose_sharedcam_i20_gteval_poseopt_steps15000/stats/val_step14999.json,/home/ojab2/work/git/gsplat/results/combined_outputs/lego_1_n20_s42_combined_colmapcams_bothpcd_amlocal_default_c0.0_p20000_random_farthestpose_sharedcam_i20_gteval_poseopt_steps15000/stats/val_step14999.json,lego_1_n20_s42_combined_colmapcams_bothpcd_amlocal_default_c0.0_p20000_random_farthestpose_sharedcam_i20_gteval_poseopt_steps15000,114.8832,0.023191,3,"{'rre': [115.15442481371456, 114.45029251182523, 115.04485804293381], 'rte': [0.034597293410217944, 0.03380108774050576, 0.00117367991965672]}",/home/ojab2/work/git/vggt/combined_outputs/lego_1_n20_s42_combined_colmapcams_bothpcd_amlocal_default_c0.0_p20000_random_farthestpose_sharedcam/eval_results.json,lego_1_n20_s42_combined_colmapcams_bothpcd_amlocal_default_c0.0_p20000_random_farthestpose_sharedcam,lego_1_n20_s42_combined_colmapcams_bothpcd_amlocal_default_c0.0_p20000_random_farthestpose_sharedcam_i20_gteval_poseopt_steps15000_val_step14999.json,2808,combined | colmapcams | bothpcd | Local Alignment | ,20.0
combined,30,42,0.0,30000,random,farthestpose,30,GT Eval,,,,Pose Opt,,,,,0.0,,colmap,,,15000,15000,default,MCMC,colmapcams,bothpcd,Local Alignment,,Shared Cam,,,,,gsplat,10.714113235473633,0.61561119556427,0.4412226378917694,1000000,1.2792757749557495,79.92536926269531,-0.01713972350387616,20154,/home/ojab2/work/git/gsplat/results/combined_outputs/lego_1_n30_s42_combined_colmapcams_bothpcd_amlocal_default_c0.0_p30000_random_farthestpose_sharedcam_i30_gteval_poseopt_steps15000/stats/val_step14999.json,/home/ojab2/work/git/gsplat/results/combined_outputs/lego_1_n30_s42_combined_colmapcams_bothpcd_amlocal_default_c0.0_p30000_random_farthestpose_sharedcam_i30_gteval_poseopt_steps15000/stats/val_step14999.json,lego_1_n30_s42_combined_colmapcams_bothpcd_amlocal_default_c0.0_p30000_random_farthestpose_sharedcam_i30_gteval_poseopt_steps15000,75.8732,2.952918,18,"{'rre': [65.41847137430776, 116.89595987001461, 78.31235477598091, 56.422038954777165, 64.45328842345667, 114.22105951046848, 62.07369094284259, 116.91614032009872, 62.13324575258194, 62.252892533286065, 62.10974349247404, 115.43249121357513, 62.31886679556397, 62.119588959960716, 76.3057165238248, 62.292518764675954, 62.10270753892076, 63.93686132958813], 'rte': [5.198770061130597, 2.8325071820410552, 3.616211761196474, 2.926619457892395, 4.580104776189189, 4.266687403844712, 3.064234674900497, 2.9542664701830152, 1.060769273439241, 1.0847766619828594, 3.9086953768531845, 3.6678555205316323, 0.2670702370475647, 4.019365038417877, 3.4700849929864654, 0.21007114738112795, 2.5758112269459055, 3.4486232340340304]}",/home/ojab2/work/git/vggt/combined_outputs/lego_1_n30_s42_combined_colmapcams_bothpcd_amlocal_default_c0.0_p30000_random_farthestpose_sharedcam/eval_results.json,lego_1_n30_s42_combined_colmapcams_bothpcd_amlocal_default_c0.0_p30000_random_farthestpose_sharedcam,lego_1_n30_s42_combined_colmapcams_bothpcd_amlocal_default_c0.0_p30000_random_farthestpose_sharedcam_i30_gteval_poseopt_steps15000_val_step14999.json,20154,combined | colmapcams | bothpcd | Local Alignment | ,30.0
combined,40,42,0.0,40000,random,farthestpose,40,GT Eval,,,,Pose Opt,,,,,0.0,,colmap,,,15000,15000,default,MCMC,colmapcams,bothpcd,Local Alignment,,Shared Cam,,,,,gsplat,11.313305854797363,0.533160388469696,0.5627822875976562,1000000,0.8868424296379089,155.14407348632812,0.11593951049603919,37083,/home/ojab2/work/git/gsplat/results/combined_outputs/lego_1_n40_s42_combined_colmapcams_bothpcd_amlocal_default_c0.0_p40000_random_farthestpose_sharedcam_i40_gteval_poseopt_steps15000/stats/val_step14999.json,/home/ojab2/work/git/gsplat/results/combined_outputs/lego_1_n40_s42_combined_colmapcams_bothpcd_amlocal_default_c0.0_p40000_random_farthestpose_sharedcam_i40_gteval_poseopt_steps15000/stats/val_step14999.json,lego_1_n40_s42_combined_colmapcams_bothpcd_amlocal_default_c0.0_p40000_random_farthestpose_sharedcam_i40_gteval_poseopt_steps15000,154.9139,3.71729,35,"{'rre': [159.09243526914173, 159.18997695485177, 152.02228541947827, 149.20255844999994, 152.27941513069152, 152.14846349089055, 160.92188980658082, 152.0988690380647, 149.02029948205958, 149.39499079076498, 159.0864569466076, 155.3755816173145, 161.63749768207882, 148.90719941408992, 160.73271448042928, 159.1570288705732, 159.10985059573085, 149.47467603057655, 159.10880782495363, 155.9360172330679, 152.042882941392, 149.04339081821144, 158.89538650089182, 152.0914083153855, 159.07562969141478, 152.07724288730788, 152.1256809488121, 155.78718130114171, 152.1073177479969, 152.3143108075171, 159.08837922130292, 158.95249408717527, 158.44797773900808, 153.99524435079996, 152.04394067118437], 'rte': [3.8305551002569564, 3.5989048658743243, 3.6469583820740787, 3.872382467549935, 4.065763619837913, 3.7072548458491825, 3.319122693793524, 3.722611155646678, 3.912759870137876, 4.293169288629924, 3.0133298981371053, 3.356611803932165, 3.5346433507346715, 4.127211788942395, 3.5563018669404007, 3.686428072804764, 3.2778549580526373, 2.6778981447909014, 4.0227938879077, 3.4958193123369297, 3.850627138908975, 4.061290826435951, 4.123326504407491, 3.6024067324728763, 3.892724026995796, 4.151925185131918, 3.7697235943828065, 3.524750566903742, 3.9916798650607563, 3.9692871216332266, 3.8794743878490427, 4.03123574765459, 3.2027882588236225, 3.3929858848183763, 3.942559656160817]}",/home/ojab2/work/git/vggt/combined_outputs/lego_1_n40_s42_combined_colmapcams_bothpcd_amlocal_default_c0.0_p40000_random_farthestpose_sharedcam/eval_results.json,lego_1_n40_s42_combined_colmapcams_bothpcd_amlocal_default_c0.0_p40000_random_farthestpose_sharedcam,lego_1_n40_s42_combined_colmapcams_bothpcd_amlocal_default_c0.0_p40000_random_farthestpose_sharedcam_i40_gteval_poseopt_steps15000_val_step14999.json,37083,combined | colmapcams | bothpcd | Local Alignment | ,40.0
combined,50,42,0.0,50000,random,farthestpose,50,GT Eval,,,,Pose Opt,,,,,0.0,,colmap,,,15000,15000,default,MCMC,colmapcams,bothpcd,Local Alignment,,Shared Cam,,,,,gsplat,10.73895263671875,0.5398637056350708,0.5959741473197937,1000000,1.0743826627731323,170.78109741210938,0.12057593397074817,46528,/home/ojab2/work/git/gsplat/results/combined_outputs/lego_1_n50_s42_combined_colmapcams_bothpcd_amlocal_default_c0.0_p50000_random_farthestpose_sharedcam_i50_gteval_poseopt_steps15000/stats/val_step14999.json,/home/ojab2/work/git/gsplat/results/combined_outputs/lego_1_n50_s42_combined_colmapcams_bothpcd_amlocal_default_c0.0_p50000_random_farthestpose_sharedcam_i50_gteval_poseopt_steps15000/stats/val_step14999.json,lego_1_n50_s42_combined_colmapcams_bothpcd_amlocal_default_c0.0_p50000_random_farthestpose_sharedcam_i50_gteval_poseopt_steps15000,170.7687,3.636532,43,"{'rre': [170.99541910908218, 170.67926139930375, 170.66537357275325, 170.87023636001976, 170.71863645846852, 170.69671386771589, 170.6712193431016, 170.7091867370307, 170.77166609671053, 170.7383004501966, 170.7464767403654, 170.9703353215006, 170.69088845100737, 170.66311417854007, 170.80208826227033, 170.73020818241145, 170.7469442101529, 170.7668853515985, 170.92648179316595, 170.9162033456688, 171.29762673470327, 170.91708760110973, 170.716371131436, 170.65688228489918, 170.63732027216048, 170.90341552280395, 170.6910930257706, 170.98398877830826, 170.63385751651106, 170.6829099353334, 170.7435900563671, 170.70798111434385, 170.8078585998565, 170.6886625985553, 170.9057817891897, 170.85650940884315, 170.66622179430823, 170.7218478822062, 170.67946738078754, 170.67642480830986, 170.69791778471307, 170.64565994931465, 170.66188180850523], 'rte': [3.815128059544936, 3.1033857357904284, 3.824037719459684, 4.497532503617521, 4.072510606759255, 3.6002955598523814, 2.779603002626079, 3.426091806706396, 4.288930938061442, 3.494964282172346, 4.473614752996314, 2.899945737238215, 3.3388062799346363, 3.2213591514957245, 3.6412088166063676, 3.4878958145296646, 4.723931871642324, 3.5737477354407376, 3.59889552851408, 3.1702294931998884, 3.5860400854562435, 4.058653918123958, 3.0944957426105737, 4.014900071803613, 4.282618922448288, 4.180148891682355, 3.50082519260545, 3.8382697362134888, 4.376200376479403, 3.427110471038287, 3.1105792183688075, 4.041591566067324, 3.874807007272402, 3.3256388254515032, 3.8235131011748176, 4.093874595211249, 2.80096668103339, 3.538207775806137, 2.877057678651359, 3.5345532954488483, 3.1669341106573645, 2.7098086998800945, 4.081965569413945]}",/home/ojab2/work/git/vggt/combined_outputs/lego_1_n50_s42_combined_colmapcams_bothpcd_amlocal_default_c0.0_p50000_random_farthestpose_sharedcam/eval_results.json,lego_1_n50_s42_combined_colmapcams_bothpcd_amlocal_default_c0.0_p50000_random_farthestpose_sharedcam,lego_1_n50_s42_combined_colmapcams_bothpcd_amlocal_default_c0.0_p50000_random_farthestpose_sharedcam_i50_gteval_poseopt_steps15000_val_step14999.json,46528,combined | colmapcams | bothpcd | Local Alignment | ,50.0
combined,60,42,0.0,60000,random,farthestpose,60,GT Eval,,,,Pose Opt,,,,,0.0,,colmap,,,15000,15000,default,MCMC,colmapcams,bothpcd,Local Alignment,,Shared Cam,,,,,gsplat,10.526679992675781,0.5977572798728943,0.5304608941078186,1000000,1.0778223276138306,88.0640869140625,0.04259634087657378,60952,/home/ojab2/work/git/gsplat/results/combined_outputs/lego_1_n60_s42_combined_colmapcams_bothpcd_amlocal_default_c0.0_p60000_random_farthestpose_sharedcam_i60_gteval_poseopt_steps15000/stats/val_step14999.json,/home/ojab2/work/git/gsplat/results/combined_outputs/lego_1_n60_s42_combined_colmapcams_bothpcd_amlocal_default_c0.0_p60000_random_farthestpose_sharedcam_i60_gteval_poseopt_steps15000/stats/val_step14999.json,lego_1_n60_s42_combined_colmapcams_bothpcd_amlocal_default_c0.0_p60000_random_farthestpose_sharedcam_i60_gteval_poseopt_steps15000,90.7994,3.439075,56,"{'rre': [108.90482362965619, 109.00558070133859, 75.19438316353855, 75.03163763590683, 75.1584238487103, 75.17904648085279, 109.01886404548054, 75.18160325335798, 75.17452179018522, 108.9628716984824, 75.13277497446386, 108.83611053319208, 75.16470280926751, 74.7937932354071, 108.99130378416754, 108.96502641161877, 108.94433649013031, 75.20072570088196, 75.1009834163707, 108.90746989573383, 108.87421063916835, 108.75755767961867, 74.81679737937104, 75.1255365705867, 108.86480269277293, 108.99547205220291, 108.94514523314585, 75.3203810332561, 75.15856086389608, 108.7794223562504, 75.15257284197355, 108.89846331469334, 75.31664984705576, 75.12764389210808, 109.05050971310027, 75.31432682181273, 74.85941299995105, 75.12831557987168, 75.13855948653524, 108.82181007165904, 74.67871649600822, 75.11390102283852, 108.7932161362181, 108.99283056195586, 75.20738564727775, 108.98191091043597, 75.14356259627404, 108.86919211188287, 108.94386149839933, 109.00456018836682, 74.87303973384614, 108.96480897310728, 75.20173212772131, 108.95138813414805, 74.6913887673228, 75.05930426715952], 'rte': [4.50990378455571, 3.3544734797163325, 3.430405074440098, 4.559955866259201, 4.172336143869413, 3.7589220041962994, 3.0990291154678156, 2.984995465387347, 3.962914245410718, 2.8109878847901846, 4.303631975726095, 5.422084817535043, 2.98118475340149, 2.249125601421293, 3.3134064245009345, 3.718453222290548, 3.383268507144256, 2.510281073065218, 4.794590053767224, 3.456989429889099, 5.0117284151258215, 5.323783360108427, 1.970989676976426, 4.062907038647113, 4.325149271360093, 3.3175723321481567, 3.1084998805261015, 3.131191191242943, 3.9541495388267536, 4.091703899859602, 3.3350706337789053, 4.903534262430918, 2.9628292076850617, 3.3948113090736145, 3.3359506104751504, 2.91620643244983, 1.9086831358713718, 3.985057416614515, 3.187016853982461, 4.913411942502728, 2.4753817552442117, 2.6279652919193768, 3.9685744680754094, 3.104869763650816, 2.9482706905471496, 2.9377075668221377, 2.0854298384339316, 3.427607269209689, 3.1284658693068272, 2.78829738433397, 1.7550749334084184, 3.2175694101027217, 4.171636616956484, 2.9398985611976394, 2.4911539659775355, 2.603096861638124]}",/home/ojab2/work/git/vggt/combined_outputs/lego_1_n60_s42_combined_colmapcams_bothpcd_amlocal_default_c0.0_p60000_random_farthestpose_sharedcam/eval_results.json,lego_1_n60_s42_combined_colmapcams_bothpcd_amlocal_default_c0.0_p60000_random_farthestpose_sharedcam,lego_1_n60_s42_combined_colmapcams_bothpcd_amlocal_default_c0.0_p60000_random_farthestpose_sharedcam_i60_gteval_poseopt_steps15000_val_step14999.json,60952,combined | colmapcams | bothpcd | Local Alignment | ,60.0
combined,70,42,0.0,70000,random,farthestpose,70,GT Eval,,,,Pose Opt,,,,,0.0,,colmap,,,15000,15000,default,MCMC,colmapcams,bothpcd,Local Alignment,,Shared Cam,,,,,gsplat,10.15988540649414,0.6559411883354187,0.38660407066345215,1000000,1.058756947517395,98.91678619384766,-0.08423894167411161,77387,/home/ojab2/work/git/gsplat/results/combined_outputs/lego_1_n70_s42_combined_colmapcams_bothpcd_amlocal_default_c0.0_p70000_random_farthestpose_sharedcam_i70_gteval_poseopt_steps15000/stats/val_step14999.json,/home/ojab2/work/git/gsplat/results/combined_outputs/lego_1_n70_s42_combined_colmapcams_bothpcd_amlocal_default_c0.0_p70000_random_farthestpose_sharedcam_i70_gteval_poseopt_steps15000/stats/val_step14999.json,lego_1_n70_s42_combined_colmapcams_bothpcd_amlocal_default_c0.0_p70000_random_farthestpose_sharedcam_i70_gteval_poseopt_steps15000,76.4292,3.071785,70,"{'rre': [31.458381992000273, 31.721974168815997, 31.634460621567495, 31.65229906701107, 156.96939736544883, 156.99318619094862, 156.97110290592624, 157.0113873335482, 31.799873412581796, 157.02327556276208, 157.10070737249868, 31.70081557718611, 157.0192407158159, 31.367350627958533, 31.62118701311153, 156.99624950694843, 31.79590951676567, 31.68283659096109, 31.68850218161815, 156.9378646944609, 31.551204429508935, 31.692211704709294, 156.93491119457616, 31.67966271306473, 157.0226719367785, 31.65017330538055, 31.458956622044383, 31.520571814006605, 156.95217802062024, 31.67027193799126, 156.92249878621828, 31.717328783309295, 31.57881755895676, 31.490537722636024, 31.651604451069456, 31.69253900061257, 157.11799849334554, 31.660669708526626, 157.08296473449778, 31.389413820706277, 31.6419118006858, 156.97191988330968, 31.442908621158818, 157.21692386277977, 31.747335435444963, 156.95075490980253, 31.648371889750635, 157.12829425700596, 31.697057590502492, 157.00049618300346, 156.9703134443193, 31.4068993563823, 31.477209824147298, 33.017067296508, 31.413017254033562, 31.66919452963523, 31.685936275854086, 157.06437479622656, 31.641694712597612, 157.00463299578493, 31.669468198419494, 31.587062092697366, 31.68916756795877, 31.71510308726407, 31.65577872593132, 31.669108956760827, 157.03421946376565, 31.678827734818167, 32.0220973462408, 156.94507939782747], 'rte': [3.4249290763977376, 2.307532967015176, 2.258880475212913, 2.088701101353034, 4.638998278631124, 5.260933811812278, 4.732957188462203, 4.5445814502619255, 2.206082725162192, 4.24430136111041, 4.441331080326743, 1.5419215136063895, 4.838352535874055, 3.652166956954745, 2.7327304996625696, 4.090622267436086, 1.6196077106968234, 0.9759010326077833, 2.832463061264863, 3.0615385052048536, 2.9562378510046283, 2.9146972876262414, 3.350864290993709, 1.8753122642315887, 5.512370163818036, 2.975118306420877, 3.6495299296261647, 3.6906527164101033, 3.0359027855095166, 1.0782604811526098, 2.057215472457597, 2.1496205233296832, 2.7291482063690617, 3.4649910167995857, 2.684997647512905, 2.669641063930798, 4.68792633421726, 1.9007900031985587, 4.4366491156093755, 3.4500695205131997, 2.503451614062933, 4.487334083356972, 3.6832514664687035, 4.804512418522519, 2.216089364328439, 4.160354411446048, 2.678012033785261, 4.64444832226923, 1.1717104766368869, 4.602429334408083, 4.079928323523714, 3.6829920875777575, 1.6943032500660817, 1.4911218330519629, 3.368473817605857, 2.0114930107066322, 2.5104804357576143, 3.4345707249494977, 2.4876160697143064, 3.361422070042395, 3.0238872986328165, 1.3816339518572156, 2.692046778322207, 2.3061126607586573, 1.118357127352861, 2.718241372308683, 4.727697082789183, 2.5018669117305206, 1.7621467248033595, 2.954458391951515]}",/home/ojab2/work/git/vggt/combined_outputs/lego_1_n70_s42_combined_colmapcams_bothpcd_amlocal_default_c0.0_p70000_random_farthestpose_sharedcam/eval_results.json,lego_1_n70_s42_combined_colmapcams_bothpcd_amlocal_default_c0.0_p70000_random_farthestpose_sharedcam,lego_1_n70_s42_combined_colmapcams_bothpcd_amlocal_default_c0.0_p70000_random_farthestpose_sharedcam_i70_gteval_poseopt_steps15000_val_step14999.json,77387,combined | colmapcams | bothpcd | Local Alignment | ,70.0
combined,80,42,0.0,80000,random,farthestpose,80,GT Eval,,,,Pose Opt,,,,,0.0,,colmap,,,15000,15000,default,MCMC,colmapcams,bothpcd,Local Alignment,,Shared Cam,,,,,gsplat,10.603072166442871,0.5249311923980713,0.5259609818458557,1000000,0.2897081971168518,16.31041717529297,0.08633385810703334,89496,/home/ojab2/work/git/gsplat/results/combined_outputs/lego_1_n80_s42_combined_colmapcams_bothpcd_amlocal_default_c0.0_p80000_random_farthestpose_sharedcam_i80_gteval_poseopt_steps15000/stats/val_step14999.json,/home/ojab2/work/git/gsplat/results/combined_outputs/lego_1_n80_s42_combined_colmapcams_bothpcd_amlocal_default_c0.0_p80000_random_farthestpose_sharedcam_i80_gteval_poseopt_steps15000/stats/val_step14999.json,lego_1_n80_s42_combined_colmapcams_bothpcd_amlocal_default_c0.0_p80000_random_farthestpose_sharedcam_i80_gteval_poseopt_steps15000,13.712,0.865246,80,"{'rre': [2.7723807158588762, 2.863067748227888, 2.689762200599454, 2.7217990960837186, 2.389145313440103, 2.727272118912143, 179.9399734458409, 2.613712122851455, 2.612645610351639, 2.4431778807125273, 2.861871736613302, 2.4499228357367056, 2.659510078885584, 179.3666387612869, 2.7064432251357844, 178.66657088056954, 2.7582003837328606, 2.69872378027516, 2.484196655149492, 2.5885035601052104, 2.6998879028368354, 2.788749834272994, 2.5656686069703922, 2.7382334306007956, 2.734290794461072, 2.5439294336151863, 2.6261959257908774, 2.700393221951446, 179.9180077082216, 2.714733055042126, 2.7373989009761335, 3.028084283786243, 2.560119305036151, 2.6881824645021832, 2.63536814780827, 2.6765856319937305, 2.5852591026362286, 2.8077915416916364, 2.593118753172597, 2.7800400615740273, 2.7741892089078446, 2.7359107783668715, 2.367267015401918, 2.6848015680383024, 2.6790974916764867, 179.02791005194226, 2.7869515665647824, 2.685257205826656, 2.4464979717285185, 2.7831923595273205, 2.4035359919707724, 2.704683623606177, 2.5774470607579096, 2.64275225221068, 2.4334718336678907, 2.6602354895679454, 2.616898045956116, 2.579948870291644, 2.7927515119925337, 2.7897047119817477, 2.6335309968820177, 2.7719991726907094, 2.6795744588280863, 2.7805020726370313, 2.532120950831873, 2.7239431180400273, 2.748530558197223, 2.596315197686812, 2.834043747477858, 2.6248307058151763, 2.6589550214281137, 2.7578694481892803, 2.7944398353327444, 2.66252306742646, 2.658991839346454, 2.687994082895499, 2.4257289229625583, 2.8031214930185744, 2.703866925462131, 2.574559241477397], 'rte': [0.5892171647711261, 0.8128343954970373, 0.2826924311740246, 0.35983420231645585, 0.551664297336651, 0.5153958005396123, 6.228683198749304, 0.3582473169770903, 0.21027555940247414, 0.40774476708235685, 0.7750768932683058, 0.4603302286202431, 0.4781225932722343, 5.622373382373413, 0.6703424891260611, 6.625841098724045, 0.4915342843473355, 0.41703487577667764, 0.4146841733552042, 0.6854111639514904, 0.5160377166982506, 0.8020659246865907, 0.31028400212035406, 0.5909624638191098, 0.7101363887188319, 0.33326243973345754, 0.20601614670802082, 0.31676278847542655, 6.542538475069838, 0.7088657628399263, 0.5707996861633712, 0.5411072864484472, 0.25918285738825075, 0.5449175925412935, 0.5095470409587551, 0.248822216180206, 0.20530956930524086, 0.622301848016647, 0.30324171815456685, 0.6416929691694788, 0.823515107671052, 0.6872590697296823, 0.5930506203103862, 0.2704536158135702, 0.5537663655500066, 5.898386778670737, 0.6926193901922569, 0.35788600744244403, 0.4829305543776783, 0.5994851577689857, 0.6360514529171907, 0.4851821073161714, 0.3196427499065233, 0.829807944331712, 0.5887079107526352, 0.577194414929696, 0.33808634151908357, 0.35566122747940154, 0.5964197863329759, 0.6288068615643687, 0.11469035423425744, 0.6961706733198737, 0.3046473824598812, 0.7758899207587552, 0.2108752234667586, 0.33731443732988936, 0.7183345134280715, 0.441672910330263, 0.8031211309886094, 0.3051292728806137, 0.5660287782933253, 0.7105084169260998, 0.7129345706265193, 0.5716733298175954, 0.5464226764893619, 0.6484393340133834, 0.44088192545812843, 0.7100612323134184, 0.6412538096375457, 0.207548724573177]}",/home/ojab2/work/git/vggt/combined_outputs/lego_1_n80_s42_combined_colmapcams_bothpcd_amlocal_default_c0.0_p80000_random_farthestpose_sharedcam/eval_results.json,lego_1_n80_s42_combined_colmapcams_bothpcd_amlocal_default_c0.0_p80000_random_farthestpose_sharedcam,lego_1_n80_s42_combined_colmapcams_bothpcd_amlocal_default_c0.0_p80000_random_farthestpose_sharedcam_i80_gteval_poseopt_steps15000_val_step14999.json,89496,combined | colmapcams | bothpcd | Local Alignment | ,80.0
combined,87,42,0.0,87000,random,farthestpose,,,,,,,,,,,0.0,,vggt,,,,,default,MCMC,colmapcams,bothpcd,Local Alignment,,Shared Cam,,,,,sfm,,,,,,,,,/home/ojab2/work/git/vggt/combined_outputs/lego_1_n87_s42_combined_colmapcams_bothpcd_amlocal_default_c0.0_p87000_random_farthestpose_sharedcam/eval_results.json,,lego_1_n87_s42_combined_colmapcams_bothpcd_amlocal_default_c0.0_p87000_random_farthestpose_sharedcam,12.7941,0.784629,87,"{'rre': [2.8125052263355794, 2.861514881104509, 2.708356922479344, 2.731301662421618, 2.3925702947248824, 2.722057818694585, 179.23816131655263, 2.500385856209345, 2.6294026890035553, 2.4313211552145497, 2.908020388928903, 2.4863210524090658, 2.6829003426648965, 178.87125361892421, 2.584374472069475, 178.24902152615348, 2.830674889397041, 2.721314412838678, 2.4832593055900247, 2.583576807591771, 2.703847605513869, 2.71117071504642, 2.7554833100808085, 2.515096417034729, 2.7576823376091557, 2.772609835392147, 2.5415239153870584, 2.609251316666384, 2.7149928541317148, 179.22561457272568, 2.7536509774578666, 2.8056487239085137, 3.0714019009042026, 2.497327338820031, 2.631292031548252, 2.577283968777546, 2.6686947839335895, 2.653729339034708, 2.5949105607906167, 2.7791290294754116, 2.6352527942273696, 2.801540689172982, 2.834626464995691, 2.7864728831594987, 2.3781013488368394, 2.739784007359273, 2.6845709680861183, 2.6847241521142022, 178.56572475587384, 2.819287216427665, 2.6999003141866362, 2.733182089894469, 2.444577645916223, 2.8254942047772165, 2.4071336700934416, 2.7086817010355495, 2.528949171923523, 2.6913578392306956, 2.695046252887517, 2.444645860919716, 2.6578485578834385, 2.5883659768507763, 2.53449433952476, 2.8325219723633017, 2.6927027298727855, 2.655857405652439, 2.8190165347829756, 2.7043332592785245, 2.7929369373043733, 2.515463858137073, 2.7376075040551244, 2.752928407044171, 2.577890831409277, 2.8938558062683293, 2.5850494516765687, 2.6474417524786125, 2.6688229386430393, 2.7846919916521755, 2.8192858100163636, 2.7057756022659043, 2.6994236896673507, 2.6375064927450422, 2.715159238151584, 2.390553850275569, 2.8032949909205285, 2.4511320811505866, 2.549228170788176], 'rte': [0.5395539819899566, 0.7583987793996974, 0.24914185086072566, 0.318372428551498, 0.5122176637661657, 0.46846389470703464, 6.19308859335009, 0.34231725383563133, 0.1819040664304068, 0.3857386079165618, 0.7198010606892563, 0.4261942404865425, 0.43662984814826367, 5.529797076494643, 0.6251677105012741, 6.5794254751142764, 0.4564039066074996, 0.37652885972289046, 0.3844992768754733, 0.6378281896814606, 0.47254777905032075, 0.39988004124180715, 0.7445129557899934, 0.2900141166231839, 0.5405010958854881, 0.6521633260392252, 0.31121066060168356, 0.1773958517370519, 0.2777838827049031, 6.52521370863186, 0.6507070418596675, 0.5248849758104815, 0.5021464907275089, 0.24343414841602035, 0.5005114089048194, 0.47391693143291813, 0.21512943482667599, 0.3361076705172131, 0.1837284274187233, 0.5704955983576693, 0.2773432304374398, 0.5905771748439239, 0.7654345976854282, 0.6298673408468032, 0.5503820899251127, 0.3257349455277307, 0.2353897998927497, 0.5038589347103015, 5.806314183373199, 0.6381600062921166, 0.3193195572527533, 0.38427721051928865, 0.44835416450772425, 0.5525629119077146, 0.5926047127759665, 0.43756950181016485, 0.3028065501241917, 0.7718972704094974, 0.3008550969758457, 0.544537687204893, 0.5349205726705265, 0.32846235940529916, 0.3338727006028474, 0.5497473123399296, 0.5893477593932711, 0.09183978675294466, 0.6405576430350388, 0.2666159553115794, 0.7180296773166768, 0.20483015590044437, 0.296132815594928, 0.6614731000105617, 0.4108614639738854, 0.7445810854530434, 0.2817869298946023, 0.5189647198701706, 0.2761330147480795, 0.6533851295137926, 0.6564959919105827, 0.31589115363932296, 0.5258735888138915, 0.5008467410030348, 0.5931882529091728, 0.41841738303870346, 0.654229710938894, 0.6094785237529764, 0.19519605379260074]}",/home/ojab2/work/git/vggt/combined_outputs/lego_1_n87_s42_combined_colmapcams_bothpcd_amlocal_default_c0.0_p87000_random_farthestpose_sharedcam/eval_results.json,lego_1_n87_s42_combined_colmapcams_bothpcd_amlocal_default_c0.0_p87000_random_farthestpose_sharedcam,,,combined | colmapcams | bothpcd | Local Alignment | ,87.0
colmap,20,42,,90,,farthestpose,20,GT Eval,,,,Pose Opt,,,,,0.0,,colmap,,,15000,15000,default,MCMC,,,,,Shared Cam,,,,,gsplat,11.361332893371582,0.508928120136261,0.6729114651679993,90482,0.48615768551826477,103.01089477539062,0.19619011824746038,90,/home/ojab2/work/git/gsplat/results/colmap_outputs/lego_1_n20_s42_default_farthestpose_sharedcam_i20_gteval_poseopt_steps15000/stats/val_step14999.json,/home/ojab2/work/git/gsplat/results/colmap_outputs/lego_1_n20_s42_default_farthestpose_sharedcam_i20_gteval_poseopt_steps15000/stats/val_step14999.json,lego_1_n20_s42_default_farthestpose_sharedcam_i20_gteval_poseopt_steps15000,114.8832,0.023191,3,"{'rre': [115.15442481371458, 114.45029251182523, 115.04485804293381], 'rte': [0.034597293410217944, 0.03380108774050576, 0.00117367991965672]}",/home/ojab2/work/git/vggt/colmap_outputs/lego_1_n20_s42_default_farthestpose_sharedcam/eval_results.json,lego_1_n20_s42_default_farthestpose_sharedcam,lego_1_n20_s42_default_farthestpose_sharedcam_i20_gteval_poseopt_steps15000_val_step14999.json,90,colmap |  |  |  | ,20.0
colmap,30,42,,1259,,farthestpose,30,GT Eval,,,,Pose Opt,,,,,0.0,,colmap,,,15000,15000,default,MCMC,,,,,Shared Cam,,,,,gsplat,10.958738327026367,0.5626794099807739,0.5234756469726562,1000000,1.2641798257827759,79.80362701416016,0.0681654874034483,1259,/home/ojab2/work/git/gsplat/results/colmap_outputs/lego_1_n30_s42_default_farthestpose_sharedcam_i30_gteval_poseopt_steps15000/stats/val_step14999.json,/home/ojab2/work/git/gsplat/results/colmap_outputs/lego_1_n30_s42_default_farthestpose_sharedcam_i30_gteval_poseopt_steps15000/stats/val_step14999.json,lego_1_n30_s42_default_farthestpose_sharedcam_i30_gteval_poseopt_steps15000,75.8732,2.952918,18,"{'rre': [65.41847137430776, 116.89595987001464, 78.31235477598092, 56.422038954777186, 64.4532884234567, 114.22105951046849, 62.07369094284262, 116.91614032009875, 62.133245752581956, 62.252892533286094, 62.10974349247407, 115.43249121357516, 62.318866795564, 62.11958895996073, 76.30571652382483, 62.29251876467598, 62.10270753892079, 63.93686132958813], 'rte': [5.198770061130597, 2.8325071820410557, 3.616211761196474, 2.926619457892395, 4.580104776189188, 4.266687403844712, 3.064234674900497, 2.9542664701830157, 1.060769273439241, 1.0847766619828594, 3.9086953768531845, 3.6678555205316328, 0.26707023704756433, 4.019365038417877, 3.4700849929864654, 0.21007114738112795, 2.575811226945906, 3.4486232340340304]}",/home/ojab2/work/git/vggt/colmap_outputs/lego_1_n30_s42_default_farthestpose_sharedcam/eval_results.json,lego_1_n30_s42_default_farthestpose_sharedcam,lego_1_n30_s42_default_farthestpose_sharedcam_i30_gteval_poseopt_steps15000_val_step14999.json,1259,colmap |  |  |  | ,30.0
colmap,40,42,,2398,,farthestpose,40,GT Eval,,,,Pose Opt,,,,,0.0,,colmap,,,15000,15000,default,MCMC,,,,,Shared Cam,,,,,gsplat,11.354761123657227,0.5090650320053101,0.6729211807250977,1000000,0.8730758428573608,151.5666046142578,0.19598958692123084,2398,/home/ojab2/work/git/gsplat/results/colmap_outputs/lego_1_n40_s42_default_farthestpose_sharedcam_i40_gteval_poseopt_steps15000/stats/val_step14999.json,/home/ojab2/work/git/gsplat/results/colmap_outputs/lego_1_n40_s42_default_farthestpose_sharedcam_i40_gteval_poseopt_steps15000/stats/val_step14999.json,lego_1_n40_s42_default_farthestpose_sharedcam_i40_gteval_poseopt_steps15000,154.9139,3.71729,35,"{'rre': [159.09243526914167, 159.18997695485174, 152.02228541947827, 149.20255844999997, 152.27941513069152, 152.14846349089055, 160.92188980658077, 152.0988690380647, 149.0202994820596, 149.39499079076498, 159.08645694660754, 155.37558161731448, 161.63749768207876, 148.90719941408992, 160.73271448042925, 159.15702887057319, 159.10985059573076, 149.47467603057657, 159.1088078249536, 155.93601723306787, 152.04288294139204, 149.04339081821146, 158.89538650089182, 152.0914083153855, 159.07562969141472, 152.07724288730793, 152.1256809488121, 155.7871813011417, 152.10731774799694, 152.31431080751713, 159.08837922130286, 158.95249408717527, 158.44797773900805, 153.99524435079994, 152.0439406711844], 'rte': [3.8305551002569564, 3.5989048658743243, 3.6469583820740787, 3.8723824675499356, 4.065763619837913, 3.7072548458491825, 3.3191226937935236, 3.722611155646678, 3.912759870137876, 4.293169288629925, 3.0133298981371057, 3.356611803932164, 3.534643350734671, 4.127211788942395, 3.5563018669404007, 3.686428072804764, 3.277854958052638, 2.677898144790902, 4.022793887907701, 3.495819312336929, 3.8506271389089743, 4.061290826435952, 4.123326504407491, 3.6024067324728763, 3.8927240269957966, 4.151925185131918, 3.7697235943828065, 3.524750566903742, 3.991679865060756, 3.9692871216332266, 3.8794743878490436, 4.03123574765459, 3.202788258823622, 3.3929858848183763, 3.942559656160817]}",/home/ojab2/work/git/vggt/colmap_outputs/lego_1_n40_s42_default_farthestpose_sharedcam/eval_results.json,lego_1_n40_s42_default_farthestpose_sharedcam,lego_1_n40_s42_default_farthestpose_sharedcam_i40_gteval_poseopt_steps15000_val_step14999.json,2398,colmap |  |  |  | ,40.0
colmap,50,42,,3914,,farthestpose,50,GT Eval,,,,Pose Opt,,,,,0.0,,colmap,,,15000,15000,default,MCMC,,,,,Shared Cam,,,,,gsplat,11.360930442810059,0.5087997913360596,0.673119068145752,1000000,1.063043475151062,170.7255859375,0.1963832860181981,3914,/home/ojab2/work/git/gsplat/results/colmap_outputs/lego_1_n50_s42_default_farthestpose_sharedcam_i50_gteval_poseopt_steps15000/stats/val_step14999.json,/home/ojab2/work/git/gsplat/results/colmap_outputs/lego_1_n50_s42_default_farthestpose_sharedcam_i50_gteval_poseopt_steps15000/stats/val_step14999.json,lego_1_n50_s42_default_farthestpose_sharedcam_i50_gteval_poseopt_steps15000,170.7687,3.636532,43,"{'rre': [170.99541910908226, 170.67926139930378, 170.66537357275325, 170.87023636001976, 170.71863645846852, 170.69671386771586, 170.6712193431016, 170.7091867370306, 170.7716660967105, 170.7383004501966, 170.7464767403654, 170.9703353215006, 170.69088845100734, 170.6631141785401, 170.80208826227025, 170.73020818241147, 170.7469442101529, 170.7668853515985, 170.92648179316595, 170.9162033456688, 171.29762673470327, 170.91708760110973, 170.71637113143595, 170.65688228489915, 170.63732027216042, 170.90341552280395, 170.69109302577056, 170.9839887783082, 170.63385751651106, 170.68290993533336, 170.74359005636714, 170.70798111434382, 170.8078585998565, 170.6886625985553, 170.9057817891897, 170.85650940884312, 170.66622179430829, 170.72184788220625, 170.67946738078754, 170.67642480830986, 170.69791778471307, 170.64565994931465, 170.66188180850523], 'rte': [3.8151280595449353, 3.1033857357904293, 3.8240377194596853, 4.497532503617521, 4.072510606759255, 3.6002955598523823, 2.7796030026260796, 3.426091806706396, 4.2889309380614415, 3.494964282172345, 4.473614752996314, 2.8999457372382142, 3.3388062799346363, 3.2213591514957254, 3.641208816606367, 3.487895814529665, 4.723931871642325, 3.573747735440738, 3.598895528514078, 3.1702294931998876, 3.5860400854562453, 4.058653918123958, 3.094495742610574, 4.014900071803614, 4.282618922448288, 4.180148891682354, 3.500825192605451, 3.8382697362134874, 4.376200376479405, 3.4271104710382874, 3.110579218368808, 4.041591566067325, 3.8748070072724023, 3.3256388254515037, 3.8235131011748162, 4.093874595211248, 2.800966681033391, 3.5382077758061365, 2.877057678651359, 3.5345532954488488, 3.166934110657365, 2.7098086998800954, 4.081965569413945]}",/home/ojab2/work/git/vggt/colmap_outputs/lego_1_n50_s42_default_farthestpose_sharedcam/eval_results.json,lego_1_n50_s42_default_farthestpose_sharedcam,lego_1_n50_s42_default_farthestpose_sharedcam_i50_gteval_poseopt_steps15000_val_step14999.json,3914,colmap |  |  |  | ,50.0
colmap,60,42,,5276,,farthestpose,60,GT Eval,,,,Pose Opt,,,,,0.0,,colmap,,,15000,15000,default,MCMC,,,,,Shared Cam,,,,,gsplat,11.253920555114746,0.514018177986145,0.6594834327697754,1000000,1.0745184421539307,88.57246398925781,0.1832063393286097,5276,/home/ojab2/work/git/gsplat/results/colmap_outputs/lego_1_n60_s42_default_farthestpose_sharedcam_i60_gteval_poseopt_steps15000/stats/val_step14999.json,/home/ojab2/work/git/gsplat/results/colmap_outputs/lego_1_n60_s42_default_farthestpose_sharedcam_i60_gteval_poseopt_steps15000/stats/val_step14999.json,lego_1_n60_s42_default_farthestpose_sharedcam_i60_gteval_poseopt_steps15000,90.7994,3.439075,56,"{'rre': [108.90482362965619, 109.00558070133857, 75.19438316353857, 75.03163763590685, 75.15842384871033, 75.17904648085282, 109.01886404548053, 75.181603253358, 75.17452179018524, 108.96287169848239, 75.13277497446387, 108.83611053319208, 75.16470280926754, 74.79379323540712, 108.99130378416754, 108.96502641161875, 108.94433649013028, 75.20072570088199, 75.10098341637072, 108.90746989573381, 108.87421063916833, 108.75755767961864, 74.81679737937108, 75.12553657058673, 108.86480269277291, 108.99547205220289, 108.94514523314582, 75.32038103325614, 75.1585608638961, 108.7794223562504, 75.15257284197357, 108.89846331469333, 75.31664984705577, 75.12764389210811, 109.05050971310025, 75.31432682181274, 74.85941299995106, 75.12831557987172, 75.13855948653527, 108.82181007165902, 74.67871649600824, 75.11390102283853, 108.79321613621808, 108.99283056195583, 75.20738564727777, 108.98191091043596, 75.14356259627407, 108.86919211188285, 108.94386149839933, 109.00456018836681, 74.87303973384618, 108.96480897310727, 75.20173212772136, 108.95138813414803, 74.69138876732282, 75.05930426715955], 'rte': [4.50990378455571, 3.354473479716332, 3.430405074440098, 4.5599558662592, 4.172336143869414, 3.7589220041962994, 3.0990291154678156, 2.984995465387347, 3.962914245410718, 2.810987884790184, 4.303631975726095, 5.422084817535042, 2.98118475340149, 2.249125601421294, 3.313406424500934, 3.718453222290548, 3.383268507144256, 2.510281073065218, 4.794590053767223, 3.456989429889099, 5.0117284151258215, 5.323783360108426, 1.9709896769764266, 4.062907038647113, 4.325149271360093, 3.3175723321481567, 3.1084998805261015, 3.1311911912429435, 3.9541495388267536, 4.091703899859602, 3.335070633778906, 4.903534262430918, 2.962829207685063, 3.3948113090736145, 3.3359506104751504, 2.91620643244983, 1.9086831358713725, 3.985057416614515, 3.187016853982461, 4.913411942502728, 2.475381755244212, 2.6279652919193768, 3.968574468075409, 3.104869763650816, 2.9482706905471496, 2.9377075668221377, 2.0854298384339325, 3.427607269209689, 3.1284658693068272, 2.78829738433397, 1.7550749334084192, 3.2175694101027217, 4.171636616956484, 2.9398985611976394, 2.4911539659775364, 2.6030968616381243]}",/home/ojab2/work/git/vggt/colmap_outputs/lego_1_n60_s42_default_farthestpose_sharedcam/eval_results.json,lego_1_n60_s42_default_farthestpose_sharedcam,lego_1_n60_s42_default_farthestpose_sharedcam_i60_gteval_poseopt_steps15000_val_step14999.json,5276,colmap |  |  |  | ,60.0
colmap,70,42,,7387,,farthestpose,70,GT Eval,,,,Pose Opt,,,,,0.0,,colmap,,,15000,15000,default,MCMC,,,,,Shared Cam,,,,,gsplat,10.882709503173828,0.5132065415382385,0.6480488181114197,1000000,1.0575501918792725,98.82576751708984,0.1701461615850586,7387,/home/ojab2/work/git/gsplat/results/colmap_outputs/lego_1_n70_s42_default_farthestpose_sharedcam_i70_gteval_poseopt_steps15000/stats/val_step14999.json,/home/ojab2/work/git/gsplat/results/colmap_outputs/lego_1_n70_s42_default_farthestpose_sharedcam_i70_gteval_poseopt_steps15000/stats/val_step14999.json,lego_1_n70_s42_default_farthestpose_sharedcam_i70_gteval_poseopt_steps15000,76.4292,3.071785,70,"{'rre': [31.458381992000298, 31.721974168815997, 31.634460621567513, 31.65229906701109, 156.96939736544886, 156.9931861909486, 156.97110290592624, 157.01138733354824, 31.799873412581796, 157.02327556276208, 157.10070737249873, 31.700815577186127, 157.01924071581595, 31.367350627958533, 31.62118701311153, 156.9962495069484, 31.79590951676567, 31.682836590961116, 31.68850218161817, 156.93786469446087, 31.551204429508935, 31.692211704709294, 156.93491119457613, 31.67966271306473, 157.0226719367785, 31.650173305380576, 31.4589566220444, 31.520571814006605, 156.9521780206202, 31.670271937991235, 156.92249878621828, 31.717328783309323, 31.57881755895676, 31.490537722636024, 31.651604451069456, 31.69253900061257, 157.11799849334554, 31.660669708526655, 157.08296473449775, 31.389413820706277, 31.64191180068584, 156.97191988330965, 31.442908621158818, 157.21692386277974, 31.747335435444985, 156.95075490980247, 31.648371889750635, 157.12829425700596, 31.697057590502492, 157.00049618300346, 156.97031344431926, 31.4068993563823, 31.477209824147298, 33.017067296508024, 31.413017254033562, 31.669194529635263, 31.685936275854036, 157.06437479622656, 31.641694712597637, 157.00463299578493, 31.669468198419494, 31.587062092697437, 31.689167567958794, 31.71510308726407, 31.655778725931352, 31.669108956760844, 157.03421946376565, 31.678827734818167, 32.0220973462408, 156.94507939782744], 'rte': [3.424929076397738, 2.307532967015176, 2.258880475212913, 2.0887011013530343, 4.6389982786311235, 5.260933811812278, 4.732957188462203, 4.5445814502619255, 2.206082725162192, 4.244301361110411, 4.441331080326744, 1.5419215136063902, 4.838352535874055, 3.652166956954745, 2.7327304996625696, 4.090622267436086, 1.6196077106968239, 0.975901032607784, 2.8324630612648636, 3.0615385052048536, 2.9562378510046283, 2.914697287626241, 3.350864290993709, 1.8753122642315894, 5.512370163818035, 2.975118306420877, 3.6495299296261647, 3.6906527164101033, 3.0359027855095166, 1.0782604811526089, 2.057215472457597, 2.1496205233296837, 2.7291482063690617, 3.464991016799585, 2.684997647512906, 2.669641063930798, 4.68792633421726, 1.9007900031985587, 4.436649115609375, 3.4500695205131993, 2.5034516140629335, 4.487334083356972, 3.6832514664687035, 4.804512418522519, 2.216089364328439, 4.160354411446048, 2.6780120337852606, 4.644448322269229, 1.171710476636887, 4.602429334408083, 4.079928323523714, 3.682992087577757, 1.6943032500660822, 1.4911218330519629, 3.3684738176058566, 2.0114930107066322, 2.5104804357576134, 3.4345707249494977, 2.4876160697143064, 3.361422070042395, 3.0238872986328165, 1.381633951857216, 2.692046778322207, 2.3061126607586577, 1.1183571273528619, 2.718241372308683, 4.727697082789183, 2.5018669117305206, 1.76214672480336, 2.9544583919515146]}",/home/ojab2/work/git/vggt/colmap_outputs/lego_1_n70_s42_default_farthestpose_sharedcam/eval_results.json,lego_1_n70_s42_default_farthestpose_sharedcam,lego_1_n70_s42_default_farthestpose_sharedcam_i70_gteval_poseopt_steps15000_val_step14999.json,7387,colmap |  |  |  | ,70.0
colmap,80,42,,9496,,farthestpose,80,GT Eval,,,,Pose Opt,,,,,0.0,,colmap,,,15000,15000,default,MCMC,,,,,Shared Cam,,,,,gsplat,10.60762882232666,0.5252785086631775,0.5261194109916687,1000000,0.28816163539886475,16.322282791137695,0.08629649649044382,9496,/home/ojab2/work/git/gsplat/results/colmap_outputs/lego_1_n80_s42_default_farthestpose_sharedcam_i80_gteval_poseopt_steps15000/stats/val_step14999.json,/home/ojab2/work/git/gsplat/results/colmap_outputs/lego_1_n80_s42_default_farthestpose_sharedcam_i80_gteval_poseopt_steps15000/stats/val_step14999.json,lego_1_n80_s42_default_farthestpose_sharedcam_i80_gteval_poseopt_steps15000,13.712,0.865246,80,"{'rre': [2.7723807158588762, 2.8630677482273788, 2.689762200599454, 2.7217990960837186, 2.389145313440103, 2.7272721189118756, 179.9399734458409, 2.613712122850897, 2.612645610350244, 2.4431778807128257, 2.861871736612793, 2.4499228357361105, 2.6595100788847614, 179.3666387612892, 2.7064432251352453, 178.66657088057093, 2.7582003837323312, 2.69872378027489, 2.484196655149198, 2.588503560104929, 2.6998879028365654, 2.7887498342724713, 2.565668606969824, 2.738233430600263, 2.7342907944608057, 2.5439294336149, 2.626195925790322, 2.700393221950636, 179.9180077082305, 2.714733055041589, 2.737398900975601, 3.028084283785761, 2.560119305035581, 2.6881824645021832, 2.6353681478079927, 2.676585631993458, 2.5852591026356646, 2.8077915416913766, 2.5931187531720354, 2.780040061573765, 2.7741892089073183, 2.735910778366605, 2.3672670154003783, 2.684801568037759, 2.6790974916762145, 179.02791005194376, 2.7869515665642592, 2.6852572058263844, 2.4464979717282205, 2.7831923595270585, 2.403535991970469, 2.704683623605638, 2.577447060757344, 2.6427522522101277, 2.433471833667591, 2.6602354895676714, 2.6168980459558373, 2.579948870291644, 2.7927515119917503, 2.789704711981486, 2.6335309968814635, 2.771999172690446, 2.6795744588275414, 2.780502072636507, 2.532120950831585, 2.723943118039492, 2.748530558196957, 2.5963151976862506, 2.8340437474773434, 2.624830705814065, 2.6589550214275652, 2.7578694481890156, 2.7944398353324833, 2.662523067426186, 2.65899183934618, 2.687994082895228, 2.4257289229625583, 2.803121493018315, 2.7038669254615915, 2.574559241476831], 'rte': [0.5892171647711255, 0.8128343954970361, 0.2826924311740259, 0.3598342023164551, 0.5516642973366503, 0.5153958005396115, 6.228683198749305, 0.35824731697709, 0.21027555940247572, 0.4077447670823583, 0.775076893268304, 0.4603302286202422, 0.4781225932722333, 5.622373382373415, 0.6703424891260588, 6.625841098724047, 0.491534284347333, 0.41703487577667914, 0.4146841733552039, 0.6854111639514899, 0.5160377166982499, 0.8020659246865893, 0.31028400212035384, 0.5909624638191088, 0.7101363887188307, 0.33326243973345704, 0.2060161467080212, 0.3167627884754263, 6.542538475069839, 0.7088657628399244, 0.5707996861633706, 0.5411072864484466, 0.25918285738825025, 0.5449175925412928, 0.509547040958754, 0.24882221618020606, 0.20530956930524102, 0.6223018480166458, 0.3032417181545659, 0.6416929691694785, 0.8235151076710504, 0.6872590697296811, 0.5930506203103824, 0.2704536158135701, 0.5537663655500059, 5.898386778670739, 0.6926193901922557, 0.3578860074424438, 0.48293055437767773, 0.5994851577689855, 0.6360514529171891, 0.4851821073161708, 0.3196427499065228, 0.8298079443317093, 0.5887079107526335, 0.5771944149296951, 0.3380863415190836, 0.35566122747940104, 0.5964197863329751, 0.6288068615643666, 0.11469035423425798, 0.6961706733198726, 0.304647382459881, 0.7758899207587541, 0.21087522346675844, 0.33731443732988875, 0.7183345134280702, 0.44167291033026196, 0.8031211309886077, 0.3051292728806132, 0.5660287782933242, 0.7105084169260986, 0.7129345706265175, 0.5716733298175944, 0.5464226764893612, 0.6484393340133825, 0.4408819254581287, 0.7100612323134171, 0.6412538096375432, 0.20754872457317702]}",/home/ojab2/work/git/vggt/colmap_outputs/lego_1_n80_s42_default_farthestpose_sharedcam/eval_results.json,lego_1_n80_s42_default_farthestpose_sharedcam,lego_1_n80_s42_default_farthestpose_sharedcam_i80_gteval_poseopt_steps15000_val_step14999.json,9496,colmap |  |  |  | ,80.0
colmap,87,42,,10350,,farthestpose,87,GT Eval,,,,Pose Opt,,,,,0.0,,colmap,,,15000,15000,default,MCMC,,,,,Shared Cam,,,,,gsplat,10.687294006347656,0.5188292860984802,0.53187096118927,1000000,0.24047112464904785,12.800947189331055,0.09511625890688431,10350,/home/ojab2/work/git/gsplat/results/colmap_outputs/lego_1_n87_s42_default_farthestpose_sharedcam_i87_gteval_poseopt_steps15000/stats/val_step14999.json,/home/ojab2/work/git/gsplat/results/colmap_outputs/lego_1_n87_s42_default_farthestpose_sharedcam_i87_gteval_poseopt_steps15000/stats/val_step14999.json,lego_1_n87_s42_default_farthestpose_sharedcam_i87_gteval_poseopt_steps15000,12.7941,0.784629,87,"{'rre': [2.812505226335061, 2.8615148811042546, 2.7083569224785355, 2.731301662421885, 2.3925702947242726, 2.7220578186940485, 179.238161316556, 2.5003858562087613, 2.62940268900411, 2.4313211552139498, 2.9080203889284015, 2.4863210524084787, 2.682900342664081, 178.87125361892583, 2.584374472068911, 178.24902152615473, 2.830674889396783, 2.7213144128392144, 2.483259305589438, 2.5835768075914882, 2.703847605513599, 2.711170715045882, 2.755483310080279, 2.515096417034729, 2.7576823376083617, 2.7726098353916204, 2.5415239153864846, 2.6092513166658255, 2.714992854130909, 179.2256145727285, 2.7536509774573372, 2.8056487239077343, 3.07140190090349, 2.4973273388197392, 2.631292031547698, 2.577283968776697, 2.66869478393277, 2.6537293390344336, 2.5949105607900544, 2.7791290294746243, 2.6352527942268162, 2.8015406891724615, 2.834626464995434, 2.7864728831587136, 2.3781013488362266, 2.739784007358475, 2.684570968085575, 2.684724152113659, 178.5657247558751, 2.819287216426631, 2.6999003141860958, 2.733182089893669, 2.444577645915626, 2.8254942047759264, 2.4071336700931387, 2.708681701035011, 2.528949171922946, 2.691357839229612, 2.6950462528867063, 2.4446458609188206, 2.65784855788289, 2.5883659768507763, 2.5344943395241843, 2.8325219723627875, 2.6927027298722432, 2.65585740565189, 2.819016534782458, 2.704333259277716, 2.7929369373038515, 2.515463858136783, 2.7376075040545915, 2.752928407043641, 2.5778908314087112, 2.8938558062675734, 2.5850494516760048, 2.647441752478061, 2.668822938642493, 2.784691991651652, 2.819285810015846, 2.7057756022650956, 2.6994236896668107, 2.637506492744213, 2.7151592381510468, 2.390553850274044, 2.8032949909194884, 2.4511320811499915, 2.549228170787031], 'rte': [0.5395539819899583, 0.7583987793996947, 0.24914185086072596, 0.3183724285515001, 0.512217663766166, 0.46846389470703476, 6.193088593350093, 0.3423172538356324, 0.18190406643040702, 0.38573860791656245, 0.7198010606892543, 0.4261942404865421, 0.43662984814826306, 5.529797076494644, 0.6251677105012724, 6.5794254751142764, 0.45640390660750174, 0.37652885972289235, 0.38449927687547336, 0.6378281896814589, 0.47254777905031997, 0.3998800412418077, 0.7445129557899923, 0.29001411662318527, 0.5405010958854893, 0.6521633260392252, 0.31121066060168334, 0.17739585173705277, 0.27778388270490423, 6.525213708631862, 0.6507070418596674, 0.5248849758104827, 0.5021464907275117, 0.24343414841602035, 0.5005114089048188, 0.47391693143291713, 0.21512943482667699, 0.3361076705172132, 0.18372842741872397, 0.5704955983576685, 0.2773432304374415, 0.5905771748439252, 0.7654345976854257, 0.6298673408468032, 0.5503820899251131, 0.32573494552773125, 0.2353897998927512, 0.5038589347103016, 5.8063141833732, 0.6381600062921174, 0.31931955725275407, 0.38427721051928887, 0.44835416450772525, 0.5525629119077108, 0.5926047127759647, 0.43756950181016574, 0.3028065501241925, 0.771897270409495, 0.300855096975846, 0.5445376872048914, 0.534920572670525, 0.3284623594053005, 0.3338727006028463, 0.5497473123399311, 0.5893477593932691, 0.09183978675294566, 0.6405576430350391, 0.2666159553115802, 0.7180296773166749, 0.2048301559004451, 0.29613281559492893, 0.6614731000105608, 0.41086146397388473, 0.7445810854530425, 0.28178692989460247, 0.5189647198701699, 0.2761330147480802, 0.6533851295137925, 0.6564959919105805, 0.3158911536393232, 0.5258735888138902, 0.5008467410030343, 0.5931882529091728, 0.41841738303870224, 0.6542297109388927, 0.6094785237529742, 0.19519605379260116]}",/home/ojab2/work/git/vggt/colmap_outputs/lego_1_n87_s42_default_farthestpose_sharedcam/eval_results.json,lego_1_n87_s42_default_farthestpose_sharedcam,lego_1_n87_s42_default_farthestpose_sharedcam_i87_gteval_poseopt_steps15000_val_step14999.json,10350,colmap |  |  |  | ,87.0
vggt,10,42,0.0,10000,random,farthestpose,10,GT Eval,,,,Pose Opt,,,,,0.0,,vggt,,,15000,15000,,MCMC,,,,,,,,,,gsplat,13.628019332885742,0.3547708988189697,0.5990500450134277,1000000,0.033232420682907104,2.4612040519714355,0.2901307586883089,10000,/home/ojab2/work/git/gsplat/results/vggt_outputs/lego_1_n10_s42_c0.0_p10000_random_farthestpose_i10_gteval_poseopt_steps15000/stats/val_step14999.json,/home/ojab2/work/git/gsplat/results/vggt_outputs/lego_1_n10_s42_c0.0_p10000_random_farthestpose_i10_gteval_poseopt_steps15000/stats/val_step14999.json,lego_1_n10_s42_c0.0_p10000_random_farthestpose_i10_gteval_poseopt_steps15000,2.5925,0.160213,10,"{'rre': [1.6266341599476386, 1.909967985590693, 1.807356551598009, 4.631092461447753, 2.264476975416255, 3.628493869377365, 2.570229115120226, 1.9786642518005249, 2.633868317856109, 2.873787859299574], 'rte': [0.07706887014994765, 0.14197238143952773, 0.12894644115084344, 0.2898727281465943, 0.07991427776018654, 0.21433849377223713, 0.12282756069085203, 0.1649510005378684, 0.20262879884503365, 0.17960747152332585]}",/home/ojab2/work/git/vggt/vggt_outputs/lego_1_n10_s42_c0.0_p10000_random_farthestpose/eval_results.json,lego_1_n10_s42_c0.0_p10000_random_farthestpose,lego_1_n10_s42_c0.0_p10000_random_farthestpose_i10_gteval_poseopt_steps15000_val_step14999.json,10000,vggt |  |  |  | ,10.0
vggt,20,42,0.0,20000,random,farthestpose,20,GT Eval,,,,Pose Opt,,,,,0.0,,vggt,,,15000,15000,,MCMC,,,,,,,,,,gsplat,13.953129768371582,0.32779231667518616,0.6189408302307129,1000000,0.029718836769461632,2.0122835636138916,0.32443680621494786,20000,/home/ojab2/work/git/gsplat/results/vggt_outputs/lego_1_n20_s42_c0.0_p20000_random_farthestpose_i20_gteval_poseopt_steps15000/stats/val_step14999.json,/home/ojab2/work/git/gsplat/results/vggt_outputs/lego_1_n20_s42_c0.0_p20000_random_farthestpose_i20_gteval_poseopt_steps15000/stats/val_step14999.json,lego_1_n20_s42_c0.0_p20000_random_farthestpose_i20_gteval_poseopt_steps15000,2.2981,0.141203,20,"{'rre': [0.9212039383890606, 0.9493475062986179, 4.506806982067329, 2.1440545399732835, 1.2124696433302677, 1.431407686699282, 2.921872292868299, 3.6661946055140437, 1.8265750651442512, 0.9007581205475222, 2.503622613868651, 1.5226237283843194, 3.3906450368277548, 2.2562393571881465, 3.2734351116294915, 1.8773893222316467, 2.7866235513340243, 2.242593003670146, 1.9819814468755546, 3.646497007875016], 'rte': [0.057639185103083315, 0.10790200613116233, 0.24482638637207246, 0.10746896454435935, 0.07087230084080429, 0.09888052517893892, 0.11367530738809713, 0.22002879803894312, 0.1264919164141949, 0.06944451879144162, 0.11957861593690397, 0.15445714659527984, 0.2725865961328236, 0.11772466122164776, 0.16088921667093858, 0.1297942321511296, 0.21903880568256756, 0.13576491593298862, 0.1133245085882031, 0.18366822482732104]}",/home/ojab2/work/git/vggt/vggt_outputs/lego_1_n20_s42_c0.0_p20000_random_farthestpose/eval_results.json,lego_1_n20_s42_c0.0_p20000_random_farthestpose,lego_1_n20_s42_c0.0_p20000_random_farthestpose_i20_gteval_poseopt_steps15000_val_step14999.json,20000,vggt |  |  |  | ,20.0
vggt,30,42,0.0,30000,random,farthestpose,30,GT Eval,,,,Pose Opt,,,,,0.0,,vggt,,,15000,15000,,MCMC,,,,,,,,,,gsplat,14.10421371459961,0.3168140649795532,0.627298891544342,1000000,0.026523420587182045,1.924529790878296,0.3388991108027428,30000,/home/ojab2/work/git/gsplat/results/vggt_outputs/lego_1_n30_s42_c0.0_p30000_random_farthestpose_i30_gteval_poseopt_steps15000/stats/val_step14999.json,/home/ojab2/work/git/gsplat/results/vggt_outputs/lego_1_n30_s42_c0.0_p30000_random_farthestpose_i30_gteval_poseopt_steps15000/stats/val_step14999.json,lego_1_n30_s42_c0.0_p30000_random_farthestpose_i30_gteval_poseopt_steps15000,2.2345,0.136023,30,"{'rre': [1.0912133412729819, 0.8582243534724348, 4.5252912250174395, 2.1898825123516295, 1.636146685016254, 1.2256050845927835, 1.1409327841055268, 1.2167208375360354, 2.760998363879725, 0.7971791552259911, 3.699280257010556, 3.1964425655345052, 2.294118047199572, 1.3200697224643898, 0.7912999482719456, 1.9278659521881227, 1.334681538430262, 2.7791052893369996, 3.6756902337421877, 1.8744464442184785, 2.240760361270542, 2.504177069238901, 3.0666662433523277, 2.6464787524542386, 1.7761598007780255, 3.5026215249368953, 3.2809672720501273, 1.9110248527650924, 2.188932854666224, 3.5827092648578995], 'rte': [0.05738150500459426, 0.07264550699250172, 0.27090992727511565, 0.12430919055956172, 0.10410325468182297, 0.102232155620331, 0.06068503938213414, 0.08340058731512627, 0.12071761906714971, 0.054999063969068986, 0.24618116745405563, 0.21863348606856295, 0.07984878425108537, 0.09087287504439767, 0.05813573721563832, 0.10554511188704907, 0.1361844617357109, 0.19684179671696184, 0.25548254004566723, 0.13571731118755237, 0.09504163363331393, 0.13703659255688816, 0.14431382558626826, 0.15017044350638944, 0.1293773929924621, 0.1779633113790436, 0.21517792023225257, 0.13320366157844968, 0.13959272668182457, 0.18397626495913047]}",/home/ojab2/work/git/vggt/vggt_outputs/lego_1_n30_s42_c0.0_p30000_random_farthestpose/eval_results.json,lego_1_n30_s42_c0.0_p30000_random_farthestpose,lego_1_n30_s42_c0.0_p30000_random_farthestpose_i30_gteval_poseopt_steps15000_val_step14999.json,30000,vggt |  |  |  | ,30.0
vggt,40,42,0.0,40000,random,farthestpose,40,GT Eval,,,,Pose Opt,,,,,0.0,,vggt,,,15000,15000,,MCMC,,,,,,,,,,gsplat,14.638413429260254,0.2708923816680908,0.652127206325531,1000000,0.015185007825493813,1.205845832824707,0.39165789853294913,40000,/home/ojab2/work/git/gsplat/results/vggt_outputs/lego_1_n40_s42_c0.0_p40000_random_farthestpose_i40_gteval_poseopt_steps15000/stats/val_step14999.json,/home/ojab2/work/git/gsplat/results/vggt_outputs/lego_1_n40_s42_c0.0_p40000_random_farthestpose_i40_gteval_poseopt_steps15000/stats/val_step14999.json,lego_1_n40_s42_c0.0_p40000_random_farthestpose_i40_gteval_poseopt_steps15000,1.3219,0.069077,40,"{'rre': [0.8418481981511626, 0.7248766330704984, 2.5636923714847404, 0.34118408687530827, 1.0478067827315882, 1.5317364988671203, 1.830693520509598, 2.5996216980904543, 1.6241417738886212, 1.1989944159185613, 1.0244144544850502, 0.8575540210698517, 1.4682293821111025, 1.1658236446377714, 1.4683547162146804, 0.6722187892147775, 0.7599146616817998, 1.0949932655381467, 1.9923200529867358, 0.6546296847621634, 0.6848511222709956, 1.2405520427393661, 0.51334611848043, 0.4977294507599692, 1.308113915198323, 0.7239527870637251, 2.9204620894497895, 1.9249592030229192, 2.2373388578972992, 1.6534613250741184, 0.7301893473626837, 1.59330426228419, 1.0610069873847165, 2.0260881020779857, 1.1764757512198543, 1.800953502102197, 1.3985373719159333, 1.0093208169335361, 1.6225790243126024, 1.2893476980254457], 'rte': [0.024518096208540938, 0.07814735600410583, 0.15340582514081608, 0.03845183812238804, 0.036914109040427134, 0.03564186218888465, 0.10967828062385812, 0.13883844559692757, 0.0860892356364555, 0.031857492345651155, 0.05952146114468278, 0.04186746180976474, 0.06974410636083071, 0.039694679473822624, 0.07627251161950692, 0.018162408796341532, 0.06025041883936539, 0.09315844700568639, 0.09804550776141209, 0.0364236832233421, 0.04533387952130482, 0.035868929528140296, 0.055379520810414376, 0.0935646147270394, 0.08031483017228755, 0.013654367415682786, 0.15741545248069616, 0.09017995288581386, 0.18415326536598003, 0.04828385230902957, 0.08976408305132778, 0.031882686860047096, 0.0424776364457201, 0.09726481202466156, 0.028557322323779402, 0.07699292240520247, 0.06825128219472272, 0.10741727047531054, 0.05052852130761772, 0.039102451959602325]}",/home/ojab2/work/git/vggt/vggt_outputs/lego_1_n40_s42_c0.0_p40000_random_farthestpose/eval_results.json,lego_1_n40_s42_c0.0_p40000_random_farthestpose,lego_1_n40_s42_c0.0_p40000_random_farthestpose_i40_gteval_poseopt_steps15000_val_step14999.json,40000,vggt |  |  |  | ,40.0
vggt,50,42,0.0,50000,random,farthestpose,50,GT Eval,,,,Pose Opt,,,,,0.0,,vggt,,,15000,15000,,MCMC,,,,,,,,,,gsplat,15.3817777633667,0.2240402102470398,0.6776379346847534,1000000,0.009889080189168453,0.7713083028793335,0.44926355278592667,50000,/home/ojab2/work/git/gsplat/results/vggt_outputs/lego_1_n50_s42_c0.0_p50000_random_farthestpose_i50_gteval_poseopt_steps15000/stats/val_step14999.json,/home/ojab2/work/git/gsplat/results/vggt_outputs/lego_1_n50_s42_c0.0_p50000_random_farthestpose_i50_gteval_poseopt_steps15000/stats/val_step14999.json,lego_1_n50_s42_c0.0_p50000_random_farthestpose_i50_gteval_poseopt_steps15000,0.8706,0.041593,50,"{'rre': [0.4940842973821122, 0.6257792821799902, 0.18370370773690795, 1.763069429868516, 0.41593731821704766, 0.8732502562769348, 1.1207812389280536, 1.0459802019234985, 1.786361577282521, 0.8124732225297495, 0.7999051380905339, 0.7723097119545337, 0.5110029924864755, 0.5894668370636968, 1.4715641997348738, 0.7992062750394983, 1.1423549670649429, 0.47157162844329614, 0.46187241999642104, 0.7004833234325479, 0.5690815998135904, 0.9581933764205887, 0.5701343374288663, 0.11028600718024242, 0.7492856337020223, 1.1323580572335015, 0.4377485662617042, 0.8401883961962258, 0.5220941239183106, 0.3571367485462728, 1.9691899531158168, 1.0236231416834418, 1.6910422923952213, 1.2307685608423455, 0.7171420030089967, 1.1038422279293656, 0.7596814958401631, 0.8683805217616627, 0.9601903538544793, 1.0570394706145225, 0.8871333710599543, 0.9910530994599379, 1.1272433637691104, 0.6572091479394547, 0.7172393848824785, 0.14064647064399166, 1.1161017182766761, 1.2119051537057606, 1.3024705571762378, 0.9124102848998519], 'rte': [0.020255090021312854, 0.06346528225402485, 0.02313721488396963, 0.1183316238334219, 0.02570659522842875, 0.01881568250235813, 0.021931224980772376, 0.05855269556260737, 0.09877439237391684, 0.042351207361021076, 0.0226066682286504, 0.02591517651800781, 0.023159854603167714, 0.036579785275044734, 0.0529332564145283, 0.024358081869018368, 0.05474538516056377, 0.022664638880481147, 0.02208716206041556, 0.03846688451004152, 0.0507516126249178, 0.04785454627381868, 0.02760602567326214, 0.022519822425460148, 0.01875298157138443, 0.06447744787658087, 0.06317324526758539, 0.03427552078193904, 0.01976798630177694, 0.03142892543951212, 0.10956349808560142, 0.042332915392932845, 0.13066422994880095, 0.028289640148147503, 0.05146526480321234, 0.03547944337343361, 0.02269347017007631, 0.01940315948185002, 0.023208026271633948, 0.045000370000439154, 0.030066915015195293, 0.03503213527673167, 0.048744076383951604, 0.02997748705664431, 0.041540982064232394, 0.04346277790836651, 0.03098734926041663, 0.03539003926245248, 0.04758529024177814, 0.03331280128170898]}",/home/ojab2/work/git/vggt/vggt_outputs/lego_1_n50_s42_c0.0_p50000_random_farthestpose/eval_results.json,lego_1_n50_s42_c0.0_p50000_random_farthestpose,lego_1_n50_s42_c0.0_p50000_random_farthestpose_i50_gteval_poseopt_steps15000_val_step14999.json,50000,vggt |  |  |  | ,50.0
vggt,60,42,0.0,60000,random,farthestpose,60,GT Eval,,,,Pose Opt,,,,,0.0,,vggt,,,15000,15000,,MCMC,,,,,,,,,,gsplat,16.55706787109375,0.16908125579357147,0.7060872912406921,1000000,0.006956490222364664,0.5381671190261841,0.5215905155548419,60000,/home/ojab2/work/git/gsplat/results/vggt_outputs/lego_1_n60_s42_c0.0_p60000_random_farthestpose_i60_gteval_poseopt_steps15000/stats/val_step14999.json,/home/ojab2/work/git/gsplat/results/vggt_outputs/lego_1_n60_s42_c0.0_p60000_random_farthestpose_i60_gteval_poseopt_steps15000/stats/val_step14999.json,lego_1_n60_s42_c0.0_p60000_random_farthestpose_i60_gteval_poseopt_steps15000,0.6267,0.028956,60,"{'rre': [0.2746400775511351, 0.4268217976015389, 0.3573665130769007, 1.2435968364374372, 0.4173495448102713, 0.7681049459506196, 0.8048243902660722, 0.5843508200622926, 1.2785658716801067, 0.4558391818350328, 0.6221829588629375, 0.5694756004451578, 0.3904207568886925, 0.3592110276400223, 0.9961789514101761, 0.5947254420975335, 0.9960709096829387, 0.3599054596956507, 0.33922285308788913, 0.6165731336392466, 0.5092025541766749, 0.35587003111247384, 0.5006374883272566, 0.435873854682609, 0.39896906486015127, 0.3442425781336262, 0.490921186417544, 1.0869364902147611, 0.8099232447167106, 0.4419326189118999, 0.35816212905466693, 0.5811200813688242, 0.37675769888544935, 0.3108506972768474, 1.265855165573347, 0.612508342401386, 1.182267681937504, 0.9318377866483807, 0.8924794076746542, 0.8201190789107297, 0.44938745524609175, 0.7583428533963589, 0.8344654684867945, 0.6426564147197837, 0.5885442244646627, 0.2614381721527306, 0.5413546576713557, 0.8232500234792528, 0.5946188459275487, 0.565532022461821, 0.47969817755742267, 0.4144704589428659, 0.7564884531746834, 0.809194984927032, 0.6757961197617743, 0.5221997483741895, 0.9208071249869785, 0.563062298754752, 0.5533127163705464, 0.6867438651631187], 'rte': [0.014272838056553938, 0.0512298293056866, 0.013504814147166429, 0.09039598312825181, 0.021482770613124775, 0.025717061539604992, 0.016422267829119954, 0.03896602118857029, 0.07359001843593034, 0.017980479255739513, 0.023799002545550372, 0.014428470562218663, 0.01693244063276052, 0.02238112909296693, 0.02803558749793676, 0.021626918470621998, 0.04812956838158515, 0.011029152852082976, 0.01885671892533508, 0.014607991458779033, 0.02472367490516062, 0.029110060964740243, 0.029209654354750977, 0.024682470534205858, 0.019455467901797634, 0.017239978648558127, 0.014367716845693133, 0.060316681078718216, 0.024197579757373598, 0.041011222831920165, 0.01844443752302613, 0.01662474833020057, 0.017306925957004157, 0.020900141757669348, 0.07301763893685481, 0.028059536459895906, 0.08916613780636881, 0.023154286460565526, 0.05309076680045381, 0.03404899832359833, 0.007386147363551172, 0.020651752569917376, 0.01799936854901903, 0.02977663115541244, 0.026944244225520574, 0.017388799844710787, 0.017755287068708957, 0.034891007038262645, 0.017877859230414583, 0.023727745131239403, 0.05652044832372978, 0.025214151854395624, 0.01984993704391862, 0.020743924128284272, 0.028656536878080438, 0.01833895762441692, 0.03384511321531558, 0.02608868791871692, 0.022924656604974503, 0.029267714196257438]}",/home/ojab2/work/git/vggt/vggt_outputs/lego_1_n60_s42_c0.0_p60000_random_farthestpose/eval_results.json,lego_1_n60_s42_c0.0_p60000_random_farthestpose,lego_1_n60_s42_c0.0_p60000_random_farthestpose_i60_gteval_poseopt_steps15000_val_step14999.json,60000,vggt |  |  |  | ,60.0
vggt,70,42,0.0,70000,random,farthestpose,70,GT Eval,,,,Pose Opt,,,,,0.0,,vggt,,,15000,15000,,MCMC,,,,,,,,,,gsplat,18.921361923217773,0.09955736994743347,0.7566825151443481,1000000,0.005215624812990427,0.338711142539978,0.6378775678957491,70000,/home/ojab2/work/git/gsplat/results/vggt_outputs/lego_1_n70_s42_c0.0_p70000_random_farthestpose_i70_gteval_poseopt_steps15000/stats/val_step14999.json,/home/ojab2/work/git/gsplat/results/vggt_outputs/lego_1_n70_s42_c0.0_p70000_random_farthestpose_i70_gteval_poseopt_steps15000/stats/val_step14999.json,lego_1_n70_s42_c0.0_p70000_random_farthestpose_i70_gteval_poseopt_steps15000,0.4264,0.02124,70,"{'rre': [0.20422541826465312, 0.28739269790542216, 0.3902625555497498, 0.4013414012850939, 0.7686778924882292, 0.31892043960591676, 0.5487981320799461, 0.4696728304629204, 0.4038811010839828, 0.751978381759533, 0.3246373463482153, 0.365002133115243, 0.3845888542372136, 0.20349980055007602, 0.42804339188335694, 0.5692024200938147, 0.33699929480656826, 0.3407753898734557, 0.8026793727106463, 0.45356047533882976, 0.3257796361833251, 0.2665925713798531, 0.4673956103897121, 0.5348182473478819, 0.34189837685471886, 0.24425354127295937, 0.2119074681999189, 0.24242294998181968, 0.49516763173126666, 0.13267750383745122, 0.4263746254309886, 0.45014051814784883, 0.4273199995237841, 0.2517762857584612, 0.8370803406450517, 0.45912731141604995, 0.41219560047364556, 0.4392471882600355, 0.4079340486453438, 0.2132312760451229, 0.415915150613527, 0.6622402612854464, 0.2971126821518808, 0.7669962281248005, 0.2704756501511092, 0.6261685578492537, 0.7065098482740533, 0.5602119703164613, 0.22112799612500572, 0.5519695251262818, 0.5832258751109203, 0.3135825987882899, 0.26365777867994306, 0.2876708718104731, 0.26732218878889785, 0.43353151349857433, 0.5940316646674287, 0.4768602012449125, 0.41960410573607015, 0.24631616750287863, 0.5537384707354414, 0.49488186346889246, 0.46011186992925984, 0.5244717147121466, 0.44718699504640214, 0.3564050492244204, 0.5547439056261652, 0.38709256710344536, 0.22860810787742686, 0.5370963658091896], 'rte': [0.013392300991694944, 0.03529659254192983, 0.009506256131906175, 0.021104095512335427, 0.05968973777468896, 0.01574930149260042, 0.018698212320791358, 0.004164281741098964, 0.029941915603197717, 0.046090410491078156, 0.006703853066583953, 0.017211670387053356, 0.009288123821357498, 0.017023873780280228, 0.01906191495166649, 0.011428731062759925, 0.01474873587499658, 0.01934351186089291, 0.03644036786533561, 0.01481234049186799, 0.009798596224830786, 0.01584235276416188, 0.011609711447101207, 0.026512322933326043, 0.015747020273939163, 0.018705463405508476, 0.023315476429031888, 0.02401925803481868, 0.02123545420108939, 0.019973723580606253, 0.02388946066491214, 0.02331550611398814, 0.01721373751594034, 0.014195541047890723, 0.046483176298180995, 0.011126893460203976, 0.027681251994917257, 0.01920811004364734, 0.00796767286318807, 0.01691380855701278, 0.015135468163776053, 0.037978790683048824, 0.021321586589160186, 0.060191485316104826, 0.010270864114998838, 0.019317791102825707, 0.041419710752017315, 0.028902229958117375, 0.018374244881446462, 0.018024407241672626, 0.016761366376285666, 0.022460394965491615, 0.026231234710580136, 0.013634177484675214, 0.014562511639605568, 0.02140583779283572, 0.02525034638596929, 0.01439783136610023, 0.015036325264955349, 0.03970908113238818, 0.0241835097596711, 0.03465741029647283, 0.010736855229833865, 0.013541149452739725, 0.021782779766775832, 0.008798014578774736, 0.016550264709187565, 0.01279499241042203, 0.02412268192020334, 0.024775012354060696]}",/home/ojab2/work/git/vggt/vggt_outputs/lego_1_n70_s42_c0.0_p70000_random_farthestpose/eval_results.json,lego_1_n70_s42_c0.0_p70000_random_farthestpose,lego_1_n70_s42_c0.0_p70000_random_farthestpose_i70_gteval_poseopt_steps15000_val_step14999.json,70000,vggt |  |  |  | ,70.0
vggt,80,42,0.0,80000,random,farthestpose,80,GT Eval,,,,Pose Opt,,,,,0.0,,vggt,,,15000,15000,,MCMC,,,,,,,,,,gsplat,20.245540618896484,0.07524383068084717,0.7706336975097656,1000000,0.005502862390130758,0.25998860597610474,0.6855663393440766,80000,/home/ojab2/work/git/gsplat/results/vggt_outputs/lego_1_n80_s42_c0.0_p80000_random_farthestpose_i80_gteval_poseopt_steps15000/stats/val_step14999.json,/home/ojab2/work/git/gsplat/results/vggt_outputs/lego_1_n80_s42_c0.0_p80000_random_farthestpose_i80_gteval_poseopt_steps15000/stats/val_step14999.json,lego_1_n80_s42_c0.0_p80000_random_farthestpose_i80_gteval_poseopt_steps15000,0.3472,0.018759,80,"{'rre': [0.20512931318182615, 0.2348650999816677, 0.39995849865078953, 0.40165938481400426, 0.4985608419872191, 0.29106653639441676, 0.30147902033202123, 0.42231077111504683, 0.3174555229919122, 0.3087888451058158, 0.2933966016276884, 0.49382693274308975, 0.18521440325017624, 0.28302295958561574, 0.25873948659141, 0.33639684614618687, 0.1494135102479882, 0.4542035119248067, 0.37800738333761436, 0.24629957247833398, 0.3065905677424466, 0.695745542910109, 0.31584568927256657, 0.3257408266492234, 0.25995431162227667, 0.35748714990804126, 0.28830081116543044, 0.5433820311955522, 0.3138737234398111, 0.23103176560419122, 0.10939246560801259, 0.17043005278337453, 0.4100688472526725, 0.3696689947083781, 0.11392488959260401, 0.4215987569674855, 0.45954437700356277, 0.3400877591481787, 0.4306253987962133, 0.16334381490056574, 0.6668274809128116, 0.3628084215950005, 0.38257308933283984, 0.4545617866922921, 0.30758644403339336, 0.343269162357589, 0.1560796957429715, 0.4336477893133593, 0.41248017263090114, 0.18742439511508616, 0.6585123314347638, 0.2620874801376099, 0.4596295442997774, 0.5888390063955785, 0.4468699907284644, 0.19083055710453245, 0.43312789613263963, 0.40832630073674736, 0.21206305647965187, 0.1541997143357344, 0.32324529990190304, 0.22764813530570815, 0.46300980857357055, 0.49236498314763066, 0.3775435368115324, 0.4541529142708246, 0.35532090411919653, 0.16297714479175107, 0.5155533243987234, 0.2947996394214134, 0.426588586081374, 0.3481463559051708, 0.4205636071303626, 0.3495679612715553, 0.3717456772677048, 0.2901329705569454, 0.3793879708443212, 0.3268592067008327, 0.13468267073419074, 0.45227194699544165], 'rte': [0.013815840365108516, 0.02545752414511365, 0.012347273358247302, 0.01945149524259907, 0.04047154336512134, 0.021576339126968203, 0.0168803360518857, 0.015155784562896388, 0.015850048026149036, 0.006062527987152762, 0.020607464478027044, 0.035233201260625895, 0.0162208046914885, 0.004148356190793838, 0.01380906370556938, 0.010201807419062691, 0.01916131632516561, 0.020648843189791218, 0.009213679922713472, 0.014905144964955293, 0.0176578991380215, 0.031005154903865993, 0.009940579110589482, 0.013144419858020524, 0.016089715379100904, 0.009995485531530842, 0.006470290516370292, 0.02641974584028212, 0.016393557135936106, 0.01816683412610658, 0.02306828036281136, 0.025015371152976883, 0.018975468249159768, 0.025537865043409127, 0.0241973607100567, 0.024834441961598185, 0.027360051548996366, 0.013671995281222642, 0.017810697799773016, 0.014868213360599932, 0.03664594459991367, 0.009066418158451732, 0.028664910578114416, 0.02059946343490165, 0.016389177696231716, 0.006517879780412005, 0.017313442499592522, 0.015620577594663508, 0.025904439764329833, 0.019324757644859764, 0.05408771958390644, 0.005999008304808995, 0.015928743474805482, 0.03360389486481457, 0.02942383381034956, 0.019389514210555302, 0.01696179782148494, 0.012280375571374605, 0.02099559821881359, 0.026913058468422107, 0.012662061010556853, 0.017896583271451157, 0.021741195872392444, 0.019981768046812814, 0.013767978647524786, 0.026661197557970362, 0.010035600513057926, 0.03039274397724728, 0.021044167857477196, 0.008892344690409334, 0.029681083025784004, 0.007977226653393416, 0.008783877767653553, 0.016955808848198962, 0.023821359172511186, 0.005117876039434461, 0.008480707887186363, 0.006295451213984511, 0.025190080041785794, 0.021902325653742824]}",/home/ojab2/work/git/vggt/vggt_outputs/lego_1_n80_s42_c0.0_p80000_random_farthestpose/eval_results.json,lego_1_n80_s42_c0.0_p80000_random_farthestpose,lego_1_n80_s42_c0.0_p80000_random_farthestpose_i80_gteval_poseopt_steps15000_val_step14999.json,80000,vggt |  |  |  | ,80.0
vggt,87,42,0.0,87000,random,farthestpose,87,GT Eval,,,,Pose Opt,,,,,0.0,,vggt,,,15000,15000,,MCMC,,,,,,,,,,gsplat,20.653635025024414,0.07170300930738449,0.7774046659469604,1000000,0.006083907559514046,0.2550726532936096,0.6992689660321278,87000,/home/ojab2/work/git/gsplat/results/vggt_outputs/lego_1_n87_s42_c0.0_p87000_random_farthestpose_i87_gteval_poseopt_steps15000/stats/val_step14999.json,/home/ojab2/work/git/gsplat/results/vggt_outputs/lego_1_n87_s42_c0.0_p87000_random_farthestpose_i87_gteval_poseopt_steps15000/stats/val_step14999.json,lego_1_n87_s42_c0.0_p87000_random_farthestpose_i87_gteval_poseopt_steps15000,0.3306,0.018825,87,"{'rre': [0.2095773369816027, 0.2320585717686411, 0.4077529666403518, 0.4340923669153102, 0.4651887055672227, 0.25351242200491664, 0.3167062148634217, 0.4071285845159849, 0.32596914392734444, 0.28655731672436274, 0.3001525124761198, 0.43684767263446933, 0.1622631341597539, 0.2884581284379179, 0.23520236115228682, 0.3204967905045965, 0.15480528114137973, 0.4810646863972625, 0.3386515406215489, 0.22633221415468582, 0.3198772581954698, 0.25955596296277605, 0.6574875371805755, 0.3018443378428321, 0.3562301387484214, 0.26979286603396535, 0.32541276333329006, 0.30554202561232824, 0.574456121723799, 0.31742487673790515, 0.24234483527309536, 0.0837948179192538, 0.15479284197826337, 0.36129738891142293, 0.3626006593160225, 0.11486171394030915, 0.42781050465252535, 0.14144317302402312, 0.4635863514349145, 0.32830894925743465, 0.46276259042025236, 0.15260113982858764, 0.6563259955831284, 0.35139549216583615, 0.38989868971458896, 0.19020609884062684, 0.4677734689362332, 0.2844582237591389, 0.3279987206257731, 0.14459026447608223, 0.46849066496863295, 0.2038955425264593, 0.36644400140421607, 0.1823479486819621, 0.6052044272110969, 0.29424013559515355, 0.43079668356790274, 0.5498928768778899, 0.13305943596061828, 0.4297936011449549, 0.20936534193851264, 0.4114893963915454, 0.3644101503416646, 0.2009172432688683, 0.11993357840698912, 0.3315771235196325, 0.2272829057860911, 0.48977735597816124, 0.49583412749458977, 0.3852079178031473, 0.4468093348792375, 0.3487916489462027, 0.17075139736536296, 0.5146901254492435, 0.2673060880380233, 0.4148587060344179, 0.3872152930422016, 0.3587030895724793, 0.4114925974990321, 0.21134999761703696, 0.34889385214938834, 0.3580099117761079, 0.2901444046596865, 0.36309205110155957, 0.31543037634975224, 0.12456830276589077, 0.4546630497760331], 'rte': [0.014742611982183748, 0.025397794283430353, 0.012530460121385282, 0.018808543121259375, 0.038613633147601883, 0.01686353700364245, 0.018161678470818857, 0.015727155341863416, 0.01648583902188679, 0.0043646276100551065, 0.02060527036252288, 0.03199529750787696, 0.014123982212920593, 0.005787722811278293, 0.012749903222771822, 0.010723343673336388, 0.020165602268935934, 0.021429038607861835, 0.010292810382674183, 0.01291328801985046, 0.017121277684102838, 0.01406692095162167, 0.029223924066868776, 0.010933757293126626, 0.015609302675518976, 0.017603420319764126, 0.009718123788505185, 0.006029148243869911, 0.02621186752890215, 0.018043878090019217, 0.0182061207650317, 0.02410433520992528, 0.026831281476581554, 0.01695476267666486, 0.022983447836877332, 0.0257785151575982, 0.023111135748227915, 0.02861453521597367, 0.02607603847387739, 0.012639237124495347, 0.01991459561353232, 0.01577033427140684, 0.03643657242251654, 0.010236734811708486, 0.029403127901919516, 0.015520868633325465, 0.019423205041582764, 0.01407384949977227, 0.008464343270277426, 0.019936764567108526, 0.017241644464219743, 0.013957173160199433, 0.025392391144891318, 0.02068437242857902, 0.05081490967952671, 0.005116468865500986, 0.015273096500617478, 0.030324542193040475, 0.018614349584850885, 0.02705548007063621, 0.021039042708965585, 0.01714163019039401, 0.010709577614329169, 0.022546688732527357, 0.027506644665254435, 0.01324616839166093, 0.020326542123784357, 0.022103870089271963, 0.02012453428965124, 0.015935720444630902, 0.0257332503005085, 0.010026126628119894, 0.027920335555390318, 0.0205005023384302, 0.00730147947286544, 0.02765880895688131, 0.031110096934472704, 0.008764300175192375, 0.008287921984247716, 0.028397026374597314, 0.016792719672288722, 0.02277256652404385, 0.005884160949668689, 0.006833779627114579, 0.005554114967849539, 0.024646996188432142, 0.02288993843313262]}",/home/ojab2/work/git/vggt/vggt_outputs/lego_1_n87_s42_c0.0_p87000_random_farthestpose/eval_results.json,lego_1_n87_s42_c0.0_p87000_random_farthestpose,lego_1_n87_s42_c0.0_p87000_random_farthestpose_i87_gteval_poseopt_steps15000_val_step14999.json,87000,vggt |  |  |  | ,87.0
