method,num_images,seed,conf_thres_value,num_points,sampling_mode,image_mode,num_cameras,gt_eval,use_gt_extrinsics,use_gt_intrinsics,use_gt_points,pose_opt,eval_opt,depth_loss,error_opa,depth_lambda,depth_conf,choice,camera_type,copy_mode,val_step,num_steps,colmap_mode,splatting_strategy,camera_src,pcd_src,align_mode,shared_camera,keep_backup_cams,random_init,source,psnr,lpips,ssim,num_GS,eval_rte,eval_rre,raw_metrics,quality,real_num_points,file_path,folder,rre,rte,num_aligned,plot_series,num_images_jitter
combined,30,42,0.0,30000,random,farthestpose,30,GT Eval,,,,Pose Opt,,,,0.0,,colmap,,,15000,15000,default,MCMC,colmapcams,bothpcd,Global Alignment,,Fallback Cams,,gsplat,15.95897102355957,0.47390609979629517,0.22061975300312042,1000000,0.0212669987231493,1.0562999248504639,"{'psnr': [14.582472801208496, 13.607644081115723, 15.205263137817383, 14.100642204284668, 14.927216529846191, 15.039894104003906, 14.286880493164062, 15.323342323303223, 18.03232765197754, 16.832794189453125, 15.402777671813965, 16.35548210144043, 14.890056610107422, 15.489407539367676, 18.253938674926758, 16.630556106567383, 17.658098220825195, 14.657417297363281, 15.687088966369629, 19.157926559448242, 17.82304573059082, 17.511131286621094, 15.561685562133789, 17.290912628173828, 14.666268348693848], 'ssim': [0.16466258466243744, 0.1610856056213379, 0.20082904398441315, 0.14606201648712158, 0.20719648897647858, 0.22130915522575378, 0.16306298971176147, 0.18650023639202118, 0.2783375382423401, 0.21380308270454407, 0.19358868896961212, 0.2326168268918991, 0.2028702348470688, 0.21113798022270203, 0.27839019894599915, 0.22270487248897552, 0.2872184216976166, 0.1766289472579956, 0.2269553393125534, 0.3141380846500397, 0.26081520318984985, 0.261959969997406, 0.2502945363521576, 0.21436791121959686, 0.23895791172981262], 'lpips': [0.4428446292877197, 0.49774956703186035, 0.5316889882087708, 0.5225012898445129, 0.4929807186126709, 0.5076791644096375, 0.41361257433891296, 0.5070563554763794, 0.4910059869289398, 0.43830323219299316, 0.4629814028739929, 0.5375372171401978, 0.4769359827041626, 0.5114936232566833, 0.46415087580680847, 0.47250843048095703, 0.5073902606964111, 0.474825382232666, 0.4883909225463867, 0.40148335695266724, 0.38200047612190247, 0.4570583701133728, 0.4564756155014038, 0.38326776027679443, 0.5257297158241272], 'depth_factor': [9.842560768127441, 4.427463054656982, 6.815494060516357, 6.6932373046875, 19.90960121154785, 9.600350379943848, 5.042534351348877, 4.65963888168335, 6.718594551086426, 6.277350902557373, 8.384991645812988, 21.693588256835938, 6.457897186279297, 3.6630542278289795, 4.9058403968811035, 5.643482208251953, 10.742352485656738, 5.842648983001709, 2.9231157302856445, 4.513468265533447, 2.9085915088653564, 7.681119918823242, 6.3944621086120605, 3.986109972000122, 3.90738844871521], 'eval_rre': [1.0563000440597534, 1.0563000440597534, 1.0563000440597534, 1.0563000440597534, 1.0563000440597534, 1.0563000440597534, 1.0563000440597534, 1.0563000440597534, 1.0563000440597534, 1.0563000440597534, 1.0563000440597534, 1.0563000440597534, 1.0563000440597534, 1.0563000440597534, 1.0563000440597534, 1.0563000440597534, 1.0563000440597534, 1.0563000440597534, 1.0563000440597534, 1.0563000440597534, 1.0563000440597534, 1.0563000440597534, 1.0563000440597534, 1.0563000440597534, 1.0563000440597534], 'eval_rte': [0.02126700058579445, 0.02126700058579445, 0.02126700058579445, 0.02126700058579445, 0.02126700058579445, 0.02126700058579445, 0.02126700058579445, 0.02126700058579445, 0.02126700058579445, 0.02126700058579445, 0.02126700058579445, 0.02126700058579445, 0.02126700058579445, 0.02126700058579445, 0.02126700058579445, 0.02126700058579445, 0.02126700058579445, 0.02126700058579445, 0.02126700058579445, 0.02126700058579445, 0.02126700058579445, 0.02126700058579445, 0.02126700058579445, 0.02126700058579445, 0.02126700058579445]}",0.03845201888744365,30713,/home/ojab2/work/git/gsplat/results/combined_outputs/bicycle_4_n30_s42_combined_colmapcams_bothpcd_amglobal_fallbackcams_default_c0.0_p30000_random_farthestpose_i30_gteval_poseopt_steps15000/stats/val_step14999.json,bicycle_4_n30_s42_combined_colmapcams_bothpcd_amglobal_fallbackcams_default_c0.0_p30000_random_farthestpose_i30_gteval_poseopt_steps15000,1.1253,0.086719,30.0,combined | colmapcams | bothpcd | Global Alignment | Fallback Cams,30.0
combined,40,42,0.0,40000,random,farthestpose,40,GT Eval,,,,Pose Opt,,,,0.0,,colmap,,,15000,15000,default,MCMC,colmapcams,bothpcd,Global Alignment,,Fallback Cams,,gsplat,17.3279972076416,0.43016883730888367,0.26167774200439453,1000000,0.01888200081884861,0.7898998856544495,"{'psnr': [16.82159423828125, 14.00953483581543, 15.634448051452637, 15.015642166137695, 17.164886474609375, 16.753223419189453, 16.765806198120117, 16.508804321289062, 18.89154815673828, 18.465803146362305, 17.55354881286621, 18.455772399902344, 16.716838836669922, 16.70159339904785, 19.205062866210938, 18.233688354492188, 18.784099578857422, 16.485694885253906, 16.85439682006836, 19.861522674560547, 19.220264434814453, 18.681934356689453, 16.89164161682129, 17.677942276000977, 15.84465217590332], 'ssim': [0.2551858723163605, 0.18347179889678955, 0.2203110009431839, 0.213433638215065, 0.28427988290786743, 0.26310333609580994, 0.2314387857913971, 0.21403402090072632, 0.29616257548332214, 0.2954026758670807, 0.2807769477367401, 0.2854800224304199, 0.2471863478422165, 0.23317137360572815, 0.29417678713798523, 0.3035747706890106, 0.3179902136325836, 0.20782698690891266, 0.24716785550117493, 0.3292456865310669, 0.3022647202014923, 0.3000665307044983, 0.26069676876068115, 0.22258421778678894, 0.2529108226299286], 'lpips': [0.4127641022205353, 0.48554641008377075, 0.5229021906852722, 0.5083426237106323, 0.4238567054271698, 0.4322141706943512, 0.3757748603820801, 0.45602965354919434, 0.44958990812301636, 0.4110216498374939, 0.3836292624473572, 0.46905189752578735, 0.4325399398803711, 0.4637107849121094, 0.37485694885253906, 0.4101890027523041, 0.46497881412506104, 0.43673741817474365, 0.4475524425506592, 0.3524269759654999, 0.34004199504852295, 0.421082466840744, 0.43014034628868103, 0.3545059561729431, 0.4947340488433838], 'depth_factor': [8.672318458557129, 5.454717636108398, 6.590946674346924, 5.391575336456299, 14.813041687011719, 7.394043922424316, 6.595158100128174, 5.269476413726807, 9.05019474029541, 5.4426960945129395, 10.055340766906738, 15.759029388427734, 6.373011112213135, 7.355308532714844, 4.8627028465271, 4.071437358856201, 8.649032592773438, 8.240334510803223, 6.163993835449219, 4.540044784545898, 3.2242748737335205, 6.932486057281494, 3.5607168674468994, 2.9515905380249023, 5.187246322631836], 'eval_rre': [0.789900004863739, 0.789900004863739, 0.789900004863739, 0.789900004863739, 0.789900004863739, 0.789900004863739, 0.789900004863739, 0.789900004863739, 0.789900004863739, 0.789900004863739, 0.789900004863739, 0.789900004863739, 0.789900004863739, 0.789900004863739, 0.789900004863739, 0.789900004863739, 0.789900004863739, 0.789900004863739, 0.789900004863739, 0.789900004863739, 0.789900004863739, 0.789900004863739, 0.789900004863739, 0.789900004863739, 0.789900004863739], 'eval_rte': [0.01888200081884861, 0.01888200081884861, 0.01888200081884861, 0.01888200081884861, 0.01888200081884861, 0.01888200081884861, 0.01888200081884861, 0.01888200081884861, 0.01888200081884861, 0.01888200081884861, 0.01888200081884861, 0.01888200081884861, 0.01888200081884861, 0.01888200081884861, 0.01888200081884861, 0.01888200081884861, 0.01888200081884861, 0.01888200081884861, 0.01888200081884861, 0.01888200081884861, 0.01888200081884861, 0.01888200081884861, 0.01888200081884861, 0.01888200081884861, 0.01888200081884861]}",0.11481318569090404,42136,/home/ojab2/work/git/gsplat/results/combined_outputs/bicycle_4_n40_s42_combined_colmapcams_bothpcd_amglobal_fallbackcams_default_c0.0_p40000_random_farthestpose_i40_gteval_poseopt_steps15000/stats/val_step14999.json,bicycle_4_n40_s42_combined_colmapcams_bothpcd_amglobal_fallbackcams_default_c0.0_p40000_random_farthestpose_i40_gteval_poseopt_steps15000,0.8223,0.081137,40.0,combined | colmapcams | bothpcd | Global Alignment | Fallback Cams,40.0
combined,50,42,0.0,50000,random,farthestpose,50,GT Eval,,,,Pose Opt,,,,0.0,,colmap,,,15000,15000,default,MCMC,colmapcams,bothpcd,Global Alignment,,Fallback Cams,,gsplat,17.62680435180664,0.38283485174179077,0.26051315665245056,1000000,0.015937000513076782,0.715399980545044,"{'psnr': [16.009159088134766, 14.632126808166504, 16.11253547668457, 14.628167152404785, 16.54757308959961, 17.217618942260742, 15.824308395385742, 16.799718856811523, 19.176237106323242, 17.455812454223633, 17.193872451782227, 19.199176788330078, 16.6708927154541, 17.06174659729004, 19.758562088012695, 17.48488998413086, 20.459224700927734, 16.405529022216797, 17.696197509765625, 20.503726959228516, 18.69561767578125, 21.019451141357422, 17.999513626098633, 18.773151397705078, 17.345312118530273], 'ssim': [0.19885626435279846, 0.20086441934108734, 0.22902455925941467, 0.14982637763023376, 0.2492135763168335, 0.2731892764568329, 0.1948913037776947, 0.22072969377040863, 0.31063157320022583, 0.23212236166000366, 0.247825026512146, 0.30111488699913025, 0.24819351732730865, 0.2332930862903595, 0.3078172504901886, 0.2441381812095642, 0.365644246339798, 0.20972129702568054, 0.2613094747066498, 0.34678685665130615, 0.26224401593208313, 0.37393561005592346, 0.2982044816017151, 0.27302223443984985, 0.2802298069000244], 'lpips': [0.39192354679107666, 0.4288925528526306, 0.4593470096588135, 0.46284395456314087, 0.36837083101272583, 0.3750275671482086, 0.35505443811416626, 0.4066810607910156, 0.43133845925331116, 0.3950076997280121, 0.338525652885437, 0.3788970708847046, 0.37606626749038696, 0.41168898344039917, 0.36399897933006287, 0.39387887716293335, 0.3290126919746399, 0.3857061564922333, 0.405409574508667, 0.3361639380455017, 0.33410799503326416, 0.3147152066230774, 0.35992375016212463, 0.3430536091327667, 0.42523515224456787], 'depth_factor': [10.360077857971191, 15.4645414352417, 6.855376720428467, 9.542964935302734, 17.875682830810547, 11.46882438659668, 8.760700225830078, 4.615079879760742, 6.255361557006836, 6.113874435424805, 11.844958305358887, 18.751220703125, 7.3807477951049805, 3.9736125469207764, 5.091682434082031, 3.826138496398926, 11.191133499145508, 3.8725810050964355, 3.281557083129883, 4.508417129516602, 3.2127044200897217, 5.101986885070801, 3.6787397861480713, 2.3939437866210938, 3.998318910598755], 'eval_rre': [0.715399980545044, 0.715399980545044, 0.715399980545044, 0.715399980545044, 0.715399980545044, 0.715399980545044, 0.715399980545044, 0.715399980545044, 0.715399980545044, 0.715399980545044, 0.715399980545044, 0.715399980545044, 0.715399980545044, 0.715399980545044, 0.715399980545044, 0.715399980545044, 0.715399980545044, 0.715399980545044, 0.715399980545044, 0.715399980545044, 0.715399980545044, 0.715399980545044, 0.715399980545044, 0.715399980545044, 0.715399980545044], 'eval_rte': [0.015937000513076782, 0.015937000513076782, 0.015937000513076782, 0.015937000513076782, 0.015937000513076782, 0.015937000513076782, 0.015937000513076782, 0.015937000513076782, 0.015937000513076782, 0.015937000513076782, 0.015937000513076782, 0.015937000513076782, 0.015937000513076782, 0.015937000513076782, 0.015937000513076782, 0.015937000513076782, 0.015937000513076782, 0.015937000513076782, 0.015937000513076782, 0.015937000513076782, 0.015937000513076782, 0.015937000513076782, 0.015937000513076782, 0.015937000513076782, 0.015937000513076782]}",0.1488841168674422,53101,/home/ojab2/work/git/gsplat/results/combined_outputs/bicycle_4_n50_s42_combined_colmapcams_bothpcd_amglobal_fallbackcams_default_c0.0_p50000_random_farthestpose_i50_gteval_poseopt_steps15000/stats/val_step14999.json,bicycle_4_n50_s42_combined_colmapcams_bothpcd_amglobal_fallbackcams_default_c0.0_p50000_random_farthestpose_i50_gteval_poseopt_steps15000,0.7647,0.07365,50.0,combined | colmapcams | bothpcd | Global Alignment | Fallback Cams,50.0
combined,60,42,0.0,60000,random,farthestpose,60,GT Eval,,,,Pose Opt,,,,0.0,,colmap,,,15000,15000,default,MCMC,colmapcams,bothpcd,Global Alignment,,Fallback Cams,,gsplat,17.65331268310547,0.36251169443130493,0.2603016197681427,1000000,0.01324700191617012,0.5745999217033386,"{'psnr': [16.470741271972656, 14.7217378616333, 16.323131561279297, 14.906455993652344, 16.455595016479492, 17.155956268310547, 16.09284210205078, 16.45163345336914, 19.123531341552734, 18.022268295288086, 17.342575073242188, 18.654502868652344, 16.70037269592285, 16.914823532104492, 19.637374877929688, 18.05372428894043, 19.87986183166504, 16.413902282714844, 17.53485870361328, 20.583471298217773, 19.36231803894043, 20.587318420410156, 17.842613220214844, 19.124475479125977, 16.97675895690918], 'ssim': [0.2051084190607071, 0.18648116290569305, 0.2341601699590683, 0.15966494381427765, 0.26117655634880066, 0.26233595609664917, 0.19384269416332245, 0.20323728024959564, 0.3126012682914734, 0.253517210483551, 0.25566840171813965, 0.29118144512176514, 0.23725777864456177, 0.22668059170246124, 0.3063960373401642, 0.292015939950943, 0.3480922281742096, 0.19093765318393707, 0.24649129807949066, 0.3509315550327301, 0.31184566020965576, 0.36246880888938904, 0.2749713957309723, 0.27255433797836304, 0.267921507358551], 'lpips': [0.37082070112228394, 0.42487892508506775, 0.46812987327575684, 0.45844846963882446, 0.3402837812900543, 0.3534548282623291, 0.3324955701828003, 0.37948986887931824, 0.41959303617477417, 0.3642761707305908, 0.33831775188446045, 0.35682153701782227, 0.3396020531654358, 0.3511677384376526, 0.35775309801101685, 0.38108664751052856, 0.3079206943511963, 0.35400623083114624, 0.34069597721099854, 0.3309081792831421, 0.31705331802368164, 0.29943740367889404, 0.3295436501502991, 0.3454127311706543, 0.40119436383247375], 'depth_factor': [17.51650619506836, 5.899843215942383, 19.434913635253906, 26.067188262939453, 27.879894256591797, 18.700483322143555, 10.03637409210205, 5.7745866775512695, 11.615636825561523, 294.71319580078125, 13.113030433654785, 27.98855209350586, 8.119269371032715, 5.494134902954102, 5.220884323120117, 48.063720703125, 22.133459091186523, 4.880827903747559, 7.426945209503174, 5.279870510101318, 5.1313700675964355, 6.513374328613281, 6.151698589324951, 3.7060723304748535, 2.5992727279663086], 'eval_rre': [0.5745999813079834, 0.5745999813079834, 0.5745999813079834, 0.5745999813079834, 0.5745999813079834, 0.5745999813079834, 0.5745999813079834, 0.5745999813079834, 0.5745999813079834, 0.5745999813079834, 0.5745999813079834, 0.5745999813079834, 0.5745999813079834, 0.5745999813079834, 0.5745999813079834, 0.5745999813079834, 0.5745999813079834, 0.5745999813079834, 0.5745999813079834, 0.5745999813079834, 0.5745999813079834, 0.5745999813079834, 0.5745999813079834, 0.5745999813079834, 0.5745999813079834], 'eval_rte': [0.013247000053524971, 0.013247000053524971, 0.013247000053524971, 0.013247000053524971, 0.013247000053524971, 0.013247000053524971, 0.013247000053524971, 0.013247000053524971, 0.013247000053524971, 0.013247000053524971, 0.013247000053524971, 0.013247000053524971, 0.013247000053524971, 0.013247000053524971, 0.013247000053524971, 0.013247000053524971, 0.013247000053524971, 0.013247000053524971, 0.013247000053524971, 0.013247000053524971, 0.013247000053524971, 0.013247000053524971, 0.013247000053524971, 0.013247000053524971, 0.013247000053524971]}",0.1617964649448308,64134,/home/ojab2/work/git/gsplat/results/combined_outputs/bicycle_4_n60_s42_combined_colmapcams_bothpcd_amglobal_fallbackcams_default_c0.0_p60000_random_farthestpose_i60_gteval_poseopt_steps15000/stats/val_step14999.json,bicycle_4_n60_s42_combined_colmapcams_bothpcd_amglobal_fallbackcams_default_c0.0_p60000_random_farthestpose_i60_gteval_poseopt_steps15000,0.6419,0.058389,60.0,combined | colmapcams | bothpcd | Global Alignment | Fallback Cams,60.0
combined,70,42,0.0,70000,random,farthestpose,70,GT Eval,,,,Pose Opt,,,,0.0,,colmap,,,15000,15000,default,MCMC,colmapcams,bothpcd,Global Alignment,,Fallback Cams,,gsplat,18.356975555419922,0.3531973958015442,0.30008697509765625,1000000,0.017479998990893364,0.5656999349594116,"{'psnr': [16.977014541625977, 15.733859062194824, 16.427640914916992, 15.9967679977417, 18.54668426513672, 18.098962783813477, 16.975849151611328, 18.107948303222656, 19.378787994384766, 19.460657119750977, 19.62613296508789, 19.682191848754883, 17.230854034423828, 18.279069900512695, 19.662996292114258, 18.938936233520508, 20.728628158569336, 16.966766357421875, 18.861804962158203, 20.29913330078125, 19.499603271484375, 20.709701538085938, 17.9410400390625, 17.796043395996094, 16.99733543395996], 'ssim': [0.24178583920001984, 0.2360372245311737, 0.2392892837524414, 0.24864986538887024, 0.34911519289016724, 0.34156131744384766, 0.24719871580600739, 0.2650635540485382, 0.3122365176677704, 0.34336912631988525, 0.39385801553726196, 0.35521596670150757, 0.2847881615161896, 0.2801913917064667, 0.30473870038986206, 0.3316429853439331, 0.39741018414497375, 0.2282862812280655, 0.2914988696575165, 0.33766305446624756, 0.29523730278015137, 0.3810461461544037, 0.29864251613616943, 0.22236989438533783, 0.27527856826782227], 'lpips': [0.3679303526878357, 0.40879765152931213, 0.4733172655105591, 0.43229103088378906, 0.3230783939361572, 0.32633844017982483, 0.32739901542663574, 0.3750000596046448, 0.4287267327308655, 0.3511006832122803, 0.3107636570930481, 0.327456533908844, 0.3249471187591553, 0.3509494662284851, 0.36428478360176086, 0.3736974895000458, 0.2825526297092438, 0.3544277548789978, 0.316628634929657, 0.3371080458164215, 0.3273506164550781, 0.2707229554653168, 0.32308775186538696, 0.35717061161994934, 0.3948078155517578], 'depth_factor': [14.074195861816406, 10.647212028503418, 16.835416793823242, 50.9873046875, 21.885845184326172, 12.296735763549805, 42.11094665527344, 5.601705551147461, 24.20880889892578, 15.311810493469238, 23.652477264404297, 22.22530174255371, 4.569375038146973, 4.039347171783447, 15.551569938659668, 5.7709808349609375, 9.342888832092285, 6.950789928436279, 4.392784118652344, 5.3592681884765625, 4.116803169250488, 7.934946537017822, 3.214374542236328, 25.929384231567383, 2.5451138019561768], 'eval_rre': [0.5656999945640564, 0.5656999945640564, 0.5656999945640564, 0.5656999945640564, 0.5656999945640564, 0.5656999945640564, 0.5656999945640564, 0.5656999945640564, 0.5656999945640564, 0.5656999945640564, 0.5656999945640564, 0.5656999945640564, 0.5656999945640564, 0.5656999945640564, 0.5656999945640564, 0.5656999945640564, 0.5656999945640564, 0.5656999945640564, 0.5656999945640564, 0.5656999945640564, 0.5656999945640564, 0.5656999945640564, 0.5656999945640564, 0.5656999945640564, 0.5656999945640564], 'eval_rte': [0.017480000853538513, 0.017480000853538513, 0.017480000853538513, 0.017480000853538513, 0.017480000853538513, 0.017480000853538513, 0.017480000853538513, 0.017480000853538513, 0.017480000853538513, 0.017480000853538513, 0.017480000853538513, 0.017480000853538513, 0.017480000853538513, 0.017480000853538513, 0.017480000853538513, 0.017480000853538513, 0.017480000853538513, 0.017480000853538513, 0.017480000853538513, 0.017480000853538513, 0.017480000853538513, 0.017480000853538513, 0.017480000853538513, 0.017480000853538513, 0.017480000853538513]}",0.20384311559836998,75448,/home/ojab2/work/git/gsplat/results/combined_outputs/bicycle_4_n70_s42_combined_colmapcams_bothpcd_amglobal_fallbackcams_default_c0.0_p70000_random_farthestpose_i70_gteval_poseopt_steps15000/stats/val_step14999.json,bicycle_4_n70_s42_combined_colmapcams_bothpcd_amglobal_fallbackcams_default_c0.0_p70000_random_farthestpose_i70_gteval_poseopt_steps15000,0.6421,0.073629,70.0,combined | colmapcams | bothpcd | Global Alignment | Fallback Cams,70.0
combined,80,42,0.0,80000,random,farthestpose,80,GT Eval,,,,Pose Opt,,,,0.0,,colmap,,,15000,15000,default,MCMC,colmapcams,bothpcd,Global Alignment,,Fallback Cams,,gsplat,18.060976028442383,0.3341936469078064,0.2760855555534363,1000000,0.014278999529778957,0.5396000146865845,"{'psnr': [16.755525588989258, 15.363924026489258, 16.522602081298828, 15.382794380187988, 16.75383186340332, 17.501867294311523, 16.74127769470215, 17.21862030029297, 19.374971389770508, 18.387136459350586, 17.758251190185547, 18.836259841918945, 16.970867156982422, 17.654592514038086, 19.657501220703125, 19.119112014770508, 19.98052978515625, 16.91632843017578, 18.298349380493164, 20.676525115966797, 20.61947250366211, 20.9794864654541, 17.891517639160156, 19.161396026611328, 17.00167465209961], 'ssim': [0.20438218116760254, 0.20550744235515594, 0.2319512963294983, 0.1657446175813675, 0.2941978871822357, 0.2709238827228546, 0.20017509162425995, 0.22624126076698303, 0.31323376297950745, 0.2721090614795685, 0.2694154977798462, 0.30786100029945374, 0.24157461524009705, 0.25076279044151306, 0.3075008690357208, 0.36796775460243225, 0.37493088841438293, 0.20276597142219543, 0.27904799580574036, 0.3552086651325226, 0.3793109059333801, 0.37834081053733826, 0.27175432443618774, 0.2675323784351349, 0.26369819045066833], 'lpips': [0.36199435591697693, 0.40529966354370117, 0.4576491415500641, 0.38523760437965393, 0.3072854280471802, 0.3206852078437805, 0.32248562574386597, 0.3487330973148346, 0.41360628604888916, 0.3197680115699768, 0.29464858770370483, 0.29706624150276184, 0.3129429519176483, 0.3374279737472534, 0.36190590262413025, 0.3287332057952881, 0.2561088502407074, 0.33494406938552856, 0.31089118123054504, 0.3369785249233246, 0.29049810767173767, 0.24935980141162872, 0.3029448688030243, 0.33364754915237427, 0.36399850249290466], 'depth_factor': [14.562763214111328, 6.1609721183776855, 9.481114387512207, 35.608642578125, 22.44837760925293, 13.350358963012695, 9.748553276062012, 4.505820274353027, 6.836535453796387, 12.33122730255127, 33.26365280151367, 23.07684326171875, 4.777157783508301, 3.999537944793701, 6.475522518157959, 5.20342493057251, 19.48486328125, 4.7820024490356445, 3.1513688564300537, 4.9860005378723145, 4.271391868591309, 5.669061660766602, 4.014282703399658, 3.020045518875122, 2.793813943862915], 'eval_rre': [0.5396000146865845, 0.5396000146865845, 0.5396000146865845, 0.5396000146865845, 0.5396000146865845, 0.5396000146865845, 0.5396000146865845, 0.5396000146865845, 0.5396000146865845, 0.5396000146865845, 0.5396000146865845, 0.5396000146865845, 0.5396000146865845, 0.5396000146865845, 0.5396000146865845, 0.5396000146865845, 0.5396000146865845, 0.5396000146865845, 0.5396000146865845, 0.5396000146865845, 0.5396000146865845, 0.5396000146865845, 0.5396000146865845, 0.5396000146865845, 0.5396000146865845], 'eval_rte': [0.014279000461101532, 0.014279000461101532, 0.014279000461101532, 0.014279000461101532, 0.014279000461101532, 0.014279000461101532, 0.014279000461101532, 0.014279000461101532, 0.014279000461101532, 0.014279000461101532, 0.014279000461101532, 0.014279000461101532, 0.014279000461101532, 0.014279000461101532, 0.014279000461101532, 0.014279000461101532, 0.014279000461101532, 0.014279000461101532, 0.014279000461101532, 0.014279000461101532, 0.014279000461101532, 0.014279000461101532, 0.014279000461101532, 0.014279000461101532, 0.014279000461101532]}",0.19605643420811208,87102,/home/ojab2/work/git/gsplat/results/combined_outputs/bicycle_4_n80_s42_combined_colmapcams_bothpcd_amglobal_fallbackcams_default_c0.0_p80000_random_farthestpose_i80_gteval_poseopt_steps15000/stats/val_step14999.json,bicycle_4_n80_s42_combined_colmapcams_bothpcd_amglobal_fallbackcams_default_c0.0_p80000_random_farthestpose_i80_gteval_poseopt_steps15000,0.6207,0.062369,80.0,combined | colmapcams | bothpcd | Global Alignment | Fallback Cams,80.0
combined,90,42,0.0,90000,random,farthestpose,90,GT Eval,,,,Pose Opt,,,,0.0,,colmap,,,15000,15000,default,MCMC,colmapcams,bothpcd,Global Alignment,,Fallback Cams,,gsplat,21.197284698486328,0.25868067145347595,0.5172678232192993,1000000,0.004013000056147575,0.1064000055193901,"{'psnr': [19.882081985473633, 16.226964950561523, 18.232574462890625, 18.943124771118164, 19.892684936523438, 20.991615295410156, 20.021833419799805, 19.21771240234375, 21.575315475463867, 22.444782257080078, 21.600513458251953, 22.24429702758789, 21.392087936401367, 20.048988342285156, 22.18262481689453, 23.831480026245117, 23.926618576049805, 20.24949836730957, 20.878070831298828, 23.329811096191406, 24.6574649810791, 24.71177101135254, 21.666261672973633, 21.7702579498291, 20.013729095458984], 'ssim': [0.45986780524253845, 0.28246834874153137, 0.39648473262786865, 0.439523309469223, 0.5115501880645752, 0.568372905254364, 0.44489559531211853, 0.38966935873031616, 0.473097026348114, 0.5712976455688477, 0.5407907366752625, 0.6026676893234253, 0.5686983466148376, 0.43896251916885376, 0.5160923600196838, 0.6292557716369629, 0.6576929688453674, 0.4419698417186737, 0.4782175123691559, 0.598275363445282, 0.6526967287063599, 0.6779915690422058, 0.5698085427284241, 0.499815434217453, 0.5215333700180054], 'lpips': [0.32581448554992676, 0.3648051619529724, 0.36906132102012634, 0.30864250659942627, 0.2776515781879425, 0.25033798813819885, 0.26970547437667847, 0.27276331186294556, 0.29621708393096924, 0.23861724138259888, 0.25794631242752075, 0.2481573075056076, 0.24684779345989227, 0.23968605697155, 0.2540225386619568, 0.24116863310337067, 0.20413725078105927, 0.24097412824630737, 0.197843536734581, 0.20512685179710388, 0.2039576917886734, 0.2087036669254303, 0.2167019546031952, 0.2627415657043457, 0.2653861343860626], 'depth_factor': [14.147790908813477, 8.838375091552734, 15.117773056030273, 10.639211654663086, 21.763525009155273, 12.21528434753418, 10.428549766540527, 6.719519138336182, 18.83140754699707, 8.857839584350586, 15.200886726379395, 22.061813354492188, 4.715003490447998, 7.369565963745117, 8.458539962768555, 8.712552070617676, 9.568685531616211, 4.120861530303955, 5.198520660400391, 11.980321884155273, 7.74412202835083, 6.837740421295166, 3.044013023376465, 5.065168857574463, 2.510246992111206], 'eval_rre': [0.10639999806880951, 0.10639999806880951, 0.10639999806880951, 0.10639999806880951, 0.10639999806880951, 0.10639999806880951, 0.10639999806880951, 0.10639999806880951, 0.10639999806880951, 0.10639999806880951, 0.10639999806880951, 0.10639999806880951, 0.10639999806880951, 0.10639999806880951, 0.10639999806880951, 0.10639999806880951, 0.10639999806880951, 0.10639999806880951, 0.10639999806880951, 0.10639999806880951, 0.10639999806880951, 0.10639999806880951, 0.10639999806880951, 0.10639999806880951, 0.10639999806880951], 'eval_rte': [0.004013000056147575, 0.004013000056147575, 0.004013000056147575, 0.004013000056147575, 0.004013000056147575, 0.004013000056147575, 0.004013000056147575, 0.004013000056147575, 0.004013000056147575, 0.004013000056147575, 0.004013000056147575, 0.004013000056147575, 0.004013000056147575, 0.004013000056147575, 0.004013000056147575, 0.004013000056147575, 0.004013000056147575, 0.004013000056147575, 0.004013000056147575, 0.004013000056147575, 0.004013000056147575, 0.004013000056147575, 0.004013000056147575, 0.004013000056147575, 0.004013000056147575]}",0.4417914339983285,103401,/home/ojab2/work/git/gsplat/results/combined_outputs/bicycle_4_n90_s42_combined_colmapcams_bothpcd_amglobal_fallbackcams_default_c0.0_p90000_random_farthestpose_i90_gteval_poseopt_steps15000/stats/val_step14999.json,bicycle_4_n90_s42_combined_colmapcams_bothpcd_amglobal_fallbackcams_default_c0.0_p90000_random_farthestpose_i90_gteval_poseopt_steps15000,0.1284,0.017995,90.0,combined | colmapcams | bothpcd | Global Alignment | Fallback Cams,90.0
combined,100,42,0.0,100000,random,farthestpose,100,GT Eval,,,,Pose Opt,,,,0.0,,colmap,,,15000,15000,default,MCMC,colmapcams,bothpcd,Global Alignment,,Fallback Cams,,gsplat,21.386695861816406,0.24505819380283356,0.5329620838165283,1000000,0.004093999974429607,0.08959999680519104,"{'psnr': [19.960161209106445, 16.613046646118164, 18.471567153930664, 19.956052780151367, 19.352764129638672, 20.91089630126953, 20.31181526184082, 19.52712631225586, 22.01718521118164, 23.046222686767578, 21.924976348876953, 22.438648223876953, 21.63327407836914, 20.38434600830078, 22.197031021118164, 24.126794815063477, 23.70236587524414, 20.56690788269043, 21.09667205810547, 23.45073890686035, 24.705495834350586, 24.660188674926758, 21.796100616455078, 21.703508377075195, 20.113527297973633], 'ssim': [0.4639711380004883, 0.31430959701538086, 0.4271734654903412, 0.4957542419433594, 0.5184218287467957, 0.5565754175186157, 0.4587154686450958, 0.42393678426742554, 0.5140737891197205, 0.6146164536476135, 0.557902991771698, 0.6156429052352905, 0.566850483417511, 0.4754701554775238, 0.5333899259567261, 0.6319431066513062, 0.6525770425796509, 0.4539024531841278, 0.5157454609870911, 0.6228070855140686, 0.6498515009880066, 0.675809919834137, 0.563049852848053, 0.49723440408706665, 0.5243268609046936], 'lpips': [0.32039520144462585, 0.3562014400959015, 0.3670829236507416, 0.28188323974609375, 0.2854214310646057, 0.24968533217906952, 0.26588866114616394, 0.26144278049468994, 0.27716153860092163, 0.2132800966501236, 0.25157293677330017, 0.23333027958869934, 0.23773732781410217, 0.2255411297082901, 0.2311178594827652, 0.22848689556121826, 0.181258887052536, 0.21436196565628052, 0.18686476349830627, 0.18926820158958435, 0.1960843950510025, 0.19206109642982483, 0.19173802435398102, 0.25418370962142944, 0.2344047725200653], 'depth_factor': [14.163357734680176, 14.92434024810791, 17.86797332763672, 10.935491561889648, 21.109848022460938, 16.6263427734375, 12.163384437561035, 10.800762176513672, 19.23573875427246, 12.339917182922363, 15.842151641845703, 23.602571487426758, 22.0371150970459, 4.128260135650635, 9.154146194458008, 6.803096771240234, 9.963696479797363, 4.247742176055908, 3.077749013900757, 9.203847885131836, 3.079188346862793, 8.326275825500488, 3.635298013687134, 8.075713157653809, 2.9085445404052734], 'eval_rre': [0.08959999680519104, 0.08959999680519104, 0.08959999680519104, 0.08959999680519104, 0.08959999680519104, 0.08959999680519104, 0.08959999680519104, 0.08959999680519104, 0.08959999680519104, 0.08959999680519104, 0.08959999680519104, 0.08959999680519104, 0.08959999680519104, 0.08959999680519104, 0.08959999680519104, 0.08959999680519104, 0.08959999680519104, 0.08959999680519104, 0.08959999680519104, 0.08959999680519104, 0.08959999680519104, 0.08959999680519104, 0.08959999680519104, 0.08959999680519104, 0.08959999680519104], 'eval_rte': [0.004093999974429607, 0.004093999974429607, 0.004093999974429607, 0.004093999974429607, 0.004093999974429607, 0.004093999974429607, 0.004093999974429607, 0.004093999974429607, 0.004093999974429607, 0.004093999974429607, 0.004093999974429607, 0.004093999974429607, 0.004093999974429607, 0.004093999974429607, 0.004093999974429607, 0.004093999974429607, 0.004093999974429607, 0.004093999974429607, 0.004093999974429607, 0.004093999974429607, 0.004093999974429607, 0.004093999974429607, 0.004093999974429607, 0.004093999974429607, 0.004093999974429607]}",0.462885915129273,116592,/home/ojab2/work/git/gsplat/results/combined_outputs/bicycle_4_n100_s42_combined_colmapcams_bothpcd_amglobal_fallbackcams_default_c0.0_p100000_random_farthestpose_i100_gteval_poseopt_steps15000/stats/val_step14999.json,bicycle_4_n100_s42_combined_colmapcams_bothpcd_amglobal_fallbackcams_default_c0.0_p100000_random_farthestpose_i100_gteval_poseopt_steps15000,0.1067,0.017644,100.0,combined | colmapcams | bothpcd | Global Alignment | Fallback Cams,100.0
combined,30,42,0.0,30000,random,farthestpose,30,GT Eval,,,,Pose Opt,,,,0.0,,colmap,,,15000,15000,default,MCMC,colmapcams,bothpcd,Global Alignment,,,,gsplat,12.478681564331055,0.6739599704742432,0.15021219849586487,1000000,0.01097599882632494,1.689000129699707,"{'psnr': [12.221866607666016, 10.322542190551758, 9.661726951599121, 11.087350845336914, 13.343581199645996, 12.824688911437988, 12.482799530029297, 12.748554229736328, 12.042930603027344, 12.833566665649414, 13.26682186126709, 14.391555786132812, 13.135897636413574, 12.70787525177002, 12.045234680175781, 12.345826148986816, 14.751504898071289, 12.145706176757812, 11.83862018585205, 11.493695259094238, 12.074139595031738, 15.581116676330566, 12.249849319458008, 11.838276863098145, 12.531330108642578], 'ssim': [0.13520817458629608, 0.10695665329694748, 0.1257016509771347, 0.10988804697990417, 0.1810854971408844, 0.17326407134532928, 0.12630996108055115, 0.10523664206266403, 0.1875520795583725, 0.13056987524032593, 0.14555546641349792, 0.18594521284103394, 0.16468489170074463, 0.11622971296310425, 0.1706095188856125, 0.1315598040819168, 0.22870975732803345, 0.11614193022251129, 0.11713304370641708, 0.16104167699813843, 0.1293220818042755, 0.23338532447814941, 0.15524797141551971, 0.13535955548286438, 0.1826065480709076], 'lpips': [0.6696392297744751, 0.7333006858825684, 0.7996703386306763, 0.7174234390258789, 0.5228495001792908, 0.5859618782997131, 0.667942225933075, 0.7168859839439392, 0.7689300775527954, 0.7221585512161255, 0.6009801626205444, 0.5728468298912048, 0.640590488910675, 0.7117085456848145, 0.7663030028343201, 0.6754144430160522, 0.5830861926078796, 0.6879448890686035, 0.7029445171356201, 0.7526686191558838, 0.6864685416221619, 0.5160703659057617, 0.6656923890113831, 0.693272590637207, 0.688245415687561], 'depth_factor': [601.5679931640625, 3.156830072402954, 24.583602905273438, 484.76800537109375, 73.24081420898438, 54.98865509033203, 209.9137420654297, 50.869144439697266, 12.10672378540039, 97.2615737915039, 656.3121337890625, 105.20093536376953, 16.816999435424805, 84.86180114746094, 11.573781967163086, 106.38768005371094, 23.721603393554688, 390.7021484375, 25.670251846313477, 82.16773986816406, 27.68435287475586, 27.59814453125, 103.67288970947266, 217.80880737304688, 296.3892822265625], 'eval_rre': [1.6890000104904175, 1.6890000104904175, 1.6890000104904175, 1.6890000104904175, 1.6890000104904175, 1.6890000104904175, 1.6890000104904175, 1.6890000104904175, 1.6890000104904175, 1.6890000104904175, 1.6890000104904175, 1.6890000104904175, 1.6890000104904175, 1.6890000104904175, 1.6890000104904175, 1.6890000104904175, 1.6890000104904175, 1.6890000104904175, 1.6890000104904175, 1.6890000104904175, 1.6890000104904175, 1.6890000104904175, 1.6890000104904175, 1.6890000104904175, 1.6890000104904175], 'eval_rte': [0.010975999757647514, 0.010975999757647514, 0.010975999757647514, 0.010975999757647514, 0.010975999757647514, 0.010975999757647514, 0.010975999757647514, 0.010975999757647514, 0.010975999757647514, 0.010975999757647514, 0.010975999757647514, 0.010975999757647514, 0.010975999757647514, 0.010975999757647514, 0.010975999757647514, 0.010975999757647514, 0.010975999757647514, 0.010975999757647514, 0.010975999757647514, 0.010975999757647514, 0.010975999757647514, 0.010975999757647514, 0.010975999757647514, 0.010975999757647514, 0.010975999757647514]}",-0.19066183802522252,8469,/home/ojab2/work/git/gsplat/results/combined_outputs/bicycle_4_n30_s42_combined_colmapcams_bothpcd_amglobal_default_c0.0_p30000_random_farthestpose_i30_gteval_poseopt_steps15000/stats/val_step14999.json,bicycle_4_n30_s42_combined_colmapcams_bothpcd_amglobal_default_c0.0_p30000_random_farthestpose_i30_gteval_poseopt_steps15000,1.8188,0.022037,8.0,combined | colmapcams | bothpcd | Global Alignment | ,30.0
combined,40,42,0.0,40000,random,farthestpose,40,GT Eval,,,,Pose Opt,,,,0.0,,colmap,,,15000,15000,default,MCMC,colmapcams,bothpcd,Global Alignment,,,,gsplat,13.581058502197266,0.5806308388710022,0.1688399314880371,1000000,0.009333998896181583,0.559499979019165,"{'psnr': [14.371005058288574, 11.492776870727539, 9.884786605834961, 11.977999687194824, 14.713655471801758, 15.425374031066895, 14.458083152770996, 12.987138748168945, 12.521978378295898, 13.755900382995605, 15.604377746582031, 15.886722564697266, 14.645086288452148, 13.398808479309082, 11.80350399017334, 13.889883995056152, 16.6525821685791, 13.56308650970459, 12.702380180358887, 11.59915542602539, 12.974190711975098, 16.88509750366211, 13.290769577026367, 12.419005393981934, 12.623130798339844], 'ssim': [0.18486608564853668, 0.11254958808422089, 0.09217160940170288, 0.10636408627033234, 0.23714642226696014, 0.25938528776168823, 0.1841450333595276, 0.12969958782196045, 0.11399995535612106, 0.14675398170948029, 0.2152835577726364, 0.25097811222076416, 0.2029384821653366, 0.15513041615486145, 0.10773830115795135, 0.16337397694587708, 0.2801797688007355, 0.14692844450473785, 0.1395871639251709, 0.1267201006412506, 0.1454138159751892, 0.26326555013656616, 0.16698400676250458, 0.13047350943088531, 0.15892121195793152], 'lpips': [0.46485593914985657, 0.5778802037239075, 0.7566006183624268, 0.6255979537963867, 0.45090043544769287, 0.4623207449913025, 0.4521835744380951, 0.5909687280654907, 0.7301986813545227, 0.6486266851425171, 0.492292582988739, 0.4975058436393738, 0.49681663513183594, 0.5822264552116394, 0.7361573576927185, 0.6197513341903687, 0.5105848908424377, 0.5419094562530518, 0.6112269163131714, 0.7264313697814941, 0.6359434723854065, 0.46914422512054443, 0.5688073039054871, 0.6516219973564148, 0.6152171492576599], 'depth_factor': [12.688713073730469, 5.510749340057373, 36.83340072631836, 9.409783363342285, 15.289297103881836, 8.189702987670898, 7.341165542602539, 4.29102087020874, 93.76763916015625, 12.229787826538086, 9.999478340148926, 15.125679969787598, 7.6265082359313965, 3.8745856285095215, 26.168420791625977, 20.89258575439453, 7.517333507537842, 11.828604698181152, 16.44337272644043, 157.86575317382812, 4.91193151473999, 4.685670375823975, 7.517388820648193, 2.6918773651123047, 4.728479385375977], 'eval_rre': [0.559499979019165, 0.559499979019165, 0.559499979019165, 0.559499979019165, 0.559499979019165, 0.559499979019165, 0.559499979019165, 0.559499979019165, 0.559499979019165, 0.559499979019165, 0.559499979019165, 0.559499979019165, 0.559499979019165, 0.559499979019165, 0.559499979019165, 0.559499979019165, 0.559499979019165, 0.559499979019165, 0.559499979019165, 0.559499979019165, 0.559499979019165, 0.559499979019165, 0.559499979019165, 0.559499979019165, 0.559499979019165], 'eval_rte': [0.009333999827504158, 0.009333999827504158, 0.009333999827504158, 0.009333999827504158, 0.009333999827504158, 0.009333999827504158, 0.009333999827504158, 0.009333999827504158, 0.009333999827504158, 0.009333999827504158, 0.009333999827504158, 0.009333999827504158, 0.009333999827504158, 0.009333999827504158, 0.009333999827504158, 0.009333999827504158, 0.009333999827504158, 0.009333999827504158, 0.009333999827504158, 0.009333999827504158, 0.009333999827504158, 0.009333999827504158, 0.009333999827504158, 0.009333999827504158, 0.009333999827504158]}",-0.10174346411669688,22302,/home/ojab2/work/git/gsplat/results/combined_outputs/bicycle_4_n40_s42_combined_colmapcams_bothpcd_amglobal_default_c0.0_p40000_random_farthestpose_i40_gteval_poseopt_steps15000/stats/val_step14999.json,bicycle_4_n40_s42_combined_colmapcams_bothpcd_amglobal_default_c0.0_p40000_random_farthestpose_i40_gteval_poseopt_steps15000,0.6138,0.042981,20.0,combined | colmapcams | bothpcd | Global Alignment | ,40.0
combined,50,42,0.0,50000,random,farthestpose,50,GT Eval,,,,Pose Opt,,,,0.0,,colmap,,,15000,15000,default,MCMC,colmapcams,bothpcd,Global Alignment,,,,gsplat,15.5274658203125,0.4673634171485901,0.2159794420003891,1000000,0.006173000205308199,0.3813000023365021,"{'psnr': [16.305578231811523, 13.241543769836426, 10.3798246383667, 12.65878963470459, 16.749675750732422, 17.517610549926758, 15.853995323181152, 14.608881950378418, 13.335567474365234, 14.681474685668945, 17.599132537841797, 18.3272705078125, 17.523658752441406, 15.440011024475098, 12.990281105041504, 15.057083129882812, 19.56192398071289, 16.030324935913086, 15.248212814331055, 12.8526029586792, 14.517847061157227, 18.85015106201172, 17.916339874267578, 13.884650230407715, 17.054216384887695], 'ssim': [0.22368904948234558, 0.14741145074367523, 0.11925538629293442, 0.1508691906929016, 0.26516076922416687, 0.28416553139686584, 0.1968134343624115, 0.1616007536649704, 0.14738881587982178, 0.1741071343421936, 0.2809523344039917, 0.2795419692993164, 0.27411726117134094, 0.19070881605148315, 0.14914439618587494, 0.20481370389461517, 0.341596394777298, 0.1966141015291214, 0.20669780671596527, 0.17460529506206512, 0.193656787276268, 0.2986766993999481, 0.2950623333454132, 0.17053185403347015, 0.2723047137260437], 'lpips': [0.38115745782852173, 0.4576287269592285, 0.7252407073974609, 0.5690451860427856, 0.3612406551837921, 0.34047257900238037, 0.34623825550079346, 0.47481709718704224, 0.6684465408325195, 0.5837912559509277, 0.3844229280948639, 0.363788366317749, 0.3542368412017822, 0.4699707329273224, 0.6585735082626343, 0.5139046311378479, 0.3050931692123413, 0.40413567423820496, 0.49862635135650635, 0.6446845531463623, 0.5226626992225647, 0.2902224063873291, 0.3663600981235504, 0.5594248175621033, 0.43990081548690796], 'depth_factor': [10.45582103729248, 20.022197723388672, 36.21306228637695, 18.265655517578125, 18.84459114074707, 10.668286323547363, 19.094635009765625, 3.650177240371704, 93.54742431640625, 47.31497573852539, 10.957891464233398, 19.829404830932617, 5.841829299926758, 3.5916781425476074, 127.16661834716797, 53.55619812011719, 13.091880798339844, 7.707741737365723, 2.9930994510650635, 6.034069061279297, 4.782501220703125, 6.4253926277160645, 3.3215157985687256, 2.9155056476593018, 2.746793746948242], 'eval_rre': [0.3813000023365021, 0.3813000023365021, 0.3813000023365021, 0.3813000023365021, 0.3813000023365021, 0.3813000023365021, 0.3813000023365021, 0.3813000023365021, 0.3813000023365021, 0.3813000023365021, 0.3813000023365021, 0.3813000023365021, 0.3813000023365021, 0.3813000023365021, 0.3813000023365021, 0.3813000023365021, 0.3813000023365021, 0.3813000023365021, 0.3813000023365021, 0.3813000023365021, 0.3813000023365021, 0.3813000023365021, 0.3813000023365021, 0.3813000023365021, 0.3813000023365021], 'eval_rte': [0.006173000205308199, 0.006173000205308199, 0.006173000205308199, 0.006173000205308199, 0.006173000205308199, 0.006173000205308199, 0.006173000205308199, 0.006173000205308199, 0.006173000205308199, 0.006173000205308199, 0.006173000205308199, 0.006173000205308199, 0.006173000205308199, 0.006173000205308199, 0.006173000205308199, 0.006173000205308199, 0.006173000205308199, 0.006173000205308199, 0.006173000205308199, 0.006173000205308199, 0.006173000205308199, 0.006173000205308199, 0.006173000205308199, 0.006173000205308199, 0.006173000205308199]}",0.031786242617346305,31959,/home/ojab2/work/git/gsplat/results/combined_outputs/bicycle_4_n50_s42_combined_colmapcams_bothpcd_amglobal_default_c0.0_p50000_random_farthestpose_i50_gteval_poseopt_steps15000/stats/val_step14999.json,bicycle_4_n50_s42_combined_colmapcams_bothpcd_amglobal_default_c0.0_p50000_random_farthestpose_i50_gteval_poseopt_steps15000,0.4107,0.024175,29.0,combined | colmapcams | bothpcd | Global Alignment | ,50.0
combined,60,42,0.0,60000,random,farthestpose,60,GT Eval,,,,Pose Opt,,,,0.0,,colmap,,,15000,15000,default,MCMC,colmapcams,bothpcd,Global Alignment,,,,gsplat,16.046451568603516,0.4355789124965668,0.2369098961353302,1000000,0.00674899946898222,0.22910001873970032,"{'psnr': [17.165952682495117, 13.712820053100586, 10.278749465942383, 12.992525100708008, 17.37484359741211, 18.273103713989258, 16.53667640686035, 15.015992164611816, 13.489538192749023, 15.116389274597168, 18.439603805541992, 19.04775619506836, 18.14494514465332, 15.838521003723145, 13.224888801574707, 15.849820137023926, 20.28753089904785, 16.49428939819336, 15.537463188171387, 13.068923950195312, 15.135259628295898, 19.571157455444336, 18.45547866821289, 14.666272163391113, 17.442806243896484], 'ssim': [0.2655405104160309, 0.16187168657779694, 0.11724463105201721, 0.18092748522758484, 0.2953544557094574, 0.3224469721317291, 0.22602896392345428, 0.17759199440479279, 0.155812069773674, 0.20264461636543274, 0.32607293128967285, 0.3016623854637146, 0.2982728183269501, 0.20524218678474426, 0.15873032808303833, 0.2621277868747711, 0.3564589321613312, 0.20233003795146942, 0.21482986211776733, 0.18380610644817352, 0.22881004214286804, 0.3215350806713104, 0.2914467751979828, 0.19786232709884644, 0.2680972218513489], 'lpips': [0.3477856516838074, 0.44780275225639343, 0.722236156463623, 0.5404022336006165, 0.306961327791214, 0.3156343698501587, 0.31689852476119995, 0.45653337240219116, 0.6605730652809143, 0.5491172671318054, 0.33152779936790466, 0.3162541687488556, 0.3131464123725891, 0.4512269198894501, 0.6424673199653625, 0.4456820487976074, 0.2675834596157074, 0.369078129529953, 0.48667776584625244, 0.6296064257621765, 0.46359124779701233, 0.2591061592102051, 0.33147233724594116, 0.5183207988739014, 0.3997870683670044], 'depth_factor': [108.41752624511719, 17.991117477416992, 181.30250549316406, 386.28466796875, 27.559417724609375, 23.511695861816406, 39.89460754394531, 11.60068416595459, 295.7913513183594, 144.24252319335938, 13.175130844116211, 28.474767684936523, 38.01309585571289, 5.948582649230957, 10.976035118103027, 165.59303283691406, 25.31859016418457, 7.844486236572266, 5.584228515625, 11.243020057678223, 31.110748291015625, 6.7807793617248535, 6.3844313621521, 105.70559692382812, 7.9132080078125], 'eval_rre': [0.22910000383853912, 0.22910000383853912, 0.22910000383853912, 0.22910000383853912, 0.22910000383853912, 0.22910000383853912, 0.22910000383853912, 0.22910000383853912, 0.22910000383853912, 0.22910000383853912, 0.22910000383853912, 0.22910000383853912, 0.22910000383853912, 0.22910000383853912, 0.22910000383853912, 0.22910000383853912, 0.22910000383853912, 0.22910000383853912, 0.22910000383853912, 0.22910000383853912, 0.22910000383853912, 0.22910000383853912, 0.22910000383853912, 0.22910000383853912, 0.22910000383853912], 'eval_rte': [0.006748999934643507, 0.006748999934643507, 0.006748999934643507, 0.006748999934643507, 0.006748999934643507, 0.006748999934643507, 0.006748999934643507, 0.006748999934643507, 0.006748999934643507, 0.006748999934643507, 0.006748999934643507, 0.006748999934643507, 0.006748999934643507, 0.006748999934643507, 0.006748999934643507, 0.006748999934643507, 0.006748999934643507, 0.006748999934643507, 0.006748999934643507, 0.006748999934643507, 0.006748999934643507, 0.006748999934643507, 0.006748999934643507, 0.006748999934643507, 0.006748999934643507]}",0.0732571860657953,39147,/home/ojab2/work/git/gsplat/results/combined_outputs/bicycle_4_n60_s42_combined_colmapcams_bothpcd_amglobal_default_c0.0_p60000_random_farthestpose_i60_gteval_poseopt_steps15000/stats/val_step14999.json,bicycle_4_n60_s42_combined_colmapcams_bothpcd_amglobal_default_c0.0_p60000_random_farthestpose_i60_gteval_poseopt_steps15000,0.2216,0.024244,35.0,combined | colmapcams | bothpcd | Global Alignment | ,60.0
combined,70,42,0.0,70000,random,farthestpose,70,GT Eval,,,,Pose Opt,,,,0.0,,colmap,,,15000,15000,default,MCMC,colmapcams,bothpcd,Global Alignment,,,,gsplat,15.9954195022583,0.4183526635169983,0.22388823330402374,1000000,0.01139100082218647,0.3395000398159027,"{'psnr': [16.278478622436523, 14.564468383789062, 10.533611297607422, 12.34063720703125, 16.22122573852539, 17.177284240722656, 16.453079223632812, 16.375825881958008, 13.885921478271484, 14.82000732421875, 16.733051300048828, 18.450571060180664, 16.93694305419922, 17.90077018737793, 13.619959831237793, 14.499746322631836, 19.870141983032227, 17.195350646972656, 18.50824546813965, 13.521520614624023, 14.408027648925781, 18.840740203857422, 18.435014724731445, 14.53298568725586, 17.78190803527832], 'ssim': [0.2105865627527237, 0.1804753839969635, 0.12408576905727386, 0.12431944161653519, 0.24547532200813293, 0.24619513750076294, 0.21409699320793152, 0.21837741136550903, 0.17317982017993927, 0.16677325963974, 0.246676504611969, 0.2434418946504593, 0.2388227880001068, 0.2728092670440674, 0.20019133388996124, 0.17520461976528168, 0.31784284114837646, 0.22645586729049683, 0.3041837513446808, 0.23318347334861755, 0.16782978177070618, 0.2802896499633789, 0.3015132546424866, 0.18134960532188416, 0.303846538066864], 'lpips': [0.36436378955841064, 0.4334193766117096, 0.7156673669815063, 0.5309186577796936, 0.3159610331058502, 0.3125711679458618, 0.321563184261322, 0.4170452654361725, 0.6403504610061646, 0.5386452078819275, 0.33121761679649353, 0.317856103181839, 0.3145354688167572, 0.35810479521751404, 0.6077671647071838, 0.4443085491657257, 0.2702120542526245, 0.35623008012771606, 0.3666565716266632, 0.5968815088272095, 0.4481365978717804, 0.2489040344953537, 0.32579243183135986, 0.4960727393627167, 0.38563475012779236], 'depth_factor': [48.07975387573242, 12.457435607910156, 113.18158721923828, 74.92826843261719, 22.248159408569336, 11.921260833740234, 63.134525299072266, 5.9084672927856445, 68.13996124267578, 4.52285099029541, 16.594921112060547, 22.763879776000977, 14.53074836730957, 21.612451553344727, 36.075225830078125, 32.709136962890625, 17.060832977294922, 4.015279293060303, 3.838906764984131, 75.27872467041016, 8.116984367370605, 5.067403316497803, 3.5576889514923096, 23.091045379638672, 2.686194896697998], 'eval_rre': [0.3395000100135803, 0.3395000100135803, 0.3395000100135803, 0.3395000100135803, 0.3395000100135803, 0.3395000100135803, 0.3395000100135803, 0.3395000100135803, 0.3395000100135803, 0.3395000100135803, 0.3395000100135803, 0.3395000100135803, 0.3395000100135803, 0.3395000100135803, 0.3395000100135803, 0.3395000100135803, 0.3395000100135803, 0.3395000100135803, 0.3395000100135803, 0.3395000100135803, 0.3395000100135803, 0.3395000100135803, 0.3395000100135803, 0.3395000100135803, 0.3395000100135803], 'eval_rte': [0.011390999890863895, 0.011390999890863895, 0.011390999890863895, 0.011390999890863895, 0.011390999890863895, 0.011390999890863895, 0.011390999890863895, 0.011390999890863895, 0.011390999890863895, 0.011390999890863895, 0.011390999890863895, 0.011390999890863895, 0.011390999890863895, 0.011390999890863895, 0.011390999890863895, 0.011390999890863895, 0.011390999890863895, 0.011390999890863895, 0.011390999890863895, 0.011390999890863895, 0.011390999890863895, 0.011390999890863895, 0.011390999890863895, 0.011390999890863895, 0.011390999890863895]}",0.07533062732088017,46379,/home/ojab2/work/git/gsplat/results/combined_outputs/bicycle_4_n70_s42_combined_colmapcams_bothpcd_amglobal_default_c0.0_p70000_random_farthestpose_i70_gteval_poseopt_steps15000/stats/val_step14999.json,bicycle_4_n70_s42_combined_colmapcams_bothpcd_amglobal_default_c0.0_p70000_random_farthestpose_i70_gteval_poseopt_steps15000,0.4008,0.035304,41.0,combined | colmapcams | bothpcd | Global Alignment | ,70.0
combined,80,42,0.0,80000,random,farthestpose,80,GT Eval,,,,Pose Opt,,,,0.0,,colmap,,,15000,15000,default,MCMC,colmapcams,bothpcd,Global Alignment,,,,gsplat,16.841222763061523,0.3816949427127838,0.26895397901535034,1000000,0.006617000326514244,0.20810002088546753,"{'psnr': [18.75442123413086, 15.555167198181152, 10.577653884887695, 12.868419647216797, 17.41360855102539, 18.157352447509766, 19.217344284057617, 17.715009689331055, 14.332761764526367, 15.36681842803955, 18.17292022705078, 19.033512115478516, 18.40711212158203, 18.79666519165039, 14.086105346679688, 15.664046287536621, 20.25849723815918, 18.148374557495117, 18.53558921813965, 13.873173713684082, 15.250651359558105, 19.606365203857422, 18.648588180541992, 15.164031028747559, 17.426408767700195], 'ssim': [0.3546760678291321, 0.24634522199630737, 0.13927701115608215, 0.16249607503414154, 0.28262725472450256, 0.3091337978839874, 0.3791359066963196, 0.2992626130580902, 0.1999835968017578, 0.19428709149360657, 0.2911115288734436, 0.28108295798301697, 0.32477036118507385, 0.31724825501441956, 0.21446576714515686, 0.22204221785068512, 0.3594871163368225, 0.2741028368473053, 0.29434576630592346, 0.2340431809425354, 0.20224465429782867, 0.3201224207878113, 0.32515236735343933, 0.20029504597187042, 0.2961103022098541], 'lpips': [0.3231891989707947, 0.3985785245895386, 0.7080754637718201, 0.5000124573707581, 0.2645430862903595, 0.2813742160797119, 0.279136061668396, 0.3675549626350403, 0.6267521977424622, 0.5061841011047363, 0.28541043400764465, 0.2515092194080353, 0.2738628685474396, 0.3243473172187805, 0.5888979434967041, 0.4033525884151459, 0.21207326650619507, 0.3186376988887787, 0.3375647962093353, 0.5791956186294556, 0.41481539607048035, 0.20921316742897034, 0.28053757548332214, 0.4662874937057495, 0.3412676155567169], 'depth_factor': [13.583463668823242, 9.351452827453613, 137.67660522460938, 53.1932258605957, 21.715595245361328, 16.49507713317871, 22.142669677734375, 6.511559009552002, 7.894659996032715, 123.73643493652344, 49.040828704833984, 22.457271575927734, 10.668882369995117, 5.069512844085693, 52.26029968261719, 7.999567985534668, 16.35080337524414, 6.314166069030762, 4.02866792678833, 53.65227508544922, 9.303312301635742, 15.329809188842773, 3.531230926513672, 1.8604943752288818, 2.6239519119262695], 'eval_rre': [0.20810000598430634, 0.20810000598430634, 0.20810000598430634, 0.20810000598430634, 0.20810000598430634, 0.20810000598430634, 0.20810000598430634, 0.20810000598430634, 0.20810000598430634, 0.20810000598430634, 0.20810000598430634, 0.20810000598430634, 0.20810000598430634, 0.20810000598430634, 0.20810000598430634, 0.20810000598430634, 0.20810000598430634, 0.20810000598430634, 0.20810000598430634, 0.20810000598430634, 0.20810000598430634, 0.20810000598430634, 0.20810000598430634, 0.20810000598430634, 0.20810000598430634], 'eval_rte': [0.006616999860852957, 0.006616999860852957, 0.006616999860852957, 0.006616999860852957, 0.006616999860852957, 0.006616999860852957, 0.006616999860852957, 0.006616999860852957, 0.006616999860852957, 0.006616999860852957, 0.006616999860852957, 0.006616999860852957, 0.006616999860852957, 0.006616999860852957, 0.006616999860852957, 0.006616999860852957, 0.006616999860852957, 0.006616999860852957, 0.006616999860852957, 0.006616999860852957, 0.006616999860852957, 0.006616999860852957, 0.006616999860852957, 0.006616999860852957, 0.006616999860852957]}",0.13997611064582466,55105,/home/ojab2/work/git/gsplat/results/combined_outputs/bicycle_4_n80_s42_combined_colmapcams_bothpcd_amglobal_default_c0.0_p80000_random_farthestpose_i80_gteval_poseopt_steps15000/stats/val_step14999.json,bicycle_4_n80_s42_combined_colmapcams_bothpcd_amglobal_default_c0.0_p80000_random_farthestpose_i80_gteval_poseopt_steps15000,0.2516,0.020392,48.0,combined | colmapcams | bothpcd | Global Alignment | ,80.0
combined,90,42,0.0,90000,random,farthestpose,90,GT Eval,,,,Pose Opt,,,,0.0,,colmap,,,15000,15000,default,MCMC,colmapcams,bothpcd,Global Alignment,,,,gsplat,21.214311599731445,0.25805583596229553,0.5174728035926819,1000000,0.004006999544799328,0.10799999535083771,"{'psnr': [19.964506149291992, 16.27663803100586, 18.45465660095215, 19.12148094177246, 19.98474884033203, 20.911544799804688, 19.982969284057617, 19.262826919555664, 21.559066772460938, 22.273025512695312, 21.583364486694336, 22.171016693115234, 21.369115829467773, 20.055639266967773, 22.194978713989258, 23.851184844970703, 23.956953048706055, 20.235355377197266, 20.86190414428711, 23.384014129638672, 24.687335968017578, 24.757234573364258, 21.68007469177246, 21.75995635986328, 20.018163681030273], 'ssim': [0.46189168095588684, 0.28539490699768066, 0.39971449971199036, 0.44029948115348816, 0.5090790390968323, 0.5666492581367493, 0.4452092945575714, 0.3910563886165619, 0.47335299849510193, 0.5671126246452332, 0.5388898253440857, 0.5994222164154053, 0.5676819682121277, 0.4404148757457733, 0.5159452557563782, 0.6298303604125977, 0.6593649983406067, 0.4421361982822418, 0.4789843261241913, 0.5965576767921448, 0.6520792245864868, 0.6784877777099609, 0.572672963142395, 0.49947455525398254, 0.5251173377037048], 'lpips': [0.32228249311447144, 0.3615061044692993, 0.36846083402633667, 0.3062598705291748, 0.27952972054481506, 0.2522018849849701, 0.2689989507198334, 0.2767753005027771, 0.2963447868824005, 0.23847553133964539, 0.25865408778190613, 0.2504817545413971, 0.24364635348320007, 0.2389295995235443, 0.25342294573783875, 0.23662246763706207, 0.20269913971424103, 0.2405671924352646, 0.2008342444896698, 0.20555773377418518, 0.20114672183990479, 0.20742690563201904, 0.21353651583194733, 0.2647460401058197, 0.2622889280319214], 'depth_factor': [12.888648986816406, 7.2944159507751465, 15.823602676391602, 9.425071716308594, 21.513456344604492, 11.621625900268555, 11.18964672088623, 6.240110874176025, 19.852962493896484, 51.72863006591797, 16.866416931152344, 22.546436309814453, 5.290498733520508, 4.122849464416504, 11.513094902038574, 5.2498626708984375, 10.033069610595703, 3.481651782989502, 3.0659546852111816, 14.09034538269043, 3.853994131088257, 5.794849395751953, 3.1135666370391846, 6.771160125732422, 2.516653299331665], 'eval_rre': [0.1080000028014183, 0.1080000028014183, 0.1080000028014183, 0.1080000028014183, 0.1080000028014183, 0.1080000028014183, 0.1080000028014183, 0.1080000028014183, 0.1080000028014183, 0.1080000028014183, 0.1080000028014183, 0.1080000028014183, 0.1080000028014183, 0.1080000028014183, 0.1080000028014183, 0.1080000028014183, 0.1080000028014183, 0.1080000028014183, 0.1080000028014183, 0.1080000028014183, 0.1080000028014183, 0.1080000028014183, 0.1080000028014183, 0.1080000028014183, 0.1080000028014183], 'eval_rte': [0.004007000010460615, 0.004007000010460615, 0.004007000010460615, 0.004007000010460615, 0.004007000010460615, 0.004007000010460615, 0.004007000010460615, 0.004007000010460615, 0.004007000010460615, 0.004007000010460615, 0.004007000010460615, 0.004007000010460615, 0.004007000010460615, 0.004007000010460615, 0.004007000010460615, 0.004007000010460615, 0.004007000010460615, 0.004007000010460615, 0.004007000010460615, 0.004007000010460615, 0.004007000010460615, 0.004007000010460615, 0.004007000010460615, 0.004007000010460615, 0.004007000010460615]}",0.44261231946821256,103401,/home/ojab2/work/git/gsplat/results/combined_outputs/bicycle_4_n90_s42_combined_colmapcams_bothpcd_amglobal_default_c0.0_p90000_random_farthestpose_i90_gteval_poseopt_steps15000/stats/val_step14999.json,bicycle_4_n90_s42_combined_colmapcams_bothpcd_amglobal_default_c0.0_p90000_random_farthestpose_i90_gteval_poseopt_steps15000,0.1284,0.017995,90.0,combined | colmapcams | bothpcd | Global Alignment | ,90.0
combined,100,42,0.0,100000,random,farthestpose,100,GT Eval,,,,Pose Opt,,,,0.0,,colmap,,,15000,15000,default,MCMC,colmapcams,bothpcd,Global Alignment,,,,gsplat,21.35991859436035,0.24524331092834473,0.534141480922699,1000000,0.004101999569684267,0.08949999511241913,"{'psnr': [20.01506233215332, 16.728561401367188, 18.738134384155273, 19.870872497558594, 18.888628005981445, 20.78192901611328, 20.345949172973633, 19.51610565185547, 21.68137550354004, 22.385421752929688, 22.06928825378418, 22.44997215270996, 21.736801147460938, 20.432802200317383, 22.190351486206055, 23.98917579650879, 23.81097412109375, 20.615083694458008, 21.141223907470703, 23.487199783325195, 24.64777183532715, 24.715988159179688, 21.89897918701172, 21.702499389648438, 20.157833099365234], 'ssim': [0.4659607708454132, 0.31786683201789856, 0.43387553095817566, 0.49435684084892273, 0.5161707401275635, 0.5564242601394653, 0.4635202884674072, 0.4280633330345154, 0.5140300393104553, 0.6019682288169861, 0.561332643032074, 0.6180437207221985, 0.5707677602767944, 0.4805809557437897, 0.5334351062774658, 0.6294075846672058, 0.6555673480033875, 0.4576165974140167, 0.5188445448875427, 0.6219938397407532, 0.6469393372535706, 0.6774317622184753, 0.5655882954597473, 0.49640515446662903, 0.5273454785346985], 'lpips': [0.32171884179115295, 0.35131534934043884, 0.3644532561302185, 0.2829112410545349, 0.28199997544288635, 0.25107279419898987, 0.26452550292015076, 0.26348093152046204, 0.2778688371181488, 0.22005145251750946, 0.25187575817108154, 0.23277442157268524, 0.23917773365974426, 0.22723250091075897, 0.23370963335037231, 0.22799710929393768, 0.1819123774766922, 0.2126479595899582, 0.1871633231639862, 0.18870651721954346, 0.19528070092201233, 0.190964937210083, 0.19320526719093323, 0.25073349475860596, 0.23830312490463257], 'depth_factor': [14.11011791229248, 17.043245315551758, 15.389788627624512, 38.87290954589844, 18.763696670532227, 17.696971893310547, 11.002809524536133, 11.949395179748535, 25.079944610595703, 8.083890914916992, 15.37611198425293, 23.993301391601562, 6.328215599060059, 5.160909652709961, 9.194111824035645, 4.533509731292725, 10.073020935058594, 4.984974384307861, 4.995959281921387, 10.789175033569336, 3.111595392227173, 6.884106636047363, 3.534818410873413, 8.823477745056152, 2.6094090938568115], 'eval_rre': [0.08950000256299973, 0.08950000256299973, 0.08950000256299973, 0.08950000256299973, 0.08950000256299973, 0.08950000256299973, 0.08950000256299973, 0.08950000256299973, 0.08950000256299973, 0.08950000256299973, 0.08950000256299973, 0.08950000256299973, 0.08950000256299973, 0.08950000256299973, 0.08950000256299973, 0.08950000256299973, 0.08950000256299973, 0.08950000256299973, 0.08950000256299973, 0.08950000256299973, 0.08950000256299973, 0.08950000256299973, 0.08950000256299973, 0.08950000256299973, 0.08950000256299973], 'eval_rte': [0.004102000035345554, 0.004102000035345554, 0.004102000035345554, 0.004102000035345554, 0.004102000035345554, 0.004102000035345554, 0.004102000035345554, 0.004102000035345554, 0.004102000035345554, 0.004102000035345554, 0.004102000035345554, 0.004102000035345554, 0.004102000035345554, 0.004102000035345554, 0.004102000035345554, 0.004102000035345554, 0.004102000035345554, 0.004102000035345554, 0.004102000035345554, 0.004102000035345554, 0.004102000035345554, 0.004102000035345554, 0.004102000035345554, 0.004102000035345554, 0.004102000035345554]}",0.4629654758854916,116592,/home/ojab2/work/git/gsplat/results/combined_outputs/bicycle_4_n100_s42_combined_colmapcams_bothpcd_amglobal_default_c0.0_p100000_random_farthestpose_i100_gteval_poseopt_steps15000/stats/val_step14999.json,bicycle_4_n100_s42_combined_colmapcams_bothpcd_amglobal_default_c0.0_p100000_random_farthestpose_i100_gteval_poseopt_steps15000,0.1067,0.017644,100.0,combined | colmapcams | bothpcd | Global Alignment | ,100.0
combined,30,42,0.0,30000,random,farthestpose,30,GT Eval,,,,Pose Opt,,,,0.0,,colmap,,,15000,15000,default,MCMC,colmapcams,bothpcd,Local Alignment,,Fallback Cams,,gsplat,15.918192863464355,0.4781661927700043,0.21963222324848175,1000000,0.020916001871228218,1.0475000143051147,"{'psnr': [14.539640426635742, 13.539984703063965, 15.215592384338379, 14.203587532043457, 14.831589698791504, 15.082879066467285, 14.341050148010254, 15.308755874633789, 18.03634262084961, 16.90411376953125, 15.285985946655273, 16.26448631286621, 14.95633316040039, 15.35693073272705, 18.22707176208496, 16.417564392089844, 17.75208282470703, 14.694321632385254, 15.47866153717041, 18.87433624267578, 17.7573299407959, 17.498531341552734, 15.513895034790039, 17.14297103881836, 14.730823516845703], 'ssim': [0.16295261681079865, 0.158242866396904, 0.2027587592601776, 0.15083636343479156, 0.2054264396429062, 0.22560860216617584, 0.16496199369430542, 0.18422023952007294, 0.28154513239860535, 0.21491216123104095, 0.1875907927751541, 0.23311035335063934, 0.20078885555267334, 0.20612576603889465, 0.27885565161705017, 0.21886613965034485, 0.2879486382007599, 0.1771552711725235, 0.22543783485889435, 0.3163749575614929, 0.24336090683937073, 0.26482224464416504, 0.24769683182239532, 0.2118033766746521, 0.23940272629261017], 'lpips': [0.4458376169204712, 0.49473926424980164, 0.5371761322021484, 0.5313390493392944, 0.492068350315094, 0.5122323036193848, 0.41096073389053345, 0.5043951272964478, 0.4937615990638733, 0.4448959529399872, 0.47050556540489197, 0.528820812702179, 0.48082616925239563, 0.5211194157600403, 0.4682389199733734, 0.4910390377044678, 0.5099698305130005, 0.47819066047668457, 0.49599143862724304, 0.4137199819087982, 0.3954177498817444, 0.4531300961971283, 0.4624647796154022, 0.38946330547332764, 0.5278506278991699], 'depth_factor': [9.28278636932373, 6.587882041931152, 6.870081901550293, 12.658271789550781, 20.339418411254883, 10.79418659210205, 4.963418006896973, 7.937783241271973, 6.830821514129639, 7.6024556159973145, 7.410473346710205, 19.50945281982422, 6.655798435211182, 5.400577068328857, 4.925494194030762, 5.668158531188965, 19.021442413330078, 13.945796012878418, 3.8196680545806885, 4.634134292602539, 5.002526760101318, 5.357023239135742, 3.565706968307495, 3.4992594718933105, 2.7204573154449463], 'eval_rre': [1.0475000143051147, 1.0475000143051147, 1.0475000143051147, 1.0475000143051147, 1.0475000143051147, 1.0475000143051147, 1.0475000143051147, 1.0475000143051147, 1.0475000143051147, 1.0475000143051147, 1.0475000143051147, 1.0475000143051147, 1.0475000143051147, 1.0475000143051147, 1.0475000143051147, 1.0475000143051147, 1.0475000143051147, 1.0475000143051147, 1.0475000143051147, 1.0475000143051147, 1.0475000143051147, 1.0475000143051147, 1.0475000143051147, 1.0475000143051147, 1.0475000143051147], 'eval_rte': [0.02091600000858307, 0.02091600000858307, 0.02091600000858307, 0.02091600000858307, 0.02091600000858307, 0.02091600000858307, 0.02091600000858307, 0.02091600000858307, 0.02091600000858307, 0.02091600000858307, 0.02091600000858307, 0.02091600000858307, 0.02091600000858307, 0.02091600000858307, 0.02091600000858307, 0.02091600000858307, 0.02091600000858307, 0.02091600000858307, 0.02091600000858307, 0.02091600000858307, 0.02091600000858307, 0.02091600000858307, 0.02091600000858307, 0.02091600000858307, 0.02091600000858307]}",0.03448967797327077,30713,/home/ojab2/work/git/gsplat/results/combined_outputs/bicycle_4_n30_s42_combined_colmapcams_bothpcd_amlocal_fallbackcams_default_c0.0_p30000_random_farthestpose_i30_gteval_poseopt_steps15000/stats/val_step14999.json,bicycle_4_n30_s42_combined_colmapcams_bothpcd_amlocal_fallbackcams_default_c0.0_p30000_random_farthestpose_i30_gteval_poseopt_steps15000,1.1253,0.086719,30.0,combined | colmapcams | bothpcd | Local Alignment | Fallback Cams,30.0
combined,40,42,0.0,40000,random,farthestpose,40,GT Eval,,,,Pose Opt,,,,0.0,,colmap,,,15000,15000,default,MCMC,colmapcams,bothpcd,Local Alignment,,Fallback Cams,,gsplat,17.235403060913086,0.4393525719642639,0.25888490676879883,1000000,0.01926100067794323,0.7861999273300171,"{'psnr': [16.616436004638672, 14.129129409790039, 15.472001075744629, 14.927515983581543, 16.996742248535156, 16.65049171447754, 16.68208122253418, 16.541576385498047, 18.825809478759766, 18.33397674560547, 17.242427825927734, 18.414403915405273, 16.591344833374023, 16.809295654296875, 19.164779663085938, 17.929784774780273, 18.6148681640625, 16.306421279907227, 16.853994369506836, 19.92130470275879, 19.150789260864258, 18.571481704711914, 16.818078994750977, 17.56261444091797, 15.757721900939941], 'ssim': [0.25035712122917175, 0.1861775666475296, 0.218476340174675, 0.20347943902015686, 0.27559709548950195, 0.2622145116329193, 0.22806762158870697, 0.21580858528614044, 0.29969993233680725, 0.28326597809791565, 0.26455292105674744, 0.2813926637172699, 0.23819515109062195, 0.23690971732139587, 0.2940501868724823, 0.28959792852401733, 0.3187320828437805, 0.20376238226890564, 0.24891725182533264, 0.3322337865829468, 0.3098328113555908, 0.29654550552368164, 0.261733740568161, 0.21868687868118286, 0.253836065530777], 'lpips': [0.41773587465286255, 0.4892975986003876, 0.5396485924720764, 0.5128665566444397, 0.4339391589164734, 0.4402868151664734, 0.3819080591201782, 0.4571908116340637, 0.4631245732307434, 0.4199221432209015, 0.4029306173324585, 0.47746333479881287, 0.4340079724788666, 0.4644302427768707, 0.386422336101532, 0.4250492751598358, 0.47848111391067505, 0.43795594573020935, 0.45553719997406006, 0.360790491104126, 0.3614962697029114, 0.43430519104003906, 0.43573564291000366, 0.3690289855003357, 0.5042586922645569], 'depth_factor': [8.629226684570312, 5.1890435218811035, 6.168853282928467, 9.702817916870117, 15.044236183166504, 7.6777753829956055, 6.597757339477539, 5.095676898956299, 6.257407188415527, 7.571342945098877, 10.679790496826172, 15.095528602600098, 6.3976311683654785, 4.089205741882324, 4.837195873260498, 6.203771591186523, 10.597423553466797, 3.8778412342071533, 3.3975250720977783, 4.719493865966797, 3.460177421569824, 5.846352577209473, 4.577839374542236, 2.9023029804229736, 3.277374029159546], 'eval_rre': [0.7861999869346619, 0.7861999869346619, 0.7861999869346619, 0.7861999869346619, 0.7861999869346619, 0.7861999869346619, 0.7861999869346619, 0.7861999869346619, 0.7861999869346619, 0.7861999869346619, 0.7861999869346619, 0.7861999869346619, 0.7861999869346619, 0.7861999869346619, 0.7861999869346619, 0.7861999869346619, 0.7861999869346619, 0.7861999869346619, 0.7861999869346619, 0.7861999869346619, 0.7861999869346619, 0.7861999869346619, 0.7861999869346619, 0.7861999869346619, 0.7861999869346619], 'eval_rte': [0.01926100067794323, 0.01926100067794323, 0.01926100067794323, 0.01926100067794323, 0.01926100067794323, 0.01926100067794323, 0.01926100067794323, 0.01926100067794323, 0.01926100067794323, 0.01926100067794323, 0.01926100067794323, 0.01926100067794323, 0.01926100067794323, 0.01926100067794323, 0.01926100067794323, 0.01926100067794323, 0.01926100067794323, 0.01926100067794323, 0.01926100067794323, 0.01926100067794323, 0.01926100067794323, 0.01926100067794323, 0.01926100067794323, 0.01926100067794323, 0.01926100067794323]}",0.1057962702806311,42136,/home/ojab2/work/git/gsplat/results/combined_outputs/bicycle_4_n40_s42_combined_colmapcams_bothpcd_amlocal_fallbackcams_default_c0.0_p40000_random_farthestpose_i40_gteval_poseopt_steps15000/stats/val_step14999.json,bicycle_4_n40_s42_combined_colmapcams_bothpcd_amlocal_fallbackcams_default_c0.0_p40000_random_farthestpose_i40_gteval_poseopt_steps15000,0.8223,0.081137,40.0,combined | colmapcams | bothpcd | Local Alignment | Fallback Cams,40.0
combined,50,42,0.0,50000,random,farthestpose,50,GT Eval,,,,Pose Opt,,,,0.0,,colmap,,,15000,15000,default,MCMC,colmapcams,bothpcd,Local Alignment,,Fallback Cams,,gsplat,17.58679962158203,0.38920390605926514,0.2604626417160034,1000000,0.015772001817822456,0.716499924659729,"{'psnr': [15.92504596710205, 14.728560447692871, 16.11737632751465, 14.625597953796387, 16.588550567626953, 17.12117576599121, 15.780004501342773, 16.743350982666016, 19.18185043334961, 17.59799575805664, 17.176050186157227, 19.0411434173584, 16.62901496887207, 17.01243019104004, 19.741296768188477, 17.416000366210938, 20.336307525634766, 16.323637008666992, 17.660184860229492, 20.443370819091797, 18.650283813476562, 20.993696212768555, 17.88490867614746, 18.75572395324707, 17.1964168548584], 'ssim': [0.19906964898109436, 0.19488444924354553, 0.23244830965995789, 0.1505126804113388, 0.25188153982162476, 0.27394378185272217, 0.19340379536151886, 0.21764734387397766, 0.3104546368122101, 0.23525090515613556, 0.24456968903541565, 0.29883089661598206, 0.24935925006866455, 0.23468822240829468, 0.3084734082221985, 0.24561180174350739, 0.3637695908546448, 0.20662660896778107, 0.260233074426651, 0.3477528691291809, 0.2631986737251282, 0.38194912672042847, 0.295634925365448, 0.27279314398765564, 0.27857792377471924], 'lpips': [0.40625590085983276, 0.4305140972137451, 0.4646950364112854, 0.4675661027431488, 0.38088259100914, 0.386486291885376, 0.35968366265296936, 0.41054055094718933, 0.4355149269104004, 0.39456096291542053, 0.34408214688301086, 0.3955788016319275, 0.3859446942806244, 0.4173479676246643, 0.36332303285598755, 0.3984769582748413, 0.33168742060661316, 0.3940708637237549, 0.4100115895271301, 0.3424088954925537, 0.33352652192115784, 0.3244759738445282, 0.3656882643699646, 0.35410013794898987, 0.43267449736595154], 'depth_factor': [10.127278327941895, 4.807740211486816, 6.628017902374268, 7.951796054840088, 18.091707229614258, 7.932726860046387, 8.993657112121582, 4.7682600021362305, 6.5959906578063965, 6.12074089050293, 11.586519241333008, 17.295652389526367, 4.133086681365967, 4.785441875457764, 4.770749092102051, 5.381059646606445, 11.148322105407715, 4.695211410522461, 3.0634000301361084, 4.382318496704102, 4.266916275024414, 4.7814040184021, 4.173267364501953, 4.421897888183594, 4.416486740112305], 'eval_rre': [0.7164999842643738, 0.7164999842643738, 0.7164999842643738, 0.7164999842643738, 0.7164999842643738, 0.7164999842643738, 0.7164999842643738, 0.7164999842643738, 0.7164999842643738, 0.7164999842643738, 0.7164999842643738, 0.7164999842643738, 0.7164999842643738, 0.7164999842643738, 0.7164999842643738, 0.7164999842643738, 0.7164999842643738, 0.7164999842643738, 0.7164999842643738, 0.7164999842643738, 0.7164999842643738, 0.7164999842643738, 0.7164999842643738, 0.7164999842643738, 0.7164999842643738], 'eval_rte': [0.015771999955177307, 0.015771999955177307, 0.015771999955177307, 0.015771999955177307, 0.015771999955177307, 0.015771999955177307, 0.015771999955177307, 0.015771999955177307, 0.015771999955177307, 0.015771999955177307, 0.015771999955177307, 0.015771999955177307, 0.015771999955177307, 0.015771999955177307, 0.015771999955177307, 0.015771999955177307, 0.015771999955177307, 0.015771999955177307, 0.015771999955177307, 0.015771999955177307, 0.015771999955177307, 0.015771999955177307, 0.015771999955177307, 0.015771999955177307, 0.015771999955177307]}",0.14418223262065571,53101,/home/ojab2/work/git/gsplat/results/combined_outputs/bicycle_4_n50_s42_combined_colmapcams_bothpcd_amlocal_fallbackcams_default_c0.0_p50000_random_farthestpose_i50_gteval_poseopt_steps15000/stats/val_step14999.json,bicycle_4_n50_s42_combined_colmapcams_bothpcd_amlocal_fallbackcams_default_c0.0_p50000_random_farthestpose_i50_gteval_poseopt_steps15000,0.7647,0.07365,50.0,combined | colmapcams | bothpcd | Local Alignment | Fallback Cams,50.0
combined,60,42,0.0,60000,random,farthestpose,60,GT Eval,,,,Pose Opt,,,,0.0,,colmap,,,15000,15000,default,MCMC,colmapcams,bothpcd,Local Alignment,,Fallback Cams,,gsplat,17.747934341430664,0.37278616428375244,0.262553334236145,1000000,0.013159999623894691,0.5731999278068542,"{'psnr': [16.45491600036621, 14.743659973144531, 16.217557907104492, 14.990665435791016, 16.533628463745117, 17.336917877197266, 16.27992057800293, 16.60953140258789, 19.216934204101562, 18.181873321533203, 17.460481643676758, 18.817453384399414, 16.911029815673828, 16.790000915527344, 19.73824691772461, 18.151952743530273, 20.103687286376953, 16.565521240234375, 17.125425338745117, 20.70615577697754, 19.383813858032227, 20.789241790771484, 18.0985164642334, 19.29218101501465, 17.199037551879883], 'ssim': [0.20691882073879242, 0.18216027319431305, 0.2333652377128601, 0.162425234913826, 0.26687270402908325, 0.26637378334999084, 0.194667249917984, 0.2012583315372467, 0.31436991691589355, 0.25485759973526, 0.2576570212841034, 0.2934081554412842, 0.24085001647472382, 0.22540995478630066, 0.30851295590400696, 0.29725614190101624, 0.3567419946193695, 0.19014093279838562, 0.25296613574028015, 0.3517126142978668, 0.3151656687259674, 0.3704434633255005, 0.27472758293151855, 0.2812790870666504, 0.26429271697998047], 'lpips': [0.3792681097984314, 0.41705718636512756, 0.4638979434967041, 0.46537524461746216, 0.34836387634277344, 0.3596727252006531, 0.33906129002571106, 0.39152801036834717, 0.4250834584236145, 0.3723316192626953, 0.3419593572616577, 0.3613998293876648, 0.3470224142074585, 0.389516681432724, 0.36296185851097107, 0.38568657636642456, 0.31784000992774963, 0.37686729431152344, 0.3807106614112854, 0.34136492013931274, 0.3282475471496582, 0.31153014302253723, 0.34706905484199524, 0.3481989800930023, 0.4176391661167145], 'depth_factor': [12.130757331848145, 6.406936168670654, 26.251340866088867, 7.029350280761719, 27.878015518188477, 22.414077758789062, 10.108964920043945, 4.811810493469238, 9.281005859375, 11.813492774963379, 13.00599479675293, 28.361928939819336, 16.11656951904297, 3.874723434448242, 8.964941024780273, 6.341707706451416, 13.551447868347168, 10.568623542785645, 4.929749488830566, 10.62147045135498, 3.3754076957702637, 7.493558883666992, 3.8348803520202637, 3.242924213409424, 2.5439486503601074], 'eval_rre': [0.573199987411499, 0.573199987411499, 0.573199987411499, 0.573199987411499, 0.573199987411499, 0.573199987411499, 0.573199987411499, 0.573199987411499, 0.573199987411499, 0.573199987411499, 0.573199987411499, 0.573199987411499, 0.573199987411499, 0.573199987411499, 0.573199987411499, 0.573199987411499, 0.573199987411499, 0.573199987411499, 0.573199987411499, 0.573199987411499, 0.573199987411499, 0.573199987411499, 0.573199987411499, 0.573199987411499, 0.573199987411499], 'eval_rte': [0.013159999623894691, 0.013159999623894691, 0.013159999623894691, 0.013159999623894691, 0.013159999623894691, 0.013159999623894691, 0.013159999623894691, 0.013159999623894691, 0.013159999623894691, 0.013159999623894691, 0.013159999623894691, 0.013159999623894691, 0.013159999623894691, 0.013159999623894691, 0.013159999623894691, 0.013159999623894691, 0.013159999623894691, 0.013159999623894691, 0.013159999623894691, 0.013159999623894691, 0.013159999623894691, 0.013159999623894691, 0.013159999623894691, 0.013159999623894691, 0.013159999623894691]}",0.15852324462231296,64134,/home/ojab2/work/git/gsplat/results/combined_outputs/bicycle_4_n60_s42_combined_colmapcams_bothpcd_amlocal_fallbackcams_default_c0.0_p60000_random_farthestpose_i60_gteval_poseopt_steps15000/stats/val_step14999.json,bicycle_4_n60_s42_combined_colmapcams_bothpcd_amlocal_fallbackcams_default_c0.0_p60000_random_farthestpose_i60_gteval_poseopt_steps15000,0.6419,0.058389,60.0,combined | colmapcams | bothpcd | Local Alignment | Fallback Cams,60.0
combined,70,42,0.0,70000,random,farthestpose,70,GT Eval,,,,Pose Opt,,,,0.0,,colmap,,,15000,15000,default,MCMC,colmapcams,bothpcd,Local Alignment,,Fallback Cams,,gsplat,18.44858169555664,0.35889992117881775,0.30384212732315063,1000000,0.017278999090194702,0.5651999115943909,"{'psnr': [17.13275146484375, 15.71353816986084, 16.481151580810547, 16.153690338134766, 18.55311393737793, 18.285978317260742, 17.316146850585938, 18.20813751220703, 19.380525588989258, 19.17469596862793, 19.603200912475586, 19.6243896484375, 17.599552154541016, 18.585336685180664, 19.756803512573242, 18.63163948059082, 20.821535110473633, 17.320138931274414, 19.11915397644043, 20.472633361816406, 19.26165008544922, 20.567420959472656, 18.2557430267334, 17.974468231201172, 17.221179962158203], 'ssim': [0.2602243423461914, 0.23920993506908417, 0.24261337518692017, 0.2555854618549347, 0.3436954915523529, 0.3503611087799072, 0.26969462633132935, 0.2701892852783203, 0.31228765845298767, 0.32353636622428894, 0.3842111825942993, 0.3500242829322815, 0.3049437403678894, 0.29689234495162964, 0.3091723322868347, 0.31244513392448425, 0.3932857811450958, 0.24636691808700562, 0.30780911445617676, 0.3480614721775055, 0.27981069684028625, 0.3696829378604889, 0.3147413730621338, 0.22615402936935425, 0.2850548326969147], 'lpips': [0.3699629306793213, 0.404091477394104, 0.47428151965141296, 0.433440625667572, 0.33016687631607056, 0.33717334270477295, 0.3317365050315857, 0.3721609115600586, 0.4334471523761749, 0.35440483689308167, 0.30750489234924316, 0.33880549669265747, 0.3293052315711975, 0.3572307825088501, 0.3740784525871277, 0.3725605607032776, 0.30564549565315247, 0.3602440357208252, 0.32373613119125366, 0.34325486421585083, 0.3283519148826599, 0.2895668148994446, 0.3327060341835022, 0.3591051697731018, 0.40953609347343445], 'depth_factor': [14.63477611541748, 11.278643608093262, 12.796969413757324, 14.281133651733398, 22.256214141845703, 16.859359741210938, 23.302562713623047, 5.680606365203857, 13.065177917480469, 124.12318420410156, 20.18324851989746, 23.473613739013672, 6.456587314605713, 7.550549507141113, 5.044213771820068, 4.00751256942749, 11.247701644897461, 12.755861282348633, 4.124689102172852, 5.3713226318359375, 3.1559503078460693, 9.708847045898438, 5.324436664581299, 3.824442148208618, 4.988217353820801], 'eval_rre': [0.5651999711990356, 0.5651999711990356, 0.5651999711990356, 0.5651999711990356, 0.5651999711990356, 0.5651999711990356, 0.5651999711990356, 0.5651999711990356, 0.5651999711990356, 0.5651999711990356, 0.5651999711990356, 0.5651999711990356, 0.5651999711990356, 0.5651999711990356, 0.5651999711990356, 0.5651999711990356, 0.5651999711990356, 0.5651999711990356, 0.5651999711990356, 0.5651999711990356, 0.5651999711990356, 0.5651999711990356, 0.5651999711990356, 0.5651999711990356, 0.5651999711990356], 'eval_rte': [0.017278999090194702, 0.017278999090194702, 0.017278999090194702, 0.017278999090194702, 0.017278999090194702, 0.017278999090194702, 0.017278999090194702, 0.017278999090194702, 0.017278999090194702, 0.017278999090194702, 0.017278999090194702, 0.017278999090194702, 0.017278999090194702, 0.017278999090194702, 0.017278999090194702, 0.017278999090194702, 0.017278999090194702, 0.017278999090194702, 0.017278999090194702, 0.017278999090194702, 0.017278999090194702, 0.017278999090194702, 0.017278999090194702, 0.017278999090194702, 0.017278999090194702]}",0.20421544366102856,75448,/home/ojab2/work/git/gsplat/results/combined_outputs/bicycle_4_n70_s42_combined_colmapcams_bothpcd_amlocal_fallbackcams_default_c0.0_p70000_random_farthestpose_i70_gteval_poseopt_steps15000/stats/val_step14999.json,bicycle_4_n70_s42_combined_colmapcams_bothpcd_amlocal_fallbackcams_default_c0.0_p70000_random_farthestpose_i70_gteval_poseopt_steps15000,0.6421,0.073629,70.0,combined | colmapcams | bothpcd | Local Alignment | Fallback Cams,70.0
combined,80,42,0.0,80000,random,farthestpose,80,GT Eval,,,,Pose Opt,,,,0.0,,colmap,,,15000,15000,default,MCMC,colmapcams,bothpcd,Local Alignment,,Fallback Cams,,gsplat,18.067062377929688,0.3385724425315857,0.2763812839984894,1000000,0.01434099767357111,0.5401999950408936,"{'psnr': [16.698442459106445, 15.446664810180664, 16.59366798400879, 15.392585754394531, 16.715757369995117, 17.46816062927246, 16.707454681396484, 17.288747787475586, 19.160058975219727, 18.33308219909668, 17.77088165283203, 19.18425941467285, 16.979047775268555, 17.663545608520508, 19.661252975463867, 19.082530975341797, 20.09228515625, 16.910438537597656, 18.259029388427734, 20.614368438720703, 20.568660736083984, 21.053373336791992, 17.874988555908203, 19.131046295166016, 17.02622413635254], 'ssim': [0.2040790170431137, 0.20637387037277222, 0.23451747000217438, 0.16233006119728088, 0.2931182086467743, 0.273811399936676, 0.1990675926208496, 0.22997432947158813, 0.31156182289123535, 0.26522374153137207, 0.26776090264320374, 0.3119910955429077, 0.24461708962917328, 0.2512066960334778, 0.3073723018169403, 0.36073529720306396, 0.3793131113052368, 0.20440590381622314, 0.27904853224754333, 0.3556149899959564, 0.3753097653388977, 0.3795698285102844, 0.275462806224823, 0.26768726110458374, 0.26937979459762573], 'lpips': [0.3609127998352051, 0.4070984423160553, 0.4626173973083496, 0.3924277126789093, 0.30631810426712036, 0.3235563337802887, 0.32269102334976196, 0.35351234674453735, 0.407986581325531, 0.32939407229423523, 0.2929290533065796, 0.30722641944885254, 0.31714093685150146, 0.33991381525993347, 0.3654468059539795, 0.3362230062484741, 0.2576533257961273, 0.33981457352638245, 0.32268017530441284, 0.3360375761985779, 0.29755985736846924, 0.25854218006134033, 0.3102110028266907, 0.3408586084842682, 0.3755601644515991], 'depth_factor': [13.661953926086426, 6.117290019989014, 10.760010719299316, 10.900288581848145, 21.75873374938965, 14.628491401672363, 9.593542098999023, 4.8607611656188965, 6.860607147216797, 48.32224655151367, 14.365903854370117, 20.919702529907227, 5.085838794708252, 17.163511276245117, 5.667566776275635, 3.797086000442505, 16.275461196899414, 4.282440662384033, 3.146937847137451, 4.5433669090271, 2.6893796920776367, 6.100725173950195, 3.252652645111084, 2.6047255992889404, 2.560828447341919], 'eval_rre': [0.5401999950408936, 0.5401999950408936, 0.5401999950408936, 0.5401999950408936, 0.5401999950408936, 0.5401999950408936, 0.5401999950408936, 0.5401999950408936, 0.5401999950408936, 0.5401999950408936, 0.5401999950408936, 0.5401999950408936, 0.5401999950408936, 0.5401999950408936, 0.5401999950408936, 0.5401999950408936, 0.5401999950408936, 0.5401999950408936, 0.5401999950408936, 0.5401999950408936, 0.5401999950408936, 0.5401999950408936, 0.5401999950408936, 0.5401999950408936, 0.5401999950408936], 'eval_rte': [0.014340999536216259, 0.014340999536216259, 0.014340999536216259, 0.014340999536216259, 0.014340999536216259, 0.014340999536216259, 0.014340999536216259, 0.014340999536216259, 0.014340999536216259, 0.014340999536216259, 0.014340999536216259, 0.014340999536216259, 0.014340999536216259, 0.014340999536216259, 0.014340999536216259, 0.014340999536216259, 0.014340999536216259, 0.014340999536216259, 0.014340999536216259, 0.014340999536216259, 0.014340999536216259, 0.014340999536216259, 0.014340999536216259, 0.014340999536216259, 0.014340999536216259]}",0.19363912473335293,87102,/home/ojab2/work/git/gsplat/results/combined_outputs/bicycle_4_n80_s42_combined_colmapcams_bothpcd_amlocal_fallbackcams_default_c0.0_p80000_random_farthestpose_i80_gteval_poseopt_steps15000/stats/val_step14999.json,bicycle_4_n80_s42_combined_colmapcams_bothpcd_amlocal_fallbackcams_default_c0.0_p80000_random_farthestpose_i80_gteval_poseopt_steps15000,0.6207,0.062369,80.0,combined | colmapcams | bothpcd | Local Alignment | Fallback Cams,80.0
combined,90,42,0.0,90000,random,farthestpose,90,GT Eval,,,,Pose Opt,,,,0.0,,colmap,,,15000,15000,default,MCMC,colmapcams,bothpcd,Local Alignment,,Fallback Cams,,gsplat,21.179712295532227,0.2637558877468109,0.5132448673248291,1000000,0.004038000013679266,0.10570000857114792,"{'psnr': [19.96845817565918, 16.285018920898438, 18.391948699951172, 18.950084686279297, 19.951313018798828, 20.90940284729004, 20.156476974487305, 19.234010696411133, 21.598587036132812, 22.227190017700195, 21.543550491333008, 22.10183334350586, 21.473989486694336, 20.0679874420166, 22.110939025878906, 23.800569534301758, 23.892337799072266, 20.28759002685547, 20.863187789916992, 23.258556365966797, 24.474475860595703, 24.693729400634766, 21.645755767822266, 21.632619857788086, 19.973237991333008], 'ssim': [0.4636726975440979, 0.2830445170402527, 0.3913322985172272, 0.4406033754348755, 0.500088095664978, 0.5644747614860535, 0.452557772397995, 0.38866230845451355, 0.4697558283805847, 0.5666185617446899, 0.5387234687805176, 0.5856947898864746, 0.5699254274368286, 0.4383881986141205, 0.5114396214485168, 0.628948986530304, 0.6502422094345093, 0.4407697021961212, 0.4772513806819916, 0.5897078514099121, 0.6445184350013733, 0.6716263294219971, 0.5626360177993774, 0.4876713156700134, 0.5127674341201782], 'lpips': [0.32354944944381714, 0.36470913887023926, 0.3715483546257019, 0.30791571736335754, 0.2821313142776489, 0.25825387239456177, 0.27197518944740295, 0.2806304097175598, 0.298854261636734, 0.24044430255889893, 0.2584161162376404, 0.258611261844635, 0.2471969574689865, 0.24642115831375122, 0.26409655809402466, 0.23124870657920837, 0.21514685451984406, 0.24723170697689056, 0.21393635869026184, 0.21640673279762268, 0.20390595495700836, 0.21653935313224792, 0.22696207463741302, 0.26627182960510254, 0.2814936339855194], 'depth_factor': [13.886205673217773, 7.277304649353027, 14.569096565246582, 10.294210433959961, 22.21168327331543, 11.576573371887207, 10.4693603515625, 10.336468696594238, 16.709033966064453, 8.227014541625977, 18.1469783782959, 22.422521591186523, 5.476316928863525, 3.9656403064727783, 6.365782737731934, 5.697910785675049, 10.859315872192383, 3.5549135208129883, 4.157942295074463, 6.344388008117676, 4.166329860687256, 6.985298156738281, 3.1116104125976562, 5.1527628898620605, 2.4781789779663086], 'eval_rre': [0.10570000112056732, 0.10570000112056732, 0.10570000112056732, 0.10570000112056732, 0.10570000112056732, 0.10570000112056732, 0.10570000112056732, 0.10570000112056732, 0.10570000112056732, 0.10570000112056732, 0.10570000112056732, 0.10570000112056732, 0.10570000112056732, 0.10570000112056732, 0.10570000112056732, 0.10570000112056732, 0.10570000112056732, 0.10570000112056732, 0.10570000112056732, 0.10570000112056732, 0.10570000112056732, 0.10570000112056732, 0.10570000112056732, 0.10570000112056732, 0.10570000112056732], 'eval_rte': [0.004038000013679266, 0.004038000013679266, 0.004038000013679266, 0.004038000013679266, 0.004038000013679266, 0.004038000013679266, 0.004038000013679266, 0.004038000013679266, 0.004038000013679266, 0.004038000013679266, 0.004038000013679266, 0.004038000013679266, 0.004038000013679266, 0.004038000013679266, 0.004038000013679266, 0.004038000013679266, 0.004038000013679266, 0.004038000013679266, 0.004038000013679266, 0.004038000013679266, 0.004038000013679266, 0.004038000013679266, 0.004038000013679266, 0.004038000013679266, 0.004038000013679266]}",0.43598056377878114,103401,/home/ojab2/work/git/gsplat/results/combined_outputs/bicycle_4_n90_s42_combined_colmapcams_bothpcd_amlocal_fallbackcams_default_c0.0_p90000_random_farthestpose_i90_gteval_poseopt_steps15000/stats/val_step14999.json,bicycle_4_n90_s42_combined_colmapcams_bothpcd_amlocal_fallbackcams_default_c0.0_p90000_random_farthestpose_i90_gteval_poseopt_steps15000,0.1284,0.017995,90.0,combined | colmapcams | bothpcd | Local Alignment | Fallback Cams,90.0
combined,100,42,0.0,100000,random,farthestpose,100,GT Eval,,,,Pose Opt,,,,0.0,,colmap,,,15000,15000,default,MCMC,colmapcams,bothpcd,Local Alignment,,Fallback Cams,,gsplat,21.409330368041992,0.25104209780693054,0.5347093939781189,1000000,0.004110000561922789,0.08799999207258224,"{'psnr': [20.18924903869629, 16.714000701904297, 18.49534034729004, 19.68191146850586, 18.927289962768555, 20.989835739135742, 20.546615600585938, 19.749801635742188, 21.95370864868164, 22.66806411743164, 21.842121124267578, 22.52679443359375, 21.936992645263672, 20.598081588745117, 22.236915588378906, 23.840309143066406, 23.926881790161133, 20.782087326049805, 21.250707626342773, 23.456146240234375, 24.414106369018555, 24.70888900756836, 22.006563186645508, 21.486835479736328, 20.304065704345703], 'ssim': [0.475215345621109, 0.3186304569244385, 0.4262674152851105, 0.48688653111457825, 0.5151700377464294, 0.5637877583503723, 0.4784865081310272, 0.4373602271080017, 0.5124476552009583, 0.5990983247756958, 0.5558140277862549, 0.6180274486541748, 0.5843904614448547, 0.4886603355407715, 0.5311715006828308, 0.6253666281700134, 0.658413827419281, 0.4634858965873718, 0.5242571830749512, 0.6146836280822754, 0.634874701499939, 0.6777203679084778, 0.5696629285812378, 0.4818249046802521, 0.5260321497917175], 'lpips': [0.32377585768699646, 0.35733819007873535, 0.3675205707550049, 0.28632304072380066, 0.2847505807876587, 0.2524799406528473, 0.2693023085594177, 0.26667875051498413, 0.2799629867076874, 0.21667584776878357, 0.24944961071014404, 0.24224673211574554, 0.24220015108585358, 0.23730893433094025, 0.23883648216724396, 0.2249005287885666, 0.19496563076972961, 0.221658393740654, 0.20394262671470642, 0.1998453587293625, 0.1964203119277954, 0.20531243085861206, 0.20471137762069702, 0.2548425793647766, 0.25460320711135864], 'depth_factor': [13.69762897491455, 11.791280746459961, 15.380168914794922, 21.988887786865234, 20.77159309387207, 17.64109992980957, 10.467019081115723, 6.522772789001465, 18.764341354370117, 148.88323974609375, 14.373830795288086, 25.365108489990234, 6.181753158569336, 4.319392204284668, 10.434647560119629, 4.847168445587158, 14.589078903198242, 4.20379638671875, 4.248557090759277, 8.033210754394531, 6.626004219055176, 9.339797019958496, 4.845057487487793, 7.338466644287109, 4.4488630294799805], 'eval_rre': [0.08799999952316284, 0.08799999952316284, 0.08799999952316284, 0.08799999952316284, 0.08799999952316284, 0.08799999952316284, 0.08799999952316284, 0.08799999952316284, 0.08799999952316284, 0.08799999952316284, 0.08799999952316284, 0.08799999952316284, 0.08799999952316284, 0.08799999952316284, 0.08799999952316284, 0.08799999952316284, 0.08799999952316284, 0.08799999952316284, 0.08799999952316284, 0.08799999952316284, 0.08799999952316284, 0.08799999952316284, 0.08799999952316284, 0.08799999952316284, 0.08799999952316284], 'eval_rte': [0.004110000096261501, 0.004110000096261501, 0.004110000096261501, 0.004110000096261501, 0.004110000096261501, 0.004110000096261501, 0.004110000096261501, 0.004110000096261501, 0.004110000096261501, 0.004110000096261501, 0.004110000096261501, 0.004110000096261501, 0.004110000096261501, 0.004110000096261501, 0.004110000096261501, 0.004110000096261501, 0.004110000096261501, 0.004110000096261501, 0.004110000096261501, 0.004110000096261501, 0.004110000096261501, 0.004110000096261501, 0.004110000096261501, 0.004110000096261501, 0.004110000096261501]}",0.4606331235561532,116592,/home/ojab2/work/git/gsplat/results/combined_outputs/bicycle_4_n100_s42_combined_colmapcams_bothpcd_amlocal_fallbackcams_default_c0.0_p100000_random_farthestpose_i100_gteval_poseopt_steps15000/stats/val_step14999.json,bicycle_4_n100_s42_combined_colmapcams_bothpcd_amlocal_fallbackcams_default_c0.0_p100000_random_farthestpose_i100_gteval_poseopt_steps15000,0.1067,0.017644,100.0,combined | colmapcams | bothpcd | Local Alignment | Fallback Cams,100.0
combined,30,42,0.0,30000,random,farthestpose,30,GT Eval,,,,Pose Opt,,,,0.0,,colmap,,,15000,15000,default,MCMC,colmapcams,bothpcd,Local Alignment,,,,gsplat,12.561760902404785,0.6713908314704895,0.15259744226932526,1000000,0.011857002042233944,1.6603000164031982,"{'psnr': [11.994659423828125, 10.718100547790527, 10.340514183044434, 11.14357852935791, 13.383852005004883, 12.912470817565918, 12.515961647033691, 12.242494583129883, 12.483539581298828, 13.010931968688965, 13.377935409545898, 14.2140531539917, 12.996996879577637, 12.199326515197754, 11.939494132995605, 12.631400108337402, 15.486693382263184, 12.04072380065918, 11.4073486328125, 11.862665176391602, 12.522214889526367, 16.28362274169922, 12.189804077148438, 12.030817031860352, 12.114829063415527], 'ssim': [0.1342499703168869, 0.10044082254171371, 0.12283852696418762, 0.10738912969827652, 0.1821822226047516, 0.1747116595506668, 0.12801600992679596, 0.10555527359247208, 0.2081630527973175, 0.1268976479768753, 0.14057449996471405, 0.1839355081319809, 0.16056403517723083, 0.11455239355564117, 0.16502028703689575, 0.13842977583408356, 0.2295680046081543, 0.11738289892673492, 0.1247316226363182, 0.19493940472602844, 0.1547764539718628, 0.228780135512352, 0.15353894233703613, 0.13909603655338287, 0.1786017119884491], 'lpips': [0.6690068244934082, 0.7162479162216187, 0.7901393175125122, 0.7132455110549927, 0.5250684022903442, 0.5764849185943604, 0.6712462306022644, 0.7208802700042725, 0.778651237487793, 0.7206593751907349, 0.5950358510017395, 0.5697532296180725, 0.643860936164856, 0.7143410444259644, 0.7748850584030151, 0.6751850843429565, 0.5717293620109558, 0.6918785572052002, 0.703773558139801, 0.7460482120513916, 0.6727597713470459, 0.5019626021385193, 0.6650478839874268, 0.685210108757019, 0.6916690468788147], 'depth_factor': [229.2479705810547, 17.604904174804688, 12.703150749206543, 234.73606872558594, 41.97989273071289, 23.772512435913086, 419.537353515625, 15.696317672729492, 2.9665815830230713, 384.2428283691406, 147.27769470214844, 25.582250595092773, 131.82733154296875, 40.97144317626953, 8.360359191894531, 46.33483123779297, 29.62512969970703, 31.95795249938965, 171.7868194580078, 25.492454528808594, 37.57321548461914, 13.79341983795166, 47.5645637512207, 7.624505519866943, 4.460221290588379], 'eval_rre': [1.6603000164031982, 1.6603000164031982, 1.6603000164031982, 1.6603000164031982, 1.6603000164031982, 1.6603000164031982, 1.6603000164031982, 1.6603000164031982, 1.6603000164031982, 1.6603000164031982, 1.6603000164031982, 1.6603000164031982, 1.6603000164031982, 1.6603000164031982, 1.6603000164031982, 1.6603000164031982, 1.6603000164031982, 1.6603000164031982, 1.6603000164031982, 1.6603000164031982, 1.6603000164031982, 1.6603000164031982, 1.6603000164031982, 1.6603000164031982, 1.6603000164031982], 'eval_rte': [0.011857000179588795, 0.011857000179588795, 0.011857000179588795, 0.011857000179588795, 0.011857000179588795, 0.011857000179588795, 0.011857000179588795, 0.011857000179588795, 0.011857000179588795, 0.011857000179588795, 0.011857000179588795, 0.011857000179588795, 0.011857000179588795, 0.011857000179588795, 0.011857000179588795, 0.011857000179588795, 0.011857000179588795, 0.011857000179588795, 0.011857000179588795, 0.011857000179588795, 0.011857000179588795, 0.011857000179588795, 0.011857000179588795, 0.011857000179588795, 0.011857000179588795]}",-0.1861425640909914,8469,/home/ojab2/work/git/gsplat/results/combined_outputs/bicycle_4_n30_s42_combined_colmapcams_bothpcd_amlocal_default_c0.0_p30000_random_farthestpose_i30_gteval_poseopt_steps15000/stats/val_step14999.json,bicycle_4_n30_s42_combined_colmapcams_bothpcd_amlocal_default_c0.0_p30000_random_farthestpose_i30_gteval_poseopt_steps15000,1.8188,0.022037,8.0,combined | colmapcams | bothpcd | Local Alignment | ,30.0
combined,40,42,0.0,40000,random,farthestpose,40,GT Eval,,,,Pose Opt,,,,0.0,,colmap,,,15000,15000,default,MCMC,colmapcams,bothpcd,Local Alignment,,,,gsplat,13.629639625549316,0.5802414417266846,0.17185567319393158,1000000,0.009554999880492687,0.5491999983787537,"{'psnr': [14.284964561462402, 11.542113304138184, 10.116917610168457, 12.08076286315918, 14.400768280029297, 15.31994915008545, 14.507261276245117, 13.16862964630127, 12.686216354370117, 13.656760215759277, 15.558490753173828, 15.545234680175781, 14.755790710449219, 13.40945816040039, 12.002434730529785, 14.021024703979492, 16.415536880493164, 13.598916053771973, 12.725576400756836, 12.600290298461914, 13.051953315734863, 16.86902618408203, 13.388232231140137, 12.234822273254395, 12.799858093261719], 'ssim': [0.1825125515460968, 0.11017445474863052, 0.0974172055721283, 0.11344291269779205, 0.2346780002117157, 0.26028236746788025, 0.18596890568733215, 0.1292896270751953, 0.11969348788261414, 0.14485891163349152, 0.21593618392944336, 0.24835413694381714, 0.20851418375968933, 0.15041249990463257, 0.11339980363845825, 0.17546740174293518, 0.2759755253791809, 0.14216111600399017, 0.1370524913072586, 0.19743113219738007, 0.14639975130558014, 0.26275157928466797, 0.16486281156539917, 0.11773964017629623, 0.16161522269248962], 'lpips': [0.46974989771842957, 0.5739754438400269, 0.7620977163314819, 0.6254270076751709, 0.460968941450119, 0.4604731798171997, 0.4484727382659912, 0.5877357125282288, 0.7206521034240723, 0.6591923236846924, 0.4934079647064209, 0.5032813549041748, 0.499858021736145, 0.5821910500526428, 0.7247700691223145, 0.6183112263679504, 0.5105748772621155, 0.5377354621887207, 0.6125698685646057, 0.7113473415374756, 0.6343162059783936, 0.4632495641708374, 0.5775802135467529, 0.6520368456840515, 0.6160603761672974], 'depth_factor': [9.424677848815918, 11.64464282989502, 10.36298942565918, 10.280118942260742, 15.94667911529541, 7.500160217285156, 7.1242804527282715, 12.945770263671875, 8.667459487915039, 70.95572662353516, 9.909845352172852, 21.785171508789062, 18.927471160888672, 5.176910400390625, 2.6152825355529785, 5.248324871063232, 10.879490852355957, 10.683891296386719, 11.060502052307129, 2.0883026123046875, 12.861250877380371, 5.444432735443115, 18.47723388671875, 3.7616429328918457, 4.571873664855957], 'eval_rre': [0.5491999983787537, 0.5491999983787537, 0.5491999983787537, 0.5491999983787537, 0.5491999983787537, 0.5491999983787537, 0.5491999983787537, 0.5491999983787537, 0.5491999983787537, 0.5491999983787537, 0.5491999983787537, 0.5491999983787537, 0.5491999983787537, 0.5491999983787537, 0.5491999983787537, 0.5491999983787537, 0.5491999983787537, 0.5491999983787537, 0.5491999983787537, 0.5491999983787537, 0.5491999983787537, 0.5491999983787537, 0.5491999983787537, 0.5491999983787537, 0.5491999983787537], 'eval_rte': [0.009554999880492687, 0.009554999880492687, 0.009554999880492687, 0.009554999880492687, 0.009554999880492687, 0.009554999880492687, 0.009554999880492687, 0.009554999880492687, 0.009554999880492687, 0.009554999880492687, 0.009554999880492687, 0.009554999880492687, 0.009554999880492687, 0.009554999880492687, 0.009554999880492687, 0.009554999880492687, 0.009554999880492687, 0.009554999880492687, 0.009554999880492687, 0.009554999880492687, 0.009554999880492687, 0.009554999880492687, 0.009554999880492687, 0.009554999880492687, 0.009554999880492687]}",-0.09883985343577406,22302,/home/ojab2/work/git/gsplat/results/combined_outputs/bicycle_4_n40_s42_combined_colmapcams_bothpcd_amlocal_default_c0.0_p40000_random_farthestpose_i40_gteval_poseopt_steps15000/stats/val_step14999.json,bicycle_4_n40_s42_combined_colmapcams_bothpcd_amlocal_default_c0.0_p40000_random_farthestpose_i40_gteval_poseopt_steps15000,0.6138,0.042981,20.0,combined | colmapcams | bothpcd | Local Alignment | ,40.0
combined,50,42,0.0,50000,random,farthestpose,50,GT Eval,,,,Pose Opt,,,,0.0,,colmap,,,15000,15000,default,MCMC,colmapcams,bothpcd,Local Alignment,,,,gsplat,15.485148429870605,0.4772174656391144,0.2157970368862152,1000000,0.00610300013795495,0.37929999828338623,"{'psnr': [16.282747268676758, 13.31059741973877, 10.262876510620117, 12.597681999206543, 16.771360397338867, 17.431724548339844, 15.813894271850586, 14.627396583557129, 13.492268562316895, 14.76125431060791, 17.132781982421875, 18.20014762878418, 17.48894500732422, 15.370970726013184, 12.961651802062988, 14.979968070983887, 19.503793716430664, 15.943427085876465, 15.140320777893066, 13.25375747680664, 14.409799575805664, 18.800498962402344, 17.840845108032227, 13.74711799621582, 17.002912521362305], 'ssim': [0.2216053009033203, 0.15175765752792358, 0.11625171452760696, 0.14807891845703125, 0.26212242245674133, 0.27838584780693054, 0.1981918215751648, 0.16369053721427917, 0.14924415946006775, 0.1750672161579132, 0.2699989676475525, 0.2783174514770508, 0.27145737409591675, 0.19288617372512817, 0.1482597440481186, 0.20603352785110474, 0.3406884968280792, 0.19304482638835907, 0.20544233918190002, 0.2104487121105194, 0.18992780148983002, 0.2994979918003082, 0.2895541489124298, 0.16560456156730652, 0.26936855912208557], 'lpips': [0.3832259476184845, 0.4584290683269501, 0.7297447323799133, 0.5823702812194824, 0.37996888160705566, 0.35323694348335266, 0.35316941142082214, 0.48272788524627686, 0.6718228459358215, 0.5903881788253784, 0.39730799198150635, 0.38817861676216125, 0.3623499870300293, 0.4775501787662506, 0.667457103729248, 0.5134395956993103, 0.3259788453578949, 0.41007503867149353, 0.5114853382110596, 0.6566975712776184, 0.5298532247543335, 0.3162640631198883, 0.3781519830226898, 0.5628965497016907, 0.4476659595966339], 'depth_factor': [10.784582138061523, 14.626276016235352, 90.28022003173828, 48.22700881958008, 18.841022491455078, 7.956581115722656, 9.348191261291504, 11.313276290893555, 59.443843841552734, 8.150749206542969, 11.415386199951172, 19.815279006958008, 6.564310550689697, 6.601931571960449, 106.42676544189453, 21.60686683654785, 12.221256256103516, 3.397782564163208, 3.6250057220458984, 21.228370666503906, 40.392024993896484, 5.5649733543396, 6.279428958892822, 23.694677352905273, 6.923361778259277], 'eval_rre': [0.37929999828338623, 0.37929999828338623, 0.37929999828338623, 0.37929999828338623, 0.37929999828338623, 0.37929999828338623, 0.37929999828338623, 0.37929999828338623, 0.37929999828338623, 0.37929999828338623, 0.37929999828338623, 0.37929999828338623, 0.37929999828338623, 0.37929999828338623, 0.37929999828338623, 0.37929999828338623, 0.37929999828338623, 0.37929999828338623, 0.37929999828338623, 0.37929999828338623, 0.37929999828338623, 0.37929999828338623, 0.37929999828338623, 0.37929999828338623, 0.37929999828338623], 'eval_rte': [0.00610300013795495, 0.00610300013795495, 0.00610300013795495, 0.00610300013795495, 0.00610300013795495, 0.00610300013795495, 0.00610300013795495, 0.00610300013795495, 0.00610300013795495, 0.00610300013795495, 0.00610300013795495, 0.00610300013795495, 0.00610300013795495, 0.00610300013795495, 0.00610300013795495, 0.00610300013795495, 0.00610300013795495, 0.00610300013795495, 0.00610300013795495, 0.00610300013795495, 0.00610300013795495, 0.00610300013795495, 0.00610300013795495, 0.00610300013795495, 0.00610300013795495]}",0.02481317159957593,31959,/home/ojab2/work/git/gsplat/results/combined_outputs/bicycle_4_n50_s42_combined_colmapcams_bothpcd_amlocal_default_c0.0_p50000_random_farthestpose_i50_gteval_poseopt_steps15000/stats/val_step14999.json,bicycle_4_n50_s42_combined_colmapcams_bothpcd_amlocal_default_c0.0_p50000_random_farthestpose_i50_gteval_poseopt_steps15000,0.4107,0.024175,29.0,combined | colmapcams | bothpcd | Local Alignment | ,50.0
combined,60,42,0.0,60000,random,farthestpose,60,GT Eval,,,,Pose Opt,,,,0.0,,colmap,,,15000,15000,default,MCMC,colmapcams,bothpcd,Local Alignment,,,,gsplat,16.1164493560791,0.4406711459159851,0.2382577508687973,1000000,0.0066999997943639755,0.22489997744560242,"{'psnr': [17.138248443603516, 13.895235061645508, 10.3726806640625, 12.932832717895508, 17.44032859802246, 18.383441925048828, 16.527740478515625, 15.101421356201172, 13.740789413452148, 15.117781639099121, 18.318763732910156, 19.113143920898438, 18.194814682006836, 15.881270408630371, 13.37297534942627, 16.026216506958008, 20.434070587158203, 16.495573043823242, 15.588196754455566, 13.107218742370605, 15.262723922729492, 19.762298583984375, 18.554298400878906, 14.612408638000488, 17.53676986694336], 'ssim': [0.26453697681427, 0.16653715074062347, 0.12247369438409805, 0.17429393529891968, 0.29376497864723206, 0.333317369222641, 0.22384604811668396, 0.18417033553123474, 0.1594144105911255, 0.19928191602230072, 0.31831708550453186, 0.3029707670211792, 0.294648140668869, 0.20911668241024017, 0.16335457563400269, 0.2601833641529083, 0.36738714575767517, 0.1991230845451355, 0.21786697208881378, 0.18758194148540497, 0.22865156829357147, 0.32764899730682373, 0.29198572039604187, 0.19485118985176086, 0.2711196839809418], 'lpips': [0.35596591234207153, 0.44634196162223816, 0.7165024280548096, 0.5596420168876648, 0.3188869059085846, 0.3149317800998688, 0.3228532671928406, 0.4542155861854553, 0.6556240320205688, 0.5650294423103333, 0.34592288732528687, 0.333602637052536, 0.3124195635318756, 0.4481566548347473, 0.634329080581665, 0.44502949714660645, 0.28352832794189453, 0.3748190999031067, 0.4820561110973358, 0.6325826048851013, 0.4718690514564514, 0.27798864245414734, 0.338038831949234, 0.5194054841995239, 0.4070373475551605], 'depth_factor': [12.867090225219727, 10.110440254211426, 880.4937744140625, 525.0069580078125, 27.906679153442383, 16.226640701293945, 43.346458435058594, 9.944005966186523, 786.9691162109375, 38.86336135864258, 18.069164276123047, 28.207855224609375, 13.680295944213867, 11.448164939880371, 7.597620964050293, 138.07904052734375, 12.844858169555664, 23.957719802856445, 5.112484455108643, 79.53123474121094, 12.903044700622559, 6.296402931213379, 18.231935501098633, 32.3092041015625, 4.039894104003906], 'eval_rre': [0.2249000072479248, 0.2249000072479248, 0.2249000072479248, 0.2249000072479248, 0.2249000072479248, 0.2249000072479248, 0.2249000072479248, 0.2249000072479248, 0.2249000072479248, 0.2249000072479248, 0.2249000072479248, 0.2249000072479248, 0.2249000072479248, 0.2249000072479248, 0.2249000072479248, 0.2249000072479248, 0.2249000072479248, 0.2249000072479248, 0.2249000072479248, 0.2249000072479248, 0.2249000072479248, 0.2249000072479248, 0.2249000072479248, 0.2249000072479248, 0.2249000072479248], 'eval_rte': [0.0066999997943639755, 0.0066999997943639755, 0.0066999997943639755, 0.0066999997943639755, 0.0066999997943639755, 0.0066999997943639755, 0.0066999997943639755, 0.0066999997943639755, 0.0066999997943639755, 0.0066999997943639755, 0.0066999997943639755, 0.0066999997943639755, 0.0066999997943639755, 0.0066999997943639755, 0.0066999997943639755, 0.0066999997943639755, 0.0066999997943639755, 0.0066999997943639755, 0.0066999997943639755, 0.0066999997943639755, 0.0066999997943639755, 0.0066999997943639755, 0.0066999997943639755, 0.0066999997943639755, 0.0066999997943639755]}",0.0721983065691918,39147,/home/ojab2/work/git/gsplat/results/combined_outputs/bicycle_4_n60_s42_combined_colmapcams_bothpcd_amlocal_default_c0.0_p60000_random_farthestpose_i60_gteval_poseopt_steps15000/stats/val_step14999.json,bicycle_4_n60_s42_combined_colmapcams_bothpcd_amlocal_default_c0.0_p60000_random_farthestpose_i60_gteval_poseopt_steps15000,0.2216,0.024244,35.0,combined | colmapcams | bothpcd | Local Alignment | ,60.0
combined,70,42,0.0,70000,random,farthestpose,70,GT Eval,,,,Pose Opt,,,,0.0,,colmap,,,15000,15000,default,MCMC,colmapcams,bothpcd,Local Alignment,,,,gsplat,15.971145629882812,0.429470419883728,0.22428308427333832,1000000,0.011424999684095383,0.3465000092983246,"{'psnr': [16.230304718017578, 14.564367294311523, 10.846942901611328, 12.359969139099121, 16.150205612182617, 17.116300582885742, 16.39558219909668, 16.256084442138672, 14.054973602294922, 14.548208236694336, 16.402393341064453, 18.369997024536133, 16.901123046875, 17.8656005859375, 13.696928977966309, 14.570284843444824, 19.848716735839844, 17.15317726135254, 18.56298065185547, 13.485654830932617, 14.432751655578613, 18.83818244934082, 18.376934051513672, 14.502029418945312, 17.74895477294922], 'ssim': [0.20239144563674927, 0.18298253417015076, 0.1407041698694229, 0.12853355705738068, 0.24390292167663574, 0.24394959211349487, 0.21356655657291412, 0.214744433760643, 0.18003109097480774, 0.1612589955329895, 0.24225330352783203, 0.24643400311470032, 0.23926246166229248, 0.26852190494537354, 0.19495168328285217, 0.17695017158985138, 0.3173868954181671, 0.22979839146137238, 0.30539363622665405, 0.22479592263698578, 0.172106072306633, 0.2846640646457672, 0.30265843868255615, 0.18173587322235107, 0.3080988824367523], 'lpips': [0.3689088225364685, 0.43917417526245117, 0.7207947969436646, 0.5444637537002563, 0.3251173496246338, 0.327137291431427, 0.3284566104412079, 0.4278641641139984, 0.6423062682151794, 0.5485143065452576, 0.3400540351867676, 0.33783480525016785, 0.325022429227829, 0.37622514367103577, 0.616052508354187, 0.4438706934452057, 0.2909499704837799, 0.3666933476924896, 0.38098177313804626, 0.6021988987922668, 0.46064239740371704, 0.2724097669124603, 0.3401228189468384, 0.5075039267539978, 0.40346068143844604], 'depth_factor': [17.364604949951172, 6.784783363342285, 137.48667907714844, 36.325408935546875, 20.82170867919922, 16.855451583862305, 10.24480152130127, 5.015830039978027, 33.98090362548828, 384.54638671875, 33.68606185913086, 24.458650588989258, 9.90797233581543, 6.683781623840332, 30.529804229736328, 49.817901611328125, 50.18305969238281, 5.113487720489502, 7.577384948730469, 31.06583595275879, 21.748188018798828, 5.612551689147949, 5.455843448638916, 97.39860534667969, 4.302387714385986], 'eval_rre': [0.3465000092983246, 0.3465000092983246, 0.3465000092983246, 0.3465000092983246, 0.3465000092983246, 0.3465000092983246, 0.3465000092983246, 0.3465000092983246, 0.3465000092983246, 0.3465000092983246, 0.3465000092983246, 0.3465000092983246, 0.3465000092983246, 0.3465000092983246, 0.3465000092983246, 0.3465000092983246, 0.3465000092983246, 0.3465000092983246, 0.3465000092983246, 0.3465000092983246, 0.3465000092983246, 0.3465000092983246, 0.3465000092983246, 0.3465000092983246, 0.3465000092983246], 'eval_rte': [0.011424999684095383, 0.011424999684095383, 0.011424999684095383, 0.011424999684095383, 0.011424999684095383, 0.011424999684095383, 0.011424999684095383, 0.011424999684095383, 0.011424999684095383, 0.011424999684095383, 0.011424999684095383, 0.011424999684095383, 0.011424999684095383, 0.011424999684095383, 0.011424999684095383, 0.011424999684095383, 0.011424999684095383, 0.011424999684095383, 0.011424999684095383, 0.011424999684095383, 0.011424999684095383, 0.011424999684095383, 0.011424999684095383, 0.011424999684095383, 0.011424999684095383]}",0.06824920559332233,46379,/home/ojab2/work/git/gsplat/results/combined_outputs/bicycle_4_n70_s42_combined_colmapcams_bothpcd_amlocal_default_c0.0_p70000_random_farthestpose_i70_gteval_poseopt_steps15000/stats/val_step14999.json,bicycle_4_n70_s42_combined_colmapcams_bothpcd_amlocal_default_c0.0_p70000_random_farthestpose_i70_gteval_poseopt_steps15000,0.4008,0.035304,41.0,combined | colmapcams | bothpcd | Local Alignment | ,70.0
combined,80,42,0.0,80000,random,farthestpose,80,GT Eval,,,,Pose Opt,,,,0.0,,colmap,,,15000,15000,default,MCMC,colmapcams,bothpcd,Local Alignment,,,,gsplat,16.87774658203125,0.38682234287261963,0.27137091755867004,1000000,0.0066200001165270805,0.20399999618530273,"{'psnr': [18.83791732788086, 15.444279670715332, 10.865965843200684, 12.826960563659668, 17.507768630981445, 18.199275970458984, 19.224525451660156, 17.745662689208984, 14.268182754516602, 15.408178329467773, 18.10099983215332, 19.065475463867188, 18.46922492980957, 18.777624130249023, 13.976903915405273, 15.772037506103516, 20.34412956237793, 18.220073699951172, 18.603342056274414, 13.885313987731934, 15.304729461669922, 19.68126678466797, 18.69049835205078, 15.214371681213379, 17.508983612060547], 'ssim': [0.35815611481666565, 0.24189947545528412, 0.14282852411270142, 0.16295672953128815, 0.2861514389514923, 0.3123149573802948, 0.3794705867767334, 0.303378164768219, 0.19087353348731995, 0.19905680418014526, 0.29256337881088257, 0.2853946089744568, 0.32785362005233765, 0.31671202182769775, 0.21289746463298798, 0.22919738292694092, 0.36337539553642273, 0.2766396999359131, 0.29527100920677185, 0.24067823588848114, 0.20648089051246643, 0.32232218980789185, 0.3297622799873352, 0.20575305819511414, 0.3022853434085846], 'lpips': [0.32558849453926086, 0.4071466624736786, 0.7020711898803711, 0.5039107799530029, 0.2699124217033386, 0.28810328245162964, 0.28519612550735474, 0.3708488345146179, 0.6233197450637817, 0.5128135085105896, 0.28333720564842224, 0.26152849197387695, 0.2793038487434387, 0.332832396030426, 0.5921953320503235, 0.4024747312068939, 0.22237423062324524, 0.32415640354156494, 0.3444605767726898, 0.5852980613708496, 0.41642487049102783, 0.2179756611585617, 0.2915140390396118, 0.4751948118209839, 0.3525771498680115], 'depth_factor': [13.526346206665039, 10.333695411682129, 19.34268569946289, 25.600584030151367, 21.939838409423828, 44.812164306640625, 14.036656379699707, 4.444307804107666, 21.154468536376953, 201.24383544921875, 15.722480773925781, 21.913087844848633, 7.264590263366699, 4.336238384246826, 4.250659465789795, 10.055312156677246, 9.902606964111328, 5.72079610824585, 2.990046977996826, 200.12631225585938, 19.53571128845215, 6.004919528961182, 3.78302264213562, 1.907019019126892, 2.537404775619507], 'eval_rre': [0.20399999618530273, 0.20399999618530273, 0.20399999618530273, 0.20399999618530273, 0.20399999618530273, 0.20399999618530273, 0.20399999618530273, 0.20399999618530273, 0.20399999618530273, 0.20399999618530273, 0.20399999618530273, 0.20399999618530273, 0.20399999618530273, 0.20399999618530273, 0.20399999618530273, 0.20399999618530273, 0.20399999618530273, 0.20399999618530273, 0.20399999618530273, 0.20399999618530273, 0.20399999618530273, 0.20399999618530273, 0.20399999618530273, 0.20399999618530273, 0.20399999618530273], 'eval_rte': [0.0066200001165270805, 0.0066200001165270805, 0.0066200001165270805, 0.0066200001165270805, 0.0066200001165270805, 0.0066200001165270805, 0.0066200001165270805, 0.0066200001165270805, 0.0066200001165270805, 0.0066200001165270805, 0.0066200001165270805, 0.0066200001165270805, 0.0066200001165270805, 0.0066200001165270805, 0.0066200001165270805, 0.0066200001165270805, 0.0066200001165270805, 0.0066200001165270805, 0.0066200001165270805, 0.0066200001165270805, 0.0066200001165270805, 0.0066200001165270805, 0.0066200001165270805, 0.0066200001165270805, 0.0066200001165270805]}",0.1389008301895419,55105,/home/ojab2/work/git/gsplat/results/combined_outputs/bicycle_4_n80_s42_combined_colmapcams_bothpcd_amlocal_default_c0.0_p80000_random_farthestpose_i80_gteval_poseopt_steps15000/stats/val_step14999.json,bicycle_4_n80_s42_combined_colmapcams_bothpcd_amlocal_default_c0.0_p80000_random_farthestpose_i80_gteval_poseopt_steps15000,0.2516,0.020392,48.0,combined | colmapcams | bothpcd | Local Alignment | ,80.0
combined,90,42,0.0,90000,random,farthestpose,90,GT Eval,,,,Pose Opt,,,,0.0,,colmap,,,15000,15000,default,MCMC,colmapcams,bothpcd,Local Alignment,,,,gsplat,21.176128387451172,0.2640172839164734,0.5129728317260742,1000000,0.004035999998450279,0.1056000143289566,"{'psnr': [20.01531410217285, 16.246326446533203, 18.411373138427734, 19.078115463256836, 19.76217269897461, 20.875539779663086, 20.15677261352539, 19.198020935058594, 21.56807518005371, 22.20978546142578, 21.692949295043945, 22.12348747253418, 21.491212844848633, 20.079866409301758, 22.122760772705078, 23.770523071289062, 23.875804901123047, 20.302764892578125, 20.87238883972168, 23.26378059387207, 24.444114685058594, 24.562084197998047, 21.648555755615234, 21.66364860534668, 19.96774673461914], 'ssim': [0.4660048484802246, 0.28095340728759766, 0.3952983319759369, 0.4381261467933655, 0.4985674023628235, 0.5629948973655701, 0.4542209208011627, 0.38876578211784363, 0.4699553847312927, 0.5659155249595642, 0.5390903353691101, 0.5855153203010559, 0.5696125626564026, 0.4402502775192261, 0.5104833841323853, 0.6266326904296875, 0.6500900983810425, 0.4416075050830841, 0.47783783078193665, 0.5897203087806702, 0.6431944370269775, 0.6699296236038208, 0.5613446235656738, 0.4869430661201477, 0.5112670063972473], 'lpips': [0.3236805498600006, 0.366007000207901, 0.3742377758026123, 0.31087565422058105, 0.2792583405971527, 0.25923585891723633, 0.27042537927627563, 0.28100794553756714, 0.301771879196167, 0.23953849077224731, 0.2588050067424774, 0.25638455152511597, 0.2498294711112976, 0.2458794265985489, 0.2623620629310608, 0.2324637770652771, 0.21493759751319885, 0.24584554135799408, 0.21355462074279785, 0.21344603598117828, 0.20414724946022034, 0.2147432118654251, 0.2322709858417511, 0.2655211091041565, 0.2842022478580475], 'depth_factor': [13.787583351135254, 19.617277145385742, 14.671218872070312, 8.908212661743164, 21.886192321777344, 11.5939359664917, 10.995166778564453, 14.227036476135254, 19.511198043823242, 8.977160453796387, 15.260089874267578, 22.61908721923828, 4.896505832672119, 5.684021472930908, 17.756502151489258, 6.105024814605713, 9.823945045471191, 4.157503604888916, 5.795648097991943, 6.621787071228027, 3.9095897674560547, 5.414578914642334, 3.107668161392212, 2.5884041786193848, 2.5275793075561523], 'eval_rre': [0.10559999942779541, 0.10559999942779541, 0.10559999942779541, 0.10559999942779541, 0.10559999942779541, 0.10559999942779541, 0.10559999942779541, 0.10559999942779541, 0.10559999942779541, 0.10559999942779541, 0.10559999942779541, 0.10559999942779541, 0.10559999942779541, 0.10559999942779541, 0.10559999942779541, 0.10559999942779541, 0.10559999942779541, 0.10559999942779541, 0.10559999942779541, 0.10559999942779541, 0.10559999942779541, 0.10559999942779541, 0.10559999942779541, 0.10559999942779541, 0.10559999942779541], 'eval_rte': [0.004035999998450279, 0.004035999998450279, 0.004035999998450279, 0.004035999998450279, 0.004035999998450279, 0.004035999998450279, 0.004035999998450279, 0.004035999998450279, 0.004035999998450279, 0.004035999998450279, 0.004035999998450279, 0.004035999998450279, 0.004035999998450279, 0.004035999998450279, 0.004035999998450279, 0.004035999998450279, 0.004035999998450279, 0.004035999998450279, 0.004035999998450279, 0.004035999998450279, 0.004035999998450279, 0.004035999998450279, 0.004035999998450279, 0.004035999998450279, 0.004035999998450279]}",0.43559375430485736,103401,/home/ojab2/work/git/gsplat/results/combined_outputs/bicycle_4_n90_s42_combined_colmapcams_bothpcd_amlocal_default_c0.0_p90000_random_farthestpose_i90_gteval_poseopt_steps15000/stats/val_step14999.json,bicycle_4_n90_s42_combined_colmapcams_bothpcd_amlocal_default_c0.0_p90000_random_farthestpose_i90_gteval_poseopt_steps15000,0.1284,0.017995,90.0,combined | colmapcams | bothpcd | Local Alignment | ,90.0
combined,100,42,0.0,100000,random,farthestpose,100,GT Eval,,,,Pose Opt,,,,0.0,,colmap,,,15000,15000,default,MCMC,colmapcams,bothpcd,Local Alignment,,,,gsplat,21.43691635131836,0.2505916655063629,0.5351614356040955,1000000,0.004118000157177448,0.0877000018954277,"{'psnr': [20.116302490234375, 16.702896118164062, 18.548227310180664, 19.695459365844727, 19.167593002319336, 20.944673538208008, 20.579458236694336, 19.76694107055664, 21.958511352539062, 22.813186645507812, 21.87391471862793, 22.552398681640625, 21.960214614868164, 20.612573623657227, 22.247007369995117, 23.872005462646484, 23.964059829711914, 20.806053161621094, 21.24905776977539, 23.475751876831055, 24.447511672973633, 24.752750396728516, 22.01215362548828, 21.546022415161133, 20.2581729888916], 'ssim': [0.4760037362575531, 0.3169117271900177, 0.4288760721683502, 0.48677775263786316, 0.5179343819618225, 0.5637252926826477, 0.47819972038269043, 0.43448954820632935, 0.5135141015052795, 0.6003648638725281, 0.5549904108047485, 0.6185803413391113, 0.5846360921859741, 0.4892035722732544, 0.5328579545021057, 0.6259584426879883, 0.6582901477813721, 0.46358874440193176, 0.5243924260139465, 0.6159862875938416, 0.6366235017776489, 0.6787066459655762, 0.5698183178901672, 0.48432180285453796, 0.5242839455604553], 'lpips': [0.3216331899166107, 0.35414958000183105, 0.37043365836143494, 0.28475362062454224, 0.28349530696868896, 0.25338733196258545, 0.26794421672821045, 0.26418113708496094, 0.28107455372810364, 0.2167244851589203, 0.2474052608013153, 0.24405509233474731, 0.24557974934577942, 0.2333371639251709, 0.23591303825378418, 0.2209843397140503, 0.19896328449249268, 0.22425392270088196, 0.199523463845253, 0.19538672268390656, 0.19370470941066742, 0.20009946823120117, 0.2112547606229782, 0.258231520652771, 0.2583215832710266], 'depth_factor': [13.420598030090332, 9.252999305725098, 15.359504699707031, 8.98131275177002, 20.35387420654297, 14.853630065917969, 10.022525787353516, 6.319840908050537, 18.997392654418945, 8.90382194519043, 13.578307151794434, 23.91722869873047, 6.170342922210693, 4.05509614944458, 6.723221778869629, 4.5959649085998535, 9.700584411621094, 5.5958380699157715, 3.333369016647339, 6.577288627624512, 2.920661211013794, 6.989075660705566, 3.208261489868164, 3.36344838142395, 3.223306179046631], 'eval_rre': [0.0877000018954277, 0.0877000018954277, 0.0877000018954277, 0.0877000018954277, 0.0877000018954277, 0.0877000018954277, 0.0877000018954277, 0.0877000018954277, 0.0877000018954277, 0.0877000018954277, 0.0877000018954277, 0.0877000018954277, 0.0877000018954277, 0.0877000018954277, 0.0877000018954277, 0.0877000018954277, 0.0877000018954277, 0.0877000018954277, 0.0877000018954277, 0.0877000018954277, 0.0877000018954277, 0.0877000018954277, 0.0877000018954277, 0.0877000018954277, 0.0877000018954277], 'eval_rte': [0.004118000157177448, 0.004118000157177448, 0.004118000157177448, 0.004118000157177448, 0.004118000157177448, 0.004118000157177448, 0.004118000157177448, 0.004118000157177448, 0.004118000157177448, 0.004118000157177448, 0.004118000157177448, 0.004118000157177448, 0.004118000157177448, 0.004118000157177448, 0.004118000157177448, 0.004118000157177448, 0.004118000157177448, 0.004118000157177448, 0.004118000157177448, 0.004118000157177448, 0.004118000157177448, 0.004118000157177448, 0.004118000157177448, 0.004118000157177448, 0.004118000157177448]}",0.4616863715563446,116592,/home/ojab2/work/git/gsplat/results/combined_outputs/bicycle_4_n100_s42_combined_colmapcams_bothpcd_amlocal_default_c0.0_p100000_random_farthestpose_i100_gteval_poseopt_steps15000/stats/val_step14999.json,bicycle_4_n100_s42_combined_colmapcams_bothpcd_amlocal_default_c0.0_p100000_random_farthestpose_i100_gteval_poseopt_steps15000,0.1067,0.017644,100.0,combined | colmapcams | bothpcd | Local Alignment | ,100.0
colmap,20,42,,44,,farthestpose,20,GT Eval,,,,Pose Opt,,,,0.0,,colmap,,,15000,15000,default,MCMC,,,,,,,gsplat,9.459221839904785,0.9526804685592651,0.02276042103767395,38969,,,"{'psnr': [7.695159435272217, 9.012839317321777, 8.075929641723633, 8.773605346679688, 8.190616607666016, 8.629592895507812, 10.066068649291992, 10.066765785217285, 10.200397491455078, 10.73923110961914, 11.129899024963379, 9.235493659973145, 10.53095817565918, 9.844480514526367, 9.570869445800781, 11.22293758392334, 8.915655136108398, 9.434123039245605, 9.152010917663574, 9.495511054992676, 10.377269744873047, 9.034181594848633, 9.117198944091797, 9.691386222839355, 8.278382301330566], 'ssim': [0.013262749649584293, 0.02350209653377533, 0.023774495348334312, 0.0077956425957381725, 0.0030743577517569065, 0.009337237104773521, 0.027751699090003967, 0.044678110629320145, 0.05047415941953659, 0.01979941315948963, 0.006020612083375454, 0.006150367204099894, 0.012802130542695522, 0.046416282653808594, 0.05519057810306549, 0.02605404146015644, 0.007882713340222836, 0.0165480338037014, 0.043474916368722916, 0.05711236223578453, 0.015733307227492332, 0.008576478809118271, 0.005724788177758455, 0.03241365775465965, 0.005460335873067379], 'lpips': [0.955838680267334, 0.8957710266113281, 0.957854688167572, 0.998457670211792, 1.0184332132339478, 0.9605292081832886, 0.916317343711853, 0.8687777519226074, 0.9126623868942261, 0.988264799118042, 0.9956139326095581, 1.0127122402191162, 0.9430480003356934, 0.8701571226119995, 0.9091271162033081, 0.9827594757080078, 1.0097129344940186, 0.9414572715759277, 0.8774120211601257, 0.9071042537689209, 0.980108380317688, 1.017080307006836, 0.9510887861251831, 0.9652343988418579, 0.9814900755882263], 'depth_factor': [9.791135787963867, 7.928318023681641, 4.486996650695801, 11.145376205444336, 8.690852165222168, 4.624515533447266, 4.875959873199463, 7.432418346405029, 7.401817798614502, 171.67625427246094, 8.533211708068848, 6.908790588378906, 3.8830606937408447, 7.340586185455322, 3.6869966983795166, 7.281857013702393, 6.896981716156006, 2.601106643676758, 10.064840316772461, 4.510284900665283, 159.9456787109375, 3.035215139389038, 2.278304100036621, 154.1227569580078, 1.9112797975540161]}",-0.4931606522157952,44,/home/ojab2/work/git/gsplat/results/colmap_outputs/bicycle_4_n20_s42_default_farthestpose_i20_gteval_poseopt_steps15000/stats/val_step14999.json,bicycle_4_n20_s42_default_farthestpose_i20_gteval_poseopt_steps15000,,,,colmap |  |  |  | ,20.0
colmap,30,42,,713,,farthestpose,30,GT Eval,,,,Pose Opt,,,,0.0,,colmap,,,15000,15000,default,MCMC,,,,,,,gsplat,10.803061485290527,0.7989521622657776,0.19621801376342773,792104,0.010869001038372517,2.0799996852874756,"{'psnr': [10.31450366973877, 7.469676494598389, 9.268590927124023, 10.616527557373047, 11.779915809631348, 11.62150764465332, 9.37975025177002, 8.204873085021973, 12.063170433044434, 10.781301498413086, 13.610285758972168, 12.305925369262695, 10.74095344543457, 8.932831764221191, 11.414666175842285, 12.668608665466309, 10.673462867736816, 10.477473258972168, 9.563093185424805, 10.974000930786133, 11.721896171569824, 14.383256912231445, 10.752408027648926, 10.232821464538574, 10.125016212463379], 'ssim': [0.15790952742099762, 0.12576411664485931, 0.14638949930667877, 0.13451136648654938, 0.18692424893379211, 0.18531841039657593, 0.1481248140335083, 0.1966543048620224, 0.2070826292037964, 0.22047069668769836, 0.2165558785200119, 0.20547178387641907, 0.17034003138542175, 0.24140332639217377, 0.17410989105701447, 0.2242583930492401, 0.26710426807403564, 0.16970610618591309, 0.25719985365867615, 0.178409606218338, 0.25796934962272644, 0.2999690771102905, 0.17891989648342133, 0.18391524255275726, 0.17096807062625885], 'lpips': [0.8045443296432495, 0.8328955173492432, 0.907888650894165, 0.8262467384338379, 0.6729096174240112, 0.7130951285362244, 0.8029738664627075, 0.8276983499526978, 0.8624477982521057, 0.8405526280403137, 0.697553277015686, 0.7184222936630249, 0.7812528610229492, 0.8111538290977478, 0.8747300505638123, 0.7918599843978882, 0.739095151424408, 0.8149360418319702, 0.8068598508834839, 0.8758366703987122, 0.8141507506370544, 0.6773850917816162, 0.788732647895813, 0.8732792735099792, 0.8173037767410278], 'depth_factor': [28.531164169311523, 38.85114669799805, 635.199462890625, 599.394287109375, 30.714508056640625, 75.65222930908203, 41.9931526184082, 26.9963321685791, 237.30921936035156, 43.35751724243164, 31.80191421508789, 24.561946868896484, 25.585691452026367, 25.074064254760742, 76.18238067626953, 30.392789840698242, 22.355239868164062, 286.0373840332031, 3.172062397003174, 245.1255645751953, 22.961135864257812, 19.453216552734375, 41.12257766723633, 72.34394073486328, 89.89315032958984], 'eval_rre': [2.0799999237060547, 2.0799999237060547, 2.0799999237060547, 2.0799999237060547, 2.0799999237060547, 2.0799999237060547, 2.0799999237060547, 2.0799999237060547, 2.0799999237060547, 2.0799999237060547, 2.0799999237060547, 2.0799999237060547, 2.0799999237060547, 2.0799999237060547, 2.0799999237060547, 2.0799999237060547, 2.0799999237060547, 2.0799999237060547, 2.0799999237060547, 2.0799999237060547, 2.0799999237060547, 2.0799999237060547, 2.0799999237060547, 2.0799999237060547, 2.0799999237060547], 'eval_rte': [0.010869000107049942, 0.010869000107049942, 0.010869000107049942, 0.010869000107049942, 0.010869000107049942, 0.010869000107049942, 0.010869000107049942, 0.010869000107049942, 0.010869000107049942, 0.010869000107049942, 0.010869000107049942, 0.010869000107049942, 0.010869000107049942, 0.010869000107049942, 0.010869000107049942, 0.010869000107049942, 0.010869000107049942, 0.010869000107049942, 0.010869000107049942, 0.010869000107049942, 0.010869000107049942, 0.010869000107049942, 0.010869000107049942, 0.010869000107049942, 0.010869000107049942]}",-0.2719435278977411,713,/home/ojab2/work/git/gsplat/results/colmap_outputs/bicycle_4_n30_s42_default_farthestpose_i30_gteval_poseopt_steps15000/stats/val_step14999.json,bicycle_4_n30_s42_default_farthestpose_i30_gteval_poseopt_steps15000,1.8188,0.022037,8.0,colmap |  |  |  | ,30.0
colmap,40,42,,2136,,farthestpose,40,GT Eval,,,,Pose Opt,,,,0.0,,colmap,,,15000,15000,default,MCMC,,,,,,,gsplat,14.125584602355957,0.6910277605056763,0.23802894353866577,1000000,0.008906001225113869,1.0018998384475708,"{'psnr': [14.531530380249023, 12.145478248596191, 11.455212593078613, 12.378669738769531, 14.615731239318848, 15.043407440185547, 14.045742988586426, 13.04109001159668, 15.328756332397461, 14.577129364013672, 14.564201354980469, 16.175996780395508, 14.37248706817627, 13.186015129089355, 14.540258407592773, 13.010486602783203, 17.055017471313477, 13.270769119262695, 13.527352333068848, 14.431163787841797, 13.758671760559082, 16.934110641479492, 13.58785343170166, 14.832419395446777, 12.73006534576416], 'ssim': [0.18906845152378082, 0.15337157249450684, 0.2037588208913803, 0.14178791642189026, 0.2207551747560501, 0.2530210614204407, 0.18663446605205536, 0.19196544587612152, 0.31011059880256653, 0.23482738435268402, 0.22986485064029694, 0.26304641366004944, 0.23358267545700073, 0.2106822282075882, 0.2912828326225281, 0.2049102783203125, 0.3383094072341919, 0.19709889590740204, 0.2381438910961151, 0.3310209810733795, 0.24586646258831024, 0.3304506540298462, 0.2549562156200409, 0.2523036301136017, 0.24390330910682678], 'lpips': [0.5742283463478088, 0.6646398901939392, 0.8390392065048218, 0.7365790605545044, 0.6261186599731445, 0.5976400971412659, 0.5680387616157532, 0.6928585171699524, 0.7972542643547058, 0.7634735107421875, 0.6224891543388367, 0.6690786480903625, 0.6040711998939514, 0.6795788407325745, 0.8026685118675232, 0.7166369557380676, 0.679879903793335, 0.6397721767425537, 0.6865924596786499, 0.7876449823379517, 0.7482689023017883, 0.6817530989646912, 0.647660493850708, 0.7582423090934753, 0.691486120223999], 'depth_factor': [19.19309425354004, 12.178787231445312, 43.8606071472168, 761.9932250976562, 14.38688850402832, 21.01662826538086, 28.185604095458984, 17.030508041381836, 10.490628242492676, 64.64981842041016, 41.455345153808594, 14.409893989562988, 23.73826789855957, 22.979642868041992, 7.024280548095703, 17.958494186401367, 39.031471252441406, 21.15984535217285, 17.771379470825195, 7.02787971496582, 4.850074291229248, 39.11962127685547, 13.786504745483398, 3.9945411682128906, 49.71583557128906], 'eval_rre': [1.0018999576568604, 1.0018999576568604, 1.0018999576568604, 1.0018999576568604, 1.0018999576568604, 1.0018999576568604, 1.0018999576568604, 1.0018999576568604, 1.0018999576568604, 1.0018999576568604, 1.0018999576568604, 1.0018999576568604, 1.0018999576568604, 1.0018999576568604, 1.0018999576568604, 1.0018999576568604, 1.0018999576568604, 1.0018999576568604, 1.0018999576568604, 1.0018999576568604, 1.0018999576568604, 1.0018999576568604, 1.0018999576568604, 1.0018999576568604, 1.0018999576568604], 'eval_rte': [0.008906000293791294, 0.008906000293791294, 0.008906000293791294, 0.008906000293791294, 0.008906000293791294, 0.008906000293791294, 0.008906000293791294, 0.008906000293791294, 0.008906000293791294, 0.008906000293791294, 0.008906000293791294, 0.008906000293791294, 0.008906000293791294, 0.008906000293791294, 0.008906000293791294, 0.008906000293791294, 0.008906000293791294, 0.008906000293791294, 0.008906000293791294, 0.008906000293791294, 0.008906000293791294, 0.008906000293791294, 0.008906000293791294, 0.008906000293791294, 0.008906000293791294]}",-0.11934448481380658,2136,/home/ojab2/work/git/gsplat/results/colmap_outputs/bicycle_4_n40_s42_default_farthestpose_i40_gteval_poseopt_steps15000/stats/val_step14999.json,bicycle_4_n40_s42_default_farthestpose_i40_gteval_poseopt_steps15000,0.6138,0.042981,20.0,colmap |  |  |  | ,40.0
colmap,50,42,,3101,,farthestpose,50,GT Eval,,,,Pose Opt,,,,0.0,,colmap,,,15000,15000,default,MCMC,,,,,,,gsplat,15.339861869812012,0.5877599716186523,0.24809196591377258,1000000,0.005886000581085682,0.5354999303817749,"{'psnr': [15.623641967773438, 13.672295570373535, 11.067060470581055, 12.364227294921875, 15.674077987670898, 16.563636779785156, 14.945429801940918, 14.71765422821045, 14.464639663696289, 14.670059204101562, 16.42990493774414, 17.883777618408203, 15.842613220214844, 15.047548294067383, 13.87979507446289, 15.264535903930664, 18.9580078125, 15.133940696716309, 15.509682655334473, 13.8018798828125, 14.916154861450195, 18.97971534729004, 16.9764404296875, 14.869059562683105, 16.240768432617188], 'ssim': [0.19809266924858093, 0.18179526925086975, 0.1814870685338974, 0.1369352638721466, 0.23844483494758606, 0.2718204855918884, 0.19282247126102448, 0.19840224087238312, 0.2556457817554474, 0.1848500818014145, 0.2543122172355652, 0.28097453713417053, 0.25378894805908203, 0.23292459547519684, 0.23880481719970703, 0.25753676891326904, 0.3653610646724701, 0.21676909923553467, 0.2862112820148468, 0.2876844108104706, 0.2597803771495819, 0.35132911801338196, 0.32204264402389526, 0.2334519326686859, 0.32103148102760315], 'lpips': [0.4980054795742035, 0.5503360629081726, 0.8021358847618103, 0.6432380080223083, 0.5212441086769104, 0.512661337852478, 0.4743742346763611, 0.5753803253173828, 0.7506889700889587, 0.664109468460083, 0.4970144033432007, 0.5580015182495117, 0.5175321102142334, 0.5702917575836182, 0.745281994342804, 0.5752516984939575, 0.5340420603752136, 0.5259602665901184, 0.5891507267951965, 0.7305892109870911, 0.6036791801452637, 0.5250785946846008, 0.5168736577033997, 0.6333540678024292, 0.5797240734100342], 'depth_factor': [10.191024780273438, 51.386985778808594, 101.79398345947266, 58.68367004394531, 19.414649963378906, 60.48714065551758, 18.98621368408203, 27.288503646850586, 74.75103759765625, 373.841796875, 80.94124603271484, 17.87506675720215, 12.389206886291504, 12.080217361450195, 62.92988586425781, 21.53365707397461, 20.488666534423828, 5.138702392578125, 4.751932621002197, 88.34001159667969, 29.769845962524414, 6.804088115692139, 4.532773017883301, 12.782608985900879, 4.049970626831055], 'eval_rre': [0.5354999899864197, 0.5354999899864197, 0.5354999899864197, 0.5354999899864197, 0.5354999899864197, 0.5354999899864197, 0.5354999899864197, 0.5354999899864197, 0.5354999899864197, 0.5354999899864197, 0.5354999899864197, 0.5354999899864197, 0.5354999899864197, 0.5354999899864197, 0.5354999899864197, 0.5354999899864197, 0.5354999899864197, 0.5354999899864197, 0.5354999899864197, 0.5354999899864197, 0.5354999899864197, 0.5354999899864197, 0.5354999899864197, 0.5354999899864197, 0.5354999899864197], 'eval_rte': [0.005886000115424395, 0.005886000115424395, 0.005886000115424395, 0.005886000115424395, 0.005886000115424395, 0.005886000115424395, 0.005886000115424395, 0.005886000115424395, 0.005886000115424395, 0.005886000115424395, 0.005886000115424395, 0.005886000115424395, 0.005886000115424395, 0.005886000115424395, 0.005886000115424395, 0.005886000115424395, 0.005886000115424395, 0.005886000115424395, 0.005886000115424395, 0.005886000115424395, 0.005886000115424395, 0.005886000115424395, 0.005886000115424395, 0.005886000115424395, 0.005886000115424395]}",-0.02722751164761661,3101,/home/ojab2/work/git/gsplat/results/colmap_outputs/bicycle_4_n50_s42_default_farthestpose_i50_gteval_poseopt_steps15000/stats/val_step14999.json,bicycle_4_n50_s42_default_farthestpose_i50_gteval_poseopt_steps15000,0.4107,0.024175,29.0,colmap |  |  |  | ,50.0
colmap,60,42,,4134,,farthestpose,60,GT Eval,,,,Pose Opt,,,,0.0,,colmap,,,15000,15000,default,MCMC,,,,,,,gsplat,15.989824295043945,0.5570942163467407,0.258803129196167,1000000,0.006558999884873629,0.33959999680519104,"{'psnr': [16.46910858154297, 14.246745109558105, 11.2991304397583, 12.618508338928223, 16.30608367919922, 17.466943740844727, 15.797539710998535, 15.593184471130371, 14.911432266235352, 14.758617401123047, 16.847129821777344, 18.68004035949707, 16.589080810546875, 15.729745864868164, 14.335749626159668, 15.735681533813477, 20.03662109375, 15.771771430969238, 15.980758666992188, 14.024800300598145, 15.643010139465332, 20.530906677246094, 17.63377571105957, 15.606646537780762, 17.132570266723633], 'ssim': [0.21638897061347961, 0.19269545376300812, 0.1939273327589035, 0.13470087945461273, 0.2427482008934021, 0.28684738278388977, 0.21281039714813232, 0.21641018986701965, 0.26749011874198914, 0.20766834914684296, 0.2673240005970001, 0.2888704538345337, 0.265455424785614, 0.23367440700531006, 0.24357970058918, 0.27439212799072266, 0.37293294072151184, 0.21922719478607178, 0.2674423158168793, 0.28406691551208496, 0.2986750602722168, 0.3862327039241791, 0.32858943939208984, 0.2521776258945465, 0.31575047969818115], 'lpips': [0.4723373353481293, 0.5508249402046204, 0.788381814956665, 0.6318240761756897, 0.4690186083316803, 0.46271947026252747, 0.4522826075553894, 0.5640427470207214, 0.7301391363143921, 0.6447905898094177, 0.4519946575164795, 0.5016153454780579, 0.46931153535842896, 0.5544588565826416, 0.7127296924591064, 0.5220423936843872, 0.4852445423603058, 0.5050569176673889, 0.5679084062576294, 0.6971506476402283, 0.5586116909980774, 0.4866158664226532, 0.49182069301605225, 0.6066980957984924, 0.5497357845306396], 'depth_factor': [17.35361671447754, 31.294845581054688, 39.34164810180664, 121.60391235351562, 27.926069259643555, 93.3315658569336, 36.211368560791016, 10.662200927734375, 51.15372085571289, 31.702627182006836, 16.107765197753906, 27.28838348388672, 54.04937744140625, 16.639963150024414, 9.413105964660645, 91.95527648925781, 25.617849349975586, 39.50454330444336, 7.403312683105469, 28.765918731689453, 708.832763671875, 7.462368965148926, 94.88639068603516, 8.641438484191895, 596.7581176757812], 'eval_rre': [0.33959999680519104, 0.33959999680519104, 0.33959999680519104, 0.33959999680519104, 0.33959999680519104, 0.33959999680519104, 0.33959999680519104, 0.33959999680519104, 0.33959999680519104, 0.33959999680519104, 0.33959999680519104, 0.33959999680519104, 0.33959999680519104, 0.33959999680519104, 0.33959999680519104, 0.33959999680519104, 0.33959999680519104, 0.33959999680519104, 0.33959999680519104, 0.33959999680519104, 0.33959999680519104, 0.33959999680519104, 0.33959999680519104, 0.33959999680519104, 0.33959999680519104], 'eval_rte': [0.006558999884873629, 0.006558999884873629, 0.006558999884873629, 0.006558999884873629, 0.006558999884873629, 0.006558999884873629, 0.006558999884873629, 0.006558999884873629, 0.006558999884873629, 0.006558999884873629, 0.006558999884873629, 0.006558999884873629, 0.006558999884873629, 0.006558999884873629, 0.006558999884873629, 0.006558999884873629, 0.006558999884873629, 0.006558999884873629, 0.006558999884873629, 0.006558999884873629, 0.006558999884873629, 0.006558999884873629, 0.006558999884873629, 0.006558999884873629, 0.006558999884873629]}",0.010002146300129373,4134,/home/ojab2/work/git/gsplat/results/colmap_outputs/bicycle_4_n60_s42_default_farthestpose_i60_gteval_poseopt_steps15000/stats/val_step14999.json,bicycle_4_n60_s42_default_farthestpose_i60_gteval_poseopt_steps15000,0.2216,0.024244,35.0,colmap |  |  |  | ,60.0
colmap,70,42,,5448,,farthestpose,70,GT Eval,,,,Pose Opt,,,,0.0,,colmap,,,15000,15000,default,MCMC,,,,,,,gsplat,16.79510498046875,0.5195344686508179,0.2809104919433594,1000000,0.011408000253140926,0.31769999861717224,"{'psnr': [16.84994888305664, 15.613624572753906, 11.469584465026855, 12.765591621398926, 17.12307357788086, 17.757719039916992, 16.92547035217285, 17.412086486816406, 15.155052185058594, 15.536455154418945, 17.32588005065918, 19.436187744140625, 17.47030258178711, 18.419095993041992, 14.816551208496094, 15.66126823425293, 20.640079498291016, 17.580039978027344, 19.480581283569336, 14.703518867492676, 15.436851501464844, 19.827600479125977, 18.74456787109375, 15.908066749572754, 17.818464279174805], 'ssim': [0.24624037742614746, 0.24487881362438202, 0.20021848380565643, 0.13946254551410675, 0.29852721095085144, 0.2864919900894165, 0.24891625344753265, 0.2772378623485565, 0.2813609540462494, 0.2172875702381134, 0.26753368973731995, 0.3028624653816223, 0.2945185899734497, 0.32313230633735657, 0.271647572517395, 0.2339339256286621, 0.38057607412338257, 0.2789151668548584, 0.3772524893283844, 0.3156833350658417, 0.22730465233325958, 0.3493729829788208, 0.37186965346336365, 0.23810197412967682, 0.3494352400302887], 'lpips': [0.4442529082298279, 0.5363752245903015, 0.7699424624443054, 0.6016566753387451, 0.4043300449848175, 0.41794100403785706, 0.41492408514022827, 0.5260017514228821, 0.7065541744232178, 0.6153653264045715, 0.39292702078819275, 0.4431537091732025, 0.4245016574859619, 0.48868441581726074, 0.6946125626564026, 0.49650803208351135, 0.4344770312309265, 0.46165820956230164, 0.48928821086883545, 0.676065981388092, 0.5242891311645508, 0.43078821897506714, 0.4691689908504486, 0.5850456953048706, 0.5398498177528381], 'depth_factor': [14.135374069213867, 20.48745346069336, 270.00482177734375, 117.26594543457031, 23.17439079284668, 16.72939682006836, 12.755659103393555, 12.943366050720215, 21.580989837646484, 60.213932037353516, 17.201488494873047, 24.905376434326172, 10.92551326751709, 6.39098596572876, 71.78633117675781, 148.364990234375, 26.049226760864258, 14.401281356811523, 6.288951873779297, 81.3752670288086, 10.301236152648926, 7.140139102935791, 13.221257209777832, 10.889300346374512, 10.607771873474121], 'eval_rre': [0.31769999861717224, 0.31769999861717224, 0.31769999861717224, 0.31769999861717224, 0.31769999861717224, 0.31769999861717224, 0.31769999861717224, 0.31769999861717224, 0.31769999861717224, 0.31769999861717224, 0.31769999861717224, 0.31769999861717224, 0.31769999861717224, 0.31769999861717224, 0.31769999861717224, 0.31769999861717224, 0.31769999861717224, 0.31769999861717224, 0.31769999861717224, 0.31769999861717224, 0.31769999861717224, 0.31769999861717224, 0.31769999861717224, 0.31769999861717224, 0.31769999861717224], 'eval_rte': [0.011408000253140926, 0.011408000253140926, 0.011408000253140926, 0.011408000253140926, 0.011408000253140926, 0.011408000253140926, 0.011408000253140926, 0.011408000253140926, 0.011408000253140926, 0.011408000253140926, 0.011408000253140926, 0.011408000253140926, 0.011408000253140926, 0.011408000253140926, 0.011408000253140926, 0.011408000253140926, 0.011408000253140926, 0.011408000253140926, 0.011408000253140926, 0.011408000253140926, 0.011408000253140926, 0.011408000253140926, 0.011408000253140926, 0.011408000253140926, 0.011408000253140926]}",0.06102806333600119,5448,/home/ojab2/work/git/gsplat/results/colmap_outputs/bicycle_4_n70_s42_default_farthestpose_i70_gteval_poseopt_steps15000/stats/val_step14999.json,bicycle_4_n70_s42_default_farthestpose_i70_gteval_poseopt_steps15000,0.4008,0.035304,41.0,colmap |  |  |  | ,70.0
colmap,80,42,,7102,,farthestpose,80,GT Eval,,,,Pose Opt,,,,0.0,,colmap,,,15000,15000,default,MCMC,,,,,,,gsplat,17.42827033996582,0.47880712151527405,0.3174307942390442,1000000,0.006748000159859657,0.2117999792098999,"{'psnr': [17.93514633178711, 16.389204025268555, 11.065133094787598, 13.396424293518066, 18.481874465942383, 18.173168182373047, 18.042827606201172, 18.09952735900879, 15.209745407104492, 16.498241424560547, 20.674823760986328, 19.693506240844727, 17.832862854003906, 18.58892250061035, 15.106955528259277, 17.641695022583008, 20.6552734375, 17.719839096069336, 18.971923828125, 14.98587703704834, 17.14737892150879, 20.809972763061523, 18.55274772644043, 16.583322525024414, 17.450389862060547], 'ssim': [0.29346567392349243, 0.2931489050388336, 0.19002708792686462, 0.22165341675281525, 0.36266380548477173, 0.32409727573394775, 0.29739123582839966, 0.29431796073913574, 0.2678006589412689, 0.2825368046760559, 0.4666648507118225, 0.34878596663475037, 0.31103044748306274, 0.3131914734840393, 0.2683105170726776, 0.3631771504878998, 0.4204437732696533, 0.2681425213813782, 0.34523892402648926, 0.31454652547836304, 0.33417871594429016, 0.41992199420928955, 0.3557221293449402, 0.25034961104393005, 0.32896268367767334], 'lpips': [0.415656179189682, 0.487600177526474, 0.7646504640579224, 0.5521600246429443, 0.35286086797714233, 0.3893432915210724, 0.38253962993621826, 0.4871481955051422, 0.6963242292404175, 0.5678896307945251, 0.33966177701950073, 0.3833484649658203, 0.3837805390357971, 0.4610273540019989, 0.6613828539848328, 0.448761522769928, 0.3715533912181854, 0.42067936062812805, 0.47791051864624023, 0.6515620946884155, 0.47352689504623413, 0.3777678310871124, 0.41057857871055603, 0.5326358675956726, 0.4798280894756317], 'depth_factor': [13.815059661865234, 65.05912017822266, 49.24859619140625, 110.51216125488281, 25.250131607055664, 34.17040252685547, 12.343343734741211, 19.50060272216797, 43.12421798706055, 70.22161102294922, 29.427764892578125, 22.54952621459961, 54.42601013183594, 5.974474906921387, 42.173465728759766, 13.278876304626465, 27.838912963867188, 209.74404907226562, 6.679620742797852, 33.951900482177734, 4.928813934326172, 11.77769660949707, 9.455676078796387, 2.309781074523926, 3.355071544647217], 'eval_rre': [0.2117999941110611, 0.2117999941110611, 0.2117999941110611, 0.2117999941110611, 0.2117999941110611, 0.2117999941110611, 0.2117999941110611, 0.2117999941110611, 0.2117999941110611, 0.2117999941110611, 0.2117999941110611, 0.2117999941110611, 0.2117999941110611, 0.2117999941110611, 0.2117999941110611, 0.2117999941110611, 0.2117999941110611, 0.2117999941110611, 0.2117999941110611, 0.2117999941110611, 0.2117999941110611, 0.2117999941110611, 0.2117999941110611, 0.2117999941110611, 0.2117999941110611], 'eval_rte': [0.006748000159859657, 0.006748000159859657, 0.006748000159859657, 0.006748000159859657, 0.006748000159859657, 0.006748000159859657, 0.006748000159859657, 0.006748000159859657, 0.006748000159859657, 0.006748000159859657, 0.006748000159859657, 0.006748000159859657, 0.006748000159859657, 0.006748000159859657, 0.006748000159859657, 0.006748000159859657, 0.006748000159859657, 0.006748000159859657, 0.006748000159859657, 0.006748000159859657, 0.006748000159859657, 0.006748000159859657, 0.006748000159859657, 0.006748000159859657, 0.006748000159859657]}",0.11925058743642321,7102,/home/ojab2/work/git/gsplat/results/colmap_outputs/bicycle_4_n80_s42_default_farthestpose_i80_gteval_poseopt_steps15000/stats/val_step14999.json,bicycle_4_n80_s42_default_farthestpose_i80_gteval_poseopt_steps15000,0.2516,0.020392,48.0,colmap |  |  |  | ,80.0
colmap,90,42,,13401,,farthestpose,90,GT Eval,,,,Pose Opt,,,,0.0,,colmap,,,15000,15000,default,MCMC,,,,,,,gsplat,20.725215911865234,0.3795333802700043,0.465158075094223,1000000,0.004064999986439943,0.13120000064373016,"{'psnr': [19.213266372680664, 16.524168014526367, 17.95147705078125, 18.640499114990234, 18.801280975341797, 19.889596939086914, 18.96027946472168, 18.893733978271484, 21.743759155273438, 22.50074577331543, 20.804922103881836, 21.53462028503418, 19.778974533081055, 19.42827796936035, 22.20949363708496, 23.36441421508789, 23.17132568359375, 19.319129943847656, 20.44125747680664, 23.616413116455078, 24.840957641601562, 24.027502059936523, 20.64969825744629, 22.518428802490234, 19.306196212768555], 'ssim': [0.3585503101348877, 0.29028216004371643, 0.35543927550315857, 0.40998801589012146, 0.42837899923324585, 0.45216497778892517, 0.3453308343887329, 0.34832802414894104, 0.4796276390552521, 0.5738421082496643, 0.4979768991470337, 0.4954202473163605, 0.4235418140888214, 0.3866758644580841, 0.5143548250198364, 0.6183415055274963, 0.560656726360321, 0.3531996011734009, 0.45008745789527893, 0.6097421050071716, 0.6650985479354858, 0.5894787907600403, 0.45909154415130615, 0.5465085506439209, 0.4168457090854645], 'lpips': [0.431712806224823, 0.4781501889228821, 0.4528169631958008, 0.37637442350387573, 0.37116527557373047, 0.3838045299053192, 0.38865381479263306, 0.41825711727142334, 0.40387284755706787, 0.31546923518180847, 0.32919618487358093, 0.37723833322525024, 0.3824348747730255, 0.3919350504875183, 0.39252692461013794, 0.32904037833213806, 0.35000908374786377, 0.37309032678604126, 0.36157509684562683, 0.3509386479854584, 0.30573493242263794, 0.36267566680908203, 0.3725147545337677, 0.36004576086997986, 0.42910051345825195], 'depth_factor': [16.030466079711914, 20.87457275390625, 16.538070678710938, 33.59759521484375, 19.03961944580078, 16.92682647705078, 19.994869232177734, 14.671629905700684, 18.139299392700195, 47.467288970947266, 18.271211624145508, 19.998546600341797, 23.5001277923584, 5.412055492401123, 6.480507850646973, 5.836756229400635, 9.431909561157227, 8.356444358825684, 3.700364828109741, 6.657183647155762, 3.4324147701263428, 5.557545185089111, 4.0106353759765625, 3.3240277767181396, 2.582003355026245], 'eval_rre': [0.13120000064373016, 0.13120000064373016, 0.13120000064373016, 0.13120000064373016, 0.13120000064373016, 0.13120000064373016, 0.13120000064373016, 0.13120000064373016, 0.13120000064373016, 0.13120000064373016, 0.13120000064373016, 0.13120000064373016, 0.13120000064373016, 0.13120000064373016, 0.13120000064373016, 0.13120000064373016, 0.13120000064373016, 0.13120000064373016, 0.13120000064373016, 0.13120000064373016, 0.13120000064373016, 0.13120000064373016, 0.13120000064373016, 0.13120000064373016, 0.13120000064373016], 'eval_rte': [0.004064999986439943, 0.004064999986439943, 0.004064999986439943, 0.004064999986439943, 0.004064999986439943, 0.004064999986439943, 0.004064999986439943, 0.004064999986439943, 0.004064999986439943, 0.004064999986439943, 0.004064999986439943, 0.004064999986439943, 0.004064999986439943, 0.004064999986439943, 0.004064999986439943, 0.004064999986439943, 0.004064999986439943, 0.004064999986439943, 0.004064999986439943, 0.004064999986439943, 0.004064999986439943, 0.004064999986439943, 0.004064999986439943, 0.004064999986439943, 0.004064999986439943]}",0.3279754449749551,13401,/home/ojab2/work/git/gsplat/results/colmap_outputs/bicycle_4_n90_s42_default_farthestpose_i90_gteval_poseopt_steps15000/stats/val_step14999.json,bicycle_4_n90_s42_default_farthestpose_i90_gteval_poseopt_steps15000,0.1284,0.017995,90.0,colmap |  |  |  | ,90.0
colmap,100,42,,16592,,farthestpose,100,GT Eval,,,,Pose Opt,,,,0.0,,colmap,,,15000,15000,default,MCMC,,,,,,,gsplat,21.409086227416992,0.3545343577861786,0.514138400554657,1000000,0.0041240002028644085,0.1054999902844429,"{'psnr': [19.760948181152344, 17.02889060974121, 18.354164123535156, 19.50171661376953, 19.59739112854004, 20.60462188720703, 19.77197265625, 19.53870964050293, 22.60174560546875, 23.580209732055664, 21.750043869018555, 22.0938777923584, 20.791675567626953, 20.21562385559082, 22.847618103027344, 24.294998168945312, 23.69460678100586, 20.230396270751953, 21.136676788330078, 24.115806579589844, 25.20551300048828, 24.637924194335938, 21.40513038635254, 22.521635055541992, 19.94526481628418], 'ssim': [0.40858760476112366, 0.32766425609588623, 0.4007932245731354, 0.4674772322177887, 0.48835650086402893, 0.5012271404266357, 0.3997800350189209, 0.40862756967544556, 0.5388543009757996, 0.624948263168335, 0.5534894466400146, 0.5640250444412231, 0.4905402362346649, 0.45394960045814514, 0.5668968558311462, 0.6435335278511047, 0.6130262613296509, 0.40921467542648315, 0.5114684104919434, 0.6482270359992981, 0.6712756156921387, 0.6331326961517334, 0.5113329291343689, 0.5488813519477844, 0.46815088391304016], 'lpips': [0.43422931432724, 0.4630591869354248, 0.4392984211444855, 0.34816062450408936, 0.35697728395462036, 0.3599746823310852, 0.38103365898132324, 0.39218732714653015, 0.3780372142791748, 0.29224130511283875, 0.3140867054462433, 0.3505163788795471, 0.35467517375946045, 0.35648319125175476, 0.36421483755111694, 0.30762866139411926, 0.3184172809123993, 0.33048978447914124, 0.3209773898124695, 0.3251355290412903, 0.29212987422943115, 0.3302537798881531, 0.32536742091178894, 0.34803488850593567, 0.37974923849105835], 'depth_factor': [14.868908882141113, 15.922046661376953, 15.418123245239258, 28.029300689697266, 23.062644958496094, 18.691869735717773, 13.524317741394043, 10.535383224487305, 13.504817962646484, 39.949039459228516, 18.066696166992188, 24.124361038208008, 6.931053638458252, 85.71595764160156, 6.231418132781982, 6.926816463470459, 10.907421112060547, 40.50731658935547, 4.290500640869141, 5.598658561706543, 9.438570976257324, 5.709918022155762, 8.077805519104004, 2.6822595596313477, 2.458958864212036], 'eval_rre': [0.1054999977350235, 0.1054999977350235, 0.1054999977350235, 0.1054999977350235, 0.1054999977350235, 0.1054999977350235, 0.1054999977350235, 0.1054999977350235, 0.1054999977350235, 0.1054999977350235, 0.1054999977350235, 0.1054999977350235, 0.1054999977350235, 0.1054999977350235, 0.1054999977350235, 0.1054999977350235, 0.1054999977350235, 0.1054999977350235, 0.1054999977350235, 0.1054999977350235, 0.1054999977350235, 0.1054999977350235, 0.1054999977350235, 0.1054999977350235, 0.1054999977350235], 'eval_rte': [0.0041240002028644085, 0.0041240002028644085, 0.0041240002028644085, 0.0041240002028644085, 0.0041240002028644085, 0.0041240002028644085, 0.0041240002028644085, 0.0041240002028644085, 0.0041240002028644085, 0.0041240002028644085, 0.0041240002028644085, 0.0041240002028644085, 0.0041240002028644085, 0.0041240002028644085, 0.0041240002028644085, 0.0041240002028644085, 0.0041240002028644085, 0.0041240002028644085, 0.0041240002028644085, 0.0041240002028644085, 0.0041240002028644085, 0.0041240002028644085, 0.0041240002028644085, 0.0041240002028644085, 0.0041240002028644085]}",0.3847146706196919,16592,/home/ojab2/work/git/gsplat/results/colmap_outputs/bicycle_4_n100_s42_default_farthestpose_i100_gteval_poseopt_steps15000/stats/val_step14999.json,bicycle_4_n100_s42_default_farthestpose_i100_gteval_poseopt_steps15000,0.1067,0.017644,100.0,colmap |  |  |  | ,100.0
vggt,10,42,0.0,10000,random,farthestpose,10,GT Eval,,,,Pose Opt,,,,0.0,,vggt,,,15000,15000,,MCMC,,,,,,,gsplat,13.94688606262207,0.5825746059417725,0.17737144231796265,1000000,0.03406200557947159,1.7843000888824463,"{'psnr': [13.036040306091309, 11.552918434143066, 13.737459182739258, 12.249653816223145, 13.684101104736328, 13.663337707519531, 12.721776008605957, 13.570924758911133, 16.10557746887207, 14.524250030517578, 14.30445384979248, 14.794670104980469, 13.381906509399414, 13.173985481262207, 16.307477951049805, 14.373323440551758, 15.649613380432129, 12.460342407226562, 12.744163513183594, 16.97562026977539, 14.576045036315918, 16.162031173706055, 12.461838722229004, 14.817566871643066, 11.643061637878418], 'ssim': [0.15460339188575745, 0.12730136513710022, 0.17285335063934326, 0.10775316506624222, 0.1827661246061325, 0.19215127825737, 0.1494693160057068, 0.16026978194713593, 0.23805642127990723, 0.16898222267627716, 0.1703261435031891, 0.19946761429309845, 0.16773980855941772, 0.14554305374622345, 0.23810698091983795, 0.18136928975582123, 0.24581578373908997, 0.1323714405298233, 0.15073424577713013, 0.27201154828071594, 0.1840096265077591, 0.23897214233875275, 0.1467006653547287, 0.1696673482656479, 0.13724394142627716], 'lpips': [0.5661656856536865, 0.6001763939857483, 0.5633997917175293, 0.5914243459701538, 0.5791396498680115, 0.5582751035690308, 0.5567233562469482, 0.6213924884796143, 0.563980758190155, 0.5931077003479004, 0.5286568403244019, 0.6035380363464355, 0.6068472266197205, 0.634152889251709, 0.562338650226593, 0.5969111919403076, 0.5762189030647278, 0.6294881105422974, 0.6312464475631714, 0.49417299032211304, 0.574139416217804, 0.506493866443634, 0.6318104863166809, 0.5217539668083191, 0.6728116273880005], 'depth_factor': [13.010724067687988, 5.073331356048584, 6.410876750946045, 6.889683723449707, 7.27644157409668, 8.47508716583252, 15.923264503479004, 5.34575080871582, 5.479920387268066, 7.272485256195068, 6.539773464202881, 7.5324387550354, 8.09901237487793, 4.583230495452881, 4.273121356964111, 7.7929463386535645, 8.84635066986084, 9.131723403930664, 8.470172882080078, 4.506733417510986, 3.4396891593933105, 5.932834625244141, 9.86857795715332, 3.751458168029785, 24.593626022338867], 'eval_rre': [1.7842999696731567, 1.7842999696731567, 1.7842999696731567, 1.7842999696731567, 1.7842999696731567, 1.7842999696731567, 1.7842999696731567, 1.7842999696731567, 1.7842999696731567, 1.7842999696731567, 1.7842999696731567, 1.7842999696731567, 1.7842999696731567, 1.7842999696731567, 1.7842999696731567, 1.7842999696731567, 1.7842999696731567, 1.7842999696731567, 1.7842999696731567, 1.7842999696731567, 1.7842999696731567, 1.7842999696731567, 1.7842999696731567, 1.7842999696731567, 1.7842999696731567], 'eval_rte': [0.03406200185418129, 0.03406200185418129, 0.03406200185418129, 0.03406200185418129, 0.03406200185418129, 0.03406200185418129, 0.03406200185418129, 0.03406200185418129, 0.03406200185418129, 0.03406200185418129, 0.03406200185418129, 0.03406200185418129, 0.03406200185418129, 0.03406200185418129, 0.03406200185418129, 0.03406200185418129, 0.03406200185418129, 0.03406200185418129, 0.03406200185418129, 0.03406200185418129, 0.03406200185418129, 0.03406200185418129, 0.03406200185418129, 0.03406200185418129, 0.03406200185418129]}",-0.09117954826107103,10000,/home/ojab2/work/git/gsplat/results/vggt_outputs/bicycle_4_n10_s42_c0.0_p10000_random_farthestpose_i10_gteval_poseopt_steps15000/stats/val_step14999.json,bicycle_4_n10_s42_c0.0_p10000_random_farthestpose_i10_gteval_poseopt_steps15000,1.569,0.141985,10.0,vggt |  |  |  | ,10.0
vggt,20,42,0.0,20000,random,farthestpose,20,GT Eval,,,,Pose Opt,,,,0.0,,vggt,,,15000,15000,,MCMC,,,,,,,gsplat,15.592379570007324,0.48983314633369446,0.21785423159599304,1000000,0.026023002341389656,1.3639999628067017,"{'psnr': [14.155421257019043, 13.294532775878906, 14.080836296081543, 13.367965698242188, 14.910842895507812, 14.896512031555176, 14.236449241638184, 15.00543212890625, 16.887205123901367, 15.884611129760742, 15.68338394165039, 16.287010192871094, 14.871447563171387, 15.319192886352539, 17.445220947265625, 16.168176651000977, 17.5880126953125, 14.811381340026855, 15.375459671020508, 18.56769561767578, 17.44373893737793, 16.800512313842773, 15.518324851989746, 16.492490768432617, 14.717657089233398], 'ssim': [0.1710793823003769, 0.152415931224823, 0.17837701737880707, 0.1325937956571579, 0.20939092338085175, 0.2210194617509842, 0.17295759916305542, 0.1862536370754242, 0.25765135884284973, 0.19732271134853363, 0.20844417810440063, 0.22768042981624603, 0.21323105692863464, 0.21395887434482574, 0.27011382579803467, 0.21895451843738556, 0.2950701415538788, 0.19224028289318085, 0.22138313949108124, 0.3069954812526703, 0.27303868532180786, 0.24492205679416656, 0.2446943074464798, 0.19771048426628113, 0.23885631561279297], 'lpips': [0.4919557571411133, 0.50190269947052, 0.5607372522354126, 0.5381571054458618, 0.4694938659667969, 0.5015187859535217, 0.45750856399536133, 0.5123429894447327, 0.5358214378356934, 0.4861361086368561, 0.47467654943466187, 0.5485233068466187, 0.49227944016456604, 0.5171864032745361, 0.48135459423065186, 0.4888477921485901, 0.5127031803131104, 0.4866206645965576, 0.49547886848449707, 0.42136022448539734, 0.4046570658683777, 0.4588770568370819, 0.45598262548446655, 0.43479058146476746, 0.5169163942337036], 'depth_factor': [5.887318134307861, 4.6346917152404785, 5.510406494140625, 6.481105327606201, 7.6280622482299805, 6.335525035858154, 4.117874622344971, 3.5757198333740234, 5.201216697692871, 4.899444580078125, 6.8898844718933105, 7.521939754486084, 8.169081687927246, 15.32844352722168, 4.302818775177002, 4.157168865203857, 7.820052146911621, 6.11437463760376, 3.037367820739746, 4.170027732849121, 6.688936233520508, 5.620449066162109, 7.93157958984375, 3.6928842067718506, 3.1493804454803467], 'eval_rre': [1.3639999628067017, 1.3639999628067017, 1.3639999628067017, 1.3639999628067017, 1.3639999628067017, 1.3639999628067017, 1.3639999628067017, 1.3639999628067017, 1.3639999628067017, 1.3639999628067017, 1.3639999628067017, 1.3639999628067017, 1.3639999628067017, 1.3639999628067017, 1.3639999628067017, 1.3639999628067017, 1.3639999628067017, 1.3639999628067017, 1.3639999628067017, 1.3639999628067017, 1.3639999628067017, 1.3639999628067017, 1.3639999628067017, 1.3639999628067017, 1.3639999628067017], 'eval_rte': [0.026023000478744507, 0.026023000478744507, 0.026023000478744507, 0.026023000478744507, 0.026023000478744507, 0.026023000478744507, 0.026023000478744507, 0.026023000478744507, 0.026023000478744507, 0.026023000478744507, 0.026023000478744507, 0.026023000478744507, 0.026023000478744507, 0.026023000478744507, 0.026023000478744507, 0.026023000478744507, 0.026023000478744507, 0.026023000478744507, 0.026023000478744507, 0.026023000478744507, 0.026023000478744507, 0.026023000478744507, 0.026023000478744507, 0.026023000478744507, 0.026023000478744507]}",0.020214514077058356,20000,/home/ojab2/work/git/gsplat/results/vggt_outputs/bicycle_4_n20_s42_c0.0_p20000_random_farthestpose_i20_gteval_poseopt_steps15000/stats/val_step14999.json,bicycle_4_n20_s42_c0.0_p20000_random_farthestpose_i20_gteval_poseopt_steps15000,1.3446,0.119326,20.0,vggt |  |  |  | ,20.0
vggt,30,42,0.0,30000,random,farthestpose,30,GT Eval,,,,Pose Opt,,,,0.0,,vggt,,,15000,15000,,MCMC,,,,,,,gsplat,16.154842376708984,0.4501441717147827,0.22425037622451782,1000000,0.019108999520540237,0.9347000122070312,"{'psnr': [14.788431167602539, 13.54301929473877, 15.316741943359375, 13.948895454406738, 15.130541801452637, 15.49055290222168, 14.359890937805176, 15.41529369354248, 18.00307846069336, 16.819122314453125, 15.756098747253418, 16.970890045166016, 15.180389404296875, 15.582439422607422, 18.19859504699707, 17.096118927001953, 18.180871963500977, 14.895289421081543, 15.601614952087402, 19.122556686401367, 17.924257278442383, 17.861818313598633, 15.9754638671875, 17.567201614379883, 15.14189624786377], 'ssim': [0.1723894327878952, 0.15954940021038055, 0.20583359897136688, 0.14909489452838898, 0.21700677275657654, 0.2300049215555191, 0.15933074057102203, 0.18623563647270203, 0.2834186255931854, 0.2181677222251892, 0.20410634577274323, 0.23862409591674805, 0.2061052918434143, 0.20609687268733978, 0.2805463373661041, 0.23224887251853943, 0.29935169219970703, 0.17098110914230347, 0.2260870784521103, 0.3160514235496521, 0.2512703835964203, 0.2718772888183594, 0.25252681970596313, 0.2220384180545807, 0.24731579422950745], 'lpips': [0.4317171573638916, 0.4834912121295929, 0.5266686677932739, 0.5091567039489746, 0.4400847554206848, 0.45487868785858154, 0.39598894119262695, 0.4846143424510956, 0.4853120446205139, 0.42257022857666016, 0.4276350140571594, 0.4938039779663086, 0.4381072521209717, 0.4897945523262024, 0.45483967661857605, 0.44429194927215576, 0.4746255576610565, 0.4499908983707428, 0.4783656597137451, 0.3946828246116638, 0.36539125442504883, 0.41657960414886475, 0.4270975589752197, 0.3724103271961212, 0.4915059208869934], 'depth_factor': [4.2820234298706055, 5.025861740112305, 6.94490909576416, 11.007226943969727, 7.573434829711914, 6.618653297424316, 4.1763811111450195, 15.770496368408203, 6.730693817138672, 12.785853385925293, 7.984216213226318, 7.693868160247803, 6.534280300140381, 3.6499972343444824, 5.018198490142822, 3.707759141921997, 7.636317729949951, 3.741774559020996, 3.463749885559082, 4.6453537940979, 3.9060380458831787, 5.609249591827393, 3.541778326034546, 2.7934694290161133, 2.546053409576416], 'eval_rre': [0.9347000122070312, 0.9347000122070312, 0.9347000122070312, 0.9347000122070312, 0.9347000122070312, 0.9347000122070312, 0.9347000122070312, 0.9347000122070312, 0.9347000122070312, 0.9347000122070312, 0.9347000122070312, 0.9347000122070312, 0.9347000122070312, 0.9347000122070312, 0.9347000122070312, 0.9347000122070312, 0.9347000122070312, 0.9347000122070312, 0.9347000122070312, 0.9347000122070312, 0.9347000122070312, 0.9347000122070312, 0.9347000122070312, 0.9347000122070312, 0.9347000122070312], 'eval_rte': [0.019108999520540237, 0.019108999520540237, 0.019108999520540237, 0.019108999520540237, 0.019108999520540237, 0.019108999520540237, 0.019108999520540237, 0.019108999520540237, 0.019108999520540237, 0.019108999520540237, 0.019108999520540237, 0.019108999520540237, 0.019108999520540237, 0.019108999520540237, 0.019108999520540237, 0.019108999520540237, 0.019108999520540237, 0.019108999520540237, 0.019108999520540237, 0.019108999520540237, 0.019108999520540237, 0.019108999520540237, 0.019108999520540237, 0.019108999520540237, 0.019108999520540237]}",0.05887029448292953,30000,/home/ojab2/work/git/gsplat/results/vggt_outputs/bicycle_4_n30_s42_c0.0_p30000_random_farthestpose_i30_gteval_poseopt_steps15000/stats/val_step14999.json,bicycle_4_n30_s42_c0.0_p30000_random_farthestpose_i30_gteval_poseopt_steps15000,0.9795,0.090795,30.0,vggt |  |  |  | ,30.0
vggt,40,42,0.0,40000,random,farthestpose,40,GT Eval,,,,Pose Opt,,,,0.0,,vggt,,,15000,15000,,MCMC,,,,,,,gsplat,16.54815673828125,0.42724740505218506,0.23380540311336517,1000000,0.017886998131871223,0.8118999004364014,"{'psnr': [15.001365661621094, 13.483445167541504, 15.113025665283203, 14.255459785461426, 15.535898208618164, 15.88585090637207, 14.85241985321045, 15.788553237915039, 18.383560180664062, 17.394224166870117, 16.398603439331055, 17.293315887451172, 15.585938453674316, 15.985302925109863, 18.849016189575195, 17.799888610839844, 18.481870651245117, 15.197576522827148, 15.916427612304688, 19.50665283203125, 19.219289779663086, 18.281925201416016, 16.295124053955078, 17.701885223388672, 15.497314453125], 'ssim': [0.17497886717319489, 0.16549867391586304, 0.20649629831314087, 0.14643731713294983, 0.21783718466758728, 0.23861369490623474, 0.17170676589012146, 0.19182348251342773, 0.29215773940086365, 0.22830140590667725, 0.21429872512817383, 0.24253889918327332, 0.2129620611667633, 0.20844274759292603, 0.2915627360343933, 0.26677146553993225, 0.312152624130249, 0.1770910769701004, 0.2317601889371872, 0.3315378427505493, 0.3076060116291046, 0.2807914614677429, 0.2537449896335602, 0.22470301389694214, 0.25532013177871704], 'lpips': [0.42145976424217224, 0.4848613142967224, 0.5237232446670532, 0.4956614375114441, 0.4255930483341217, 0.4399760067462921, 0.3869055211544037, 0.45869916677474976, 0.45883333683013916, 0.4119945168495178, 0.38019779324531555, 0.47812145948410034, 0.42280393838882446, 0.4593690037727356, 0.3837569057941437, 0.38918817043304443, 0.45847979187965393, 0.4255397915840149, 0.45040932297706604, 0.3514365255832672, 0.32878538966178894, 0.40123918652534485, 0.4128498435020447, 0.35145196318626404, 0.4798493981361389], 'depth_factor': [5.5543012619018555, 6.0875959396362305, 6.477046012878418, 5.906722068786621, 7.57417106628418, 6.7589521408081055, 4.1495537757873535, 6.360424518585205, 6.322948455810547, 5.595446586608887, 6.632449150085449, 7.480681896209717, 3.9613871574401855, 8.419228553771973, 4.902067184448242, 4.243487358093262, 7.610604763031006, 3.6456005573272705, 2.9845938682556152, 4.305210113525391, 3.0299489498138428, 5.375405788421631, 7.050851821899414, 2.5151407718658447, 2.786022424697876], 'eval_rre': [0.8119000196456909, 0.8119000196456909, 0.8119000196456909, 0.8119000196456909, 0.8119000196456909, 0.8119000196456909, 0.8119000196456909, 0.8119000196456909, 0.8119000196456909, 0.8119000196456909, 0.8119000196456909, 0.8119000196456909, 0.8119000196456909, 0.8119000196456909, 0.8119000196456909, 0.8119000196456909, 0.8119000196456909, 0.8119000196456909, 0.8119000196456909, 0.8119000196456909, 0.8119000196456909, 0.8119000196456909, 0.8119000196456909, 0.8119000196456909, 0.8119000196456909], 'eval_rte': [0.017886999994516373, 0.017886999994516373, 0.017886999994516373, 0.017886999994516373, 0.017886999994516373, 0.017886999994516373, 0.017886999994516373, 0.017886999994516373, 0.017886999994516373, 0.017886999994516373, 0.017886999994516373, 0.017886999994516373, 0.017886999994516373, 0.017886999994516373, 0.017886999994516373, 0.017886999994516373, 0.017886999994516373, 0.017886999994516373, 0.017886999994516373, 0.017886999994516373, 0.017886999994516373, 0.017886999994516373, 0.017886999994516373, 0.017886999994516373, 0.017886999994516373]}",0.08587543537587297,40000,/home/ojab2/work/git/gsplat/results/vggt_outputs/bicycle_4_n40_s42_c0.0_p40000_random_farthestpose_i40_gteval_poseopt_steps15000/stats/val_step14999.json,bicycle_4_n40_s42_c0.0_p40000_random_farthestpose_i40_gteval_poseopt_steps15000,0.8856,0.086546,40.0,vggt |  |  |  | ,40.0
vggt,50,42,0.0,50000,random,farthestpose,50,GT Eval,,,,Pose Opt,,,,0.0,,vggt,,,15000,15000,,MCMC,,,,,,,gsplat,16.984392166137695,0.3982991576194763,0.23946437239646912,1000000,0.018355000764131546,0.829500138759613,"{'psnr': [15.167074203491211, 13.9791898727417, 15.97358512878418, 14.400121688842773, 16.000350952148438, 16.202070236206055, 15.09577465057373, 15.97201156616211, 18.727373123168945, 17.369178771972656, 16.781002044677734, 17.91617774963379, 16.041946411132812, 16.299718856811523, 19.31048583984375, 17.525915145874023, 19.155193328857422, 15.848076820373535, 16.9154052734375, 20.066743850708008, 18.854808807373047, 19.28203773498535, 17.047985076904297, 18.408063888549805, 16.269498825073242], 'ssim': [0.18809939920902252, 0.16701854765415192, 0.22301506996154785, 0.14909224212169647, 0.23727282881736755, 0.24877525866031647, 0.17957790195941925, 0.1902921348810196, 0.2968815267086029, 0.2220393717288971, 0.229623943567276, 0.2630123198032379, 0.22188511490821838, 0.20559480786323547, 0.2943069636821747, 0.24384622275829315, 0.33769458532333374, 0.18279722332954407, 0.23118925094604492, 0.33837640285491943, 0.27534961700439453, 0.30789127945899963, 0.2566337585449219, 0.24164822697639465, 0.2546955943107605], 'lpips': [0.40698888897895813, 0.44311437010765076, 0.4715260863304138, 0.4689202606678009, 0.39840179681777954, 0.40153610706329346, 0.3654510974884033, 0.4254295229911804, 0.4412496089935303, 0.3981711268424988, 0.36033177375793457, 0.4171062111854553, 0.3938978910446167, 0.4293197691440582, 0.37259724736213684, 0.40023672580718994, 0.354641854763031, 0.39920228719711304, 0.4208175539970398, 0.3456003665924072, 0.33432847261428833, 0.3358641266822815, 0.3811454176902771, 0.3464239537715912, 0.445176362991333], 'depth_factor': [4.202099323272705, 4.903131008148193, 6.703124046325684, 12.172812461853027, 8.086287498474121, 8.535340309143066, 3.663548469543457, 6.8947882652282715, 6.3938751220703125, 15.784107208251953, 6.9379963874816895, 9.783753395080566, 7.13512659072876, 3.731215238571167, 4.951387882232666, 4.063466548919678, 10.873994827270508, 3.1133079528808594, 3.320719003677368, 4.905546188354492, 3.332393169403076, 4.96599817276001, 3.5010862350463867, 2.549516201019287, 2.7621641159057617], 'eval_rre': [0.8295000195503235, 0.8295000195503235, 0.8295000195503235, 0.8295000195503235, 0.8295000195503235, 0.8295000195503235, 0.8295000195503235, 0.8295000195503235, 0.8295000195503235, 0.8295000195503235, 0.8295000195503235, 0.8295000195503235, 0.8295000195503235, 0.8295000195503235, 0.8295000195503235, 0.8295000195503235, 0.8295000195503235, 0.8295000195503235, 0.8295000195503235, 0.8295000195503235, 0.8295000195503235, 0.8295000195503235, 0.8295000195503235, 0.8295000195503235, 0.8295000195503235], 'eval_rte': [0.018355000764131546, 0.018355000764131546, 0.018355000764131546, 0.018355000764131546, 0.018355000764131546, 0.018355000764131546, 0.018355000764131546, 0.018355000764131546, 0.018355000764131546, 0.018355000764131546, 0.018355000764131546, 0.018355000764131546, 0.018355000764131546, 0.018355000764131546, 0.018355000764131546, 0.018355000764131546, 0.018355000764131546, 0.018355000764131546, 0.018355000764131546, 0.018355000764131546, 0.018355000764131546, 0.018355000764131546, 0.018355000764131546, 0.018355000764131546, 0.018355000764131546]}",0.1151324965258246,50000,/home/ojab2/work/git/gsplat/results/vggt_outputs/bicycle_4_n50_s42_c0.0_p50000_random_farthestpose_i50_gteval_poseopt_steps15000/stats/val_step14999.json,bicycle_4_n50_s42_c0.0_p50000_random_farthestpose_i50_gteval_poseopt_steps15000,0.9199,0.086453,50.0,vggt |  |  |  | ,50.0
vggt,60,42,0.0,60000,random,farthestpose,60,GT Eval,,,,Pose Opt,,,,0.0,,vggt,,,15000,15000,,MCMC,,,,,,,gsplat,17.008508682250977,0.38160187005996704,0.24429938197135925,1000000,0.015382001176476479,0.725600004196167,"{'psnr': [15.222360610961914, 13.907957077026367, 16.319076538085938, 14.642637252807617, 15.671975135803223, 16.499160766601562, 15.190468788146973, 15.658099174499512, 18.758024215698242, 17.759450912475586, 16.592144012451172, 17.857563018798828, 16.08050537109375, 16.295671463012695, 19.25804901123047, 17.6546688079834, 18.83677101135254, 15.79399299621582, 16.90951919555664, 20.31142234802246, 19.25410270690918, 18.872760772705078, 17.021284103393555, 18.62886619567871, 16.216171264648438], 'ssim': [0.1830817610025406, 0.16818486154079437, 0.23580065369606018, 0.15946705639362335, 0.22880175709724426, 0.250674843788147, 0.17537559568881989, 0.19339753687381744, 0.30364111065864563, 0.2446793019771576, 0.21999011933803558, 0.2594185769557953, 0.2245936095714569, 0.21771205961704254, 0.30151131749153137, 0.2662089169025421, 0.3307377099990845, 0.17833657562732697, 0.24595975875854492, 0.3430948853492737, 0.3038294017314911, 0.30339315533638, 0.26001909375190735, 0.2490704208612442, 0.260504812002182], 'lpips': [0.39910781383514404, 0.44577986001968384, 0.4682673215866089, 0.4676803648471832, 0.38978829979896545, 0.39721816778182983, 0.35900476574897766, 0.38790273666381836, 0.42825186252593994, 0.37165510654449463, 0.36250394582748413, 0.41214126348495483, 0.35933440923690796, 0.3592526316642761, 0.370743066072464, 0.38617783784866333, 0.3502155840396881, 0.3665562868118286, 0.34513136744499207, 0.3388351500034332, 0.3259700834751129, 0.33536338806152344, 0.35046637058258057, 0.3437706530094147, 0.41892895102500916], 'depth_factor': [4.357724666595459, 5.753960132598877, 7.179414749145508, 6.15583610534668, 9.368541717529297, 7.6547322273254395, 5.3741455078125, 8.621849060058594, 8.079206466674805, 7.050145149230957, 7.207955837249756, 11.658329010009766, 8.220269203186035, 5.448943138122559, 5.351780891418457, 4.452189922332764, 7.922132968902588, 6.4099507331848145, 3.098351240158081, 5.464148044586182, 3.1950039863586426, 5.556127548217773, 4.083242416381836, 3.7858529090881348, 2.691791296005249], 'eval_rre': [0.725600004196167, 0.725600004196167, 0.725600004196167, 0.725600004196167, 0.725600004196167, 0.725600004196167, 0.725600004196167, 0.725600004196167, 0.725600004196167, 0.725600004196167, 0.725600004196167, 0.725600004196167, 0.725600004196167, 0.725600004196167, 0.725600004196167, 0.725600004196167, 0.725600004196167, 0.725600004196167, 0.725600004196167, 0.725600004196167, 0.725600004196167, 0.725600004196167, 0.725600004196167, 0.725600004196167, 0.725600004196167], 'eval_rte': [0.015382000245153904, 0.015382000245153904, 0.015382000245153904, 0.015382000245153904, 0.015382000245153904, 0.015382000245153904, 0.015382000245153904, 0.015382000245153904, 0.015382000245153904, 0.015382000245153904, 0.015382000245153904, 0.015382000245153904, 0.015382000245153904, 0.015382000245153904, 0.015382000245153904, 0.015382000245153904, 0.015382000245153904, 0.015382000245153904, 0.015382000245153904, 0.015382000245153904, 0.015382000245153904, 0.015382000245153904, 0.015382000245153904, 0.015382000245153904, 0.015382000245153904]}",0.12871355728486522,60000,/home/ojab2/work/git/gsplat/results/vggt_outputs/bicycle_4_n60_s42_c0.0_p60000_random_farthestpose_i60_gteval_poseopt_steps15000/stats/val_step14999.json,bicycle_4_n60_s42_c0.0_p60000_random_farthestpose_i60_gteval_poseopt_steps15000,0.8369,0.071063,60.0,vggt |  |  |  | ,60.0
vggt,70,42,0.0,70000,random,farthestpose,70,GT Eval,,,,Pose Opt,,,,0.0,,vggt,,,15000,15000,,MCMC,,,,,,,gsplat,16.90428924560547,0.38290220499038696,0.24700000882148743,1000000,0.01669600047171116,0.7904999256134033,"{'psnr': [15.218912124633789, 13.679692268371582, 16.106748580932617, 14.805098533630371, 15.682379722595215, 16.31957244873047, 15.143582344055176, 15.672511100769043, 18.63892936706543, 17.893619537353516, 16.510196685791016, 17.388452529907227, 15.909103393554688, 16.124248504638672, 19.09986686706543, 18.11520004272461, 18.536170959472656, 15.658352851867676, 16.76541519165039, 20.0192928314209, 20.13452911376953, 18.347375869750977, 16.842323303222656, 18.030691146850586, 15.964987754821777], 'ssim': [0.18368223309516907, 0.16413943469524384, 0.2290576547384262, 0.16546276211738586, 0.23121175169944763, 0.2469472587108612, 0.17595623433589935, 0.19700463116168976, 0.30750125646591187, 0.2477252334356308, 0.2171318382024765, 0.257079541683197, 0.22731101512908936, 0.22011779248714447, 0.30657631158828735, 0.28505030274391174, 0.3255513906478882, 0.1779722422361374, 0.2506009638309479, 0.34303519129753113, 0.3618945777416229, 0.28942692279815674, 0.26275044679641724, 0.2352522760629654, 0.26656070351600647], 'lpips': [0.4031471610069275, 0.42916297912597656, 0.47536736726760864, 0.4588017761707306, 0.4039204716682434, 0.4020007848739624, 0.3673228919506073, 0.39548787474632263, 0.44516775012016296, 0.34218961000442505, 0.3594282567501068, 0.4195924699306488, 0.3732566237449646, 0.35201549530029297, 0.3781055510044098, 0.3781346380710602, 0.3583994507789612, 0.3653709888458252, 0.32932502031326294, 0.34446561336517334, 0.3202248513698578, 0.33940553665161133, 0.359646737575531, 0.3474147319793701, 0.42520129680633545], 'depth_factor': [4.520699501037598, 5.35630989074707, 7.099243640899658, 6.471851825714111, 7.856258869171143, 7.097647666931152, 4.170350074768066, 3.3586206436157227, 6.802310943603516, 6.1173810958862305, 9.435261726379395, 8.300896644592285, 4.414151191711426, 4.11483097076416, 5.015948295593262, 4.140834331512451, 8.149678230285645, 7.376741886138916, 4.035644054412842, 5.032865524291992, 3.0396974086761475, 4.7821760177612305, 3.063608407974243, 2.1830930709838867, 2.619417667388916], 'eval_rre': [0.7904999852180481, 0.7904999852180481, 0.7904999852180481, 0.7904999852180481, 0.7904999852180481, 0.7904999852180481, 0.7904999852180481, 0.7904999852180481, 0.7904999852180481, 0.7904999852180481, 0.7904999852180481, 0.7904999852180481, 0.7904999852180481, 0.7904999852180481, 0.7904999852180481, 0.7904999852180481, 0.7904999852180481, 0.7904999852180481, 0.7904999852180481, 0.7904999852180481, 0.7904999852180481, 0.7904999852180481, 0.7904999852180481, 0.7904999852180481, 0.7904999852180481], 'eval_rte': [0.01669600047171116, 0.01669600047171116, 0.01669600047171116, 0.01669600047171116, 0.01669600047171116, 0.01669600047171116, 0.01669600047171116, 0.01669600047171116, 0.01669600047171116, 0.01669600047171116, 0.01669600047171116, 0.01669600047171116, 0.01669600047171116, 0.01669600047171116, 0.01669600047171116, 0.01669600047171116, 0.01669600047171116, 0.01669600047171116, 0.01669600047171116, 0.01669600047171116, 0.01669600047171116, 0.01669600047171116, 0.01669600047171116, 0.01669600047171116, 0.01669600047171116]}",0.12756020578182392,70000,/home/ojab2/work/git/gsplat/results/vggt_outputs/bicycle_4_n70_s42_c0.0_p70000_random_farthestpose_i70_gteval_poseopt_steps15000/stats/val_step14999.json,bicycle_4_n70_s42_c0.0_p70000_random_farthestpose_i70_gteval_poseopt_steps15000,0.9155,0.07769,70.0,vggt |  |  |  | ,70.0
vggt,80,42,0.0,80000,random,farthestpose,80,GT Eval,,,,Pose Opt,,,,0.0,,vggt,,,15000,15000,,MCMC,,,,,,,gsplat,17.274003982543945,0.36039844155311584,0.2581929862499237,1000000,0.01597600057721138,0.7452999949455261,"{'psnr': [15.591371536254883, 14.107398986816406, 16.508323669433594, 15.208616256713867, 15.977843284606934, 16.556793212890625, 15.715350151062012, 15.757598876953125, 18.9161319732666, 18.452985763549805, 17.3577938079834, 17.753555297851562, 16.358842849731445, 16.43255615234375, 19.13418197631836, 19.144798278808594, 18.793180465698242, 16.110321044921875, 16.999698638916016, 20.086809158325195, 20.760183334350586, 18.567026138305664, 17.13922882080078, 18.183183670043945, 16.2363224029541], 'ssim': [0.19262750446796417, 0.17624367773532867, 0.23611219227313995, 0.1607866734266281, 0.23570764064788818, 0.25765466690063477, 0.18696263432502747, 0.2049112319946289, 0.3091479241847992, 0.27831682562828064, 0.24682539701461792, 0.2594802975654602, 0.23336030542850494, 0.2295849621295929, 0.3043349087238312, 0.3578937351703644, 0.3371443450450897, 0.18913845717906952, 0.2525216042995453, 0.34722548723220825, 0.3907727599143982, 0.2933773100376129, 0.2692641317844391, 0.2324470728635788, 0.27298247814178467], 'lpips': [0.3917463421821594, 0.4167705774307251, 0.4577637314796448, 0.39843928813934326, 0.3771778345108032, 0.3881716728210449, 0.3463352918624878, 0.3727179169654846, 0.42199936509132385, 0.3151787221431732, 0.33914974331855774, 0.38112586736679077, 0.34711623191833496, 0.341459721326828, 0.3752385973930359, 0.3479929268360138, 0.31700101494789124, 0.34782132506370544, 0.3172808885574341, 0.3412353992462158, 0.2939129173755646, 0.3075752556324005, 0.3296564817428589, 0.3360350728034973, 0.4010590612888336], 'depth_factor': [4.556962013244629, 5.042540073394775, 6.642463207244873, 7.463685512542725, 13.113965034484863, 7.348701477050781, 4.212549209594727, 4.475790500640869, 7.588072299957275, 6.293799877166748, 6.798991680145264, 8.251980781555176, 4.367712497711182, 3.701972723007202, 5.3529133796691895, 4.7551374435424805, 7.874019622802734, 3.9397387504577637, 3.2891523838043213, 4.838669300079346, 3.0526084899902344, 5.576706409454346, 3.676616668701172, 2.650768280029297, 2.5829410552978516], 'eval_rre': [0.7452999949455261, 0.7452999949455261, 0.7452999949455261, 0.7452999949455261, 0.7452999949455261, 0.7452999949455261, 0.7452999949455261, 0.7452999949455261, 0.7452999949455261, 0.7452999949455261, 0.7452999949455261, 0.7452999949455261, 0.7452999949455261, 0.7452999949455261, 0.7452999949455261, 0.7452999949455261, 0.7452999949455261, 0.7452999949455261, 0.7452999949455261, 0.7452999949455261, 0.7452999949455261, 0.7452999949455261, 0.7452999949455261, 0.7452999949455261, 0.7452999949455261], 'eval_rte': [0.01597600057721138, 0.01597600057721138, 0.01597600057721138, 0.01597600057721138, 0.01597600057721138, 0.01597600057721138, 0.01597600057721138, 0.01597600057721138, 0.01597600057721138, 0.01597600057721138, 0.01597600057721138, 0.01597600057721138, 0.01597600057721138, 0.01597600057721138, 0.01597600057721138, 0.01597600057721138, 0.01597600057721138, 0.01597600057721138, 0.01597600057721138, 0.01597600057721138, 0.01597600057721138, 0.01597600057721138, 0.01597600057721138, 0.01597600057721138, 0.01597600057721138]}",0.15484358781804664,80000,/home/ojab2/work/git/gsplat/results/vggt_outputs/bicycle_4_n80_s42_c0.0_p80000_random_farthestpose_i80_gteval_poseopt_steps15000/stats/val_step14999.json,bicycle_4_n80_s42_c0.0_p80000_random_farthestpose_i80_gteval_poseopt_steps15000,0.873,0.073069,80.0,vggt |  |  |  | ,80.0
vggt,90,42,0.0,90000,random,farthestpose,90,GT Eval,,,,Pose Opt,,,,0.0,,vggt,,,15000,15000,,MCMC,,,,,,,gsplat,17.167457580566406,0.3584168255329132,0.257950097322464,1000000,0.015474999323487282,0.7545000314712524,"{'psnr': [15.439590454101562, 13.998879432678223, 16.210432052612305, 15.375320434570312, 15.915974617004395, 16.399580001831055, 15.579861640930176, 15.774219512939453, 18.811246871948242, 18.33074378967285, 17.0946044921875, 17.72589111328125, 16.017356872558594, 16.25473403930664, 19.036819458007812, 19.56635856628418, 18.578706741333008, 15.931793212890625, 16.881046295166016, 19.97530174255371, 21.023517608642578, 18.378711700439453, 16.968061447143555, 17.856142044067383, 16.061542510986328], 'ssim': [0.19102022051811218, 0.1778421700000763, 0.2348031997680664, 0.16942359507083893, 0.23713821172714233, 0.2529635727405548, 0.18615016341209412, 0.2033049762248993, 0.3129604756832123, 0.2741747498512268, 0.2300053983926773, 0.2581627070903778, 0.231130450963974, 0.2270694077014923, 0.31009241938591003, 0.3675020635128021, 0.32983511686325073, 0.187576025724411, 0.2537896931171417, 0.35342854261398315, 0.39490747451782227, 0.28969475626945496, 0.2728360891342163, 0.22415219247341156, 0.27878889441490173], 'lpips': [0.3939587473869324, 0.41950300335884094, 0.463324636220932, 0.4016883373260498, 0.3885829746723175, 0.37266266345977783, 0.34828680753707886, 0.36690160632133484, 0.4149709939956665, 0.3319360315799713, 0.3421615958213806, 0.3892618715763092, 0.34583669900894165, 0.33791959285736084, 0.38026130199432373, 0.30083808302879333, 0.32368117570877075, 0.3341864049434662, 0.31697672605514526, 0.3416614532470703, 0.2709207832813263, 0.31813177466392517, 0.3200121521949768, 0.3432142436504364, 0.3935404121875763], 'depth_factor': [5.283158302307129, 5.1968488693237305, 7.923768997192383, 5.518543243408203, 8.02194881439209, 7.1572160720825195, 4.098750114440918, 5.410444736480713, 6.900432109832764, 6.195950508117676, 7.323461532592773, 8.655324935913086, 4.145574569702148, 3.802959442138672, 5.051408767700195, 4.4268412590026855, 7.703374862670898, 3.218224287033081, 3.1755568981170654, 4.868413925170898, 2.9269046783447266, 5.934348106384277, 3.2748043537139893, 2.59489369392395, 2.5922677516937256], 'eval_rre': [0.7544999718666077, 0.7544999718666077, 0.7544999718666077, 0.7544999718666077, 0.7544999718666077, 0.7544999718666077, 0.7544999718666077, 0.7544999718666077, 0.7544999718666077, 0.7544999718666077, 0.7544999718666077, 0.7544999718666077, 0.7544999718666077, 0.7544999718666077, 0.7544999718666077, 0.7544999718666077, 0.7544999718666077, 0.7544999718666077, 0.7544999718666077, 0.7544999718666077, 0.7544999718666077, 0.7544999718666077, 0.7544999718666077, 0.7544999718666077, 0.7544999718666077], 'eval_rte': [0.015475000254809856, 0.015475000254809856, 0.015475000254809856, 0.015475000254809856, 0.015475000254809856, 0.015475000254809856, 0.015475000254809856, 0.015475000254809856, 0.015475000254809856, 0.015475000254809856, 0.015475000254809856, 0.015475000254809856, 0.015475000254809856, 0.015475000254809856, 0.015475000254809856, 0.015475000254809856, 0.015475000254809856, 0.015475000254809856, 0.015475000254809856, 0.015475000254809856, 0.015475000254809856, 0.015475000254809856, 0.015475000254809856, 0.015475000254809856, 0.015475000254809856]}",0.15395168575704524,90000,/home/ojab2/work/git/gsplat/results/vggt_outputs/bicycle_4_n90_s42_c0.0_p90000_random_farthestpose_i90_gteval_poseopt_steps15000/stats/val_step14999.json,bicycle_4_n90_s42_c0.0_p90000_random_farthestpose_i90_gteval_poseopt_steps15000,0.8907,0.071127,90.0,vggt |  |  |  | ,90.0
vggt,100,42,0.0,100000,random,farthestpose,100,GT Eval,,,,Pose Opt,,,,0.0,,vggt,,,15000,15000,,MCMC,,,,,,,gsplat,17.32100486755371,0.3508612811565399,0.2641439735889435,1000000,0.014141999185085297,0.7271000742912292,"{'psnr': [15.878819465637207, 14.14185619354248, 16.05107307434082, 15.970418930053711, 15.550027847290039, 16.623451232910156, 15.94566535949707, 15.876614570617676, 18.732845306396484, 19.429346084594727, 18.04058265686035, 17.77322006225586, 16.193525314331055, 16.29488754272461, 18.973983764648438, 20.6112117767334, 18.673128128051758, 16.07052230834961, 16.89289093017578, 20.000410079956055, 20.323301315307617, 18.249181747436523, 17.046863555908203, 17.48800277709961, 16.193315505981445], 'ssim': [0.199809268116951, 0.1832856833934784, 0.2314692586660385, 0.17416693270206451, 0.24971503019332886, 0.2614684998989105, 0.19454500079154968, 0.2106676697731018, 0.309905469417572, 0.32959383726119995, 0.28242287039756775, 0.25907841324806213, 0.23308175802230835, 0.2311089038848877, 0.3077029585838318, 0.4219035804271698, 0.3336062431335449, 0.18864494562149048, 0.2541498839855194, 0.35534346103668213, 0.3368476629257202, 0.2912513017654419, 0.2698078453540802, 0.21751731634140015, 0.27650561928749084], 'lpips': [0.39187881350517273, 0.4155207872390747, 0.4697277843952179, 0.37730711698532104, 0.40153399109840393, 0.36964738368988037, 0.33803224563598633, 0.36253851652145386, 0.4123998284339905, 0.3023192286491394, 0.3383316993713379, 0.3902871012687683, 0.3363170325756073, 0.3291451334953308, 0.36637601256370544, 0.2965037226676941, 0.31539398431777954, 0.31045690178871155, 0.3097646236419678, 0.3274773061275482, 0.27300727367401123, 0.31077203154563904, 0.30559927225112915, 0.3429388105869293, 0.3782549500465393], 'depth_factor': [8.300225257873535, 8.868327140808105, 7.165162086486816, 5.965843677520752, 7.995640754699707, 7.018208980560303, 4.40632438659668, 5.039058685302734, 6.985138416290283, 6.60714864730835, 7.307492733001709, 8.801952362060547, 4.23564338684082, 3.690256118774414, 5.430690288543701, 3.92439603805542, 7.8415422439575195, 3.177424430847168, 3.0676748752593994, 5.24581241607666, 3.0427162647247314, 5.058566570281982, 3.822594165802002, 3.4345004558563232, 2.583463191986084], 'eval_rre': [0.7271000146865845, 0.7271000146865845, 0.7271000146865845, 0.7271000146865845, 0.7271000146865845, 0.7271000146865845, 0.7271000146865845, 0.7271000146865845, 0.7271000146865845, 0.7271000146865845, 0.7271000146865845, 0.7271000146865845, 0.7271000146865845, 0.7271000146865845, 0.7271000146865845, 0.7271000146865845, 0.7271000146865845, 0.7271000146865845, 0.7271000146865845, 0.7271000146865845, 0.7271000146865845, 0.7271000146865845, 0.7271000146865845, 0.7271000146865845, 0.7271000146865845], 'eval_rte': [0.014142000116407871, 0.014142000116407871, 0.014142000116407871, 0.014142000116407871, 0.014142000116407871, 0.014142000116407871, 0.014142000116407871, 0.014142000116407871, 0.014142000116407871, 0.014142000116407871, 0.014142000116407871, 0.014142000116407871, 0.014142000116407871, 0.014142000116407871, 0.014142000116407871, 0.014142000116407871, 0.014142000116407871, 0.014142000116407871, 0.014142000116407871, 0.014142000116407871, 0.014142000116407871, 0.014142000116407871, 0.014142000116407871, 0.014142000116407871, 0.014142000116407871]}",0.16508122017973817,100000,/home/ojab2/work/git/gsplat/results/vggt_outputs/bicycle_4_n100_s42_c0.0_p100000_random_farthestpose_i100_gteval_poseopt_steps15000/stats/val_step14999.json,bicycle_4_n100_s42_c0.0_p100000_random_farthestpose_i100_gteval_poseopt_steps15000,0.857,0.067143,100.0,vggt |  |  |  | ,100.0
