method,num_images,seed,conf_thres_value,num_points,sampling_mode,image_mode,num_cameras,gt_eval,use_gt_extrinsics,use_gt_intrinsics,use_gt_points,pose_opt,pose_opt_module,eval_opt,depth_loss_mode,error_opa,depth_lambda,depth_conf_mode,choice,camera_type,copy_mode,val_step,num_steps,colmap_mode,splatting_strategy,camera_src,pcd_src,align_mode,align_glue,shared_camera,keep_backup_cams,random_init,use_ba,max_ba_iterations,source,psnr,lpips,ssim,num_GS,eval_rte,eval_rre,quality,real_num_points,file_path,gsplat_file_path,folder,rre,rte,num_aligned,raw_eval_metrics,sfm_file_path,input_folder,output_folder,initial_points,plot_series,num_images_jitter
colmap,20,42,,90,,farthestpose,20,GT Eval,,,,,,,,,0.0,,colmap,,,15000,15000,default,MCMC,,,,,Shared Cam,,,,,gsplat,11.360980987548828,0.5090924501419067,0.6725369691848755,90482,0.39016732573509216,114.8832015991211,0.1958631596989721,90,/home/ojab2/work/git/gsplat/results/colmap_outputs/lego_1_n20_s42_default_farthestpose_sharedcam_i20_gteval_steps15000/stats/val_step14999.json,/home/ojab2/work/git/gsplat/results/colmap_outputs/lego_1_n20_s42_default_farthestpose_sharedcam_i20_gteval_steps15000/stats/val_step14999.json,lego_1_n20_s42_default_farthestpose_sharedcam_i20_gteval_steps15000,114.8832,0.023191,3,"{'rre': [115.15442481371458, 114.45029251182523, 115.04485804293381], 'rte': [0.034597293410217944, 0.03380108774050576, 0.00117367991965672]}",/home/ojab2/work/git/vggt/colmap_outputs/lego_1_n20_s42_default_farthestpose_sharedcam/eval_results.json,lego_1_n20_s42_default_farthestpose_sharedcam,lego_1_n20_s42_default_farthestpose_sharedcam_i20_gteval_steps15000_val_step14999.json,90,colmap | default | ,20.0
colmap,30,42,,1259,,farthestpose,30,GT Eval,,,,,,,,,0.0,,colmap,,,15000,15000,default,MCMC,,,,,Shared Cam,,,,,gsplat,11.432000160217285,0.5109090209007263,0.5735761523246765,1000000,1.2797967195510864,79.92001342773438,0.13818516686336027,1259,/home/ojab2/work/git/gsplat/results/colmap_outputs/lego_1_n30_s42_default_farthestpose_sharedcam_i30_gteval_steps15000/stats/val_step14999.json,/home/ojab2/work/git/gsplat/results/colmap_outputs/lego_1_n30_s42_default_farthestpose_sharedcam_i30_gteval_steps15000/stats/val_step14999.json,lego_1_n30_s42_default_farthestpose_sharedcam_i30_gteval_steps15000,75.8732,2.952918,18,"{'rre': [65.41847137430776, 116.89595987001464, 78.31235477598092, 56.422038954777186, 64.4532884234567, 114.22105951046849, 62.07369094284262, 116.91614032009875, 62.133245752581956, 62.252892533286094, 62.10974349247407, 115.43249121357516, 62.318866795564, 62.11958895996073, 76.30571652382483, 62.29251876467598, 62.10270753892079, 63.93686132958813], 'rte': [5.198770061130597, 2.8325071820410557, 3.616211761196474, 2.926619457892395, 4.580104776189188, 4.266687403844712, 3.064234674900497, 2.9542664701830157, 1.060769273439241, 1.0847766619828594, 3.9086953768531845, 3.6678555205316328, 0.26707023704756433, 4.019365038417877, 3.4700849929864654, 0.21007114738112795, 2.575811226945906, 3.4486232340340304]}",/home/ojab2/work/git/vggt/colmap_outputs/lego_1_n30_s42_default_farthestpose_sharedcam/eval_results.json,lego_1_n30_s42_default_farthestpose_sharedcam,lego_1_n30_s42_default_farthestpose_sharedcam_i30_gteval_steps15000_val_step14999.json,1259,colmap | default | ,30.0
colmap,40,42,,2398,,farthestpose,40,GT Eval,,,,,,,,,0.0,,colmap,,,15000,15000,default,MCMC,,,,,Shared Cam,,,,,gsplat,11.358972549438477,0.5090183019638062,0.6728047728538513,1000000,0.8739086389541626,154.728515625,0.1960283472136757,2398,/home/ojab2/work/git/gsplat/results/colmap_outputs/lego_1_n40_s42_default_farthestpose_sharedcam_i40_gteval_steps15000/stats/val_step14999.json,/home/ojab2/work/git/gsplat/results/colmap_outputs/lego_1_n40_s42_default_farthestpose_sharedcam_i40_gteval_steps15000/stats/val_step14999.json,lego_1_n40_s42_default_farthestpose_sharedcam_i40_gteval_steps15000,154.9139,3.71729,35,"{'rre': [159.09243526914167, 159.18997695485174, 152.02228541947827, 149.20255844999997, 152.27941513069152, 152.14846349089055, 160.92188980658077, 152.0988690380647, 149.0202994820596, 149.39499079076498, 159.08645694660754, 155.37558161731448, 161.63749768207876, 148.90719941408992, 160.73271448042925, 159.15702887057319, 159.10985059573076, 149.47467603057657, 159.1088078249536, 155.93601723306787, 152.04288294139204, 149.04339081821146, 158.89538650089182, 152.0914083153855, 159.07562969141472, 152.07724288730793, 152.1256809488121, 155.7871813011417, 152.10731774799694, 152.31431080751713, 159.08837922130286, 158.95249408717527, 158.44797773900805, 153.99524435079994, 152.0439406711844], 'rte': [3.8305551002569564, 3.5989048658743243, 3.6469583820740787, 3.8723824675499356, 4.065763619837913, 3.7072548458491825, 3.3191226937935236, 3.722611155646678, 3.912759870137876, 4.293169288629925, 3.0133298981371057, 3.356611803932164, 3.534643350734671, 4.127211788942395, 3.5563018669404007, 3.686428072804764, 3.277854958052638, 2.677898144790902, 4.022793887907701, 3.495819312336929, 3.8506271389089743, 4.061290826435952, 4.123326504407491, 3.6024067324728763, 3.8927240269957966, 4.151925185131918, 3.7697235943828065, 3.524750566903742, 3.991679865060756, 3.9692871216332266, 3.8794743878490436, 4.03123574765459, 3.202788258823622, 3.3929858848183763, 3.942559656160817]}",/home/ojab2/work/git/vggt/colmap_outputs/lego_1_n40_s42_default_farthestpose_sharedcam/eval_results.json,lego_1_n40_s42_default_farthestpose_sharedcam,lego_1_n40_s42_default_farthestpose_sharedcam_i40_gteval_steps15000_val_step14999.json,2398,colmap | default | ,40.0
colmap,50,42,,3914,,farthestpose,50,GT Eval,,,,,,,,,0.0,,colmap,,,15000,15000,default,MCMC,,,,,Shared Cam,,,,,gsplat,11.360930442810059,0.5088004469871521,0.6731190085411072,1000000,1.0634526014328003,170.7633514404297,0.19638284643878404,3914,/home/ojab2/work/git/gsplat/results/colmap_outputs/lego_1_n50_s42_default_farthestpose_sharedcam_i50_gteval_steps15000/stats/val_step14999.json,/home/ojab2/work/git/gsplat/results/colmap_outputs/lego_1_n50_s42_default_farthestpose_sharedcam_i50_gteval_steps15000/stats/val_step14999.json,lego_1_n50_s42_default_farthestpose_sharedcam_i50_gteval_steps15000,170.7687,3.636532,43,"{'rre': [170.99541910908226, 170.67926139930378, 170.66537357275325, 170.87023636001976, 170.71863645846852, 170.69671386771586, 170.6712193431016, 170.7091867370306, 170.7716660967105, 170.7383004501966, 170.7464767403654, 170.9703353215006, 170.69088845100734, 170.6631141785401, 170.80208826227025, 170.73020818241147, 170.7469442101529, 170.7668853515985, 170.92648179316595, 170.9162033456688, 171.29762673470327, 170.91708760110973, 170.71637113143595, 170.65688228489915, 170.63732027216042, 170.90341552280395, 170.69109302577056, 170.9839887783082, 170.63385751651106, 170.68290993533336, 170.74359005636714, 170.70798111434382, 170.8078585998565, 170.6886625985553, 170.9057817891897, 170.85650940884312, 170.66622179430829, 170.72184788220625, 170.67946738078754, 170.67642480830986, 170.69791778471307, 170.64565994931465, 170.66188180850523], 'rte': [3.8151280595449353, 3.1033857357904293, 3.8240377194596853, 4.497532503617521, 4.072510606759255, 3.6002955598523823, 2.7796030026260796, 3.426091806706396, 4.2889309380614415, 3.494964282172345, 4.473614752996314, 2.8999457372382142, 3.3388062799346363, 3.2213591514957254, 3.641208816606367, 3.487895814529665, 4.723931871642325, 3.573747735440738, 3.598895528514078, 3.1702294931998876, 3.5860400854562453, 4.058653918123958, 3.094495742610574, 4.014900071803614, 4.282618922448288, 4.180148891682354, 3.500825192605451, 3.8382697362134874, 4.376200376479405, 3.4271104710382874, 3.110579218368808, 4.041591566067325, 3.8748070072724023, 3.3256388254515037, 3.8235131011748162, 4.093874595211248, 2.800966681033391, 3.5382077758061365, 2.877057678651359, 3.5345532954488488, 3.166934110657365, 2.7098086998800954, 4.081965569413945]}",/home/ojab2/work/git/vggt/colmap_outputs/lego_1_n50_s42_default_farthestpose_sharedcam/eval_results.json,lego_1_n50_s42_default_farthestpose_sharedcam,lego_1_n50_s42_default_farthestpose_sharedcam_i50_gteval_steps15000_val_step14999.json,3914,colmap | default | ,50.0
colmap,60,42,,5276,,farthestpose,60,GT Eval,,,,,,,,,0.0,,colmap,,,15000,15000,default,MCMC,,,,,Shared Cam,,,,,gsplat,11.293022155761719,0.5136165618896484,0.6598289608955383,1000000,1.0728243589401245,88.14965057373047,0.18438041744641165,5276,/home/ojab2/work/git/gsplat/results/colmap_outputs/lego_1_n60_s42_default_farthestpose_sharedcam_i60_gteval_steps15000/stats/val_step14999.json,/home/ojab2/work/git/gsplat/results/colmap_outputs/lego_1_n60_s42_default_farthestpose_sharedcam_i60_gteval_steps15000/stats/val_step14999.json,lego_1_n60_s42_default_farthestpose_sharedcam_i60_gteval_steps15000,90.7994,3.439075,56,"{'rre': [108.90482362965619, 109.00558070133857, 75.19438316353857, 75.03163763590685, 75.15842384871033, 75.17904648085282, 109.01886404548053, 75.181603253358, 75.17452179018524, 108.96287169848239, 75.13277497446387, 108.83611053319208, 75.16470280926754, 74.79379323540712, 108.99130378416754, 108.96502641161875, 108.94433649013028, 75.20072570088199, 75.10098341637072, 108.90746989573381, 108.87421063916833, 108.75755767961864, 74.81679737937108, 75.12553657058673, 108.86480269277291, 108.99547205220289, 108.94514523314582, 75.32038103325614, 75.1585608638961, 108.7794223562504, 75.15257284197357, 108.89846331469333, 75.31664984705577, 75.12764389210811, 109.05050971310025, 75.31432682181274, 74.85941299995106, 75.12831557987172, 75.13855948653527, 108.82181007165902, 74.67871649600824, 75.11390102283853, 108.79321613621808, 108.99283056195583, 75.20738564727777, 108.98191091043596, 75.14356259627407, 108.86919211188285, 108.94386149839933, 109.00456018836681, 74.87303973384618, 108.96480897310727, 75.20173212772136, 108.95138813414803, 74.69138876732282, 75.05930426715955], 'rte': [4.50990378455571, 3.354473479716332, 3.430405074440098, 4.5599558662592, 4.172336143869414, 3.7589220041962994, 3.0990291154678156, 2.984995465387347, 3.962914245410718, 2.810987884790184, 4.303631975726095, 5.422084817535042, 2.98118475340149, 2.249125601421294, 3.313406424500934, 3.718453222290548, 3.383268507144256, 2.510281073065218, 4.794590053767223, 3.456989429889099, 5.0117284151258215, 5.323783360108426, 1.9709896769764266, 4.062907038647113, 4.325149271360093, 3.3175723321481567, 3.1084998805261015, 3.1311911912429435, 3.9541495388267536, 4.091703899859602, 3.335070633778906, 4.903534262430918, 2.962829207685063, 3.3948113090736145, 3.3359506104751504, 2.91620643244983, 1.9086831358713725, 3.985057416614515, 3.187016853982461, 4.913411942502728, 2.475381755244212, 2.6279652919193768, 3.968574468075409, 3.104869763650816, 2.9482706905471496, 2.9377075668221377, 2.0854298384339325, 3.427607269209689, 3.1284658693068272, 2.78829738433397, 1.7550749334084192, 3.2175694101027217, 4.171636616956484, 2.9398985611976394, 2.4911539659775364, 2.6030968616381243]}",/home/ojab2/work/git/vggt/colmap_outputs/lego_1_n60_s42_default_farthestpose_sharedcam/eval_results.json,lego_1_n60_s42_default_farthestpose_sharedcam,lego_1_n60_s42_default_farthestpose_sharedcam_i60_gteval_steps15000_val_step14999.json,5276,colmap | default | ,60.0
colmap,70,42,,7387,,farthestpose,70,GT Eval,,,,,,,,,0.0,,colmap,,,15000,15000,default,MCMC,,,,,Shared Cam,,,,,gsplat,10.89842414855957,0.5143102407455444,0.6458036303520203,1000000,1.0577585697174072,99.15815734863281,0.16844290243177307,7387,/home/ojab2/work/git/gsplat/results/colmap_outputs/lego_1_n70_s42_default_farthestpose_sharedcam_i70_gteval_steps15000/stats/val_step14999.json,/home/ojab2/work/git/gsplat/results/colmap_outputs/lego_1_n70_s42_default_farthestpose_sharedcam_i70_gteval_steps15000/stats/val_step14999.json,lego_1_n70_s42_default_farthestpose_sharedcam_i70_gteval_steps15000,76.4292,3.071785,70,"{'rre': [31.458381992000298, 31.721974168815997, 31.634460621567513, 31.65229906701109, 156.96939736544886, 156.9931861909486, 156.97110290592624, 157.01138733354824, 31.799873412581796, 157.02327556276208, 157.10070737249873, 31.700815577186127, 157.01924071581595, 31.367350627958533, 31.62118701311153, 156.9962495069484, 31.79590951676567, 31.682836590961116, 31.68850218161817, 156.93786469446087, 31.551204429508935, 31.692211704709294, 156.93491119457613, 31.67966271306473, 157.0226719367785, 31.650173305380576, 31.4589566220444, 31.520571814006605, 156.9521780206202, 31.670271937991235, 156.92249878621828, 31.717328783309323, 31.57881755895676, 31.490537722636024, 31.651604451069456, 31.69253900061257, 157.11799849334554, 31.660669708526655, 157.08296473449775, 31.389413820706277, 31.64191180068584, 156.97191988330965, 31.442908621158818, 157.21692386277974, 31.747335435444985, 156.95075490980247, 31.648371889750635, 157.12829425700596, 31.697057590502492, 157.00049618300346, 156.97031344431926, 31.4068993563823, 31.477209824147298, 33.017067296508024, 31.413017254033562, 31.669194529635263, 31.685936275854036, 157.06437479622656, 31.641694712597637, 157.00463299578493, 31.669468198419494, 31.587062092697437, 31.689167567958794, 31.71510308726407, 31.655778725931352, 31.669108956760844, 157.03421946376565, 31.678827734818167, 32.0220973462408, 156.94507939782744], 'rte': [3.424929076397738, 2.307532967015176, 2.258880475212913, 2.0887011013530343, 4.6389982786311235, 5.260933811812278, 4.732957188462203, 4.5445814502619255, 2.206082725162192, 4.244301361110411, 4.441331080326744, 1.5419215136063902, 4.838352535874055, 3.652166956954745, 2.7327304996625696, 4.090622267436086, 1.6196077106968239, 0.975901032607784, 2.8324630612648636, 3.0615385052048536, 2.9562378510046283, 2.914697287626241, 3.350864290993709, 1.8753122642315894, 5.512370163818035, 2.975118306420877, 3.6495299296261647, 3.6906527164101033, 3.0359027855095166, 1.0782604811526089, 2.057215472457597, 2.1496205233296837, 2.7291482063690617, 3.464991016799585, 2.684997647512906, 2.669641063930798, 4.68792633421726, 1.9007900031985587, 4.436649115609375, 3.4500695205131993, 2.5034516140629335, 4.487334083356972, 3.6832514664687035, 4.804512418522519, 2.216089364328439, 4.160354411446048, 2.6780120337852606, 4.644448322269229, 1.171710476636887, 4.602429334408083, 4.079928323523714, 3.682992087577757, 1.6943032500660822, 1.4911218330519629, 3.3684738176058566, 2.0114930107066322, 2.5104804357576134, 3.4345707249494977, 2.4876160697143064, 3.361422070042395, 3.0238872986328165, 1.381633951857216, 2.692046778322207, 2.3061126607586577, 1.1183571273528619, 2.718241372308683, 4.727697082789183, 2.5018669117305206, 1.76214672480336, 2.9544583919515146]}",/home/ojab2/work/git/vggt/colmap_outputs/lego_1_n70_s42_default_farthestpose_sharedcam/eval_results.json,lego_1_n70_s42_default_farthestpose_sharedcam,lego_1_n70_s42_default_farthestpose_sharedcam_i70_gteval_steps15000_val_step14999.json,7387,colmap | default | ,70.0
colmap,80,42,,9496,,farthestpose,80,GT Eval,,,,,,,,,0.0,,colmap,,,15000,15000,default,MCMC,,,,,Shared Cam,,,,,gsplat,10.611348152160645,0.5267734527587891,0.5255221724510193,1000000,0.28962501883506775,16.28804588317871,0.08509330566708653,9496,/home/ojab2/work/git/gsplat/results/colmap_outputs/lego_1_n80_s42_default_farthestpose_sharedcam_i80_gteval_steps15000/stats/val_step14999.json,/home/ojab2/work/git/gsplat/results/colmap_outputs/lego_1_n80_s42_default_farthestpose_sharedcam_i80_gteval_steps15000/stats/val_step14999.json,lego_1_n80_s42_default_farthestpose_sharedcam_i80_gteval_steps15000,13.712,0.865246,80,"{'rre': [2.7723807158588762, 2.8630677482273788, 2.689762200599454, 2.7217990960837186, 2.389145313440103, 2.7272721189118756, 179.9399734458409, 2.613712122850897, 2.612645610350244, 2.4431778807128257, 2.861871736612793, 2.4499228357361105, 2.6595100788847614, 179.3666387612892, 2.7064432251352453, 178.66657088057093, 2.7582003837323312, 2.69872378027489, 2.484196655149198, 2.588503560104929, 2.6998879028365654, 2.7887498342724713, 2.565668606969824, 2.738233430600263, 2.7342907944608057, 2.5439294336149, 2.626195925790322, 2.700393221950636, 179.9180077082305, 2.714733055041589, 2.737398900975601, 3.028084283785761, 2.560119305035581, 2.6881824645021832, 2.6353681478079927, 2.676585631993458, 2.5852591026356646, 2.8077915416913766, 2.5931187531720354, 2.780040061573765, 2.7741892089073183, 2.735910778366605, 2.3672670154003783, 2.684801568037759, 2.6790974916762145, 179.02791005194376, 2.7869515665642592, 2.6852572058263844, 2.4464979717282205, 2.7831923595270585, 2.403535991970469, 2.704683623605638, 2.577447060757344, 2.6427522522101277, 2.433471833667591, 2.6602354895676714, 2.6168980459558373, 2.579948870291644, 2.7927515119917503, 2.789704711981486, 2.6335309968814635, 2.771999172690446, 2.6795744588275414, 2.780502072636507, 2.532120950831585, 2.723943118039492, 2.748530558196957, 2.5963151976862506, 2.8340437474773434, 2.624830705814065, 2.6589550214275652, 2.7578694481890156, 2.7944398353324833, 2.662523067426186, 2.65899183934618, 2.687994082895228, 2.4257289229625583, 2.803121493018315, 2.7038669254615915, 2.574559241476831], 'rte': [0.5892171647711255, 0.8128343954970361, 0.2826924311740259, 0.3598342023164551, 0.5516642973366503, 0.5153958005396115, 6.228683198749305, 0.35824731697709, 0.21027555940247572, 0.4077447670823583, 0.775076893268304, 0.4603302286202422, 0.4781225932722333, 5.622373382373415, 0.6703424891260588, 6.625841098724047, 0.491534284347333, 0.41703487577667914, 0.4146841733552039, 0.6854111639514899, 0.5160377166982499, 0.8020659246865893, 0.31028400212035384, 0.5909624638191088, 0.7101363887188307, 0.33326243973345704, 0.2060161467080212, 0.3167627884754263, 6.542538475069839, 0.7088657628399244, 0.5707996861633706, 0.5411072864484466, 0.25918285738825025, 0.5449175925412928, 0.509547040958754, 0.24882221618020606, 0.20530956930524102, 0.6223018480166458, 0.3032417181545659, 0.6416929691694785, 0.8235151076710504, 0.6872590697296811, 0.5930506203103824, 0.2704536158135701, 0.5537663655500059, 5.898386778670739, 0.6926193901922557, 0.3578860074424438, 0.48293055437767773, 0.5994851577689855, 0.6360514529171891, 0.4851821073161708, 0.3196427499065228, 0.8298079443317093, 0.5887079107526335, 0.5771944149296951, 0.3380863415190836, 0.35566122747940104, 0.5964197863329751, 0.6288068615643666, 0.11469035423425798, 0.6961706733198726, 0.304647382459881, 0.7758899207587541, 0.21087522346675844, 0.33731443732988875, 0.7183345134280702, 0.44167291033026196, 0.8031211309886077, 0.3051292728806132, 0.5660287782933242, 0.7105084169260986, 0.7129345706265175, 0.5716733298175944, 0.5464226764893612, 0.6484393340133825, 0.4408819254581287, 0.7100612323134171, 0.6412538096375432, 0.20754872457317702]}",/home/ojab2/work/git/vggt/colmap_outputs/lego_1_n80_s42_default_farthestpose_sharedcam/eval_results.json,lego_1_n80_s42_default_farthestpose_sharedcam,lego_1_n80_s42_default_farthestpose_sharedcam_i80_gteval_steps15000_val_step14999.json,9496,colmap | default | ,80.0
colmap,87,42,,10350,,farthestpose,87,GT Eval,,,,,,,,,0.0,,colmap,,,15000,15000,default,MCMC,,,,,Shared Cam,,,,,gsplat,10.700383186340332,0.5189155340194702,0.5321635603904724,1000000,0.23999889194965363,12.794140815734863,0.09547652231554773,10350,/home/ojab2/work/git/gsplat/results/colmap_outputs/lego_1_n87_s42_default_farthestpose_sharedcam_i87_gteval_steps15000/stats/val_step14999.json,/home/ojab2/work/git/gsplat/results/colmap_outputs/lego_1_n87_s42_default_farthestpose_sharedcam_i87_gteval_steps15000/stats/val_step14999.json,lego_1_n87_s42_default_farthestpose_sharedcam_i87_gteval_steps15000,12.7941,0.784629,87,"{'rre': [2.812505226335061, 2.8615148811042546, 2.7083569224785355, 2.731301662421885, 2.3925702947242726, 2.7220578186940485, 179.238161316556, 2.5003858562087613, 2.62940268900411, 2.4313211552139498, 2.9080203889284015, 2.4863210524084787, 2.682900342664081, 178.87125361892583, 2.584374472068911, 178.24902152615473, 2.830674889396783, 2.7213144128392144, 2.483259305589438, 2.5835768075914882, 2.703847605513599, 2.711170715045882, 2.755483310080279, 2.515096417034729, 2.7576823376083617, 2.7726098353916204, 2.5415239153864846, 2.6092513166658255, 2.714992854130909, 179.2256145727285, 2.7536509774573372, 2.8056487239077343, 3.07140190090349, 2.4973273388197392, 2.631292031547698, 2.577283968776697, 2.66869478393277, 2.6537293390344336, 2.5949105607900544, 2.7791290294746243, 2.6352527942268162, 2.8015406891724615, 2.834626464995434, 2.7864728831587136, 2.3781013488362266, 2.739784007358475, 2.684570968085575, 2.684724152113659, 178.5657247558751, 2.819287216426631, 2.6999003141860958, 2.733182089893669, 2.444577645915626, 2.8254942047759264, 2.4071336700931387, 2.708681701035011, 2.528949171922946, 2.691357839229612, 2.6950462528867063, 2.4446458609188206, 2.65784855788289, 2.5883659768507763, 2.5344943395241843, 2.8325219723627875, 2.6927027298722432, 2.65585740565189, 2.819016534782458, 2.704333259277716, 2.7929369373038515, 2.515463858136783, 2.7376075040545915, 2.752928407043641, 2.5778908314087112, 2.8938558062675734, 2.5850494516760048, 2.647441752478061, 2.668822938642493, 2.784691991651652, 2.819285810015846, 2.7057756022650956, 2.6994236896668107, 2.637506492744213, 2.7151592381510468, 2.390553850274044, 2.8032949909194884, 2.4511320811499915, 2.549228170787031], 'rte': [0.5395539819899583, 0.7583987793996947, 0.24914185086072596, 0.3183724285515001, 0.512217663766166, 0.46846389470703476, 6.193088593350093, 0.3423172538356324, 0.18190406643040702, 0.38573860791656245, 0.7198010606892543, 0.4261942404865421, 0.43662984814826306, 5.529797076494644, 0.6251677105012724, 6.5794254751142764, 0.45640390660750174, 0.37652885972289235, 0.38449927687547336, 0.6378281896814589, 0.47254777905031997, 0.3998800412418077, 0.7445129557899923, 0.29001411662318527, 0.5405010958854893, 0.6521633260392252, 0.31121066060168334, 0.17739585173705277, 0.27778388270490423, 6.525213708631862, 0.6507070418596674, 0.5248849758104827, 0.5021464907275117, 0.24343414841602035, 0.5005114089048188, 0.47391693143291713, 0.21512943482667699, 0.3361076705172132, 0.18372842741872397, 0.5704955983576685, 0.2773432304374415, 0.5905771748439252, 0.7654345976854257, 0.6298673408468032, 0.5503820899251131, 0.32573494552773125, 0.2353897998927512, 0.5038589347103016, 5.8063141833732, 0.6381600062921174, 0.31931955725275407, 0.38427721051928887, 0.44835416450772525, 0.5525629119077108, 0.5926047127759647, 0.43756950181016574, 0.3028065501241925, 0.771897270409495, 0.300855096975846, 0.5445376872048914, 0.534920572670525, 0.3284623594053005, 0.3338727006028463, 0.5497473123399311, 0.5893477593932691, 0.09183978675294566, 0.6405576430350391, 0.2666159553115802, 0.7180296773166749, 0.2048301559004451, 0.29613281559492893, 0.6614731000105608, 0.41086146397388473, 0.7445810854530425, 0.28178692989460247, 0.5189647198701699, 0.2761330147480802, 0.6533851295137925, 0.6564959919105805, 0.3158911536393232, 0.5258735888138902, 0.5008467410030343, 0.5931882529091728, 0.41841738303870224, 0.6542297109388927, 0.6094785237529742, 0.19519605379260116]}",/home/ojab2/work/git/vggt/colmap_outputs/lego_1_n87_s42_default_farthestpose_sharedcam/eval_results.json,lego_1_n87_s42_default_farthestpose_sharedcam,lego_1_n87_s42_default_farthestpose_sharedcam_i87_gteval_steps15000_val_step14999.json,10350,colmap | default | ,87.0
colmap,20,42,,90,,farthestpose,20,GT Eval,,,,Pose Opt,,,,,0.0,,colmap,,,15000,15000,default,MCMC,,,,,Shared Cam,,,,,gsplat,11.361332893371582,0.508928120136261,0.6729114651679993,90482,0.48615768551826477,103.01089477539062,0.19619011824746038,90,/home/ojab2/work/git/gsplat/results/colmap_outputs/lego_1_n20_s42_default_farthestpose_sharedcam_i20_gteval_poseopt_steps15000/stats/val_step14999.json,/home/ojab2/work/git/gsplat/results/colmap_outputs/lego_1_n20_s42_default_farthestpose_sharedcam_i20_gteval_poseopt_steps15000/stats/val_step14999.json,lego_1_n20_s42_default_farthestpose_sharedcam_i20_gteval_poseopt_steps15000,114.8832,0.023191,3,"{'rre': [115.15442481371458, 114.45029251182523, 115.04485804293381], 'rte': [0.034597293410217944, 0.03380108774050576, 0.00117367991965672]}",/home/ojab2/work/git/vggt/colmap_outputs/lego_1_n20_s42_default_farthestpose_sharedcam/eval_results.json,lego_1_n20_s42_default_farthestpose_sharedcam,lego_1_n20_s42_default_farthestpose_sharedcam_i20_gteval_poseopt_steps15000_val_step14999.json,90,colmap | default | Pose Opt,20.0
colmap,30,42,,1259,,farthestpose,30,GT Eval,,,,Pose Opt,,,,,0.0,,colmap,,,15000,15000,default,MCMC,,,,,Shared Cam,,,,,gsplat,10.958738327026367,0.5626794099807739,0.5234756469726562,1000000,1.2641798257827759,79.80362701416016,0.0681654874034483,1259,/home/ojab2/work/git/gsplat/results/colmap_outputs/lego_1_n30_s42_default_farthestpose_sharedcam_i30_gteval_poseopt_steps15000/stats/val_step14999.json,/home/ojab2/work/git/gsplat/results/colmap_outputs/lego_1_n30_s42_default_farthestpose_sharedcam_i30_gteval_poseopt_steps15000/stats/val_step14999.json,lego_1_n30_s42_default_farthestpose_sharedcam_i30_gteval_poseopt_steps15000,75.8732,2.952918,18,"{'rre': [65.41847137430776, 116.89595987001464, 78.31235477598092, 56.422038954777186, 64.4532884234567, 114.22105951046849, 62.07369094284262, 116.91614032009875, 62.133245752581956, 62.252892533286094, 62.10974349247407, 115.43249121357516, 62.318866795564, 62.11958895996073, 76.30571652382483, 62.29251876467598, 62.10270753892079, 63.93686132958813], 'rte': [5.198770061130597, 2.8325071820410557, 3.616211761196474, 2.926619457892395, 4.580104776189188, 4.266687403844712, 3.064234674900497, 2.9542664701830157, 1.060769273439241, 1.0847766619828594, 3.9086953768531845, 3.6678555205316328, 0.26707023704756433, 4.019365038417877, 3.4700849929864654, 0.21007114738112795, 2.575811226945906, 3.4486232340340304]}",/home/ojab2/work/git/vggt/colmap_outputs/lego_1_n30_s42_default_farthestpose_sharedcam/eval_results.json,lego_1_n30_s42_default_farthestpose_sharedcam,lego_1_n30_s42_default_farthestpose_sharedcam_i30_gteval_poseopt_steps15000_val_step14999.json,1259,colmap | default | Pose Opt,30.0
colmap,40,42,,2398,,farthestpose,40,GT Eval,,,,Pose Opt,,,,,0.0,,colmap,,,15000,15000,default,MCMC,,,,,Shared Cam,,,,,gsplat,11.354761123657227,0.5090650320053101,0.6729211807250977,1000000,0.8730758428573608,151.5666046142578,0.19598958692123084,2398,/home/ojab2/work/git/gsplat/results/colmap_outputs/lego_1_n40_s42_default_farthestpose_sharedcam_i40_gteval_poseopt_steps15000/stats/val_step14999.json,/home/ojab2/work/git/gsplat/results/colmap_outputs/lego_1_n40_s42_default_farthestpose_sharedcam_i40_gteval_poseopt_steps15000/stats/val_step14999.json,lego_1_n40_s42_default_farthestpose_sharedcam_i40_gteval_poseopt_steps15000,154.9139,3.71729,35,"{'rre': [159.09243526914167, 159.18997695485174, 152.02228541947827, 149.20255844999997, 152.27941513069152, 152.14846349089055, 160.92188980658077, 152.0988690380647, 149.0202994820596, 149.39499079076498, 159.08645694660754, 155.37558161731448, 161.63749768207876, 148.90719941408992, 160.73271448042925, 159.15702887057319, 159.10985059573076, 149.47467603057657, 159.1088078249536, 155.93601723306787, 152.04288294139204, 149.04339081821146, 158.89538650089182, 152.0914083153855, 159.07562969141472, 152.07724288730793, 152.1256809488121, 155.7871813011417, 152.10731774799694, 152.31431080751713, 159.08837922130286, 158.95249408717527, 158.44797773900805, 153.99524435079994, 152.0439406711844], 'rte': [3.8305551002569564, 3.5989048658743243, 3.6469583820740787, 3.8723824675499356, 4.065763619837913, 3.7072548458491825, 3.3191226937935236, 3.722611155646678, 3.912759870137876, 4.293169288629925, 3.0133298981371057, 3.356611803932164, 3.534643350734671, 4.127211788942395, 3.5563018669404007, 3.686428072804764, 3.277854958052638, 2.677898144790902, 4.022793887907701, 3.495819312336929, 3.8506271389089743, 4.061290826435952, 4.123326504407491, 3.6024067324728763, 3.8927240269957966, 4.151925185131918, 3.7697235943828065, 3.524750566903742, 3.991679865060756, 3.9692871216332266, 3.8794743878490436, 4.03123574765459, 3.202788258823622, 3.3929858848183763, 3.942559656160817]}",/home/ojab2/work/git/vggt/colmap_outputs/lego_1_n40_s42_default_farthestpose_sharedcam/eval_results.json,lego_1_n40_s42_default_farthestpose_sharedcam,lego_1_n40_s42_default_farthestpose_sharedcam_i40_gteval_poseopt_steps15000_val_step14999.json,2398,colmap | default | Pose Opt,40.0
colmap,50,42,,3914,,farthestpose,50,GT Eval,,,,Pose Opt,,,,,0.0,,colmap,,,15000,15000,default,MCMC,,,,,Shared Cam,,,,,gsplat,11.360930442810059,0.5087997913360596,0.673119068145752,1000000,1.063043475151062,170.7255859375,0.1963832860181981,3914,/home/ojab2/work/git/gsplat/results/colmap_outputs/lego_1_n50_s42_default_farthestpose_sharedcam_i50_gteval_poseopt_steps15000/stats/val_step14999.json,/home/ojab2/work/git/gsplat/results/colmap_outputs/lego_1_n50_s42_default_farthestpose_sharedcam_i50_gteval_poseopt_steps15000/stats/val_step14999.json,lego_1_n50_s42_default_farthestpose_sharedcam_i50_gteval_poseopt_steps15000,170.7687,3.636532,43,"{'rre': [170.99541910908226, 170.67926139930378, 170.66537357275325, 170.87023636001976, 170.71863645846852, 170.69671386771586, 170.6712193431016, 170.7091867370306, 170.7716660967105, 170.7383004501966, 170.7464767403654, 170.9703353215006, 170.69088845100734, 170.6631141785401, 170.80208826227025, 170.73020818241147, 170.7469442101529, 170.7668853515985, 170.92648179316595, 170.9162033456688, 171.29762673470327, 170.91708760110973, 170.71637113143595, 170.65688228489915, 170.63732027216042, 170.90341552280395, 170.69109302577056, 170.9839887783082, 170.63385751651106, 170.68290993533336, 170.74359005636714, 170.70798111434382, 170.8078585998565, 170.6886625985553, 170.9057817891897, 170.85650940884312, 170.66622179430829, 170.72184788220625, 170.67946738078754, 170.67642480830986, 170.69791778471307, 170.64565994931465, 170.66188180850523], 'rte': [3.8151280595449353, 3.1033857357904293, 3.8240377194596853, 4.497532503617521, 4.072510606759255, 3.6002955598523823, 2.7796030026260796, 3.426091806706396, 4.2889309380614415, 3.494964282172345, 4.473614752996314, 2.8999457372382142, 3.3388062799346363, 3.2213591514957254, 3.641208816606367, 3.487895814529665, 4.723931871642325, 3.573747735440738, 3.598895528514078, 3.1702294931998876, 3.5860400854562453, 4.058653918123958, 3.094495742610574, 4.014900071803614, 4.282618922448288, 4.180148891682354, 3.500825192605451, 3.8382697362134874, 4.376200376479405, 3.4271104710382874, 3.110579218368808, 4.041591566067325, 3.8748070072724023, 3.3256388254515037, 3.8235131011748162, 4.093874595211248, 2.800966681033391, 3.5382077758061365, 2.877057678651359, 3.5345532954488488, 3.166934110657365, 2.7098086998800954, 4.081965569413945]}",/home/ojab2/work/git/vggt/colmap_outputs/lego_1_n50_s42_default_farthestpose_sharedcam/eval_results.json,lego_1_n50_s42_default_farthestpose_sharedcam,lego_1_n50_s42_default_farthestpose_sharedcam_i50_gteval_poseopt_steps15000_val_step14999.json,3914,colmap | default | Pose Opt,50.0
colmap,60,42,,5276,,farthestpose,60,GT Eval,,,,Pose Opt,,,,,0.0,,colmap,,,15000,15000,default,MCMC,,,,,Shared Cam,,,,,gsplat,11.253920555114746,0.514018177986145,0.6594834327697754,1000000,1.0745184421539307,88.57246398925781,0.1832063393286097,5276,/home/ojab2/work/git/gsplat/results/colmap_outputs/lego_1_n60_s42_default_farthestpose_sharedcam_i60_gteval_poseopt_steps15000/stats/val_step14999.json,/home/ojab2/work/git/gsplat/results/colmap_outputs/lego_1_n60_s42_default_farthestpose_sharedcam_i60_gteval_poseopt_steps15000/stats/val_step14999.json,lego_1_n60_s42_default_farthestpose_sharedcam_i60_gteval_poseopt_steps15000,90.7994,3.439075,56,"{'rre': [108.90482362965619, 109.00558070133857, 75.19438316353857, 75.03163763590685, 75.15842384871033, 75.17904648085282, 109.01886404548053, 75.181603253358, 75.17452179018524, 108.96287169848239, 75.13277497446387, 108.83611053319208, 75.16470280926754, 74.79379323540712, 108.99130378416754, 108.96502641161875, 108.94433649013028, 75.20072570088199, 75.10098341637072, 108.90746989573381, 108.87421063916833, 108.75755767961864, 74.81679737937108, 75.12553657058673, 108.86480269277291, 108.99547205220289, 108.94514523314582, 75.32038103325614, 75.1585608638961, 108.7794223562504, 75.15257284197357, 108.89846331469333, 75.31664984705577, 75.12764389210811, 109.05050971310025, 75.31432682181274, 74.85941299995106, 75.12831557987172, 75.13855948653527, 108.82181007165902, 74.67871649600824, 75.11390102283853, 108.79321613621808, 108.99283056195583, 75.20738564727777, 108.98191091043596, 75.14356259627407, 108.86919211188285, 108.94386149839933, 109.00456018836681, 74.87303973384618, 108.96480897310727, 75.20173212772136, 108.95138813414803, 74.69138876732282, 75.05930426715955], 'rte': [4.50990378455571, 3.354473479716332, 3.430405074440098, 4.5599558662592, 4.172336143869414, 3.7589220041962994, 3.0990291154678156, 2.984995465387347, 3.962914245410718, 2.810987884790184, 4.303631975726095, 5.422084817535042, 2.98118475340149, 2.249125601421294, 3.313406424500934, 3.718453222290548, 3.383268507144256, 2.510281073065218, 4.794590053767223, 3.456989429889099, 5.0117284151258215, 5.323783360108426, 1.9709896769764266, 4.062907038647113, 4.325149271360093, 3.3175723321481567, 3.1084998805261015, 3.1311911912429435, 3.9541495388267536, 4.091703899859602, 3.335070633778906, 4.903534262430918, 2.962829207685063, 3.3948113090736145, 3.3359506104751504, 2.91620643244983, 1.9086831358713725, 3.985057416614515, 3.187016853982461, 4.913411942502728, 2.475381755244212, 2.6279652919193768, 3.968574468075409, 3.104869763650816, 2.9482706905471496, 2.9377075668221377, 2.0854298384339325, 3.427607269209689, 3.1284658693068272, 2.78829738433397, 1.7550749334084192, 3.2175694101027217, 4.171636616956484, 2.9398985611976394, 2.4911539659775364, 2.6030968616381243]}",/home/ojab2/work/git/vggt/colmap_outputs/lego_1_n60_s42_default_farthestpose_sharedcam/eval_results.json,lego_1_n60_s42_default_farthestpose_sharedcam,lego_1_n60_s42_default_farthestpose_sharedcam_i60_gteval_poseopt_steps15000_val_step14999.json,5276,colmap | default | Pose Opt,60.0
colmap,70,42,,7387,,farthestpose,70,GT Eval,,,,Pose Opt,,,,,0.0,,colmap,,,15000,15000,default,MCMC,,,,,Shared Cam,,,,,gsplat,10.882709503173828,0.5132065415382385,0.6480488181114197,1000000,1.0575501918792725,98.82576751708984,0.1701461615850586,7387,/home/ojab2/work/git/gsplat/results/colmap_outputs/lego_1_n70_s42_default_farthestpose_sharedcam_i70_gteval_poseopt_steps15000/stats/val_step14999.json,/home/ojab2/work/git/gsplat/results/colmap_outputs/lego_1_n70_s42_default_farthestpose_sharedcam_i70_gteval_poseopt_steps15000/stats/val_step14999.json,lego_1_n70_s42_default_farthestpose_sharedcam_i70_gteval_poseopt_steps15000,76.4292,3.071785,70,"{'rre': [31.458381992000298, 31.721974168815997, 31.634460621567513, 31.65229906701109, 156.96939736544886, 156.9931861909486, 156.97110290592624, 157.01138733354824, 31.799873412581796, 157.02327556276208, 157.10070737249873, 31.700815577186127, 157.01924071581595, 31.367350627958533, 31.62118701311153, 156.9962495069484, 31.79590951676567, 31.682836590961116, 31.68850218161817, 156.93786469446087, 31.551204429508935, 31.692211704709294, 156.93491119457613, 31.67966271306473, 157.0226719367785, 31.650173305380576, 31.4589566220444, 31.520571814006605, 156.9521780206202, 31.670271937991235, 156.92249878621828, 31.717328783309323, 31.57881755895676, 31.490537722636024, 31.651604451069456, 31.69253900061257, 157.11799849334554, 31.660669708526655, 157.08296473449775, 31.389413820706277, 31.64191180068584, 156.97191988330965, 31.442908621158818, 157.21692386277974, 31.747335435444985, 156.95075490980247, 31.648371889750635, 157.12829425700596, 31.697057590502492, 157.00049618300346, 156.97031344431926, 31.4068993563823, 31.477209824147298, 33.017067296508024, 31.413017254033562, 31.669194529635263, 31.685936275854036, 157.06437479622656, 31.641694712597637, 157.00463299578493, 31.669468198419494, 31.587062092697437, 31.689167567958794, 31.71510308726407, 31.655778725931352, 31.669108956760844, 157.03421946376565, 31.678827734818167, 32.0220973462408, 156.94507939782744], 'rte': [3.424929076397738, 2.307532967015176, 2.258880475212913, 2.0887011013530343, 4.6389982786311235, 5.260933811812278, 4.732957188462203, 4.5445814502619255, 2.206082725162192, 4.244301361110411, 4.441331080326744, 1.5419215136063902, 4.838352535874055, 3.652166956954745, 2.7327304996625696, 4.090622267436086, 1.6196077106968239, 0.975901032607784, 2.8324630612648636, 3.0615385052048536, 2.9562378510046283, 2.914697287626241, 3.350864290993709, 1.8753122642315894, 5.512370163818035, 2.975118306420877, 3.6495299296261647, 3.6906527164101033, 3.0359027855095166, 1.0782604811526089, 2.057215472457597, 2.1496205233296837, 2.7291482063690617, 3.464991016799585, 2.684997647512906, 2.669641063930798, 4.68792633421726, 1.9007900031985587, 4.436649115609375, 3.4500695205131993, 2.5034516140629335, 4.487334083356972, 3.6832514664687035, 4.804512418522519, 2.216089364328439, 4.160354411446048, 2.6780120337852606, 4.644448322269229, 1.171710476636887, 4.602429334408083, 4.079928323523714, 3.682992087577757, 1.6943032500660822, 1.4911218330519629, 3.3684738176058566, 2.0114930107066322, 2.5104804357576134, 3.4345707249494977, 2.4876160697143064, 3.361422070042395, 3.0238872986328165, 1.381633951857216, 2.692046778322207, 2.3061126607586577, 1.1183571273528619, 2.718241372308683, 4.727697082789183, 2.5018669117305206, 1.76214672480336, 2.9544583919515146]}",/home/ojab2/work/git/vggt/colmap_outputs/lego_1_n70_s42_default_farthestpose_sharedcam/eval_results.json,lego_1_n70_s42_default_farthestpose_sharedcam,lego_1_n70_s42_default_farthestpose_sharedcam_i70_gteval_poseopt_steps15000_val_step14999.json,7387,colmap | default | Pose Opt,70.0
colmap,80,42,,9496,,farthestpose,80,GT Eval,,,,Pose Opt,,,,,0.0,,colmap,,,15000,15000,default,MCMC,,,,,Shared Cam,,,,,gsplat,10.60762882232666,0.5252785086631775,0.5261194109916687,1000000,0.28816163539886475,16.322282791137695,0.08629649649044382,9496,/home/ojab2/work/git/gsplat/results/colmap_outputs/lego_1_n80_s42_default_farthestpose_sharedcam_i80_gteval_poseopt_steps15000/stats/val_step14999.json,/home/ojab2/work/git/gsplat/results/colmap_outputs/lego_1_n80_s42_default_farthestpose_sharedcam_i80_gteval_poseopt_steps15000/stats/val_step14999.json,lego_1_n80_s42_default_farthestpose_sharedcam_i80_gteval_poseopt_steps15000,13.712,0.865246,80,"{'rre': [2.7723807158588762, 2.8630677482273788, 2.689762200599454, 2.7217990960837186, 2.389145313440103, 2.7272721189118756, 179.9399734458409, 2.613712122850897, 2.612645610350244, 2.4431778807128257, 2.861871736612793, 2.4499228357361105, 2.6595100788847614, 179.3666387612892, 2.7064432251352453, 178.66657088057093, 2.7582003837323312, 2.69872378027489, 2.484196655149198, 2.588503560104929, 2.6998879028365654, 2.7887498342724713, 2.565668606969824, 2.738233430600263, 2.7342907944608057, 2.5439294336149, 2.626195925790322, 2.700393221950636, 179.9180077082305, 2.714733055041589, 2.737398900975601, 3.028084283785761, 2.560119305035581, 2.6881824645021832, 2.6353681478079927, 2.676585631993458, 2.5852591026356646, 2.8077915416913766, 2.5931187531720354, 2.780040061573765, 2.7741892089073183, 2.735910778366605, 2.3672670154003783, 2.684801568037759, 2.6790974916762145, 179.02791005194376, 2.7869515665642592, 2.6852572058263844, 2.4464979717282205, 2.7831923595270585, 2.403535991970469, 2.704683623605638, 2.577447060757344, 2.6427522522101277, 2.433471833667591, 2.6602354895676714, 2.6168980459558373, 2.579948870291644, 2.7927515119917503, 2.789704711981486, 2.6335309968814635, 2.771999172690446, 2.6795744588275414, 2.780502072636507, 2.532120950831585, 2.723943118039492, 2.748530558196957, 2.5963151976862506, 2.8340437474773434, 2.624830705814065, 2.6589550214275652, 2.7578694481890156, 2.7944398353324833, 2.662523067426186, 2.65899183934618, 2.687994082895228, 2.4257289229625583, 2.803121493018315, 2.7038669254615915, 2.574559241476831], 'rte': [0.5892171647711255, 0.8128343954970361, 0.2826924311740259, 0.3598342023164551, 0.5516642973366503, 0.5153958005396115, 6.228683198749305, 0.35824731697709, 0.21027555940247572, 0.4077447670823583, 0.775076893268304, 0.4603302286202422, 0.4781225932722333, 5.622373382373415, 0.6703424891260588, 6.625841098724047, 0.491534284347333, 0.41703487577667914, 0.4146841733552039, 0.6854111639514899, 0.5160377166982499, 0.8020659246865893, 0.31028400212035384, 0.5909624638191088, 0.7101363887188307, 0.33326243973345704, 0.2060161467080212, 0.3167627884754263, 6.542538475069839, 0.7088657628399244, 0.5707996861633706, 0.5411072864484466, 0.25918285738825025, 0.5449175925412928, 0.509547040958754, 0.24882221618020606, 0.20530956930524102, 0.6223018480166458, 0.3032417181545659, 0.6416929691694785, 0.8235151076710504, 0.6872590697296811, 0.5930506203103824, 0.2704536158135701, 0.5537663655500059, 5.898386778670739, 0.6926193901922557, 0.3578860074424438, 0.48293055437767773, 0.5994851577689855, 0.6360514529171891, 0.4851821073161708, 0.3196427499065228, 0.8298079443317093, 0.5887079107526335, 0.5771944149296951, 0.3380863415190836, 0.35566122747940104, 0.5964197863329751, 0.6288068615643666, 0.11469035423425798, 0.6961706733198726, 0.304647382459881, 0.7758899207587541, 0.21087522346675844, 0.33731443732988875, 0.7183345134280702, 0.44167291033026196, 0.8031211309886077, 0.3051292728806132, 0.5660287782933242, 0.7105084169260986, 0.7129345706265175, 0.5716733298175944, 0.5464226764893612, 0.6484393340133825, 0.4408819254581287, 0.7100612323134171, 0.6412538096375432, 0.20754872457317702]}",/home/ojab2/work/git/vggt/colmap_outputs/lego_1_n80_s42_default_farthestpose_sharedcam/eval_results.json,lego_1_n80_s42_default_farthestpose_sharedcam,lego_1_n80_s42_default_farthestpose_sharedcam_i80_gteval_poseopt_steps15000_val_step14999.json,9496,colmap | default | Pose Opt,80.0
colmap,87,42,,10350,,farthestpose,87,GT Eval,,,,Pose Opt,,,,,0.0,,colmap,,,15000,15000,default,MCMC,,,,,Shared Cam,,,,,gsplat,10.687294006347656,0.5188292860984802,0.53187096118927,1000000,0.24047112464904785,12.800947189331055,0.09511625890688431,10350,/home/ojab2/work/git/gsplat/results/colmap_outputs/lego_1_n87_s42_default_farthestpose_sharedcam_i87_gteval_poseopt_steps15000/stats/val_step14999.json,/home/ojab2/work/git/gsplat/results/colmap_outputs/lego_1_n87_s42_default_farthestpose_sharedcam_i87_gteval_poseopt_steps15000/stats/val_step14999.json,lego_1_n87_s42_default_farthestpose_sharedcam_i87_gteval_poseopt_steps15000,12.7941,0.784629,87,"{'rre': [2.812505226335061, 2.8615148811042546, 2.7083569224785355, 2.731301662421885, 2.3925702947242726, 2.7220578186940485, 179.238161316556, 2.5003858562087613, 2.62940268900411, 2.4313211552139498, 2.9080203889284015, 2.4863210524084787, 2.682900342664081, 178.87125361892583, 2.584374472068911, 178.24902152615473, 2.830674889396783, 2.7213144128392144, 2.483259305589438, 2.5835768075914882, 2.703847605513599, 2.711170715045882, 2.755483310080279, 2.515096417034729, 2.7576823376083617, 2.7726098353916204, 2.5415239153864846, 2.6092513166658255, 2.714992854130909, 179.2256145727285, 2.7536509774573372, 2.8056487239077343, 3.07140190090349, 2.4973273388197392, 2.631292031547698, 2.577283968776697, 2.66869478393277, 2.6537293390344336, 2.5949105607900544, 2.7791290294746243, 2.6352527942268162, 2.8015406891724615, 2.834626464995434, 2.7864728831587136, 2.3781013488362266, 2.739784007358475, 2.684570968085575, 2.684724152113659, 178.5657247558751, 2.819287216426631, 2.6999003141860958, 2.733182089893669, 2.444577645915626, 2.8254942047759264, 2.4071336700931387, 2.708681701035011, 2.528949171922946, 2.691357839229612, 2.6950462528867063, 2.4446458609188206, 2.65784855788289, 2.5883659768507763, 2.5344943395241843, 2.8325219723627875, 2.6927027298722432, 2.65585740565189, 2.819016534782458, 2.704333259277716, 2.7929369373038515, 2.515463858136783, 2.7376075040545915, 2.752928407043641, 2.5778908314087112, 2.8938558062675734, 2.5850494516760048, 2.647441752478061, 2.668822938642493, 2.784691991651652, 2.819285810015846, 2.7057756022650956, 2.6994236896668107, 2.637506492744213, 2.7151592381510468, 2.390553850274044, 2.8032949909194884, 2.4511320811499915, 2.549228170787031], 'rte': [0.5395539819899583, 0.7583987793996947, 0.24914185086072596, 0.3183724285515001, 0.512217663766166, 0.46846389470703476, 6.193088593350093, 0.3423172538356324, 0.18190406643040702, 0.38573860791656245, 0.7198010606892543, 0.4261942404865421, 0.43662984814826306, 5.529797076494644, 0.6251677105012724, 6.5794254751142764, 0.45640390660750174, 0.37652885972289235, 0.38449927687547336, 0.6378281896814589, 0.47254777905031997, 0.3998800412418077, 0.7445129557899923, 0.29001411662318527, 0.5405010958854893, 0.6521633260392252, 0.31121066060168334, 0.17739585173705277, 0.27778388270490423, 6.525213708631862, 0.6507070418596674, 0.5248849758104827, 0.5021464907275117, 0.24343414841602035, 0.5005114089048188, 0.47391693143291713, 0.21512943482667699, 0.3361076705172132, 0.18372842741872397, 0.5704955983576685, 0.2773432304374415, 0.5905771748439252, 0.7654345976854257, 0.6298673408468032, 0.5503820899251131, 0.32573494552773125, 0.2353897998927512, 0.5038589347103016, 5.8063141833732, 0.6381600062921174, 0.31931955725275407, 0.38427721051928887, 0.44835416450772525, 0.5525629119077108, 0.5926047127759647, 0.43756950181016574, 0.3028065501241925, 0.771897270409495, 0.300855096975846, 0.5445376872048914, 0.534920572670525, 0.3284623594053005, 0.3338727006028463, 0.5497473123399311, 0.5893477593932691, 0.09183978675294566, 0.6405576430350391, 0.2666159553115802, 0.7180296773166749, 0.2048301559004451, 0.29613281559492893, 0.6614731000105608, 0.41086146397388473, 0.7445810854530425, 0.28178692989460247, 0.5189647198701699, 0.2761330147480802, 0.6533851295137925, 0.6564959919105805, 0.3158911536393232, 0.5258735888138902, 0.5008467410030343, 0.5931882529091728, 0.41841738303870224, 0.6542297109388927, 0.6094785237529742, 0.19519605379260116]}",/home/ojab2/work/git/vggt/colmap_outputs/lego_1_n87_s42_default_farthestpose_sharedcam/eval_results.json,lego_1_n87_s42_default_farthestpose_sharedcam,lego_1_n87_s42_default_farthestpose_sharedcam_i87_gteval_poseopt_steps15000_val_step14999.json,10350,colmap | default | Pose Opt,87.0
colmap,10,42,,254,,farthestpose,10,GT Eval,,,,,,,,,0.0,,colmap,,,15000,15000,relaxed,MCMC,,,,,Shared Cam,,,,,gsplat,11.39598274230957,0.5021179914474487,0.6699815392494202,274281,0.7401415705680847,99.42794799804688,0.1993221582879952,254,/home/ojab2/work/git/gsplat/results/colmap_outputs/lego_1_n10_s42_relaxed_farthestpose_sharedcam_i10_gteval_steps15000/stats/val_step14999.json,/home/ojab2/work/git/gsplat/results/colmap_outputs/lego_1_n10_s42_relaxed_farthestpose_sharedcam_i10_gteval_steps15000/stats/val_step14999.json,lego_1_n10_s42_relaxed_farthestpose_sharedcam_i10_gteval_steps15000,99.4279,2.58035,3,"{'rre': [78.57798447554973, 151.5479126606828, 68.15794669372771], 'rte': [3.2466345496965676, 3.0942769556269414, 1.4001394846038662]}",/home/ojab2/work/git/vggt/colmap_outputs/lego_1_n10_s42_relaxed_farthestpose_sharedcam/eval_results.json,lego_1_n10_s42_relaxed_farthestpose_sharedcam,lego_1_n10_s42_relaxed_farthestpose_sharedcam_i10_gteval_steps15000_val_step14999.json,254,colmap | relaxed | ,10.0
colmap,20,42,,3863,,farthestpose,20,GT Eval,,,,,,,,,0.0,,colmap,,,15000,15000,relaxed,MCMC,,,,,Shared Cam,,,,,gsplat,11.33226203918457,0.512925386428833,0.6669883728027344,1000000,0.9502150416374207,136.8716278076172,0.1897205240622676,3863,/home/ojab2/work/git/gsplat/results/colmap_outputs/lego_1_n20_s42_relaxed_farthestpose_sharedcam_i20_gteval_steps15000/stats/val_step14999.json,/home/ojab2/work/git/gsplat/results/colmap_outputs/lego_1_n20_s42_relaxed_farthestpose_sharedcam_i20_gteval_steps15000/stats/val_step14999.json,lego_1_n20_s42_relaxed_farthestpose_sharedcam_i20_gteval_steps15000,138.9394,3.872115,20,"{'rre': [160.2062014268175, 118.5065042771053, 111.72445974829685, 119.62430014391391, 111.81068062173142, 162.68663669244384, 118.61380419517253, 111.49238228808008, 165.0445394861362, 160.2521801938793, 160.52174329146771, 118.54282320742055, 160.30495890513876, 118.57175356590825, 161.04725859570226, 160.29666012087284, 160.2480711546844, 160.9305839049233, 119.55283766125514, 118.8089198044069], 'rte': [3.7761687024008435, 3.838465996906694, 3.8960953396586357, 4.161922970263747, 4.11488422943134, 3.8946103221215127, 3.88430503798015, 3.99241809178045, 3.9403284762503445, 3.9299857282866952, 3.5783750751617025, 3.7573747193315903, 3.899774662192081, 3.7915115984056014, 3.6058342725210157, 4.06056021420249, 3.820995512209857, 3.574257548085704, 4.18632357448523, 3.7381176786682735]}",/home/ojab2/work/git/vggt/colmap_outputs/lego_1_n20_s42_relaxed_farthestpose_sharedcam/eval_results.json,lego_1_n20_s42_relaxed_farthestpose_sharedcam,lego_1_n20_s42_relaxed_farthestpose_sharedcam_i20_gteval_steps15000_val_step14999.json,3863,colmap | relaxed | ,20.0
colmap,30,42,,9280,,farthestpose,30,GT Eval,,,,,,,,,0.0,,colmap,,,15000,15000,relaxed,MCMC,,,,,Shared Cam,,,,,gsplat,11.36137866973877,0.5090550780296326,0.6719840168952942,1000000,0.9245685338973999,136.63197326660156,0.19557022947704267,9280,/home/ojab2/work/git/gsplat/results/colmap_outputs/lego_1_n30_s42_relaxed_farthestpose_sharedcam_i30_gteval_steps15000/stats/val_step14999.json,/home/ojab2/work/git/gsplat/results/colmap_outputs/lego_1_n30_s42_relaxed_farthestpose_sharedcam_i30_gteval_steps15000/stats/val_step14999.json,lego_1_n30_s42_relaxed_farthestpose_sharedcam_i30_gteval_steps15000,136.632,3.831145,30,"{'rre': [153.00205707374144, 119.99528908765554, 120.27285630738199, 119.94090521696391, 120.03895958268056, 153.17846419895926, 120.23773205237534, 153.3872477058924, 118.82033050334181, 153.5402301728637, 120.37118077254658, 153.5110385955334, 153.4607005667875, 153.30930549883126, 153.34387377736294, 153.2749790792291, 120.07309044460455, 120.18374025962927, 153.28694167090714, 153.37181588171407, 120.07147122202002, 153.2842882429965, 120.08038374043674, 120.02476519895481, 153.3144930218849, 118.82314960026054, 153.35902102196695, 153.50310238303294, 120.11557901729938, 119.7821040558187], 'rte': [3.710546895514679, 3.7053400822976585, 3.7543148205227723, 4.174046937469612, 3.886086609703721, 3.590808636697397, 4.1236049965551596, 4.235976860535786, 3.593745703338432, 3.419412858425546, 4.001598319275116, 3.5484531736427636, 4.2669646952084, 4.303001761520879, 4.038366631212492, 3.4547399184449774, 3.5870368319878327, 3.793395367658426, 3.964600705000973, 4.308797976352545, 3.5975818421499524, 3.4700175965903703, 3.5061604733085305, 4.043424267132919, 4.30924853258952, 3.477126825771789, 3.8750449432999123, 3.4820155991964024, 4.199066243092117, 3.5138282345705014]}",/home/ojab2/work/git/vggt/colmap_outputs/lego_1_n30_s42_relaxed_farthestpose_sharedcam/eval_results.json,lego_1_n30_s42_relaxed_farthestpose_sharedcam,lego_1_n30_s42_relaxed_farthestpose_sharedcam_i30_gteval_steps15000_val_step14999.json,9280,colmap | relaxed | ,30.0
colmap,40,42,,13951,,farthestpose,40,GT Eval,,,,,,,,,0.0,,colmap,,,15000,15000,relaxed,MCMC,,,,,Shared Cam,,,,,gsplat,11.360929489135742,0.5087893605232239,0.6731114387512207,1000000,0.8956116437911987,156.9905548095703,0.19638524549668918,13951,/home/ojab2/work/git/gsplat/results/colmap_outputs/lego_1_n40_s42_relaxed_farthestpose_sharedcam_i40_gteval_steps15000/stats/val_step14999.json,/home/ojab2/work/git/gsplat/results/colmap_outputs/lego_1_n40_s42_relaxed_farthestpose_sharedcam_i40_gteval_steps15000/stats/val_step14999.json,lego_1_n40_s42_relaxed_farthestpose_sharedcam_i40_gteval_steps15000,156.9905,3.721658,40,"{'rre': [146.29348637768442, 146.5688144616265, 167.51416376357284, 167.29049822144015, 167.40418873648, 167.5126532948461, 146.62313919092028, 167.51574506786184, 167.36970688149316, 146.68461918808714, 167.50771548764047, 146.3198333576466, 167.94404668684416, 146.69704836124868, 146.6092631827194, 146.7716406365559, 167.3599644689651, 146.6374234810616, 146.44656256284244, 146.2190460262891, 167.60374527554006, 146.4217153598695, 146.5900173417776, 167.5719279383783, 167.4046145670318, 146.36883010260078, 167.491114113484, 146.30713223374116, 167.59640859917377, 167.45583987633847, 146.51165565376945, 167.54625178908572, 167.48048649088443, 146.31989070248878, 167.2661046489407, 146.48165508932635, 146.55666963356592, 146.589305625101, 167.4793577623758, 167.28952927435202], 'rte': [4.0051818277065045, 3.301962492885075, 3.5457131064356617, 4.13161982969678, 4.046589705416332, 3.6545709993647435, 3.0795248942698596, 3.44643351422432, 3.917765682737228, 3.442054323773268, 4.2903489098545515, 3.697392654274201, 2.207787857180495, 3.9089018905898714, 3.354383132784046, 3.5290063227438866, 4.4073256876789575, 3.6004571622238766, 4.064239080325836, 3.8734890584743176, 3.0739147417733097, 4.159414124690695, 3.2748615143632422, 3.6212710054709656, 4.019024881872703, 4.198626736523683, 3.4646396728376905, 4.216276971287356, 3.820151993350669, 3.5929293786110623, 3.2861714523369447, 3.665420154724936, 3.9165490369317273, 4.209225474953809, 4.045591681100103, 4.09773475387346, 3.073771786158699, 3.5831090529831013, 3.9572097509629733, 4.085669272223499]}",/home/ojab2/work/git/vggt/colmap_outputs/lego_1_n40_s42_relaxed_farthestpose_sharedcam/eval_results.json,lego_1_n40_s42_relaxed_farthestpose_sharedcam,lego_1_n40_s42_relaxed_farthestpose_sharedcam_i40_gteval_steps15000_val_step14999.json,13951,colmap | relaxed | ,40.0
colmap,50,42,,17629,,farthestpose,50,GT Eval,,,,,,,,,0.0,,colmap,,,15000,15000,relaxed,MCMC,,,,,Shared Cam,,,,,gsplat,11.360936164855957,0.5088014006614685,0.6731188893318176,1000000,0.9081974625587463,114.62307739257812,0.19638229400171248,17629,/home/ojab2/work/git/gsplat/results/colmap_outputs/lego_1_n50_s42_relaxed_farthestpose_sharedcam_i50_gteval_steps15000/stats/val_step14999.json,/home/ojab2/work/git/gsplat/results/colmap_outputs/lego_1_n50_s42_relaxed_farthestpose_sharedcam_i50_gteval_steps15000/stats/val_step14999.json,lego_1_n50_s42_relaxed_farthestpose_sharedcam_i50_gteval_steps15000,114.6231,3.606327,50,"{'rre': [92.94772044799065, 93.1914998672959, 94.14868923898291, 142.087211353376, 141.8515391563158, 141.94938928020963, 142.04742207829779, 93.27602330183853, 142.05144248205846, 142.18522829861809, 93.22065343290505, 142.0190063189326, 93.05185999578656, 93.61365879024446, 142.01580733367416, 93.28869703635411, 93.15943728369642, 93.03671267685115, 93.16765642616186, 141.85341020576246, 93.01411821917026, 93.00971233838516, 92.88736673986088, 141.75040780817216, 93.05789718356291, 93.1350555161945, 142.0965483568642, 141.92774992740655, 93.00661468956659, 93.86511785816388, 142.05528147401276, 92.9506936868226, 142.09637798255187, 141.96781448338567, 93.09794973990809, 142.10350892374777, 93.2368895835027, 141.9724352432347, 141.92589752266576, 92.89237946992823, 140.73431276995657, 93.07620890233524, 93.09878737772765, 142.17285792595447, 93.14642110798101, 93.0963186882297, 93.10487930042642, 93.28230446867778, 142.06049089052414, 141.16874689783685], 'rte': [3.930741670678675, 2.9713798327919143, 2.262824709441225, 3.73367167441587, 4.49252531377446, 4.230025008550039, 3.9005153528438776, 2.7941008681844637, 3.63478089573816, 3.9819484164906895, 2.7895839176633075, 4.429703742031921, 4.177376255531494, 2.9139192396324463, 3.6090617667135256, 3.1605069363113554, 3.1913309510654635, 3.3437896724616047, 3.3024747654945985, 4.80397089855028, 3.374418397446806, 4.221042326779641, 4.251544853116009, 3.5047474887156125, 4.020922037848434, 3.084663878779512, 3.7495099371184613, 4.071497834063655, 4.014711708860472, 2.594106710146202, 3.713257178272169, 4.297048873589593, 3.8472126374926714, 3.7675679937029383, 3.0884729240759454, 3.7647042378412543, 2.9441566426617976, 4.109368349826166, 3.6695874746045267, 4.294612119561186, 3.9074431505270044, 3.90011781118921, 2.8941513261863854, 3.4778790950392207, 2.8513290229121506, 3.408702946595582, 3.0501889895100365, 2.7116484131294794, 4.1212067360057665, 3.9562993072275305]}",/home/ojab2/work/git/vggt/colmap_outputs/lego_1_n50_s42_relaxed_farthestpose_sharedcam/eval_results.json,lego_1_n50_s42_relaxed_farthestpose_sharedcam,lego_1_n50_s42_relaxed_farthestpose_sharedcam_i50_gteval_steps15000_val_step14999.json,17629,colmap | relaxed | ,50.0
colmap,60,42,,23025,,farthestpose,60,GT Eval,,,,,,,,,0.0,,colmap,,,15000,15000,relaxed,MCMC,,,,,Shared Cam,,,,,gsplat,11.016986846923828,0.5276989340782166,0.6466617584228516,1000000,0.8907982707023621,93.45218658447266,0.1628757117242299,23025,/home/ojab2/work/git/gsplat/results/colmap_outputs/lego_1_n60_s42_relaxed_farthestpose_sharedcam_i60_gteval_steps15000/stats/val_step14999.json,/home/ojab2/work/git/gsplat/results/colmap_outputs/lego_1_n60_s42_relaxed_farthestpose_sharedcam_i60_gteval_steps15000/stats/val_step14999.json,lego_1_n60_s42_relaxed_farthestpose_sharedcam_i60_gteval_steps15000,93.4522,3.434959,60,"{'rre': [51.345919841707975, 51.35084180407315, 141.66585934471956, 141.6180990965776, 141.6850927245433, 141.51899033165907, 141.66393603092808, 51.45772850022406, 141.59789206862592, 141.75686082176216, 51.19371061656054, 141.84297281510956, 50.909901307100526, 141.73857536949453, 141.57879393492257, 51.15290256703364, 51.28245649797541, 51.432712242342504, 51.47181598321276, 141.5213477212534, 141.68510157834822, 51.43841568729, 51.3573807455927, 51.16771923415479, 51.05362977597933, 141.65408729305187, 51.43873568321177, 51.28378879992377, 51.447434188402454, 141.5611199419448, 141.63890620430865, 141.7251595569533, 51.353858711654645, 141.68234111924832, 141.56271505533786, 51.42849268548032, 141.5204270111679, 141.5521042794554, 51.33602911406949, 141.51660373203885, 51.01454780379766, 141.58825404808962, 141.56094122701748, 51.2562860607905, 51.304543577039695, 141.618443691095, 51.39595160903855, 51.38761668948221, 141.7027346564039, 51.413476512553764, 141.56975675000328, 51.3278607448849, 51.47905597087739, 51.431529325736214, 51.096752586134166, 51.5218841459942, 141.6190797367291, 51.37865504508478, 50.81133749775865, 141.46215056103935], 'rte': [3.790193784158787, 2.8669326872397916, 3.13434279891945, 4.139150294618581, 4.667720812990076, 4.430531058120062, 4.191463852534025, 2.728915632956693, 3.818058233874798, 3.9426573471227595, 2.2717432866044174, 4.443926208267866, 4.105373087550191, 3.990226219464248, 3.7197210168911, 2.4401018982207594, 3.1430316708497075, 3.289088417617659, 3.2024298065405272, 3.1594806365580617, 4.961608150613697, 3.259201811951676, 4.058379878397851, 4.137363527305773, 1.885858709142979, 4.045028716981667, 3.7930562431435613, 3.063216971932742, 2.9843574475888457, 4.08902014241153, 2.479784979087537, 3.994248245002202, 3.7380782257219094, 3.552500120987958, 4.036101860456832, 4.0742302629209375, 4.120841136984408, 3.8316691270524372, 3.066967911280233, 4.033615973444854, 1.991731226124404, 4.278822026658542, 3.743870439897955, 4.0732343246107785, 2.597531823338004, 2.3111825904678636, 3.6512646002531914, 2.897222255748981, 3.215569640731023, 2.838450125898874, 3.1589979690168977, 3.2939916161980074, 3.0047977943101642, 2.6983910269357483, 1.8628622252972655, 3.0346051461296897, 4.454624269415726, 2.847138541706654, 2.6256181118071678, 2.8374187065148306]}",/home/ojab2/work/git/vggt/colmap_outputs/lego_1_n60_s42_relaxed_farthestpose_sharedcam/eval_results.json,lego_1_n60_s42_relaxed_farthestpose_sharedcam,lego_1_n60_s42_relaxed_farthestpose_sharedcam_i60_gteval_steps15000_val_step14999.json,23025,colmap | relaxed | ,60.0
colmap,70,42,,27037,,farthestpose,70,GT Eval,,,,,,,,,0.0,,colmap,,,15000,15000,relaxed,MCMC,,,,,Shared Cam,,,,,gsplat,10.82872200012207,0.5289773941040039,0.637273371219635,1000000,0.8819506168365479,78.41173553466797,0.15310986790275943,27037,/home/ojab2/work/git/gsplat/results/colmap_outputs/lego_1_n70_s42_relaxed_farthestpose_sharedcam_i70_gteval_steps15000/stats/val_step14999.json,/home/ojab2/work/git/gsplat/results/colmap_outputs/lego_1_n70_s42_relaxed_farthestpose_sharedcam_i70_gteval_steps15000/stats/val_step14999.json,lego_1_n70_s42_relaxed_farthestpose_sharedcam_i70_gteval_steps15000,78.4117,3.116359,70,"{'rre': [32.32162470205041, 32.3849261171394, 32.33624018671719, 32.32350459972819, 151.7750487050661, 151.68689382437242, 151.6248405513032, 151.68836619096987, 32.53108095530849, 151.7288014884813, 151.80970404296113, 32.24073053618844, 151.86776074230337, 32.28240633936896, 32.305038390830894, 151.66931872713337, 32.37674562453999, 32.31136994788638, 32.36238052283249, 151.71688431803398, 32.4446608963336, 32.44997090977109, 151.71017105928087, 32.36352013741874, 151.73468463756603, 32.393419727651306, 32.44231406444036, 32.31592827921838, 151.71203350445984, 32.35028170962026, 151.74882922862122, 32.438527617144985, 151.7498059671072, 32.34044906142736, 32.269098783231534, 32.47622779624275, 151.74133037778915, 32.3636770091595, 151.7209455197508, 32.33663991885237, 32.337830842070744, 151.72974300786095, 32.442623123869744, 151.7706976524004, 32.47659747381378, 151.70722769102142, 32.25559269922331, 151.7000055548087, 32.28066692366039, 151.67970911316814, 151.66477112711397, 32.27983144580215, 32.54230666307311, 151.90848954950795, 32.3880794673742, 32.387315954393436, 32.38406098894281, 151.85274129073446, 32.338770869779154, 151.87940253081092, 32.342815325254755, 32.22447246642102, 32.438234230631345, 32.412301632609235, 32.34397430291091, 32.46309347406582, 151.6880090164835, 32.39344171149218, 32.38575068808158, 151.67631948590272], 'rte': [3.4776180961428977, 2.3554010993427617, 2.4427082543059164, 2.2536002650811042, 4.617012068541236, 5.154283499754443, 4.735938431283394, 4.527575449770289, 2.257064248772011, 4.142651841077966, 4.30671545654528, 1.6244551018386566, 4.765402373455251, 3.731297750382832, 2.8731604364679937, 3.978971943572373, 1.7013889652308831, 1.07487222709075, 2.8225177808628463, 2.9033267505702356, 3.018698418301318, 2.927647620908556, 3.1986368486602297, 2.053570132943293, 5.423519428822127, 2.986327314947898, 3.7056638877610775, 3.761160937518858, 2.8662689448864156, 1.1255599005908308, 1.8869246620257525, 2.2150428416105306, 4.6653894975926145, 3.487021387973565, 2.6877126063350314, 2.7004808383758077, 4.61164683558887, 2.0898698435230743, 4.303950359357282, 3.447639700128479, 2.6659769081017135, 4.434334810730257, 3.7239682993328724, 4.69735055796836, 2.331598910300016, 4.062549320155272, 2.6831495734201307, 4.539938254829788, 1.2440268907256051, 4.573576590473003, 3.9729729389913446, 3.721559853394178, 1.7642960323680588, 2.305234194902961, 3.36769606464564, 2.1924536831618195, 2.533409894541663, 3.267643983973181, 2.5199315885295257, 3.238511370196308, 2.998692329453836, 1.4744618185286542, 2.714778697555944, 2.3486960069489538, 1.2069981291548564, 2.761406856892259, 4.7906014948145454, 2.5333082697722706, 1.79577883209186, 2.771558942733292]}",/home/ojab2/work/git/vggt/colmap_outputs/lego_1_n70_s42_relaxed_farthestpose_sharedcam/eval_results.json,lego_1_n70_s42_relaxed_farthestpose_sharedcam,lego_1_n70_s42_relaxed_farthestpose_sharedcam_i70_gteval_steps15000_val_step14999.json,27037,colmap | relaxed | ,70.0
colmap,80,42,,32523,,farthestpose,80,GT Eval,,,,,,,,,0.0,,colmap,,,15000,15000,relaxed,MCMC,,,,,Shared Cam,,,,,gsplat,23.151504516601562,0.06812562793493271,0.8637710213661194,1000000,0.002162654884159565,0.15639367699623108,0.7982407091711928,32523,/home/ojab2/work/git/gsplat/results/colmap_outputs/lego_1_n80_s42_relaxed_farthestpose_sharedcam_i80_gteval_steps15000/stats/val_step14999.json,/home/ojab2/work/git/gsplat/results/colmap_outputs/lego_1_n80_s42_relaxed_farthestpose_sharedcam_i80_gteval_steps15000/stats/val_step14999.json,lego_1_n80_s42_relaxed_farthestpose_sharedcam_i80_gteval_steps15000,0.1563,0.008101,80,"{'rre': [0.10436148008850912, 0.15990793622918853, 0.08610555548185235, 0.05262451328214522, 0.16658178994398323, 0.05542726226612975, 0.2043528716009483, 0.19213276975990462, 0.08161778218505925, 0.27522100446452463, 0.25066171951095234, 0.10406461373972269, 0.07396109431104829, 0.3532805534255538, 0.07368297087620651, 0.41749818510567166, 0.33225999368257425, 0.10796788054712408, 0.13424358480285548, 0.23402362046754582, 0.19948584171860412, 0.2443077518011617, 0.17178258093570023, 0.10075901931717757, 0.17579328336732084, 0.1456935492078024, 0.04665982395258593, 0.06132264308543484, 0.1903345803557063, 0.12309465235662004, 0.034678216344380224, 0.35247461781328077, 0.14713239820099108, 0.19682422564379637, 0.1035042566849703, 0.07180447058069084, 0.10736299265615996, 0.11111581342855724, 0.13960667644667246, 0.06916583658933839, 0.34551021240683794, 0.18357482040658335, 0.1463295232072986, 0.07453747163389592, 0.14530576842672768, 0.20580409737763267, 0.10755945359730776, 0.07012170630667837, 0.15816401122376184, 0.058955943734489945, 0.24157929603107103, 0.1569086247303013, 0.19250118009210718, 0.14384292513445507, 0.11274241947509286, 0.04290370759734017, 0.18385152057331605, 0.13772762239355943, 0.11712198065496238, 0.4929200505083488, 0.10792170149948907, 0.141363008158918, 0.07781820278955252, 0.12360537144911501, 0.15058476849467736, 0.15626358504124885, 0.07471617071717347, 0.04434597611169305, 0.13987591974635422, 0.1295799214542077, 0.1691423051359209, 0.15203002155482695, 0.20144849438284398, 0.12685068631705546, 0.21067697001955887, 0.139237879982303, 0.2409922008518056, 0.14529719655064774, 0.29907887053359755, 0.10255895336399212], 'rte': [0.0057985989969829505, 0.008061344989721672, 0.007215260500117088, 0.003558798854484775, 0.0023481230745986703, 0.003383326792203693, 0.006027325898704395, 0.006505380751398381, 0.004245391768741338, 0.010794850956108167, 0.012161802086937276, 0.0039381420969502095, 0.0063492674863300114, 0.016763434771699146, 0.011130466887415685, 0.020458727520535673, 0.017086424648382097, 0.0026568938552258684, 0.003652294464536954, 0.021499514900029316, 0.009079207623351581, 0.011504376272939225, 0.008782059054007973, 0.0032514201929270655, 0.00918902630732645, 0.006586561107627012, 0.0027177604488196646, 0.0022024210961249764, 0.005404864517011687, 0.009284790703330286, 0.005187635327226914, 0.020659412141825734, 0.007910184218578576, 0.009431026423174439, 0.012027596492450674, 0.0031696443352369564, 0.00806808264356194, 0.004429195568336758, 0.007763719767638901, 0.004981210508266374, 0.019213807622992227, 0.009768225740114132, 0.006863939166311374, 0.005316978230461046, 0.0058752828032396925, 0.010147995271950046, 0.0034724498640585503, 0.0031570101993046336, 0.0011834872574011449, 0.005346368797173607, 0.02139544741924501, 0.006148432884173607, 0.00808330040799933, 0.0074936608861183845, 0.005124800416516671, 0.009039780452399055, 0.006085178184991141, 0.004818751222229398, 0.0059641247188548146, 0.028912796461683783, 0.008673983938485098, 0.0019549199646739556, 0.0024468061685796487, 0.003492006934711288, 0.010336495525774873, 0.008103727002029841, 0.0017337556967971012, 0.004973829820593649, 0.004788727717820009, 0.007198071952919547, 0.007646738930378279, 0.007684039961330636, 0.008870722062746458, 0.00427965936001912, 0.011845723569687812, 0.008505198096055298, 0.008971961065312178, 0.005275211573894092, 0.02530667012996717, 0.007331631292746726]}",/home/ojab2/work/git/vggt/colmap_outputs/lego_1_n80_s42_relaxed_farthestpose_sharedcam/eval_results.json,lego_1_n80_s42_relaxed_farthestpose_sharedcam,lego_1_n80_s42_relaxed_farthestpose_sharedcam_i80_gteval_steps15000_val_step14999.json,32523,colmap | relaxed | ,80.0
colmap,87,42,,36041,,farthestpose,87,GT Eval,,,,,,,,,0.0,,colmap,,,15000,15000,relaxed,MCMC,,,,,Shared Cam,,,,,gsplat,23.938758850097656,0.0639258474111557,0.8811361789703369,1000000,0.0019781910814344883,0.13421761989593506,0.8255670131647098,36041,/home/ojab2/work/git/gsplat/results/colmap_outputs/lego_1_n87_s42_relaxed_farthestpose_sharedcam_i87_gteval_steps15000/stats/val_step14999.json,/home/ojab2/work/git/gsplat/results/colmap_outputs/lego_1_n87_s42_relaxed_farthestpose_sharedcam_i87_gteval_steps15000/stats/val_step14999.json,lego_1_n87_s42_relaxed_farthestpose_sharedcam_i87_gteval_steps15000,0.1352,0.007215,87,"{'rre': [0.07120490721049993, 0.17633701682658648, 0.08272096791825713, 0.08749305365588966, 0.2447305726568691, 0.07835177080603867, 0.13183018429639, 0.23493265828811905, 0.06393891939518333, 0.34886561401909677, 0.27998302868867647, 0.16410767403885532, 0.0980493477758274, 0.1563830737085221, 0.11420219867031581, 0.41232615539777134, 0.17042369981702654, 0.07918940244140461, 0.14468801067463458, 0.2168338681841288, 0.1483323750650173, 0.03440754574525965, 0.23219775819516866, 0.17185848769092132, 0.043083587559413, 0.203774683563169, 0.16332857819958888, 0.04516601812089439, 0.06882789337401321, 0.1962069048083216, 0.1379789758680339, 0.1120408687138017, 0.1815658108383072, 0.12819041628182212, 0.15230950649556013, 0.049003394463193455, 0.08458427154867017, 0.0674290932177599, 0.05636960126159025, 0.18489519986002376, 0.0937567373676793, 0.11982406224716163, 0.22960238598385205, 0.1493330141535788, 0.1903540766622836, 0.04618005313573967, 0.033034825900771954, 0.06588818521516208, 0.208843639811147, 0.06597657041878406, 0.06999233550376066, 0.10135420437216355, 0.1942392383212098, 0.19519518403281036, 0.1930858832058317, 0.09940243237398187, 0.2121569350067178, 0.06606171873598889, 0.05629418812251786, 0.1522486512944809, 0.1102111259797017, 0.2191235448307239, 0.13819612953217797, 0.08749748058141336, 0.10388208502964798, 0.0935459384994911, 0.10209805377581467, 0.07083322806343224, 0.10516915187585496, 0.17024469132871742, 0.12511332132627898, 0.08787561256764907, 0.04910614651743892, 0.14852790811354447, 0.10444713678590599, 0.11029613056935263, 0.05744246469621861, 0.16038041539837347, 0.15601021529954434, 0.10552905012868455, 0.09643181730208773, 0.1488962853708038, 0.20363811458016345, 0.2979079777843792, 0.08560642096301119, 0.24136473113105428, 0.019847664099270215], 'rte': [0.004800373156092669, 0.008608226324345549, 0.007037727915990164, 0.005838341363643001, 0.0026593324407427938, 0.003662466292760515, 0.006002623231942852, 0.009188016434592957, 0.004836308530861915, 0.014863998921432515, 0.014911640279254129, 0.0048044621645771685, 0.00805424839961497, 0.003635242420223656, 0.01138734197195511, 0.020936632048539947, 0.006903381893698501, 0.004457506839879723, 0.00269184574456447, 0.019897755933145363, 0.007152335490831781, 0.0025217760605635315, 0.01152223340700089, 0.008881030835752876, 0.006848814714988355, 0.010396022652402429, 0.007189295356377925, 0.004320515908592189, 0.003200128372714401, 0.007646066807547513, 0.007321583129454135, 0.00751708901934916, 0.01885600971366391, 0.0057680693386046155, 0.008706384216973216, 0.006182205535380168, 0.004602176493431496, 0.00264293681106537, 0.0033271255988241845, 0.008831744018000316, 0.008257866150951086, 0.0024857815259481776, 0.012568620688721145, 0.008078385062600548, 0.007014792942618256, 0.0028329462729851356, 0.0037784110476313496, 0.00354740223764444, 0.008877813182184455, 0.003360442714630682, 0.005180930448388036, 0.0035945974249306342, 0.001295479231521853, 0.01410623063943656, 0.015759278379668198, 0.002720889620493809, 0.007405883294390999, 0.006501682331789617, 0.0021840733065231323, 0.011159686546455322, 0.012257096094230169, 0.0073956356882024146, 0.004353960576560035, 0.01064498457691557, 0.008208061518528337, 0.008487323128796683, 0.0036829506116218096, 0.0032998700237910753, 0.003854621924317635, 0.009878912125660326, 0.007203694038434926, 0.002620323540301667, 0.003659473017902579, 0.006677326296612668, 0.005690047814044202, 0.006712233656701777, 0.0021471605795017755, 0.007949445563369581, 0.006807904418171054, 0.006730539803857552, 0.0031510923377568874, 0.010117078642436942, 0.011425276775262231, 0.011945429073726636, 0.0019211711527055617, 0.019105730413942312, 0.002416996018530506]}",/home/ojab2/work/git/vggt/colmap_outputs/lego_1_n87_s42_relaxed_farthestpose_sharedcam/eval_results.json,lego_1_n87_s42_relaxed_farthestpose_sharedcam,lego_1_n87_s42_relaxed_farthestpose_sharedcam_i87_gteval_steps15000_val_step14999.json,36041,colmap | relaxed | ,87.0
colmap,10,42,,254,,farthestpose,10,GT Eval,,,,Pose Opt,,,,,0.0,,colmap,,,15000,15000,relaxed,MCMC,,,,,Shared Cam,,,,,gsplat,11.38796615600586,0.5033143162727356,0.6697470545768738,274281,0.7313358187675476,99.42806243896484,0.1982981053321992,254,/home/ojab2/work/git/gsplat/results/colmap_outputs/lego_1_n10_s42_relaxed_farthestpose_sharedcam_i10_gteval_poseopt_steps15000/stats/val_step14999.json,/home/ojab2/work/git/gsplat/results/colmap_outputs/lego_1_n10_s42_relaxed_farthestpose_sharedcam_i10_gteval_poseopt_steps15000/stats/val_step14999.json,lego_1_n10_s42_relaxed_farthestpose_sharedcam_i10_gteval_poseopt_steps15000,99.4279,2.58035,3,"{'rre': [78.57798447554973, 151.5479126606828, 68.15794669372771], 'rte': [3.2466345496965676, 3.0942769556269414, 1.4001394846038662]}",/home/ojab2/work/git/vggt/colmap_outputs/lego_1_n10_s42_relaxed_farthestpose_sharedcam/eval_results.json,lego_1_n10_s42_relaxed_farthestpose_sharedcam,lego_1_n10_s42_relaxed_farthestpose_sharedcam_i10_gteval_poseopt_steps15000_val_step14999.json,254,colmap | relaxed | Pose Opt,10.0
colmap,20,42,,3863,,farthestpose,20,GT Eval,,,,Pose Opt,,,,,0.0,,colmap,,,15000,15000,relaxed,MCMC,,,,,Shared Cam,,,,,gsplat,11.33960247039795,0.5111994743347168,0.6713933348655701,1000000,0.9447183609008789,155.37576293945312,0.19349783701583728,3863,/home/ojab2/work/git/gsplat/results/colmap_outputs/lego_1_n20_s42_relaxed_farthestpose_sharedcam_i20_gteval_poseopt_steps15000/stats/val_step14999.json,/home/ojab2/work/git/gsplat/results/colmap_outputs/lego_1_n20_s42_relaxed_farthestpose_sharedcam_i20_gteval_poseopt_steps15000/stats/val_step14999.json,lego_1_n20_s42_relaxed_farthestpose_sharedcam_i20_gteval_poseopt_steps15000,138.9394,3.872115,20,"{'rre': [160.2062014268175, 118.5065042771053, 111.72445974829685, 119.62430014391391, 111.81068062173142, 162.68663669244384, 118.61380419517253, 111.49238228808008, 165.0445394861362, 160.2521801938793, 160.52174329146771, 118.54282320742055, 160.30495890513876, 118.57175356590825, 161.04725859570226, 160.29666012087284, 160.2480711546844, 160.9305839049233, 119.55283766125514, 118.8089198044069], 'rte': [3.7761687024008435, 3.838465996906694, 3.8960953396586357, 4.161922970263747, 4.11488422943134, 3.8946103221215127, 3.88430503798015, 3.99241809178045, 3.9403284762503445, 3.9299857282866952, 3.5783750751617025, 3.7573747193315903, 3.899774662192081, 3.7915115984056014, 3.6058342725210157, 4.06056021420249, 3.820995512209857, 3.574257548085704, 4.18632357448523, 3.7381176786682735]}",/home/ojab2/work/git/vggt/colmap_outputs/lego_1_n20_s42_relaxed_farthestpose_sharedcam/eval_results.json,lego_1_n20_s42_relaxed_farthestpose_sharedcam,lego_1_n20_s42_relaxed_farthestpose_sharedcam_i20_gteval_poseopt_steps15000_val_step14999.json,3863,colmap | relaxed | Pose Opt,20.0
colmap,30,42,,9280,,farthestpose,30,GT Eval,,,,Pose Opt,,,,,0.0,,colmap,,,15000,15000,relaxed,MCMC,,,,,Shared Cam,,,,,gsplat,11.362624168395996,0.5092371106147766,0.6715502142906189,1000000,0.9254884719848633,137.56124877929688,0.19522724273996434,9280,/home/ojab2/work/git/gsplat/results/colmap_outputs/lego_1_n30_s42_relaxed_farthestpose_sharedcam_i30_gteval_poseopt_steps15000/stats/val_step14999.json,/home/ojab2/work/git/gsplat/results/colmap_outputs/lego_1_n30_s42_relaxed_farthestpose_sharedcam_i30_gteval_poseopt_steps15000/stats/val_step14999.json,lego_1_n30_s42_relaxed_farthestpose_sharedcam_i30_gteval_poseopt_steps15000,136.632,3.831145,30,"{'rre': [153.00205707374144, 119.99528908765554, 120.27285630738199, 119.94090521696391, 120.03895958268056, 153.17846419895926, 120.23773205237534, 153.3872477058924, 118.82033050334181, 153.5402301728637, 120.37118077254658, 153.5110385955334, 153.4607005667875, 153.30930549883126, 153.34387377736294, 153.2749790792291, 120.07309044460455, 120.18374025962927, 153.28694167090714, 153.37181588171407, 120.07147122202002, 153.2842882429965, 120.08038374043674, 120.02476519895481, 153.3144930218849, 118.82314960026054, 153.35902102196695, 153.50310238303294, 120.11557901729938, 119.7821040558187], 'rte': [3.710546895514679, 3.7053400822976585, 3.7543148205227723, 4.174046937469612, 3.886086609703721, 3.590808636697397, 4.1236049965551596, 4.235976860535786, 3.593745703338432, 3.419412858425546, 4.001598319275116, 3.5484531736427636, 4.2669646952084, 4.303001761520879, 4.038366631212492, 3.4547399184449774, 3.5870368319878327, 3.793395367658426, 3.964600705000973, 4.308797976352545, 3.5975818421499524, 3.4700175965903703, 3.5061604733085305, 4.043424267132919, 4.30924853258952, 3.477126825771789, 3.8750449432999123, 3.4820155991964024, 4.199066243092117, 3.5138282345705014]}",/home/ojab2/work/git/vggt/colmap_outputs/lego_1_n30_s42_relaxed_farthestpose_sharedcam/eval_results.json,lego_1_n30_s42_relaxed_farthestpose_sharedcam,lego_1_n30_s42_relaxed_farthestpose_sharedcam_i30_gteval_poseopt_steps15000_val_step14999.json,9280,colmap | relaxed | Pose Opt,30.0
colmap,40,42,,13951,,farthestpose,40,GT Eval,,,,Pose Opt,,,,,0.0,,colmap,,,15000,15000,relaxed,MCMC,,,,,Shared Cam,,,,,gsplat,11.361099243164062,0.5088078379631042,0.6731305122375488,1000000,0.8951449394226074,155.00111389160156,0.19638813734829152,13951,/home/ojab2/work/git/gsplat/results/colmap_outputs/lego_1_n40_s42_relaxed_farthestpose_sharedcam_i40_gteval_poseopt_steps15000/stats/val_step14999.json,/home/ojab2/work/git/gsplat/results/colmap_outputs/lego_1_n40_s42_relaxed_farthestpose_sharedcam_i40_gteval_poseopt_steps15000/stats/val_step14999.json,lego_1_n40_s42_relaxed_farthestpose_sharedcam_i40_gteval_poseopt_steps15000,156.9905,3.721658,40,"{'rre': [146.29348637768442, 146.5688144616265, 167.51416376357284, 167.29049822144015, 167.40418873648, 167.5126532948461, 146.62313919092028, 167.51574506786184, 167.36970688149316, 146.68461918808714, 167.50771548764047, 146.3198333576466, 167.94404668684416, 146.69704836124868, 146.6092631827194, 146.7716406365559, 167.3599644689651, 146.6374234810616, 146.44656256284244, 146.2190460262891, 167.60374527554006, 146.4217153598695, 146.5900173417776, 167.5719279383783, 167.4046145670318, 146.36883010260078, 167.491114113484, 146.30713223374116, 167.59640859917377, 167.45583987633847, 146.51165565376945, 167.54625178908572, 167.48048649088443, 146.31989070248878, 167.2661046489407, 146.48165508932635, 146.55666963356592, 146.589305625101, 167.4793577623758, 167.28952927435202], 'rte': [4.0051818277065045, 3.301962492885075, 3.5457131064356617, 4.13161982969678, 4.046589705416332, 3.6545709993647435, 3.0795248942698596, 3.44643351422432, 3.917765682737228, 3.442054323773268, 4.2903489098545515, 3.697392654274201, 2.207787857180495, 3.9089018905898714, 3.354383132784046, 3.5290063227438866, 4.4073256876789575, 3.6004571622238766, 4.064239080325836, 3.8734890584743176, 3.0739147417733097, 4.159414124690695, 3.2748615143632422, 3.6212710054709656, 4.019024881872703, 4.198626736523683, 3.4646396728376905, 4.216276971287356, 3.820151993350669, 3.5929293786110623, 3.2861714523369447, 3.665420154724936, 3.9165490369317273, 4.209225474953809, 4.045591681100103, 4.09773475387346, 3.073771786158699, 3.5831090529831013, 3.9572097509629733, 4.085669272223499]}",/home/ojab2/work/git/vggt/colmap_outputs/lego_1_n40_s42_relaxed_farthestpose_sharedcam/eval_results.json,lego_1_n40_s42_relaxed_farthestpose_sharedcam,lego_1_n40_s42_relaxed_farthestpose_sharedcam_i40_gteval_poseopt_steps15000_val_step14999.json,13951,colmap | relaxed | Pose Opt,40.0
colmap,50,42,,17629,,farthestpose,50,GT Eval,,,,Pose Opt,,,,,0.0,,colmap,,,15000,15000,relaxed,MCMC,,,,,Shared Cam,,,,,gsplat,11.365063667297363,0.5142409801483154,0.6610886454582214,1000000,1.0049970149993896,118.53361511230469,0.18606573378133495,17629,/home/ojab2/work/git/gsplat/results/colmap_outputs/lego_1_n50_s42_relaxed_farthestpose_sharedcam_i50_gteval_poseopt_steps15000/stats/val_step14999.json,/home/ojab2/work/git/gsplat/results/colmap_outputs/lego_1_n50_s42_relaxed_farthestpose_sharedcam_i50_gteval_poseopt_steps15000/stats/val_step14999.json,lego_1_n50_s42_relaxed_farthestpose_sharedcam_i50_gteval_poseopt_steps15000,114.6231,3.606327,50,"{'rre': [92.94772044799065, 93.1914998672959, 94.14868923898291, 142.087211353376, 141.8515391563158, 141.94938928020963, 142.04742207829779, 93.27602330183853, 142.05144248205846, 142.18522829861809, 93.22065343290505, 142.0190063189326, 93.05185999578656, 93.61365879024446, 142.01580733367416, 93.28869703635411, 93.15943728369642, 93.03671267685115, 93.16765642616186, 141.85341020576246, 93.01411821917026, 93.00971233838516, 92.88736673986088, 141.75040780817216, 93.05789718356291, 93.1350555161945, 142.0965483568642, 141.92774992740655, 93.00661468956659, 93.86511785816388, 142.05528147401276, 92.9506936868226, 142.09637798255187, 141.96781448338567, 93.09794973990809, 142.10350892374777, 93.2368895835027, 141.9724352432347, 141.92589752266576, 92.89237946992823, 140.73431276995657, 93.07620890233524, 93.09878737772765, 142.17285792595447, 93.14642110798101, 93.0963186882297, 93.10487930042642, 93.28230446867778, 142.06049089052414, 141.16874689783685], 'rte': [3.930741670678675, 2.9713798327919143, 2.262824709441225, 3.73367167441587, 4.49252531377446, 4.230025008550039, 3.9005153528438776, 2.7941008681844637, 3.63478089573816, 3.9819484164906895, 2.7895839176633075, 4.429703742031921, 4.177376255531494, 2.9139192396324463, 3.6090617667135256, 3.1605069363113554, 3.1913309510654635, 3.3437896724616047, 3.3024747654945985, 4.80397089855028, 3.374418397446806, 4.221042326779641, 4.251544853116009, 3.5047474887156125, 4.020922037848434, 3.084663878779512, 3.7495099371184613, 4.071497834063655, 4.014711708860472, 2.594106710146202, 3.713257178272169, 4.297048873589593, 3.8472126374926714, 3.7675679937029383, 3.0884729240759454, 3.7647042378412543, 2.9441566426617976, 4.109368349826166, 3.6695874746045267, 4.294612119561186, 3.9074431505270044, 3.90011781118921, 2.8941513261863854, 3.4778790950392207, 2.8513290229121506, 3.408702946595582, 3.0501889895100365, 2.7116484131294794, 4.1212067360057665, 3.9562993072275305]}",/home/ojab2/work/git/vggt/colmap_outputs/lego_1_n50_s42_relaxed_farthestpose_sharedcam/eval_results.json,lego_1_n50_s42_relaxed_farthestpose_sharedcam,lego_1_n50_s42_relaxed_farthestpose_sharedcam_i50_gteval_poseopt_steps15000_val_step14999.json,17629,colmap | relaxed | Pose Opt,50.0
colmap,60,42,,23025,,farthestpose,60,GT Eval,,,,Pose Opt,,,,,0.0,,colmap,,,15000,15000,relaxed,MCMC,,,,,Shared Cam,,,,,gsplat,10.8692045211792,0.5287438631057739,0.6360037922859192,1000000,0.8906812071800232,93.39846801757812,0.15326125533492477,23025,/home/ojab2/work/git/gsplat/results/colmap_outputs/lego_1_n60_s42_relaxed_farthestpose_sharedcam_i60_gteval_poseopt_steps15000/stats/val_step14999.json,/home/ojab2/work/git/gsplat/results/colmap_outputs/lego_1_n60_s42_relaxed_farthestpose_sharedcam_i60_gteval_poseopt_steps15000/stats/val_step14999.json,lego_1_n60_s42_relaxed_farthestpose_sharedcam_i60_gteval_poseopt_steps15000,93.4522,3.434959,60,"{'rre': [51.345919841707975, 51.35084180407315, 141.66585934471956, 141.6180990965776, 141.6850927245433, 141.51899033165907, 141.66393603092808, 51.45772850022406, 141.59789206862592, 141.75686082176216, 51.19371061656054, 141.84297281510956, 50.909901307100526, 141.73857536949453, 141.57879393492257, 51.15290256703364, 51.28245649797541, 51.432712242342504, 51.47181598321276, 141.5213477212534, 141.68510157834822, 51.43841568729, 51.3573807455927, 51.16771923415479, 51.05362977597933, 141.65408729305187, 51.43873568321177, 51.28378879992377, 51.447434188402454, 141.5611199419448, 141.63890620430865, 141.7251595569533, 51.353858711654645, 141.68234111924832, 141.56271505533786, 51.42849268548032, 141.5204270111679, 141.5521042794554, 51.33602911406949, 141.51660373203885, 51.01454780379766, 141.58825404808962, 141.56094122701748, 51.2562860607905, 51.304543577039695, 141.618443691095, 51.39595160903855, 51.38761668948221, 141.7027346564039, 51.413476512553764, 141.56975675000328, 51.3278607448849, 51.47905597087739, 51.431529325736214, 51.096752586134166, 51.5218841459942, 141.6190797367291, 51.37865504508478, 50.81133749775865, 141.46215056103935], 'rte': [3.790193784158787, 2.8669326872397916, 3.13434279891945, 4.139150294618581, 4.667720812990076, 4.430531058120062, 4.191463852534025, 2.728915632956693, 3.818058233874798, 3.9426573471227595, 2.2717432866044174, 4.443926208267866, 4.105373087550191, 3.990226219464248, 3.7197210168911, 2.4401018982207594, 3.1430316708497075, 3.289088417617659, 3.2024298065405272, 3.1594806365580617, 4.961608150613697, 3.259201811951676, 4.058379878397851, 4.137363527305773, 1.885858709142979, 4.045028716981667, 3.7930562431435613, 3.063216971932742, 2.9843574475888457, 4.08902014241153, 2.479784979087537, 3.994248245002202, 3.7380782257219094, 3.552500120987958, 4.036101860456832, 4.0742302629209375, 4.120841136984408, 3.8316691270524372, 3.066967911280233, 4.033615973444854, 1.991731226124404, 4.278822026658542, 3.743870439897955, 4.0732343246107785, 2.597531823338004, 2.3111825904678636, 3.6512646002531914, 2.897222255748981, 3.215569640731023, 2.838450125898874, 3.1589979690168977, 3.2939916161980074, 3.0047977943101642, 2.6983910269357483, 1.8628622252972655, 3.0346051461296897, 4.454624269415726, 2.847138541706654, 2.6256181118071678, 2.8374187065148306]}",/home/ojab2/work/git/vggt/colmap_outputs/lego_1_n60_s42_relaxed_farthestpose_sharedcam/eval_results.json,lego_1_n60_s42_relaxed_farthestpose_sharedcam,lego_1_n60_s42_relaxed_farthestpose_sharedcam_i60_gteval_poseopt_steps15000_val_step14999.json,23025,colmap | relaxed | Pose Opt,60.0
colmap,70,42,,27037,,farthestpose,70,GT Eval,,,,Pose Opt,,,,,0.0,,colmap,,,15000,15000,relaxed,MCMC,,,,,Shared Cam,,,,,gsplat,10.794127464294434,0.5274431109428406,0.6377203464508057,1000000,0.8829180598258972,78.4058609008789,0.15367770574556072,27037,/home/ojab2/work/git/gsplat/results/colmap_outputs/lego_1_n70_s42_relaxed_farthestpose_sharedcam_i70_gteval_poseopt_steps15000/stats/val_step14999.json,/home/ojab2/work/git/gsplat/results/colmap_outputs/lego_1_n70_s42_relaxed_farthestpose_sharedcam_i70_gteval_poseopt_steps15000/stats/val_step14999.json,lego_1_n70_s42_relaxed_farthestpose_sharedcam_i70_gteval_poseopt_steps15000,78.4117,3.116359,70,"{'rre': [32.32162470205041, 32.3849261171394, 32.33624018671719, 32.32350459972819, 151.7750487050661, 151.68689382437242, 151.6248405513032, 151.68836619096987, 32.53108095530849, 151.7288014884813, 151.80970404296113, 32.24073053618844, 151.86776074230337, 32.28240633936896, 32.305038390830894, 151.66931872713337, 32.37674562453999, 32.31136994788638, 32.36238052283249, 151.71688431803398, 32.4446608963336, 32.44997090977109, 151.71017105928087, 32.36352013741874, 151.73468463756603, 32.393419727651306, 32.44231406444036, 32.31592827921838, 151.71203350445984, 32.35028170962026, 151.74882922862122, 32.438527617144985, 151.7498059671072, 32.34044906142736, 32.269098783231534, 32.47622779624275, 151.74133037778915, 32.3636770091595, 151.7209455197508, 32.33663991885237, 32.337830842070744, 151.72974300786095, 32.442623123869744, 151.7706976524004, 32.47659747381378, 151.70722769102142, 32.25559269922331, 151.7000055548087, 32.28066692366039, 151.67970911316814, 151.66477112711397, 32.27983144580215, 32.54230666307311, 151.90848954950795, 32.3880794673742, 32.387315954393436, 32.38406098894281, 151.85274129073446, 32.338770869779154, 151.87940253081092, 32.342815325254755, 32.22447246642102, 32.438234230631345, 32.412301632609235, 32.34397430291091, 32.46309347406582, 151.6880090164835, 32.39344171149218, 32.38575068808158, 151.67631948590272], 'rte': [3.4776180961428977, 2.3554010993427617, 2.4427082543059164, 2.2536002650811042, 4.617012068541236, 5.154283499754443, 4.735938431283394, 4.527575449770289, 2.257064248772011, 4.142651841077966, 4.30671545654528, 1.6244551018386566, 4.765402373455251, 3.731297750382832, 2.8731604364679937, 3.978971943572373, 1.7013889652308831, 1.07487222709075, 2.8225177808628463, 2.9033267505702356, 3.018698418301318, 2.927647620908556, 3.1986368486602297, 2.053570132943293, 5.423519428822127, 2.986327314947898, 3.7056638877610775, 3.761160937518858, 2.8662689448864156, 1.1255599005908308, 1.8869246620257525, 2.2150428416105306, 4.6653894975926145, 3.487021387973565, 2.6877126063350314, 2.7004808383758077, 4.61164683558887, 2.0898698435230743, 4.303950359357282, 3.447639700128479, 2.6659769081017135, 4.434334810730257, 3.7239682993328724, 4.69735055796836, 2.331598910300016, 4.062549320155272, 2.6831495734201307, 4.539938254829788, 1.2440268907256051, 4.573576590473003, 3.9729729389913446, 3.721559853394178, 1.7642960323680588, 2.305234194902961, 3.36769606464564, 2.1924536831618195, 2.533409894541663, 3.267643983973181, 2.5199315885295257, 3.238511370196308, 2.998692329453836, 1.4744618185286542, 2.714778697555944, 2.3486960069489538, 1.2069981291548564, 2.761406856892259, 4.7906014948145454, 2.5333082697722706, 1.79577883209186, 2.771558942733292]}",/home/ojab2/work/git/vggt/colmap_outputs/lego_1_n70_s42_relaxed_farthestpose_sharedcam/eval_results.json,lego_1_n70_s42_relaxed_farthestpose_sharedcam,lego_1_n70_s42_relaxed_farthestpose_sharedcam_i70_gteval_poseopt_steps15000_val_step14999.json,27037,colmap | relaxed | Pose Opt,70.0
colmap,80,42,,32523,,farthestpose,80,GT Eval,,,,Pose Opt,,,,,0.0,,colmap,,,15000,15000,relaxed,MCMC,,,,,Shared Cam,,,,,gsplat,23.505157470703125,0.06462689489126205,0.8724349141120911,1000000,0.0016292538493871689,0.11104476451873779,0.8120161536512163,32523,/home/ojab2/work/git/gsplat/results/colmap_outputs/lego_1_n80_s42_relaxed_farthestpose_sharedcam_i80_gteval_poseopt_steps15000/stats/val_step14999.json,/home/ojab2/work/git/gsplat/results/colmap_outputs/lego_1_n80_s42_relaxed_farthestpose_sharedcam_i80_gteval_poseopt_steps15000/stats/val_step14999.json,lego_1_n80_s42_relaxed_farthestpose_sharedcam_i80_gteval_poseopt_steps15000,0.1563,0.008101,80,"{'rre': [0.10436148008850912, 0.15990793622918853, 0.08610555548185235, 0.05262451328214522, 0.16658178994398323, 0.05542726226612975, 0.2043528716009483, 0.19213276975990462, 0.08161778218505925, 0.27522100446452463, 0.25066171951095234, 0.10406461373972269, 0.07396109431104829, 0.3532805534255538, 0.07368297087620651, 0.41749818510567166, 0.33225999368257425, 0.10796788054712408, 0.13424358480285548, 0.23402362046754582, 0.19948584171860412, 0.2443077518011617, 0.17178258093570023, 0.10075901931717757, 0.17579328336732084, 0.1456935492078024, 0.04665982395258593, 0.06132264308543484, 0.1903345803557063, 0.12309465235662004, 0.034678216344380224, 0.35247461781328077, 0.14713239820099108, 0.19682422564379637, 0.1035042566849703, 0.07180447058069084, 0.10736299265615996, 0.11111581342855724, 0.13960667644667246, 0.06916583658933839, 0.34551021240683794, 0.18357482040658335, 0.1463295232072986, 0.07453747163389592, 0.14530576842672768, 0.20580409737763267, 0.10755945359730776, 0.07012170630667837, 0.15816401122376184, 0.058955943734489945, 0.24157929603107103, 0.1569086247303013, 0.19250118009210718, 0.14384292513445507, 0.11274241947509286, 0.04290370759734017, 0.18385152057331605, 0.13772762239355943, 0.11712198065496238, 0.4929200505083488, 0.10792170149948907, 0.141363008158918, 0.07781820278955252, 0.12360537144911501, 0.15058476849467736, 0.15626358504124885, 0.07471617071717347, 0.04434597611169305, 0.13987591974635422, 0.1295799214542077, 0.1691423051359209, 0.15203002155482695, 0.20144849438284398, 0.12685068631705546, 0.21067697001955887, 0.139237879982303, 0.2409922008518056, 0.14529719655064774, 0.29907887053359755, 0.10255895336399212], 'rte': [0.0057985989969829505, 0.008061344989721672, 0.007215260500117088, 0.003558798854484775, 0.0023481230745986703, 0.003383326792203693, 0.006027325898704395, 0.006505380751398381, 0.004245391768741338, 0.010794850956108167, 0.012161802086937276, 0.0039381420969502095, 0.0063492674863300114, 0.016763434771699146, 0.011130466887415685, 0.020458727520535673, 0.017086424648382097, 0.0026568938552258684, 0.003652294464536954, 0.021499514900029316, 0.009079207623351581, 0.011504376272939225, 0.008782059054007973, 0.0032514201929270655, 0.00918902630732645, 0.006586561107627012, 0.0027177604488196646, 0.0022024210961249764, 0.005404864517011687, 0.009284790703330286, 0.005187635327226914, 0.020659412141825734, 0.007910184218578576, 0.009431026423174439, 0.012027596492450674, 0.0031696443352369564, 0.00806808264356194, 0.004429195568336758, 0.007763719767638901, 0.004981210508266374, 0.019213807622992227, 0.009768225740114132, 0.006863939166311374, 0.005316978230461046, 0.0058752828032396925, 0.010147995271950046, 0.0034724498640585503, 0.0031570101993046336, 0.0011834872574011449, 0.005346368797173607, 0.02139544741924501, 0.006148432884173607, 0.00808330040799933, 0.0074936608861183845, 0.005124800416516671, 0.009039780452399055, 0.006085178184991141, 0.004818751222229398, 0.0059641247188548146, 0.028912796461683783, 0.008673983938485098, 0.0019549199646739556, 0.0024468061685796487, 0.003492006934711288, 0.010336495525774873, 0.008103727002029841, 0.0017337556967971012, 0.004973829820593649, 0.004788727717820009, 0.007198071952919547, 0.007646738930378279, 0.007684039961330636, 0.008870722062746458, 0.00427965936001912, 0.011845723569687812, 0.008505198096055298, 0.008971961065312178, 0.005275211573894092, 0.02530667012996717, 0.007331631292746726]}",/home/ojab2/work/git/vggt/colmap_outputs/lego_1_n80_s42_relaxed_farthestpose_sharedcam/eval_results.json,lego_1_n80_s42_relaxed_farthestpose_sharedcam,lego_1_n80_s42_relaxed_farthestpose_sharedcam_i80_gteval_poseopt_steps15000_val_step14999.json,32523,colmap | relaxed | Pose Opt,80.0
colmap,87,42,,36041,,farthestpose,87,GT Eval,,,,Pose Opt,,,,,0.0,,colmap,,,15000,15000,relaxed,MCMC,,,,,Shared Cam,,,,,gsplat,24.114978790283203,0.06093146651983261,0.8854492902755737,1000000,0.0015172584680840373,0.10082528740167618,0.8332010159696208,36041,/home/ojab2/work/git/gsplat/results/colmap_outputs/lego_1_n87_s42_relaxed_farthestpose_sharedcam_i87_gteval_poseopt_steps15000/stats/val_step14999.json,/home/ojab2/work/git/gsplat/results/colmap_outputs/lego_1_n87_s42_relaxed_farthestpose_sharedcam_i87_gteval_poseopt_steps15000/stats/val_step14999.json,lego_1_n87_s42_relaxed_farthestpose_sharedcam_i87_gteval_poseopt_steps15000,0.1352,0.007215,87,"{'rre': [0.07120490721049993, 0.17633701682658648, 0.08272096791825713, 0.08749305365588966, 0.2447305726568691, 0.07835177080603867, 0.13183018429639, 0.23493265828811905, 0.06393891939518333, 0.34886561401909677, 0.27998302868867647, 0.16410767403885532, 0.0980493477758274, 0.1563830737085221, 0.11420219867031581, 0.41232615539777134, 0.17042369981702654, 0.07918940244140461, 0.14468801067463458, 0.2168338681841288, 0.1483323750650173, 0.03440754574525965, 0.23219775819516866, 0.17185848769092132, 0.043083587559413, 0.203774683563169, 0.16332857819958888, 0.04516601812089439, 0.06882789337401321, 0.1962069048083216, 0.1379789758680339, 0.1120408687138017, 0.1815658108383072, 0.12819041628182212, 0.15230950649556013, 0.049003394463193455, 0.08458427154867017, 0.0674290932177599, 0.05636960126159025, 0.18489519986002376, 0.0937567373676793, 0.11982406224716163, 0.22960238598385205, 0.1493330141535788, 0.1903540766622836, 0.04618005313573967, 0.033034825900771954, 0.06588818521516208, 0.208843639811147, 0.06597657041878406, 0.06999233550376066, 0.10135420437216355, 0.1942392383212098, 0.19519518403281036, 0.1930858832058317, 0.09940243237398187, 0.2121569350067178, 0.06606171873598889, 0.05629418812251786, 0.1522486512944809, 0.1102111259797017, 0.2191235448307239, 0.13819612953217797, 0.08749748058141336, 0.10388208502964798, 0.0935459384994911, 0.10209805377581467, 0.07083322806343224, 0.10516915187585496, 0.17024469132871742, 0.12511332132627898, 0.08787561256764907, 0.04910614651743892, 0.14852790811354447, 0.10444713678590599, 0.11029613056935263, 0.05744246469621861, 0.16038041539837347, 0.15601021529954434, 0.10552905012868455, 0.09643181730208773, 0.1488962853708038, 0.20363811458016345, 0.2979079777843792, 0.08560642096301119, 0.24136473113105428, 0.019847664099270215], 'rte': [0.004800373156092669, 0.008608226324345549, 0.007037727915990164, 0.005838341363643001, 0.0026593324407427938, 0.003662466292760515, 0.006002623231942852, 0.009188016434592957, 0.004836308530861915, 0.014863998921432515, 0.014911640279254129, 0.0048044621645771685, 0.00805424839961497, 0.003635242420223656, 0.01138734197195511, 0.020936632048539947, 0.006903381893698501, 0.004457506839879723, 0.00269184574456447, 0.019897755933145363, 0.007152335490831781, 0.0025217760605635315, 0.01152223340700089, 0.008881030835752876, 0.006848814714988355, 0.010396022652402429, 0.007189295356377925, 0.004320515908592189, 0.003200128372714401, 0.007646066807547513, 0.007321583129454135, 0.00751708901934916, 0.01885600971366391, 0.0057680693386046155, 0.008706384216973216, 0.006182205535380168, 0.004602176493431496, 0.00264293681106537, 0.0033271255988241845, 0.008831744018000316, 0.008257866150951086, 0.0024857815259481776, 0.012568620688721145, 0.008078385062600548, 0.007014792942618256, 0.0028329462729851356, 0.0037784110476313496, 0.00354740223764444, 0.008877813182184455, 0.003360442714630682, 0.005180930448388036, 0.0035945974249306342, 0.001295479231521853, 0.01410623063943656, 0.015759278379668198, 0.002720889620493809, 0.007405883294390999, 0.006501682331789617, 0.0021840733065231323, 0.011159686546455322, 0.012257096094230169, 0.0073956356882024146, 0.004353960576560035, 0.01064498457691557, 0.008208061518528337, 0.008487323128796683, 0.0036829506116218096, 0.0032998700237910753, 0.003854621924317635, 0.009878912125660326, 0.007203694038434926, 0.002620323540301667, 0.003659473017902579, 0.006677326296612668, 0.005690047814044202, 0.006712233656701777, 0.0021471605795017755, 0.007949445563369581, 0.006807904418171054, 0.006730539803857552, 0.0031510923377568874, 0.010117078642436942, 0.011425276775262231, 0.011945429073726636, 0.0019211711527055617, 0.019105730413942312, 0.002416996018530506]}",/home/ojab2/work/git/vggt/colmap_outputs/lego_1_n87_s42_relaxed_farthestpose_sharedcam/eval_results.json,lego_1_n87_s42_relaxed_farthestpose_sharedcam,lego_1_n87_s42_relaxed_farthestpose_sharedcam_i87_gteval_poseopt_steps15000_val_step14999.json,36041,colmap | relaxed | Pose Opt,87.0
vggt,10,42,0.0,11000,voxels,farthestpose,10,GT Eval,,,,,,,,,0.0,,vggt,,,15000,15000,,MCMC,,,,,,,,,,gsplat,13.674389839172363,0.36793971061706543,0.5915088057518005,891510,0.035920821130275726,2.5924410820007324,0.27845049415647866,800,/home/ojab2/work/git/gsplat/results/vggt_outputs/lego_1_n10_s42_c0.0_p11000_voxels_farthestpose_i10_gteval_steps15000/stats/val_step14999.json,/home/ojab2/work/git/gsplat/results/vggt_outputs/lego_1_n10_s42_c0.0_p11000_voxels_farthestpose_i10_gteval_steps15000/stats/val_step14999.json,lego_1_n10_s42_c0.0_p11000_voxels_farthestpose_i10_gteval_steps15000,2.5925,0.160213,10,"{'rre': [1.6266341599476386, 1.909967985590693, 1.807356551598009, 4.631092461447753, 2.264476975416255, 3.628493869377365, 2.570229115120226, 1.9786642518005249, 2.633868317856109, 2.873787859299574], 'rte': [0.07706887014994765, 0.14197238143952773, 0.12894644115084344, 0.2898727281465943, 0.07991427776018654, 0.21433849377223713, 0.12282756069085203, 0.1649510005378684, 0.20262879884503365, 0.17960747152332585]}",/home/ojab2/work/git/vggt/vggt_outputs/lego_1_n10_s42_c0.0_p11000_voxels_farthestpose/eval_results.json,lego_1_n10_s42_c0.0_p11000_voxels_farthestpose,lego_1_n10_s42_c0.0_p11000_voxels_farthestpose_i10_gteval_steps15000_val_step14999.json,800,vggt |  | ,10.0
vggt,20,42,0.0,22000,voxels,farthestpose,20,GT Eval,,,,,,,,,0.0,,vggt,,,15000,15000,,MCMC,,,,,,,,,,gsplat,14.236756324768066,0.4083977937698364,0.611379861831665,17007,0.03247709199786186,2.1459293365478516,0.27551106356273153,25,/home/ojab2/work/git/gsplat/results/vggt_outputs/lego_1_n20_s42_c0.0_p22000_voxels_farthestpose_i20_gteval_steps15000/stats/val_step14999.json,/home/ojab2/work/git/gsplat/results/vggt_outputs/lego_1_n20_s42_c0.0_p22000_voxels_farthestpose_i20_gteval_steps15000/stats/val_step14999.json,lego_1_n20_s42_c0.0_p22000_voxels_farthestpose_i20_gteval_steps15000,2.2981,0.141203,20,"{'rre': [0.9212039383890606, 0.9493475062986179, 4.506806982067329, 2.1440545399732835, 1.2124696433302677, 1.431407686699282, 2.921872292868299, 3.6661946055140437, 1.8265750651442512, 0.9007581205475222, 2.503622613868651, 1.5226237283843194, 3.3906450368277548, 2.2562393571881465, 3.2734351116294915, 1.8773893222316467, 2.7866235513340243, 2.242593003670146, 1.9819814468755546, 3.646497007875016], 'rte': [0.057639185103083315, 0.10790200613116233, 0.24482638637207246, 0.10746896454435935, 0.07087230084080429, 0.09888052517893892, 0.11367530738809713, 0.22002879803894312, 0.1264919164141949, 0.06944451879144162, 0.11957861593690397, 0.15445714659527984, 0.2725865961328236, 0.11772466122164776, 0.16088921667093858, 0.1297942321511296, 0.21903880568256756, 0.13576491593298862, 0.1133245085882031, 0.18366822482732104]}",/home/ojab2/work/git/vggt/vggt_outputs/lego_1_n20_s42_c0.0_p22000_voxels_farthestpose/eval_results.json,lego_1_n20_s42_c0.0_p22000_voxels_farthestpose,lego_1_n20_s42_c0.0_p22000_voxels_farthestpose_i20_gteval_steps15000_val_step14999.json,25,vggt |  | ,20.0
vggt,30,42,0.0,33000,voxels,farthestpose,30,GT Eval,,,,,,,,,0.0,,vggt,,,15000,15000,,MCMC,,,,,,,,,,gsplat,14.072977066040039,0.3293474018573761,0.6147036552429199,1000000,0.03255000337958336,2.2345004081726074,0.32321839138158653,31473,/home/ojab2/work/git/gsplat/results/vggt_outputs/lego_1_n30_s42_c0.0_p33000_voxels_farthestpose_i30_gteval_steps15000/stats/val_step14999.json,/home/ojab2/work/git/gsplat/results/vggt_outputs/lego_1_n30_s42_c0.0_p33000_voxels_farthestpose_i30_gteval_steps15000/stats/val_step14999.json,lego_1_n30_s42_c0.0_p33000_voxels_farthestpose_i30_gteval_steps15000,2.2345,0.136023,30,"{'rre': [1.0912133412729819, 0.8582243534724348, 4.5252912250174395, 2.1898825123516295, 1.636146685016254, 1.2256050845927835, 1.1409327841055268, 1.2167208375360354, 2.760998363879725, 0.7971791552259911, 3.699280257010556, 3.1964425655345052, 2.294118047199572, 1.3200697224643898, 0.7912999482719456, 1.9278659521881227, 1.334681538430262, 2.7791052893369996, 3.6756902337421877, 1.8744464442184785, 2.240760361270542, 2.504177069238901, 3.0666662433523277, 2.6464787524542386, 1.7761598007780255, 3.5026215249368953, 3.2809672720501273, 1.9110248527650924, 2.188932854666224, 3.5827092648578995], 'rte': [0.05738150500459426, 0.07264550699250172, 0.27090992727511565, 0.12430919055956172, 0.10410325468182297, 0.102232155620331, 0.06068503938213414, 0.08340058731512627, 0.12071761906714971, 0.054999063969068986, 0.24618116745405563, 0.21863348606856295, 0.07984878425108537, 0.09087287504439767, 0.05813573721563832, 0.10554511188704907, 0.1361844617357109, 0.19684179671696184, 0.25548254004566723, 0.13571731118755237, 0.09504163363331393, 0.13703659255688816, 0.14431382558626826, 0.15017044350638944, 0.1293773929924621, 0.1779633113790436, 0.21517792023225257, 0.13320366157844968, 0.13959272668182457, 0.18397626495913047]}",/home/ojab2/work/git/vggt/vggt_outputs/lego_1_n30_s42_c0.0_p33000_voxels_farthestpose/eval_results.json,lego_1_n30_s42_c0.0_p33000_voxels_farthestpose,lego_1_n30_s42_c0.0_p33000_voxels_farthestpose_i30_gteval_steps15000_val_step14999.json,31473,vggt |  | ,30.0
vggt,40,42,0.0,44000,voxels,farthestpose,40,GT Eval,,,,,,,,,0.0,,vggt,,,15000,15000,,MCMC,,,,,,,,,,gsplat,14.657609939575195,0.28274306654930115,0.6450451612472534,1000000,0.016375195235013962,1.3581125736236572,0.38055660505431127,42428,/home/ojab2/work/git/gsplat/results/vggt_outputs/lego_1_n40_s42_c0.0_p44000_voxels_farthestpose_i40_gteval_steps15000/stats/val_step14999.json,/home/ojab2/work/git/gsplat/results/vggt_outputs/lego_1_n40_s42_c0.0_p44000_voxels_farthestpose_i40_gteval_steps15000/stats/val_step14999.json,lego_1_n40_s42_c0.0_p44000_voxels_farthestpose_i40_gteval_steps15000,1.3219,0.069077,40,"{'rre': [0.8418481981511626, 0.7248766330704984, 2.5636923714847404, 0.34118408687530827, 1.0478067827315882, 1.5317364988671203, 1.830693520509598, 2.5996216980904543, 1.6241417738886212, 1.1989944159185613, 1.0244144544850502, 0.8575540210698517, 1.4682293821111025, 1.1658236446377714, 1.4683547162146804, 0.6722187892147775, 0.7599146616817998, 1.0949932655381467, 1.9923200529867358, 0.6546296847621634, 0.6848511222709956, 1.2405520427393661, 0.51334611848043, 0.4977294507599692, 1.308113915198323, 0.7239527870637251, 2.9204620894497895, 1.9249592030229192, 2.2373388578972992, 1.6534613250741184, 0.7301893473626837, 1.59330426228419, 1.0610069873847165, 2.0260881020779857, 1.1764757512198543, 1.800953502102197, 1.3985373719159333, 1.0093208169335361, 1.6225790243126024, 1.2893476980254457], 'rte': [0.024518096208540938, 0.07814735600410583, 0.15340582514081608, 0.03845183812238804, 0.036914109040427134, 0.03564186218888465, 0.10967828062385812, 0.13883844559692757, 0.0860892356364555, 0.031857492345651155, 0.05952146114468278, 0.04186746180976474, 0.06974410636083071, 0.039694679473822624, 0.07627251161950692, 0.018162408796341532, 0.06025041883936539, 0.09315844700568639, 0.09804550776141209, 0.0364236832233421, 0.04533387952130482, 0.035868929528140296, 0.055379520810414376, 0.0935646147270394, 0.08031483017228755, 0.013654367415682786, 0.15741545248069616, 0.09017995288581386, 0.18415326536598003, 0.04828385230902957, 0.08976408305132778, 0.031882686860047096, 0.0424776364457201, 0.09726481202466156, 0.028557322323779402, 0.07699292240520247, 0.06825128219472272, 0.10741727047531054, 0.05052852130761772, 0.039102451959602325]}",/home/ojab2/work/git/vggt/vggt_outputs/lego_1_n40_s42_c0.0_p44000_voxels_farthestpose/eval_results.json,lego_1_n40_s42_c0.0_p44000_voxels_farthestpose,lego_1_n40_s42_c0.0_p44000_voxels_farthestpose_i40_gteval_steps15000_val_step14999.json,42428,vggt |  | ,40.0
vggt,50,42,0.0,55000,voxels,farthestpose,50,GT Eval,,,,,,,,,0.0,,vggt,,,15000,15000,,MCMC,,,,,,,,,,gsplat,15.393423080444336,0.23472467064857483,0.6723758578300476,1000000,0.010803799144923687,0.8615904450416565,0.43980662295228085,53834,/home/ojab2/work/git/gsplat/results/vggt_outputs/lego_1_n50_s42_c0.0_p55000_voxels_farthestpose_i50_gteval_steps15000/stats/val_step14999.json,/home/ojab2/work/git/gsplat/results/vggt_outputs/lego_1_n50_s42_c0.0_p55000_voxels_farthestpose_i50_gteval_steps15000/stats/val_step14999.json,lego_1_n50_s42_c0.0_p55000_voxels_farthestpose_i50_gteval_steps15000,0.8706,0.041593,50,"{'rre': [0.4940842973821122, 0.6257792821799902, 0.18370370773690795, 1.763069429868516, 0.41593731821704766, 0.8732502562769348, 1.1207812389280536, 1.0459802019234985, 1.786361577282521, 0.8124732225297495, 0.7999051380905339, 0.7723097119545337, 0.5110029924864755, 0.5894668370636968, 1.4715641997348738, 0.7992062750394983, 1.1423549670649429, 0.47157162844329614, 0.46187241999642104, 0.7004833234325479, 0.5690815998135904, 0.9581933764205887, 0.5701343374288663, 0.11028600718024242, 0.7492856337020223, 1.1323580572335015, 0.4377485662617042, 0.8401883961962258, 0.5220941239183106, 0.3571367485462728, 1.9691899531158168, 1.0236231416834418, 1.6910422923952213, 1.2307685608423455, 0.7171420030089967, 1.1038422279293656, 0.7596814958401631, 0.8683805217616627, 0.9601903538544793, 1.0570394706145225, 0.8871333710599543, 0.9910530994599379, 1.1272433637691104, 0.6572091479394547, 0.7172393848824785, 0.14064647064399166, 1.1161017182766761, 1.2119051537057606, 1.3024705571762378, 0.9124102848998519], 'rte': [0.020255090021312854, 0.06346528225402485, 0.02313721488396963, 0.1183316238334219, 0.02570659522842875, 0.01881568250235813, 0.021931224980772376, 0.05855269556260737, 0.09877439237391684, 0.042351207361021076, 0.0226066682286504, 0.02591517651800781, 0.023159854603167714, 0.036579785275044734, 0.0529332564145283, 0.024358081869018368, 0.05474538516056377, 0.022664638880481147, 0.02208716206041556, 0.03846688451004152, 0.0507516126249178, 0.04785454627381868, 0.02760602567326214, 0.022519822425460148, 0.01875298157138443, 0.06447744787658087, 0.06317324526758539, 0.03427552078193904, 0.01976798630177694, 0.03142892543951212, 0.10956349808560142, 0.042332915392932845, 0.13066422994880095, 0.028289640148147503, 0.05146526480321234, 0.03547944337343361, 0.02269347017007631, 0.01940315948185002, 0.023208026271633948, 0.045000370000439154, 0.030066915015195293, 0.03503213527673167, 0.048744076383951604, 0.02997748705664431, 0.041540982064232394, 0.04346277790836651, 0.03098734926041663, 0.03539003926245248, 0.04758529024177814, 0.03331280128170898]}",/home/ojab2/work/git/vggt/vggt_outputs/lego_1_n50_s42_c0.0_p55000_voxels_farthestpose/eval_results.json,lego_1_n50_s42_c0.0_p55000_voxels_farthestpose,lego_1_n50_s42_c0.0_p55000_voxels_farthestpose_i50_gteval_steps15000_val_step14999.json,53834,vggt |  | ,50.0
vggt,60,42,0.0,66000,voxels,farthestpose,60,GT Eval,,,,,,,,,0.0,,vggt,,,15000,15000,,MCMC,,,,,,,,,,gsplat,16.664579391479492,0.1840599924325943,0.7050898671150208,1000000,0.00800269190222025,0.6300836801528931,0.5137520469458867,64531,/home/ojab2/work/git/gsplat/results/vggt_outputs/lego_1_n60_s42_c0.0_p66000_voxels_farthestpose_i60_gteval_steps15000/stats/val_step14999.json,/home/ojab2/work/git/gsplat/results/vggt_outputs/lego_1_n60_s42_c0.0_p66000_voxels_farthestpose_i60_gteval_steps15000/stats/val_step14999.json,lego_1_n60_s42_c0.0_p66000_voxels_farthestpose_i60_gteval_steps15000,0.6267,0.028956,60,"{'rre': [0.2746400775511351, 0.4268217976015389, 0.3573665130769007, 1.2435968364374372, 0.4173495448102713, 0.7681049459506196, 0.8048243902660722, 0.5843508200622926, 1.2785658716801067, 0.4558391818350328, 0.6221829588629375, 0.5694756004451578, 0.3904207568886925, 0.3592110276400223, 0.9961789514101761, 0.5947254420975335, 0.9960709096829387, 0.3599054596956507, 0.33922285308788913, 0.6165731336392466, 0.5092025541766749, 0.35587003111247384, 0.5006374883272566, 0.435873854682609, 0.39896906486015127, 0.3442425781336262, 0.490921186417544, 1.0869364902147611, 0.8099232447167106, 0.4419326189118999, 0.35816212905466693, 0.5811200813688242, 0.37675769888544935, 0.3108506972768474, 1.265855165573347, 0.612508342401386, 1.182267681937504, 0.9318377866483807, 0.8924794076746542, 0.8201190789107297, 0.44938745524609175, 0.7583428533963589, 0.8344654684867945, 0.6426564147197837, 0.5885442244646627, 0.2614381721527306, 0.5413546576713557, 0.8232500234792528, 0.5946188459275487, 0.565532022461821, 0.47969817755742267, 0.4144704589428659, 0.7564884531746834, 0.809194984927032, 0.6757961197617743, 0.5221997483741895, 0.9208071249869785, 0.563062298754752, 0.5533127163705464, 0.6867438651631187], 'rte': [0.014272838056553938, 0.0512298293056866, 0.013504814147166429, 0.09039598312825181, 0.021482770613124775, 0.025717061539604992, 0.016422267829119954, 0.03896602118857029, 0.07359001843593034, 0.017980479255739513, 0.023799002545550372, 0.014428470562218663, 0.01693244063276052, 0.02238112909296693, 0.02803558749793676, 0.021626918470621998, 0.04812956838158515, 0.011029152852082976, 0.01885671892533508, 0.014607991458779033, 0.02472367490516062, 0.029110060964740243, 0.029209654354750977, 0.024682470534205858, 0.019455467901797634, 0.017239978648558127, 0.014367716845693133, 0.060316681078718216, 0.024197579757373598, 0.041011222831920165, 0.01844443752302613, 0.01662474833020057, 0.017306925957004157, 0.020900141757669348, 0.07301763893685481, 0.028059536459895906, 0.08916613780636881, 0.023154286460565526, 0.05309076680045381, 0.03404899832359833, 0.007386147363551172, 0.020651752569917376, 0.01799936854901903, 0.02977663115541244, 0.026944244225520574, 0.017388799844710787, 0.017755287068708957, 0.034891007038262645, 0.017877859230414583, 0.023727745131239403, 0.05652044832372978, 0.025214151854395624, 0.01984993704391862, 0.020743924128284272, 0.028656536878080438, 0.01833895762441692, 0.03384511321531558, 0.02608868791871692, 0.022924656604974503, 0.029267714196257438]}",/home/ojab2/work/git/vggt/vggt_outputs/lego_1_n60_s42_c0.0_p66000_voxels_farthestpose/eval_results.json,lego_1_n60_s42_c0.0_p66000_voxels_farthestpose,lego_1_n60_s42_c0.0_p66000_voxels_farthestpose_i60_gteval_steps15000_val_step14999.json,64531,vggt |  | ,60.0
vggt,70,42,0.0,77000,voxels,farthestpose,70,GT Eval,,,,,,,,,0.0,,vggt,,,15000,15000,,MCMC,,,,,,,,,,gsplat,18.67510986328125,0.12533718347549438,0.7443328499794006,1000000,0.00565393827855587,0.43215081095695496,0.6101818530105629,75174,/home/ojab2/work/git/gsplat/results/vggt_outputs/lego_1_n70_s42_c0.0_p77000_voxels_farthestpose_i70_gteval_steps15000/stats/val_step14999.json,/home/ojab2/work/git/gsplat/results/vggt_outputs/lego_1_n70_s42_c0.0_p77000_voxels_farthestpose_i70_gteval_steps15000/stats/val_step14999.json,lego_1_n70_s42_c0.0_p77000_voxels_farthestpose_i70_gteval_steps15000,0.4264,0.02124,70,"{'rre': [0.20422541826465312, 0.28739269790542216, 0.3902625555497498, 0.4013414012850939, 0.7686778924882292, 0.31892043960591676, 0.5487981320799461, 0.4696728304629204, 0.4038811010839828, 0.751978381759533, 0.3246373463482153, 0.365002133115243, 0.3845888542372136, 0.20349980055007602, 0.42804339188335694, 0.5692024200938147, 0.33699929480656826, 0.3407753898734557, 0.8026793727106463, 0.45356047533882976, 0.3257796361833251, 0.2665925713798531, 0.4673956103897121, 0.5348182473478819, 0.34189837685471886, 0.24425354127295937, 0.2119074681999189, 0.24242294998181968, 0.49516763173126666, 0.13267750383745122, 0.4263746254309886, 0.45014051814784883, 0.4273199995237841, 0.2517762857584612, 0.8370803406450517, 0.45912731141604995, 0.41219560047364556, 0.4392471882600355, 0.4079340486453438, 0.2132312760451229, 0.415915150613527, 0.6622402612854464, 0.2971126821518808, 0.7669962281248005, 0.2704756501511092, 0.6261685578492537, 0.7065098482740533, 0.5602119703164613, 0.22112799612500572, 0.5519695251262818, 0.5832258751109203, 0.3135825987882899, 0.26365777867994306, 0.2876708718104731, 0.26732218878889785, 0.43353151349857433, 0.5940316646674287, 0.4768602012449125, 0.41960410573607015, 0.24631616750287863, 0.5537384707354414, 0.49488186346889246, 0.46011186992925984, 0.5244717147121466, 0.44718699504640214, 0.3564050492244204, 0.5547439056261652, 0.38709256710344536, 0.22860810787742686, 0.5370963658091896], 'rte': [0.013392300991694944, 0.03529659254192983, 0.009506256131906175, 0.021104095512335427, 0.05968973777468896, 0.01574930149260042, 0.018698212320791358, 0.004164281741098964, 0.029941915603197717, 0.046090410491078156, 0.006703853066583953, 0.017211670387053356, 0.009288123821357498, 0.017023873780280228, 0.01906191495166649, 0.011428731062759925, 0.01474873587499658, 0.01934351186089291, 0.03644036786533561, 0.01481234049186799, 0.009798596224830786, 0.01584235276416188, 0.011609711447101207, 0.026512322933326043, 0.015747020273939163, 0.018705463405508476, 0.023315476429031888, 0.02401925803481868, 0.02123545420108939, 0.019973723580606253, 0.02388946066491214, 0.02331550611398814, 0.01721373751594034, 0.014195541047890723, 0.046483176298180995, 0.011126893460203976, 0.027681251994917257, 0.01920811004364734, 0.00796767286318807, 0.01691380855701278, 0.015135468163776053, 0.037978790683048824, 0.021321586589160186, 0.060191485316104826, 0.010270864114998838, 0.019317791102825707, 0.041419710752017315, 0.028902229958117375, 0.018374244881446462, 0.018024407241672626, 0.016761366376285666, 0.022460394965491615, 0.026231234710580136, 0.013634177484675214, 0.014562511639605568, 0.02140583779283572, 0.02525034638596929, 0.01439783136610023, 0.015036325264955349, 0.03970908113238818, 0.0241835097596711, 0.03465741029647283, 0.010736855229833865, 0.013541149452739725, 0.021782779766775832, 0.008798014578774736, 0.016550264709187565, 0.01279499241042203, 0.02412268192020334, 0.024775012354060696]}",/home/ojab2/work/git/vggt/vggt_outputs/lego_1_n70_s42_c0.0_p77000_voxels_farthestpose/eval_results.json,lego_1_n70_s42_c0.0_p77000_voxels_farthestpose,lego_1_n70_s42_c0.0_p77000_voxels_farthestpose_i70_gteval_steps15000_val_step14999.json,75174,vggt |  | ,70.0
vggt,80,42,0.0,88000,voxels,farthestpose,80,GT Eval,,,,,,,,,0.0,,vggt,,,15000,15000,,MCMC,,,,,,,,,,gsplat,19.997949600219727,0.1060357317328453,0.7595329284667969,1000000,0.005311889573931694,0.33491480350494385,0.6554822963483926,84366,/home/ojab2/work/git/gsplat/results/vggt_outputs/lego_1_n80_s42_c0.0_p88000_voxels_farthestpose_i80_gteval_steps15000/stats/val_step14999.json,/home/ojab2/work/git/gsplat/results/vggt_outputs/lego_1_n80_s42_c0.0_p88000_voxels_farthestpose_i80_gteval_steps15000/stats/val_step14999.json,lego_1_n80_s42_c0.0_p88000_voxels_farthestpose_i80_gteval_steps15000,0.3472,0.018759,80,"{'rre': [0.20512931318182615, 0.2348650999816677, 0.39995849865078953, 0.40165938481400426, 0.4985608419872191, 0.29106653639441676, 0.30147902033202123, 0.42231077111504683, 0.3174555229919122, 0.3087888451058158, 0.2933966016276884, 0.49382693274308975, 0.18521440325017624, 0.28302295958561574, 0.25873948659141, 0.33639684614618687, 0.1494135102479882, 0.4542035119248067, 0.37800738333761436, 0.24629957247833398, 0.3065905677424466, 0.695745542910109, 0.31584568927256657, 0.3257408266492234, 0.25995431162227667, 0.35748714990804126, 0.28830081116543044, 0.5433820311955522, 0.3138737234398111, 0.23103176560419122, 0.10939246560801259, 0.17043005278337453, 0.4100688472526725, 0.3696689947083781, 0.11392488959260401, 0.4215987569674855, 0.45954437700356277, 0.3400877591481787, 0.4306253987962133, 0.16334381490056574, 0.6668274809128116, 0.3628084215950005, 0.38257308933283984, 0.4545617866922921, 0.30758644403339336, 0.343269162357589, 0.1560796957429715, 0.4336477893133593, 0.41248017263090114, 0.18742439511508616, 0.6585123314347638, 0.2620874801376099, 0.4596295442997774, 0.5888390063955785, 0.4468699907284644, 0.19083055710453245, 0.43312789613263963, 0.40832630073674736, 0.21206305647965187, 0.1541997143357344, 0.32324529990190304, 0.22764813530570815, 0.46300980857357055, 0.49236498314763066, 0.3775435368115324, 0.4541529142708246, 0.35532090411919653, 0.16297714479175107, 0.5155533243987234, 0.2947996394214134, 0.426588586081374, 0.3481463559051708, 0.4205636071303626, 0.3495679612715553, 0.3717456772677048, 0.2901329705569454, 0.3793879708443212, 0.3268592067008327, 0.13468267073419074, 0.45227194699544165], 'rte': [0.013815840365108516, 0.02545752414511365, 0.012347273358247302, 0.01945149524259907, 0.04047154336512134, 0.021576339126968203, 0.0168803360518857, 0.015155784562896388, 0.015850048026149036, 0.006062527987152762, 0.020607464478027044, 0.035233201260625895, 0.0162208046914885, 0.004148356190793838, 0.01380906370556938, 0.010201807419062691, 0.01916131632516561, 0.020648843189791218, 0.009213679922713472, 0.014905144964955293, 0.0176578991380215, 0.031005154903865993, 0.009940579110589482, 0.013144419858020524, 0.016089715379100904, 0.009995485531530842, 0.006470290516370292, 0.02641974584028212, 0.016393557135936106, 0.01816683412610658, 0.02306828036281136, 0.025015371152976883, 0.018975468249159768, 0.025537865043409127, 0.0241973607100567, 0.024834441961598185, 0.027360051548996366, 0.013671995281222642, 0.017810697799773016, 0.014868213360599932, 0.03664594459991367, 0.009066418158451732, 0.028664910578114416, 0.02059946343490165, 0.016389177696231716, 0.006517879780412005, 0.017313442499592522, 0.015620577594663508, 0.025904439764329833, 0.019324757644859764, 0.05408771958390644, 0.005999008304808995, 0.015928743474805482, 0.03360389486481457, 0.02942383381034956, 0.019389514210555302, 0.01696179782148494, 0.012280375571374605, 0.02099559821881359, 0.026913058468422107, 0.012662061010556853, 0.017896583271451157, 0.021741195872392444, 0.019981768046812814, 0.013767978647524786, 0.026661197557970362, 0.010035600513057926, 0.03039274397724728, 0.021044167857477196, 0.008892344690409334, 0.029681083025784004, 0.007977226653393416, 0.008783877767653553, 0.016955808848198962, 0.023821359172511186, 0.005117876039434461, 0.008480707887186363, 0.006295451213984511, 0.025190080041785794, 0.021902325653742824]}",/home/ojab2/work/git/vggt/vggt_outputs/lego_1_n80_s42_c0.0_p88000_voxels_farthestpose/eval_results.json,lego_1_n80_s42_c0.0_p88000_voxels_farthestpose,lego_1_n80_s42_c0.0_p88000_voxels_farthestpose_i80_gteval_steps15000_val_step14999.json,84366,vggt |  | ,80.0
vggt,87,42,0.0,95700,voxels,farthestpose,87,GT Eval,,,,,,,,,0.0,,vggt,,,15000,15000,,MCMC,,,,,,,,,,gsplat,20.393997192382812,0.10216377675533295,0.7668149471282959,1000000,0.005195914302021265,0.33023202419281006,0.6694650971285316,96897,/home/ojab2/work/git/gsplat/results/vggt_outputs/lego_1_n87_s42_c0.0_p95700_voxels_farthestpose_i87_gteval_steps15000/stats/val_step14999.json,/home/ojab2/work/git/gsplat/results/vggt_outputs/lego_1_n87_s42_c0.0_p95700_voxels_farthestpose_i87_gteval_steps15000/stats/val_step14999.json,lego_1_n87_s42_c0.0_p95700_voxels_farthestpose_i87_gteval_steps15000,0.3306,0.018825,87,"{'rre': [0.2095773369816027, 0.2320585717686411, 0.4077529666403518, 0.4340923669153102, 0.4651887055672227, 0.25351242200491664, 0.3167062148634217, 0.4071285845159849, 0.32596914392734444, 0.28655731672436274, 0.3001525124761198, 0.43684767263446933, 0.1622631341597539, 0.2884581284379179, 0.23520236115228682, 0.3204967905045965, 0.15480528114137973, 0.4810646863972625, 0.3386515406215489, 0.22633221415468582, 0.3198772581954698, 0.25955596296277605, 0.6574875371805755, 0.3018443378428321, 0.3562301387484214, 0.26979286603396535, 0.32541276333329006, 0.30554202561232824, 0.574456121723799, 0.31742487673790515, 0.24234483527309536, 0.0837948179192538, 0.15479284197826337, 0.36129738891142293, 0.3626006593160225, 0.11486171394030915, 0.42781050465252535, 0.14144317302402312, 0.4635863514349145, 0.32830894925743465, 0.46276259042025236, 0.15260113982858764, 0.6563259955831284, 0.35139549216583615, 0.38989868971458896, 0.19020609884062684, 0.4677734689362332, 0.2844582237591389, 0.3279987206257731, 0.14459026447608223, 0.46849066496863295, 0.2038955425264593, 0.36644400140421607, 0.1823479486819621, 0.6052044272110969, 0.29424013559515355, 0.43079668356790274, 0.5498928768778899, 0.13305943596061828, 0.4297936011449549, 0.20936534193851264, 0.4114893963915454, 0.3644101503416646, 0.2009172432688683, 0.11993357840698912, 0.3315771235196325, 0.2272829057860911, 0.48977735597816124, 0.49583412749458977, 0.3852079178031473, 0.4468093348792375, 0.3487916489462027, 0.17075139736536296, 0.5146901254492435, 0.2673060880380233, 0.4148587060344179, 0.3872152930422016, 0.3587030895724793, 0.4114925974990321, 0.21134999761703696, 0.34889385214938834, 0.3580099117761079, 0.2901444046596865, 0.36309205110155957, 0.31543037634975224, 0.12456830276589077, 0.4546630497760331], 'rte': [0.014742611982183748, 0.025397794283430353, 0.012530460121385282, 0.018808543121259375, 0.038613633147601883, 0.01686353700364245, 0.018161678470818857, 0.015727155341863416, 0.01648583902188679, 0.0043646276100551065, 0.02060527036252288, 0.03199529750787696, 0.014123982212920593, 0.005787722811278293, 0.012749903222771822, 0.010723343673336388, 0.020165602268935934, 0.021429038607861835, 0.010292810382674183, 0.01291328801985046, 0.017121277684102838, 0.01406692095162167, 0.029223924066868776, 0.010933757293126626, 0.015609302675518976, 0.017603420319764126, 0.009718123788505185, 0.006029148243869911, 0.02621186752890215, 0.018043878090019217, 0.0182061207650317, 0.02410433520992528, 0.026831281476581554, 0.01695476267666486, 0.022983447836877332, 0.0257785151575982, 0.023111135748227915, 0.02861453521597367, 0.02607603847387739, 0.012639237124495347, 0.01991459561353232, 0.01577033427140684, 0.03643657242251654, 0.010236734811708486, 0.029403127901919516, 0.015520868633325465, 0.019423205041582764, 0.01407384949977227, 0.008464343270277426, 0.019936764567108526, 0.017241644464219743, 0.013957173160199433, 0.025392391144891318, 0.02068437242857902, 0.05081490967952671, 0.005116468865500986, 0.015273096500617478, 0.030324542193040475, 0.018614349584850885, 0.02705548007063621, 0.021039042708965585, 0.01714163019039401, 0.010709577614329169, 0.022546688732527357, 0.027506644665254435, 0.01324616839166093, 0.020326542123784357, 0.022103870089271963, 0.02012453428965124, 0.015935720444630902, 0.0257332503005085, 0.010026126628119894, 0.027920335555390318, 0.0205005023384302, 0.00730147947286544, 0.02765880895688131, 0.031110096934472704, 0.008764300175192375, 0.008287921984247716, 0.028397026374597314, 0.016792719672288722, 0.02277256652404385, 0.005884160949668689, 0.006833779627114579, 0.005554114967849539, 0.024646996188432142, 0.02288993843313262]}",/home/ojab2/work/git/vggt/vggt_outputs/lego_1_n87_s42_c0.0_p95700_voxels_farthestpose/eval_results.json,lego_1_n87_s42_c0.0_p95700_voxels_farthestpose,lego_1_n87_s42_c0.0_p95700_voxels_farthestpose_i87_gteval_steps15000_val_step14999.json,96897,vggt |  | ,87.0
vggt,10,42,0.0,11000,voxels,farthestpose,10,GT Eval,,,,Pose Opt,,,,,0.0,,vggt,,,15000,15000,,MCMC,,,,,,,,,,gsplat,13.901188850402832,0.3429466485977173,0.6152625679969788,891510,0.023610975593328476,1.797942876815796,0.31196938093952575,800,/home/ojab2/work/git/gsplat/results/vggt_outputs/lego_1_n10_s42_c0.0_p11000_voxels_farthestpose_i10_gteval_poseopt_steps15000/stats/val_step14999.json,/home/ojab2/work/git/gsplat/results/vggt_outputs/lego_1_n10_s42_c0.0_p11000_voxels_farthestpose_i10_gteval_poseopt_steps15000/stats/val_step14999.json,lego_1_n10_s42_c0.0_p11000_voxels_farthestpose_i10_gteval_poseopt_steps15000,2.5925,0.160213,10,"{'rre': [1.6266341599476386, 1.909967985590693, 1.807356551598009, 4.631092461447753, 2.264476975416255, 3.628493869377365, 2.570229115120226, 1.9786642518005249, 2.633868317856109, 2.873787859299574], 'rte': [0.07706887014994765, 0.14197238143952773, 0.12894644115084344, 0.2898727281465943, 0.07991427776018654, 0.21433849377223713, 0.12282756069085203, 0.1649510005378684, 0.20262879884503365, 0.17960747152332585]}",/home/ojab2/work/git/vggt/vggt_outputs/lego_1_n10_s42_c0.0_p11000_voxels_farthestpose/eval_results.json,lego_1_n10_s42_c0.0_p11000_voxels_farthestpose,lego_1_n10_s42_c0.0_p11000_voxels_farthestpose_i10_gteval_poseopt_steps15000_val_step14999.json,800,vggt |  | Pose Opt,10.0
vggt,20,42,0.0,22000,voxels,farthestpose,20,GT Eval,,,,Pose Opt,,,,,0.0,,vggt,,,15000,15000,,MCMC,,,,,,,,,,gsplat,14.324846267700195,0.3999701142311096,0.6432279944419861,17007,0.01729847677052021,1.281259536743164,0.3009692690758212,25,/home/ojab2/work/git/gsplat/results/vggt_outputs/lego_1_n20_s42_c0.0_p22000_voxels_farthestpose_i20_gteval_poseopt_steps15000/stats/val_step14999.json,/home/ojab2/work/git/gsplat/results/vggt_outputs/lego_1_n20_s42_c0.0_p22000_voxels_farthestpose_i20_gteval_poseopt_steps15000/stats/val_step14999.json,lego_1_n20_s42_c0.0_p22000_voxels_farthestpose_i20_gteval_poseopt_steps15000,2.2981,0.141203,20,"{'rre': [0.9212039383890606, 0.9493475062986179, 4.506806982067329, 2.1440545399732835, 1.2124696433302677, 1.431407686699282, 2.921872292868299, 3.6661946055140437, 1.8265750651442512, 0.9007581205475222, 2.503622613868651, 1.5226237283843194, 3.3906450368277548, 2.2562393571881465, 3.2734351116294915, 1.8773893222316467, 2.7866235513340243, 2.242593003670146, 1.9819814468755546, 3.646497007875016], 'rte': [0.057639185103083315, 0.10790200613116233, 0.24482638637207246, 0.10746896454435935, 0.07087230084080429, 0.09888052517893892, 0.11367530738809713, 0.22002879803894312, 0.1264919164141949, 0.06944451879144162, 0.11957861593690397, 0.15445714659527984, 0.2725865961328236, 0.11772466122164776, 0.16088921667093858, 0.1297942321511296, 0.21903880568256756, 0.13576491593298862, 0.1133245085882031, 0.18366822482732104]}",/home/ojab2/work/git/vggt/vggt_outputs/lego_1_n20_s42_c0.0_p22000_voxels_farthestpose/eval_results.json,lego_1_n20_s42_c0.0_p22000_voxels_farthestpose,lego_1_n20_s42_c0.0_p22000_voxels_farthestpose_i20_gteval_poseopt_steps15000_val_step14999.json,25,vggt |  | Pose Opt,20.0
vggt,30,42,0.0,33000,voxels,farthestpose,30,GT Eval,,,,Pose Opt,,,,,0.0,,vggt,,,15000,15000,,MCMC,,,,,,,,,,gsplat,14.080951690673828,0.3155486285686493,0.6269526481628418,1000000,0.029653998091816902,2.064500331878662,0.33904698465922345,31473,/home/ojab2/work/git/gsplat/results/vggt_outputs/lego_1_n30_s42_c0.0_p33000_voxels_farthestpose_i30_gteval_poseopt_steps15000/stats/val_step14999.json,/home/ojab2/work/git/gsplat/results/vggt_outputs/lego_1_n30_s42_c0.0_p33000_voxels_farthestpose_i30_gteval_poseopt_steps15000/stats/val_step14999.json,lego_1_n30_s42_c0.0_p33000_voxels_farthestpose_i30_gteval_poseopt_steps15000,2.2345,0.136023,30,"{'rre': [1.0912133412729819, 0.8582243534724348, 4.5252912250174395, 2.1898825123516295, 1.636146685016254, 1.2256050845927835, 1.1409327841055268, 1.2167208375360354, 2.760998363879725, 0.7971791552259911, 3.699280257010556, 3.1964425655345052, 2.294118047199572, 1.3200697224643898, 0.7912999482719456, 1.9278659521881227, 1.334681538430262, 2.7791052893369996, 3.6756902337421877, 1.8744464442184785, 2.240760361270542, 2.504177069238901, 3.0666662433523277, 2.6464787524542386, 1.7761598007780255, 3.5026215249368953, 3.2809672720501273, 1.9110248527650924, 2.188932854666224, 3.5827092648578995], 'rte': [0.05738150500459426, 0.07264550699250172, 0.27090992727511565, 0.12430919055956172, 0.10410325468182297, 0.102232155620331, 0.06068503938213414, 0.08340058731512627, 0.12071761906714971, 0.054999063969068986, 0.24618116745405563, 0.21863348606856295, 0.07984878425108537, 0.09087287504439767, 0.05813573721563832, 0.10554511188704907, 0.1361844617357109, 0.19684179671696184, 0.25548254004566723, 0.13571731118755237, 0.09504163363331393, 0.13703659255688816, 0.14431382558626826, 0.15017044350638944, 0.1293773929924621, 0.1779633113790436, 0.21517792023225257, 0.13320366157844968, 0.13959272668182457, 0.18397626495913047]}",/home/ojab2/work/git/vggt/vggt_outputs/lego_1_n30_s42_c0.0_p33000_voxels_farthestpose/eval_results.json,lego_1_n30_s42_c0.0_p33000_voxels_farthestpose,lego_1_n30_s42_c0.0_p33000_voxels_farthestpose_i30_gteval_poseopt_steps15000_val_step14999.json,31473,vggt |  | Pose Opt,30.0
vggt,40,42,0.0,44000,voxels,farthestpose,40,GT Eval,,,,Pose Opt,,,,,0.0,,vggt,,,15000,15000,,MCMC,,,,,,,,,,gsplat,14.631043434143066,0.27066144347190857,0.6519755125045776,1000000,0.01510382816195488,1.19911527633667,0.3915752617471632,42428,/home/ojab2/work/git/gsplat/results/vggt_outputs/lego_1_n40_s42_c0.0_p44000_voxels_farthestpose_i40_gteval_poseopt_steps15000/stats/val_step14999.json,/home/ojab2/work/git/gsplat/results/vggt_outputs/lego_1_n40_s42_c0.0_p44000_voxels_farthestpose_i40_gteval_poseopt_steps15000/stats/val_step14999.json,lego_1_n40_s42_c0.0_p44000_voxels_farthestpose_i40_gteval_poseopt_steps15000,1.3219,0.069077,40,"{'rre': [0.8418481981511626, 0.7248766330704984, 2.5636923714847404, 0.34118408687530827, 1.0478067827315882, 1.5317364988671203, 1.830693520509598, 2.5996216980904543, 1.6241417738886212, 1.1989944159185613, 1.0244144544850502, 0.8575540210698517, 1.4682293821111025, 1.1658236446377714, 1.4683547162146804, 0.6722187892147775, 0.7599146616817998, 1.0949932655381467, 1.9923200529867358, 0.6546296847621634, 0.6848511222709956, 1.2405520427393661, 0.51334611848043, 0.4977294507599692, 1.308113915198323, 0.7239527870637251, 2.9204620894497895, 1.9249592030229192, 2.2373388578972992, 1.6534613250741184, 0.7301893473626837, 1.59330426228419, 1.0610069873847165, 2.0260881020779857, 1.1764757512198543, 1.800953502102197, 1.3985373719159333, 1.0093208169335361, 1.6225790243126024, 1.2893476980254457], 'rte': [0.024518096208540938, 0.07814735600410583, 0.15340582514081608, 0.03845183812238804, 0.036914109040427134, 0.03564186218888465, 0.10967828062385812, 0.13883844559692757, 0.0860892356364555, 0.031857492345651155, 0.05952146114468278, 0.04186746180976474, 0.06974410636083071, 0.039694679473822624, 0.07627251161950692, 0.018162408796341532, 0.06025041883936539, 0.09315844700568639, 0.09804550776141209, 0.0364236832233421, 0.04533387952130482, 0.035868929528140296, 0.055379520810414376, 0.0935646147270394, 0.08031483017228755, 0.013654367415682786, 0.15741545248069616, 0.09017995288581386, 0.18415326536598003, 0.04828385230902957, 0.08976408305132778, 0.031882686860047096, 0.0424776364457201, 0.09726481202466156, 0.028557322323779402, 0.07699292240520247, 0.06825128219472272, 0.10741727047531054, 0.05052852130761772, 0.039102451959602325]}",/home/ojab2/work/git/vggt/vggt_outputs/lego_1_n40_s42_c0.0_p44000_voxels_farthestpose/eval_results.json,lego_1_n40_s42_c0.0_p44000_voxels_farthestpose,lego_1_n40_s42_c0.0_p44000_voxels_farthestpose_i40_gteval_poseopt_steps15000_val_step14999.json,42428,vggt |  | Pose Opt,40.0
vggt,50,42,0.0,55000,voxels,farthestpose,50,GT Eval,,,,Pose Opt,,,,,0.0,,vggt,,,15000,15000,,MCMC,,,,,,,,,,gsplat,15.384302139282227,0.22310741245746613,0.6778645515441895,1000000,0.009869219735264778,0.7644074559211731,0.45001862607194354,53834,/home/ojab2/work/git/gsplat/results/vggt_outputs/lego_1_n50_s42_c0.0_p55000_voxels_farthestpose_i50_gteval_poseopt_steps15000/stats/val_step14999.json,/home/ojab2/work/git/gsplat/results/vggt_outputs/lego_1_n50_s42_c0.0_p55000_voxels_farthestpose_i50_gteval_poseopt_steps15000/stats/val_step14999.json,lego_1_n50_s42_c0.0_p55000_voxels_farthestpose_i50_gteval_poseopt_steps15000,0.8706,0.041593,50,"{'rre': [0.4940842973821122, 0.6257792821799902, 0.18370370773690795, 1.763069429868516, 0.41593731821704766, 0.8732502562769348, 1.1207812389280536, 1.0459802019234985, 1.786361577282521, 0.8124732225297495, 0.7999051380905339, 0.7723097119545337, 0.5110029924864755, 0.5894668370636968, 1.4715641997348738, 0.7992062750394983, 1.1423549670649429, 0.47157162844329614, 0.46187241999642104, 0.7004833234325479, 0.5690815998135904, 0.9581933764205887, 0.5701343374288663, 0.11028600718024242, 0.7492856337020223, 1.1323580572335015, 0.4377485662617042, 0.8401883961962258, 0.5220941239183106, 0.3571367485462728, 1.9691899531158168, 1.0236231416834418, 1.6910422923952213, 1.2307685608423455, 0.7171420030089967, 1.1038422279293656, 0.7596814958401631, 0.8683805217616627, 0.9601903538544793, 1.0570394706145225, 0.8871333710599543, 0.9910530994599379, 1.1272433637691104, 0.6572091479394547, 0.7172393848824785, 0.14064647064399166, 1.1161017182766761, 1.2119051537057606, 1.3024705571762378, 0.9124102848998519], 'rte': [0.020255090021312854, 0.06346528225402485, 0.02313721488396963, 0.1183316238334219, 0.02570659522842875, 0.01881568250235813, 0.021931224980772376, 0.05855269556260737, 0.09877439237391684, 0.042351207361021076, 0.0226066682286504, 0.02591517651800781, 0.023159854603167714, 0.036579785275044734, 0.0529332564145283, 0.024358081869018368, 0.05474538516056377, 0.022664638880481147, 0.02208716206041556, 0.03846688451004152, 0.0507516126249178, 0.04785454627381868, 0.02760602567326214, 0.022519822425460148, 0.01875298157138443, 0.06447744787658087, 0.06317324526758539, 0.03427552078193904, 0.01976798630177694, 0.03142892543951212, 0.10956349808560142, 0.042332915392932845, 0.13066422994880095, 0.028289640148147503, 0.05146526480321234, 0.03547944337343361, 0.02269347017007631, 0.01940315948185002, 0.023208026271633948, 0.045000370000439154, 0.030066915015195293, 0.03503213527673167, 0.048744076383951604, 0.02997748705664431, 0.041540982064232394, 0.04346277790836651, 0.03098734926041663, 0.03539003926245248, 0.04758529024177814, 0.03331280128170898]}",/home/ojab2/work/git/vggt/vggt_outputs/lego_1_n50_s42_c0.0_p55000_voxels_farthestpose/eval_results.json,lego_1_n50_s42_c0.0_p55000_voxels_farthestpose,lego_1_n50_s42_c0.0_p55000_voxels_farthestpose_i50_gteval_poseopt_steps15000_val_step14999.json,53834,vggt |  | Pose Opt,50.0
vggt,60,42,0.0,66000,voxels,farthestpose,60,GT Eval,,,,Pose Opt,,,,,0.0,,vggt,,,15000,15000,,MCMC,,,,,,,,,,gsplat,16.56389808654785,0.16957731544971466,0.7061442136764526,1000000,0.00693677831441164,0.5343282222747803,0.5214440793360572,64531,/home/ojab2/work/git/gsplat/results/vggt_outputs/lego_1_n60_s42_c0.0_p66000_voxels_farthestpose_i60_gteval_poseopt_steps15000/stats/val_step14999.json,/home/ojab2/work/git/gsplat/results/vggt_outputs/lego_1_n60_s42_c0.0_p66000_voxels_farthestpose_i60_gteval_poseopt_steps15000/stats/val_step14999.json,lego_1_n60_s42_c0.0_p66000_voxels_farthestpose_i60_gteval_poseopt_steps15000,0.6267,0.028956,60,"{'rre': [0.2746400775511351, 0.4268217976015389, 0.3573665130769007, 1.2435968364374372, 0.4173495448102713, 0.7681049459506196, 0.8048243902660722, 0.5843508200622926, 1.2785658716801067, 0.4558391818350328, 0.6221829588629375, 0.5694756004451578, 0.3904207568886925, 0.3592110276400223, 0.9961789514101761, 0.5947254420975335, 0.9960709096829387, 0.3599054596956507, 0.33922285308788913, 0.6165731336392466, 0.5092025541766749, 0.35587003111247384, 0.5006374883272566, 0.435873854682609, 0.39896906486015127, 0.3442425781336262, 0.490921186417544, 1.0869364902147611, 0.8099232447167106, 0.4419326189118999, 0.35816212905466693, 0.5811200813688242, 0.37675769888544935, 0.3108506972768474, 1.265855165573347, 0.612508342401386, 1.182267681937504, 0.9318377866483807, 0.8924794076746542, 0.8201190789107297, 0.44938745524609175, 0.7583428533963589, 0.8344654684867945, 0.6426564147197837, 0.5885442244646627, 0.2614381721527306, 0.5413546576713557, 0.8232500234792528, 0.5946188459275487, 0.565532022461821, 0.47969817755742267, 0.4144704589428659, 0.7564884531746834, 0.809194984927032, 0.6757961197617743, 0.5221997483741895, 0.9208071249869785, 0.563062298754752, 0.5533127163705464, 0.6867438651631187], 'rte': [0.014272838056553938, 0.0512298293056866, 0.013504814147166429, 0.09039598312825181, 0.021482770613124775, 0.025717061539604992, 0.016422267829119954, 0.03896602118857029, 0.07359001843593034, 0.017980479255739513, 0.023799002545550372, 0.014428470562218663, 0.01693244063276052, 0.02238112909296693, 0.02803558749793676, 0.021626918470621998, 0.04812956838158515, 0.011029152852082976, 0.01885671892533508, 0.014607991458779033, 0.02472367490516062, 0.029110060964740243, 0.029209654354750977, 0.024682470534205858, 0.019455467901797634, 0.017239978648558127, 0.014367716845693133, 0.060316681078718216, 0.024197579757373598, 0.041011222831920165, 0.01844443752302613, 0.01662474833020057, 0.017306925957004157, 0.020900141757669348, 0.07301763893685481, 0.028059536459895906, 0.08916613780636881, 0.023154286460565526, 0.05309076680045381, 0.03404899832359833, 0.007386147363551172, 0.020651752569917376, 0.01799936854901903, 0.02977663115541244, 0.026944244225520574, 0.017388799844710787, 0.017755287068708957, 0.034891007038262645, 0.017877859230414583, 0.023727745131239403, 0.05652044832372978, 0.025214151854395624, 0.01984993704391862, 0.020743924128284272, 0.028656536878080438, 0.01833895762441692, 0.03384511321531558, 0.02608868791871692, 0.022924656604974503, 0.029267714196257438]}",/home/ojab2/work/git/vggt/vggt_outputs/lego_1_n60_s42_c0.0_p66000_voxels_farthestpose/eval_results.json,lego_1_n60_s42_c0.0_p66000_voxels_farthestpose,lego_1_n60_s42_c0.0_p66000_voxels_farthestpose_i60_gteval_poseopt_steps15000_val_step14999.json,64531,vggt |  | Pose Opt,60.0
vggt,70,42,0.0,77000,voxels,farthestpose,70,GT Eval,,,,Pose Opt,,,,,0.0,,vggt,,,15000,15000,,MCMC,,,,,,,,,,gsplat,18.934537887573242,0.0990738719701767,0.7567398548126221,1000000,0.005215562880039215,0.33663591742515564,0.6384535547469327,75174,/home/ojab2/work/git/gsplat/results/vggt_outputs/lego_1_n70_s42_c0.0_p77000_voxels_farthestpose_i70_gteval_poseopt_steps15000/stats/val_step14999.json,/home/ojab2/work/git/gsplat/results/vggt_outputs/lego_1_n70_s42_c0.0_p77000_voxels_farthestpose_i70_gteval_poseopt_steps15000/stats/val_step14999.json,lego_1_n70_s42_c0.0_p77000_voxels_farthestpose_i70_gteval_poseopt_steps15000,0.4264,0.02124,70,"{'rre': [0.20422541826465312, 0.28739269790542216, 0.3902625555497498, 0.4013414012850939, 0.7686778924882292, 0.31892043960591676, 0.5487981320799461, 0.4696728304629204, 0.4038811010839828, 0.751978381759533, 0.3246373463482153, 0.365002133115243, 0.3845888542372136, 0.20349980055007602, 0.42804339188335694, 0.5692024200938147, 0.33699929480656826, 0.3407753898734557, 0.8026793727106463, 0.45356047533882976, 0.3257796361833251, 0.2665925713798531, 0.4673956103897121, 0.5348182473478819, 0.34189837685471886, 0.24425354127295937, 0.2119074681999189, 0.24242294998181968, 0.49516763173126666, 0.13267750383745122, 0.4263746254309886, 0.45014051814784883, 0.4273199995237841, 0.2517762857584612, 0.8370803406450517, 0.45912731141604995, 0.41219560047364556, 0.4392471882600355, 0.4079340486453438, 0.2132312760451229, 0.415915150613527, 0.6622402612854464, 0.2971126821518808, 0.7669962281248005, 0.2704756501511092, 0.6261685578492537, 0.7065098482740533, 0.5602119703164613, 0.22112799612500572, 0.5519695251262818, 0.5832258751109203, 0.3135825987882899, 0.26365777867994306, 0.2876708718104731, 0.26732218878889785, 0.43353151349857433, 0.5940316646674287, 0.4768602012449125, 0.41960410573607015, 0.24631616750287863, 0.5537384707354414, 0.49488186346889246, 0.46011186992925984, 0.5244717147121466, 0.44718699504640214, 0.3564050492244204, 0.5547439056261652, 0.38709256710344536, 0.22860810787742686, 0.5370963658091896], 'rte': [0.013392300991694944, 0.03529659254192983, 0.009506256131906175, 0.021104095512335427, 0.05968973777468896, 0.01574930149260042, 0.018698212320791358, 0.004164281741098964, 0.029941915603197717, 0.046090410491078156, 0.006703853066583953, 0.017211670387053356, 0.009288123821357498, 0.017023873780280228, 0.01906191495166649, 0.011428731062759925, 0.01474873587499658, 0.01934351186089291, 0.03644036786533561, 0.01481234049186799, 0.009798596224830786, 0.01584235276416188, 0.011609711447101207, 0.026512322933326043, 0.015747020273939163, 0.018705463405508476, 0.023315476429031888, 0.02401925803481868, 0.02123545420108939, 0.019973723580606253, 0.02388946066491214, 0.02331550611398814, 0.01721373751594034, 0.014195541047890723, 0.046483176298180995, 0.011126893460203976, 0.027681251994917257, 0.01920811004364734, 0.00796767286318807, 0.01691380855701278, 0.015135468163776053, 0.037978790683048824, 0.021321586589160186, 0.060191485316104826, 0.010270864114998838, 0.019317791102825707, 0.041419710752017315, 0.028902229958117375, 0.018374244881446462, 0.018024407241672626, 0.016761366376285666, 0.022460394965491615, 0.026231234710580136, 0.013634177484675214, 0.014562511639605568, 0.02140583779283572, 0.02525034638596929, 0.01439783136610023, 0.015036325264955349, 0.03970908113238818, 0.0241835097596711, 0.03465741029647283, 0.010736855229833865, 0.013541149452739725, 0.021782779766775832, 0.008798014578774736, 0.016550264709187565, 0.01279499241042203, 0.02412268192020334, 0.024775012354060696]}",/home/ojab2/work/git/vggt/vggt_outputs/lego_1_n70_s42_c0.0_p77000_voxels_farthestpose/eval_results.json,lego_1_n70_s42_c0.0_p77000_voxels_farthestpose,lego_1_n70_s42_c0.0_p77000_voxels_farthestpose_i70_gteval_poseopt_steps15000_val_step14999.json,75174,vggt |  | Pose Opt,70.0
vggt,80,42,0.0,88000,voxels,farthestpose,80,GT Eval,,,,Pose Opt,,,,,0.0,,vggt,,,15000,15000,,MCMC,,,,,,,,,,gsplat,20.254535675048828,0.07491191476583481,0.7707970142364502,1000000,0.005501710344105959,0.25638195872306824,0.6860333076830109,84366,/home/ojab2/work/git/gsplat/results/vggt_outputs/lego_1_n80_s42_c0.0_p88000_voxels_farthestpose_i80_gteval_poseopt_steps15000/stats/val_step14999.json,/home/ojab2/work/git/gsplat/results/vggt_outputs/lego_1_n80_s42_c0.0_p88000_voxels_farthestpose_i80_gteval_poseopt_steps15000/stats/val_step14999.json,lego_1_n80_s42_c0.0_p88000_voxels_farthestpose_i80_gteval_poseopt_steps15000,0.3472,0.018759,80,"{'rre': [0.20512931318182615, 0.2348650999816677, 0.39995849865078953, 0.40165938481400426, 0.4985608419872191, 0.29106653639441676, 0.30147902033202123, 0.42231077111504683, 0.3174555229919122, 0.3087888451058158, 0.2933966016276884, 0.49382693274308975, 0.18521440325017624, 0.28302295958561574, 0.25873948659141, 0.33639684614618687, 0.1494135102479882, 0.4542035119248067, 0.37800738333761436, 0.24629957247833398, 0.3065905677424466, 0.695745542910109, 0.31584568927256657, 0.3257408266492234, 0.25995431162227667, 0.35748714990804126, 0.28830081116543044, 0.5433820311955522, 0.3138737234398111, 0.23103176560419122, 0.10939246560801259, 0.17043005278337453, 0.4100688472526725, 0.3696689947083781, 0.11392488959260401, 0.4215987569674855, 0.45954437700356277, 0.3400877591481787, 0.4306253987962133, 0.16334381490056574, 0.6668274809128116, 0.3628084215950005, 0.38257308933283984, 0.4545617866922921, 0.30758644403339336, 0.343269162357589, 0.1560796957429715, 0.4336477893133593, 0.41248017263090114, 0.18742439511508616, 0.6585123314347638, 0.2620874801376099, 0.4596295442997774, 0.5888390063955785, 0.4468699907284644, 0.19083055710453245, 0.43312789613263963, 0.40832630073674736, 0.21206305647965187, 0.1541997143357344, 0.32324529990190304, 0.22764813530570815, 0.46300980857357055, 0.49236498314763066, 0.3775435368115324, 0.4541529142708246, 0.35532090411919653, 0.16297714479175107, 0.5155533243987234, 0.2947996394214134, 0.426588586081374, 0.3481463559051708, 0.4205636071303626, 0.3495679612715553, 0.3717456772677048, 0.2901329705569454, 0.3793879708443212, 0.3268592067008327, 0.13468267073419074, 0.45227194699544165], 'rte': [0.013815840365108516, 0.02545752414511365, 0.012347273358247302, 0.01945149524259907, 0.04047154336512134, 0.021576339126968203, 0.0168803360518857, 0.015155784562896388, 0.015850048026149036, 0.006062527987152762, 0.020607464478027044, 0.035233201260625895, 0.0162208046914885, 0.004148356190793838, 0.01380906370556938, 0.010201807419062691, 0.01916131632516561, 0.020648843189791218, 0.009213679922713472, 0.014905144964955293, 0.0176578991380215, 0.031005154903865993, 0.009940579110589482, 0.013144419858020524, 0.016089715379100904, 0.009995485531530842, 0.006470290516370292, 0.02641974584028212, 0.016393557135936106, 0.01816683412610658, 0.02306828036281136, 0.025015371152976883, 0.018975468249159768, 0.025537865043409127, 0.0241973607100567, 0.024834441961598185, 0.027360051548996366, 0.013671995281222642, 0.017810697799773016, 0.014868213360599932, 0.03664594459991367, 0.009066418158451732, 0.028664910578114416, 0.02059946343490165, 0.016389177696231716, 0.006517879780412005, 0.017313442499592522, 0.015620577594663508, 0.025904439764329833, 0.019324757644859764, 0.05408771958390644, 0.005999008304808995, 0.015928743474805482, 0.03360389486481457, 0.02942383381034956, 0.019389514210555302, 0.01696179782148494, 0.012280375571374605, 0.02099559821881359, 0.026913058468422107, 0.012662061010556853, 0.017896583271451157, 0.021741195872392444, 0.019981768046812814, 0.013767978647524786, 0.026661197557970362, 0.010035600513057926, 0.03039274397724728, 0.021044167857477196, 0.008892344690409334, 0.029681083025784004, 0.007977226653393416, 0.008783877767653553, 0.016955808848198962, 0.023821359172511186, 0.005117876039434461, 0.008480707887186363, 0.006295451213984511, 0.025190080041785794, 0.021902325653742824]}",/home/ojab2/work/git/vggt/vggt_outputs/lego_1_n80_s42_c0.0_p88000_voxels_farthestpose/eval_results.json,lego_1_n80_s42_c0.0_p88000_voxels_farthestpose,lego_1_n80_s42_c0.0_p88000_voxels_farthestpose_i80_gteval_poseopt_steps15000_val_step14999.json,84366,vggt |  | Pose Opt,80.0
vggt,87,42,0.0,95700,voxels,farthestpose,87,GT Eval,,,,Pose Opt,,,,,0.0,,vggt,,,15000,15000,,MCMC,,,,,,,,,,gsplat,20.690345764160156,0.07090169191360474,0.7779577970504761,1000000,0.006085794419050217,0.2523270547389984,0.7007669033827605,96897,/home/ojab2/work/git/gsplat/results/vggt_outputs/lego_1_n87_s42_c0.0_p95700_voxels_farthestpose_i87_gteval_poseopt_steps15000/stats/val_step14999.json,/home/ojab2/work/git/gsplat/results/vggt_outputs/lego_1_n87_s42_c0.0_p95700_voxels_farthestpose_i87_gteval_poseopt_steps15000/stats/val_step14999.json,lego_1_n87_s42_c0.0_p95700_voxels_farthestpose_i87_gteval_poseopt_steps15000,0.3306,0.018825,87,"{'rre': [0.2095773369816027, 0.2320585717686411, 0.4077529666403518, 0.4340923669153102, 0.4651887055672227, 0.25351242200491664, 0.3167062148634217, 0.4071285845159849, 0.32596914392734444, 0.28655731672436274, 0.3001525124761198, 0.43684767263446933, 0.1622631341597539, 0.2884581284379179, 0.23520236115228682, 0.3204967905045965, 0.15480528114137973, 0.4810646863972625, 0.3386515406215489, 0.22633221415468582, 0.3198772581954698, 0.25955596296277605, 0.6574875371805755, 0.3018443378428321, 0.3562301387484214, 0.26979286603396535, 0.32541276333329006, 0.30554202561232824, 0.574456121723799, 0.31742487673790515, 0.24234483527309536, 0.0837948179192538, 0.15479284197826337, 0.36129738891142293, 0.3626006593160225, 0.11486171394030915, 0.42781050465252535, 0.14144317302402312, 0.4635863514349145, 0.32830894925743465, 0.46276259042025236, 0.15260113982858764, 0.6563259955831284, 0.35139549216583615, 0.38989868971458896, 0.19020609884062684, 0.4677734689362332, 0.2844582237591389, 0.3279987206257731, 0.14459026447608223, 0.46849066496863295, 0.2038955425264593, 0.36644400140421607, 0.1823479486819621, 0.6052044272110969, 0.29424013559515355, 0.43079668356790274, 0.5498928768778899, 0.13305943596061828, 0.4297936011449549, 0.20936534193851264, 0.4114893963915454, 0.3644101503416646, 0.2009172432688683, 0.11993357840698912, 0.3315771235196325, 0.2272829057860911, 0.48977735597816124, 0.49583412749458977, 0.3852079178031473, 0.4468093348792375, 0.3487916489462027, 0.17075139736536296, 0.5146901254492435, 0.2673060880380233, 0.4148587060344179, 0.3872152930422016, 0.3587030895724793, 0.4114925974990321, 0.21134999761703696, 0.34889385214938834, 0.3580099117761079, 0.2901444046596865, 0.36309205110155957, 0.31543037634975224, 0.12456830276589077, 0.4546630497760331], 'rte': [0.014742611982183748, 0.025397794283430353, 0.012530460121385282, 0.018808543121259375, 0.038613633147601883, 0.01686353700364245, 0.018161678470818857, 0.015727155341863416, 0.01648583902188679, 0.0043646276100551065, 0.02060527036252288, 0.03199529750787696, 0.014123982212920593, 0.005787722811278293, 0.012749903222771822, 0.010723343673336388, 0.020165602268935934, 0.021429038607861835, 0.010292810382674183, 0.01291328801985046, 0.017121277684102838, 0.01406692095162167, 0.029223924066868776, 0.010933757293126626, 0.015609302675518976, 0.017603420319764126, 0.009718123788505185, 0.006029148243869911, 0.02621186752890215, 0.018043878090019217, 0.0182061207650317, 0.02410433520992528, 0.026831281476581554, 0.01695476267666486, 0.022983447836877332, 0.0257785151575982, 0.023111135748227915, 0.02861453521597367, 0.02607603847387739, 0.012639237124495347, 0.01991459561353232, 0.01577033427140684, 0.03643657242251654, 0.010236734811708486, 0.029403127901919516, 0.015520868633325465, 0.019423205041582764, 0.01407384949977227, 0.008464343270277426, 0.019936764567108526, 0.017241644464219743, 0.013957173160199433, 0.025392391144891318, 0.02068437242857902, 0.05081490967952671, 0.005116468865500986, 0.015273096500617478, 0.030324542193040475, 0.018614349584850885, 0.02705548007063621, 0.021039042708965585, 0.01714163019039401, 0.010709577614329169, 0.022546688732527357, 0.027506644665254435, 0.01324616839166093, 0.020326542123784357, 0.022103870089271963, 0.02012453428965124, 0.015935720444630902, 0.0257332503005085, 0.010026126628119894, 0.027920335555390318, 0.0205005023384302, 0.00730147947286544, 0.02765880895688131, 0.031110096934472704, 0.008764300175192375, 0.008287921984247716, 0.028397026374597314, 0.016792719672288722, 0.02277256652404385, 0.005884160949668689, 0.006833779627114579, 0.005554114967849539, 0.024646996188432142, 0.02288993843313262]}",/home/ojab2/work/git/vggt/vggt_outputs/lego_1_n87_s42_c0.0_p95700_voxels_farthestpose/eval_results.json,lego_1_n87_s42_c0.0_p95700_voxels_farthestpose,lego_1_n87_s42_c0.0_p95700_voxels_farthestpose_i87_gteval_poseopt_steps15000_val_step14999.json,96897,vggt |  | Pose Opt,87.0
