method,num_images,seed,conf_thres_value,num_points,sampling_mode,image_mode,num_cameras,gt_eval,use_gt_extrinsics,use_gt_intrinsics,use_gt_points,pose_opt,pose_opt_module,eval_opt,depth_loss_mode,error_opa,depth_lambda,depth_conf_mode,choice,camera_type,copy_mode,val_step,num_steps,colmap_mode,splatting_strategy,camera_src,pcd_src,align_mode,align_glue,shared_camera,keep_backup_cams,random_init,use_ba,max_ba_iterations,source,rre,rte,num_aligned,raw_eval_metrics,file_path,sfm_file_path,folder,input_folder,output_folder,plot_series,num_images_jitter
vggt,25,42,0.0,27500,random,farthestpose,,,,,,,,,,,0.0,,vggt,pinhole,,,,,MCMC,,,,,Shared Cam,,,Use BA,50,sfm,0.7176,0.037698,25,"{'rre': [0.9902840389238883, 0.4735638270924235, 0.8169701177475981, 0.8795080557836709, 0.6017859708472126, 0.42227367581767095, 0.3890461880580261, 0.41155903152187, 0.9885013115448331, 0.7456012880825168, 0.37513913095971035, 0.4341200081158681, 1.4616673236660351, 0.42884070794157564, 0.47178954541222945, 0.8850198393768159, 0.5427148273903918, 0.6947074774716233, 1.6244569074606523, 0.7752636554261048, 0.4974101260043026, 0.6052262048894422, 1.0024766220368089, 0.7476256381164569, 0.6738171728752704], 'rte': [0.028622179500926284, 0.023337688840255107, 0.05306385448356812, 0.05598649716005599, 0.0317740859623159, 0.008983312850070133, 0.018827513663827455, 0.03563182985776319, 0.036997914856379197, 0.054450135277721606, 0.01665754968099964, 0.027087839444508027, 0.0655381677275901, 0.020737311271923246, 0.031129659647482405, 0.06898451207962272, 0.020393982874407246, 0.0264685382256628, 0.07687229580947097, 0.03621375192968429, 0.01980109186248776, 0.06168028691278151, 0.04311327447389819, 0.047584614875039885, 0.032524343497570336]}",/home/ojab2/work/git/vggt/vggt_outputs/lego_1_n25_s42_mpinhole_c0.0_p27500_random_farthestpose_useba_maxba50_sharedcam/eval_results.json,/home/ojab2/work/git/vggt/vggt_outputs/lego_1_n25_s42_mpinhole_c0.0_p27500_random_farthestpose_useba_maxba50_sharedcam/eval_results.json,lego_1_n25_s42_mpinhole_c0.0_p27500_random_farthestpose_useba_maxba50_sharedcam,lego_1_n25_s42_mpinhole_c0.0_p27500_random_farthestpose_useba_maxba50_sharedcam,,vggt | random | Use BA | 50.0 | Shared Cam | pinhole,25.0
vggt,25,43,0.0,27500,random,farthestpose,,,,,,,,,,,0.0,,vggt,pinhole,,,,,MCMC,,,,,Shared Cam,,,Use BA,50,sfm,0.7229,0.037209,25,"{'rre': [1.0490686635149327, 0.479651158403165, 0.7422545333698253, 0.865792867952396, 0.592233270464048, 0.37408248845764824, 0.5279468532671843, 0.4865351568339443, 1.0232240054816606, 0.6033567582822813, 0.5481463599667428, 0.5266907622147871, 1.4025130447707654, 0.5383797557762937, 0.40567527193194913, 0.6130334430773605, 0.5313855565507009, 0.8555713866181669, 1.5417912788257955, 0.8626671860873193, 0.5048862388742875, 0.4177017784716616, 1.0278972756315183, 0.7700109170066628, 0.7814201949237037], 'rte': [0.030653665229206845, 0.024430725606526614, 0.041160387867347194, 0.05086383371296142, 0.027035782970830757, 0.0139052168666198, 0.024974140595922997, 0.04236977407880194, 0.03362416244784608, 0.041384157267754317, 0.017606334679371484, 0.02096045901871589, 0.058922045391365245, 0.020265422417212325, 0.02494476734113506, 0.06696193126656916, 0.01863194921127704, 0.045035694278097275, 0.06914856536279564, 0.04936694613840295, 0.017983168746835802, 0.059115497881123275, 0.03787893569856412, 0.04464464651611064, 0.04835385733841466]}",/home/ojab2/work/git/vggt/vggt_outputs/lego_1_n25_s43_mpinhole_c0.0_p27500_random_farthestpose_useba_maxba50_sharedcam/eval_results.json,/home/ojab2/work/git/vggt/vggt_outputs/lego_1_n25_s43_mpinhole_c0.0_p27500_random_farthestpose_useba_maxba50_sharedcam/eval_results.json,lego_1_n25_s43_mpinhole_c0.0_p27500_random_farthestpose_useba_maxba50_sharedcam,lego_1_n25_s43_mpinhole_c0.0_p27500_random_farthestpose_useba_maxba50_sharedcam,,vggt | random | Use BA | 50.0 | Shared Cam | pinhole,25.0
vggt,50,42,0.0,55000,random,farthestpose,,,,,,,,,,,0.0,,vggt,pinhole,,,,,MCMC,,,,,Shared Cam,,,Use BA,50,sfm,0.4792,0.021011,50,"{'rre': [0.5248443993137762, 0.8098089268198407, 0.2599006282644563, 0.34040153493085895, 0.431542030483093, 0.5312584864693896, 0.46977900866206346, 0.840581711045703, 0.48504054413523773, 0.3093441410651835, 0.14528324248728558, 0.30123937105647797, 0.374442119092071, 0.4542260295930099, 0.4866939511549865, 0.05432985693479912, 0.6083814436887587, 0.36762385650788576, 0.3918738008346765, 0.42104729641111455, 0.37205202960454137, 0.6811967148996568, 0.40491940377063773, 0.3173585825120308, 0.4508553155115255, 1.0363417203594008, 0.270127733305357, 0.28145531213836794, 0.35729466043687536, 0.3582990076020579, 0.41240904261325423, 0.6728922703227638, 0.6414942971781188, 0.6105296823968168, 1.039577163696381, 0.3990714329488352, 0.38874964666104306, 0.4579613603084239, 0.5198012144702494, 0.6643033017971415, 0.4685814006780274, 0.4016770636383253, 0.8219167162010764, 0.1235491806488523, 0.5980008334658072, 0.22814435000043135, 0.4929142546202189, 0.8812769776536198, 0.5571566638220198, 0.4424990821741842], 'rte': [0.013507103367010763, 0.029867400828240617, 0.024953781549151934, 0.023705236735547267, 0.0159349589589264, 0.03343616896221499, 0.025564380956895272, 0.027546740280296383, 0.01674873631791155, 0.010148727552533257, 0.029915124979071905, 0.007421967879638705, 0.017831449578271357, 0.022155036517539636, 0.013009109453642368, 0.023128409112155645, 0.024017264762670524, 0.011305782240079812, 0.01326856298304917, 0.014652899013911442, 0.016710567859240116, 0.024526862558352007, 0.015182876963021608, 0.027808073571669093, 0.011444628707924287, 0.04888749072416362, 0.023118271455159472, 0.009212423357377401, 0.012073797634576822, 0.02329203331693633, 0.022798413235495175, 0.022548100696459152, 0.03620316155548291, 0.025939277084107586, 0.04902703906125209, 0.02028512232442699, 0.0033557913661460565, 0.02775072252427158, 0.015521105916612085, 0.022340235145982528, 0.01701323068216501, 0.010019160270017643, 0.030566242095558922, 0.015085582274349557, 0.009351579626837222, 0.020665472590407765, 0.012210307611471611, 0.027575027626969385, 0.03406584189375744, 0.01782787720060363]}",/home/ojab2/work/git/vggt/vggt_outputs/lego_1_n50_s42_mpinhole_c0.0_p55000_random_farthestpose_useba_maxba50_sharedcam/eval_results.json,/home/ojab2/work/git/vggt/vggt_outputs/lego_1_n50_s42_mpinhole_c0.0_p55000_random_farthestpose_useba_maxba50_sharedcam/eval_results.json,lego_1_n50_s42_mpinhole_c0.0_p55000_random_farthestpose_useba_maxba50_sharedcam,lego_1_n50_s42_mpinhole_c0.0_p55000_random_farthestpose_useba_maxba50_sharedcam,,vggt | random | Use BA | 50.0 | Shared Cam | pinhole,50.0
vggt,50,43,0.0,55000,random,farthestpose,,,,,,,,,,,0.0,,vggt,pinhole,,,,,MCMC,,,,,Shared Cam,,,Use BA,50,sfm,0.4501,0.019938,50,"{'rre': [0.5117614308575906, 0.7622768618374328, 0.22035169682279993, 0.3845541571413686, 0.42420027449910447, 0.5415676437193135, 0.45452388685267336, 0.7448690281051292, 0.3666786750970771, 0.2976120222453951, 0.16498450391073607, 0.2670207969636553, 0.3666697640574144, 0.47894317252805585, 0.33195078509878184, 0.1934109368866225, 0.5445103755837374, 0.3537138081474964, 0.40758456053748726, 0.4428974500734593, 0.3677842704399117, 0.6653023834873255, 0.366310533272923, 0.2304849134086958, 0.32109541066104863, 0.5189364494972927, 0.8171472025260772, 0.5351778184415429, 0.37605585485724313, 0.19952687969917376, 0.3771207267399006, 0.3484072820505779, 0.6908942383248018, 0.6476364890745178, 0.5591889261875161, 0.8028837034161491, 0.4319155553095131, 0.3076823961475417, 0.47518104719571047, 0.34964173834412066, 0.686711587345621, 0.4870776837461005, 0.4457977175376308, 0.6812018977420979, 0.10530426776353821, 0.5938110329264417, 0.21486266617488117, 0.5390621018207006, 0.6493678596932513, 0.45428234405810985], 'rte': [0.018098722183893395, 0.02934934585088814, 0.025462867793893517, 0.03151688647600703, 0.019340993236573654, 0.03525566840100348, 0.026059864250265633, 0.02255918254890373, 0.0180119296613474, 0.008681432731454435, 0.018276098436834087, 0.0072463993682884, 0.020798610770501106, 0.025460123045911554, 0.011076343959885548, 0.01599933012053138, 0.017859857021771782, 0.010067227133892699, 0.0020085255420154388, 0.01944002062954602, 0.0048978639094613375, 0.027791709742765826, 0.017667083798167553, 0.01782394349474741, 0.03091308689056066, 0.017246765561447382, 0.03576008900881864, 0.005647703486705566, 0.025916670156992085, 0.0056488898317163284, 0.010270857647464696, 0.02430718847508123, 0.02682593234152069, 0.037212369159117374, 0.025854284421777337, 0.03484464128598305, 0.0225749051706279, 0.009906094047042395, 0.02532114540550023, 0.009657157354949274, 0.02720026581795576, 0.022702422552814475, 0.009250285379671605, 0.020973177299415394, 0.01830408175913969, 0.011762355684143593, 0.018210734451508465, 0.007262317516687479, 0.04240345556321416, 0.02019174738491251]}",/home/ojab2/work/git/vggt/vggt_outputs/lego_1_n50_s43_mpinhole_c0.0_p55000_random_farthestpose_useba_maxba50_sharedcam/eval_results.json,/home/ojab2/work/git/vggt/vggt_outputs/lego_1_n50_s43_mpinhole_c0.0_p55000_random_farthestpose_useba_maxba50_sharedcam/eval_results.json,lego_1_n50_s43_mpinhole_c0.0_p55000_random_farthestpose_useba_maxba50_sharedcam,lego_1_n50_s43_mpinhole_c0.0_p55000_random_farthestpose_useba_maxba50_sharedcam,,vggt | random | Use BA | 50.0 | Shared Cam | pinhole,50.0
vggt,75,42,0.0,82500,random,farthestpose,,,,,,,,,,,0.0,,vggt,pinhole,,,,,MCMC,,,,,Shared Cam,,,Use BA,50,sfm,0.2897,0.014361,75,"{'rre': [0.3850069338537171, 0.5890361478960147, 0.11676908029556304, 0.10569107382920784, 0.1252800853259492, 0.35909972745159074, 0.28443340890944463, 0.1571677224027662, 0.45986319829049777, 0.1485454665378187, 0.2567358389683037, 0.2582917893159108, 0.21011283155263366, 0.29204466838656284, 0.33027145610660985, 0.2531172817895626, 0.22527536834812265, 0.2404950845487798, 0.2612374671053288, 0.4467800071266491, 0.2092773364523644, 0.2504256784646034, 0.24887137292778697, 0.24869693733320658, 0.06562891289246753, 0.06334050683092206, 0.40552001786872527, 0.25049222880956973, 0.49444131202092534, 0.2737701968806033, 0.17154851485623418, 0.3285244928388416, 0.30654897616690907, 0.2074832506283776, 0.27730317147943734, 0.25213411482402737, 0.379038429227285, 0.6890443151570493, 0.26280412026864375, 0.3637106237760319, 0.08248192342200888, 0.20250826024305907, 0.26819590111892355, 0.349530261136655, 0.16395230016031928, 0.15675069057964314, 0.569033090660684, 0.4216380576437626, 0.22318687832771605, 0.2146605208600559, 0.6879642684785653, 0.3697010045047864, 0.20852789970143662, 0.22571503895524048, 0.18223213346506337, 0.5594354183610099, 0.4285541549528188, 0.05102534196587053, 0.3229831806496937, 0.10727562456468889, 0.4777826040112411, 0.087057771691814, 0.40486636361151723, 0.49464375129889787, 0.3296303325679937, 0.15976680316123482, 0.3547763774186753, 0.2745181420239818, 0.4910524040029016, 0.1662378130911768, 0.2823525811315558, 0.21881779156990094, 0.36506797911555927, 0.44232303568386055, 0.1308937568169056], 'rte': [0.008848107614564655, 0.024675278144175677, 0.017860002409662762, 0.013366095395501548, 0.011139307788659077, 0.01564617450063454, 0.028193505382467048, 0.014609999810346407, 0.01495735506926726, 0.006623809505713455, 0.02249215810902911, 0.005929121994726558, 0.002799768404183405, 0.010587572837764677, 0.020798500924972412, 0.016214303588879424, 0.006468808600468713, 0.006340270712690647, 0.022854801395151083, 0.020463917720738904, 0.004541770180451611, 0.0062948728839172805, 0.0038033425629965148, 0.00538133975470623, 0.010228068897921902, 0.015682120324657153, 0.019270520851497264, 0.0030275614621642914, 0.01977289699864608, 0.016290671110624006, 0.00805126376629013, 0.023199022487178467, 0.015768543648718526, 0.012204738195461924, 0.010971026852481861, 0.027566180881126348, 0.00858890235990803, 0.03846799831138208, 0.006926575503937304, 0.013538408020560265, 0.016143912694653567, 0.014667839240138505, 0.008445323418267902, 0.007148622856929718, 0.01614372377044056, 0.006275276770175558, 0.023594785935373393, 0.01914529864702886, 0.018419214024012923, 0.015945327598426182, 0.03836160171419542, 0.014458404965353493, 0.007956221321932657, 0.02532187090406199, 0.009606298677255046, 0.023027328863498307, 0.012636186294708222, 0.01188177796226763, 0.006393895533427553, 0.016796419027583154, 0.018260876006279642, 0.01552208404406467, 0.008997063019001503, 0.02461305453163872, 0.016225894050100515, 0.0071670047437265546, 0.022235418368886428, 0.005379057923301285, 0.014958024936759634, 0.013255710825297582, 0.003438017420032613, 0.0220359472928419, 0.005455058725088236, 0.014230000676565716, 0.012485900960120644]}",/home/ojab2/work/git/vggt/vggt_outputs/lego_1_n75_s42_mpinhole_c0.0_p82500_random_farthestpose_useba_maxba50_sharedcam/eval_results.json,/home/ojab2/work/git/vggt/vggt_outputs/lego_1_n75_s42_mpinhole_c0.0_p82500_random_farthestpose_useba_maxba50_sharedcam/eval_results.json,lego_1_n75_s42_mpinhole_c0.0_p82500_random_farthestpose_useba_maxba50_sharedcam,lego_1_n75_s42_mpinhole_c0.0_p82500_random_farthestpose_useba_maxba50_sharedcam,,vggt | random | Use BA | 50.0 | Shared Cam | pinhole,75.0
vggt,75,43,0.0,82500,random,farthestpose,,,,,,,,,,,0.0,,vggt,pinhole,,,,,MCMC,,,,,Shared Cam,,,Use BA,50,sfm,0.2875,0.014183,75,"{'rre': [0.37984116732784307, 0.5877785990847711, 0.1156179773147063, 0.11146576328325862, 0.12298961730933586, 0.3574717794859251, 0.2766314429905292, 0.1659152095282949, 0.4516035358959182, 0.15661827994817965, 0.2649242981097003, 0.2417785384872365, 0.20475677813571025, 0.2845266577774358, 0.33620624066226734, 0.25189720023683926, 0.22582816599196512, 0.2294810555142728, 0.26459430270497847, 0.4610551677857175, 0.20411320351508677, 0.24265435658296874, 0.26030083514013563, 0.23645366429229425, 0.060853688191303636, 0.06367106367438216, 0.4078025905677553, 0.2589779004325869, 0.4976311201402337, 0.2748904989943747, 0.17002984695295664, 0.3173723510864542, 0.2993126554364343, 0.19856791042406738, 0.2826865703926567, 0.2532970572571091, 0.37529779208123915, 0.6964137014089192, 0.2663630790074788, 0.34828478651387845, 0.0857334917867395, 0.2073146349365089, 0.25541876438881583, 0.3447125388550577, 0.16648132007138536, 0.15310372546382203, 0.566931223181859, 0.3956034526846797, 0.22416647444901533, 0.2144751345529467, 0.6868567777107515, 0.34886266639741004, 0.20843421734209672, 0.22091869735255032, 0.18965210909596378, 0.5602858099185929, 0.41032145072236503, 0.05046463795220696, 0.3180589447088563, 0.11099583844612079, 0.48204627064378974, 0.08702322103050354, 0.41055396053649307, 0.4862507193543902, 0.32869444441546564, 0.14745178478711993, 0.35246895815219415, 0.28199915000160214, 0.4893688119238447, 0.16671338378802206, 0.2879622453920377, 0.2039953501631496, 0.3709197489424537, 0.4215918461551594, 0.121467122869025], 'rte': [0.008899947486304044, 0.02461955531111968, 0.017879761988492372, 0.013552886264639, 0.011020352202454228, 0.015743560462349124, 0.02772043388773388, 0.014956304916928873, 0.014575575142960222, 0.006164399915336161, 0.023097739449913737, 0.005174066552253578, 0.003506333881579562, 0.010174454795543901, 0.021058182422666126, 0.01576029685537309, 0.0067064400707272575, 0.006054871444098583, 0.022698527919287975, 0.02137728396306649, 0.004374858650284306, 0.006445139443775961, 0.0031157580153028538, 0.00517640218147137, 0.009839356814519758, 0.015777560188522454, 0.019355429434548554, 0.0026995524380278757, 0.019795425846327198, 0.01624672153790567, 0.007686213844777447, 0.021941769999068866, 0.01582269423044268, 0.011948103519146016, 0.010478453078371487, 0.027387283082012364, 0.00831709266175755, 0.03864427913518741, 0.006224963797615725, 0.01314556419099098, 0.016181882303777626, 0.015060276945847632, 0.007902694422981494, 0.006607113803910607, 0.016076893660127538, 0.006612018646724357, 0.023538691038090278, 0.018284310513878452, 0.01832634439492017, 0.015853541583693023, 0.03792146217044611, 0.013400557307131473, 0.008089693526009707, 0.024528625062609614, 0.009819797018777195, 0.0231565039016098, 0.012325509832969105, 0.011295663878074931, 0.005758712672034066, 0.016893987127754206, 0.018900611675039522, 0.015115515980226651, 0.009480598922143594, 0.02419943133539609, 0.015714510459045445, 0.00726311865512399, 0.02123649689732939, 0.004971125852054766, 0.014462801990809026, 0.013341226986352213, 0.003933552276839514, 0.020787690589463382, 0.005822583756241483, 0.013504034119843182, 0.01217487281407564]}",/home/ojab2/work/git/vggt/vggt_outputs/lego_1_n75_s43_mpinhole_c0.0_p82500_random_farthestpose_useba_maxba50_sharedcam/eval_results.json,/home/ojab2/work/git/vggt/vggt_outputs/lego_1_n75_s43_mpinhole_c0.0_p82500_random_farthestpose_useba_maxba50_sharedcam/eval_results.json,lego_1_n75_s43_mpinhole_c0.0_p82500_random_farthestpose_useba_maxba50_sharedcam,lego_1_n75_s43_mpinhole_c0.0_p82500_random_farthestpose_useba_maxba50_sharedcam,,vggt | random | Use BA | 50.0 | Shared Cam | pinhole,75.0
vggt,87,42,0.0,95700,random,farthestpose,,,,,,,,,,,0.0,,vggt,pinhole,,,,,MCMC,,,,,Shared Cam,,,Use BA,50,sfm,0.2685,0.015146,87,"{'rre': [0.3558429106513011, 0.5077557257620632, 0.09143251777469757, 0.22877994724318834, 0.19552824593911297, 0.26366989498425986, 0.25230129851849925, 0.3845435299852462, 0.09074109500279437, 0.17620651065120377, 0.3975600379298468, 0.15547632200393136, 0.15409513317028908, 0.16757871397026378, 0.1706957823318486, 0.19772259106638082, 0.24512111217961158, 0.3267096725955512, 0.16497363080761987, 0.14766295420960518, 0.18287831366516094, 0.2453446530762152, 0.44957360316772926, 0.1269761445564383, 0.3065656545197156, 0.30799079809817476, 0.14260305524888203, 0.10650929908781148, 0.13427709775435595, 0.3405506691851303, 0.3276699257973714, 0.3972385680061324, 0.1842362470683797, 0.12912832023313453, 0.26045536034615097, 0.20350792646454563, 0.1527670796154979, 0.20022205535052925, 0.2820821254116687, 0.24556533212599402, 0.2688351719992756, 0.42863407873634074, 0.7693827222456288, 0.2595586034702325, 0.4196968951254278, 0.13314139035183434, 0.14024899183135062, 0.21074388887689327, 0.11446956872428668, 0.4297930832868996, 0.24034127377277412, 0.21956925855724224, 0.14200332808973276, 0.4757526719787327, 0.5571768016812478, 0.25415202319974955, 0.19465487430091694, 0.7765225532312767, 0.19676221201686298, 0.4417821524746949, 0.13446022965148927, 0.3157669453881699, 0.10307582237935559, 0.4728526475643492, 0.23286481009533969, 0.15205139240776602, 0.41314502989274415, 0.17714100670906183, 0.5716194210452331, 0.16018863592160426, 0.2295890344353012, 0.37867155742763986, 0.22988728867366673, 0.3659099933189866, 0.15289037208089162, 0.28350539022907617, 0.22079062119760268, 0.27735702596736145, 0.4187926944166628, 0.20925033675711815, 0.1143640812598073, 0.25774112453096415, 0.32486733154477065, 0.3329797583432783, 0.3455884079716513, 0.20575282442004153, 0.2078459382820782], 'rte': [0.011863406831108602, 0.022060657609032842, 0.018083739748224997, 0.009724774497884696, 0.011327902103232925, 0.011100161119873277, 0.02181957963840135, 0.03405053638458231, 0.004788347186806612, 0.018474632804142067, 0.015664954622770903, 0.006741095081218662, 0.013106195157146157, 0.007374202503452162, 0.004941085191181577, 0.018717011310242483, 0.03217487355630838, 0.018619603152067926, 0.00909045696586507, 0.006610307393376172, 0.01223086149316065, 0.014551099914817263, 0.01851401744866596, 0.007275158732353415, 0.007737393958392165, 0.003306886640992629, 0.006836207424349177, 0.00847141273558562, 0.011175486502836304, 0.026839447925286794, 0.004769770752104951, 0.021244429367830955, 0.027846739084042636, 0.010292359299960013, 0.013373019256206388, 0.011785589820897729, 0.012678113454083144, 0.014904839872732882, 0.017600651442736186, 0.005056688171239052, 0.03480623826219668, 0.015049904595993358, 0.04319215847911012, 0.002732253627173993, 0.018013538193017063, 0.009962646768817153, 0.014449336033291925, 0.005551562466209814, 0.006572377863401153, 0.013319900564365154, 0.019419405544399124, 0.01567139060714116, 0.00860854222935107, 0.022916233291726762, 0.028934576064635762, 0.010354672608886631, 0.0197066248428544, 0.0437820075206042, 0.02304674089740278, 0.021453292571863857, 0.008694352538731026, 0.030797530418656405, 0.01167398917357374, 0.02292591532392305, 0.018039203691547562, 0.014553740359589892, 0.01060445545724501, 0.016109467247102823, 0.027146118635082508, 0.016255180609476092, 0.008044778870999763, 0.010847588251354177, 0.010704237043718498, 0.013683024842696736, 0.010516537694427357, 0.014557325861773867, 0.015945788178326113, 0.0017656354358612431, 0.014066726377322727, 0.0149454397319306, 0.007994121516716924, 0.013292647797157678, 0.005185830176164005, 0.028052803808579333, 0.007816564627663475, 0.015739003352232973, 0.017367142505492594]}",/home/ojab2/work/git/vggt/vggt_outputs/lego_1_n87_s42_mpinhole_c0.0_p95700_random_farthestpose_useba_maxba50_sharedcam/eval_results.json,/home/ojab2/work/git/vggt/vggt_outputs/lego_1_n87_s42_mpinhole_c0.0_p95700_random_farthestpose_useba_maxba50_sharedcam/eval_results.json,lego_1_n87_s42_mpinhole_c0.0_p95700_random_farthestpose_useba_maxba50_sharedcam,lego_1_n87_s42_mpinhole_c0.0_p95700_random_farthestpose_useba_maxba50_sharedcam,,vggt | random | Use BA | 50.0 | Shared Cam | pinhole,87.0
vggt,87,43,0.0,95700,random,farthestpose,,,,,,,,,,,0.0,,vggt,pinhole,,,,,MCMC,,,,,Shared Cam,,,Use BA,50,sfm,0.2685,0.015146,87,"{'rre': [0.3558429106513011, 0.5077557257620632, 0.09143251777469757, 0.22877994724318834, 0.19552824593911297, 0.26366989498425986, 0.25230129851849925, 0.3845435299852462, 0.09074109500279437, 0.17620651065120377, 0.3975600379298468, 0.15547632200393136, 0.15409513317028908, 0.16757871397026378, 0.1706957823318486, 0.19772259106638082, 0.24512111217961158, 0.3267096725955512, 0.16497363080761987, 0.14766295420960518, 0.18287831366516094, 0.2453446530762152, 0.44957360316772926, 0.1269761445564383, 0.3065656545197156, 0.30799079809817476, 0.14260305524888203, 0.10650929908781148, 0.13427709775435595, 0.3405506691851303, 0.3276699257973714, 0.3972385680061324, 0.1842362470683797, 0.12912832023313453, 0.26045536034615097, 0.20350792646454563, 0.1527670796154979, 0.20022205535052925, 0.2820821254116687, 0.24556533212599402, 0.2688351719992756, 0.42863407873634074, 0.7693827222456288, 0.2595586034702325, 0.4196968951254278, 0.13314139035183434, 0.14024899183135062, 0.21074388887689327, 0.11446956872428668, 0.4297930832868996, 0.24034127377277412, 0.21956925855724224, 0.14200332808973276, 0.4757526719787327, 0.5571768016812478, 0.25415202319974955, 0.19465487430091694, 0.7765225532312767, 0.19676221201686298, 0.4417821524746949, 0.13446022965148927, 0.3157669453881699, 0.10307582237935559, 0.4728526475643492, 0.23286481009533969, 0.15205139240776602, 0.41314502989274415, 0.17714100670906183, 0.5716194210452331, 0.16018863592160426, 0.2295890344353012, 0.37867155742763986, 0.22988728867366673, 0.3659099933189866, 0.15289037208089162, 0.28350539022907617, 0.22079062119760268, 0.27735702596736145, 0.4187926944166628, 0.20925033675711815, 0.1143640812598073, 0.25774112453096415, 0.32486733154477065, 0.3329797583432783, 0.3455884079716513, 0.20575282442004153, 0.2078459382820782], 'rte': [0.011863406831108602, 0.022060657609032842, 0.018083739748224997, 0.009724774497884696, 0.011327902103232925, 0.011100161119873277, 0.02181957963840135, 0.03405053638458231, 0.004788347186806612, 0.018474632804142067, 0.015664954622770903, 0.006741095081218662, 0.013106195157146157, 0.007374202503452162, 0.004941085191181577, 0.018717011310242483, 0.03217487355630838, 0.018619603152067926, 0.00909045696586507, 0.006610307393376172, 0.01223086149316065, 0.014551099914817263, 0.01851401744866596, 0.007275158732353415, 0.007737393958392165, 0.003306886640992629, 0.006836207424349177, 0.00847141273558562, 0.011175486502836304, 0.026839447925286794, 0.004769770752104951, 0.021244429367830955, 0.027846739084042636, 0.010292359299960013, 0.013373019256206388, 0.011785589820897729, 0.012678113454083144, 0.014904839872732882, 0.017600651442736186, 0.005056688171239052, 0.03480623826219668, 0.015049904595993358, 0.04319215847911012, 0.002732253627173993, 0.018013538193017063, 0.009962646768817153, 0.014449336033291925, 0.005551562466209814, 0.006572377863401153, 0.013319900564365154, 0.019419405544399124, 0.01567139060714116, 0.00860854222935107, 0.022916233291726762, 0.028934576064635762, 0.010354672608886631, 0.0197066248428544, 0.0437820075206042, 0.02304674089740278, 0.021453292571863857, 0.008694352538731026, 0.030797530418656405, 0.01167398917357374, 0.02292591532392305, 0.018039203691547562, 0.014553740359589892, 0.01060445545724501, 0.016109467247102823, 0.027146118635082508, 0.016255180609476092, 0.008044778870999763, 0.010847588251354177, 0.010704237043718498, 0.013683024842696736, 0.010516537694427357, 0.014557325861773867, 0.015945788178326113, 0.0017656354358612431, 0.014066726377322727, 0.0149454397319306, 0.007994121516716924, 0.013292647797157678, 0.005185830176164005, 0.028052803808579333, 0.007816564627663475, 0.015739003352232973, 0.017367142505492594]}",/home/ojab2/work/git/vggt/vggt_outputs/lego_1_n87_s43_mpinhole_c0.0_p95700_random_farthestpose_useba_maxba50_sharedcam/eval_results.json,/home/ojab2/work/git/vggt/vggt_outputs/lego_1_n87_s43_mpinhole_c0.0_p95700_random_farthestpose_useba_maxba50_sharedcam/eval_results.json,lego_1_n87_s43_mpinhole_c0.0_p95700_random_farthestpose_useba_maxba50_sharedcam,lego_1_n87_s43_mpinhole_c0.0_p95700_random_farthestpose_useba_maxba50_sharedcam,,vggt | random | Use BA | 50.0 | Shared Cam | pinhole,87.0
vggt,25,42,0.0,27500,random,farthestpose,,,,,,,,,,,0.0,,vggt,radial,,,,,MCMC,,,,,Shared Cam,,,Use BA,50,sfm,0.7175,0.037449,25,"{'rre': [0.9991706338845938, 0.4786535176861472, 0.7845096894314327, 0.8740278796463877, 0.6002036502226673, 0.4380463659342889, 0.3998934408015336, 0.4353639765231081, 0.9536360362852181, 0.7104547245536778, 0.382437568600058, 0.428107151021873, 1.4413394996435145, 0.4314038720662019, 0.5086639615662464, 0.9075780034293529, 0.5468591292988487, 0.6960685853643769, 1.60807511650149, 0.7736119662675407, 0.5019288078484716, 0.6296350552513714, 0.9648929031534451, 0.7551509003820868, 0.6887208481287967], 'rte': [0.029459897560434347, 0.023132260136619523, 0.05108199242727931, 0.056226574126575994, 0.032444496366046384, 0.010296305299655376, 0.01944211998785955, 0.034930256380509436, 0.03475474871689836, 0.05225473207527726, 0.01734693897282384, 0.026878845372678154, 0.064746915663948, 0.0198232306249408, 0.03236089080123373, 0.06990313458856774, 0.02114759453863548, 0.025163787867609966, 0.07636943210583551, 0.03495892624144278, 0.020615690889066934, 0.06230083186480752, 0.04054620022936764, 0.04841753681540184, 0.03162381305682656]}",/home/ojab2/work/git/vggt/vggt_outputs/lego_1_n25_s42_mradial_c0.0_p27500_random_farthestpose_useba_maxba50_sharedcam/eval_results.json,/home/ojab2/work/git/vggt/vggt_outputs/lego_1_n25_s42_mradial_c0.0_p27500_random_farthestpose_useba_maxba50_sharedcam/eval_results.json,lego_1_n25_s42_mradial_c0.0_p27500_random_farthestpose_useba_maxba50_sharedcam,lego_1_n25_s42_mradial_c0.0_p27500_random_farthestpose_useba_maxba50_sharedcam,,vggt | random | Use BA | 50.0 | Shared Cam | radial,25.0
vggt,25,43,0.0,27500,random,farthestpose,,,,,,,,,,,0.0,,vggt,radial,,,,,MCMC,,,,,Shared Cam,,,Use BA,50,sfm,0.7225,0.036908,25,"{'rre': [1.0560289233761637, 0.48558169815138036, 0.7179438443360789, 0.8558148353764337, 0.591362782722624, 0.3954776531803902, 0.5415012699519562, 0.5164328397637563, 0.9883052493865633, 0.5765350283952179, 0.5506746380533898, 0.5363156231960537, 1.3840552920798992, 0.5243645590263001, 0.40767215853688427, 0.6415287895805883, 0.5358677921992276, 0.8557036440011819, 1.5269867261029875, 0.8548664818807259, 0.5096739902338591, 0.44559026162897636, 0.9881157313166992, 0.7765342320476668, 0.7996237989498693], 'rte': [0.031148517772826855, 0.023553025215212475, 0.039267870337422794, 0.050717294549408855, 0.02734112305223631, 0.015192827142863139, 0.025837851056962433, 0.04201348899692201, 0.0315849445366858, 0.03933445099221771, 0.017976440490859537, 0.02187957996040219, 0.058334991485123326, 0.019750074177734344, 0.023887449283546684, 0.06742681890796882, 0.019159326963795464, 0.04372212419214337, 0.0688024585895251, 0.049583467490778965, 0.018527012350329598, 0.059337009567461727, 0.0354661696465255, 0.04523888755070288, 0.04761833153589026]}",/home/ojab2/work/git/vggt/vggt_outputs/lego_1_n25_s43_mradial_c0.0_p27500_random_farthestpose_useba_maxba50_sharedcam/eval_results.json,/home/ojab2/work/git/vggt/vggt_outputs/lego_1_n25_s43_mradial_c0.0_p27500_random_farthestpose_useba_maxba50_sharedcam/eval_results.json,lego_1_n25_s43_mradial_c0.0_p27500_random_farthestpose_useba_maxba50_sharedcam,lego_1_n25_s43_mradial_c0.0_p27500_random_farthestpose_useba_maxba50_sharedcam,,vggt | random | Use BA | 50.0 | Shared Cam | radial,25.0
vggt,50,42,0.0,55000,random,farthestpose,,,,,,,,,,,0.0,,vggt,radial,,,,,MCMC,,,,,Shared Cam,,,Use BA,50,sfm,0.4795,0.021441,50,"{'rre': [0.5055103894155424, 0.8375635396631366, 0.3268267874959157, 0.3835014102077787, 0.45126416313833567, 0.5175304758381551, 0.4752123688404926, 0.8503552432410473, 0.4776419910207949, 0.3545135453354504, 0.05501192857612542, 0.31435887292629333, 0.38086550030016647, 0.4543700526485882, 0.4655479165138169, 0.07840231897151645, 0.5716856139138317, 0.33804696931974404, 0.3741593773891874, 0.4577087311731456, 0.35743641910226204, 0.6790817355095321, 0.40542541267043253, 0.32291716094181144, 0.43134241396718, 1.029895633994236, 0.2698910449792366, 0.3001139469824024, 0.33570144105142813, 0.39937476247241727, 0.4287936622096033, 0.6730243976218094, 0.6214277383557919, 0.5949953096288497, 1.037094205140097, 0.3901037007302953, 0.4318897480244265, 0.443859689619841, 0.49436938474978204, 0.6644096900046296, 0.5009027273564431, 0.36792075047409667, 0.8090109393827364, 0.13238300379172283, 0.5799109752881058, 0.19664807709401674, 0.4847962003112968, 0.8758934826076512, 0.5724841454019729, 0.4726801630573552], 'rte': [0.013585029598389293, 0.03316112434378976, 0.02448170047627912, 0.025357544462451264, 0.014276868402946109, 0.0329038966607693, 0.028080383321672956, 0.03027397462363251, 0.019389139720248052, 0.011240101486639687, 0.026681100396386794, 0.005328215238304936, 0.021029811011512946, 0.0203659191233704, 0.01606447962019925, 0.021749566245856323, 0.023759168683371325, 0.013757803396870312, 0.014330049745754657, 0.013839592480555357, 0.01823301165585763, 0.02636653727871867, 0.019096808691150182, 0.024467948479055816, 0.011353141452557771, 0.04954202366811811, 0.020392139258104576, 0.008541371974595454, 0.012649335278638811, 0.022518182087092907, 0.02542332234351708, 0.023913618980974983, 0.03330056907068985, 0.028252340346047844, 0.04984275692129141, 0.0173266863859912, 0.007451898025847581, 0.028406296307500373, 0.017978334987638348, 0.023869333282871576, 0.013791651225725695, 0.009673100556935307, 0.03132130375068066, 0.018360428260551873, 0.008732126089453686, 0.02254591164460001, 0.011045389357472879, 0.02862809590244492, 0.035117214185143505, 0.014278323018353942]}",/home/ojab2/work/git/vggt/vggt_outputs/lego_1_n50_s42_mradial_c0.0_p55000_random_farthestpose_useba_maxba50_sharedcam/eval_results.json,/home/ojab2/work/git/vggt/vggt_outputs/lego_1_n50_s42_mradial_c0.0_p55000_random_farthestpose_useba_maxba50_sharedcam/eval_results.json,lego_1_n50_s42_mradial_c0.0_p55000_random_farthestpose_useba_maxba50_sharedcam,lego_1_n50_s42_mradial_c0.0_p55000_random_farthestpose_useba_maxba50_sharedcam,,vggt | random | Use BA | 50.0 | Shared Cam | radial,50.0
vggt,50,43,0.0,55000,random,farthestpose,,,,,,,,,,,0.0,,vggt,radial,,,,,MCMC,,,,,Shared Cam,,,Use BA,50,sfm,0.4504,0.019955,50,"{'rre': [0.4893704375601336, 0.7910321004151143, 0.27006756411043964, 0.4363282233512609, 0.4318049127020377, 0.5176783353505902, 0.4668731924522349, 0.7485222954399744, 0.37647957320982867, 0.3602252858511003, 0.23458771326896272, 0.29627153272434825, 0.3816078929830368, 0.46186211521697296, 0.3219585685672032, 0.23068571708495245, 0.49194760601525384, 0.289459817291396, 0.36248860366401164, 0.46012535686994027, 0.3225427774304787, 0.6730312347148765, 0.3786303186582973, 0.2487580386647415, 0.3029641473562687, 0.4869341711174896, 0.7998339659999664, 0.5109992187740535, 0.3755937562730967, 0.2313420976582039, 0.3370330351068204, 0.3871375813528736, 0.6952825348114119, 0.6411926015751819, 0.5454638107292008, 0.7911674959259446, 0.44213070656751097, 0.3267124072684411, 0.45284676155020065, 0.33142850394465767, 0.6914306969885434, 0.5213345915545341, 0.39518802667085295, 0.6543409546434551, 0.17087445280383157, 0.5584207742901514, 0.16139625672255528, 0.5159680522520718, 0.663284039309045, 0.48921440686019935], 'rte': [0.017995369466707233, 0.03238209121458704, 0.022857056957831388, 0.03305532081590172, 0.01566206116191737, 0.03395796370433394, 0.028059652236370927, 0.024381109179692245, 0.020981843310182484, 0.010372965461251911, 0.019542663967939057, 0.005430620543863555, 0.022658276163706956, 0.02216996014188155, 0.014460227037030171, 0.015108902650194404, 0.01805951115227715, 0.010525601501387493, 0.004476986884276571, 0.016432655231373796, 0.007522506417405956, 0.03036307320994749, 0.02047852349191002, 0.01709917799382191, 0.025602163819929115, 0.01614707207247642, 0.036116287205369045, 0.005831587051887207, 0.02225843108395852, 0.004334220505030162, 0.0094109812139486, 0.026647754064173305, 0.028762886494293392, 0.034116341998649935, 0.0276750069691078, 0.03543505324525349, 0.018805607584598528, 0.005491722905326014, 0.024603591074665976, 0.01271086679886181, 0.029271381210479095, 0.01998438519774593, 0.006844787456429345, 0.021002816698659006, 0.02210749618117021, 0.010510048721110426, 0.021398684990375505, 0.007806214708236551, 0.0434914346194492, 0.017365292823190978]}",/home/ojab2/work/git/vggt/vggt_outputs/lego_1_n50_s43_mradial_c0.0_p55000_random_farthestpose_useba_maxba50_sharedcam/eval_results.json,/home/ojab2/work/git/vggt/vggt_outputs/lego_1_n50_s43_mradial_c0.0_p55000_random_farthestpose_useba_maxba50_sharedcam/eval_results.json,lego_1_n50_s43_mradial_c0.0_p55000_random_farthestpose_useba_maxba50_sharedcam,lego_1_n50_s43_mradial_c0.0_p55000_random_farthestpose_useba_maxba50_sharedcam,,vggt | random | Use BA | 50.0 | Shared Cam | radial,50.0
vggt,75,42,0.0,82500,random,farthestpose,,,,,,,,,,,0.0,,vggt,radial,,,,,MCMC,,,,,Shared Cam,,,Use BA,50,sfm,0.2868,0.01433,75,"{'rre': [0.38504838126848334, 0.6079233469260836, 0.12567606390174954, 0.11158291389206444, 0.12869753669440628, 0.3717737096557369, 0.26755520241815917, 0.1582692116226588, 0.45909569855901294, 0.1330602448899253, 0.25125910499971277, 0.2953142658045216, 0.22919951133028785, 0.31612880652336056, 0.3350795281174568, 0.24607819646009108, 0.19736235232249202, 0.26164301443411575, 0.24592896200721814, 0.4260762981073124, 0.18814463940816353, 0.23305103817595973, 0.23286498977945205, 0.22166643732743488, 0.0603219255498518, 0.06275030215323464, 0.41925798355662613, 0.23437538679508432, 0.49990518548105456, 0.2801699441467753, 0.17025738202370377, 0.31760397830185927, 0.3124942144443594, 0.22984489070607184, 0.27946098238507444, 0.22176360645677315, 0.37435443806700847, 0.6846974341926851, 0.25672285234073916, 0.35750842178650555, 0.05958243938842825, 0.20840754777342507, 0.3030096534034087, 0.33685659126751666, 0.16137167217253498, 0.15015692423762195, 0.5747941161399106, 0.4169427816696549, 0.19505151267777565, 0.19994714134996722, 0.6863562252631906, 0.36447392761053643, 0.21238709738981779, 0.21423746085172712, 0.15895212828876545, 0.565256548666978, 0.44818635485370184, 0.04424463910769933, 0.3094399217965568, 0.08562557072798832, 0.4681230050671255, 0.1075767131371879, 0.38846977657536935, 0.4723876972878348, 0.3150887844188918, 0.16544592251936097, 0.3451204405797957, 0.2655417723557931, 0.47998231492335636, 0.15839908896005167, 0.26655972390215976, 0.22809890056213075, 0.34941592137579347, 0.4618887847507959, 0.14951311769653383], 'rte': [0.009306007009498648, 0.02628210912234101, 0.016131449014593652, 0.012716951673852681, 0.011566402192564482, 0.01486723399171783, 0.027388878235798685, 0.015713691879429986, 0.014866954941723898, 0.007830378988269892, 0.019299544742235702, 0.007830956705136945, 0.0036279090966884423, 0.011107517412651218, 0.021856528027284824, 0.015018821286596467, 0.006320924250405305, 0.0073338388882920325, 0.019448176455115734, 0.020430259064982678, 0.005181142982525572, 0.006764930747732371, 0.0053148794858908655, 0.004989129804965454, 0.010854672948133394, 0.015094457735285829, 0.018741954840342825, 0.004724262268129573, 0.020714220080960934, 0.01812345455887574, 0.010639424173159061, 0.0204621669322683, 0.015670308597497424, 0.014424464288858067, 0.010988201264593838, 0.024620490233237036, 0.008639954812347991, 0.038716274254335166, 0.008033039120139638, 0.012303355716869116, 0.014656926255233467, 0.014704963157276717, 0.010194301406516556, 0.006296689447333826, 0.014462173013311479, 0.0071340347341911315, 0.02415647714460208, 0.017935310464555283, 0.018240651976743166, 0.016884363491905124, 0.038726886835844576, 0.013192592021030769, 0.00516045962673742, 0.02520344987372782, 0.010946518571422582, 0.023671678761281144, 0.012619122702093487, 0.012383262040928308, 0.005798394651231296, 0.015157005271665603, 0.018378004229189063, 0.01787189877911783, 0.008031178934417356, 0.022759608461523743, 0.01709118965567233, 0.008717907319304271, 0.01962968262949736, 0.006350569742227625, 0.014418308061103726, 0.009725877897347386, 0.0039879382452059605, 0.022651429506603576, 0.004459857498326766, 0.01423674856996744, 0.014940740328393844]}",/home/ojab2/work/git/vggt/vggt_outputs/lego_1_n75_s42_mradial_c0.0_p82500_random_farthestpose_useba_maxba50_sharedcam/eval_results.json,/home/ojab2/work/git/vggt/vggt_outputs/lego_1_n75_s42_mradial_c0.0_p82500_random_farthestpose_useba_maxba50_sharedcam/eval_results.json,lego_1_n75_s42_mradial_c0.0_p82500_random_farthestpose_useba_maxba50_sharedcam,lego_1_n75_s42_mradial_c0.0_p82500_random_farthestpose_useba_maxba50_sharedcam,,vggt | random | Use BA | 50.0 | Shared Cam | radial,75.0
vggt,75,43,0.0,82500,random,farthestpose,,,,,,,,,,,0.0,,vggt,radial,,,,,MCMC,,,,,Shared Cam,,,Use BA,50,sfm,0.2844,0.014122,75,"{'rre': [0.3798495071080599, 0.6060011059672195, 0.1251562059793667, 0.114662390860815, 0.1259969657025461, 0.3697006775694369, 0.261060154232841, 0.16722381377338427, 0.4514902384451195, 0.13903894895644411, 0.25727377735248996, 0.27801381809690523, 0.22138266446768956, 0.3083372804109731, 0.3403661529434408, 0.24515478066857366, 0.19841225333811335, 0.2493277205580845, 0.249256956839267, 0.441388011561804, 0.18321578586285622, 0.22727253034414643, 0.243771833074189, 0.20974966330345834, 0.05965068301635317, 0.0603589843326538, 0.42116443072243803, 0.24205504796920907, 0.5027291227486778, 0.2808722705012169, 0.16736136263417656, 0.3087643004720062, 0.3058744504102672, 0.22046795916056514, 0.2846385129676288, 0.2248730940148859, 0.3708043053192528, 0.6917435419697195, 0.2596321499799243, 0.34245346631239165, 0.06200536046772179, 0.2129747704855951, 0.29010946891746436, 0.3328475195652476, 0.16322867297950366, 0.1468389629084025, 0.572356669134853, 0.3917141691351093, 0.19590414717000618, 0.19863530479605132, 0.6851815801629864, 0.34422077525591277, 0.21125716311617548, 0.2096875870962974, 0.16573900412955883, 0.5657000383823398, 0.42920228324432497, 0.040919294355858477, 0.30578810760270386, 0.08830254684908147, 0.47309220064790325, 0.10623017191545824, 0.39453027062217894, 0.46489796000942524, 0.31417160446582487, 0.15160131568706767, 0.344977717512393, 0.2726982017716434, 0.47910189573762946, 0.15744108119455813, 0.27270924250584955, 0.2133287525511647, 0.3554478781879618, 0.4400025974873647, 0.13897385962009018], 'rte': [0.009361103281048158, 0.026163536102892754, 0.016216677249876812, 0.012865043024130463, 0.011436752650168143, 0.014973770963259208, 0.026976537135094715, 0.01600030680909472, 0.01459649698230793, 0.007209563790972939, 0.020021536313519533, 0.006959826892882411, 0.0035655483642696557, 0.010671624318864573, 0.022031720353132663, 0.0146007186002805, 0.006460060468732574, 0.006682398269582501, 0.019368706909367855, 0.021330559269348078, 0.004922479337337448, 0.0071597765486859115, 0.004468982220342655, 0.004981946926417165, 0.010523345564686398, 0.01518424546825567, 0.018851054133568617, 0.004117583693275899, 0.020616246788697258, 0.017977683823556998, 0.010166253497619872, 0.019285278204249898, 0.01574695863201264, 0.014127612176866066, 0.01048730610495126, 0.024541348195337143, 0.008397227571650923, 0.03884802608163424, 0.007275209369159158, 0.011929150572462613, 0.0147165302291566, 0.015086578685104355, 0.009541709504405253, 0.00585986807795414, 0.01442864294847188, 0.007475861420029909, 0.02401971988935667, 0.017067744738213188, 0.018110050377889136, 0.016767055403087178, 0.03825601397190773, 0.012133104770714775, 0.005382769916065497, 0.02442158002076954, 0.011023852321050728, 0.023714239907352695, 0.012132724848535167, 0.011812722597265644, 0.0053679912691578695, 0.015274282260351544, 0.019052443320283958, 0.017397126697902984, 0.008580927739006393, 0.022410315767109956, 0.016536091912497837, 0.008547277338544336, 0.018737094690272658, 0.005851051909478417, 0.014013626437043993, 0.009877365455277133, 0.004336664097443649, 0.02139005563003142, 0.0048342368036737296, 0.013346269983234826, 0.014561909692863436]}",/home/ojab2/work/git/vggt/vggt_outputs/lego_1_n75_s43_mradial_c0.0_p82500_random_farthestpose_useba_maxba50_sharedcam/eval_results.json,/home/ojab2/work/git/vggt/vggt_outputs/lego_1_n75_s43_mradial_c0.0_p82500_random_farthestpose_useba_maxba50_sharedcam/eval_results.json,lego_1_n75_s43_mradial_c0.0_p82500_random_farthestpose_useba_maxba50_sharedcam,lego_1_n75_s43_mradial_c0.0_p82500_random_farthestpose_useba_maxba50_sharedcam,,vggt | random | Use BA | 50.0 | Shared Cam | radial,75.0
vggt,87,42,0.0,95700,random,farthestpose,,,,,,,,,,,0.0,,vggt,radial,,,,,MCMC,,,,,Shared Cam,,,Use BA,50,sfm,0.2664,0.014903,87,"{'rre': [0.354626750054063, 0.5211674726186938, 0.07758969107359692, 0.21153408279299354, 0.19072362936800707, 0.2665941105367618, 0.25161726678114793, 0.37213604656733085, 0.09301527810891734, 0.18318091659684552, 0.4009001479987098, 0.14103735174878515, 0.1486339140912111, 0.1915243876134546, 0.18321350509694376, 0.1976377892801663, 0.2452540264728884, 0.3131942744181178, 0.14780029500475786, 0.15786168317795238, 0.17768176049636322, 0.24641174357017795, 0.439965594141689, 0.13247143552977172, 0.2888070595699536, 0.2941652881979459, 0.1344370458067002, 0.10241780086972616, 0.11743769723143915, 0.34475241340210006, 0.3126475813669126, 0.4001557688314631, 0.18613733954391992, 0.14711166757665065, 0.25898903298626047, 0.20986561294054057, 0.1398191652785927, 0.2089675512365548, 0.29788055757025833, 0.24468673828028714, 0.24138982176330737, 0.42284985751397086, 0.7682813667364443, 0.25277332791350016, 0.41250185494593505, 0.1365833391231125, 0.11748919786020977, 0.2095323183039748, 0.1347233626899136, 0.41817757078344137, 0.22499103237299262, 0.22054513273712603, 0.1444698738994027, 0.4796174969303665, 0.5517298624244514, 0.22818443247023185, 0.19597500065363765, 0.7768171409845437, 0.1894744739323739, 0.4375027057537572, 0.12535576985411362, 0.30542367186423164, 0.10318092850747654, 0.47666353061025785, 0.2468431167223765, 0.15133770009137215, 0.40121535593631746, 0.1524044483544891, 0.569379987038365, 0.18167279998285277, 0.21670243804917427, 0.37048541583216116, 0.22586487506467737, 0.35772695266663, 0.16795318672796408, 0.28032697175454246, 0.22924486425633425, 0.26996489695085446, 0.41600790204752996, 0.22265031155857148, 0.12371600297446077, 0.25649376938574275, 0.30825080439715463, 0.3366489894846459, 0.33694277554189495, 0.21818455368772796, 0.2294450619269723], 'rte': [0.012240352164752359, 0.0231064939813147, 0.01695788831399979, 0.008517824800093941, 0.011125611474286328, 0.01049041110463226, 0.020419867612687437, 0.033446280592224396, 0.005832096948485689, 0.019090615416294632, 0.015749358287309053, 0.005984008411969319, 0.011159583339919786, 0.00699822622660511, 0.006129928772237203, 0.017555683490054087, 0.03296911387686359, 0.017624308865018756, 0.00840945498556028, 0.0068286918607158445, 0.010059020976404404, 0.013989447803050833, 0.018401443989428876, 0.008651895258260153, 0.006902023204516812, 0.0022551277056977216, 0.0072608645713516965, 0.008891226457081777, 0.01053715885463961, 0.026119325537164926, 0.0034920709566153424, 0.02228585517188283, 0.02900299912313337, 0.01211699138573028, 0.011635694001957063, 0.011981779166172778, 0.012348577203098876, 0.014089625833416008, 0.01886428678204317, 0.005111118437732385, 0.03277452050921707, 0.014959079297875405, 0.043311869230568414, 0.003513301343325299, 0.0170401881370464, 0.009387590895011507, 0.01338996914733723, 0.005843089775668053, 0.005755550173569471, 0.012594802609617282, 0.01818748029783212, 0.015199073182786876, 0.008924175748423378, 0.02368434993064387, 0.028068576144625854, 0.009574338467412256, 0.020318838455961927, 0.04397849870728148, 0.022272027084543806, 0.02048806871105321, 0.007726754312558894, 0.030463261420689287, 0.012492303977184989, 0.023720576153816814, 0.01733279907589829, 0.014826828186208237, 0.009676714240155596, 0.014844669609652118, 0.02721380312333492, 0.01786894803436255, 0.007200022494707065, 0.010409118606054098, 0.010135111988546998, 0.01389973327616898, 0.011701620101024235, 0.012902225789157024, 0.016607897688949082, 0.001954825396185034, 0.014139971305519429, 0.014648327702281045, 0.007767102614941716, 0.01157555239555692, 0.0038854537041106544, 0.02843227371158342, 0.0073097612521728335, 0.014882760657224147, 0.01901398403408902]}",/home/ojab2/work/git/vggt/vggt_outputs/lego_1_n87_s42_mradial_c0.0_p95700_random_farthestpose_useba_maxba50_sharedcam/eval_results.json,/home/ojab2/work/git/vggt/vggt_outputs/lego_1_n87_s42_mradial_c0.0_p95700_random_farthestpose_useba_maxba50_sharedcam/eval_results.json,lego_1_n87_s42_mradial_c0.0_p95700_random_farthestpose_useba_maxba50_sharedcam,lego_1_n87_s42_mradial_c0.0_p95700_random_farthestpose_useba_maxba50_sharedcam,,vggt | random | Use BA | 50.0 | Shared Cam | radial,87.0
vggt,87,43,0.0,95700,random,farthestpose,,,,,,,,,,,0.0,,vggt,radial,,,,,MCMC,,,,,Shared Cam,,,Use BA,50,sfm,0.2664,0.014903,87,"{'rre': [0.354626750054063, 0.5211674726186938, 0.07758969107359692, 0.21153408279299354, 0.19072362936800707, 0.2665941105367618, 0.25161726678114793, 0.37213604656733085, 0.09301527810891734, 0.18318091659684552, 0.4009001479987098, 0.14103735174878515, 0.1486339140912111, 0.1915243876134546, 0.18321350509694376, 0.1976377892801663, 0.2452540264728884, 0.3131942744181178, 0.14780029500475786, 0.15786168317795238, 0.17768176049636322, 0.24641174357017795, 0.439965594141689, 0.13247143552977172, 0.2888070595699536, 0.2941652881979459, 0.1344370458067002, 0.10241780086972616, 0.11743769723143915, 0.34475241340210006, 0.3126475813669126, 0.4001557688314631, 0.18613733954391992, 0.14711166757665065, 0.25898903298626047, 0.20986561294054057, 0.1398191652785927, 0.2089675512365548, 0.29788055757025833, 0.24468673828028714, 0.24138982176330737, 0.42284985751397086, 0.7682813667364443, 0.25277332791350016, 0.41250185494593505, 0.1365833391231125, 0.11748919786020977, 0.2095323183039748, 0.1347233626899136, 0.41817757078344137, 0.22499103237299262, 0.22054513273712603, 0.1444698738994027, 0.4796174969303665, 0.5517298624244514, 0.22818443247023185, 0.19597500065363765, 0.7768171409845437, 0.1894744739323739, 0.4375027057537572, 0.12535576985411362, 0.30542367186423164, 0.10318092850747654, 0.47666353061025785, 0.2468431167223765, 0.15133770009137215, 0.40121535593631746, 0.1524044483544891, 0.569379987038365, 0.18167279998285277, 0.21670243804917427, 0.37048541583216116, 0.22586487506467737, 0.35772695266663, 0.16795318672796408, 0.28032697175454246, 0.22924486425633425, 0.26996489695085446, 0.41600790204752996, 0.22265031155857148, 0.12371600297446077, 0.25649376938574275, 0.30825080439715463, 0.3366489894846459, 0.33694277554189495, 0.21818455368772796, 0.2294450619269723], 'rte': [0.012240352164752359, 0.0231064939813147, 0.01695788831399979, 0.008517824800093941, 0.011125611474286328, 0.01049041110463226, 0.020419867612687437, 0.033446280592224396, 0.005832096948485689, 0.019090615416294632, 0.015749358287309053, 0.005984008411969319, 0.011159583339919786, 0.00699822622660511, 0.006129928772237203, 0.017555683490054087, 0.03296911387686359, 0.017624308865018756, 0.00840945498556028, 0.0068286918607158445, 0.010059020976404404, 0.013989447803050833, 0.018401443989428876, 0.008651895258260153, 0.006902023204516812, 0.0022551277056977216, 0.0072608645713516965, 0.008891226457081777, 0.01053715885463961, 0.026119325537164926, 0.0034920709566153424, 0.02228585517188283, 0.02900299912313337, 0.01211699138573028, 0.011635694001957063, 0.011981779166172778, 0.012348577203098876, 0.014089625833416008, 0.01886428678204317, 0.005111118437732385, 0.03277452050921707, 0.014959079297875405, 0.043311869230568414, 0.003513301343325299, 0.0170401881370464, 0.009387590895011507, 0.01338996914733723, 0.005843089775668053, 0.005755550173569471, 0.012594802609617282, 0.01818748029783212, 0.015199073182786876, 0.008924175748423378, 0.02368434993064387, 0.028068576144625854, 0.009574338467412256, 0.020318838455961927, 0.04397849870728148, 0.022272027084543806, 0.02048806871105321, 0.007726754312558894, 0.030463261420689287, 0.012492303977184989, 0.023720576153816814, 0.01733279907589829, 0.014826828186208237, 0.009676714240155596, 0.014844669609652118, 0.02721380312333492, 0.01786894803436255, 0.007200022494707065, 0.010409118606054098, 0.010135111988546998, 0.01389973327616898, 0.011701620101024235, 0.012902225789157024, 0.016607897688949082, 0.001954825396185034, 0.014139971305519429, 0.014648327702281045, 0.007767102614941716, 0.01157555239555692, 0.0038854537041106544, 0.02843227371158342, 0.0073097612521728335, 0.014882760657224147, 0.01901398403408902]}",/home/ojab2/work/git/vggt/vggt_outputs/lego_1_n87_s43_mradial_c0.0_p95700_random_farthestpose_useba_maxba50_sharedcam/eval_results.json,/home/ojab2/work/git/vggt/vggt_outputs/lego_1_n87_s43_mradial_c0.0_p95700_random_farthestpose_useba_maxba50_sharedcam/eval_results.json,lego_1_n87_s43_mradial_c0.0_p95700_random_farthestpose_useba_maxba50_sharedcam,lego_1_n87_s43_mradial_c0.0_p95700_random_farthestpose_useba_maxba50_sharedcam,,vggt | random | Use BA | 50.0 | Shared Cam | radial,87.0
vggt,25,42,0.0,27500,random,farthestpose,,,,,,,,,,,0.0,,vggt,pinhole,,,,,MCMC,,,,,Shared Cam,,,Use BA,3000,sfm,0.7176,0.037698,25,"{'rre': [0.9902840389238883, 0.4735638270924235, 0.8169701177475981, 0.8795080557836709, 0.6017859708472126, 0.42227367581767095, 0.3890461880580261, 0.41155903152187, 0.9885013115448331, 0.7456012880825168, 0.37513913095971035, 0.4341200081158681, 1.4616673236660351, 0.42884070794157564, 0.47178954541222945, 0.8850198393768159, 0.5427148273903918, 0.6947074774716233, 1.6244569074606523, 0.7752636554261048, 0.4974101260043026, 0.6052262048894422, 1.0024766220368089, 0.7476256381164569, 0.6738171728752704], 'rte': [0.028622179500926284, 0.023337688840255107, 0.05306385448356812, 0.05598649716005599, 0.0317740859623159, 0.008983312850070133, 0.018827513663827455, 0.03563182985776319, 0.036997914856379197, 0.054450135277721606, 0.01665754968099964, 0.027087839444508027, 0.0655381677275901, 0.020737311271923246, 0.031129659647482405, 0.06898451207962272, 0.020393982874407246, 0.0264685382256628, 0.07687229580947097, 0.03621375192968429, 0.01980109186248776, 0.06168028691278151, 0.04311327447389819, 0.047584614875039885, 0.032524343497570336]}",/home/ojab2/work/git/vggt/vggt_outputs/lego_1_n25_s42_mpinhole_c0.0_p27500_random_farthestpose_useba_maxba3000_sharedcam/eval_results.json,/home/ojab2/work/git/vggt/vggt_outputs/lego_1_n25_s42_mpinhole_c0.0_p27500_random_farthestpose_useba_maxba3000_sharedcam/eval_results.json,lego_1_n25_s42_mpinhole_c0.0_p27500_random_farthestpose_useba_maxba3000_sharedcam,lego_1_n25_s42_mpinhole_c0.0_p27500_random_farthestpose_useba_maxba3000_sharedcam,,vggt | random | Use BA | 3000.0 | Shared Cam | pinhole,25.0
vggt,25,43,0.0,27500,random,farthestpose,,,,,,,,,,,0.0,,vggt,pinhole,,,,,MCMC,,,,,Shared Cam,,,Use BA,3000,sfm,0.7229,0.037209,25,"{'rre': [1.0490686637553588, 0.47965115846243417, 0.7422545331783206, 0.8657928680896343, 0.5922332704825105, 0.3740824882043311, 0.527946852967571, 0.48653515670509717, 1.023224005634119, 0.6033567581868376, 0.548146359646254, 0.5266907618881631, 1.4025130448861576, 0.538379756102596, 0.4056752720128072, 0.6130334431166001, 0.531385556261257, 0.8555713865900506, 1.5417912494757984, 0.8626671861861848, 0.5048862385667647, 0.4177017785641525, 1.0278972757485334, 0.7700109170871304, 0.7814201800316002], 'rte': [0.030653665269567382, 0.024430725622028412, 0.04116038788139971, 0.05086383370954998, 0.027035782975672083, 0.013905216862087679, 0.024974140577536146, 0.04236977406871344, 0.033624162437281155, 0.04138415728510274, 0.017606334659089732, 0.020960458998449314, 0.05892204539856671, 0.02026542238386581, 0.024944767350186373, 0.06696193126901408, 0.018631949187957415, 0.045035694292837596, 0.06914856535107045, 0.04936694613732261, 0.017983168725508147, 0.059115497877714494, 0.03787893567851419, 0.04464464650798546, 0.04835385755499242]}",/home/ojab2/work/git/vggt/vggt_outputs/lego_1_n25_s43_mpinhole_c0.0_p27500_random_farthestpose_useba_maxba3000_sharedcam/eval_results.json,/home/ojab2/work/git/vggt/vggt_outputs/lego_1_n25_s43_mpinhole_c0.0_p27500_random_farthestpose_useba_maxba3000_sharedcam/eval_results.json,lego_1_n25_s43_mpinhole_c0.0_p27500_random_farthestpose_useba_maxba3000_sharedcam,lego_1_n25_s43_mpinhole_c0.0_p27500_random_farthestpose_useba_maxba3000_sharedcam,,vggt | random | Use BA | 3000.0 | Shared Cam | pinhole,25.0
vggt,50,42,0.0,55000,random,farthestpose,,,,,,,,,,,0.0,,vggt,pinhole,,,,,MCMC,,,,,Shared Cam,,,Use BA,3000,sfm,0.4792,0.021011,50,"{'rre': [0.5248443993137762, 0.8098089268198407, 0.2599006282644563, 0.34040153493085895, 0.431542030483093, 0.5312584864693896, 0.46977900866206346, 0.840581711045703, 0.48504054413523773, 0.3093441410651835, 0.14528324248728558, 0.30123937105647797, 0.374442119092071, 0.4542260295930099, 0.4866939511549865, 0.05432985693479912, 0.6083814436887587, 0.36762385650788576, 0.3918738008346765, 0.42104729641111455, 0.37205202960454137, 0.6811967148996568, 0.40491940377063773, 0.3173585825120308, 0.4508553155115255, 1.0363417203594008, 0.270127733305357, 0.28145531213836794, 0.35729466043687536, 0.3582990076020579, 0.41240904261325423, 0.6728922703227638, 0.6414942971781188, 0.6105296823968168, 1.039577163696381, 0.3990714329488352, 0.38874964666104306, 0.4579613603084239, 0.5198012144702494, 0.6643033017971415, 0.4685814006780274, 0.4016770636383253, 0.8219167162010764, 0.1235491806488523, 0.5980008334658072, 0.22814435000043135, 0.4929142546202189, 0.8812769776536198, 0.5571566638220198, 0.4424990821741842], 'rte': [0.013507103367010763, 0.029867400828240617, 0.024953781549151934, 0.023705236735547267, 0.0159349589589264, 0.03343616896221499, 0.025564380956895272, 0.027546740280296383, 0.01674873631791155, 0.010148727552533257, 0.029915124979071905, 0.007421967879638705, 0.017831449578271357, 0.022155036517539636, 0.013009109453642368, 0.023128409112155645, 0.024017264762670524, 0.011305782240079812, 0.01326856298304917, 0.014652899013911442, 0.016710567859240116, 0.024526862558352007, 0.015182876963021608, 0.027808073571669093, 0.011444628707924287, 0.04888749072416362, 0.023118271455159472, 0.009212423357377401, 0.012073797634576822, 0.02329203331693633, 0.022798413235495175, 0.022548100696459152, 0.03620316155548291, 0.025939277084107586, 0.04902703906125209, 0.02028512232442699, 0.0033557913661460565, 0.02775072252427158, 0.015521105916612085, 0.022340235145982528, 0.01701323068216501, 0.010019160270017643, 0.030566242095558922, 0.015085582274349557, 0.009351579626837222, 0.020665472590407765, 0.012210307611471611, 0.027575027626969385, 0.03406584189375744, 0.01782787720060363]}",/home/ojab2/work/git/vggt/vggt_outputs/lego_1_n50_s42_mpinhole_c0.0_p55000_random_farthestpose_useba_maxba3000_sharedcam/eval_results.json,/home/ojab2/work/git/vggt/vggt_outputs/lego_1_n50_s42_mpinhole_c0.0_p55000_random_farthestpose_useba_maxba3000_sharedcam/eval_results.json,lego_1_n50_s42_mpinhole_c0.0_p55000_random_farthestpose_useba_maxba3000_sharedcam,lego_1_n50_s42_mpinhole_c0.0_p55000_random_farthestpose_useba_maxba3000_sharedcam,,vggt | random | Use BA | 3000.0 | Shared Cam | pinhole,50.0
vggt,50,43,0.0,55000,random,farthestpose,,,,,,,,,,,0.0,,vggt,pinhole,,,,,MCMC,,,,,Shared Cam,,,Use BA,3000,sfm,0.4501,0.019938,50,"{'rre': [0.5117614308575906, 0.7622768618374328, 0.22035169682279993, 0.3845541571413686, 0.42420027449910447, 0.5415676437193135, 0.45452388685267336, 0.7448690281051292, 0.3666786750970771, 0.2976120222453951, 0.16498450391073607, 0.2670207969636553, 0.3666697640574144, 0.47894317252805585, 0.33195078509878184, 0.1934109368866225, 0.5445103755837374, 0.3537138081474964, 0.40758456053748726, 0.4428974500734593, 0.3677842704399117, 0.6653023834873255, 0.366310533272923, 0.2304849134086958, 0.32109541066104863, 0.5189364494972927, 0.8171472025260772, 0.5351778184415429, 0.37605585485724313, 0.19952687969917376, 0.3771207267399006, 0.3484072820505779, 0.6908942383248018, 0.6476364890745178, 0.5591889261875161, 0.8028837034161491, 0.4319155553095131, 0.3076823961475417, 0.47518104719571047, 0.34964173834412066, 0.686711587345621, 0.4870776837461005, 0.4457977175376308, 0.6812018977420979, 0.10530426776353821, 0.5938110329264417, 0.21486266617488117, 0.5390621018207006, 0.6493678596932513, 0.45428234405810985], 'rte': [0.018098722183893395, 0.02934934585088814, 0.025462867793893517, 0.03151688647600703, 0.019340993236573654, 0.03525566840100348, 0.026059864250265633, 0.02255918254890373, 0.0180119296613474, 0.008681432731454435, 0.018276098436834087, 0.0072463993682884, 0.020798610770501106, 0.025460123045911554, 0.011076343959885548, 0.01599933012053138, 0.017859857021771782, 0.010067227133892699, 0.0020085255420154388, 0.01944002062954602, 0.0048978639094613375, 0.027791709742765826, 0.017667083798167553, 0.01782394349474741, 0.03091308689056066, 0.017246765561447382, 0.03576008900881864, 0.005647703486705566, 0.025916670156992085, 0.0056488898317163284, 0.010270857647464696, 0.02430718847508123, 0.02682593234152069, 0.037212369159117374, 0.025854284421777337, 0.03484464128598305, 0.0225749051706279, 0.009906094047042395, 0.02532114540550023, 0.009657157354949274, 0.02720026581795576, 0.022702422552814475, 0.009250285379671605, 0.020973177299415394, 0.01830408175913969, 0.011762355684143593, 0.018210734451508465, 0.007262317516687479, 0.04240345556321416, 0.02019174738491251]}",/home/ojab2/work/git/vggt/vggt_outputs/lego_1_n50_s43_mpinhole_c0.0_p55000_random_farthestpose_useba_maxba3000_sharedcam/eval_results.json,/home/ojab2/work/git/vggt/vggt_outputs/lego_1_n50_s43_mpinhole_c0.0_p55000_random_farthestpose_useba_maxba3000_sharedcam/eval_results.json,lego_1_n50_s43_mpinhole_c0.0_p55000_random_farthestpose_useba_maxba3000_sharedcam,lego_1_n50_s43_mpinhole_c0.0_p55000_random_farthestpose_useba_maxba3000_sharedcam,,vggt | random | Use BA | 3000.0 | Shared Cam | pinhole,50.0
vggt,75,42,0.0,82500,random,farthestpose,,,,,,,,,,,0.0,,vggt,pinhole,,,,,MCMC,,,,,Shared Cam,,,Use BA,3000,sfm,0.2897,0.014361,75,"{'rre': [0.38500693385939705, 0.5890361479158149, 0.11676908029556304, 0.10569107385679502, 0.1252800853492228, 0.3590997274414413, 0.2844334089043191, 0.15716772238885246, 0.4598631983126894, 0.14854546654272582, 0.2567358389910176, 0.2582917893159108, 0.21011283156997984, 0.292044668376579, 0.3302714560999886, 0.2531172818010819, 0.22527536834165116, 0.24049508456090368, 0.2612374671276512, 0.44678000713643823, 0.20927733644539823, 0.25042567847624647, 0.2488713729395028, 0.24869693732734457, 0.06562891291468119, 0.06334050683092206, 0.405520017854345, 0.25049222882702976, 0.49444131203124514, 0.2737701968779407, 0.1715485148477359, 0.3285244928610297, 0.3065489761716649, 0.20748325062486442, 0.27730317150309525, 0.2521341148066811, 0.37903842923113124, 0.6890443151686864, 0.26280412028528577, 0.3637106237880569, 0.08248192342200888, 0.20250826026825564, 0.26819590112435937, 0.3495302611429113, 0.16395230016031928, 0.15675069059359392, 0.5690330906722131, 0.4216380576558643, 0.22318687832118403, 0.2146605208430772, 0.6879642684912802, 0.3697010045146448, 0.20852789971891467, 0.2257150389487816, 0.1822321334490633, 0.5594354183740397, 0.42855415496302435, 0.0510253419944418, 0.32298318065420745, 0.10727562456468889, 0.47778260402649775, 0.0870577717085599, 0.4048663636295216, 0.494643751294477, 0.32963037862854233, 0.15976680317035977, 0.3547763774412762, 0.27451814204787955, 0.4910524040236838, 0.16623781311310112, 0.2823525811496273, 0.2188177915632385, 0.36506797913352956, 0.44232303569374837, 0.13089375681133675], 'rte': [0.008848107612220607, 0.024675278146681422, 0.01786000240931938, 0.013366095394678017, 0.011139307788179741, 0.01564617449966679, 0.028193505382131372, 0.014609999809240696, 0.01495735507127189, 0.006623809505467537, 0.02249215810793765, 0.0059291219938084495, 0.0027997684045176366, 0.010587572836550685, 0.020798500923684706, 0.016214303587999065, 0.0064688086002524904, 0.00634027071461838, 0.02285480139386371, 0.02046391772291155, 0.004541770180497826, 0.00629487288194231, 0.0038033425637523377, 0.005381339754734929, 0.010228068897885004, 0.015682120324266913, 0.019270520850467394, 0.003027561462201572, 0.01977289699722024, 0.016290671108919814, 0.008051263765930216, 0.02319902248589354, 0.015768543649557945, 0.012204738195470669, 0.010971026851444934, 0.02756618088083135, 0.008588902357393275, 0.03846799831397529, 0.006926575503459704, 0.013538408022302892, 0.016143912694602556, 0.014667839239345512, 0.008445323417883798, 0.007148622854517722, 0.016143723769863685, 0.0062752767696711695, 0.023594785934489097, 0.01914529864899833, 0.018419214024126714, 0.01594532759751889, 0.038361601716859386, 0.01445840496686018, 0.007956221320557708, 0.02532187090370083, 0.009606298676219401, 0.02302732886250903, 0.012636186295533263, 0.011881777962440386, 0.006393895531128456, 0.016796419027374884, 0.018260876008464266, 0.015522084044117503, 0.008997063019834836, 0.024613054532577974, 0.016225893991141865, 0.007167004743462987, 0.022235418367630745, 0.005379057923282298, 0.014958024938031986, 0.013255710824085432, 0.0034380174180847676, 0.02203594729208577, 0.005455058725866392, 0.014230000677054665, 0.012485900960007942]}",/home/ojab2/work/git/vggt/vggt_outputs/lego_1_n75_s42_mpinhole_c0.0_p82500_random_farthestpose_useba_maxba3000_sharedcam/eval_results.json,/home/ojab2/work/git/vggt/vggt_outputs/lego_1_n75_s42_mpinhole_c0.0_p82500_random_farthestpose_useba_maxba3000_sharedcam/eval_results.json,lego_1_n75_s42_mpinhole_c0.0_p82500_random_farthestpose_useba_maxba3000_sharedcam,lego_1_n75_s42_mpinhole_c0.0_p82500_random_farthestpose_useba_maxba3000_sharedcam,,vggt | random | Use BA | 3000.0 | Shared Cam | pinhole,75.0
vggt,75,43,0.0,82500,random,farthestpose,,,,,,,,,,,0.0,,vggt,pinhole,,,,,MCMC,,,,,Shared Cam,,,Use BA,3000,sfm,0.2875,0.014183,75,"{'rre': [0.3798411582046719, 0.587778615010965, 0.11561795596718716, 0.11146576648761156, 0.1229896317113629, 0.35747175748362914, 0.2766314428956681, 0.16591519923897183, 0.45160355378669353, 0.1566182723804757, 0.26492432235292723, 0.2417785238620868, 0.20475679188793056, 0.2845266380609556, 0.3362062202473007, 0.25189719952497264, 0.22582815289672314, 0.22948106667308457, 0.2645943269674211, 0.46105516567347515, 0.2041131898373545, 0.24265435279193145, 0.260300837111578, 0.23645365030269805, 0.06085368968860313, 0.06367105337085265, 0.4078025674664703, 0.25897790174421337, 0.49763111876330557, 0.2748904811536117, 0.1700298356608038, 0.3173723753289228, 0.2993126462332253, 0.19856790314826403, 0.2826865858332454, 0.2532970337744681, 0.37529778188813595, 0.6964137044611434, 0.26636308569849193, 0.3482847918403724, 0.08573348796921802, 0.20731464260855517, 0.2554187547969598, 0.3447125330060364, 0.1664813169845767, 0.15310372548762713, 0.5669312222612499, 0.3956034588149788, 0.22416646705130458, 0.2144751190617884, 0.6868567827348476, 0.3488626680418136, 0.20843423546795675, 0.22091869358446958, 0.1896520927033706, 0.560285808895994, 0.4103214609798705, 0.05046464120218846, 0.31805893636663907, 0.11099583798641803, 0.4820462755704538, 0.08702323279078138, 0.41055396944236583, 0.4862507034639358, 0.32869443935919446, 0.14745178026874634, 0.3524689820467908, 0.2819991600722726, 0.4893688275864408, 0.16671340723259986, 0.2879622532594656, 0.2039953483050479, 0.370919759159571, 0.42159185720352554, 0.12146711944842782], 'rte': [0.00889994802038706, 0.024619556773482994, 0.01787976150383145, 0.01355288545917997, 0.011020351388522788, 0.015743560485272548, 0.027720433464385366, 0.014956304411322344, 0.014575576988115704, 0.006164399550427493, 0.023097739699718362, 0.005174066673975948, 0.0035063339576342505, 0.010174454486632884, 0.021058183259892456, 0.015760296335669766, 0.006706439758128402, 0.006054871877542885, 0.02269852826230923, 0.021377317486113698, 0.004374858503154487, 0.006445138429583787, 0.0031157565289606365, 0.005176401927764163, 0.009839357381639002, 0.01577755933848999, 0.019355429401782743, 0.0026995508101943966, 0.019795426253435996, 0.016246722403787786, 0.007686214054790632, 0.021941770757491083, 0.015822693296676144, 0.011948103951314301, 0.010478453876538132, 0.027387283028115415, 0.008317092405853092, 0.038644278993428934, 0.006224964081813652, 0.013145564219907755, 0.01618188165775795, 0.015060276809627661, 0.00790269472988392, 0.006607113511037404, 0.016076893151894835, 0.006612018061833075, 0.02353869148059271, 0.018284310436111704, 0.018326343001516008, 0.015853541356460367, 0.037921462282208426, 0.013400557332354032, 0.008089693944002082, 0.02452862467205416, 0.009819796841406589, 0.023156504313945288, 0.012325510598566732, 0.011295664332832462, 0.005758711384635808, 0.01689398644220111, 0.018900611300701812, 0.015115516195969124, 0.0094805990365732, 0.0241994307859297, 0.015714508770655104, 0.007263119126511749, 0.02123649790048386, 0.004971126909452627, 0.014462803769485394, 0.013341227047808617, 0.003933553242909231, 0.02078768992386086, 0.005822584243145747, 0.013504035086767945, 0.012174873158423725]}",/home/ojab2/work/git/vggt/vggt_outputs/lego_1_n75_s43_mpinhole_c0.0_p82500_random_farthestpose_useba_maxba3000_sharedcam/eval_results.json,/home/ojab2/work/git/vggt/vggt_outputs/lego_1_n75_s43_mpinhole_c0.0_p82500_random_farthestpose_useba_maxba3000_sharedcam/eval_results.json,lego_1_n75_s43_mpinhole_c0.0_p82500_random_farthestpose_useba_maxba3000_sharedcam,lego_1_n75_s43_mpinhole_c0.0_p82500_random_farthestpose_useba_maxba3000_sharedcam,,vggt | random | Use BA | 3000.0 | Shared Cam | pinhole,75.0
vggt,87,42,0.0,95700,random,farthestpose,,,,,,,,,,,0.0,,vggt,pinhole,,,,,MCMC,,,,,Shared Cam,,,Use BA,3000,sfm,0.2685,0.015146,87,"{'rre': [0.3558429106513011, 0.5077557257620632, 0.09143251777469757, 0.22877994724318834, 0.19552824593911297, 0.26366989498425986, 0.25230129851849925, 0.3845435299852462, 0.09074109500279437, 0.17620651065120377, 0.3975600379298468, 0.15547632200393136, 0.15409513317028908, 0.16757871397026378, 0.1706957823318486, 0.19772259106638082, 0.24512111217961158, 0.3267096725955512, 0.16497363080761987, 0.14766295420960518, 0.18287831366516094, 0.2453446530762152, 0.44957360316772926, 0.1269761445564383, 0.3065656545197156, 0.30799079809817476, 0.14260305524888203, 0.10650929908781148, 0.13427709775435595, 0.3405506691851303, 0.3276699257973714, 0.3972385680061324, 0.1842362470683797, 0.12912832023313453, 0.26045536034615097, 0.20350792646454563, 0.1527670796154979, 0.20022205535052925, 0.2820821254116687, 0.24556533212599402, 0.2688351719992756, 0.42863407873634074, 0.7693827222456288, 0.2595586034702325, 0.4196968951254278, 0.13314139035183434, 0.14024899183135062, 0.21074388887689327, 0.11446956872428668, 0.4297930832868996, 0.24034127377277412, 0.21956925855724224, 0.14200332808973276, 0.4757526719787327, 0.5571768016812478, 0.25415202319974955, 0.19465487430091694, 0.7765225532312767, 0.19676221201686298, 0.4417821524746949, 0.13446022965148927, 0.3157669453881699, 0.10307582237935559, 0.4728526475643492, 0.23286481009533969, 0.15205139240776602, 0.41314502989274415, 0.17714100670906183, 0.5716194210452331, 0.16018863592160426, 0.2295890344353012, 0.37867155742763986, 0.22988728867366673, 0.3659099933189866, 0.15289037208089162, 0.28350539022907617, 0.22079062119760268, 0.27735702596736145, 0.4187926944166628, 0.20925033675711815, 0.1143640812598073, 0.25774112453096415, 0.32486733154477065, 0.3329797583432783, 0.3455884079716513, 0.20575282442004153, 0.2078459382820782], 'rte': [0.011863406831108602, 0.022060657609032842, 0.018083739748224997, 0.009724774497884696, 0.011327902103232925, 0.011100161119873277, 0.02181957963840135, 0.03405053638458231, 0.004788347186806612, 0.018474632804142067, 0.015664954622770903, 0.006741095081218662, 0.013106195157146157, 0.007374202503452162, 0.004941085191181577, 0.018717011310242483, 0.03217487355630838, 0.018619603152067926, 0.00909045696586507, 0.006610307393376172, 0.01223086149316065, 0.014551099914817263, 0.01851401744866596, 0.007275158732353415, 0.007737393958392165, 0.003306886640992629, 0.006836207424349177, 0.00847141273558562, 0.011175486502836304, 0.026839447925286794, 0.004769770752104951, 0.021244429367830955, 0.027846739084042636, 0.010292359299960013, 0.013373019256206388, 0.011785589820897729, 0.012678113454083144, 0.014904839872732882, 0.017600651442736186, 0.005056688171239052, 0.03480623826219668, 0.015049904595993358, 0.04319215847911012, 0.002732253627173993, 0.018013538193017063, 0.009962646768817153, 0.014449336033291925, 0.005551562466209814, 0.006572377863401153, 0.013319900564365154, 0.019419405544399124, 0.01567139060714116, 0.00860854222935107, 0.022916233291726762, 0.028934576064635762, 0.010354672608886631, 0.0197066248428544, 0.0437820075206042, 0.02304674089740278, 0.021453292571863857, 0.008694352538731026, 0.030797530418656405, 0.01167398917357374, 0.02292591532392305, 0.018039203691547562, 0.014553740359589892, 0.01060445545724501, 0.016109467247102823, 0.027146118635082508, 0.016255180609476092, 0.008044778870999763, 0.010847588251354177, 0.010704237043718498, 0.013683024842696736, 0.010516537694427357, 0.014557325861773867, 0.015945788178326113, 0.0017656354358612431, 0.014066726377322727, 0.0149454397319306, 0.007994121516716924, 0.013292647797157678, 0.005185830176164005, 0.028052803808579333, 0.007816564627663475, 0.015739003352232973, 0.017367142505492594]}",/home/ojab2/work/git/vggt/vggt_outputs/lego_1_n87_s42_mpinhole_c0.0_p95700_random_farthestpose_useba_maxba3000_sharedcam/eval_results.json,/home/ojab2/work/git/vggt/vggt_outputs/lego_1_n87_s42_mpinhole_c0.0_p95700_random_farthestpose_useba_maxba3000_sharedcam/eval_results.json,lego_1_n87_s42_mpinhole_c0.0_p95700_random_farthestpose_useba_maxba3000_sharedcam,lego_1_n87_s42_mpinhole_c0.0_p95700_random_farthestpose_useba_maxba3000_sharedcam,,vggt | random | Use BA | 3000.0 | Shared Cam | pinhole,87.0
vggt,87,43,0.0,95700,random,farthestpose,,,,,,,,,,,0.0,,vggt,pinhole,,,,,MCMC,,,,,Shared Cam,,,Use BA,3000,sfm,0.2685,0.015146,87,"{'rre': [0.3558429106513011, 0.5077557257620632, 0.09143251777469757, 0.22877994724318834, 0.19552824593911297, 0.26366989498425986, 0.25230129851849925, 0.3845435299852462, 0.09074109500279437, 0.17620651065120377, 0.3975600379298468, 0.15547632200393136, 0.15409513317028908, 0.16757871397026378, 0.1706957823318486, 0.19772259106638082, 0.24512111217961158, 0.3267096725955512, 0.16497363080761987, 0.14766295420960518, 0.18287831366516094, 0.2453446530762152, 0.44957360316772926, 0.1269761445564383, 0.3065656545197156, 0.30799079809817476, 0.14260305524888203, 0.10650929908781148, 0.13427709775435595, 0.3405506691851303, 0.3276699257973714, 0.3972385680061324, 0.1842362470683797, 0.12912832023313453, 0.26045536034615097, 0.20350792646454563, 0.1527670796154979, 0.20022205535052925, 0.2820821254116687, 0.24556533212599402, 0.2688351719992756, 0.42863407873634074, 0.7693827222456288, 0.2595586034702325, 0.4196968951254278, 0.13314139035183434, 0.14024899183135062, 0.21074388887689327, 0.11446956872428668, 0.4297930832868996, 0.24034127377277412, 0.21956925855724224, 0.14200332808973276, 0.4757526719787327, 0.5571768016812478, 0.25415202319974955, 0.19465487430091694, 0.7765225532312767, 0.19676221201686298, 0.4417821524746949, 0.13446022965148927, 0.3157669453881699, 0.10307582237935559, 0.4728526475643492, 0.23286481009533969, 0.15205139240776602, 0.41314502989274415, 0.17714100670906183, 0.5716194210452331, 0.16018863592160426, 0.2295890344353012, 0.37867155742763986, 0.22988728867366673, 0.3659099933189866, 0.15289037208089162, 0.28350539022907617, 0.22079062119760268, 0.27735702596736145, 0.4187926944166628, 0.20925033675711815, 0.1143640812598073, 0.25774112453096415, 0.32486733154477065, 0.3329797583432783, 0.3455884079716513, 0.20575282442004153, 0.2078459382820782], 'rte': [0.011863406831108602, 0.022060657609032842, 0.018083739748224997, 0.009724774497884696, 0.011327902103232925, 0.011100161119873277, 0.02181957963840135, 0.03405053638458231, 0.004788347186806612, 0.018474632804142067, 0.015664954622770903, 0.006741095081218662, 0.013106195157146157, 0.007374202503452162, 0.004941085191181577, 0.018717011310242483, 0.03217487355630838, 0.018619603152067926, 0.00909045696586507, 0.006610307393376172, 0.01223086149316065, 0.014551099914817263, 0.01851401744866596, 0.007275158732353415, 0.007737393958392165, 0.003306886640992629, 0.006836207424349177, 0.00847141273558562, 0.011175486502836304, 0.026839447925286794, 0.004769770752104951, 0.021244429367830955, 0.027846739084042636, 0.010292359299960013, 0.013373019256206388, 0.011785589820897729, 0.012678113454083144, 0.014904839872732882, 0.017600651442736186, 0.005056688171239052, 0.03480623826219668, 0.015049904595993358, 0.04319215847911012, 0.002732253627173993, 0.018013538193017063, 0.009962646768817153, 0.014449336033291925, 0.005551562466209814, 0.006572377863401153, 0.013319900564365154, 0.019419405544399124, 0.01567139060714116, 0.00860854222935107, 0.022916233291726762, 0.028934576064635762, 0.010354672608886631, 0.0197066248428544, 0.0437820075206042, 0.02304674089740278, 0.021453292571863857, 0.008694352538731026, 0.030797530418656405, 0.01167398917357374, 0.02292591532392305, 0.018039203691547562, 0.014553740359589892, 0.01060445545724501, 0.016109467247102823, 0.027146118635082508, 0.016255180609476092, 0.008044778870999763, 0.010847588251354177, 0.010704237043718498, 0.013683024842696736, 0.010516537694427357, 0.014557325861773867, 0.015945788178326113, 0.0017656354358612431, 0.014066726377322727, 0.0149454397319306, 0.007994121516716924, 0.013292647797157678, 0.005185830176164005, 0.028052803808579333, 0.007816564627663475, 0.015739003352232973, 0.017367142505492594]}",/home/ojab2/work/git/vggt/vggt_outputs/lego_1_n87_s43_mpinhole_c0.0_p95700_random_farthestpose_useba_maxba3000_sharedcam/eval_results.json,/home/ojab2/work/git/vggt/vggt_outputs/lego_1_n87_s43_mpinhole_c0.0_p95700_random_farthestpose_useba_maxba3000_sharedcam/eval_results.json,lego_1_n87_s43_mpinhole_c0.0_p95700_random_farthestpose_useba_maxba3000_sharedcam,lego_1_n87_s43_mpinhole_c0.0_p95700_random_farthestpose_useba_maxba3000_sharedcam,,vggt | random | Use BA | 3000.0 | Shared Cam | pinhole,87.0
vggt,25,42,0.0,27500,random,farthestpose,,,,,,,,,,,0.0,,vggt,radial,,,,,MCMC,,,,,Shared Cam,,,Use BA,3000,sfm,0.7175,0.037449,25,"{'rre': [0.9991706338845938, 0.4786535176861472, 0.7845096894314327, 0.8740278796463877, 0.6002036502226673, 0.4380463659342889, 0.3998934408015336, 0.4353639765231081, 0.9536360362852181, 0.7104547245536778, 0.382437568600058, 0.428107151021873, 1.4413394996435145, 0.4314038720662019, 0.5086639615662464, 0.9075780034293529, 0.5468591292988487, 0.6960685853643769, 1.60807511650149, 0.7736119662675407, 0.5019288078484716, 0.6296350552513714, 0.9648929031534451, 0.7551509003820868, 0.6887208481287967], 'rte': [0.029459897560434347, 0.023132260136619523, 0.05108199242727931, 0.056226574126575994, 0.032444496366046384, 0.010296305299655376, 0.01944211998785955, 0.034930256380509436, 0.03475474871689836, 0.05225473207527726, 0.01734693897282384, 0.026878845372678154, 0.064746915663948, 0.0198232306249408, 0.03236089080123373, 0.06990313458856774, 0.02114759453863548, 0.025163787867609966, 0.07636943210583551, 0.03495892624144278, 0.020615690889066934, 0.06230083186480752, 0.04054620022936764, 0.04841753681540184, 0.03162381305682656]}",/home/ojab2/work/git/vggt/vggt_outputs/lego_1_n25_s42_mradial_c0.0_p27500_random_farthestpose_useba_maxba3000_sharedcam/eval_results.json,/home/ojab2/work/git/vggt/vggt_outputs/lego_1_n25_s42_mradial_c0.0_p27500_random_farthestpose_useba_maxba3000_sharedcam/eval_results.json,lego_1_n25_s42_mradial_c0.0_p27500_random_farthestpose_useba_maxba3000_sharedcam,lego_1_n25_s42_mradial_c0.0_p27500_random_farthestpose_useba_maxba3000_sharedcam,,vggt | random | Use BA | 3000.0 | Shared Cam | radial,25.0
vggt,25,43,0.0,27500,random,farthestpose,,,,,,,,,,,0.0,,vggt,radial,,,,,MCMC,,,,,Shared Cam,,,Use BA,3000,sfm,0.7225,0.036908,25,"{'rre': [1.0560289233761637, 0.48558169815138036, 0.7179438443360789, 0.8558148353764337, 0.591362782722624, 0.3954776531803902, 0.5415012699519562, 0.5164328397637563, 0.9883052493865633, 0.5765350283952179, 0.5506746380533898, 0.5363156231960537, 1.3840552920798992, 0.5243645590263001, 0.40767215853688427, 0.6415287895805883, 0.5358677921992276, 0.8557036440011819, 1.5269867261029875, 0.8548664818807259, 0.5096739902338591, 0.44559026162897636, 0.9881157313166992, 0.7765342320476668, 0.7996237989498693], 'rte': [0.031148517772826855, 0.023553025215212475, 0.039267870337422794, 0.050717294549408855, 0.02734112305223631, 0.015192827142863139, 0.025837851056962433, 0.04201348899692201, 0.0315849445366858, 0.03933445099221771, 0.017976440490859537, 0.02187957996040219, 0.058334991485123326, 0.019750074177734344, 0.023887449283546684, 0.06742681890796882, 0.019159326963795464, 0.04372212419214337, 0.0688024585895251, 0.049583467490778965, 0.018527012350329598, 0.059337009567461727, 0.0354661696465255, 0.04523888755070288, 0.04761833153589026]}",/home/ojab2/work/git/vggt/vggt_outputs/lego_1_n25_s43_mradial_c0.0_p27500_random_farthestpose_useba_maxba3000_sharedcam/eval_results.json,/home/ojab2/work/git/vggt/vggt_outputs/lego_1_n25_s43_mradial_c0.0_p27500_random_farthestpose_useba_maxba3000_sharedcam/eval_results.json,lego_1_n25_s43_mradial_c0.0_p27500_random_farthestpose_useba_maxba3000_sharedcam,lego_1_n25_s43_mradial_c0.0_p27500_random_farthestpose_useba_maxba3000_sharedcam,,vggt | random | Use BA | 3000.0 | Shared Cam | radial,25.0
vggt,50,42,0.0,55000,random,farthestpose,,,,,,,,,,,0.0,,vggt,radial,,,,,MCMC,,,,,Shared Cam,,,Use BA,3000,sfm,0.4795,0.021441,50,"{'rre': [0.5055103894155424, 0.8375635396631366, 0.3268267874959157, 0.3835014102077787, 0.45126416313833567, 0.5175304758381551, 0.4752123688404926, 0.8503552432410473, 0.4776419910207949, 0.3545135453354504, 0.05501192857612542, 0.31435887292629333, 0.38086550030016647, 0.4543700526485882, 0.4655479165138169, 0.07840231897151645, 0.5716856139138317, 0.33804696931974404, 0.3741593773891874, 0.4577087311731456, 0.35743641910226204, 0.6790817355095321, 0.40542541267043253, 0.32291716094181144, 0.43134241396718, 1.029895633994236, 0.2698910449792366, 0.3001139469824024, 0.33570144105142813, 0.39937476247241727, 0.4287936622096033, 0.6730243976218094, 0.6214277383557919, 0.5949953096288497, 1.037094205140097, 0.3901037007302953, 0.4318897480244265, 0.443859689619841, 0.49436938474978204, 0.6644096900046296, 0.5009027273564431, 0.36792075047409667, 0.8090109393827364, 0.13238300379172283, 0.5799109752881058, 0.19664807709401674, 0.4847962003112968, 0.8758934826076512, 0.5724841454019729, 0.4726801630573552], 'rte': [0.013585029598389293, 0.03316112434378976, 0.02448170047627912, 0.025357544462451264, 0.014276868402946109, 0.0329038966607693, 0.028080383321672956, 0.03027397462363251, 0.019389139720248052, 0.011240101486639687, 0.026681100396386794, 0.005328215238304936, 0.021029811011512946, 0.0203659191233704, 0.01606447962019925, 0.021749566245856323, 0.023759168683371325, 0.013757803396870312, 0.014330049745754657, 0.013839592480555357, 0.01823301165585763, 0.02636653727871867, 0.019096808691150182, 0.024467948479055816, 0.011353141452557771, 0.04954202366811811, 0.020392139258104576, 0.008541371974595454, 0.012649335278638811, 0.022518182087092907, 0.02542332234351708, 0.023913618980974983, 0.03330056907068985, 0.028252340346047844, 0.04984275692129141, 0.0173266863859912, 0.007451898025847581, 0.028406296307500373, 0.017978334987638348, 0.023869333282871576, 0.013791651225725695, 0.009673100556935307, 0.03132130375068066, 0.018360428260551873, 0.008732126089453686, 0.02254591164460001, 0.011045389357472879, 0.02862809590244492, 0.035117214185143505, 0.014278323018353942]}",/home/ojab2/work/git/vggt/vggt_outputs/lego_1_n50_s42_mradial_c0.0_p55000_random_farthestpose_useba_maxba3000_sharedcam/eval_results.json,/home/ojab2/work/git/vggt/vggt_outputs/lego_1_n50_s42_mradial_c0.0_p55000_random_farthestpose_useba_maxba3000_sharedcam/eval_results.json,lego_1_n50_s42_mradial_c0.0_p55000_random_farthestpose_useba_maxba3000_sharedcam,lego_1_n50_s42_mradial_c0.0_p55000_random_farthestpose_useba_maxba3000_sharedcam,,vggt | random | Use BA | 3000.0 | Shared Cam | radial,50.0
vggt,50,43,0.0,55000,random,farthestpose,,,,,,,,,,,0.0,,vggt,radial,,,,,MCMC,,,,,Shared Cam,,,Use BA,3000,sfm,0.4504,0.019955,50,"{'rre': [0.48937044125420015, 0.7910321008297987, 0.2700675668203092, 0.4363282193718559, 0.43180491219897943, 0.5176783299491444, 0.46687318736389954, 0.7485222955889738, 0.3764795669946698, 0.36022528646221275, 0.23458770934756584, 0.2962715298900211, 0.3816078968759573, 0.4618621175180724, 0.3219585618067222, 0.23068571322362022, 0.4919476067353794, 0.2894598204442466, 0.36248745974634244, 0.460125355863964, 0.32254278123172886, 0.6730312383356106, 0.3786303227069688, 0.2487580373168108, 0.30296414760649304, 0.48693417423573104, 0.7998339660920157, 0.5109992212946746, 0.37559372811083075, 0.23134209773697592, 0.3370330392831791, 0.38713757627473666, 0.6952825384578127, 0.6411926000040448, 0.5454638050202361, 0.7911674960558568, 0.44213070263373555, 0.3267124020766333, 0.4528467555831279, 0.3314284971112188, 0.6914307005076604, 0.5213345874633477, 0.3951880299245996, 0.6543409547325763, 0.17087444858913858, 0.558420774675233, 0.16139625914334682, 0.5159680545817138, 0.6632840353218918, 0.489214402704539], 'rte': [0.017995369598980092, 0.03238209121237264, 0.022857056938532423, 0.03305532077692107, 0.01566206148065099, 0.033957963608561625, 0.028059652140995036, 0.024381109168560535, 0.020981843248829273, 0.010372965783905891, 0.019542663894149204, 0.005430620720007595, 0.022658276508127143, 0.0221699600582504, 0.014460226955010008, 0.01510890260628812, 0.018059510845849783, 0.010525601208235568, 0.004476986946634896, 0.016432655603005754, 0.007522506379521173, 0.03036307342839236, 0.02047852379998215, 0.017099178188614138, 0.025602163775678435, 0.016147072870718194, 0.03611628721346193, 0.005831587289832923, 0.022258429718327817, 0.004334220542463389, 0.009410981046389674, 0.026647754028963452, 0.028762886757115864, 0.03411634194868715, 0.027675006794191707, 0.035435053278517994, 0.018805607502008288, 0.005491723094244258, 0.024603590955821156, 0.012710866659232437, 0.02927138144740685, 0.019984385068413622, 0.0068447871158527135, 0.02100281659747229, 0.0221074961400609, 0.010510048595734064, 0.021398684576865633, 0.007806214969842451, 0.043491434561600206, 0.01736529268516092]}",/home/ojab2/work/git/vggt/vggt_outputs/lego_1_n50_s43_mradial_c0.0_p55000_random_farthestpose_useba_maxba3000_sharedcam/eval_results.json,/home/ojab2/work/git/vggt/vggt_outputs/lego_1_n50_s43_mradial_c0.0_p55000_random_farthestpose_useba_maxba3000_sharedcam/eval_results.json,lego_1_n50_s43_mradial_c0.0_p55000_random_farthestpose_useba_maxba3000_sharedcam,lego_1_n50_s43_mradial_c0.0_p55000_random_farthestpose_useba_maxba3000_sharedcam,,vggt | random | Use BA | 3000.0 | Shared Cam | radial,50.0
vggt,75,42,0.0,82500,random,farthestpose,,,,,,,,,,,0.0,,vggt,radial,,,,,MCMC,,,,,Shared Cam,,,Use BA,3000,sfm,0.2868,0.01433,75,"{'rre': [0.38504841341520585, 0.607923308019833, 0.1256761187878042, 0.11158291841917699, 0.1286974893781722, 0.37177376531591944, 0.26755519492601076, 0.15826921672570332, 0.45909565463183466, 0.1330589973509486, 0.25125904286940776, 0.2953143030861553, 0.2291994844787122, 0.3161288540138311, 0.3350795866249622, 0.24607819776049478, 0.1973623712842186, 0.2616429889981252, 0.24592889866371948, 0.426076306315785, 0.18814465771427968, 0.23305105853778074, 0.2328649961401707, 0.2216664588501106, 0.06032192564652373, 0.0627503438210747, 0.41925804266320393, 0.23437539391721893, 0.4999051977499613, 0.2801699972302895, 0.17025738430994172, 0.31760391614134076, 0.31249423381917485, 0.22984489013839024, 0.2794609494937666, 0.22176366687463825, 0.3743544716636115, 0.6846974268244077, 0.2567228466137242, 0.3575083881034024, 0.05958246238828093, 0.20840754116641502, 0.30300968055108074, 0.33685661515512444, 0.1613716831852006, 0.15015690480523086, 0.5747941279390454, 0.416942761833584, 0.19505153062342354, 0.19994716229768775, 0.6863562134266068, 0.36447391523476536, 0.21238704975930173, 0.21423745684704956, 0.1589521504200686, 0.5652565605336559, 0.44818632160490507, 0.04424462521928964, 0.30943995252368894, 0.08562557420128857, 0.46812299138912317, 0.10757666239917991, 0.3884697517277274, 0.4723877331708958, 0.3150888079348187, 0.1654459137737421, 0.34512037850474836, 0.2655417572276851, 0.47998227357738094, 0.1583990329554105, 0.26655971246336146, 0.22809889551615006, 0.3494158972056609, 0.4618887489169495, 0.14951310035975282], 'rte': [0.009306012091598146, 0.026282103814841338, 0.016131448338443106, 0.012716952313251718, 0.01156640372232031, 0.014867237125687549, 0.027388880350176302, 0.01571369507604651, 0.014866948814730926, 0.00783037933794964, 0.019299547055968133, 0.00783095843176697, 0.003627904460595751, 0.0111075206388988, 0.02185653002555009, 0.015018821379960261, 0.006320923230768348, 0.007333833047219459, 0.01944817907540561, 0.020430255668701866, 0.005181142375677193, 0.006764932176279229, 0.005314875292989338, 0.004989129079318012, 0.0108546731939433, 0.015094457778358796, 0.018741958586477023, 0.004724258740478445, 0.020714225573977597, 0.018123456900399536, 0.010639424899214085, 0.020462169082316052, 0.015670307193621443, 0.014424464754943054, 0.010988201542956755, 0.0246204890251739, 0.008639960402736784, 0.038716270705718855, 0.008033036811117623, 0.012303350401970054, 0.014656925654776574, 0.014704963047670183, 0.010194301470823751, 0.006296696196445691, 0.014462172434026695, 0.007134035682538127, 0.02415648237278944, 0.017935304713722795, 0.018240650962765812, 0.016884365980414595, 0.038726993999383494, 0.013192586887012844, 0.005160462119087202, 0.025203451710873598, 0.010946520802762115, 0.02367168410877304, 0.012619118819448497, 0.012383261444953005, 0.005798399090819339, 0.015157004838717996, 0.018378001576743814, 0.017871898603628464, 0.008031179531513485, 0.022759606284473922, 0.0170911861249565, 0.00871790779717406, 0.019629684650760825, 0.0063505663349849245, 0.014418305707604561, 0.009725879467534638, 0.003987939714015826, 0.022651432841465466, 0.00445985775811303, 0.014236745429382332, 0.014940740770184719]}",/home/ojab2/work/git/vggt/vggt_outputs/lego_1_n75_s42_mradial_c0.0_p82500_random_farthestpose_useba_maxba3000_sharedcam/eval_results.json,/home/ojab2/work/git/vggt/vggt_outputs/lego_1_n75_s42_mradial_c0.0_p82500_random_farthestpose_useba_maxba3000_sharedcam/eval_results.json,lego_1_n75_s42_mradial_c0.0_p82500_random_farthestpose_useba_maxba3000_sharedcam,lego_1_n75_s42_mradial_c0.0_p82500_random_farthestpose_useba_maxba3000_sharedcam,,vggt | random | Use BA | 3000.0 | Shared Cam | radial,75.0
vggt,75,43,0.0,82500,random,farthestpose,,,,,,,,,,,0.0,,vggt,radial,,,,,MCMC,,,,,Shared Cam,,,Use BA,3000,sfm,0.2844,0.014122,75,"{'rre': [0.3798495071080599, 0.6060011059672195, 0.1251562059793667, 0.114662390860815, 0.1259969657025461, 0.3697006775694369, 0.261060154232841, 0.16722381377338427, 0.4514902384451195, 0.13903894895644411, 0.25727377735248996, 0.27801381809690523, 0.22138266446768956, 0.3083372804109731, 0.3403661529434408, 0.24515478066857366, 0.19841225333811335, 0.2493277205580845, 0.249256956839267, 0.441388011561804, 0.18321578586285622, 0.22727253034414643, 0.243771833074189, 0.20974966330345834, 0.05965068301635317, 0.0603589843326538, 0.42116443072243803, 0.24205504796920907, 0.5027291227486778, 0.2808722705012169, 0.16736136263417656, 0.3087643004720062, 0.3058744504102672, 0.22046795916056514, 0.2846385129676288, 0.2248730940148859, 0.3708043053192528, 0.6917435419697195, 0.2596321499799243, 0.34245346631239165, 0.06200536046772179, 0.2129747704855951, 0.29010946891746436, 0.3328475195652476, 0.16322867297950366, 0.1468389629084025, 0.572356669134853, 0.3917141691351093, 0.19590414717000618, 0.19863530479605132, 0.6851815801629864, 0.34422077525591277, 0.21125716311617548, 0.2096875870962974, 0.16573900412955883, 0.5657000383823398, 0.42920228324432497, 0.040919294355858477, 0.30578810760270386, 0.08830254684908147, 0.47309220064790325, 0.10623017191545824, 0.39453027062217894, 0.46489796000942524, 0.31417160446582487, 0.15160131568706767, 0.344977717512393, 0.2726982017716434, 0.47910189573762946, 0.15744108119455813, 0.27270924250584955, 0.2133287525511647, 0.3554478781879618, 0.4400025974873647, 0.13897385962009018], 'rte': [0.009361103281048158, 0.026163536102892754, 0.016216677249876812, 0.012865043024130463, 0.011436752650168143, 0.014973770963259208, 0.026976537135094715, 0.01600030680909472, 0.01459649698230793, 0.007209563790972939, 0.020021536313519533, 0.006959826892882411, 0.0035655483642696557, 0.010671624318864573, 0.022031720353132663, 0.0146007186002805, 0.006460060468732574, 0.006682398269582501, 0.019368706909367855, 0.021330559269348078, 0.004922479337337448, 0.0071597765486859115, 0.004468982220342655, 0.004981946926417165, 0.010523345564686398, 0.01518424546825567, 0.018851054133568617, 0.004117583693275899, 0.020616246788697258, 0.017977683823556998, 0.010166253497619872, 0.019285278204249898, 0.01574695863201264, 0.014127612176866066, 0.01048730610495126, 0.024541348195337143, 0.008397227571650923, 0.03884802608163424, 0.007275209369159158, 0.011929150572462613, 0.0147165302291566, 0.015086578685104355, 0.009541709504405253, 0.00585986807795414, 0.01442864294847188, 0.007475861420029909, 0.02401971988935667, 0.017067744738213188, 0.018110050377889136, 0.016767055403087178, 0.03825601397190773, 0.012133104770714775, 0.005382769916065497, 0.02442158002076954, 0.011023852321050728, 0.023714239907352695, 0.012132724848535167, 0.011812722597265644, 0.0053679912691578695, 0.015274282260351544, 0.019052443320283958, 0.017397126697902984, 0.008580927739006393, 0.022410315767109956, 0.016536091912497837, 0.008547277338544336, 0.018737094690272658, 0.005851051909478417, 0.014013626437043993, 0.009877365455277133, 0.004336664097443649, 0.02139005563003142, 0.0048342368036737296, 0.013346269983234826, 0.014561909692863436]}",/home/ojab2/work/git/vggt/vggt_outputs/lego_1_n75_s43_mradial_c0.0_p82500_random_farthestpose_useba_maxba3000_sharedcam/eval_results.json,/home/ojab2/work/git/vggt/vggt_outputs/lego_1_n75_s43_mradial_c0.0_p82500_random_farthestpose_useba_maxba3000_sharedcam/eval_results.json,lego_1_n75_s43_mradial_c0.0_p82500_random_farthestpose_useba_maxba3000_sharedcam,lego_1_n75_s43_mradial_c0.0_p82500_random_farthestpose_useba_maxba3000_sharedcam,,vggt | random | Use BA | 3000.0 | Shared Cam | radial,75.0
vggt,87,42,0.0,95700,random,farthestpose,,,,,,,,,,,0.0,,vggt,radial,,,,,MCMC,,,,,Shared Cam,,,Use BA,3000,sfm,0.2664,0.014903,87,"{'rre': [0.354626750054063, 0.5211674726186938, 0.07758969107359692, 0.21153408279299354, 0.19072362936800707, 0.2665941105367618, 0.25161726678114793, 0.37213604656733085, 0.09301527810891734, 0.18318091659684552, 0.4009001479987098, 0.14103735174878515, 0.1486339140912111, 0.1915243876134546, 0.18321350509694376, 0.1976377892801663, 0.2452540264728884, 0.3131942744181178, 0.14780029500475786, 0.15786168317795238, 0.17768176049636322, 0.24641174357017795, 0.439965594141689, 0.13247143552977172, 0.2888070595699536, 0.2941652881979459, 0.1344370458067002, 0.10241780086972616, 0.11743769723143915, 0.34475241340210006, 0.3126475813669126, 0.4001557688314631, 0.18613733954391992, 0.14711166757665065, 0.25898903298626047, 0.20986561294054057, 0.1398191652785927, 0.2089675512365548, 0.29788055757025833, 0.24468673828028714, 0.24138982176330737, 0.42284985751397086, 0.7682813667364443, 0.25277332791350016, 0.41250185494593505, 0.1365833391231125, 0.11748919786020977, 0.2095323183039748, 0.1347233626899136, 0.41817757078344137, 0.22499103237299262, 0.22054513273712603, 0.1444698738994027, 0.4796174969303665, 0.5517298624244514, 0.22818443247023185, 0.19597500065363765, 0.7768171409845437, 0.1894744739323739, 0.4375027057537572, 0.12535576985411362, 0.30542367186423164, 0.10318092850747654, 0.47666353061025785, 0.2468431167223765, 0.15133770009137215, 0.40121535593631746, 0.1524044483544891, 0.569379987038365, 0.18167279998285277, 0.21670243804917427, 0.37048541583216116, 0.22586487506467737, 0.35772695266663, 0.16795318672796408, 0.28032697175454246, 0.22924486425633425, 0.26996489695085446, 0.41600790204752996, 0.22265031155857148, 0.12371600297446077, 0.25649376938574275, 0.30825080439715463, 0.3366489894846459, 0.33694277554189495, 0.21818455368772796, 0.2294450619269723], 'rte': [0.012240352164752359, 0.0231064939813147, 0.01695788831399979, 0.008517824800093941, 0.011125611474286328, 0.01049041110463226, 0.020419867612687437, 0.033446280592224396, 0.005832096948485689, 0.019090615416294632, 0.015749358287309053, 0.005984008411969319, 0.011159583339919786, 0.00699822622660511, 0.006129928772237203, 0.017555683490054087, 0.03296911387686359, 0.017624308865018756, 0.00840945498556028, 0.0068286918607158445, 0.010059020976404404, 0.013989447803050833, 0.018401443989428876, 0.008651895258260153, 0.006902023204516812, 0.0022551277056977216, 0.0072608645713516965, 0.008891226457081777, 0.01053715885463961, 0.026119325537164926, 0.0034920709566153424, 0.02228585517188283, 0.02900299912313337, 0.01211699138573028, 0.011635694001957063, 0.011981779166172778, 0.012348577203098876, 0.014089625833416008, 0.01886428678204317, 0.005111118437732385, 0.03277452050921707, 0.014959079297875405, 0.043311869230568414, 0.003513301343325299, 0.0170401881370464, 0.009387590895011507, 0.01338996914733723, 0.005843089775668053, 0.005755550173569471, 0.012594802609617282, 0.01818748029783212, 0.015199073182786876, 0.008924175748423378, 0.02368434993064387, 0.028068576144625854, 0.009574338467412256, 0.020318838455961927, 0.04397849870728148, 0.022272027084543806, 0.02048806871105321, 0.007726754312558894, 0.030463261420689287, 0.012492303977184989, 0.023720576153816814, 0.01733279907589829, 0.014826828186208237, 0.009676714240155596, 0.014844669609652118, 0.02721380312333492, 0.01786894803436255, 0.007200022494707065, 0.010409118606054098, 0.010135111988546998, 0.01389973327616898, 0.011701620101024235, 0.012902225789157024, 0.016607897688949082, 0.001954825396185034, 0.014139971305519429, 0.014648327702281045, 0.007767102614941716, 0.01157555239555692, 0.0038854537041106544, 0.02843227371158342, 0.0073097612521728335, 0.014882760657224147, 0.01901398403408902]}",/home/ojab2/work/git/vggt/vggt_outputs/lego_1_n87_s42_mradial_c0.0_p95700_random_farthestpose_useba_maxba3000_sharedcam/eval_results.json,/home/ojab2/work/git/vggt/vggt_outputs/lego_1_n87_s42_mradial_c0.0_p95700_random_farthestpose_useba_maxba3000_sharedcam/eval_results.json,lego_1_n87_s42_mradial_c0.0_p95700_random_farthestpose_useba_maxba3000_sharedcam,lego_1_n87_s42_mradial_c0.0_p95700_random_farthestpose_useba_maxba3000_sharedcam,,vggt | random | Use BA | 3000.0 | Shared Cam | radial,87.0
vggt,87,43,0.0,95700,random,farthestpose,,,,,,,,,,,0.0,,vggt,radial,,,,,MCMC,,,,,Shared Cam,,,Use BA,3000,sfm,0.2664,0.014903,87,"{'rre': [0.354626750054063, 0.5211674726186938, 0.07758969107359692, 0.21153408279299354, 0.19072362936800707, 0.2665941105367618, 0.25161726678114793, 0.37213604656733085, 0.09301527810891734, 0.18318091659684552, 0.4009001479987098, 0.14103735174878515, 0.1486339140912111, 0.1915243876134546, 0.18321350509694376, 0.1976377892801663, 0.2452540264728884, 0.3131942744181178, 0.14780029500475786, 0.15786168317795238, 0.17768176049636322, 0.24641174357017795, 0.439965594141689, 0.13247143552977172, 0.2888070595699536, 0.2941652881979459, 0.1344370458067002, 0.10241780086972616, 0.11743769723143915, 0.34475241340210006, 0.3126475813669126, 0.4001557688314631, 0.18613733954391992, 0.14711166757665065, 0.25898903298626047, 0.20986561294054057, 0.1398191652785927, 0.2089675512365548, 0.29788055757025833, 0.24468673828028714, 0.24138982176330737, 0.42284985751397086, 0.7682813667364443, 0.25277332791350016, 0.41250185494593505, 0.1365833391231125, 0.11748919786020977, 0.2095323183039748, 0.1347233626899136, 0.41817757078344137, 0.22499103237299262, 0.22054513273712603, 0.1444698738994027, 0.4796174969303665, 0.5517298624244514, 0.22818443247023185, 0.19597500065363765, 0.7768171409845437, 0.1894744739323739, 0.4375027057537572, 0.12535576985411362, 0.30542367186423164, 0.10318092850747654, 0.47666353061025785, 0.2468431167223765, 0.15133770009137215, 0.40121535593631746, 0.1524044483544891, 0.569379987038365, 0.18167279998285277, 0.21670243804917427, 0.37048541583216116, 0.22586487506467737, 0.35772695266663, 0.16795318672796408, 0.28032697175454246, 0.22924486425633425, 0.26996489695085446, 0.41600790204752996, 0.22265031155857148, 0.12371600297446077, 0.25649376938574275, 0.30825080439715463, 0.3366489894846459, 0.33694277554189495, 0.21818455368772796, 0.2294450619269723], 'rte': [0.012240352164752359, 0.0231064939813147, 0.01695788831399979, 0.008517824800093941, 0.011125611474286328, 0.01049041110463226, 0.020419867612687437, 0.033446280592224396, 0.005832096948485689, 0.019090615416294632, 0.015749358287309053, 0.005984008411969319, 0.011159583339919786, 0.00699822622660511, 0.006129928772237203, 0.017555683490054087, 0.03296911387686359, 0.017624308865018756, 0.00840945498556028, 0.0068286918607158445, 0.010059020976404404, 0.013989447803050833, 0.018401443989428876, 0.008651895258260153, 0.006902023204516812, 0.0022551277056977216, 0.0072608645713516965, 0.008891226457081777, 0.01053715885463961, 0.026119325537164926, 0.0034920709566153424, 0.02228585517188283, 0.02900299912313337, 0.01211699138573028, 0.011635694001957063, 0.011981779166172778, 0.012348577203098876, 0.014089625833416008, 0.01886428678204317, 0.005111118437732385, 0.03277452050921707, 0.014959079297875405, 0.043311869230568414, 0.003513301343325299, 0.0170401881370464, 0.009387590895011507, 0.01338996914733723, 0.005843089775668053, 0.005755550173569471, 0.012594802609617282, 0.01818748029783212, 0.015199073182786876, 0.008924175748423378, 0.02368434993064387, 0.028068576144625854, 0.009574338467412256, 0.020318838455961927, 0.04397849870728148, 0.022272027084543806, 0.02048806871105321, 0.007726754312558894, 0.030463261420689287, 0.012492303977184989, 0.023720576153816814, 0.01733279907589829, 0.014826828186208237, 0.009676714240155596, 0.014844669609652118, 0.02721380312333492, 0.01786894803436255, 0.007200022494707065, 0.010409118606054098, 0.010135111988546998, 0.01389973327616898, 0.011701620101024235, 0.012902225789157024, 0.016607897688949082, 0.001954825396185034, 0.014139971305519429, 0.014648327702281045, 0.007767102614941716, 0.01157555239555692, 0.0038854537041106544, 0.02843227371158342, 0.0073097612521728335, 0.014882760657224147, 0.01901398403408902]}",/home/ojab2/work/git/vggt/vggt_outputs/lego_1_n87_s43_mradial_c0.0_p95700_random_farthestpose_useba_maxba3000_sharedcam/eval_results.json,/home/ojab2/work/git/vggt/vggt_outputs/lego_1_n87_s43_mradial_c0.0_p95700_random_farthestpose_useba_maxba3000_sharedcam/eval_results.json,lego_1_n87_s43_mradial_c0.0_p95700_random_farthestpose_useba_maxba3000_sharedcam,lego_1_n87_s43_mradial_c0.0_p95700_random_farthestpose_useba_maxba3000_sharedcam,,vggt | random | Use BA | 3000.0 | Shared Cam | radial,87.0
vggt,25,42,0.0,27500,random,farthestpose,,,,,,,,,,,0.0,,vggt,,,,,,MCMC,,,,,,,,,,sfm,2.1388,0.131855,25,"{'rre': [0.9980670618278615, 0.5814234426904001, 4.842764965337911, 2.5145886812650717, 1.3180247268883183, 1.2142226260428648, 1.1823313218288571, 2.590818428732846, 0.7429588515199305, 3.8581410834166396, 1.5695210170195235, 0.7466400284012024, 2.054924683520747, 1.4122040894487096, 2.5413937169459557, 3.7216271718553466, 1.849327177015387, 1.8163517776578986, 2.802325767181225, 2.7297682791460227, 1.696330680401151, 3.2199907584985885, 1.9588330033887227, 2.3704683717162465, 3.136039077946946], 'rte': [0.0725120165466298, 0.07234970779711974, 0.2865682469327321, 0.13648263770700408, 0.09339697555742299, 0.05001001864049502, 0.061542739918449635, 0.11127380933780467, 0.06079466874331963, 0.2579402524209045, 0.0976852607795585, 0.04112977411550493, 0.10681409338297465, 0.13271629767527282, 0.19031898966294722, 0.28220995400725235, 0.12134692349528624, 0.07859971604220124, 0.14624621663184031, 0.1306900189856021, 0.10920176685487397, 0.23245770230432222, 0.12767851702264782, 0.1390059132186327, 0.15739519789613496]}",/home/ojab2/work/git/vggt/vggt_outputs/lego_1_n25_s42_c0.0_p27500_random_farthestpose/eval_results.json,/home/ojab2/work/git/vggt/vggt_outputs/lego_1_n25_s42_c0.0_p27500_random_farthestpose/eval_results.json,lego_1_n25_s42_c0.0_p27500_random_farthestpose,lego_1_n25_s42_c0.0_p27500_random_farthestpose,,vggt | random |  |  |  | ,25.0
vggt,25,43,0.0,27500,random,farthestpose,,,,,,,,,,,0.0,,vggt,,,,,,MCMC,,,,,,,,,,sfm,2.3523,0.140897,25,"{'rre': [1.1713236488791012, 1.1262504714184953, 4.544570475046699, 1.9063484400978161, 1.9888840798714387, 1.114486896046286, 1.4273675259917495, 3.08583681963316, 0.9290699650456418, 3.9027561735089336, 2.043107435582607, 1.599483919628246, 2.6681128529635396, 2.3288395427016466, 1.8185147697488002, 3.4286042691154623, 2.1213024836755987, 2.4576197165362994, 3.337134937932568, 2.5672219697676106, 1.9920360741172314, 3.076806960096702, 2.300434656005314, 2.153546560056084, 3.717405442308946], 'rte': [0.04069095776628172, 0.09786685238628857, 0.2615695245986329, 0.08573602095215187, 0.14414409836293068, 0.06525578699836011, 0.09541681912761067, 0.13310239215514189, 0.0563874017318931, 0.2464019336812923, 0.0750024486253035, 0.1026641296687485, 0.1349517053394653, 0.1732285446601673, 0.16285353895121074, 0.25884516315041967, 0.14349289003739174, 0.1283659914693164, 0.17274986900874795, 0.12354403001369509, 0.13576254037596958, 0.22383723042693635, 0.14443856430572127, 0.11909484228965227, 0.19701850912944824]}",/home/ojab2/work/git/vggt/vggt_outputs/lego_1_n25_s43_c0.0_p27500_random_farthestpose/eval_results.json,/home/ojab2/work/git/vggt/vggt_outputs/lego_1_n25_s43_c0.0_p27500_random_farthestpose/eval_results.json,lego_1_n25_s43_c0.0_p27500_random_farthestpose,lego_1_n25_s43_c0.0_p27500_random_farthestpose,,vggt | random |  |  |  | ,25.0
vggt,50,42,0.0,55000,random,farthestpose,,,,,,,,,,,0.0,,vggt,,,,,,MCMC,,,,,,,,,,sfm,0.8706,0.041593,50,"{'rre': [0.4940842973821122, 0.6257792821799902, 0.18370370773690795, 1.763069429868516, 0.41593731821704766, 0.8732502562769348, 1.1207812389280536, 1.0459802019234985, 1.786361577282521, 0.8124732225297495, 0.7999051380905339, 0.7723097119545337, 0.5110029924864755, 0.5894668370636968, 1.4715641997348738, 0.7992062750394983, 1.1423549670649429, 0.47157162844329614, 0.46187241999642104, 0.7004833234325479, 0.5690815998135904, 0.9581933764205887, 0.5701343374288663, 0.11028600718024242, 0.7492856337020223, 1.1323580572335015, 0.4377485662617042, 0.8401883961962258, 0.5220941239183106, 0.3571367485462728, 1.9691899531158168, 1.0236231416834418, 1.6910422923952213, 1.2307685608423455, 0.7171420030089967, 1.1038422279293656, 0.7596814958401631, 0.8683805217616627, 0.9601903538544793, 1.0570394706145225, 0.8871333710599543, 0.9910530994599379, 1.1272433637691104, 0.6572091479394547, 0.7172393848824785, 0.14064647064399166, 1.1161017182766761, 1.2119051537057606, 1.3024705571762378, 0.9124102848998519], 'rte': [0.020255090021312854, 0.06346528225402485, 0.02313721488396963, 0.1183316238334219, 0.02570659522842875, 0.01881568250235813, 0.021931224980772376, 0.05855269556260737, 0.09877439237391684, 0.042351207361021076, 0.0226066682286504, 0.02591517651800781, 0.023159854603167714, 0.036579785275044734, 0.0529332564145283, 0.024358081869018368, 0.05474538516056377, 0.022664638880481147, 0.02208716206041556, 0.03846688451004152, 0.0507516126249178, 0.04785454627381868, 0.02760602567326214, 0.022519822425460148, 0.01875298157138443, 0.06447744787658087, 0.06317324526758539, 0.03427552078193904, 0.01976798630177694, 0.03142892543951212, 0.10956349808560142, 0.042332915392932845, 0.13066422994880095, 0.028289640148147503, 0.05146526480321234, 0.03547944337343361, 0.02269347017007631, 0.01940315948185002, 0.023208026271633948, 0.045000370000439154, 0.030066915015195293, 0.03503213527673167, 0.048744076383951604, 0.02997748705664431, 0.041540982064232394, 0.04346277790836651, 0.03098734926041663, 0.03539003926245248, 0.04758529024177814, 0.03331280128170898]}",/home/ojab2/work/git/vggt/vggt_outputs/lego_1_n50_s42_c0.0_p55000_random_farthestpose/eval_results.json,/home/ojab2/work/git/vggt/vggt_outputs/lego_1_n50_s42_c0.0_p55000_random_farthestpose/eval_results.json,lego_1_n50_s42_c0.0_p55000_random_farthestpose,lego_1_n50_s42_c0.0_p55000_random_farthestpose,,vggt | random |  |  |  | ,50.0
vggt,50,43,0.0,55000,random,farthestpose,,,,,,,,,,,0.0,,vggt,,,,,,MCMC,,,,,,,,,,sfm,0.9233,0.044438,50,"{'rre': [0.5206118778905091, 0.6443963737891141, 0.16689437981108646, 1.82831596783024, 0.41624682130492163, 0.8963309068695869, 1.1810184613926726, 1.1221507130307329, 1.8507704058464602, 0.8315320243811661, 0.859442451717194, 0.787743413950933, 0.51934715354589, 0.6515487869098325, 1.5376606985065753, 0.85194035686166, 1.1605895942582247, 0.5184514318456523, 0.4758155982826825, 0.7573708011965031, 0.6574086365002183, 1.0142621011531683, 0.5928665881010895, 0.6374469563778626, 0.1061811797743568, 0.7945774987505699, 1.1466737862545555, 1.4363738087254023, 0.4458306800397361, 0.8914168890726505, 0.562710647182787, 2.0404951728123883, 1.0889242286984255, 1.7385890695760127, 1.2722919648958484, 0.7289791419539134, 1.1437803455671016, 0.8057391653449435, 0.8905845084270473, 0.9834351858306507, 1.1201250683111674, 0.9956387358880548, 1.0331840051898384, 1.1526621483114068, 0.7042208274017516, 0.7758137964123073, 0.18967544521953594, 1.2606353823846101, 1.3322957355893341, 1.0446332781138348], 'rte': [0.02181941179956862, 0.06500659321101097, 0.025160289433349158, 0.12230925648169286, 0.028146925659697834, 0.018659479040146594, 0.02338606304075292, 0.06172296353646985, 0.10099119237024502, 0.04485478792109075, 0.025128237854638708, 0.027914682602638585, 0.024233779811305187, 0.039667937258635495, 0.056195778958833986, 0.02989642385078095, 0.053172297933929906, 0.025455885862801456, 0.025157049479606362, 0.04303601949293911, 0.057724907218714025, 0.05027608580986157, 0.029160094817729652, 0.03939821497975164, 0.025281674932196557, 0.019707828760173123, 0.06502817893701285, 0.05454160769287471, 0.06521478686308835, 0.03866182031931578, 0.020609867333740386, 0.11261616733989019, 0.04548238374801866, 0.1350922873398873, 0.02779685129074196, 0.05165321802049325, 0.038000951302162835, 0.020329356014857237, 0.019934709075147567, 0.023184139586203693, 0.04795771100251845, 0.036576369210310995, 0.03521302700887502, 0.048607135145483454, 0.032277913358524965, 0.04634679467690367, 0.042408611795370726, 0.041442633537205585, 0.04832817619568864, 0.041131429245000205]}",/home/ojab2/work/git/vggt/vggt_outputs/lego_1_n50_s43_c0.0_p55000_random_farthestpose/eval_results.json,/home/ojab2/work/git/vggt/vggt_outputs/lego_1_n50_s43_c0.0_p55000_random_farthestpose/eval_results.json,lego_1_n50_s43_c0.0_p55000_random_farthestpose,lego_1_n50_s43_c0.0_p55000_random_farthestpose,,vggt | random |  |  |  | ,50.0
vggt,75,42,0.0,82500,random,farthestpose,,,,,,,,,,,0.0,,vggt,,,,,,MCMC,,,,,,,,,,sfm,0.3684,0.019217,75,"{'rre': [0.1981792929687461, 0.25825179361295525, 0.38561614326109944, 0.3873371132861752, 0.5942140592192788, 0.2960130355113662, 0.44373170950698876, 0.3588974392053715, 0.3453459186693773, 0.566944166422708, 0.21068865062104297, 0.3046013655128652, 0.3020263612533968, 0.3432026262986024, 0.1602824382782831, 0.44631941729546637, 0.44973721014662893, 0.2552787886516569, 0.3346921982286295, 0.7464576762769806, 0.38055305514844406, 0.3184477594941385, 0.258375012887275, 0.40475416212538473, 0.25344111068882563, 0.5418220152994793, 0.31743472986611926, 0.23124816037428045, 0.14475505263149066, 0.18279869809700688, 0.4274133082375238, 0.3859419900804773, 0.1140510505586386, 0.4255141990670316, 0.3781761497691285, 0.4259429923745608, 0.19110757515243948, 0.7282147597040743, 0.39324043345999976, 0.3813000214110699, 0.4453553667338385, 0.3501603857119931, 0.35342358929697265, 0.17962580993239924, 0.4396429872546039, 0.4997322729057631, 0.22650779467721008, 0.6669644087584983, 0.2676756619673555, 0.5157867770829803, 0.6193207846784745, 0.46317231116512464, 0.1829216261831259, 0.47212129069424963, 0.44766284940425466, 0.25004855211475124, 0.16103062889100278, 0.3120437585357459, 0.22524396216978662, 0.43696222558364256, 0.5263885250572625, 0.4362592981080399, 0.37750816080944705, 0.1915776659928911, 0.5348599787156257, 0.3268611868891504, 0.44691753031162645, 0.40661171572616966, 0.4648056344789397, 0.3847304297469367, 0.31101220613841235, 0.43150005553125936, 0.346216699458716, 0.1514584112261164, 0.5071908146502824], 'rte': [0.012561960127481116, 0.029924704079572147, 0.011855381757475573, 0.021168646043518275, 0.04783813667356028, 0.015398432029023334, 0.014569782749620872, 0.001732471985086854, 0.023724545698218975, 0.037381630182819946, 0.019493880420502797, 0.002839307849466639, 0.016414641475436906, 0.008547253703345315, 0.018078100498119493, 0.02036403160371761, 0.009962434817776613, 0.01304124799026258, 0.01922353813226068, 0.03273429804005779, 0.012581602213768856, 0.010675170326553357, 0.015343805150435017, 0.010780335546175874, 0.00773495646908147, 0.027053295229415963, 0.01566266088787915, 0.016919335214516155, 0.023118825935507684, 0.025240812672320808, 0.01920577995833456, 0.02708802375238969, 0.02210988078423683, 0.0263081256345641, 0.018519777962520006, 0.016443169517434738, 0.01443251694143344, 0.03964670646241917, 0.008561726389448297, 0.028042076803081694, 0.020133172762013502, 0.020643453080782793, 0.006843132357752468, 0.01793345869091657, 0.016374538097406882, 0.029848238529306452, 0.020424178533257245, 0.05380576616852722, 0.007935909187456652, 0.01747506169108363, 0.035481986016731186, 0.026359750257361116, 0.01874221672207864, 0.018433595953088796, 0.012141853889982832, 0.021806452518605843, 0.025001289422451185, 0.01368102347208684, 0.015460452564977824, 0.021316158272348232, 0.02087878108559861, 0.01587141477766764, 0.012419513826212774, 0.03393047603562704, 0.02269169387075494, 0.008525516503832738, 0.032071510240308805, 0.009281231959920555, 0.01117542996137611, 0.01939117010628025, 0.004588441928308777, 0.011148716612283201, 0.0076386084732434295, 0.02490463279900919, 0.024590571702864147]}",/home/ojab2/work/git/vggt/vggt_outputs/lego_1_n75_s42_c0.0_p82500_random_farthestpose/eval_results.json,/home/ojab2/work/git/vggt/vggt_outputs/lego_1_n75_s42_c0.0_p82500_random_farthestpose/eval_results.json,lego_1_n75_s42_c0.0_p82500_random_farthestpose,lego_1_n75_s42_c0.0_p82500_random_farthestpose,,vggt | random |  |  |  | ,75.0
vggt,75,43,0.0,82500,random,farthestpose,,,,,,,,,,,0.0,,vggt,,,,,,MCMC,,,,,,,,,,sfm,0.3684,0.019217,75,"{'rre': [0.1981792929687461, 0.25825179361295525, 0.38561614326109944, 0.3873371132861752, 0.5942140592192788, 0.2960130355113662, 0.44373170950698876, 0.3588974392053715, 0.3453459186693773, 0.566944166422708, 0.21068865062104297, 0.3046013655128652, 0.3020263612533968, 0.3432026262986024, 0.1602824382782831, 0.44631941729546637, 0.44973721014662893, 0.2552787886516569, 0.3346921982286295, 0.7464576762769806, 0.38055305514844406, 0.3184477594941385, 0.258375012887275, 0.40475416212538473, 0.25344111068882563, 0.5418220152994793, 0.31743472986611926, 0.23124816037428045, 0.14475505263149066, 0.18279869809700688, 0.4274133082375238, 0.3859419900804773, 0.1140510505586386, 0.4255141990670316, 0.3781761497691285, 0.4259429923745608, 0.19110757515243948, 0.7282147597040743, 0.39324043345999976, 0.3813000214110699, 0.4453553667338385, 0.3501603857119931, 0.35342358929697265, 0.17962580993239924, 0.4396429872546039, 0.4997322729057631, 0.22650779467721008, 0.6669644087584983, 0.2676756619673555, 0.5157867770829803, 0.6193207846784745, 0.46317231116512464, 0.1829216261831259, 0.47212129069424963, 0.44766284940425466, 0.25004855211475124, 0.16103062889100278, 0.3120437585357459, 0.22524396216978662, 0.43696222558364256, 0.5263885250572625, 0.4362592981080399, 0.37750816080944705, 0.1915776659928911, 0.5348599787156257, 0.3268611868891504, 0.44691753031162645, 0.40661171572616966, 0.4648056344789397, 0.3847304297469367, 0.31101220613841235, 0.43150005553125936, 0.346216699458716, 0.1514584112261164, 0.5071908146502824], 'rte': [0.012561960127481116, 0.029924704079572147, 0.011855381757475573, 0.021168646043518275, 0.04783813667356028, 0.015398432029023334, 0.014569782749620872, 0.001732471985086854, 0.023724545698218975, 0.037381630182819946, 0.019493880420502797, 0.002839307849466639, 0.016414641475436906, 0.008547253703345315, 0.018078100498119493, 0.02036403160371761, 0.009962434817776613, 0.01304124799026258, 0.01922353813226068, 0.03273429804005779, 0.012581602213768856, 0.010675170326553357, 0.015343805150435017, 0.010780335546175874, 0.00773495646908147, 0.027053295229415963, 0.01566266088787915, 0.016919335214516155, 0.023118825935507684, 0.025240812672320808, 0.01920577995833456, 0.02708802375238969, 0.02210988078423683, 0.0263081256345641, 0.018519777962520006, 0.016443169517434738, 0.01443251694143344, 0.03964670646241917, 0.008561726389448297, 0.028042076803081694, 0.020133172762013502, 0.020643453080782793, 0.006843132357752468, 0.01793345869091657, 0.016374538097406882, 0.029848238529306452, 0.020424178533257245, 0.05380576616852722, 0.007935909187456652, 0.01747506169108363, 0.035481986016731186, 0.026359750257361116, 0.01874221672207864, 0.018433595953088796, 0.012141853889982832, 0.021806452518605843, 0.025001289422451185, 0.01368102347208684, 0.015460452564977824, 0.021316158272348232, 0.02087878108559861, 0.01587141477766764, 0.012419513826212774, 0.03393047603562704, 0.02269169387075494, 0.008525516503832738, 0.032071510240308805, 0.009281231959920555, 0.01117542996137611, 0.01939117010628025, 0.004588441928308777, 0.011148716612283201, 0.0076386084732434295, 0.02490463279900919, 0.024590571702864147]}",/home/ojab2/work/git/vggt/vggt_outputs/lego_1_n75_s43_c0.0_p82500_random_farthestpose/eval_results.json,/home/ojab2/work/git/vggt/vggt_outputs/lego_1_n75_s43_c0.0_p82500_random_farthestpose/eval_results.json,lego_1_n75_s43_c0.0_p82500_random_farthestpose,lego_1_n75_s43_c0.0_p82500_random_farthestpose,,vggt | random |  |  |  | ,75.0
vggt,87,42,0.0,95700,random,farthestpose,,,,,,,,,,,0.0,,vggt,,,,,,MCMC,,,,,,,,,,sfm,0.3306,0.018825,87,"{'rre': [0.2095773369816027, 0.2320585717686411, 0.4077529666403518, 0.4340923669153102, 0.4651887055672227, 0.25351242200491664, 0.3167062148634217, 0.4071285845159849, 0.32596914392734444, 0.28655731672436274, 0.3001525124761198, 0.43684767263446933, 0.1622631341597539, 0.2884581284379179, 0.23520236115228682, 0.3204967905045965, 0.15480528114137973, 0.4810646863972625, 0.3386515406215489, 0.22633221415468582, 0.3198772581954698, 0.25955596296277605, 0.6574875371805755, 0.3018443378428321, 0.3562301387484214, 0.26979286603396535, 0.32541276333329006, 0.30554202561232824, 0.574456121723799, 0.31742487673790515, 0.24234483527309536, 0.0837948179192538, 0.15479284197826337, 0.36129738891142293, 0.3626006593160225, 0.11486171394030915, 0.42781050465252535, 0.14144317302402312, 0.4635863514349145, 0.32830894925743465, 0.46276259042025236, 0.15260113982858764, 0.6563259955831284, 0.35139549216583615, 0.38989868971458896, 0.19020609884062684, 0.4677734689362332, 0.2844582237591389, 0.3279987206257731, 0.14459026447608223, 0.46849066496863295, 0.2038955425264593, 0.36644400140421607, 0.1823479486819621, 0.6052044272110969, 0.29424013559515355, 0.43079668356790274, 0.5498928768778899, 0.13305943596061828, 0.4297936011449549, 0.20936534193851264, 0.4114893963915454, 0.3644101503416646, 0.2009172432688683, 0.11993357840698912, 0.3315771235196325, 0.2272829057860911, 0.48977735597816124, 0.49583412749458977, 0.3852079178031473, 0.4468093348792375, 0.3487916489462027, 0.17075139736536296, 0.5146901254492435, 0.2673060880380233, 0.4148587060344179, 0.3872152930422016, 0.3587030895724793, 0.4114925974990321, 0.21134999761703696, 0.34889385214938834, 0.3580099117761079, 0.2901444046596865, 0.36309205110155957, 0.31543037634975224, 0.12456830276589077, 0.4546630497760331], 'rte': [0.014742611982183748, 0.025397794283430353, 0.012530460121385282, 0.018808543121259375, 0.038613633147601883, 0.01686353700364245, 0.018161678470818857, 0.015727155341863416, 0.01648583902188679, 0.0043646276100551065, 0.02060527036252288, 0.03199529750787696, 0.014123982212920593, 0.005787722811278293, 0.012749903222771822, 0.010723343673336388, 0.020165602268935934, 0.021429038607861835, 0.010292810382674183, 0.01291328801985046, 0.017121277684102838, 0.01406692095162167, 0.029223924066868776, 0.010933757293126626, 0.015609302675518976, 0.017603420319764126, 0.009718123788505185, 0.006029148243869911, 0.02621186752890215, 0.018043878090019217, 0.0182061207650317, 0.02410433520992528, 0.026831281476581554, 0.01695476267666486, 0.022983447836877332, 0.0257785151575982, 0.023111135748227915, 0.02861453521597367, 0.02607603847387739, 0.012639237124495347, 0.01991459561353232, 0.01577033427140684, 0.03643657242251654, 0.010236734811708486, 0.029403127901919516, 0.015520868633325465, 0.019423205041582764, 0.01407384949977227, 0.008464343270277426, 0.019936764567108526, 0.017241644464219743, 0.013957173160199433, 0.025392391144891318, 0.02068437242857902, 0.05081490967952671, 0.005116468865500986, 0.015273096500617478, 0.030324542193040475, 0.018614349584850885, 0.02705548007063621, 0.021039042708965585, 0.01714163019039401, 0.010709577614329169, 0.022546688732527357, 0.027506644665254435, 0.01324616839166093, 0.020326542123784357, 0.022103870089271963, 0.02012453428965124, 0.015935720444630902, 0.0257332503005085, 0.010026126628119894, 0.027920335555390318, 0.0205005023384302, 0.00730147947286544, 0.02765880895688131, 0.031110096934472704, 0.008764300175192375, 0.008287921984247716, 0.028397026374597314, 0.016792719672288722, 0.02277256652404385, 0.005884160949668689, 0.006833779627114579, 0.005554114967849539, 0.024646996188432142, 0.02288993843313262]}",/home/ojab2/work/git/vggt/vggt_outputs/lego_1_n87_s42_c0.0_p95700_random_farthestpose/eval_results.json,/home/ojab2/work/git/vggt/vggt_outputs/lego_1_n87_s42_c0.0_p95700_random_farthestpose/eval_results.json,lego_1_n87_s42_c0.0_p95700_random_farthestpose,lego_1_n87_s42_c0.0_p95700_random_farthestpose,,vggt | random |  |  |  | ,87.0
vggt,87,43,0.0,95700,random,farthestpose,,,,,,,,,,,0.0,,vggt,,,,,,MCMC,,,,,,,,,,sfm,0.3306,0.018825,87,"{'rre': [0.2095773369816027, 0.2320585717686411, 0.4077529666403518, 0.4340923669153102, 0.4651887055672227, 0.25351242200491664, 0.3167062148634217, 0.4071285845159849, 0.32596914392734444, 0.28655731672436274, 0.3001525124761198, 0.43684767263446933, 0.1622631341597539, 0.2884581284379179, 0.23520236115228682, 0.3204967905045965, 0.15480528114137973, 0.4810646863972625, 0.3386515406215489, 0.22633221415468582, 0.3198772581954698, 0.25955596296277605, 0.6574875371805755, 0.3018443378428321, 0.3562301387484214, 0.26979286603396535, 0.32541276333329006, 0.30554202561232824, 0.574456121723799, 0.31742487673790515, 0.24234483527309536, 0.0837948179192538, 0.15479284197826337, 0.36129738891142293, 0.3626006593160225, 0.11486171394030915, 0.42781050465252535, 0.14144317302402312, 0.4635863514349145, 0.32830894925743465, 0.46276259042025236, 0.15260113982858764, 0.6563259955831284, 0.35139549216583615, 0.38989868971458896, 0.19020609884062684, 0.4677734689362332, 0.2844582237591389, 0.3279987206257731, 0.14459026447608223, 0.46849066496863295, 0.2038955425264593, 0.36644400140421607, 0.1823479486819621, 0.6052044272110969, 0.29424013559515355, 0.43079668356790274, 0.5498928768778899, 0.13305943596061828, 0.4297936011449549, 0.20936534193851264, 0.4114893963915454, 0.3644101503416646, 0.2009172432688683, 0.11993357840698912, 0.3315771235196325, 0.2272829057860911, 0.48977735597816124, 0.49583412749458977, 0.3852079178031473, 0.4468093348792375, 0.3487916489462027, 0.17075139736536296, 0.5146901254492435, 0.2673060880380233, 0.4148587060344179, 0.3872152930422016, 0.3587030895724793, 0.4114925974990321, 0.21134999761703696, 0.34889385214938834, 0.3580099117761079, 0.2901444046596865, 0.36309205110155957, 0.31543037634975224, 0.12456830276589077, 0.4546630497760331], 'rte': [0.014742611982183748, 0.025397794283430353, 0.012530460121385282, 0.018808543121259375, 0.038613633147601883, 0.01686353700364245, 0.018161678470818857, 0.015727155341863416, 0.01648583902188679, 0.0043646276100551065, 0.02060527036252288, 0.03199529750787696, 0.014123982212920593, 0.005787722811278293, 0.012749903222771822, 0.010723343673336388, 0.020165602268935934, 0.021429038607861835, 0.010292810382674183, 0.01291328801985046, 0.017121277684102838, 0.01406692095162167, 0.029223924066868776, 0.010933757293126626, 0.015609302675518976, 0.017603420319764126, 0.009718123788505185, 0.006029148243869911, 0.02621186752890215, 0.018043878090019217, 0.0182061207650317, 0.02410433520992528, 0.026831281476581554, 0.01695476267666486, 0.022983447836877332, 0.0257785151575982, 0.023111135748227915, 0.02861453521597367, 0.02607603847387739, 0.012639237124495347, 0.01991459561353232, 0.01577033427140684, 0.03643657242251654, 0.010236734811708486, 0.029403127901919516, 0.015520868633325465, 0.019423205041582764, 0.01407384949977227, 0.008464343270277426, 0.019936764567108526, 0.017241644464219743, 0.013957173160199433, 0.025392391144891318, 0.02068437242857902, 0.05081490967952671, 0.005116468865500986, 0.015273096500617478, 0.030324542193040475, 0.018614349584850885, 0.02705548007063621, 0.021039042708965585, 0.01714163019039401, 0.010709577614329169, 0.022546688732527357, 0.027506644665254435, 0.01324616839166093, 0.020326542123784357, 0.022103870089271963, 0.02012453428965124, 0.015935720444630902, 0.0257332503005085, 0.010026126628119894, 0.027920335555390318, 0.0205005023384302, 0.00730147947286544, 0.02765880895688131, 0.031110096934472704, 0.008764300175192375, 0.008287921984247716, 0.028397026374597314, 0.016792719672288722, 0.02277256652404385, 0.005884160949668689, 0.006833779627114579, 0.005554114967849539, 0.024646996188432142, 0.02288993843313262]}",/home/ojab2/work/git/vggt/vggt_outputs/lego_1_n87_s43_c0.0_p95700_random_farthestpose/eval_results.json,/home/ojab2/work/git/vggt/vggt_outputs/lego_1_n87_s43_c0.0_p95700_random_farthestpose/eval_results.json,lego_1_n87_s43_c0.0_p95700_random_farthestpose,lego_1_n87_s43_c0.0_p95700_random_farthestpose,,vggt | random |  |  |  | ,87.0
