method,num_images,seed,conf_thres_value,num_points,sampling_mode,image_mode,num_cameras,gt_eval,use_gt_extrinsics,use_gt_intrinsics,use_gt_points,pose_opt,pose_opt_module,eval_opt,depth_loss_mode,error_opa,depth_lambda,depth_conf_mode,choice,camera_type,copy_mode,val_step,num_steps,colmap_mode,splatting_strategy,camera_src,pcd_src,align_mode,align_glue,shared_camera,keep_backup_cams,random_init,use_ba,max_ba_iterations,source,psnr,lpips,ssim,num_GS,eval_rte,eval_rre,quality,real_num_points,file_path,gsplat_file_path,folder,input_folder,output_folder,rre,rte,num_aligned,raw_eval_metrics,sfm_file_path,plot_series,val_step_jitter
vggt,100,42,0.0,110000,voxels,farthestpose,100,GT Eval,,,,,,,,,0.0,,vggt,,,1,15000,,MCMC,,,,,,,,,,gsplat,10.43635082244873,0.8617289662361145,0.07831697165966034,107546,0.015425998717546463,0.8569999933242798,-0.38643355749891195,107546,/home/ojab2/work/git/gsplat/results/vggt_outputs/bicycle_4_n100_s42_c0.0_p110000_voxels_farthestpose_i100_gteval_steps15000/stats/val_step0000.json,/home/ojab2/work/git/gsplat/results/vggt_outputs/bicycle_4_n100_s42_c0.0_p110000_voxels_farthestpose_i100_gteval_steps15000/stats/val_step0000.json,bicycle_4_n100_s42_c0.0_p110000_voxels_farthestpose_i100_gteval_steps15000,bicycle_4_n100_s42_c0.0_p110000_voxels_farthestpose,bicycle_4_n100_s42_c0.0_p110000_voxels_farthestpose_i100_gteval_steps15000_val_step0000.json,,,,,,vggt |  | ,1.0
vggt,100,42,0.0,110000,voxels,farthestpose,100,GT Eval,,,,,,,,,0.0,,vggt,,,3000,15000,,MCMC,,,,,,,,,,gsplat,17.70341682434082,0.7704729437828064,0.32438597083091736,346826,0.015425998717546463,0.8569999933242798,-0.051627383594624376,107546,/home/ojab2/work/git/gsplat/results/vggt_outputs/bicycle_4_n100_s42_c0.0_p110000_voxels_farthestpose_i100_gteval_steps15000/stats/val_step2999.json,/home/ojab2/work/git/gsplat/results/vggt_outputs/bicycle_4_n100_s42_c0.0_p110000_voxels_farthestpose_i100_gteval_steps15000/stats/val_step2999.json,bicycle_4_n100_s42_c0.0_p110000_voxels_farthestpose_i100_gteval_steps15000,bicycle_4_n100_s42_c0.0_p110000_voxels_farthestpose,bicycle_4_n100_s42_c0.0_p110000_voxels_farthestpose_i100_gteval_steps15000_val_step2999.json,0.857,0.067143,100,"{'rre': [0.5702331652206559, 0.6398621246249242, 0.7513421710424844, 0.6194715544308509, 1.1511585536681936, 0.8080846199296431, 1.1555969568462832, 1.077586543007674, 0.9886372257699532, 1.9156974971637841, 1.2296226353366522, 0.8437326574091922, 1.0912455486941406, 0.5169199480651567, 0.4300854086153968, 0.886163035460572, 2.014654181994793, 0.6116040820285388, 2.0093153250776434, 0.75001288227166, 1.5920735958746752, 3.782845519596949, 0.4051468443993654, 0.6857626914500576, 0.5201148598227281, 0.4681139487843257, 0.8666926682914202, 0.8028425959893888, 1.234329676443275, 0.6992685246485966, 0.6851616853467619, 0.691862471121414, 0.5509181674727295, 0.5329709062106566, 0.5966625295212562, 0.5815053408137072, 0.7642631704659736, 0.7620032329266441, 0.8799341886260564, 0.7486179564727967, 0.7698961330118659, 0.726215541614998, 0.6804534761903073, 0.7485546135965592, 1.0584288065617375, 0.7333968424734084, 0.5310467244606738, 0.995618249844959, 0.6759326843543721, 1.0816420564712321, 0.746507031143787, 1.0511773921702816, 0.4241742123235541, 0.6131935348900102, 0.6880321348434675, 0.12704859548119596, 0.8270470883416499, 0.6746298451457289, 0.26913549141438114, 1.1982807137961042, 0.6518952253926706, 1.035643292518096, 0.7446446395911542, 0.7388156839666352, 0.6335973697680042, 0.5636013021688472, 0.5484498488578985, 0.41852890241202173, 0.4128564308434616, 0.6214316968154178, 1.2766293534924091, 0.7946718657029374, 0.8257372258418187, 0.7572851948600626, 1.0258555630859314, 1.0265366253876587, 1.058950268311012, 1.1606524506115725, 1.1648246417442132, 0.8126551961013895, 0.8966091127122138, 0.7057708256355874, 0.7284938080073016, 0.9779361963791331, 0.879805145941009, 1.1763610828157316, 0.819943836355188, 1.1343707221929085, 0.6919027926839055, 1.6651972887184225, 1.7955198130121162, 1.2468173225708346, 0.301950661310069, 0.6281520201195858, 0.6917897834304836, 0.47550715148524136, 0.5531822064922434, 0.5358137127444751, 0.5612685252041151, 0.4308457978578191], 'rte': [0.025064340226069484, 0.04656750785914643, 0.05878842373195873, 0.06642845567853538, 0.08857334857482903, 0.03579572157287491, 0.053358305488281535, 0.018815196959131218, 0.02371843124112395, 0.2913726187814795, 0.03252192516261807, 0.042276921664020535, 0.04832578556635411, 0.1217679125181239, 0.1899363717970124, 0.05079956931268367, 0.2084685149666383, 0.04521510390796346, 0.21365774578406208, 0.03552973626689557, 0.17500167995515525, 0.7077886079401978, 0.01634943699752562, 0.14297443608600502, 0.04878469813840216, 0.02473656513056165, 0.07416474849157974, 0.02606950670984292, 0.09877349591665002, 0.01679016361035569, 0.06735561702156166, 0.06087382987420992, 0.02149376363590266, 0.018109983699006328, 0.015794963128495383, 0.02536958174934321, 0.04108155299597359, 0.043044978506969596, 0.026589689479102646, 0.021174391210905162, 0.021818147270393676, 0.03519912386077605, 0.04741056012997579, 0.019794737022947907, 0.03953789801686568, 0.11305051254248562, 0.08552007226202038, 0.07002185300535692, 0.09984215132082916, 0.07224994630213391, 0.08537979511546097, 0.07103197987031884, 0.03887426378811211, 0.0550991605416222, 0.14027532915274635, 0.056632145169833725, 0.05168508313631055, 0.06907575985666609, 0.08126786210207596, 0.05488668873562424, 0.03398536509216263, 0.029181762555162118, 0.01889309298784043, 0.062276842804681556, 0.01302066887431064, 0.07840091620052818, 0.004714305034870413, 0.04272181557567167, 0.0340203779440706, 0.024740316204006643, 0.06306433340055026, 0.05636720837932761, 0.03105992958448109, 0.014997670516874652, 0.028439169830885673, 0.026310587370008038, 0.044010355397294816, 0.05752352667288197, 0.051376013625255824, 0.015541247778880742, 0.05768495924168229, 0.09620901253349574, 0.043139934943548515, 0.026827971679933782, 0.09614628311363996, 0.08290512190588661, 0.05896066142721167, 0.11290248786972007, 0.028497163072304654, 0.10680181574903869, 0.10165788014175951, 0.07007511991968764, 0.10056611400770846, 0.06819583912818233, 0.07005276048066864, 0.04216141237422975, 0.025489237823650132, 0.03812402386636173, 0.03938313111601408, 0.039890671646863225]}",/home/ojab2/work/git/vggt/vggt_outputs/bicycle_4_n100_s42_c0.0_p110000_voxels_farthestpose/eval_results.json,vggt |  | ,3000.0
vggt,100,42,0.0,110000,voxels,farthestpose,100,GT Eval,,,,,,,,,0.0,,vggt,,,7000,15000,,MCMC,,,,,,,,,,gsplat,17.60775375366211,0.5861911773681641,0.299306184053421,1000000,0.015425998717546463,0.8569999933242798,0.04568871288349141,107546,/home/ojab2/work/git/gsplat/results/vggt_outputs/bicycle_4_n100_s42_c0.0_p110000_voxels_farthestpose_i100_gteval_steps15000/stats/val_step6999.json,/home/ojab2/work/git/gsplat/results/vggt_outputs/bicycle_4_n100_s42_c0.0_p110000_voxels_farthestpose_i100_gteval_steps15000/stats/val_step6999.json,bicycle_4_n100_s42_c0.0_p110000_voxels_farthestpose_i100_gteval_steps15000,bicycle_4_n100_s42_c0.0_p110000_voxels_farthestpose,bicycle_4_n100_s42_c0.0_p110000_voxels_farthestpose_i100_gteval_steps15000_val_step6999.json,0.857,0.067143,100,"{'rre': [0.5702331652206559, 0.6398621246249242, 0.7513421710424844, 0.6194715544308509, 1.1511585536681936, 0.8080846199296431, 1.1555969568462832, 1.077586543007674, 0.9886372257699532, 1.9156974971637841, 1.2296226353366522, 0.8437326574091922, 1.0912455486941406, 0.5169199480651567, 0.4300854086153968, 0.886163035460572, 2.014654181994793, 0.6116040820285388, 2.0093153250776434, 0.75001288227166, 1.5920735958746752, 3.782845519596949, 0.4051468443993654, 0.6857626914500576, 0.5201148598227281, 0.4681139487843257, 0.8666926682914202, 0.8028425959893888, 1.234329676443275, 0.6992685246485966, 0.6851616853467619, 0.691862471121414, 0.5509181674727295, 0.5329709062106566, 0.5966625295212562, 0.5815053408137072, 0.7642631704659736, 0.7620032329266441, 0.8799341886260564, 0.7486179564727967, 0.7698961330118659, 0.726215541614998, 0.6804534761903073, 0.7485546135965592, 1.0584288065617375, 0.7333968424734084, 0.5310467244606738, 0.995618249844959, 0.6759326843543721, 1.0816420564712321, 0.746507031143787, 1.0511773921702816, 0.4241742123235541, 0.6131935348900102, 0.6880321348434675, 0.12704859548119596, 0.8270470883416499, 0.6746298451457289, 0.26913549141438114, 1.1982807137961042, 0.6518952253926706, 1.035643292518096, 0.7446446395911542, 0.7388156839666352, 0.6335973697680042, 0.5636013021688472, 0.5484498488578985, 0.41852890241202173, 0.4128564308434616, 0.6214316968154178, 1.2766293534924091, 0.7946718657029374, 0.8257372258418187, 0.7572851948600626, 1.0258555630859314, 1.0265366253876587, 1.058950268311012, 1.1606524506115725, 1.1648246417442132, 0.8126551961013895, 0.8966091127122138, 0.7057708256355874, 0.7284938080073016, 0.9779361963791331, 0.879805145941009, 1.1763610828157316, 0.819943836355188, 1.1343707221929085, 0.6919027926839055, 1.6651972887184225, 1.7955198130121162, 1.2468173225708346, 0.301950661310069, 0.6281520201195858, 0.6917897834304836, 0.47550715148524136, 0.5531822064922434, 0.5358137127444751, 0.5612685252041151, 0.4308457978578191], 'rte': [0.025064340226069484, 0.04656750785914643, 0.05878842373195873, 0.06642845567853538, 0.08857334857482903, 0.03579572157287491, 0.053358305488281535, 0.018815196959131218, 0.02371843124112395, 0.2913726187814795, 0.03252192516261807, 0.042276921664020535, 0.04832578556635411, 0.1217679125181239, 0.1899363717970124, 0.05079956931268367, 0.2084685149666383, 0.04521510390796346, 0.21365774578406208, 0.03552973626689557, 0.17500167995515525, 0.7077886079401978, 0.01634943699752562, 0.14297443608600502, 0.04878469813840216, 0.02473656513056165, 0.07416474849157974, 0.02606950670984292, 0.09877349591665002, 0.01679016361035569, 0.06735561702156166, 0.06087382987420992, 0.02149376363590266, 0.018109983699006328, 0.015794963128495383, 0.02536958174934321, 0.04108155299597359, 0.043044978506969596, 0.026589689479102646, 0.021174391210905162, 0.021818147270393676, 0.03519912386077605, 0.04741056012997579, 0.019794737022947907, 0.03953789801686568, 0.11305051254248562, 0.08552007226202038, 0.07002185300535692, 0.09984215132082916, 0.07224994630213391, 0.08537979511546097, 0.07103197987031884, 0.03887426378811211, 0.0550991605416222, 0.14027532915274635, 0.056632145169833725, 0.05168508313631055, 0.06907575985666609, 0.08126786210207596, 0.05488668873562424, 0.03398536509216263, 0.029181762555162118, 0.01889309298784043, 0.062276842804681556, 0.01302066887431064, 0.07840091620052818, 0.004714305034870413, 0.04272181557567167, 0.0340203779440706, 0.024740316204006643, 0.06306433340055026, 0.05636720837932761, 0.03105992958448109, 0.014997670516874652, 0.028439169830885673, 0.026310587370008038, 0.044010355397294816, 0.05752352667288197, 0.051376013625255824, 0.015541247778880742, 0.05768495924168229, 0.09620901253349574, 0.043139934943548515, 0.026827971679933782, 0.09614628311363996, 0.08290512190588661, 0.05896066142721167, 0.11290248786972007, 0.028497163072304654, 0.10680181574903869, 0.10165788014175951, 0.07007511991968764, 0.10056611400770846, 0.06819583912818233, 0.07005276048066864, 0.04216141237422975, 0.025489237823650132, 0.03812402386636173, 0.03938313111601408, 0.039890671646863225]}",/home/ojab2/work/git/vggt/vggt_outputs/bicycle_4_n100_s42_c0.0_p110000_voxels_farthestpose/eval_results.json,vggt |  | ,7000.0
vggt,100,42,0.0,110000,voxels,farthestpose,100,GT Eval,,,,,,,,,0.0,,vggt,,,10000,15000,,MCMC,,,,,,,,,,gsplat,17.43030548095703,0.5231110453605652,0.28358879685401917,1000000,0.015425998717546463,0.8569999933242798,0.07214953234785951,107546,/home/ojab2/work/git/gsplat/results/vggt_outputs/bicycle_4_n100_s42_c0.0_p110000_voxels_farthestpose_i100_gteval_steps15000/stats/val_step9999.json,/home/ojab2/work/git/gsplat/results/vggt_outputs/bicycle_4_n100_s42_c0.0_p110000_voxels_farthestpose_i100_gteval_steps15000/stats/val_step9999.json,bicycle_4_n100_s42_c0.0_p110000_voxels_farthestpose_i100_gteval_steps15000,bicycle_4_n100_s42_c0.0_p110000_voxels_farthestpose,bicycle_4_n100_s42_c0.0_p110000_voxels_farthestpose_i100_gteval_steps15000_val_step9999.json,0.857,0.067143,100,"{'rre': [0.5702331652206559, 0.6398621246249242, 0.7513421710424844, 0.6194715544308509, 1.1511585536681936, 0.8080846199296431, 1.1555969568462832, 1.077586543007674, 0.9886372257699532, 1.9156974971637841, 1.2296226353366522, 0.8437326574091922, 1.0912455486941406, 0.5169199480651567, 0.4300854086153968, 0.886163035460572, 2.014654181994793, 0.6116040820285388, 2.0093153250776434, 0.75001288227166, 1.5920735958746752, 3.782845519596949, 0.4051468443993654, 0.6857626914500576, 0.5201148598227281, 0.4681139487843257, 0.8666926682914202, 0.8028425959893888, 1.234329676443275, 0.6992685246485966, 0.6851616853467619, 0.691862471121414, 0.5509181674727295, 0.5329709062106566, 0.5966625295212562, 0.5815053408137072, 0.7642631704659736, 0.7620032329266441, 0.8799341886260564, 0.7486179564727967, 0.7698961330118659, 0.726215541614998, 0.6804534761903073, 0.7485546135965592, 1.0584288065617375, 0.7333968424734084, 0.5310467244606738, 0.995618249844959, 0.6759326843543721, 1.0816420564712321, 0.746507031143787, 1.0511773921702816, 0.4241742123235541, 0.6131935348900102, 0.6880321348434675, 0.12704859548119596, 0.8270470883416499, 0.6746298451457289, 0.26913549141438114, 1.1982807137961042, 0.6518952253926706, 1.035643292518096, 0.7446446395911542, 0.7388156839666352, 0.6335973697680042, 0.5636013021688472, 0.5484498488578985, 0.41852890241202173, 0.4128564308434616, 0.6214316968154178, 1.2766293534924091, 0.7946718657029374, 0.8257372258418187, 0.7572851948600626, 1.0258555630859314, 1.0265366253876587, 1.058950268311012, 1.1606524506115725, 1.1648246417442132, 0.8126551961013895, 0.8966091127122138, 0.7057708256355874, 0.7284938080073016, 0.9779361963791331, 0.879805145941009, 1.1763610828157316, 0.819943836355188, 1.1343707221929085, 0.6919027926839055, 1.6651972887184225, 1.7955198130121162, 1.2468173225708346, 0.301950661310069, 0.6281520201195858, 0.6917897834304836, 0.47550715148524136, 0.5531822064922434, 0.5358137127444751, 0.5612685252041151, 0.4308457978578191], 'rte': [0.025064340226069484, 0.04656750785914643, 0.05878842373195873, 0.06642845567853538, 0.08857334857482903, 0.03579572157287491, 0.053358305488281535, 0.018815196959131218, 0.02371843124112395, 0.2913726187814795, 0.03252192516261807, 0.042276921664020535, 0.04832578556635411, 0.1217679125181239, 0.1899363717970124, 0.05079956931268367, 0.2084685149666383, 0.04521510390796346, 0.21365774578406208, 0.03552973626689557, 0.17500167995515525, 0.7077886079401978, 0.01634943699752562, 0.14297443608600502, 0.04878469813840216, 0.02473656513056165, 0.07416474849157974, 0.02606950670984292, 0.09877349591665002, 0.01679016361035569, 0.06735561702156166, 0.06087382987420992, 0.02149376363590266, 0.018109983699006328, 0.015794963128495383, 0.02536958174934321, 0.04108155299597359, 0.043044978506969596, 0.026589689479102646, 0.021174391210905162, 0.021818147270393676, 0.03519912386077605, 0.04741056012997579, 0.019794737022947907, 0.03953789801686568, 0.11305051254248562, 0.08552007226202038, 0.07002185300535692, 0.09984215132082916, 0.07224994630213391, 0.08537979511546097, 0.07103197987031884, 0.03887426378811211, 0.0550991605416222, 0.14027532915274635, 0.056632145169833725, 0.05168508313631055, 0.06907575985666609, 0.08126786210207596, 0.05488668873562424, 0.03398536509216263, 0.029181762555162118, 0.01889309298784043, 0.062276842804681556, 0.01302066887431064, 0.07840091620052818, 0.004714305034870413, 0.04272181557567167, 0.0340203779440706, 0.024740316204006643, 0.06306433340055026, 0.05636720837932761, 0.03105992958448109, 0.014997670516874652, 0.028439169830885673, 0.026310587370008038, 0.044010355397294816, 0.05752352667288197, 0.051376013625255824, 0.015541247778880742, 0.05768495924168229, 0.09620901253349574, 0.043139934943548515, 0.026827971679933782, 0.09614628311363996, 0.08290512190588661, 0.05896066142721167, 0.11290248786972007, 0.028497163072304654, 0.10680181574903869, 0.10165788014175951, 0.07007511991968764, 0.10056611400770846, 0.06819583912818233, 0.07005276048066864, 0.04216141237422975, 0.025489237823650132, 0.03812402386636173, 0.03938313111601408, 0.039890671646863225]}",/home/ojab2/work/git/vggt/vggt_outputs/bicycle_4_n100_s42_c0.0_p110000_voxels_farthestpose/eval_results.json,vggt |  | ,10000.0
vggt,100,42,0.0,110000,voxels,farthestpose,100,GT Eval,,,,,,,,,0.0,,vggt,,,15000,15000,,MCMC,,,,,,,,,,gsplat,17.303186416625977,0.48491042852401733,0.27097687125205994,1000000,0.015425998717546463,0.8569999933242798,0.08600070818900447,107546,/home/ojab2/work/git/gsplat/results/vggt_outputs/bicycle_4_n100_s42_c0.0_p110000_voxels_farthestpose_i100_gteval_steps15000/stats/val_step14999.json,/home/ojab2/work/git/gsplat/results/vggt_outputs/bicycle_4_n100_s42_c0.0_p110000_voxels_farthestpose_i100_gteval_steps15000/stats/val_step14999.json,bicycle_4_n100_s42_c0.0_p110000_voxels_farthestpose_i100_gteval_steps15000,bicycle_4_n100_s42_c0.0_p110000_voxels_farthestpose,bicycle_4_n100_s42_c0.0_p110000_voxels_farthestpose_i100_gteval_steps15000_val_step14999.json,0.857,0.067143,100,"{'rre': [0.5702331652206559, 0.6398621246249242, 0.7513421710424844, 0.6194715544308509, 1.1511585536681936, 0.8080846199296431, 1.1555969568462832, 1.077586543007674, 0.9886372257699532, 1.9156974971637841, 1.2296226353366522, 0.8437326574091922, 1.0912455486941406, 0.5169199480651567, 0.4300854086153968, 0.886163035460572, 2.014654181994793, 0.6116040820285388, 2.0093153250776434, 0.75001288227166, 1.5920735958746752, 3.782845519596949, 0.4051468443993654, 0.6857626914500576, 0.5201148598227281, 0.4681139487843257, 0.8666926682914202, 0.8028425959893888, 1.234329676443275, 0.6992685246485966, 0.6851616853467619, 0.691862471121414, 0.5509181674727295, 0.5329709062106566, 0.5966625295212562, 0.5815053408137072, 0.7642631704659736, 0.7620032329266441, 0.8799341886260564, 0.7486179564727967, 0.7698961330118659, 0.726215541614998, 0.6804534761903073, 0.7485546135965592, 1.0584288065617375, 0.7333968424734084, 0.5310467244606738, 0.995618249844959, 0.6759326843543721, 1.0816420564712321, 0.746507031143787, 1.0511773921702816, 0.4241742123235541, 0.6131935348900102, 0.6880321348434675, 0.12704859548119596, 0.8270470883416499, 0.6746298451457289, 0.26913549141438114, 1.1982807137961042, 0.6518952253926706, 1.035643292518096, 0.7446446395911542, 0.7388156839666352, 0.6335973697680042, 0.5636013021688472, 0.5484498488578985, 0.41852890241202173, 0.4128564308434616, 0.6214316968154178, 1.2766293534924091, 0.7946718657029374, 0.8257372258418187, 0.7572851948600626, 1.0258555630859314, 1.0265366253876587, 1.058950268311012, 1.1606524506115725, 1.1648246417442132, 0.8126551961013895, 0.8966091127122138, 0.7057708256355874, 0.7284938080073016, 0.9779361963791331, 0.879805145941009, 1.1763610828157316, 0.819943836355188, 1.1343707221929085, 0.6919027926839055, 1.6651972887184225, 1.7955198130121162, 1.2468173225708346, 0.301950661310069, 0.6281520201195858, 0.6917897834304836, 0.47550715148524136, 0.5531822064922434, 0.5358137127444751, 0.5612685252041151, 0.4308457978578191], 'rte': [0.025064340226069484, 0.04656750785914643, 0.05878842373195873, 0.06642845567853538, 0.08857334857482903, 0.03579572157287491, 0.053358305488281535, 0.018815196959131218, 0.02371843124112395, 0.2913726187814795, 0.03252192516261807, 0.042276921664020535, 0.04832578556635411, 0.1217679125181239, 0.1899363717970124, 0.05079956931268367, 0.2084685149666383, 0.04521510390796346, 0.21365774578406208, 0.03552973626689557, 0.17500167995515525, 0.7077886079401978, 0.01634943699752562, 0.14297443608600502, 0.04878469813840216, 0.02473656513056165, 0.07416474849157974, 0.02606950670984292, 0.09877349591665002, 0.01679016361035569, 0.06735561702156166, 0.06087382987420992, 0.02149376363590266, 0.018109983699006328, 0.015794963128495383, 0.02536958174934321, 0.04108155299597359, 0.043044978506969596, 0.026589689479102646, 0.021174391210905162, 0.021818147270393676, 0.03519912386077605, 0.04741056012997579, 0.019794737022947907, 0.03953789801686568, 0.11305051254248562, 0.08552007226202038, 0.07002185300535692, 0.09984215132082916, 0.07224994630213391, 0.08537979511546097, 0.07103197987031884, 0.03887426378811211, 0.0550991605416222, 0.14027532915274635, 0.056632145169833725, 0.05168508313631055, 0.06907575985666609, 0.08126786210207596, 0.05488668873562424, 0.03398536509216263, 0.029181762555162118, 0.01889309298784043, 0.062276842804681556, 0.01302066887431064, 0.07840091620052818, 0.004714305034870413, 0.04272181557567167, 0.0340203779440706, 0.024740316204006643, 0.06306433340055026, 0.05636720837932761, 0.03105992958448109, 0.014997670516874652, 0.028439169830885673, 0.026310587370008038, 0.044010355397294816, 0.05752352667288197, 0.051376013625255824, 0.015541247778880742, 0.05768495924168229, 0.09620901253349574, 0.043139934943548515, 0.026827971679933782, 0.09614628311363996, 0.08290512190588661, 0.05896066142721167, 0.11290248786972007, 0.028497163072304654, 0.10680181574903869, 0.10165788014175951, 0.07007511991968764, 0.10056611400770846, 0.06819583912818233, 0.07005276048066864, 0.04216141237422975, 0.025489237823650132, 0.03812402386636173, 0.03938313111601408, 0.039890671646863225]}",/home/ojab2/work/git/vggt/vggt_outputs/bicycle_4_n100_s42_c0.0_p110000_voxels_farthestpose/eval_results.json,vggt |  | ,15000.0
vggt,100,42,0.0,110000,voxels,farthestpose,100,GT Eval,,,,Pose Opt,,,,,0.0,,vggt,,,1,15000,,MCMC,,,,,,,,,,gsplat,10.435906410217285,0.8617588877677917,0.07824800908565521,107546,0.025786085054278374,1.0816465616226196,-0.3865005864269784,107546,/home/ojab2/work/git/gsplat/results/vggt_outputs/bicycle_4_n100_s42_c0.0_p110000_voxels_farthestpose_i100_gteval_poseopt_steps15000/stats/val_step0000.json,/home/ojab2/work/git/gsplat/results/vggt_outputs/bicycle_4_n100_s42_c0.0_p110000_voxels_farthestpose_i100_gteval_poseopt_steps15000/stats/val_step0000.json,bicycle_4_n100_s42_c0.0_p110000_voxels_farthestpose_i100_gteval_poseopt_steps15000,bicycle_4_n100_s42_c0.0_p110000_voxels_farthestpose,bicycle_4_n100_s42_c0.0_p110000_voxels_farthestpose_i100_gteval_poseopt_steps15000_val_step0000.json,,,,,,vggt |  | Pose Opt,1.0
vggt,100,42,0.0,110000,voxels,farthestpose,100,GT Eval,,,,Pose Opt,,,,,0.0,,vggt,,,3000,15000,,MCMC,,,,,,,,,,gsplat,17.969425201416016,0.7115647792816162,0.32325515151023865,346826,0.014536000788211823,0.7285000681877136,-0.010999535879118911,107546,/home/ojab2/work/git/gsplat/results/vggt_outputs/bicycle_4_n100_s42_c0.0_p110000_voxels_farthestpose_i100_gteval_poseopt_steps15000/stats/val_step2999.json,/home/ojab2/work/git/gsplat/results/vggt_outputs/bicycle_4_n100_s42_c0.0_p110000_voxels_farthestpose_i100_gteval_poseopt_steps15000/stats/val_step2999.json,bicycle_4_n100_s42_c0.0_p110000_voxels_farthestpose_i100_gteval_poseopt_steps15000,bicycle_4_n100_s42_c0.0_p110000_voxels_farthestpose,bicycle_4_n100_s42_c0.0_p110000_voxels_farthestpose_i100_gteval_poseopt_steps15000_val_step2999.json,0.857,0.067143,100,"{'rre': [0.5702331652206559, 0.6398621246249242, 0.7513421710424844, 0.6194715544308509, 1.1511585536681936, 0.8080846199296431, 1.1555969568462832, 1.077586543007674, 0.9886372257699532, 1.9156974971637841, 1.2296226353366522, 0.8437326574091922, 1.0912455486941406, 0.5169199480651567, 0.4300854086153968, 0.886163035460572, 2.014654181994793, 0.6116040820285388, 2.0093153250776434, 0.75001288227166, 1.5920735958746752, 3.782845519596949, 0.4051468443993654, 0.6857626914500576, 0.5201148598227281, 0.4681139487843257, 0.8666926682914202, 0.8028425959893888, 1.234329676443275, 0.6992685246485966, 0.6851616853467619, 0.691862471121414, 0.5509181674727295, 0.5329709062106566, 0.5966625295212562, 0.5815053408137072, 0.7642631704659736, 0.7620032329266441, 0.8799341886260564, 0.7486179564727967, 0.7698961330118659, 0.726215541614998, 0.6804534761903073, 0.7485546135965592, 1.0584288065617375, 0.7333968424734084, 0.5310467244606738, 0.995618249844959, 0.6759326843543721, 1.0816420564712321, 0.746507031143787, 1.0511773921702816, 0.4241742123235541, 0.6131935348900102, 0.6880321348434675, 0.12704859548119596, 0.8270470883416499, 0.6746298451457289, 0.26913549141438114, 1.1982807137961042, 0.6518952253926706, 1.035643292518096, 0.7446446395911542, 0.7388156839666352, 0.6335973697680042, 0.5636013021688472, 0.5484498488578985, 0.41852890241202173, 0.4128564308434616, 0.6214316968154178, 1.2766293534924091, 0.7946718657029374, 0.8257372258418187, 0.7572851948600626, 1.0258555630859314, 1.0265366253876587, 1.058950268311012, 1.1606524506115725, 1.1648246417442132, 0.8126551961013895, 0.8966091127122138, 0.7057708256355874, 0.7284938080073016, 0.9779361963791331, 0.879805145941009, 1.1763610828157316, 0.819943836355188, 1.1343707221929085, 0.6919027926839055, 1.6651972887184225, 1.7955198130121162, 1.2468173225708346, 0.301950661310069, 0.6281520201195858, 0.6917897834304836, 0.47550715148524136, 0.5531822064922434, 0.5358137127444751, 0.5612685252041151, 0.4308457978578191], 'rte': [0.025064340226069484, 0.04656750785914643, 0.05878842373195873, 0.06642845567853538, 0.08857334857482903, 0.03579572157287491, 0.053358305488281535, 0.018815196959131218, 0.02371843124112395, 0.2913726187814795, 0.03252192516261807, 0.042276921664020535, 0.04832578556635411, 0.1217679125181239, 0.1899363717970124, 0.05079956931268367, 0.2084685149666383, 0.04521510390796346, 0.21365774578406208, 0.03552973626689557, 0.17500167995515525, 0.7077886079401978, 0.01634943699752562, 0.14297443608600502, 0.04878469813840216, 0.02473656513056165, 0.07416474849157974, 0.02606950670984292, 0.09877349591665002, 0.01679016361035569, 0.06735561702156166, 0.06087382987420992, 0.02149376363590266, 0.018109983699006328, 0.015794963128495383, 0.02536958174934321, 0.04108155299597359, 0.043044978506969596, 0.026589689479102646, 0.021174391210905162, 0.021818147270393676, 0.03519912386077605, 0.04741056012997579, 0.019794737022947907, 0.03953789801686568, 0.11305051254248562, 0.08552007226202038, 0.07002185300535692, 0.09984215132082916, 0.07224994630213391, 0.08537979511546097, 0.07103197987031884, 0.03887426378811211, 0.0550991605416222, 0.14027532915274635, 0.056632145169833725, 0.05168508313631055, 0.06907575985666609, 0.08126786210207596, 0.05488668873562424, 0.03398536509216263, 0.029181762555162118, 0.01889309298784043, 0.062276842804681556, 0.01302066887431064, 0.07840091620052818, 0.004714305034870413, 0.04272181557567167, 0.0340203779440706, 0.024740316204006643, 0.06306433340055026, 0.05636720837932761, 0.03105992958448109, 0.014997670516874652, 0.028439169830885673, 0.026310587370008038, 0.044010355397294816, 0.05752352667288197, 0.051376013625255824, 0.015541247778880742, 0.05768495924168229, 0.09620901253349574, 0.043139934943548515, 0.026827971679933782, 0.09614628311363996, 0.08290512190588661, 0.05896066142721167, 0.11290248786972007, 0.028497163072304654, 0.10680181574903869, 0.10165788014175951, 0.07007511991968764, 0.10056611400770846, 0.06819583912818233, 0.07005276048066864, 0.04216141237422975, 0.025489237823650132, 0.03812402386636173, 0.03938313111601408, 0.039890671646863225]}",/home/ojab2/work/git/vggt/vggt_outputs/bicycle_4_n100_s42_c0.0_p110000_voxels_farthestpose/eval_results.json,vggt |  | Pose Opt,3000.0
vggt,100,42,0.0,110000,voxels,farthestpose,100,GT Eval,,,,Pose Opt,,,,,0.0,,vggt,,,7000,15000,,MCMC,,,,,,,,,,gsplat,17.62812042236328,0.4634751081466675,0.287443608045578,1000000,0.013996000401675701,0.7094999551773071,0.11487935447630904,107546,/home/ojab2/work/git/gsplat/results/vggt_outputs/bicycle_4_n100_s42_c0.0_p110000_voxels_farthestpose_i100_gteval_poseopt_steps15000/stats/val_step6999.json,/home/ojab2/work/git/gsplat/results/vggt_outputs/bicycle_4_n100_s42_c0.0_p110000_voxels_farthestpose_i100_gteval_poseopt_steps15000/stats/val_step6999.json,bicycle_4_n100_s42_c0.0_p110000_voxels_farthestpose_i100_gteval_poseopt_steps15000,bicycle_4_n100_s42_c0.0_p110000_voxels_farthestpose,bicycle_4_n100_s42_c0.0_p110000_voxels_farthestpose_i100_gteval_poseopt_steps15000_val_step6999.json,0.857,0.067143,100,"{'rre': [0.5702331652206559, 0.6398621246249242, 0.7513421710424844, 0.6194715544308509, 1.1511585536681936, 0.8080846199296431, 1.1555969568462832, 1.077586543007674, 0.9886372257699532, 1.9156974971637841, 1.2296226353366522, 0.8437326574091922, 1.0912455486941406, 0.5169199480651567, 0.4300854086153968, 0.886163035460572, 2.014654181994793, 0.6116040820285388, 2.0093153250776434, 0.75001288227166, 1.5920735958746752, 3.782845519596949, 0.4051468443993654, 0.6857626914500576, 0.5201148598227281, 0.4681139487843257, 0.8666926682914202, 0.8028425959893888, 1.234329676443275, 0.6992685246485966, 0.6851616853467619, 0.691862471121414, 0.5509181674727295, 0.5329709062106566, 0.5966625295212562, 0.5815053408137072, 0.7642631704659736, 0.7620032329266441, 0.8799341886260564, 0.7486179564727967, 0.7698961330118659, 0.726215541614998, 0.6804534761903073, 0.7485546135965592, 1.0584288065617375, 0.7333968424734084, 0.5310467244606738, 0.995618249844959, 0.6759326843543721, 1.0816420564712321, 0.746507031143787, 1.0511773921702816, 0.4241742123235541, 0.6131935348900102, 0.6880321348434675, 0.12704859548119596, 0.8270470883416499, 0.6746298451457289, 0.26913549141438114, 1.1982807137961042, 0.6518952253926706, 1.035643292518096, 0.7446446395911542, 0.7388156839666352, 0.6335973697680042, 0.5636013021688472, 0.5484498488578985, 0.41852890241202173, 0.4128564308434616, 0.6214316968154178, 1.2766293534924091, 0.7946718657029374, 0.8257372258418187, 0.7572851948600626, 1.0258555630859314, 1.0265366253876587, 1.058950268311012, 1.1606524506115725, 1.1648246417442132, 0.8126551961013895, 0.8966091127122138, 0.7057708256355874, 0.7284938080073016, 0.9779361963791331, 0.879805145941009, 1.1763610828157316, 0.819943836355188, 1.1343707221929085, 0.6919027926839055, 1.6651972887184225, 1.7955198130121162, 1.2468173225708346, 0.301950661310069, 0.6281520201195858, 0.6917897834304836, 0.47550715148524136, 0.5531822064922434, 0.5358137127444751, 0.5612685252041151, 0.4308457978578191], 'rte': [0.025064340226069484, 0.04656750785914643, 0.05878842373195873, 0.06642845567853538, 0.08857334857482903, 0.03579572157287491, 0.053358305488281535, 0.018815196959131218, 0.02371843124112395, 0.2913726187814795, 0.03252192516261807, 0.042276921664020535, 0.04832578556635411, 0.1217679125181239, 0.1899363717970124, 0.05079956931268367, 0.2084685149666383, 0.04521510390796346, 0.21365774578406208, 0.03552973626689557, 0.17500167995515525, 0.7077886079401978, 0.01634943699752562, 0.14297443608600502, 0.04878469813840216, 0.02473656513056165, 0.07416474849157974, 0.02606950670984292, 0.09877349591665002, 0.01679016361035569, 0.06735561702156166, 0.06087382987420992, 0.02149376363590266, 0.018109983699006328, 0.015794963128495383, 0.02536958174934321, 0.04108155299597359, 0.043044978506969596, 0.026589689479102646, 0.021174391210905162, 0.021818147270393676, 0.03519912386077605, 0.04741056012997579, 0.019794737022947907, 0.03953789801686568, 0.11305051254248562, 0.08552007226202038, 0.07002185300535692, 0.09984215132082916, 0.07224994630213391, 0.08537979511546097, 0.07103197987031884, 0.03887426378811211, 0.0550991605416222, 0.14027532915274635, 0.056632145169833725, 0.05168508313631055, 0.06907575985666609, 0.08126786210207596, 0.05488668873562424, 0.03398536509216263, 0.029181762555162118, 0.01889309298784043, 0.062276842804681556, 0.01302066887431064, 0.07840091620052818, 0.004714305034870413, 0.04272181557567167, 0.0340203779440706, 0.024740316204006643, 0.06306433340055026, 0.05636720837932761, 0.03105992958448109, 0.014997670516874652, 0.028439169830885673, 0.026310587370008038, 0.044010355397294816, 0.05752352667288197, 0.051376013625255824, 0.015541247778880742, 0.05768495924168229, 0.09620901253349574, 0.043139934943548515, 0.026827971679933782, 0.09614628311363996, 0.08290512190588661, 0.05896066142721167, 0.11290248786972007, 0.028497163072304654, 0.10680181574903869, 0.10165788014175951, 0.07007511991968764, 0.10056611400770846, 0.06819583912818233, 0.07005276048066864, 0.04216141237422975, 0.025489237823650132, 0.03812402386636173, 0.03938313111601408, 0.039890671646863225]}",/home/ojab2/work/git/vggt/vggt_outputs/bicycle_4_n100_s42_c0.0_p110000_voxels_farthestpose/eval_results.json,vggt |  | Pose Opt,7000.0
vggt,100,42,0.0,110000,voxels,farthestpose,100,GT Eval,,,,Pose Opt,,,,,0.0,,vggt,,,10000,15000,,MCMC,,,,,,,,,,gsplat,17.535045623779297,0.4039101302623749,0.2753235399723053,1000000,0.013863999396562576,0.704500138759613,0.1428364928547944,107546,/home/ojab2/work/git/gsplat/results/vggt_outputs/bicycle_4_n100_s42_c0.0_p110000_voxels_farthestpose_i100_gteval_poseopt_steps15000/stats/val_step9999.json,/home/ojab2/work/git/gsplat/results/vggt_outputs/bicycle_4_n100_s42_c0.0_p110000_voxels_farthestpose_i100_gteval_poseopt_steps15000/stats/val_step9999.json,bicycle_4_n100_s42_c0.0_p110000_voxels_farthestpose_i100_gteval_poseopt_steps15000,bicycle_4_n100_s42_c0.0_p110000_voxels_farthestpose,bicycle_4_n100_s42_c0.0_p110000_voxels_farthestpose_i100_gteval_poseopt_steps15000_val_step9999.json,0.857,0.067143,100,"{'rre': [0.5702331652206559, 0.6398621246249242, 0.7513421710424844, 0.6194715544308509, 1.1511585536681936, 0.8080846199296431, 1.1555969568462832, 1.077586543007674, 0.9886372257699532, 1.9156974971637841, 1.2296226353366522, 0.8437326574091922, 1.0912455486941406, 0.5169199480651567, 0.4300854086153968, 0.886163035460572, 2.014654181994793, 0.6116040820285388, 2.0093153250776434, 0.75001288227166, 1.5920735958746752, 3.782845519596949, 0.4051468443993654, 0.6857626914500576, 0.5201148598227281, 0.4681139487843257, 0.8666926682914202, 0.8028425959893888, 1.234329676443275, 0.6992685246485966, 0.6851616853467619, 0.691862471121414, 0.5509181674727295, 0.5329709062106566, 0.5966625295212562, 0.5815053408137072, 0.7642631704659736, 0.7620032329266441, 0.8799341886260564, 0.7486179564727967, 0.7698961330118659, 0.726215541614998, 0.6804534761903073, 0.7485546135965592, 1.0584288065617375, 0.7333968424734084, 0.5310467244606738, 0.995618249844959, 0.6759326843543721, 1.0816420564712321, 0.746507031143787, 1.0511773921702816, 0.4241742123235541, 0.6131935348900102, 0.6880321348434675, 0.12704859548119596, 0.8270470883416499, 0.6746298451457289, 0.26913549141438114, 1.1982807137961042, 0.6518952253926706, 1.035643292518096, 0.7446446395911542, 0.7388156839666352, 0.6335973697680042, 0.5636013021688472, 0.5484498488578985, 0.41852890241202173, 0.4128564308434616, 0.6214316968154178, 1.2766293534924091, 0.7946718657029374, 0.8257372258418187, 0.7572851948600626, 1.0258555630859314, 1.0265366253876587, 1.058950268311012, 1.1606524506115725, 1.1648246417442132, 0.8126551961013895, 0.8966091127122138, 0.7057708256355874, 0.7284938080073016, 0.9779361963791331, 0.879805145941009, 1.1763610828157316, 0.819943836355188, 1.1343707221929085, 0.6919027926839055, 1.6651972887184225, 1.7955198130121162, 1.2468173225708346, 0.301950661310069, 0.6281520201195858, 0.6917897834304836, 0.47550715148524136, 0.5531822064922434, 0.5358137127444751, 0.5612685252041151, 0.4308457978578191], 'rte': [0.025064340226069484, 0.04656750785914643, 0.05878842373195873, 0.06642845567853538, 0.08857334857482903, 0.03579572157287491, 0.053358305488281535, 0.018815196959131218, 0.02371843124112395, 0.2913726187814795, 0.03252192516261807, 0.042276921664020535, 0.04832578556635411, 0.1217679125181239, 0.1899363717970124, 0.05079956931268367, 0.2084685149666383, 0.04521510390796346, 0.21365774578406208, 0.03552973626689557, 0.17500167995515525, 0.7077886079401978, 0.01634943699752562, 0.14297443608600502, 0.04878469813840216, 0.02473656513056165, 0.07416474849157974, 0.02606950670984292, 0.09877349591665002, 0.01679016361035569, 0.06735561702156166, 0.06087382987420992, 0.02149376363590266, 0.018109983699006328, 0.015794963128495383, 0.02536958174934321, 0.04108155299597359, 0.043044978506969596, 0.026589689479102646, 0.021174391210905162, 0.021818147270393676, 0.03519912386077605, 0.04741056012997579, 0.019794737022947907, 0.03953789801686568, 0.11305051254248562, 0.08552007226202038, 0.07002185300535692, 0.09984215132082916, 0.07224994630213391, 0.08537979511546097, 0.07103197987031884, 0.03887426378811211, 0.0550991605416222, 0.14027532915274635, 0.056632145169833725, 0.05168508313631055, 0.06907575985666609, 0.08126786210207596, 0.05488668873562424, 0.03398536509216263, 0.029181762555162118, 0.01889309298784043, 0.062276842804681556, 0.01302066887431064, 0.07840091620052818, 0.004714305034870413, 0.04272181557567167, 0.0340203779440706, 0.024740316204006643, 0.06306433340055026, 0.05636720837932761, 0.03105992958448109, 0.014997670516874652, 0.028439169830885673, 0.026310587370008038, 0.044010355397294816, 0.05752352667288197, 0.051376013625255824, 0.015541247778880742, 0.05768495924168229, 0.09620901253349574, 0.043139934943548515, 0.026827971679933782, 0.09614628311363996, 0.08290512190588661, 0.05896066142721167, 0.11290248786972007, 0.028497163072304654, 0.10680181574903869, 0.10165788014175951, 0.07007511991968764, 0.10056611400770846, 0.06819583912818233, 0.07005276048066864, 0.04216141237422975, 0.025489237823650132, 0.03812402386636173, 0.03938313111601408, 0.039890671646863225]}",/home/ojab2/work/git/vggt/vggt_outputs/bicycle_4_n100_s42_c0.0_p110000_voxels_farthestpose/eval_results.json,vggt |  | Pose Opt,10000.0
vggt,100,42,0.0,110000,voxels,farthestpose,100,GT Eval,,,,Pose Opt,,,,,0.0,,vggt,,,15000,15000,,MCMC,,,,,,,,,,gsplat,17.48876953125,0.3744533360004425,0.2683219611644745,1000000,0.013775000348687172,0.7002000212669373,0.1560682439819569,107546,/home/ojab2/work/git/gsplat/results/vggt_outputs/bicycle_4_n100_s42_c0.0_p110000_voxels_farthestpose_i100_gteval_poseopt_steps15000/stats/val_step14999.json,/home/ojab2/work/git/gsplat/results/vggt_outputs/bicycle_4_n100_s42_c0.0_p110000_voxels_farthestpose_i100_gteval_poseopt_steps15000/stats/val_step14999.json,bicycle_4_n100_s42_c0.0_p110000_voxels_farthestpose_i100_gteval_poseopt_steps15000,bicycle_4_n100_s42_c0.0_p110000_voxels_farthestpose,bicycle_4_n100_s42_c0.0_p110000_voxels_farthestpose_i100_gteval_poseopt_steps15000_val_step14999.json,0.857,0.067143,100,"{'rre': [0.5702331652206559, 0.6398621246249242, 0.7513421710424844, 0.6194715544308509, 1.1511585536681936, 0.8080846199296431, 1.1555969568462832, 1.077586543007674, 0.9886372257699532, 1.9156974971637841, 1.2296226353366522, 0.8437326574091922, 1.0912455486941406, 0.5169199480651567, 0.4300854086153968, 0.886163035460572, 2.014654181994793, 0.6116040820285388, 2.0093153250776434, 0.75001288227166, 1.5920735958746752, 3.782845519596949, 0.4051468443993654, 0.6857626914500576, 0.5201148598227281, 0.4681139487843257, 0.8666926682914202, 0.8028425959893888, 1.234329676443275, 0.6992685246485966, 0.6851616853467619, 0.691862471121414, 0.5509181674727295, 0.5329709062106566, 0.5966625295212562, 0.5815053408137072, 0.7642631704659736, 0.7620032329266441, 0.8799341886260564, 0.7486179564727967, 0.7698961330118659, 0.726215541614998, 0.6804534761903073, 0.7485546135965592, 1.0584288065617375, 0.7333968424734084, 0.5310467244606738, 0.995618249844959, 0.6759326843543721, 1.0816420564712321, 0.746507031143787, 1.0511773921702816, 0.4241742123235541, 0.6131935348900102, 0.6880321348434675, 0.12704859548119596, 0.8270470883416499, 0.6746298451457289, 0.26913549141438114, 1.1982807137961042, 0.6518952253926706, 1.035643292518096, 0.7446446395911542, 0.7388156839666352, 0.6335973697680042, 0.5636013021688472, 0.5484498488578985, 0.41852890241202173, 0.4128564308434616, 0.6214316968154178, 1.2766293534924091, 0.7946718657029374, 0.8257372258418187, 0.7572851948600626, 1.0258555630859314, 1.0265366253876587, 1.058950268311012, 1.1606524506115725, 1.1648246417442132, 0.8126551961013895, 0.8966091127122138, 0.7057708256355874, 0.7284938080073016, 0.9779361963791331, 0.879805145941009, 1.1763610828157316, 0.819943836355188, 1.1343707221929085, 0.6919027926839055, 1.6651972887184225, 1.7955198130121162, 1.2468173225708346, 0.301950661310069, 0.6281520201195858, 0.6917897834304836, 0.47550715148524136, 0.5531822064922434, 0.5358137127444751, 0.5612685252041151, 0.4308457978578191], 'rte': [0.025064340226069484, 0.04656750785914643, 0.05878842373195873, 0.06642845567853538, 0.08857334857482903, 0.03579572157287491, 0.053358305488281535, 0.018815196959131218, 0.02371843124112395, 0.2913726187814795, 0.03252192516261807, 0.042276921664020535, 0.04832578556635411, 0.1217679125181239, 0.1899363717970124, 0.05079956931268367, 0.2084685149666383, 0.04521510390796346, 0.21365774578406208, 0.03552973626689557, 0.17500167995515525, 0.7077886079401978, 0.01634943699752562, 0.14297443608600502, 0.04878469813840216, 0.02473656513056165, 0.07416474849157974, 0.02606950670984292, 0.09877349591665002, 0.01679016361035569, 0.06735561702156166, 0.06087382987420992, 0.02149376363590266, 0.018109983699006328, 0.015794963128495383, 0.02536958174934321, 0.04108155299597359, 0.043044978506969596, 0.026589689479102646, 0.021174391210905162, 0.021818147270393676, 0.03519912386077605, 0.04741056012997579, 0.019794737022947907, 0.03953789801686568, 0.11305051254248562, 0.08552007226202038, 0.07002185300535692, 0.09984215132082916, 0.07224994630213391, 0.08537979511546097, 0.07103197987031884, 0.03887426378811211, 0.0550991605416222, 0.14027532915274635, 0.056632145169833725, 0.05168508313631055, 0.06907575985666609, 0.08126786210207596, 0.05488668873562424, 0.03398536509216263, 0.029181762555162118, 0.01889309298784043, 0.062276842804681556, 0.01302066887431064, 0.07840091620052818, 0.004714305034870413, 0.04272181557567167, 0.0340203779440706, 0.024740316204006643, 0.06306433340055026, 0.05636720837932761, 0.03105992958448109, 0.014997670516874652, 0.028439169830885673, 0.026310587370008038, 0.044010355397294816, 0.05752352667288197, 0.051376013625255824, 0.015541247778880742, 0.05768495924168229, 0.09620901253349574, 0.043139934943548515, 0.026827971679933782, 0.09614628311363996, 0.08290512190588661, 0.05896066142721167, 0.11290248786972007, 0.028497163072304654, 0.10680181574903869, 0.10165788014175951, 0.07007511991968764, 0.10056611400770846, 0.06819583912818233, 0.07005276048066864, 0.04216141237422975, 0.025489237823650132, 0.03812402386636173, 0.03938313111601408, 0.039890671646863225]}",/home/ojab2/work/git/vggt/vggt_outputs/bicycle_4_n100_s42_c0.0_p110000_voxels_farthestpose/eval_results.json,vggt |  | Pose Opt,15000.0
vggt,100,42,0.0,110000,voxels,farthestpose,100,GT Eval,,,,Pose Opt,3rgs,,,,0.0,,vggt,,,1,15000,,MCMC,,,,,,,,,,gsplat,10.42254638671875,0.8617557883262634,0.0780811607837677,107546,0.015447000041604042,0.8557000756263733,-0.3868436531403995,107546,/home/ojab2/work/git/gsplat/results/vggt_outputs/bicycle_4_n100_s42_c0.0_p110000_voxels_farthestpose_i100_gteval_poseopt_pomod3rgs_steps15000/stats/val_step0000.json,/home/ojab2/work/git/gsplat/results/vggt_outputs/bicycle_4_n100_s42_c0.0_p110000_voxels_farthestpose_i100_gteval_poseopt_pomod3rgs_steps15000/stats/val_step0000.json,bicycle_4_n100_s42_c0.0_p110000_voxels_farthestpose_i100_gteval_poseopt_pomod3rgs_steps15000,bicycle_4_n100_s42_c0.0_p110000_voxels_farthestpose,bicycle_4_n100_s42_c0.0_p110000_voxels_farthestpose_i100_gteval_poseopt_pomod3rgs_steps15000_val_step0000.json,,,,,,vggt | 3rgs | Pose Opt,1.0
vggt,100,42,0.0,110000,voxels,farthestpose,100,GT Eval,,,,Pose Opt,3rgs,,,,0.0,,vggt,,,3000,15000,,MCMC,,,,,,,,,,gsplat,18.105966567993164,0.7387012243270874,0.3277744948863983,346826,0.01564199849963188,0.773400068283081,-0.022578993193742198,107546,/home/ojab2/work/git/gsplat/results/vggt_outputs/bicycle_4_n100_s42_c0.0_p110000_voxels_farthestpose_i100_gteval_poseopt_pomod3rgs_steps15000/stats/val_step2999.json,/home/ojab2/work/git/gsplat/results/vggt_outputs/bicycle_4_n100_s42_c0.0_p110000_voxels_farthestpose_i100_gteval_poseopt_pomod3rgs_steps15000/stats/val_step2999.json,bicycle_4_n100_s42_c0.0_p110000_voxels_farthestpose_i100_gteval_poseopt_pomod3rgs_steps15000,bicycle_4_n100_s42_c0.0_p110000_voxels_farthestpose,bicycle_4_n100_s42_c0.0_p110000_voxels_farthestpose_i100_gteval_poseopt_pomod3rgs_steps15000_val_step2999.json,0.857,0.067143,100,"{'rre': [0.5702331652206559, 0.6398621246249242, 0.7513421710424844, 0.6194715544308509, 1.1511585536681936, 0.8080846199296431, 1.1555969568462832, 1.077586543007674, 0.9886372257699532, 1.9156974971637841, 1.2296226353366522, 0.8437326574091922, 1.0912455486941406, 0.5169199480651567, 0.4300854086153968, 0.886163035460572, 2.014654181994793, 0.6116040820285388, 2.0093153250776434, 0.75001288227166, 1.5920735958746752, 3.782845519596949, 0.4051468443993654, 0.6857626914500576, 0.5201148598227281, 0.4681139487843257, 0.8666926682914202, 0.8028425959893888, 1.234329676443275, 0.6992685246485966, 0.6851616853467619, 0.691862471121414, 0.5509181674727295, 0.5329709062106566, 0.5966625295212562, 0.5815053408137072, 0.7642631704659736, 0.7620032329266441, 0.8799341886260564, 0.7486179564727967, 0.7698961330118659, 0.726215541614998, 0.6804534761903073, 0.7485546135965592, 1.0584288065617375, 0.7333968424734084, 0.5310467244606738, 0.995618249844959, 0.6759326843543721, 1.0816420564712321, 0.746507031143787, 1.0511773921702816, 0.4241742123235541, 0.6131935348900102, 0.6880321348434675, 0.12704859548119596, 0.8270470883416499, 0.6746298451457289, 0.26913549141438114, 1.1982807137961042, 0.6518952253926706, 1.035643292518096, 0.7446446395911542, 0.7388156839666352, 0.6335973697680042, 0.5636013021688472, 0.5484498488578985, 0.41852890241202173, 0.4128564308434616, 0.6214316968154178, 1.2766293534924091, 0.7946718657029374, 0.8257372258418187, 0.7572851948600626, 1.0258555630859314, 1.0265366253876587, 1.058950268311012, 1.1606524506115725, 1.1648246417442132, 0.8126551961013895, 0.8966091127122138, 0.7057708256355874, 0.7284938080073016, 0.9779361963791331, 0.879805145941009, 1.1763610828157316, 0.819943836355188, 1.1343707221929085, 0.6919027926839055, 1.6651972887184225, 1.7955198130121162, 1.2468173225708346, 0.301950661310069, 0.6281520201195858, 0.6917897834304836, 0.47550715148524136, 0.5531822064922434, 0.5358137127444751, 0.5612685252041151, 0.4308457978578191], 'rte': [0.025064340226069484, 0.04656750785914643, 0.05878842373195873, 0.06642845567853538, 0.08857334857482903, 0.03579572157287491, 0.053358305488281535, 0.018815196959131218, 0.02371843124112395, 0.2913726187814795, 0.03252192516261807, 0.042276921664020535, 0.04832578556635411, 0.1217679125181239, 0.1899363717970124, 0.05079956931268367, 0.2084685149666383, 0.04521510390796346, 0.21365774578406208, 0.03552973626689557, 0.17500167995515525, 0.7077886079401978, 0.01634943699752562, 0.14297443608600502, 0.04878469813840216, 0.02473656513056165, 0.07416474849157974, 0.02606950670984292, 0.09877349591665002, 0.01679016361035569, 0.06735561702156166, 0.06087382987420992, 0.02149376363590266, 0.018109983699006328, 0.015794963128495383, 0.02536958174934321, 0.04108155299597359, 0.043044978506969596, 0.026589689479102646, 0.021174391210905162, 0.021818147270393676, 0.03519912386077605, 0.04741056012997579, 0.019794737022947907, 0.03953789801686568, 0.11305051254248562, 0.08552007226202038, 0.07002185300535692, 0.09984215132082916, 0.07224994630213391, 0.08537979511546097, 0.07103197987031884, 0.03887426378811211, 0.0550991605416222, 0.14027532915274635, 0.056632145169833725, 0.05168508313631055, 0.06907575985666609, 0.08126786210207596, 0.05488668873562424, 0.03398536509216263, 0.029181762555162118, 0.01889309298784043, 0.062276842804681556, 0.01302066887431064, 0.07840091620052818, 0.004714305034870413, 0.04272181557567167, 0.0340203779440706, 0.024740316204006643, 0.06306433340055026, 0.05636720837932761, 0.03105992958448109, 0.014997670516874652, 0.028439169830885673, 0.026310587370008038, 0.044010355397294816, 0.05752352667288197, 0.051376013625255824, 0.015541247778880742, 0.05768495924168229, 0.09620901253349574, 0.043139934943548515, 0.026827971679933782, 0.09614628311363996, 0.08290512190588661, 0.05896066142721167, 0.11290248786972007, 0.028497163072304654, 0.10680181574903869, 0.10165788014175951, 0.07007511991968764, 0.10056611400770846, 0.06819583912818233, 0.07005276048066864, 0.04216141237422975, 0.025489237823650132, 0.03812402386636173, 0.03938313111601408, 0.039890671646863225]}",/home/ojab2/work/git/vggt/vggt_outputs/bicycle_4_n100_s42_c0.0_p110000_voxels_farthestpose/eval_results.json,vggt | 3rgs | Pose Opt,3000.0
vggt,100,42,0.0,110000,voxels,farthestpose,100,GT Eval,,,,Pose Opt,3rgs,,,,0.0,,vggt,,,7000,15000,,MCMC,,,,,,,,,,gsplat,17.712553024291992,0.5409955382347107,0.2966286838054657,1000000,0.015478999353945255,0.7644999623298645,0.073962193173662,107546,/home/ojab2/work/git/gsplat/results/vggt_outputs/bicycle_4_n100_s42_c0.0_p110000_voxels_farthestpose_i100_gteval_poseopt_pomod3rgs_steps15000/stats/val_step6999.json,/home/ojab2/work/git/gsplat/results/vggt_outputs/bicycle_4_n100_s42_c0.0_p110000_voxels_farthestpose_i100_gteval_poseopt_pomod3rgs_steps15000/stats/val_step6999.json,bicycle_4_n100_s42_c0.0_p110000_voxels_farthestpose_i100_gteval_poseopt_pomod3rgs_steps15000,bicycle_4_n100_s42_c0.0_p110000_voxels_farthestpose,bicycle_4_n100_s42_c0.0_p110000_voxels_farthestpose_i100_gteval_poseopt_pomod3rgs_steps15000_val_step6999.json,0.857,0.067143,100,"{'rre': [0.5702331652206559, 0.6398621246249242, 0.7513421710424844, 0.6194715544308509, 1.1511585536681936, 0.8080846199296431, 1.1555969568462832, 1.077586543007674, 0.9886372257699532, 1.9156974971637841, 1.2296226353366522, 0.8437326574091922, 1.0912455486941406, 0.5169199480651567, 0.4300854086153968, 0.886163035460572, 2.014654181994793, 0.6116040820285388, 2.0093153250776434, 0.75001288227166, 1.5920735958746752, 3.782845519596949, 0.4051468443993654, 0.6857626914500576, 0.5201148598227281, 0.4681139487843257, 0.8666926682914202, 0.8028425959893888, 1.234329676443275, 0.6992685246485966, 0.6851616853467619, 0.691862471121414, 0.5509181674727295, 0.5329709062106566, 0.5966625295212562, 0.5815053408137072, 0.7642631704659736, 0.7620032329266441, 0.8799341886260564, 0.7486179564727967, 0.7698961330118659, 0.726215541614998, 0.6804534761903073, 0.7485546135965592, 1.0584288065617375, 0.7333968424734084, 0.5310467244606738, 0.995618249844959, 0.6759326843543721, 1.0816420564712321, 0.746507031143787, 1.0511773921702816, 0.4241742123235541, 0.6131935348900102, 0.6880321348434675, 0.12704859548119596, 0.8270470883416499, 0.6746298451457289, 0.26913549141438114, 1.1982807137961042, 0.6518952253926706, 1.035643292518096, 0.7446446395911542, 0.7388156839666352, 0.6335973697680042, 0.5636013021688472, 0.5484498488578985, 0.41852890241202173, 0.4128564308434616, 0.6214316968154178, 1.2766293534924091, 0.7946718657029374, 0.8257372258418187, 0.7572851948600626, 1.0258555630859314, 1.0265366253876587, 1.058950268311012, 1.1606524506115725, 1.1648246417442132, 0.8126551961013895, 0.8966091127122138, 0.7057708256355874, 0.7284938080073016, 0.9779361963791331, 0.879805145941009, 1.1763610828157316, 0.819943836355188, 1.1343707221929085, 0.6919027926839055, 1.6651972887184225, 1.7955198130121162, 1.2468173225708346, 0.301950661310069, 0.6281520201195858, 0.6917897834304836, 0.47550715148524136, 0.5531822064922434, 0.5358137127444751, 0.5612685252041151, 0.4308457978578191], 'rte': [0.025064340226069484, 0.04656750785914643, 0.05878842373195873, 0.06642845567853538, 0.08857334857482903, 0.03579572157287491, 0.053358305488281535, 0.018815196959131218, 0.02371843124112395, 0.2913726187814795, 0.03252192516261807, 0.042276921664020535, 0.04832578556635411, 0.1217679125181239, 0.1899363717970124, 0.05079956931268367, 0.2084685149666383, 0.04521510390796346, 0.21365774578406208, 0.03552973626689557, 0.17500167995515525, 0.7077886079401978, 0.01634943699752562, 0.14297443608600502, 0.04878469813840216, 0.02473656513056165, 0.07416474849157974, 0.02606950670984292, 0.09877349591665002, 0.01679016361035569, 0.06735561702156166, 0.06087382987420992, 0.02149376363590266, 0.018109983699006328, 0.015794963128495383, 0.02536958174934321, 0.04108155299597359, 0.043044978506969596, 0.026589689479102646, 0.021174391210905162, 0.021818147270393676, 0.03519912386077605, 0.04741056012997579, 0.019794737022947907, 0.03953789801686568, 0.11305051254248562, 0.08552007226202038, 0.07002185300535692, 0.09984215132082916, 0.07224994630213391, 0.08537979511546097, 0.07103197987031884, 0.03887426378811211, 0.0550991605416222, 0.14027532915274635, 0.056632145169833725, 0.05168508313631055, 0.06907575985666609, 0.08126786210207596, 0.05488668873562424, 0.03398536509216263, 0.029181762555162118, 0.01889309298784043, 0.062276842804681556, 0.01302066887431064, 0.07840091620052818, 0.004714305034870413, 0.04272181557567167, 0.0340203779440706, 0.024740316204006643, 0.06306433340055026, 0.05636720837932761, 0.03105992958448109, 0.014997670516874652, 0.028439169830885673, 0.026310587370008038, 0.044010355397294816, 0.05752352667288197, 0.051376013625255824, 0.015541247778880742, 0.05768495924168229, 0.09620901253349574, 0.043139934943548515, 0.026827971679933782, 0.09614628311363996, 0.08290512190588661, 0.05896066142721167, 0.11290248786972007, 0.028497163072304654, 0.10680181574903869, 0.10165788014175951, 0.07007511991968764, 0.10056611400770846, 0.06819583912818233, 0.07005276048066864, 0.04216141237422975, 0.025489237823650132, 0.03812402386636173, 0.03938313111601408, 0.039890671646863225]}",/home/ojab2/work/git/vggt/vggt_outputs/bicycle_4_n100_s42_c0.0_p110000_voxels_farthestpose/eval_results.json,vggt | 3rgs | Pose Opt,7000.0
vggt,100,42,0.0,110000,voxels,farthestpose,100,GT Eval,,,,Pose Opt,3rgs,,,,0.0,,vggt,,,10000,15000,,MCMC,,,,,,,,,,gsplat,17.61624526977539,0.4753820598125458,0.28426340222358704,1000000,0.01545799896121025,0.762999951839447,0.10544970459253318,107546,/home/ojab2/work/git/gsplat/results/vggt_outputs/bicycle_4_n100_s42_c0.0_p110000_voxels_farthestpose_i100_gteval_poseopt_pomod3rgs_steps15000/stats/val_step9999.json,/home/ojab2/work/git/gsplat/results/vggt_outputs/bicycle_4_n100_s42_c0.0_p110000_voxels_farthestpose_i100_gteval_poseopt_pomod3rgs_steps15000/stats/val_step9999.json,bicycle_4_n100_s42_c0.0_p110000_voxels_farthestpose_i100_gteval_poseopt_pomod3rgs_steps15000,bicycle_4_n100_s42_c0.0_p110000_voxels_farthestpose,bicycle_4_n100_s42_c0.0_p110000_voxels_farthestpose_i100_gteval_poseopt_pomod3rgs_steps15000_val_step9999.json,0.857,0.067143,100,"{'rre': [0.5702331652206559, 0.6398621246249242, 0.7513421710424844, 0.6194715544308509, 1.1511585536681936, 0.8080846199296431, 1.1555969568462832, 1.077586543007674, 0.9886372257699532, 1.9156974971637841, 1.2296226353366522, 0.8437326574091922, 1.0912455486941406, 0.5169199480651567, 0.4300854086153968, 0.886163035460572, 2.014654181994793, 0.6116040820285388, 2.0093153250776434, 0.75001288227166, 1.5920735958746752, 3.782845519596949, 0.4051468443993654, 0.6857626914500576, 0.5201148598227281, 0.4681139487843257, 0.8666926682914202, 0.8028425959893888, 1.234329676443275, 0.6992685246485966, 0.6851616853467619, 0.691862471121414, 0.5509181674727295, 0.5329709062106566, 0.5966625295212562, 0.5815053408137072, 0.7642631704659736, 0.7620032329266441, 0.8799341886260564, 0.7486179564727967, 0.7698961330118659, 0.726215541614998, 0.6804534761903073, 0.7485546135965592, 1.0584288065617375, 0.7333968424734084, 0.5310467244606738, 0.995618249844959, 0.6759326843543721, 1.0816420564712321, 0.746507031143787, 1.0511773921702816, 0.4241742123235541, 0.6131935348900102, 0.6880321348434675, 0.12704859548119596, 0.8270470883416499, 0.6746298451457289, 0.26913549141438114, 1.1982807137961042, 0.6518952253926706, 1.035643292518096, 0.7446446395911542, 0.7388156839666352, 0.6335973697680042, 0.5636013021688472, 0.5484498488578985, 0.41852890241202173, 0.4128564308434616, 0.6214316968154178, 1.2766293534924091, 0.7946718657029374, 0.8257372258418187, 0.7572851948600626, 1.0258555630859314, 1.0265366253876587, 1.058950268311012, 1.1606524506115725, 1.1648246417442132, 0.8126551961013895, 0.8966091127122138, 0.7057708256355874, 0.7284938080073016, 0.9779361963791331, 0.879805145941009, 1.1763610828157316, 0.819943836355188, 1.1343707221929085, 0.6919027926839055, 1.6651972887184225, 1.7955198130121162, 1.2468173225708346, 0.301950661310069, 0.6281520201195858, 0.6917897834304836, 0.47550715148524136, 0.5531822064922434, 0.5358137127444751, 0.5612685252041151, 0.4308457978578191], 'rte': [0.025064340226069484, 0.04656750785914643, 0.05878842373195873, 0.06642845567853538, 0.08857334857482903, 0.03579572157287491, 0.053358305488281535, 0.018815196959131218, 0.02371843124112395, 0.2913726187814795, 0.03252192516261807, 0.042276921664020535, 0.04832578556635411, 0.1217679125181239, 0.1899363717970124, 0.05079956931268367, 0.2084685149666383, 0.04521510390796346, 0.21365774578406208, 0.03552973626689557, 0.17500167995515525, 0.7077886079401978, 0.01634943699752562, 0.14297443608600502, 0.04878469813840216, 0.02473656513056165, 0.07416474849157974, 0.02606950670984292, 0.09877349591665002, 0.01679016361035569, 0.06735561702156166, 0.06087382987420992, 0.02149376363590266, 0.018109983699006328, 0.015794963128495383, 0.02536958174934321, 0.04108155299597359, 0.043044978506969596, 0.026589689479102646, 0.021174391210905162, 0.021818147270393676, 0.03519912386077605, 0.04741056012997579, 0.019794737022947907, 0.03953789801686568, 0.11305051254248562, 0.08552007226202038, 0.07002185300535692, 0.09984215132082916, 0.07224994630213391, 0.08537979511546097, 0.07103197987031884, 0.03887426378811211, 0.0550991605416222, 0.14027532915274635, 0.056632145169833725, 0.05168508313631055, 0.06907575985666609, 0.08126786210207596, 0.05488668873562424, 0.03398536509216263, 0.029181762555162118, 0.01889309298784043, 0.062276842804681556, 0.01302066887431064, 0.07840091620052818, 0.004714305034870413, 0.04272181557567167, 0.0340203779440706, 0.024740316204006643, 0.06306433340055026, 0.05636720837932761, 0.03105992958448109, 0.014997670516874652, 0.028439169830885673, 0.026310587370008038, 0.044010355397294816, 0.05752352667288197, 0.051376013625255824, 0.015541247778880742, 0.05768495924168229, 0.09620901253349574, 0.043139934943548515, 0.026827971679933782, 0.09614628311363996, 0.08290512190588661, 0.05896066142721167, 0.11290248786972007, 0.028497163072304654, 0.10680181574903869, 0.10165788014175951, 0.07007511991968764, 0.10056611400770846, 0.06819583912818233, 0.07005276048066864, 0.04216141237422975, 0.025489237823650132, 0.03812402386636173, 0.03938313111601408, 0.039890671646863225]}",/home/ojab2/work/git/vggt/vggt_outputs/bicycle_4_n100_s42_c0.0_p110000_voxels_farthestpose/eval_results.json,vggt | 3rgs | Pose Opt,10000.0
vggt,100,42,0.0,110000,voxels,farthestpose,100,GT Eval,,,,Pose Opt,3rgs,,,,0.0,,vggt,,,15000,15000,,MCMC,,,,,,,,,,gsplat,17.508563995361328,0.4381260275840759,0.27391737699508667,1000000,0.015447000041604042,0.7627999782562256,0.12040285052534357,107546,/home/ojab2/work/git/gsplat/results/vggt_outputs/bicycle_4_n100_s42_c0.0_p110000_voxels_farthestpose_i100_gteval_poseopt_pomod3rgs_steps15000/stats/val_step14999.json,/home/ojab2/work/git/gsplat/results/vggt_outputs/bicycle_4_n100_s42_c0.0_p110000_voxels_farthestpose_i100_gteval_poseopt_pomod3rgs_steps15000/stats/val_step14999.json,bicycle_4_n100_s42_c0.0_p110000_voxels_farthestpose_i100_gteval_poseopt_pomod3rgs_steps15000,bicycle_4_n100_s42_c0.0_p110000_voxels_farthestpose,bicycle_4_n100_s42_c0.0_p110000_voxels_farthestpose_i100_gteval_poseopt_pomod3rgs_steps15000_val_step14999.json,0.857,0.067143,100,"{'rre': [0.5702331652206559, 0.6398621246249242, 0.7513421710424844, 0.6194715544308509, 1.1511585536681936, 0.8080846199296431, 1.1555969568462832, 1.077586543007674, 0.9886372257699532, 1.9156974971637841, 1.2296226353366522, 0.8437326574091922, 1.0912455486941406, 0.5169199480651567, 0.4300854086153968, 0.886163035460572, 2.014654181994793, 0.6116040820285388, 2.0093153250776434, 0.75001288227166, 1.5920735958746752, 3.782845519596949, 0.4051468443993654, 0.6857626914500576, 0.5201148598227281, 0.4681139487843257, 0.8666926682914202, 0.8028425959893888, 1.234329676443275, 0.6992685246485966, 0.6851616853467619, 0.691862471121414, 0.5509181674727295, 0.5329709062106566, 0.5966625295212562, 0.5815053408137072, 0.7642631704659736, 0.7620032329266441, 0.8799341886260564, 0.7486179564727967, 0.7698961330118659, 0.726215541614998, 0.6804534761903073, 0.7485546135965592, 1.0584288065617375, 0.7333968424734084, 0.5310467244606738, 0.995618249844959, 0.6759326843543721, 1.0816420564712321, 0.746507031143787, 1.0511773921702816, 0.4241742123235541, 0.6131935348900102, 0.6880321348434675, 0.12704859548119596, 0.8270470883416499, 0.6746298451457289, 0.26913549141438114, 1.1982807137961042, 0.6518952253926706, 1.035643292518096, 0.7446446395911542, 0.7388156839666352, 0.6335973697680042, 0.5636013021688472, 0.5484498488578985, 0.41852890241202173, 0.4128564308434616, 0.6214316968154178, 1.2766293534924091, 0.7946718657029374, 0.8257372258418187, 0.7572851948600626, 1.0258555630859314, 1.0265366253876587, 1.058950268311012, 1.1606524506115725, 1.1648246417442132, 0.8126551961013895, 0.8966091127122138, 0.7057708256355874, 0.7284938080073016, 0.9779361963791331, 0.879805145941009, 1.1763610828157316, 0.819943836355188, 1.1343707221929085, 0.6919027926839055, 1.6651972887184225, 1.7955198130121162, 1.2468173225708346, 0.301950661310069, 0.6281520201195858, 0.6917897834304836, 0.47550715148524136, 0.5531822064922434, 0.5358137127444751, 0.5612685252041151, 0.4308457978578191], 'rte': [0.025064340226069484, 0.04656750785914643, 0.05878842373195873, 0.06642845567853538, 0.08857334857482903, 0.03579572157287491, 0.053358305488281535, 0.018815196959131218, 0.02371843124112395, 0.2913726187814795, 0.03252192516261807, 0.042276921664020535, 0.04832578556635411, 0.1217679125181239, 0.1899363717970124, 0.05079956931268367, 0.2084685149666383, 0.04521510390796346, 0.21365774578406208, 0.03552973626689557, 0.17500167995515525, 0.7077886079401978, 0.01634943699752562, 0.14297443608600502, 0.04878469813840216, 0.02473656513056165, 0.07416474849157974, 0.02606950670984292, 0.09877349591665002, 0.01679016361035569, 0.06735561702156166, 0.06087382987420992, 0.02149376363590266, 0.018109983699006328, 0.015794963128495383, 0.02536958174934321, 0.04108155299597359, 0.043044978506969596, 0.026589689479102646, 0.021174391210905162, 0.021818147270393676, 0.03519912386077605, 0.04741056012997579, 0.019794737022947907, 0.03953789801686568, 0.11305051254248562, 0.08552007226202038, 0.07002185300535692, 0.09984215132082916, 0.07224994630213391, 0.08537979511546097, 0.07103197987031884, 0.03887426378811211, 0.0550991605416222, 0.14027532915274635, 0.056632145169833725, 0.05168508313631055, 0.06907575985666609, 0.08126786210207596, 0.05488668873562424, 0.03398536509216263, 0.029181762555162118, 0.01889309298784043, 0.062276842804681556, 0.01302066887431064, 0.07840091620052818, 0.004714305034870413, 0.04272181557567167, 0.0340203779440706, 0.024740316204006643, 0.06306433340055026, 0.05636720837932761, 0.03105992958448109, 0.014997670516874652, 0.028439169830885673, 0.026310587370008038, 0.044010355397294816, 0.05752352667288197, 0.051376013625255824, 0.015541247778880742, 0.05768495924168229, 0.09620901253349574, 0.043139934943548515, 0.026827971679933782, 0.09614628311363996, 0.08290512190588661, 0.05896066142721167, 0.11290248786972007, 0.028497163072304654, 0.10680181574903869, 0.10165788014175951, 0.07007511991968764, 0.10056611400770846, 0.06819583912818233, 0.07005276048066864, 0.04216141237422975, 0.025489237823650132, 0.03812402386636173, 0.03938313111601408, 0.039890671646863225]}",/home/ojab2/work/git/vggt/vggt_outputs/bicycle_4_n100_s42_c0.0_p110000_voxels_farthestpose/eval_results.json,vggt | 3rgs | Pose Opt,15000.0
vggt,100,42,0.0,110000,voxels,farthestpose,100,GT Eval,,,,Pose Opt,mcmc,,,,0.0,,vggt,,,1,15000,,MCMC,,,,,,,,,,gsplat,10.436348915100098,0.8617297410964966,0.07831674069166183,107546,0.015425998717546463,0.8571000695228577,-0.3864342061980657,107546,/home/ojab2/work/git/gsplat/results/vggt_outputs/bicycle_4_n100_s42_c0.0_p110000_voxels_farthestpose_i100_gteval_poseopt_pomodmcmc_steps15000/stats/val_step0000.json,/home/ojab2/work/git/gsplat/results/vggt_outputs/bicycle_4_n100_s42_c0.0_p110000_voxels_farthestpose_i100_gteval_poseopt_pomodmcmc_steps15000/stats/val_step0000.json,bicycle_4_n100_s42_c0.0_p110000_voxels_farthestpose_i100_gteval_poseopt_pomodmcmc_steps15000,bicycle_4_n100_s42_c0.0_p110000_voxels_farthestpose,bicycle_4_n100_s42_c0.0_p110000_voxels_farthestpose_i100_gteval_poseopt_pomodmcmc_steps15000_val_step0000.json,,,,,,vggt | mcmc | Pose Opt,1.0
vggt,100,42,0.0,110000,voxels,farthestpose,100,GT Eval,,,,Pose Opt,mcmc,,,,0.0,,vggt,,,3000,15000,,MCMC,,,,,,,,,,gsplat,17.947513580322266,0.7120422124862671,0.3218457102775574,346826,0.01463799923658371,0.7465000152587891,-0.012524253133831948,107546,/home/ojab2/work/git/gsplat/results/vggt_outputs/bicycle_4_n100_s42_c0.0_p110000_voxels_farthestpose_i100_gteval_poseopt_pomodmcmc_steps15000/stats/val_step2999.json,/home/ojab2/work/git/gsplat/results/vggt_outputs/bicycle_4_n100_s42_c0.0_p110000_voxels_farthestpose_i100_gteval_poseopt_pomodmcmc_steps15000/stats/val_step2999.json,bicycle_4_n100_s42_c0.0_p110000_voxels_farthestpose_i100_gteval_poseopt_pomodmcmc_steps15000,bicycle_4_n100_s42_c0.0_p110000_voxels_farthestpose,bicycle_4_n100_s42_c0.0_p110000_voxels_farthestpose_i100_gteval_poseopt_pomodmcmc_steps15000_val_step2999.json,0.857,0.067143,100,"{'rre': [0.5702331652206559, 0.6398621246249242, 0.7513421710424844, 0.6194715544308509, 1.1511585536681936, 0.8080846199296431, 1.1555969568462832, 1.077586543007674, 0.9886372257699532, 1.9156974971637841, 1.2296226353366522, 0.8437326574091922, 1.0912455486941406, 0.5169199480651567, 0.4300854086153968, 0.886163035460572, 2.014654181994793, 0.6116040820285388, 2.0093153250776434, 0.75001288227166, 1.5920735958746752, 3.782845519596949, 0.4051468443993654, 0.6857626914500576, 0.5201148598227281, 0.4681139487843257, 0.8666926682914202, 0.8028425959893888, 1.234329676443275, 0.6992685246485966, 0.6851616853467619, 0.691862471121414, 0.5509181674727295, 0.5329709062106566, 0.5966625295212562, 0.5815053408137072, 0.7642631704659736, 0.7620032329266441, 0.8799341886260564, 0.7486179564727967, 0.7698961330118659, 0.726215541614998, 0.6804534761903073, 0.7485546135965592, 1.0584288065617375, 0.7333968424734084, 0.5310467244606738, 0.995618249844959, 0.6759326843543721, 1.0816420564712321, 0.746507031143787, 1.0511773921702816, 0.4241742123235541, 0.6131935348900102, 0.6880321348434675, 0.12704859548119596, 0.8270470883416499, 0.6746298451457289, 0.26913549141438114, 1.1982807137961042, 0.6518952253926706, 1.035643292518096, 0.7446446395911542, 0.7388156839666352, 0.6335973697680042, 0.5636013021688472, 0.5484498488578985, 0.41852890241202173, 0.4128564308434616, 0.6214316968154178, 1.2766293534924091, 0.7946718657029374, 0.8257372258418187, 0.7572851948600626, 1.0258555630859314, 1.0265366253876587, 1.058950268311012, 1.1606524506115725, 1.1648246417442132, 0.8126551961013895, 0.8966091127122138, 0.7057708256355874, 0.7284938080073016, 0.9779361963791331, 0.879805145941009, 1.1763610828157316, 0.819943836355188, 1.1343707221929085, 0.6919027926839055, 1.6651972887184225, 1.7955198130121162, 1.2468173225708346, 0.301950661310069, 0.6281520201195858, 0.6917897834304836, 0.47550715148524136, 0.5531822064922434, 0.5358137127444751, 0.5612685252041151, 0.4308457978578191], 'rte': [0.025064340226069484, 0.04656750785914643, 0.05878842373195873, 0.06642845567853538, 0.08857334857482903, 0.03579572157287491, 0.053358305488281535, 0.018815196959131218, 0.02371843124112395, 0.2913726187814795, 0.03252192516261807, 0.042276921664020535, 0.04832578556635411, 0.1217679125181239, 0.1899363717970124, 0.05079956931268367, 0.2084685149666383, 0.04521510390796346, 0.21365774578406208, 0.03552973626689557, 0.17500167995515525, 0.7077886079401978, 0.01634943699752562, 0.14297443608600502, 0.04878469813840216, 0.02473656513056165, 0.07416474849157974, 0.02606950670984292, 0.09877349591665002, 0.01679016361035569, 0.06735561702156166, 0.06087382987420992, 0.02149376363590266, 0.018109983699006328, 0.015794963128495383, 0.02536958174934321, 0.04108155299597359, 0.043044978506969596, 0.026589689479102646, 0.021174391210905162, 0.021818147270393676, 0.03519912386077605, 0.04741056012997579, 0.019794737022947907, 0.03953789801686568, 0.11305051254248562, 0.08552007226202038, 0.07002185300535692, 0.09984215132082916, 0.07224994630213391, 0.08537979511546097, 0.07103197987031884, 0.03887426378811211, 0.0550991605416222, 0.14027532915274635, 0.056632145169833725, 0.05168508313631055, 0.06907575985666609, 0.08126786210207596, 0.05488668873562424, 0.03398536509216263, 0.029181762555162118, 0.01889309298784043, 0.062276842804681556, 0.01302066887431064, 0.07840091620052818, 0.004714305034870413, 0.04272181557567167, 0.0340203779440706, 0.024740316204006643, 0.06306433340055026, 0.05636720837932761, 0.03105992958448109, 0.014997670516874652, 0.028439169830885673, 0.026310587370008038, 0.044010355397294816, 0.05752352667288197, 0.051376013625255824, 0.015541247778880742, 0.05768495924168229, 0.09620901253349574, 0.043139934943548515, 0.026827971679933782, 0.09614628311363996, 0.08290512190588661, 0.05896066142721167, 0.11290248786972007, 0.028497163072304654, 0.10680181574903869, 0.10165788014175951, 0.07007511991968764, 0.10056611400770846, 0.06819583912818233, 0.07005276048066864, 0.04216141237422975, 0.025489237823650132, 0.03812402386636173, 0.03938313111601408, 0.039890671646863225]}",/home/ojab2/work/git/vggt/vggt_outputs/bicycle_4_n100_s42_c0.0_p110000_voxels_farthestpose/eval_results.json,vggt | mcmc | Pose Opt,3000.0
vggt,100,42,0.0,110000,voxels,farthestpose,100,GT Eval,,,,Pose Opt,mcmc,,,,0.0,,vggt,,,7000,15000,,MCMC,,,,,,,,,,gsplat,17.537595748901367,0.46638959646224976,0.2843475043773651,1000000,0.014276999980211258,0.7318000197410583,0.10959331783247583,107546,/home/ojab2/work/git/gsplat/results/vggt_outputs/bicycle_4_n100_s42_c0.0_p110000_voxels_farthestpose_i100_gteval_poseopt_pomodmcmc_steps15000/stats/val_step6999.json,/home/ojab2/work/git/gsplat/results/vggt_outputs/bicycle_4_n100_s42_c0.0_p110000_voxels_farthestpose_i100_gteval_poseopt_pomodmcmc_steps15000/stats/val_step6999.json,bicycle_4_n100_s42_c0.0_p110000_voxels_farthestpose_i100_gteval_poseopt_pomodmcmc_steps15000,bicycle_4_n100_s42_c0.0_p110000_voxels_farthestpose,bicycle_4_n100_s42_c0.0_p110000_voxels_farthestpose_i100_gteval_poseopt_pomodmcmc_steps15000_val_step6999.json,0.857,0.067143,100,"{'rre': [0.5702331652206559, 0.6398621246249242, 0.7513421710424844, 0.6194715544308509, 1.1511585536681936, 0.8080846199296431, 1.1555969568462832, 1.077586543007674, 0.9886372257699532, 1.9156974971637841, 1.2296226353366522, 0.8437326574091922, 1.0912455486941406, 0.5169199480651567, 0.4300854086153968, 0.886163035460572, 2.014654181994793, 0.6116040820285388, 2.0093153250776434, 0.75001288227166, 1.5920735958746752, 3.782845519596949, 0.4051468443993654, 0.6857626914500576, 0.5201148598227281, 0.4681139487843257, 0.8666926682914202, 0.8028425959893888, 1.234329676443275, 0.6992685246485966, 0.6851616853467619, 0.691862471121414, 0.5509181674727295, 0.5329709062106566, 0.5966625295212562, 0.5815053408137072, 0.7642631704659736, 0.7620032329266441, 0.8799341886260564, 0.7486179564727967, 0.7698961330118659, 0.726215541614998, 0.6804534761903073, 0.7485546135965592, 1.0584288065617375, 0.7333968424734084, 0.5310467244606738, 0.995618249844959, 0.6759326843543721, 1.0816420564712321, 0.746507031143787, 1.0511773921702816, 0.4241742123235541, 0.6131935348900102, 0.6880321348434675, 0.12704859548119596, 0.8270470883416499, 0.6746298451457289, 0.26913549141438114, 1.1982807137961042, 0.6518952253926706, 1.035643292518096, 0.7446446395911542, 0.7388156839666352, 0.6335973697680042, 0.5636013021688472, 0.5484498488578985, 0.41852890241202173, 0.4128564308434616, 0.6214316968154178, 1.2766293534924091, 0.7946718657029374, 0.8257372258418187, 0.7572851948600626, 1.0258555630859314, 1.0265366253876587, 1.058950268311012, 1.1606524506115725, 1.1648246417442132, 0.8126551961013895, 0.8966091127122138, 0.7057708256355874, 0.7284938080073016, 0.9779361963791331, 0.879805145941009, 1.1763610828157316, 0.819943836355188, 1.1343707221929085, 0.6919027926839055, 1.6651972887184225, 1.7955198130121162, 1.2468173225708346, 0.301950661310069, 0.6281520201195858, 0.6917897834304836, 0.47550715148524136, 0.5531822064922434, 0.5358137127444751, 0.5612685252041151, 0.4308457978578191], 'rte': [0.025064340226069484, 0.04656750785914643, 0.05878842373195873, 0.06642845567853538, 0.08857334857482903, 0.03579572157287491, 0.053358305488281535, 0.018815196959131218, 0.02371843124112395, 0.2913726187814795, 0.03252192516261807, 0.042276921664020535, 0.04832578556635411, 0.1217679125181239, 0.1899363717970124, 0.05079956931268367, 0.2084685149666383, 0.04521510390796346, 0.21365774578406208, 0.03552973626689557, 0.17500167995515525, 0.7077886079401978, 0.01634943699752562, 0.14297443608600502, 0.04878469813840216, 0.02473656513056165, 0.07416474849157974, 0.02606950670984292, 0.09877349591665002, 0.01679016361035569, 0.06735561702156166, 0.06087382987420992, 0.02149376363590266, 0.018109983699006328, 0.015794963128495383, 0.02536958174934321, 0.04108155299597359, 0.043044978506969596, 0.026589689479102646, 0.021174391210905162, 0.021818147270393676, 0.03519912386077605, 0.04741056012997579, 0.019794737022947907, 0.03953789801686568, 0.11305051254248562, 0.08552007226202038, 0.07002185300535692, 0.09984215132082916, 0.07224994630213391, 0.08537979511546097, 0.07103197987031884, 0.03887426378811211, 0.0550991605416222, 0.14027532915274635, 0.056632145169833725, 0.05168508313631055, 0.06907575985666609, 0.08126786210207596, 0.05488668873562424, 0.03398536509216263, 0.029181762555162118, 0.01889309298784043, 0.062276842804681556, 0.01302066887431064, 0.07840091620052818, 0.004714305034870413, 0.04272181557567167, 0.0340203779440706, 0.024740316204006643, 0.06306433340055026, 0.05636720837932761, 0.03105992958448109, 0.014997670516874652, 0.028439169830885673, 0.026310587370008038, 0.044010355397294816, 0.05752352667288197, 0.051376013625255824, 0.015541247778880742, 0.05768495924168229, 0.09620901253349574, 0.043139934943548515, 0.026827971679933782, 0.09614628311363996, 0.08290512190588661, 0.05896066142721167, 0.11290248786972007, 0.028497163072304654, 0.10680181574903869, 0.10165788014175951, 0.07007511991968764, 0.10056611400770846, 0.06819583912818233, 0.07005276048066864, 0.04216141237422975, 0.025489237823650132, 0.03812402386636173, 0.03938313111601408, 0.039890671646863225]}",/home/ojab2/work/git/vggt/vggt_outputs/bicycle_4_n100_s42_c0.0_p110000_voxels_farthestpose/eval_results.json,vggt | mcmc | Pose Opt,7000.0
vggt,100,42,0.0,110000,voxels,farthestpose,100,GT Eval,,,,Pose Opt,mcmc,,,,0.0,,vggt,,,10000,15000,,MCMC,,,,,,,,,,gsplat,17.44595718383789,0.4082523286342621,0.2728591859340668,1000000,0.014152999967336655,0.7268000245094299,0.13706519485217095,107546,/home/ojab2/work/git/gsplat/results/vggt_outputs/bicycle_4_n100_s42_c0.0_p110000_voxels_farthestpose_i100_gteval_poseopt_pomodmcmc_steps15000/stats/val_step9999.json,/home/ojab2/work/git/gsplat/results/vggt_outputs/bicycle_4_n100_s42_c0.0_p110000_voxels_farthestpose_i100_gteval_poseopt_pomodmcmc_steps15000/stats/val_step9999.json,bicycle_4_n100_s42_c0.0_p110000_voxels_farthestpose_i100_gteval_poseopt_pomodmcmc_steps15000,bicycle_4_n100_s42_c0.0_p110000_voxels_farthestpose,bicycle_4_n100_s42_c0.0_p110000_voxels_farthestpose_i100_gteval_poseopt_pomodmcmc_steps15000_val_step9999.json,0.857,0.067143,100,"{'rre': [0.5702331652206559, 0.6398621246249242, 0.7513421710424844, 0.6194715544308509, 1.1511585536681936, 0.8080846199296431, 1.1555969568462832, 1.077586543007674, 0.9886372257699532, 1.9156974971637841, 1.2296226353366522, 0.8437326574091922, 1.0912455486941406, 0.5169199480651567, 0.4300854086153968, 0.886163035460572, 2.014654181994793, 0.6116040820285388, 2.0093153250776434, 0.75001288227166, 1.5920735958746752, 3.782845519596949, 0.4051468443993654, 0.6857626914500576, 0.5201148598227281, 0.4681139487843257, 0.8666926682914202, 0.8028425959893888, 1.234329676443275, 0.6992685246485966, 0.6851616853467619, 0.691862471121414, 0.5509181674727295, 0.5329709062106566, 0.5966625295212562, 0.5815053408137072, 0.7642631704659736, 0.7620032329266441, 0.8799341886260564, 0.7486179564727967, 0.7698961330118659, 0.726215541614998, 0.6804534761903073, 0.7485546135965592, 1.0584288065617375, 0.7333968424734084, 0.5310467244606738, 0.995618249844959, 0.6759326843543721, 1.0816420564712321, 0.746507031143787, 1.0511773921702816, 0.4241742123235541, 0.6131935348900102, 0.6880321348434675, 0.12704859548119596, 0.8270470883416499, 0.6746298451457289, 0.26913549141438114, 1.1982807137961042, 0.6518952253926706, 1.035643292518096, 0.7446446395911542, 0.7388156839666352, 0.6335973697680042, 0.5636013021688472, 0.5484498488578985, 0.41852890241202173, 0.4128564308434616, 0.6214316968154178, 1.2766293534924091, 0.7946718657029374, 0.8257372258418187, 0.7572851948600626, 1.0258555630859314, 1.0265366253876587, 1.058950268311012, 1.1606524506115725, 1.1648246417442132, 0.8126551961013895, 0.8966091127122138, 0.7057708256355874, 0.7284938080073016, 0.9779361963791331, 0.879805145941009, 1.1763610828157316, 0.819943836355188, 1.1343707221929085, 0.6919027926839055, 1.6651972887184225, 1.7955198130121162, 1.2468173225708346, 0.301950661310069, 0.6281520201195858, 0.6917897834304836, 0.47550715148524136, 0.5531822064922434, 0.5358137127444751, 0.5612685252041151, 0.4308457978578191], 'rte': [0.025064340226069484, 0.04656750785914643, 0.05878842373195873, 0.06642845567853538, 0.08857334857482903, 0.03579572157287491, 0.053358305488281535, 0.018815196959131218, 0.02371843124112395, 0.2913726187814795, 0.03252192516261807, 0.042276921664020535, 0.04832578556635411, 0.1217679125181239, 0.1899363717970124, 0.05079956931268367, 0.2084685149666383, 0.04521510390796346, 0.21365774578406208, 0.03552973626689557, 0.17500167995515525, 0.7077886079401978, 0.01634943699752562, 0.14297443608600502, 0.04878469813840216, 0.02473656513056165, 0.07416474849157974, 0.02606950670984292, 0.09877349591665002, 0.01679016361035569, 0.06735561702156166, 0.06087382987420992, 0.02149376363590266, 0.018109983699006328, 0.015794963128495383, 0.02536958174934321, 0.04108155299597359, 0.043044978506969596, 0.026589689479102646, 0.021174391210905162, 0.021818147270393676, 0.03519912386077605, 0.04741056012997579, 0.019794737022947907, 0.03953789801686568, 0.11305051254248562, 0.08552007226202038, 0.07002185300535692, 0.09984215132082916, 0.07224994630213391, 0.08537979511546097, 0.07103197987031884, 0.03887426378811211, 0.0550991605416222, 0.14027532915274635, 0.056632145169833725, 0.05168508313631055, 0.06907575985666609, 0.08126786210207596, 0.05488668873562424, 0.03398536509216263, 0.029181762555162118, 0.01889309298784043, 0.062276842804681556, 0.01302066887431064, 0.07840091620052818, 0.004714305034870413, 0.04272181557567167, 0.0340203779440706, 0.024740316204006643, 0.06306433340055026, 0.05636720837932761, 0.03105992958448109, 0.014997670516874652, 0.028439169830885673, 0.026310587370008038, 0.044010355397294816, 0.05752352667288197, 0.051376013625255824, 0.015541247778880742, 0.05768495924168229, 0.09620901253349574, 0.043139934943548515, 0.026827971679933782, 0.09614628311363996, 0.08290512190588661, 0.05896066142721167, 0.11290248786972007, 0.028497163072304654, 0.10680181574903869, 0.10165788014175951, 0.07007511991968764, 0.10056611400770846, 0.06819583912818233, 0.07005276048066864, 0.04216141237422975, 0.025489237823650132, 0.03812402386636173, 0.03938313111601408, 0.039890671646863225]}",/home/ojab2/work/git/vggt/vggt_outputs/bicycle_4_n100_s42_c0.0_p110000_voxels_farthestpose/eval_results.json,vggt | mcmc | Pose Opt,10000.0
vggt,100,42,0.0,110000,voxels,farthestpose,100,GT Eval,,,,Pose Opt,mcmc,,,,0.0,,vggt,,,15000,15000,,MCMC,,,,,,,,,,gsplat,17.392414093017578,0.379537433385849,0.26519981026649475,1000000,0.01406400091946125,0.7225999236106873,0.14931973305671847,107546,/home/ojab2/work/git/gsplat/results/vggt_outputs/bicycle_4_n100_s42_c0.0_p110000_voxels_farthestpose_i100_gteval_poseopt_pomodmcmc_steps15000/stats/val_step14999.json,/home/ojab2/work/git/gsplat/results/vggt_outputs/bicycle_4_n100_s42_c0.0_p110000_voxels_farthestpose_i100_gteval_poseopt_pomodmcmc_steps15000/stats/val_step14999.json,bicycle_4_n100_s42_c0.0_p110000_voxels_farthestpose_i100_gteval_poseopt_pomodmcmc_steps15000,bicycle_4_n100_s42_c0.0_p110000_voxels_farthestpose,bicycle_4_n100_s42_c0.0_p110000_voxels_farthestpose_i100_gteval_poseopt_pomodmcmc_steps15000_val_step14999.json,0.857,0.067143,100,"{'rre': [0.5702331652206559, 0.6398621246249242, 0.7513421710424844, 0.6194715544308509, 1.1511585536681936, 0.8080846199296431, 1.1555969568462832, 1.077586543007674, 0.9886372257699532, 1.9156974971637841, 1.2296226353366522, 0.8437326574091922, 1.0912455486941406, 0.5169199480651567, 0.4300854086153968, 0.886163035460572, 2.014654181994793, 0.6116040820285388, 2.0093153250776434, 0.75001288227166, 1.5920735958746752, 3.782845519596949, 0.4051468443993654, 0.6857626914500576, 0.5201148598227281, 0.4681139487843257, 0.8666926682914202, 0.8028425959893888, 1.234329676443275, 0.6992685246485966, 0.6851616853467619, 0.691862471121414, 0.5509181674727295, 0.5329709062106566, 0.5966625295212562, 0.5815053408137072, 0.7642631704659736, 0.7620032329266441, 0.8799341886260564, 0.7486179564727967, 0.7698961330118659, 0.726215541614998, 0.6804534761903073, 0.7485546135965592, 1.0584288065617375, 0.7333968424734084, 0.5310467244606738, 0.995618249844959, 0.6759326843543721, 1.0816420564712321, 0.746507031143787, 1.0511773921702816, 0.4241742123235541, 0.6131935348900102, 0.6880321348434675, 0.12704859548119596, 0.8270470883416499, 0.6746298451457289, 0.26913549141438114, 1.1982807137961042, 0.6518952253926706, 1.035643292518096, 0.7446446395911542, 0.7388156839666352, 0.6335973697680042, 0.5636013021688472, 0.5484498488578985, 0.41852890241202173, 0.4128564308434616, 0.6214316968154178, 1.2766293534924091, 0.7946718657029374, 0.8257372258418187, 0.7572851948600626, 1.0258555630859314, 1.0265366253876587, 1.058950268311012, 1.1606524506115725, 1.1648246417442132, 0.8126551961013895, 0.8966091127122138, 0.7057708256355874, 0.7284938080073016, 0.9779361963791331, 0.879805145941009, 1.1763610828157316, 0.819943836355188, 1.1343707221929085, 0.6919027926839055, 1.6651972887184225, 1.7955198130121162, 1.2468173225708346, 0.301950661310069, 0.6281520201195858, 0.6917897834304836, 0.47550715148524136, 0.5531822064922434, 0.5358137127444751, 0.5612685252041151, 0.4308457978578191], 'rte': [0.025064340226069484, 0.04656750785914643, 0.05878842373195873, 0.06642845567853538, 0.08857334857482903, 0.03579572157287491, 0.053358305488281535, 0.018815196959131218, 0.02371843124112395, 0.2913726187814795, 0.03252192516261807, 0.042276921664020535, 0.04832578556635411, 0.1217679125181239, 0.1899363717970124, 0.05079956931268367, 0.2084685149666383, 0.04521510390796346, 0.21365774578406208, 0.03552973626689557, 0.17500167995515525, 0.7077886079401978, 0.01634943699752562, 0.14297443608600502, 0.04878469813840216, 0.02473656513056165, 0.07416474849157974, 0.02606950670984292, 0.09877349591665002, 0.01679016361035569, 0.06735561702156166, 0.06087382987420992, 0.02149376363590266, 0.018109983699006328, 0.015794963128495383, 0.02536958174934321, 0.04108155299597359, 0.043044978506969596, 0.026589689479102646, 0.021174391210905162, 0.021818147270393676, 0.03519912386077605, 0.04741056012997579, 0.019794737022947907, 0.03953789801686568, 0.11305051254248562, 0.08552007226202038, 0.07002185300535692, 0.09984215132082916, 0.07224994630213391, 0.08537979511546097, 0.07103197987031884, 0.03887426378811211, 0.0550991605416222, 0.14027532915274635, 0.056632145169833725, 0.05168508313631055, 0.06907575985666609, 0.08126786210207596, 0.05488668873562424, 0.03398536509216263, 0.029181762555162118, 0.01889309298784043, 0.062276842804681556, 0.01302066887431064, 0.07840091620052818, 0.004714305034870413, 0.04272181557567167, 0.0340203779440706, 0.024740316204006643, 0.06306433340055026, 0.05636720837932761, 0.03105992958448109, 0.014997670516874652, 0.028439169830885673, 0.026310587370008038, 0.044010355397294816, 0.05752352667288197, 0.051376013625255824, 0.015541247778880742, 0.05768495924168229, 0.09620901253349574, 0.043139934943548515, 0.026827971679933782, 0.09614628311363996, 0.08290512190588661, 0.05896066142721167, 0.11290248786972007, 0.028497163072304654, 0.10680181574903869, 0.10165788014175951, 0.07007511991968764, 0.10056611400770846, 0.06819583912818233, 0.07005276048066864, 0.04216141237422975, 0.025489237823650132, 0.03812402386636173, 0.03938313111601408, 0.039890671646863225]}",/home/ojab2/work/git/vggt/vggt_outputs/bicycle_4_n100_s42_c0.0_p110000_voxels_farthestpose/eval_results.json,vggt | mcmc | Pose Opt,15000.0
vggt,100,42,0.0,110000,voxels,farthestpose,100,GT Eval,,,,Pose Opt,sgld,,,,0.0,,vggt,,,1,15000,,MCMC,,,,,,,,,,gsplat,10.435906410217285,0.8617588877677917,0.07824800908565521,107546,0.015425998717546463,0.8568999767303467,-0.3865005864269784,107546,/home/ojab2/work/git/gsplat/results/vggt_outputs/bicycle_4_n100_s42_c0.0_p110000_voxels_farthestpose_i100_gteval_poseopt_pomodsgld_steps15000/stats/val_step0000.json,/home/ojab2/work/git/gsplat/results/vggt_outputs/bicycle_4_n100_s42_c0.0_p110000_voxels_farthestpose_i100_gteval_poseopt_pomodsgld_steps15000/stats/val_step0000.json,bicycle_4_n100_s42_c0.0_p110000_voxels_farthestpose_i100_gteval_poseopt_pomodsgld_steps15000,bicycle_4_n100_s42_c0.0_p110000_voxels_farthestpose,bicycle_4_n100_s42_c0.0_p110000_voxels_farthestpose_i100_gteval_poseopt_pomodsgld_steps15000_val_step0000.json,,,,,,vggt | sgld | Pose Opt,1.0
vggt,100,42,0.0,110000,voxels,farthestpose,100,GT Eval,,,,Pose Opt,sgld,,,,0.0,,vggt,,,3000,15000,,MCMC,,,,,,,,,,gsplat,18.146358489990234,0.7710636854171753,0.3305228352546692,346826,0.015941999852657318,0.7650999426841736,-0.040200605881996435,107546,/home/ojab2/work/git/gsplat/results/vggt_outputs/bicycle_4_n100_s42_c0.0_p110000_voxels_farthestpose_i100_gteval_poseopt_pomodsgld_steps15000/stats/val_step2999.json,/home/ojab2/work/git/gsplat/results/vggt_outputs/bicycle_4_n100_s42_c0.0_p110000_voxels_farthestpose_i100_gteval_poseopt_pomodsgld_steps15000/stats/val_step2999.json,bicycle_4_n100_s42_c0.0_p110000_voxels_farthestpose_i100_gteval_poseopt_pomodsgld_steps15000,bicycle_4_n100_s42_c0.0_p110000_voxels_farthestpose,bicycle_4_n100_s42_c0.0_p110000_voxels_farthestpose_i100_gteval_poseopt_pomodsgld_steps15000_val_step2999.json,0.857,0.067143,100,"{'rre': [0.5702331652206559, 0.6398621246249242, 0.7513421710424844, 0.6194715544308509, 1.1511585536681936, 0.8080846199296431, 1.1555969568462832, 1.077586543007674, 0.9886372257699532, 1.9156974971637841, 1.2296226353366522, 0.8437326574091922, 1.0912455486941406, 0.5169199480651567, 0.4300854086153968, 0.886163035460572, 2.014654181994793, 0.6116040820285388, 2.0093153250776434, 0.75001288227166, 1.5920735958746752, 3.782845519596949, 0.4051468443993654, 0.6857626914500576, 0.5201148598227281, 0.4681139487843257, 0.8666926682914202, 0.8028425959893888, 1.234329676443275, 0.6992685246485966, 0.6851616853467619, 0.691862471121414, 0.5509181674727295, 0.5329709062106566, 0.5966625295212562, 0.5815053408137072, 0.7642631704659736, 0.7620032329266441, 0.8799341886260564, 0.7486179564727967, 0.7698961330118659, 0.726215541614998, 0.6804534761903073, 0.7485546135965592, 1.0584288065617375, 0.7333968424734084, 0.5310467244606738, 0.995618249844959, 0.6759326843543721, 1.0816420564712321, 0.746507031143787, 1.0511773921702816, 0.4241742123235541, 0.6131935348900102, 0.6880321348434675, 0.12704859548119596, 0.8270470883416499, 0.6746298451457289, 0.26913549141438114, 1.1982807137961042, 0.6518952253926706, 1.035643292518096, 0.7446446395911542, 0.7388156839666352, 0.6335973697680042, 0.5636013021688472, 0.5484498488578985, 0.41852890241202173, 0.4128564308434616, 0.6214316968154178, 1.2766293534924091, 0.7946718657029374, 0.8257372258418187, 0.7572851948600626, 1.0258555630859314, 1.0265366253876587, 1.058950268311012, 1.1606524506115725, 1.1648246417442132, 0.8126551961013895, 0.8966091127122138, 0.7057708256355874, 0.7284938080073016, 0.9779361963791331, 0.879805145941009, 1.1763610828157316, 0.819943836355188, 1.1343707221929085, 0.6919027926839055, 1.6651972887184225, 1.7955198130121162, 1.2468173225708346, 0.301950661310069, 0.6281520201195858, 0.6917897834304836, 0.47550715148524136, 0.5531822064922434, 0.5358137127444751, 0.5612685252041151, 0.4308457978578191], 'rte': [0.025064340226069484, 0.04656750785914643, 0.05878842373195873, 0.06642845567853538, 0.08857334857482903, 0.03579572157287491, 0.053358305488281535, 0.018815196959131218, 0.02371843124112395, 0.2913726187814795, 0.03252192516261807, 0.042276921664020535, 0.04832578556635411, 0.1217679125181239, 0.1899363717970124, 0.05079956931268367, 0.2084685149666383, 0.04521510390796346, 0.21365774578406208, 0.03552973626689557, 0.17500167995515525, 0.7077886079401978, 0.01634943699752562, 0.14297443608600502, 0.04878469813840216, 0.02473656513056165, 0.07416474849157974, 0.02606950670984292, 0.09877349591665002, 0.01679016361035569, 0.06735561702156166, 0.06087382987420992, 0.02149376363590266, 0.018109983699006328, 0.015794963128495383, 0.02536958174934321, 0.04108155299597359, 0.043044978506969596, 0.026589689479102646, 0.021174391210905162, 0.021818147270393676, 0.03519912386077605, 0.04741056012997579, 0.019794737022947907, 0.03953789801686568, 0.11305051254248562, 0.08552007226202038, 0.07002185300535692, 0.09984215132082916, 0.07224994630213391, 0.08537979511546097, 0.07103197987031884, 0.03887426378811211, 0.0550991605416222, 0.14027532915274635, 0.056632145169833725, 0.05168508313631055, 0.06907575985666609, 0.08126786210207596, 0.05488668873562424, 0.03398536509216263, 0.029181762555162118, 0.01889309298784043, 0.062276842804681556, 0.01302066887431064, 0.07840091620052818, 0.004714305034870413, 0.04272181557567167, 0.0340203779440706, 0.024740316204006643, 0.06306433340055026, 0.05636720837932761, 0.03105992958448109, 0.014997670516874652, 0.028439169830885673, 0.026310587370008038, 0.044010355397294816, 0.05752352667288197, 0.051376013625255824, 0.015541247778880742, 0.05768495924168229, 0.09620901253349574, 0.043139934943548515, 0.026827971679933782, 0.09614628311363996, 0.08290512190588661, 0.05896066142721167, 0.11290248786972007, 0.028497163072304654, 0.10680181574903869, 0.10165788014175951, 0.07007511991968764, 0.10056611400770846, 0.06819583912818233, 0.07005276048066864, 0.04216141237422975, 0.025489237823650132, 0.03812402386636173, 0.03938313111601408, 0.039890671646863225]}",/home/ojab2/work/git/vggt/vggt_outputs/bicycle_4_n100_s42_c0.0_p110000_voxels_farthestpose/eval_results.json,vggt | sgld | Pose Opt,3000.0
vggt,100,42,0.0,110000,voxels,farthestpose,100,GT Eval,,,,Pose Opt,sgld,,,,0.0,,vggt,,,7000,15000,,MCMC,,,,,,,,,,gsplat,17.52858543395996,0.516057014465332,0.2941177785396576,1000000,0.015572000294923782,0.7764999866485596,0.08448117076769679,107546,/home/ojab2/work/git/gsplat/results/vggt_outputs/bicycle_4_n100_s42_c0.0_p110000_voxels_farthestpose_i100_gteval_poseopt_pomodsgld_steps15000/stats/val_step6999.json,/home/ojab2/work/git/gsplat/results/vggt_outputs/bicycle_4_n100_s42_c0.0_p110000_voxels_farthestpose_i100_gteval_poseopt_pomodsgld_steps15000/stats/val_step6999.json,bicycle_4_n100_s42_c0.0_p110000_voxels_farthestpose_i100_gteval_poseopt_pomodsgld_steps15000,bicycle_4_n100_s42_c0.0_p110000_voxels_farthestpose,bicycle_4_n100_s42_c0.0_p110000_voxels_farthestpose_i100_gteval_poseopt_pomodsgld_steps15000_val_step6999.json,0.857,0.067143,100,"{'rre': [0.5702331652206559, 0.6398621246249242, 0.7513421710424844, 0.6194715544308509, 1.1511585536681936, 0.8080846199296431, 1.1555969568462832, 1.077586543007674, 0.9886372257699532, 1.9156974971637841, 1.2296226353366522, 0.8437326574091922, 1.0912455486941406, 0.5169199480651567, 0.4300854086153968, 0.886163035460572, 2.014654181994793, 0.6116040820285388, 2.0093153250776434, 0.75001288227166, 1.5920735958746752, 3.782845519596949, 0.4051468443993654, 0.6857626914500576, 0.5201148598227281, 0.4681139487843257, 0.8666926682914202, 0.8028425959893888, 1.234329676443275, 0.6992685246485966, 0.6851616853467619, 0.691862471121414, 0.5509181674727295, 0.5329709062106566, 0.5966625295212562, 0.5815053408137072, 0.7642631704659736, 0.7620032329266441, 0.8799341886260564, 0.7486179564727967, 0.7698961330118659, 0.726215541614998, 0.6804534761903073, 0.7485546135965592, 1.0584288065617375, 0.7333968424734084, 0.5310467244606738, 0.995618249844959, 0.6759326843543721, 1.0816420564712321, 0.746507031143787, 1.0511773921702816, 0.4241742123235541, 0.6131935348900102, 0.6880321348434675, 0.12704859548119596, 0.8270470883416499, 0.6746298451457289, 0.26913549141438114, 1.1982807137961042, 0.6518952253926706, 1.035643292518096, 0.7446446395911542, 0.7388156839666352, 0.6335973697680042, 0.5636013021688472, 0.5484498488578985, 0.41852890241202173, 0.4128564308434616, 0.6214316968154178, 1.2766293534924091, 0.7946718657029374, 0.8257372258418187, 0.7572851948600626, 1.0258555630859314, 1.0265366253876587, 1.058950268311012, 1.1606524506115725, 1.1648246417442132, 0.8126551961013895, 0.8966091127122138, 0.7057708256355874, 0.7284938080073016, 0.9779361963791331, 0.879805145941009, 1.1763610828157316, 0.819943836355188, 1.1343707221929085, 0.6919027926839055, 1.6651972887184225, 1.7955198130121162, 1.2468173225708346, 0.301950661310069, 0.6281520201195858, 0.6917897834304836, 0.47550715148524136, 0.5531822064922434, 0.5358137127444751, 0.5612685252041151, 0.4308457978578191], 'rte': [0.025064340226069484, 0.04656750785914643, 0.05878842373195873, 0.06642845567853538, 0.08857334857482903, 0.03579572157287491, 0.053358305488281535, 0.018815196959131218, 0.02371843124112395, 0.2913726187814795, 0.03252192516261807, 0.042276921664020535, 0.04832578556635411, 0.1217679125181239, 0.1899363717970124, 0.05079956931268367, 0.2084685149666383, 0.04521510390796346, 0.21365774578406208, 0.03552973626689557, 0.17500167995515525, 0.7077886079401978, 0.01634943699752562, 0.14297443608600502, 0.04878469813840216, 0.02473656513056165, 0.07416474849157974, 0.02606950670984292, 0.09877349591665002, 0.01679016361035569, 0.06735561702156166, 0.06087382987420992, 0.02149376363590266, 0.018109983699006328, 0.015794963128495383, 0.02536958174934321, 0.04108155299597359, 0.043044978506969596, 0.026589689479102646, 0.021174391210905162, 0.021818147270393676, 0.03519912386077605, 0.04741056012997579, 0.019794737022947907, 0.03953789801686568, 0.11305051254248562, 0.08552007226202038, 0.07002185300535692, 0.09984215132082916, 0.07224994630213391, 0.08537979511546097, 0.07103197987031884, 0.03887426378811211, 0.0550991605416222, 0.14027532915274635, 0.056632145169833725, 0.05168508313631055, 0.06907575985666609, 0.08126786210207596, 0.05488668873562424, 0.03398536509216263, 0.029181762555162118, 0.01889309298784043, 0.062276842804681556, 0.01302066887431064, 0.07840091620052818, 0.004714305034870413, 0.04272181557567167, 0.0340203779440706, 0.024740316204006643, 0.06306433340055026, 0.05636720837932761, 0.03105992958448109, 0.014997670516874652, 0.028439169830885673, 0.026310587370008038, 0.044010355397294816, 0.05752352667288197, 0.051376013625255824, 0.015541247778880742, 0.05768495924168229, 0.09620901253349574, 0.043139934943548515, 0.026827971679933782, 0.09614628311363996, 0.08290512190588661, 0.05896066142721167, 0.11290248786972007, 0.028497163072304654, 0.10680181574903869, 0.10165788014175951, 0.07007511991968764, 0.10056611400770846, 0.06819583912818233, 0.07005276048066864, 0.04216141237422975, 0.025489237823650132, 0.03812402386636173, 0.03938313111601408, 0.039890671646863225]}",/home/ojab2/work/git/vggt/vggt_outputs/bicycle_4_n100_s42_c0.0_p110000_voxels_farthestpose/eval_results.json,vggt | sgld | Pose Opt,7000.0
vggt,100,42,0.0,110000,voxels,farthestpose,100,GT Eval,,,,Pose Opt,sgld,,,,0.0,,vggt,,,10000,15000,,MCMC,,,,,,,,,,gsplat,17.377059936523438,0.42750585079193115,0.2766352593898773,1000000,0.015269000083208084,0.767000138759613,0.1261126597722372,107546,/home/ojab2/work/git/gsplat/results/vggt_outputs/bicycle_4_n100_s42_c0.0_p110000_voxels_farthestpose_i100_gteval_poseopt_pomodsgld_steps15000/stats/val_step9999.json,/home/ojab2/work/git/gsplat/results/vggt_outputs/bicycle_4_n100_s42_c0.0_p110000_voxels_farthestpose_i100_gteval_poseopt_pomodsgld_steps15000/stats/val_step9999.json,bicycle_4_n100_s42_c0.0_p110000_voxels_farthestpose_i100_gteval_poseopt_pomodsgld_steps15000,bicycle_4_n100_s42_c0.0_p110000_voxels_farthestpose,bicycle_4_n100_s42_c0.0_p110000_voxels_farthestpose_i100_gteval_poseopt_pomodsgld_steps15000_val_step9999.json,0.857,0.067143,100,"{'rre': [0.5702331652206559, 0.6398621246249242, 0.7513421710424844, 0.6194715544308509, 1.1511585536681936, 0.8080846199296431, 1.1555969568462832, 1.077586543007674, 0.9886372257699532, 1.9156974971637841, 1.2296226353366522, 0.8437326574091922, 1.0912455486941406, 0.5169199480651567, 0.4300854086153968, 0.886163035460572, 2.014654181994793, 0.6116040820285388, 2.0093153250776434, 0.75001288227166, 1.5920735958746752, 3.782845519596949, 0.4051468443993654, 0.6857626914500576, 0.5201148598227281, 0.4681139487843257, 0.8666926682914202, 0.8028425959893888, 1.234329676443275, 0.6992685246485966, 0.6851616853467619, 0.691862471121414, 0.5509181674727295, 0.5329709062106566, 0.5966625295212562, 0.5815053408137072, 0.7642631704659736, 0.7620032329266441, 0.8799341886260564, 0.7486179564727967, 0.7698961330118659, 0.726215541614998, 0.6804534761903073, 0.7485546135965592, 1.0584288065617375, 0.7333968424734084, 0.5310467244606738, 0.995618249844959, 0.6759326843543721, 1.0816420564712321, 0.746507031143787, 1.0511773921702816, 0.4241742123235541, 0.6131935348900102, 0.6880321348434675, 0.12704859548119596, 0.8270470883416499, 0.6746298451457289, 0.26913549141438114, 1.1982807137961042, 0.6518952253926706, 1.035643292518096, 0.7446446395911542, 0.7388156839666352, 0.6335973697680042, 0.5636013021688472, 0.5484498488578985, 0.41852890241202173, 0.4128564308434616, 0.6214316968154178, 1.2766293534924091, 0.7946718657029374, 0.8257372258418187, 0.7572851948600626, 1.0258555630859314, 1.0265366253876587, 1.058950268311012, 1.1606524506115725, 1.1648246417442132, 0.8126551961013895, 0.8966091127122138, 0.7057708256355874, 0.7284938080073016, 0.9779361963791331, 0.879805145941009, 1.1763610828157316, 0.819943836355188, 1.1343707221929085, 0.6919027926839055, 1.6651972887184225, 1.7955198130121162, 1.2468173225708346, 0.301950661310069, 0.6281520201195858, 0.6917897834304836, 0.47550715148524136, 0.5531822064922434, 0.5358137127444751, 0.5612685252041151, 0.4308457978578191], 'rte': [0.025064340226069484, 0.04656750785914643, 0.05878842373195873, 0.06642845567853538, 0.08857334857482903, 0.03579572157287491, 0.053358305488281535, 0.018815196959131218, 0.02371843124112395, 0.2913726187814795, 0.03252192516261807, 0.042276921664020535, 0.04832578556635411, 0.1217679125181239, 0.1899363717970124, 0.05079956931268367, 0.2084685149666383, 0.04521510390796346, 0.21365774578406208, 0.03552973626689557, 0.17500167995515525, 0.7077886079401978, 0.01634943699752562, 0.14297443608600502, 0.04878469813840216, 0.02473656513056165, 0.07416474849157974, 0.02606950670984292, 0.09877349591665002, 0.01679016361035569, 0.06735561702156166, 0.06087382987420992, 0.02149376363590266, 0.018109983699006328, 0.015794963128495383, 0.02536958174934321, 0.04108155299597359, 0.043044978506969596, 0.026589689479102646, 0.021174391210905162, 0.021818147270393676, 0.03519912386077605, 0.04741056012997579, 0.019794737022947907, 0.03953789801686568, 0.11305051254248562, 0.08552007226202038, 0.07002185300535692, 0.09984215132082916, 0.07224994630213391, 0.08537979511546097, 0.07103197987031884, 0.03887426378811211, 0.0550991605416222, 0.14027532915274635, 0.056632145169833725, 0.05168508313631055, 0.06907575985666609, 0.08126786210207596, 0.05488668873562424, 0.03398536509216263, 0.029181762555162118, 0.01889309298784043, 0.062276842804681556, 0.01302066887431064, 0.07840091620052818, 0.004714305034870413, 0.04272181557567167, 0.0340203779440706, 0.024740316204006643, 0.06306433340055026, 0.05636720837932761, 0.03105992958448109, 0.014997670516874652, 0.028439169830885673, 0.026310587370008038, 0.044010355397294816, 0.05752352667288197, 0.051376013625255824, 0.015541247778880742, 0.05768495924168229, 0.09620901253349574, 0.043139934943548515, 0.026827971679933782, 0.09614628311363996, 0.08290512190588661, 0.05896066142721167, 0.11290248786972007, 0.028497163072304654, 0.10680181574903869, 0.10165788014175951, 0.07007511991968764, 0.10056611400770846, 0.06819583912818233, 0.07005276048066864, 0.04216141237422975, 0.025489237823650132, 0.03812402386636173, 0.03938313111601408, 0.039890671646863225]}",/home/ojab2/work/git/vggt/vggt_outputs/bicycle_4_n100_s42_c0.0_p110000_voxels_farthestpose/eval_results.json,vggt | sgld | Pose Opt,10000.0
vggt,100,42,0.0,110000,voxels,farthestpose,100,GT Eval,,,,Pose Opt,sgld,,,,0.0,,vggt,,,15000,15000,,MCMC,,,,,,,,,,gsplat,17.313405990600586,0.39069464802742004,0.2681864798069,1000000,0.015076999552547932,0.7608000040054321,0.14271604089166845,107546,/home/ojab2/work/git/gsplat/results/vggt_outputs/bicycle_4_n100_s42_c0.0_p110000_voxels_farthestpose_i100_gteval_poseopt_pomodsgld_steps15000/stats/val_step14999.json,/home/ojab2/work/git/gsplat/results/vggt_outputs/bicycle_4_n100_s42_c0.0_p110000_voxels_farthestpose_i100_gteval_poseopt_pomodsgld_steps15000/stats/val_step14999.json,bicycle_4_n100_s42_c0.0_p110000_voxels_farthestpose_i100_gteval_poseopt_pomodsgld_steps15000,bicycle_4_n100_s42_c0.0_p110000_voxels_farthestpose,bicycle_4_n100_s42_c0.0_p110000_voxels_farthestpose_i100_gteval_poseopt_pomodsgld_steps15000_val_step14999.json,0.857,0.067143,100,"{'rre': [0.5702331652206559, 0.6398621246249242, 0.7513421710424844, 0.6194715544308509, 1.1511585536681936, 0.8080846199296431, 1.1555969568462832, 1.077586543007674, 0.9886372257699532, 1.9156974971637841, 1.2296226353366522, 0.8437326574091922, 1.0912455486941406, 0.5169199480651567, 0.4300854086153968, 0.886163035460572, 2.014654181994793, 0.6116040820285388, 2.0093153250776434, 0.75001288227166, 1.5920735958746752, 3.782845519596949, 0.4051468443993654, 0.6857626914500576, 0.5201148598227281, 0.4681139487843257, 0.8666926682914202, 0.8028425959893888, 1.234329676443275, 0.6992685246485966, 0.6851616853467619, 0.691862471121414, 0.5509181674727295, 0.5329709062106566, 0.5966625295212562, 0.5815053408137072, 0.7642631704659736, 0.7620032329266441, 0.8799341886260564, 0.7486179564727967, 0.7698961330118659, 0.726215541614998, 0.6804534761903073, 0.7485546135965592, 1.0584288065617375, 0.7333968424734084, 0.5310467244606738, 0.995618249844959, 0.6759326843543721, 1.0816420564712321, 0.746507031143787, 1.0511773921702816, 0.4241742123235541, 0.6131935348900102, 0.6880321348434675, 0.12704859548119596, 0.8270470883416499, 0.6746298451457289, 0.26913549141438114, 1.1982807137961042, 0.6518952253926706, 1.035643292518096, 0.7446446395911542, 0.7388156839666352, 0.6335973697680042, 0.5636013021688472, 0.5484498488578985, 0.41852890241202173, 0.4128564308434616, 0.6214316968154178, 1.2766293534924091, 0.7946718657029374, 0.8257372258418187, 0.7572851948600626, 1.0258555630859314, 1.0265366253876587, 1.058950268311012, 1.1606524506115725, 1.1648246417442132, 0.8126551961013895, 0.8966091127122138, 0.7057708256355874, 0.7284938080073016, 0.9779361963791331, 0.879805145941009, 1.1763610828157316, 0.819943836355188, 1.1343707221929085, 0.6919027926839055, 1.6651972887184225, 1.7955198130121162, 1.2468173225708346, 0.301950661310069, 0.6281520201195858, 0.6917897834304836, 0.47550715148524136, 0.5531822064922434, 0.5358137127444751, 0.5612685252041151, 0.4308457978578191], 'rte': [0.025064340226069484, 0.04656750785914643, 0.05878842373195873, 0.06642845567853538, 0.08857334857482903, 0.03579572157287491, 0.053358305488281535, 0.018815196959131218, 0.02371843124112395, 0.2913726187814795, 0.03252192516261807, 0.042276921664020535, 0.04832578556635411, 0.1217679125181239, 0.1899363717970124, 0.05079956931268367, 0.2084685149666383, 0.04521510390796346, 0.21365774578406208, 0.03552973626689557, 0.17500167995515525, 0.7077886079401978, 0.01634943699752562, 0.14297443608600502, 0.04878469813840216, 0.02473656513056165, 0.07416474849157974, 0.02606950670984292, 0.09877349591665002, 0.01679016361035569, 0.06735561702156166, 0.06087382987420992, 0.02149376363590266, 0.018109983699006328, 0.015794963128495383, 0.02536958174934321, 0.04108155299597359, 0.043044978506969596, 0.026589689479102646, 0.021174391210905162, 0.021818147270393676, 0.03519912386077605, 0.04741056012997579, 0.019794737022947907, 0.03953789801686568, 0.11305051254248562, 0.08552007226202038, 0.07002185300535692, 0.09984215132082916, 0.07224994630213391, 0.08537979511546097, 0.07103197987031884, 0.03887426378811211, 0.0550991605416222, 0.14027532915274635, 0.056632145169833725, 0.05168508313631055, 0.06907575985666609, 0.08126786210207596, 0.05488668873562424, 0.03398536509216263, 0.029181762555162118, 0.01889309298784043, 0.062276842804681556, 0.01302066887431064, 0.07840091620052818, 0.004714305034870413, 0.04272181557567167, 0.0340203779440706, 0.024740316204006643, 0.06306433340055026, 0.05636720837932761, 0.03105992958448109, 0.014997670516874652, 0.028439169830885673, 0.026310587370008038, 0.044010355397294816, 0.05752352667288197, 0.051376013625255824, 0.015541247778880742, 0.05768495924168229, 0.09620901253349574, 0.043139934943548515, 0.026827971679933782, 0.09614628311363996, 0.08290512190588661, 0.05896066142721167, 0.11290248786972007, 0.028497163072304654, 0.10680181574903869, 0.10165788014175951, 0.07007511991968764, 0.10056611400770846, 0.06819583912818233, 0.07005276048066864, 0.04216141237422975, 0.025489237823650132, 0.03812402386636173, 0.03938313111601408, 0.039890671646863225]}",/home/ojab2/work/git/vggt/vggt_outputs/bicycle_4_n100_s42_c0.0_p110000_voxels_farthestpose/eval_results.json,vggt | sgld | Pose Opt,15000.0
